Date,Close,High,Low,Open,Volume
1995-01-03,0.28475478291511536,0.2884647051965696,0.2810448606336611,0.2884647051965696,103868800
1995-01-04,0.2921754717826843,0.2940304205533423,0.28660975859120263,0.28660975859120263,158681600
1995-01-05,0.2884647846221924,0.2921755500368808,0.287537297604459,0.2912472209074001,73640000
1995-01-06,0.31165340542793274,0.3200015546411758,0.30516104720396936,0.3088709697273752,1076622400
1995-01-09,0.30574023723602295,0.3107258587563607,0.3042326596714781,0.308870910235932,274086400
1995-01-10,0.324175089597702,0.3264937684774356,0.30608839866312854,0.30608839866312854,614790400
1995-01-11,0.3469001054763794,0.35663865370545217,0.31675449730994354,0.3246389142887375,873824000
1995-01-12,0.3366970121860504,0.34411769882566245,0.33205962793197685,0.3422619079661186,551779200
1995-01-13,0.33298712968826294,0.3422619488400065,0.32927638963753975,0.3422619488400065,351377600
1995-01-16,0.33020374178886414,0.3357694784918711,0.3283487934369593,0.3329870188120433,188977600
1995-01-17,0.333914577960968,0.3376245002392502,0.3274213780544558,0.33020381357117107,330108800
1995-01-18,0.33855193853378296,0.33855193853378296,0.3320595816682302,0.3339145301578243,127657600
1995-01-19,0.34040695428848267,0.3413344411005441,0.3339145961400267,0.3376245186202854,314294400
1995-01-20,0.31629082560539246,0.3487551441716434,0.3153633387507829,0.3487551441716434,1000361600
1995-01-23,0.3135084807872772,0.31629094237837646,0.3042328410090285,0.3107260439641754,398540800
1995-01-24,0.3088708221912384,0.3144356909342221,0.3070158494315935,0.31350820455439965,218097600
1995-01-25,0.30411720275878906,0.3116534078692754,0.293102977763348,0.293102977763348,517070400
1995-01-26,0.29310303926467896,0.3079435499320989,0.2912472231034715,0.3033053222326963,246388800
1995-01-27,0.29588544368743896,0.29959536661858727,0.28939224263826396,0.29588544368743896,298569600
1995-01-30,0.2977403700351715,0.3005228058290835,0.29588542109522625,0.2977403700351715,230585600
1995-01-31,0.2995953857898712,0.30330530895841973,0.2968129496054578,0.3005228480060146,212777600
1995-02-01,0.2977403700351715,0.3023777795370169,0.29588542109522625,0.3023777795370169,158368000
1995-02-02,0.3088708221912384,0.3107257701829078,0.29774021782612736,0.29774021782612736,203582400
1995-02-03,0.3005228042602539,0.312580901106508,0.29959534217911704,0.3116534142573831,319211200
1995-02-06,0.3005228042602539,0.3023777779585038,0.2931029837712187,0.3023777779585038,243028800
1995-02-07,0.3028414845466614,0.3042327023240233,0.29681288243408854,0.29959531798881234,201600000
1995-02-08,0.31397220492362976,0.3144359360911114,0.3033053478157681,0.30423281015073145,402864000
1995-02-09,0.3237115442752838,0.3255665183055469,0.3125809570539303,0.3125809570539303,475395200
1995-02-10,0.3246390223503113,0.32788521442987983,0.32185658614953355,0.32371153536072145,350963200
1995-02-13,0.3255315124988556,0.3311116837198824,0.3218113900728099,0.32367146370387445,283371200
1995-02-14,0.3194863200187683,0.32832160794068166,0.31716042073757966,0.32553152224662146,165614400
1995-02-15,0.31669533252716064,0.32367141476151,0.31623032660774975,0.3218113414117072,184475200
1995-02-16,0.32134631276130676,0.32181131864782464,0.31716034084776357,0.32088128203871097,218780800
1995-02-17,0.31623029708862305,0.3199512630315166,0.31623029708862305,0.3190212264434312,121788800
1995-02-21,0.3050691485404968,0.31809040843522873,0.3041391366042745,0.3171603964990064,301582400
1995-02-22,0.30367404222488403,0.3050690846732429,0.29855887830220923,0.30227899977652517,293417600
1995-02-23,0.29902395606040955,0.31158018449797936,0.297628913392541,0.30600001382650516,314708800
1995-02-24,0.29018786549568176,0.30041904081069815,0.286467742914894,0.29855896710226204,568814400
1995-02-27,0.28460758924484253,0.2901877586432619,0.28356087285132114,0.28460758924484253,268811200
1995-02-28,0.2939087748527527,0.29669886003204354,0.28274756487280406,0.2864676867238851,222969600
1995-03-01,0.29762884974479675,0.2985588614337727,0.2933270427527509,0.2957687766946935,224448000
1995-03-02,0.29762884974479675,0.3032090192229552,0.2957687766946935,0.2985588614337727,268744000
1995-03-03,0.29948890209198,0.30274401755654573,0.2939087325368113,0.29576878077650887,145768000
1995-03-06,0.2957688868045807,0.29762896054715876,0.2939088378980875,0.2957688868045807,132720000
1995-03-07,0.2850726544857025,0.29669887080567364,0.2846076485509621,0.29669887080567364,150785600
1995-03-08,0.2943737804889679,0.29855890825390013,0.2808875160965662,0.28832773495553027,364873600
1995-03-09,0.2957688868045807,0.300419046324941,0.29297880102679846,0.29669892367586975,196683200
1995-03-10,0.2939087748527527,0.3004189818831246,0.29297873818096254,0.29483878668846325,137412800
1995-03-13,0.2836776673793793,0.29483885511349234,0.28274763049174984,0.29483885511349234,325752000
1995-03-14,0.2604252099990845,0.2846076822040118,0.2567050875730388,0.2846076822040118,727865600
1995-03-15,0.2604252099990845,0.269726348072993,0.2594951731835522,0.26414533242513016,730968000
1995-03-16,0.2622852325439453,0.26786627246932804,0.2604251839351222,0.2622852325439453,316736000
1995-03-17,0.26135531067848206,0.26414539697077116,0.25949523659289636,0.26414539697077116,215644800
1995-03-20,0.2622852325439453,0.2650753427113014,0.2604251839351222,0.2613552206575742,189884800
1995-03-21,0.2697262465953827,0.27344636762182783,0.262285160115974,0.26414523304723364,305368000
1995-03-22,0.2832125723361969,0.29390877645666114,0.2697263078572955,0.2697263078572955,479147200
1995-03-23,0.2762366235256195,0.2827476775780496,0.2751907509618061,0.28181764053554004,170094400
1995-03-24,0.2808874845504761,0.2818174962808485,0.27716651869414616,0.27809655526059535,128116800
1995-03-27,0.27670153975486755,0.2799574752267705,0.2725163872166261,0.2799574752267705,142800000
1995-03-28,0.2557750344276428,0.27042385221050924,0.2539149857514158,0.2697263308524139,689796800
1995-03-29,0.2557750344276428,0.25949515661617867,0.25205409264840667,0.25298410456847925,496876800
1995-03-30,0.2632153630256653,0.2641454000794034,0.2567051533216779,0.25763519037541605,273414400
1995-03-31,0.2622852325439453,0.2650753427113014,0.2585651353262991,0.2613552206575742,183243200
1995-04-03,0.26414528489112854,0.26600533335138654,0.2613551997827021,0.26414528489112854,154302400
1995-04-04,0.2520541846752167,0.2669363428804263,0.25019411048378126,0.26600546135761816,428198400
1995-04-05,0.25856515765190125,0.25856515765190125,0.2511240684752005,0.2539149984742078,264857600
1995-04-06,0.2734464704990387,0.28274760857294723,0.2643778478380341,0.2771665929250844,722825600
1995-04-07,0.2734464704990387,0.2762365561095521,0.269726348072993,0.27530651929401984,295724800
1995-04-10,0.2725164592266083,0.27530654509863783,0.2687963364518737,0.2743765330320185,117801600
1995-04-11,0.2808874845504761,0.2818174962808485,0.27251636069797686,0.27344639726442604,214513600
1995-04-12,0.29018786549568176,0.2948388445214743,0.27809664130831374,0.2846076940425423,474712000
1995-04-13,0.28460758924484253,0.29204780683070997,0.28181747970955756,0.29204780683070997,174361600
1995-04-17,0.2855377197265625,0.2929788096711411,0.281817596967729,0.28367767076518857,208812800
1995-04-18,0.27902665734291077,0.2873977839060741,0.27902665734291077,0.2864677470384686,231134400
1995-04-19,0.27065643668174744,0.2790266951150329,0.26507541996589284,0.2790266951150329,279428800
1995-04-20,0.27995747327804565,0.2864676801592305,0.272516385319697,0.27623650708552827,329504000
1995-04-21,0.29111775755882263,0.29390868632415995,0.2762364302102157,0.27716646660186844,666624000
1995-04-24,0.29018786549568176,0.2948388445214743,0.286467742914894,0.29018786549568176,272238400
1995-04-25,0.2808874845504761,0.29297870499661854,0.27716651869414616,0.29111781227318706,273638400
1995-04-26,0.28460758924484253,0.2883276856197386,0.2780965389081013,0.2799574315221095,230440000
1995-04-27,0.28181755542755127,0.28646771439967667,0.28088754350199174,0.28646771439967667,139865600
1995-04-28,0.28460758924484253,0.28553760092052893,0.27902655058378767,0.2827475162213192,195316800
1995-05-01,0.28460758924484253,0.2883276856197386,0.2827475162213192,0.28460758924484253,177956800
1995-05-02,0.2836776673793793,0.28553771631855274,0.2790266633504161,0.2846077042670087,120008000
1995-05-03,0.2836776673793793,0.2873977900938116,0.28274763049174984,0.2846077042670087,168784000
1995-05-04,0.2864677309989929,0.29669890588843373,0.28274760857294723,0.2846076822040118,303643200
1995-05-05,0.28925782442092896,0.2911178981022249,0.28367765304920933,0.288327787580281,208006400
1995-05-08,0.301349014043808,0.30506913614579867,0.29576884330886255,0.2966988800433806,386971200
1995-05-09,0.3069300055503845,0.30786001730189066,0.2976288697561524,0.3022790030219153,322929600
1995-05-10,0.3083251118659973,0.31158020334253345,0.3032091024022802,0.3087901178380504,275072000
1995-05-11,0.3050691485404968,0.3097201519927342,0.3004190143511384,0.3097201519927342,523622400
1995-05-12,0.3246014714241028,0.3250665022438088,0.3013490363398119,0.30413914674979864,647953600
1995-05-15,0.3246014714241028,0.3255315082274317,0.316230370275567,0.32088134904687027,393355200
1995-05-16,0.3255315124988556,0.33018167174043356,0.31623037442494706,0.3208813532572776,332516800
1995-05-17,0.3273915946483612,0.3301817053792134,0.3236714966793968,0.325531545663879,263144000
1995-05-18,0.32274144887924194,0.3283216204804895,0.32181141200033897,0.3283216204804895,371571200
1995-05-19,0.3180903494358063,0.3255314369887017,0.31716033767208257,0.31902123046224773,322593600
1995-05-22,0.3283214867115021,0.3283214867115021,0.3143701941296206,0.31623026712957153,371884800
1995-05-23,0.326461523771286,0.33018164590626076,0.3236714383790753,0.3283215724207326,276662400
1995-05-24,0.32367148995399475,0.32925166162757974,0.3190213303352836,0.32553153889982794,264667200
1995-05-25,0.32274144887924194,0.32739158360158654,0.31995136307861816,0.32181141200033897,182862400
1995-05-26,0.3185063600540161,0.32177132650914214,0.3152422154628001,0.32083873511590927,114553600
1995-05-30,0.31337690353393555,0.31990601240852357,0.30964646448694566,0.3180399585689126,196380800
1995-05-31,0.31011277437210083,0.31430953405967627,0.30591519282085067,0.31430953405967627,159532800
1995-06-01,0.31477588415145874,0.3171074121806785,0.3115117648345224,0.312444356122239,186726400
1995-06-02,0.31430956721305847,0.3161747745670876,0.30964651147054195,0.31244433495406687,105694400
1995-06-05,0.3245690166950226,0.3245690166950226,0.31430947037759155,0.3161746771569699,254654400
1995-06-06,0.3282994329929352,0.3310972805427787,0.3245690194030538,0.32550161034804664,315268800
1995-06-07,0.3217712342739105,0.32923211271092595,0.3217712342739105,0.32923211271092595,124521600
1995-06-08,0.3203723132610321,0.3236364568206193,0.3143095247324107,0.3236364568206193,136136000
1995-06-09,0.3245690166950226,0.326434223474401,0.32177116916852283,0.3255016076322344,186625600
1995-06-12,0.32958221435546875,0.3320298733467376,0.32736684388080106,0.3282994348310153,212116800
1995-06-13,0.3282994329929352,0.33296333410618945,0.32736684204794236,0.3320298714877715,125944000
1995-06-14,0.32550162076950073,0.3273668525291148,0.3236364139148425,0.3273668525291148,118048000
1995-06-15,0.32550162076950073,0.32643423664930776,0.3236364139148425,0.32550162076950073,92758400
1995-06-16,0.32736679911613464,0.3282993899388249,0.3245689768381605,0.32736679911613464,89208000
1995-06-19,0.3310973048210144,0.3376264132079666,0.3245690432025944,0.3273668660526377,469537600
1995-06-20,0.3534814715385437,0.35627929332381686,0.3432219282877007,0.3432219282877007,738528000
1995-06-21,0.36840420961380005,0.3740007024867067,0.34881857657515153,0.3553468386651699,626012800
1995-06-22,0.36653897166252136,0.37026941038605377,0.36280853293898896,0.3656063557553991,473916800
1995-06-23,0.36374109983444214,0.365606306492406,0.35627937662427245,0.36374109983444214,231963200
1995-06-26,0.35907816886901855,0.3618759922671056,0.35534688260121716,0.3600107849700348,152779200
1995-06-27,0.34602075815200806,0.3600107452734992,0.34602075815200806,0.35348163632754204,217100800
1995-06-28,0.3478858768939972,0.3544141374134267,0.3385589472271301,0.34322200112884516,266358400
1995-06-29,0.3525489866733551,0.35907809499601245,0.3432220555282057,0.34602072511922155,232556800
1995-06-30,0.34648701548576355,0.3572120360196278,0.3441546663363704,0.35254898144795155,165491200
1995-07-03,0.35021746158599854,0.3516163730061642,0.3450872646418763,0.3469533432405975,39390400
1995-07-05,0.3469533622264862,0.3572120631390462,0.3469533622264862,0.34975118521991927,177060800
1995-07-06,0.3506838083267212,0.3506838083267212,0.3413568515168412,0.346953369291198,184094400
1995-07-07,0.3628084659576416,0.36747149482245584,0.3488184827849294,0.349751098519873,387116800
1995-07-10,0.3628084659576416,0.37213539536058765,0.35907802792281907,0.3628084659576416,297931200
1995-07-11,0.3516163229942322,0.3628084844371333,0.3511500275554858,0.35627937700150897,214692800
1995-07-12,0.3506838083267212,0.35814466149280894,0.3441546994722025,0.3525490153920035,283808000
1995-07-13,0.3553467094898224,0.36374104726834144,0.35161627180804633,0.35348150310140913,352329600
1995-07-14,0.36374109983444214,0.365606306492406,0.35068373174542766,0.35348155418485006,277928000
1995-07-17,0.3656063675880432,0.37120201340196346,0.3628085446810831,0.3646737516507374,226161600
1995-07-18,0.35907816886901855,0.3698031668633396,0.3562794987022334,0.365606431766209,254632000
1995-07-19,0.33949166536331177,0.3581446835535364,0.3357612260980038,0.3506838299278806,521035200
1995-07-20,0.3511500656604767,0.35348159291712034,0.33576116888407476,0.3432220461433522,331273600
1995-07-21,0.32643431425094604,0.3348286312183791,0.3208386674517896,0.3208386674517896,757881600
1995-07-24,0.33855900168418884,0.3394916175955332,0.3264342476880127,0.3282994546057448,214625600
1995-07-25,0.3413568437099457,0.34602074539251776,0.34042425265111237,0.3432220756375284,263524800
1995-07-26,0.33855900168418884,0.34508726325368616,0.33855900168418884,0.34508726325368616,171449600
1995-07-27,0.3492848575115204,0.3544142078609964,0.339491630469845,0.339491630469845,325180800
1995-07-28,0.33949166536331177,0.3525490371080545,0.3357612260980038,0.34881859784274655,260937600
1995-07-31,0.33576107025146484,0.34042412339494155,0.33389586393704335,0.3394915077852565,158524800
1995-08-01,0.3245690166950226,0.33482853810749885,0.3245690166950226,0.33482853810749885,210918400
1995-08-02,0.3310973048210144,0.33576118137129984,0.3264342501343043,0.3273668660526377,275128000
1995-08-03,0.33576107025146484,0.34042412339494155,0.3273667577108932,0.32923196402531474,213931200
1995-08-04,0.33016467094421387,0.3366937789760318,0.3264342323787449,0.33576116310842574,192315200
1995-08-07,0.3236364722251892,0.33296340475734465,0.32177124012951186,0.32923211870230057,193760000
1995-08-08,0.31710726022720337,0.3264341897385621,0.3161746444814194,0.3255015739927781,234595200
1995-08-09,0.3217712342739105,0.3264342895232851,0.31710735716086147,0.31803997319172833,369017600
1995-08-10,0.3189725875854492,0.3227038738447741,0.31803999639151326,0.3217712577458765,164024000
1995-08-11,0.32130488753318787,0.32177118302186936,0.31244425214504873,0.31990597616218747,206931200
1995-08-14,0.3236364722251892,0.3264342954637449,0.3199060329387949,0.3208386489866335,167406400
1995-08-15,0.32876572012901306,0.32923201555436254,0.3217711393190561,0.3273668089480122,317867200
1995-08-16,0.33293628692626953,0.33293628692626953,0.3263902041470124,0.3291956646277021,292633600
1995-08-17,0.33387237787246704,0.34041846222119365,0.33013090559677405,0.33387237787246704,246892800
1995-08-18,0.3357425928115845,0.3376129164268651,0.32732536238157955,0.3357425928115845,241158400
1995-08-21,0.3301308751106262,0.33948326882930363,0.3301308751106262,0.33574264597932585,271779200
1995-08-22,0.33480727672576904,0.3376127356737433,0.33013064608424114,0.33200096869817725,217044800
1995-08-23,0.34041842818260193,0.34322388905540124,0.3338723444884211,0.3357426434126383,253803200
1995-08-24,0.34228864312171936,0.34602926502528913,0.3404183446564049,0.3413535063755326,287929600
1995-08-25,0.33480727672576904,0.3432236535696918,0.33387211541880096,0.3432236535696918,134344000
1995-08-28,0.3217144012451172,0.33667771251127093,0.3217144012451172,0.33574255082059035,243040000
1995-08-29,0.3226495683193207,0.3235847300979859,0.3179729602918341,0.321714431513598,317060800
1995-08-30,0.32451990246772766,0.32732536292234005,0.3226495788493572,0.3235847406585424,153473600
1995-08-31,0.3217144012451172,0.3254550230348992,0.3217144012451172,0.3245198613442187,87864000
1995-09-01,0.32124677300453186,0.32545498766883213,0.3207792046964707,0.32171436628553046,98380800
1995-09-05,0.32545503973960876,0.32545503973960876,0.31984324520046187,0.32545503973960876,179972800
1995-09-06,0.32732540369033813,0.3304819841214339,0.32545510481196743,0.3282605656159967,200760000
1995-09-07,0.33480727672576904,0.3390154651477304,0.32732518713626685,0.32919548477727306,262326400
1995-09-08,0.33480727672576904,0.3357424130598072,0.3329361050322154,0.33480727672576904,174776000
1995-09-11,0.33106595277786255,0.34041834411544647,0.33106595277786255,0.33574256050017925,172491200
1995-09-12,0.32124677300453186,0.33574251433661334,0.318908057411415,0.33293620546249786,326256000
1995-09-13,0.31703776121139526,0.32451985369455544,0.3142323011784248,0.3207792319929483,322750400
1995-09-14,0.29926905035972595,0.31142690368154863,0.29739872664688216,0.30955657996870484,550558400
1995-09-15,0.2684071362018585,0.2983337779179884,0.2656008275656537,0.27962899940040675,1211963200
1995-09-18,0.27448567748069763,0.2754208141160844,0.26840716448599394,0.2721477859463548,621488000
1995-09-19,0.2749532163143158,0.27775867586551395,0.2702774337470287,0.2749532163143158,490022400
1995-09-20,0.2740180492401123,0.2796289932014682,0.27308291272399865,0.27869383171241974,321809600
1995-09-21,0.2768235504627228,0.2805641720098433,0.27214779225852603,0.2730829538885408,347334400
1995-09-22,0.2772911787033081,0.2786939088386071,0.2721478265495645,0.2758884485680091,398641600
1995-09-25,0.2806815803050995,0.286292526820031,0.2796291204623657,0.28617605299916654,315212800
1995-09-26,0.27962908148765564,0.28337052775903476,0.27775875791904886,0.28243539094767406,250902400
1995-09-27,0.2712126076221466,0.2805641482102082,0.2599899198258085,0.2805641482102082,451236800
1995-09-28,0.28243541717529297,0.2833705540734927,0.2730830243025509,0.2730830243025509,331184000
1995-09-29,0.27869394421577454,0.286176038282452,0.27588848358905377,0.2843057145493416,283416000
1995-10-02,0.2815001606941223,0.2880462416461582,0.28056415005743374,0.28243532225096646,392000000
1995-10-03,0.2815001606941223,0.2880462416461582,0.27775869035983786,0.28524078194856234,289822400
1995-10-04,0.2721478044986725,0.2768235629131666,0.26934234445538807,0.2740181028698822,266772800
1995-10-05,0.273082971572876,0.2740181082905099,0.2684071880929458,0.27121264819172786,244070400
1995-10-06,0.26700359582901,0.27682355477164444,0.2665360274931939,0.27495325645544116,309041600
1995-10-09,0.2604575455188751,0.2674711962624783,0.25718449185656567,0.264665735965037,372568000
1995-10-10,0.25952231884002686,0.26186021016069544,0.2515726592482887,0.25718442751935827,400265600
1995-10-11,0.2609251141548157,0.26653605972788746,0.2553141935546859,0.2637305744548806,332875200
1995-10-12,0.2641982138156891,0.26466578228945375,0.25999002263296805,0.26186032150097305,162052800
1995-10-13,0.2693423330783844,0.2758884145605219,0.2656008624411158,0.2674711607333242,235188800
1995-10-16,0.27027761936187744,0.27682370446788324,0.26840732003428397,0.2712127815121504,182067200
1995-10-17,0.2740180492401123,0.2758883722182092,0.2684071302516912,0.27308291272399865,178617600
1995-10-18,0.27962908148765564,0.29599597352188206,0.2749532975390813,0.27682359613474544,512400000
1995-10-19,0.2599899172782898,0.2702774434231382,0.2599899172782898,0.2684071453130266,944899200
1995-10-20,0.26279547810554504,0.2637306150341582,0.2590548554722551,0.2637306150341582,386332800
1995-10-23,0.26279547810554504,0.26279547810554504,0.259990017373814,0.26279547810554504,197803200
1995-10-24,0.26279547810554504,0.26560093883727603,0.26092515430242713,0.26560093883727603,213494400
1995-10-25,0.2599899172782898,0.2646656750400368,0.2599899172782898,0.26373051349851295,133302400
1995-10-26,0.2609251141548157,0.2618602759124846,0.2581196538547508,0.2609251141548157,125865600
1995-10-27,0.2599899172782898,0.2609250538468775,0.2553141345436066,0.2609250538468775,154212800
1995-10-30,0.26373055577278137,0.26373055577278137,0.2590547972615411,0.26092509567144917,175638400
1995-10-31,0.2716802954673767,0.2740181878864454,0.26279549515141915,0.2637306321406887,289217600
1995-11-01,0.2740180492401123,0.2777586702233713,0.26560082167769783,0.2740180492401123,193233600
1995-11-02,0.2740180492401123,0.2758883722182092,0.27121258974590173,0.2758883722182092,152756800
1995-11-03,0.273082971572876,0.275888431671658,0.2684071880929458,0.27495326998108394,179435200
1995-11-06,0.28524088859558105,0.2899166481821206,0.27214787271639496,0.27308303462288125,311774400
1995-11-07,0.29646340012550354,0.3030094795386723,0.2805640841017942,0.2824352558554476,736388800
1995-11-08,0.29085174202919006,0.30675021493464044,0.28991658034153195,0.2973986729768797,358825600
1995-11-09,0.2945932149887085,0.29926899848741967,0.2908517441043584,0.29739867509875906,260108800
1995-11-10,0.2973986566066742,0.3011392781784653,0.29085172601935805,0.29459319667106554,223115200
1995-11-13,0.30581510066986084,0.30862141004586985,0.2992690183215853,0.30113931686126033,317374400
1995-11-14,0.3104917109012604,0.31797295506164114,0.30675023974103816,0.30675023974103816,407276800
1995-11-15,0.3067501187324524,0.3142322090212861,0.3002040389176907,0.3142322090212861,248136000
1995-11-16,0.298801451921463,0.3104917366050049,0.29552842293843085,0.3058151282672934,226228800
1995-11-17,0.30020415782928467,0.3020744813588747,0.2973986975078418,0.2992690210374318,128531200
1995-11-20,0.2889814078807831,0.301139257504656,0.2880462463088013,0.301139257504656,148456000
1995-11-21,0.2898816168308258,0.2908196664834893,0.28425319366119267,0.2908196664834893,191609600
1995-11-22,0.2898816168308258,0.29457194024633454,0.28894354212743184,0.2898816168308258,98806400
1995-11-24,0.30160847306251526,0.30301557333119034,0.290819819209732,0.2917578944057632,109950400
1995-11-27,0.29551100730895996,0.30489168365499425,0.29551100730895996,0.30489168365499425,115875200
1995-11-28,0.30020132660865784,0.301139376609629,0.2945720496239805,0.2955109764008432,176288000
1995-11-29,0.29457205533981323,0.3011393824528932,0.29269593025072715,0.3011393824528932,105268800
1995-11-30,0.2861294448375702,0.2926959199954093,0.2851913698005248,0.2917578449583639,174854400
1995-12-01,0.2823772430419922,0.2870675943940408,0.2786241152451429,0.285191443832923,204209600
1995-12-04,0.2964490056037903,0.3011393300354603,0.29269587930299273,0.3011393300354603,480681600
1995-12-05,0.2964490056037903,0.2992632052729395,0.2870674799646944,0.2889436047272152,363596800
1995-12-06,0.29081976413726807,0.299263240926406,0.28800556413284223,0.2983251659080177,201107200
1995-12-07,0.28941264748573303,0.29081974740699834,0.2842532727575144,0.29081974740699834,141926400
1995-12-08,0.29551100730895996,0.29551100730895996,0.28425332893803257,0.29081980488533077,141355200
1995-12-11,0.2898816168308258,0.2973869910306214,0.28800546742403793,0.2964489413779579,111652800
1995-12-12,0.2851913273334503,0.28988167676951065,0.2851913273334503,0.28988167676951065,177553600
1995-12-13,0.288005530834198,0.29269588033311117,0.27580980548303113,0.2870674809750042,684902400
1995-12-14,0.28706756234169006,0.2955110154970935,0.28519141199005266,0.29175788811929737,333502400
1995-12-15,0.26455211639404297,0.2748717164456963,0.257985642463499,0.26642826611747533,726880000
1995-12-18,0.2420368790626526,0.26455221197313883,0.2392226785115065,0.26361416182325265,666534400
1995-12-19,0.24578991532325745,0.2495421896825061,0.24203678923903788,0.24578991532325745,430864000
1995-12-20,0.24485184252262115,0.2523563913040066,0.24391379271299896,0.2514183164436498,365736000
1995-12-21,0.24391379952430725,0.2457899242466772,0.2373464736949076,0.2457899242466772,332875200
1995-12-22,0.2420368790626526,0.2467280817403455,0.24109882891276638,0.24485193133908562,234662400
1995-12-26,0.24062970280647278,0.24391380417161337,0.23828452807077605,0.24391380417161337,139507200
1995-12-27,0.24297574162483215,0.25048029114044557,0.23922261514196408,0.24109876504623598,268564800
1995-12-28,0.24016058444976807,0.2457898333099185,0.2392225099102821,0.24109865898925406,249995200
1995-12-29,0.23922263085842133,0.24297575758786247,0.2373465058816288,0.24016070587218696,304136000
1996-01-02,0.24109885096549988,0.2420369012011873,0.23828462510619958,0.2420369012011873,139294400
1996-01-03,0.24109885096549988,0.2467281043079733,0.23922270039263302,0.24016077567906646,429833600
1996-01-04,0.23687744140625,0.24297574277290415,0.235470341496766,0.24297574277290415,300182400
1996-01-05,0.2570476830005646,0.2570476830005646,0.23547040045148054,0.23734655083434905,445928000
1996-01-08,0.2598617672920227,0.26642824059349474,0.2551705667586169,0.2589236925201746,121340800
1996-01-09,0.24578991532325745,0.2598617896327272,0.24578991532325745,0.2598617896327272,251216000
1996-01-10,0.2570476830005646,0.2607999587155581,0.24203687669003332,0.24391387879818044,365433600
1996-01-11,0.26267603039741516,0.26267603039741516,0.24297575398016136,0.2448518789290972,756739200
1996-01-12,0.2542324662208557,0.2607997899345317,0.24954211834986648,0.2607997899345317,401856000
1996-01-15,0.2561095952987671,0.2589237956848591,0.25048034280134596,0.253294543187438,363081600
1996-01-16,0.2593925893306732,0.2607997133191798,0.25235624291726266,0.25798549039288654,352912000
1996-01-17,0.25517070293426514,0.2579857554262695,0.25329457744007894,0.2579857554262695,236409600
1996-01-18,0.2396916151046753,0.2504802388494555,0.2279649166035944,0.24672796487498452,698387200
1996-01-19,0.2242126166820526,0.23828446286931898,0.2204603431418146,0.23265606508432643,829225600
1996-01-22,0.22890296578407288,0.23265609147481794,0.21952229339478008,0.22327456736064358,499744000
1996-01-23,0.23734654486179352,0.255170674471338,0.2326561940733931,0.2532945491864236,988288000
1996-01-24,0.2420368790626526,0.2420368790626526,0.23828460331087659,0.24109882891276638,655894400
1996-01-25,0.22702689468860626,0.24016069585571098,0.2260888197139653,0.23828454590642903,445200000
1996-01-26,0.2298419028520584,0.2345322517881579,0.21483112789801767,0.22796492658313755,735750400
1996-01-29,0.21858425438404083,0.22327460387103007,0.21576920298712077,0.2176462045272317,332595200
1996-01-30,0.20498143136501312,0.21107888075152242,0.20158050584658868,0.20263541739740665,622843200
1996-01-31,0.20732666552066803,0.21014086602802132,0.20545052767397526,0.20826472818132857,328059200
1996-02-01,0.21295501291751862,0.21295501291751862,0.2063885383700881,0.2063885383700881,333043200
1996-02-02,0.2195223569869995,0.22233655701394422,0.21576923020903188,0.2167081569600548,555979200
1996-02-05,0.2195223569869995,0.22327463203983883,0.2176462319859494,0.22280560705226107,318729600
1996-02-06,0.2223365604877472,0.22515076055866118,0.21952236041683318,0.21952236041683318,226217600
1996-02-07,0.2120169699192047,0.22327464758673746,0.20826470713046008,0.22327464758673746,360326400
1996-02-08,0.2092028260231018,0.21107896407297203,0.20638861268560998,0.20638861268560998,263166400
1996-02-09,0.20826467871665955,0.21389309091994105,0.20732661627879698,0.2092027536798908,205688000
1996-02-12,0.21295501291751862,0.21389308786736214,0.21014081311872512,0.21107888806856864,194275200
1996-02-13,0.21107886731624603,0.21670811808544976,0.20920273012638088,0.21014079245862982,228502400
1996-02-14,0.20732666552066803,0.2120169913493424,0.2059195527416197,0.2120169913493424,163184000
1996-02-15,0.21014082431793213,0.21107889931776924,0.20545048689485412,0.20732662436915916,122080000
1996-02-16,0.20638857781887054,0.21295505362140674,0.20638857781887054,0.2110789284138572,156441600
1996-02-20,0.21764616668224335,0.22139844060923056,0.21014076710339613,0.21014076710339613,376913600
1996-02-21,0.2223365604877472,0.22327463552829832,0.21858428537628205,0.22046043545738434,221838400
1996-02-22,0.2242126166820526,0.22608874092680714,0.22233646738656912,0.22515066627906538,184184000
1996-02-23,0.2242126166820526,0.22702681557454887,0.22233646738656912,0.2242126166820526,173286400
1996-02-26,0.2213985025882721,0.2260888275219828,0.22139850258827212,0.22515075251494523,118283200
1996-02-27,0.2148311585187912,0.22421268440236575,0.213893083587717,0.22421268440236575,149161600
1996-02-28,0.20826467871665955,0.21670814248396889,0.20732661627879698,0.21670814248396889,187913600
1996-02-29,0.20638857781887054,0.20826471555179102,0.20451244008595007,0.20638857781887054,112884800
1996-03-01,0.20169739425182343,0.2073266593496212,0.19982125646097362,0.2073266593496212,231134400
1996-03-04,0.19700703024864197,0.2054504946647569,0.19700703024864197,0.20451241962944286,187555200
1996-03-05,0.19982118904590607,0.20075926388753176,0.19700698957176313,0.19888312672964745,118440000
1996-03-06,0.19653800129890442,0.20169737664194154,0.1960689762861703,0.20075931409110306,99052800
1996-03-07,0.19372376799583435,0.197945067540855,0.19044053084125115,0.19700700515041755,260064000
1996-03-08,0.19513089954853058,0.1970070371596035,0.18762550990444238,0.1932547619374577,149004800
1996-03-11,0.1941928267478943,0.19794508924646542,0.1932547517292244,0.19700702675316498,127008000
1996-03-12,0.19372376799583435,0.197945067540855,0.19231666814749412,0.19513086784417458,96152000
1996-03-13,0.1932547390460968,0.19606895139204283,0.19231667661436053,0.19419281400320168,99680000
1996-03-14,0.1923167109489441,0.19419284867273484,0.1913786358243633,0.19419284867273484,93363200
1996-03-15,0.1941928267478943,0.1951308892411947,0.19137861421725413,0.1951308892411947,101382400
1996-03-18,0.19606897234916687,0.19606897234916687,0.19325475970241954,0.19466185976310824,109132800
1996-03-19,0.1932547390460968,0.19888315121262023,0.19231667661436053,0.19794507625551536,124364800
1996-03-20,0.18950161337852478,0.19325472712437797,0.18856353847928894,0.19325472712437797,115987200
1996-03-21,0.1885635256767273,0.19137857685758394,0.18762546336654923,0.19137857685758394,109984000
1996-03-22,0.19044055044651031,0.19044055044651031,0.1866874237226233,0.1895016362343862,107564800
1996-03-25,0.18012091517448425,0.19325471442263228,0.18012091517448425,0.19137857727283833,164371200
1996-03-26,0.17918284237384796,0.18387317871110168,0.17730670533387322,0.1801209046311522,160798400
1996-03-27,0.18950161337852478,0.18950161337852478,0.17261553872094473,0.17449167599404858,429296000
1996-03-28,0.18152804672718048,0.1923166858233494,0.18105902175153762,0.18574935918555066,295892800
1996-03-29,0.18434226512908936,0.1857493651519534,0.17824481499618566,0.18199709007406953,166521600
1996-04-01,0.19137859344482422,0.19419280567000688,0.18399088084492823,0.18856354201998032,158636800
1996-04-02,0.18762551248073578,0.19231670203531465,0.18668743739963356,0.19231670203531465,101438400
1996-04-03,0.18434226512908936,0.1885635651976815,0.1825829642379423,0.1885635651976815,72240000
1996-04-04,0.18105901777744293,0.1848112801270728,0.18012094279600877,0.1848112801270728,86049600
1996-04-08,0.18293513357639313,0.1838731959214993,0.17824478427475984,0.17918285914523346,168828800
1996-04-09,0.19513089954853058,0.19888317477067638,0.18293517213944518,0.18668743483622088,235076800
1996-04-10,0.19513089954853058,0.19888317477067638,0.1941928370056792,0.19606897461675207,174764800
1996-04-11,0.1932547390460968,0.19700701382377908,0.19137860165725565,0.19606895139204283,98268800
1996-04-12,0.19137859344482422,0.19419280567000688,0.19044053105334205,0.19419280567000688,81435200
1996-04-15,0.1932547390460968,0.1932547390460968,0.1876254876798761,0.19137860165725565,154078400
1996-04-16,0.1941928267478943,0.1951308892411947,0.192316689235924,0.1941928267478943,101416000
1996-04-17,0.18950161337852478,0.19513086439748178,0.18856353847928894,0.1941928020236138,85411200
1996-04-18,0.18574932217597961,0.19055734702116775,0.18199704796624233,0.19044051040040483,217246400
1996-04-19,0.18809454143047333,0.18856356642423247,0.18481129132194113,0.18481129132194113,101796800
1996-04-22,0.1885635256767273,0.19137857685758394,0.1866873885310042,0.18950160051227233,111115200
1996-04-23,0.18574932217597961,0.18950159638571692,0.18481124736086194,0.18856352157059925,169948800
1996-04-24,0.18199709057807922,0.1857493656663544,0.1815280530607024,0.18481129063160076,128340800
1996-04-25,0.18668745458126068,0.18668745458126068,0.18105905367812306,0.18293519148762608,174406400
1996-04-26,0.18574932217597961,0.18856352157059925,0.18481124736086194,0.18762545928084828,188865600
1996-04-29,0.18574932217597961,0.18762545928084828,0.18387318507111097,0.18762545928084828,121049600
1996-04-30,0.18293513357639313,0.18668739548218533,0.1810589963608133,0.18668739548218533,136662400
1996-05-01,0.18293513357639313,0.18574933313707914,0.1810589963608133,0.18293513357639313,112705600
1996-05-02,0.17824476957321167,0.18387318075572232,0.17636779331282423,0.18387318075572232,188305600
1996-05-03,0.17918284237384796,0.1810589794138227,0.1763677913516615,0.1810589794138227,108460800
1996-05-06,0.1923167109489441,0.19419284867273484,0.18574938345314393,0.1866874460523539,289486400
1996-05-07,0.20169739425182343,0.2054505215587714,0.19700705603738458,0.19794511867012385,353539200
1996-05-08,0.20075927674770355,0.20451239050348186,0.1923166652590936,0.20451239050348186,186793600
1996-05-09,0.19606897234916687,0.19888317247054427,0.19325475970241954,0.19794509741317182,98078400
1996-05-10,0.20451244711875916,0.20545052228016353,0.19513091893169204,0.19700705672912946,110588800
1996-05-13,0.20310445129871368,0.20732660250165183,0.19982120167094952,0.2035743279488081,187017600
1996-05-14,0.20638857781887054,0.2101408532847115,0.20638857781887054,0.20826471555179102,197624000
1996-05-15,0.2138931155204773,0.2167081674082733,0.2082647026698539,0.2092027777409762,292364800
1996-05-16,0.21295501291751862,0.21483116281720566,0.20920275069425012,0.21201693796767512,130076800
1996-05-17,0.20732666552066803,0.2129550665353746,0.2063885903346358,0.2129550665353746,123300800
1996-05-20,0.20967179536819458,0.2110789079253307,0.20732663282370706,0.20920277037451887,84515200
1996-05-21,0.20357434451580048,0.21107889423221232,0.20357434451580048,0.2101408192549764,114385600
1996-05-22,0.19559994339942932,0.20545050850681953,0.1932547681785096,0.20545050850681953,201880000
1996-05-23,0.19700703024864197,0.19982123030384477,0.19325475515812512,0.19606896773869759,124051200
1996-05-24,0.20075927674770355,0.20169733912405227,0.19606893981522422,0.19700700219157294,113243200
1996-05-28,0.19794505834579468,0.20451238407492017,0.19794505834579468,0.20075927043711575,101852800
1996-05-29,0.18668745458126068,0.19700705799609844,0.1857493919391949,0.19700705799609844,219520000
1996-05-30,0.19137859344482422,0.19325473075315663,0.18574934232016577,0.18668740471164794,103465600
1996-05-31,0.19606897234916687,0.19982123500254673,0.19137862211304463,0.19231669717041705,162646400
1996-06-03,0.18574932217597961,0.1951308468998931,0.18574932217597961,0.19419278461014214,125462400
1996-06-04,0.18152804672718048,0.1829351592302167,0.17918288427285858,0.18012094674951348,762238400
1996-06-05,0.1885635256767273,0.19137857685758394,0.18199705192937993,0.19044051454740588,510104000
1996-06-06,0.18199709057807922,0.18950164075462955,0.18105902806869525,0.18762550321049196,362096000
1996-06-07,0.18293513357639313,0.18293513357639313,0.17636780785956027,0.18012092149033965,267769600
1996-06-10,0.18105901777744293,0.18387321767100756,0.18012094279600877,0.18293515521494236,106366400
1996-06-11,0.18012091517448425,0.1819970523242782,0.18012091517448425,0.1819970523242782,153059200
1996-06-12,0.18199709057807922,0.18387322812221682,0.18012095303394166,0.18387322812221682,151916800
1996-06-13,0.18481123447418213,0.18703957221046721,0.18012089830174574,0.18293511002550025,191419200
1996-06-14,0.1796519011259079,0.1857493507872734,0.17918287617147105,0.1857493507872734,144961600
1996-06-17,0.17730678617954254,0.18105906197039806,0.17730678617954254,0.18105906197039806,112929600
1996-06-18,0.17073938250541687,0.17824476996480382,0.16980132023562078,0.17730670769500773,223227200
1996-06-19,0.17355363070964813,0.17542976830289225,0.16980136804852988,0.17355363070964813,134467200
1996-06-20,0.17073938250541687,0.17542971890513023,0.16886324544045825,0.17542971890513023,147089600
1996-06-21,0.16980135440826416,0.17167747932542782,0.16792521696573154,0.17167747932542782,161851200
1996-06-24,0.16698715090751648,0.16980136348442418,0.16604908839879368,0.16980136348442418,122763200
1996-06-25,0.15479141473770142,0.16698714097788162,0.1529152773064478,0.16604907852493925,246960000
1996-06-26,0.14916209876537323,0.1557294229497483,0.14728596198758215,0.154791360823535,404331200
1996-06-27,0.15479141473770142,0.15760561462189737,0.14822408826591313,0.15010022569716674,229241600
1996-06-28,0.1576056033372879,0.1576056033372879,0.1547914036545895,0.1566675409515111,115684800
1996-07-01,0.1613578498363495,0.1613578498363495,0.15760557589583254,0.15854363811827887,131980800
1996-07-02,0.1576056033372879,0.1613578779311311,0.1576056033372879,0.1604198030199863,89006400
1996-07-03,0.14540988206863403,0.15291528383938371,0.14540988206863403,0.15291528383938371,288612800
1996-07-05,0.14634796977043152,0.14822410744443612,0.14447183209642692,0.14540989467074397,106153600
1996-07-08,0.14353378117084503,0.14916218212427104,0.14259570599502633,0.14728604429800518,188910400
1996-07-09,0.14259566366672516,0.14728600057741767,0.14259566366672516,0.1463479382054263,187824000
1996-07-10,0.14071954786777496,0.14634796053458635,0.14071954786777496,0.14353376046386554,169388800
1996-07-11,0.13415217399597168,0.14165757331599682,0.13039991272374615,0.14071949860391644,291155200
1996-07-12,0.13555938005447388,0.13790539513540206,0.129461927774366,0.13790539513540206,268990400
1996-07-15,0.12899285554885864,0.1360283687819805,0.128523830518589,0.1360283687819805,133224000
1996-07-16,0.12664766609668732,0.1303999406992776,0.12008034007981219,0.1303999406992776,289217600
1996-07-17,0.12664766609668732,0.13133800308724117,0.12477152879539218,0.1303999406992776,233598400
1996-07-18,0.1566675454378128,0.1632340199023907,0.15279758237540292,0.16135788255174438,897052800
1996-07-19,0.15572941303253174,0.15760554969084603,0.15572941303253174,0.15666748762437074,265977600
1996-07-22,0.15197716653347015,0.1566675152695867,0.15010019034457817,0.1566675152695867,152208000
1996-07-23,0.15385335683822632,0.15479143192067069,0.15197721919870785,0.15385335683822632,130121600
1996-07-24,0.15619851648807526,0.15760561644646293,0.1491621524456729,0.15010022743484402,264073600
1996-07-25,0.1576056033372879,0.1604198030199863,0.1557294660403663,0.1585436657230647,114430400
1996-07-26,0.16511105000972748,0.16511105000972748,0.1585437216898592,0.16135793489135813,123681600
1996-07-29,0.16698715090751648,0.16886328845033172,0.16323403662211985,0.16511101336470124,195697600
1996-07-30,0.16041983664035797,0.17073943939852237,0.15948177405798447,0.16980137681614887,189403200
1996-07-31,0.16511105000972748,0.16511105000972748,0.15948179693214964,0.15948179693214964,92780800
1996-08-01,0.15948177874088287,0.1651110311763608,0.15854370360559383,0.1651110311763608,110163200
1996-08-02,0.16229592263698578,0.16511097373804698,0.15948172326085594,0.16229592263698578,127948800
1996-08-05,0.1576056033372879,0.16417292933885363,0.1566675409515111,0.1622959403169079,101012800
1996-08-06,0.1613578498363495,0.1613578498363495,0.15572943892557406,0.15760557589583254,93587200
1996-08-07,0.167925164103508,0.16980130095543966,0.16229590182289091,0.16323397651153926,248460800
1996-08-08,0.1660490781068802,0.16792521553341028,0.16417294068035013,0.16792521553341028,101516800
1996-08-09,0.17355363070964813,0.17542976830289225,0.16604909286204167,0.16698715539597875,230787200
1996-08-12,0.17261552810668945,0.17730671646331383,0.167925191475026,0.1754297275806141,151345600
1996-08-13,0.16886329650878906,0.17355363432697363,0.16792523395530026,0.17167749669462576,103510400
1996-08-14,0.17073938250541687,0.17261551957037552,0.16980132023562078,0.16980132023562078,71859200
1996-08-15,0.16698715090751648,0.17073942599314695,0.16698715090751648,0.16980136348442418,107620800
1996-08-16,0.16886329650878906,0.16980137158764813,0.16604909632295237,0.16980137158764813,141758400
1996-08-19,0.17730678617954254,0.17730678617954254,0.16792525750247994,0.16792525750247994,226318400
1996-08-20,0.17636778950691223,0.1791828404996542,0.17542971473405367,0.1791828404996542,211758400
1996-08-21,0.17261552810668945,0.17730671646331383,0.1716774532651365,0.17636780242216704,113344000
1996-08-22,0.17449168860912323,0.17449168860912323,0.17167747623332688,0.1726155512003819,87684800
1996-08-23,0.17918284237384796,0.1801209046311522,0.172615517271712,0.172615517271712,203459200
1996-08-26,0.18105901777744293,0.18105901777744293,0.17636782872129095,0.17918288033994353,89678400
1996-08-27,0.18657055497169495,0.18762546644787165,0.18012091774173408,0.18105899259268488,289307200
1996-08-28,0.18668745458126068,0.18762552974869792,0.18387325412969188,0.18668745458126068,163598400
1996-08-29,0.1838732361793518,0.1866874363561887,0.1829351736288629,0.1866874363561887,106926400
1996-08-30,0.18199709057807922,0.1857493656663544,0.18199709057807922,0.1857493656663544,105728000
1996-09-03,0.18105901777744293,0.18293515521494236,0.17918288033994353,0.18105901777744293,68297600
1996-09-04,0.18105901777744293,0.1848112801270728,0.17918288033994353,0.17918288033994353,101449600
1996-09-05,0.17167748510837555,0.1782448118408656,0.17167748510837555,0.17636783513538584,279585600
1996-09-06,0.17261552810668945,0.17449166526442825,0.1698013286327648,0.1735535904228753,240833600
1996-09-09,0.16511105000972748,0.17073946388735292,0.16417298729280946,0.1698014011704349,148243200
1996-09-10,0.1613578498363495,0.16604903772418864,0.1613578498363495,0.16604903772418864,155713600
1996-09-11,0.1585436761379242,0.16323402595102499,0.15760561369052534,0.16135788853085842,147201600
1996-09-12,0.15291526913642883,0.15854366860410435,0.15197719420823744,0.15760560620128117,260915200
1996-09-13,0.1576056033372879,0.1594817406342095,0.1529152663576679,0.1529152663576679,166611200
1996-09-16,0.167925164103508,0.17261549997065465,0.16041976497095925,0.1613578396596076,244652800
1996-09-17,0.17261552810668945,0.1735535904228753,0.16886325379121186,0.1716774532651365,209171200
1996-09-18,0.17636778950691223,0.18105897752000516,0.17167744069335175,0.17261551546621032,353360000
1996-09-19,0.17542970180511475,0.1773066904120327,0.17542970180511475,0.1773066904120327,119470400
1996-09-20,0.17167748510837555,0.17636783513538584,0.17073942261819514,0.17542976011983602,149150400
1996-09-23,0.167925164103508,0.1716774252820063,0.167925164103508,0.1716774252820063,45763200
1996-09-24,0.16886329650878906,0.17167749669462576,0.16792523395530026,0.16792523395530026,143785600
1996-09-25,0.167925164103508,0.16980130095543966,0.16511095256292802,0.16886322626679132,109043200
1996-09-26,0.167925164103508,0.16886322626679132,0.16698708941485965,0.167925164103508,103286400
1996-09-27,0.16745617985725403,0.1679252173503036,0.16604907990347434,0.16698714236420448,81569600
1996-09-30,0.16651813685894012,0.16792524960839222,0.16604911180116083,0.16604911180116083,85444800
1996-10-01,0.18481123447418213,0.18574930922388894,0.16511096330985223,0.16511096330985223,539246400
1996-10-02,0.17730678617954254,0.18481132523588156,0.17355365866339117,0.17730678617954254,276819200
1996-10-03,0.167925164103508,0.1782447497259067,0.167925164103508,0.17730668756262338,227718400
1996-10-04,0.17120850086212158,0.173553663908249,0.16604912462511995,0.17167752595612365,133459200
1996-10-07,0.17355363070964813,0.17542976830289225,0.171677493116404,0.17261556817571108,95715200
1996-10-08,0.17449168860912323,0.1819970774437947,0.17449168860912323,0.17636782601786458,190433600
1996-10-09,0.17261552810668945,0.17730671646331383,0.1716774532651365,0.1754297275806141,85209600
1996-10-10,0.18152804672718048,0.1838732217068716,0.17824480927083444,0.17918288427285858,276696000
1996-10-11,0.18199709057807922,0.18481129063160076,0.18012095303394166,0.18293516561283285,120691200
1996-10-14,0.18950161337852478,0.1904405274774061,0.18199706428610943,0.18387320155921327,269684800
1996-10-15,0.18950161337852478,0.1941928020236138,0.18762547610542094,0.19325472712437797,363059200
1996-10-16,0.1932547390460968,0.19606895139204283,0.18481127533393008,0.18950162506871726,334745600
1996-10-17,0.19794505834579468,0.20826465851310327,0.19794505834579468,0.20638852129401172,1026625600
1996-10-18,0.1993521749973297,0.19982119991829542,0.19513086303106414,0.19888313755099626,382659200
1996-10-21,0.1923167109489441,0.19982124931873627,0.1913786358243633,0.19888318671952632,187611200
1996-10-22,0.18668745458126068,0.1923167197350266,0.18199711632018886,0.1923167197350266,213718400
1996-10-23,0.18574932217597961,0.18950159638571692,0.18293512278136,0.18574932217597961,160059200
1996-10-24,0.18574932217597961,0.18762545928084828,0.18387318507111097,0.18762545928084828,84369600
1996-10-25,0.1838732361793518,0.1876255114320478,0.1838732361793518,0.1866874363561887,77560000
1996-10-28,0.1838732361793518,0.1885635739825367,0.1838732361793518,0.1885635739825367,119996800
1996-10-29,0.17449168860912323,0.18574935226127734,0.1735536136420682,0.1848112772942223,199628800
1996-10-30,0.17167748510837555,0.18012094934659584,0.17167748510837555,0.17636783513538584,257051200
1996-10-31,0.17261552810668945,0.1754297275806141,0.16698711663347307,0.17449166526442825,194219200
1996-11-01,0.18199709057807922,0.18199709057807922,0.1735536261670086,0.17542976371114616,211332800
1996-11-04,0.18293513357639313,0.1838731959214993,0.17824478427475984,0.18293513357639313,91268800
1996-11-05,0.19137859344482422,0.19419280567000688,0.18387320501183335,0.18387320501183335,378112000
1996-11-06,0.19137859344482422,0.19325473075315663,0.18668740471164794,0.19231666836167446,180308800
1996-11-07,0.1941928267478943,0.1951308892411947,0.1895016375055315,0.19044055172395372,155075200
1996-11-08,0.19700703024864197,0.19700703024864197,0.19325475515812512,0.19419283019343916,188708800
1996-11-11,0.19513089954853058,0.19794509970245489,0.1941928370056792,0.19794509970245489,92534400
1996-11-12,0.18950161337852478,0.19700700167058563,0.18856353847928894,0.19606893929671765,142956800
1996-11-13,0.19184760749340057,0.19419278197399253,0.1876254567338495,0.190440507815192,83608000
1996-11-14,0.1923167109489441,0.19325477354815404,0.19044057322515334,0.1913786358243633,48529600
1996-11-15,0.18762551248073578,0.19513090222788082,0.18762551248073578,0.19419283967214884,130715200
1996-11-18,0.18574932217597961,0.18856352157059925,0.18387318507111097,0.18762545928084828,152835200
1996-11-19,0.18668745458126068,0.1885635923907637,0.18481131677175766,0.18668745458126068,124432000
1996-11-20,0.18762551248073578,0.19044056439848042,0.18668743739963356,0.18668743739963356,103096000
1996-11-21,0.1838732361793518,0.1876255114320478,0.1829351736288629,0.1866874363561887,70604800
1996-11-22,0.18950161337852478,0.18950161337852478,0.18387320155921327,0.18387320155921327,103980800
1996-11-25,0.18762551248073578,0.1913786269542124,0.18762551248073578,0.19044056439848042,78948800
1996-11-26,0.18199709057807922,0.18762550321049196,0.18012095303394166,0.18668742817573836,112985600
1996-11-27,0.1838732361793518,0.1848112987298407,0.18105903600251494,0.18105903600251494,89040000
1996-11-29,0.18105901777744293,0.1848112801270728,0.18012094279600877,0.18387321767100756,42291200
1996-12-02,0.1885635256767273,0.1885635256767273,0.17918285247347876,0.18105898961920186,174977600
1996-12-03,0.1885635256767273,0.19137857685758394,0.18762546336654923,0.18950160051227233,275531200
1996-12-04,0.18762551248073578,0.19044056439848042,0.18668743739963356,0.18856357503646776,190825600
1996-12-05,0.18762551248073578,0.18950165011757,0.18762551248073578,0.18762551248073578,142139200
1996-12-06,0.1885635256767273,0.19044051454740588,0.18012091478365683,0.18293512676492496,229387200
1996-12-09,0.18762551248073578,0.19044056439848042,0.1862184123844527,0.18950165011757,158648000
1996-12-10,0.1838732361793518,0.1876255114320478,0.18199709855300383,0.1866874363561887,184284800
1996-12-11,0.18012091517448425,0.1819970523242782,0.1782447780246903,0.1782447780246903,163363200
1996-12-12,0.17918284237384796,0.18199704167112693,0.17918284237384796,0.1810589794138227,87001600
1996-12-13,0.17449168860912323,0.17918287759336707,0.17449168860912323,0.17824480262631204,89096000
1996-12-16,0.16980135440826416,0.17636782919444388,0.16886327942431337,0.17636782919444388,149240000
1996-12-17,0.16886329650878906,0.16886329650878906,0.1669871588764412,0.16792523395530026,157248000
1996-12-18,0.17355363070964813,0.17355363070964813,0.16980136804852988,0.17073943058246696,205072000
1996-12-19,0.16698715090751648,0.17449170107877746,0.16698715090751648,0.17261556353596222,136886400
1996-12-20,0.17636778950691223,0.17730670347930322,0.16041977937171353,0.16886324142550838,546436800
1996-12-23,0.17449168860912323,0.1819970774437947,0.17449168860912323,0.18012094003505336,332304000
1996-12-24,0.17355363070964813,0.17542976830289225,0.171677493116404,0.17449170576895517,57612800
1996-12-26,0.17261552810668945,0.17449166526442825,0.1716774532651365,0.17449166526442825,84884800
1996-12-27,0.17355363070964813,0.17824482015523208,0.171677493116404,0.171677493116404,136998400
1996-12-30,0.16323404014110565,0.17449170484045504,0.16323404014110565,0.17355362978613964,261800000
1996-12-31,0.1566675454378128,0.16135788255174438,0.15572947049980548,0.16041980761373706,383745600
1997-01-02,0.1576056033372879,0.1594817406342095,0.1557294660403663,0.1585436657230647,143113600
1997-01-03,0.16323404014110565,0.16698715450741158,0.15760562739132306,0.15854368992026854,119716800
1997-01-06,0.13415217399597168,0.13766993537822514,0.12946183801166575,0.13227603709717625,1882832000
1997-01-07,0.13133801519870758,0.1369664276216227,0.13133801519870758,0.1360283526217856,976931200
1997-01-08,0.13227605819702148,0.1379053215161959,0.13039993352432377,0.13696640745486777,1100131200
1997-01-09,0.13321413099765778,0.134152193319493,0.1313379938286202,0.13321413099765778,446656000
1997-01-10,0.13696640729904175,0.13696640729904175,0.13227605804653164,0.13227605804653164,353718400
1997-01-13,0.13602831959724426,0.1388433705876924,0.13602831959724426,0.1388433705876924,305748800
1997-01-14,0.13415217399597168,0.13790529951840597,0.13321411180925663,0.13790529951840597,255774400
1997-01-15,0.12946189939975739,0.13509031276501815,0.1285238367682329,0.13509031276501815,433092800
1997-01-16,0.12570959329605103,0.12852380555797385,0.12477153089232225,0.12852380555797385,671305600
1997-01-17,0.12570959329605103,0.12852380555797385,0.12477153089232225,0.12570959329605103,325147200
1997-01-20,0.12711669504642487,0.12852380746090417,0.12570959515731397,0.12664767010030017,291625600
1997-01-21,0.12946189939975739,0.12946189939975739,0.12664769897981265,0.12758576161133714,284827200
1997-01-22,0.12899285554885864,0.1313380308016895,0.1275857554073084,0.13039996821577957,205620800
1997-01-23,0.12946189939975739,0.13039997455665314,0.1285238367682329,0.12946189939975739,172345600
1997-01-24,0.12664766609668732,0.129461865785946,0.12664766609668732,0.129461865785946,188283200
1997-01-27,0.12477153539657593,0.12946187263527756,0.12477153539657593,0.1285238101976847,214043200
1997-01-28,0.12477153539657593,0.12758573523472316,0.1238326212339119,0.12758573523472316,210560000
1997-01-29,0.12477153539657593,0.12570959783416877,0.1238326212339119,0.12477153539657593,151704000
1997-01-30,0.12570959329605103,0.12570959329605103,0.12383261676355303,0.12570959329605103,139932800
1997-01-31,0.12477153539657593,0.12477153539657593,0.1238326212339119,0.12477153539657593,199628800
1997-02-03,0.12242552638053894,0.1275857405139422,0.12195648887965041,0.12664767803753438,368110400
1997-02-04,0.11538998782634735,0.12289452351351693,0.11351385077321335,0.12195646124963312,712644800
1997-02-05,0.11445192992687225,0.11726614218455228,0.11445192992687225,0.11445192992687225,394486400
1997-02-06,0.12008029222488403,0.12101835423900699,0.11445188256405726,0.11445188256405726,399504000
1997-02-07,0.11867327243089676,0.12383264827784007,0.11820423484698243,0.12383264827784007,235267200
1997-02-10,0.11726613342761993,0.12101839528204343,0.11726613342761993,0.12101839528204343,185404800
1997-02-11,0.11773516982793808,0.12008034467565608,0.11632806992945469,0.11914226972642147,140078400
1997-02-12,0.11820422112941742,0.11914228366301276,0.11632808353685675,0.11820422112941742,176265600
1997-02-13,0.1210184395313263,0.1210184395313263,0.11632810110429222,0.11820423898018022,195832000
1997-02-14,0.12242552638053894,0.12289455135605824,0.12008035140146556,0.12195648887965041,237249600
1997-02-18,0.13415217399597168,0.13415217399597168,0.12195645121700595,0.12477150202735983,368278400
1997-02-19,0.13227605819702148,0.13415219539508652,0.1285237963262587,0.13415219539508652,241292800
1997-02-20,0.127585768699646,0.1322761071685931,0.127585768699646,0.1322761071685931,124947200
1997-02-21,0.1228945255279541,0.12758571369991542,0.1200803261648071,0.12664765142065526,211086400
1997-02-24,0.12477153539657593,0.12664767279713032,0.12195648383335751,0.12195648383335751,117588800
1997-02-25,0.12664766609668732,0.1303999406992776,0.12664766609668732,0.12758572848465088,138084800
1997-02-26,0.1285238415002823,0.1285238415002823,0.12570962845135128,0.12758576630884805,103174400
1997-02-27,0.127585768699646,0.12852384390865862,0.12570963080699277,0.127585768699646,102995200
1997-02-28,0.1219564750790596,0.1266476637060888,0.1219564750790596,0.1266476637060888,121878400
1997-03-03,0.1210184395313263,0.12383265260784423,0.12008037685606822,0.12383265260784423,130457600
1997-03-04,0.12383262068033218,0.12383262068033218,0.12008034589599753,0.12195648328816486,103196800
1997-03-05,0.127585768699646,0.127585768699646,0.12383265371441693,0.12477156812335213,96163200
1997-03-06,0.12477153539657593,0.12758573523472316,0.1238326212339119,0.12758573523472316,116289600
1997-03-07,0.12383262068033218,0.12570959727219827,0.1228945457215642,0.12570959727219827,70616000
1997-03-10,0.12477153539657593,0.12570959783416877,0.12336358375243113,0.12477153539657593,99187200
1997-03-11,0.1228945255279541,0.1247715143367684,0.1200803261648071,0.1247715143367684,98504000
1997-03-12,0.1219564750790596,0.1257095888104643,0.12101840018343508,0.1219564750790596,70996800
1997-03-13,0.1228945255279541,0.1228945255279541,0.12101838844406723,0.1228945255279541,105089600
1997-03-14,0.12430164963006973,0.12570958864593826,0.12195647491944557,0.12289453728847458,230417600
1997-03-17,0.12383262068033218,0.12383262068033218,0.12008034589599753,0.12195648328816486,192752000
1997-03-18,0.1219564750790596,0.12383261234494082,0.12101840018343508,0.1228945374493163,127075200
1997-03-19,0.1210184395313263,0.1228945774072143,0.11914230165543829,0.1228945774072143,208230400
1997-03-20,0.12946189939975739,0.13133803718817763,0.11914229610088435,0.12008037125778012,317038400
1997-03-21,0.12477153539657593,0.13133801003583193,0.12289454627095035,0.13133801003583193,136460800
1997-03-24,0.12383262068033218,0.12477153483879891,0.12195648328816486,0.12383262068033218,71220800
1997-03-25,0.12383262068033218,0.12477153483879891,0.12066705921373473,0.12477153483879891,112560000
1997-03-26,0.12570959329605103,0.12664766822514806,0.12195647943072722,0.122894541834456,106836800
1997-03-27,0.13978144526481628,0.14447178154600201,0.1294618462060907,0.1313379832236382,1138905600
1997-03-31,0.13696640729904175,0.14540985761765665,0.12946185851531944,0.13978145855523225,970244800
1997-04-01,0.13133801519870758,0.13368319017293118,0.13039995272423965,0.1322760776731755,220259200
1997-04-02,0.13509029150009155,0.135559329004707,0.1322760789977683,0.1341522164908607,222432000
1997-04-03,0.14165759086608887,0.1435337279973207,0.13696640257574383,0.13884337890655768,548856000
1997-04-04,0.14447182416915894,0.14728602426306348,0.1425956865980993,0.143533761646314,475249600
1997-04-07,0.14634796977043152,0.14916217001875318,0.14447183209642692,0.14822410744443612,255259200
1997-04-08,0.14353378117084503,0.14728604429800518,0.13978150551831334,0.14728604429800518,193827200
1997-04-09,0.14259566366672516,0.14447180093607573,0.1416576012947338,0.14447180093607573,244988800
1997-04-10,0.14165759086608887,0.1435337279973207,0.13884337890655768,0.14259565316902134,116984000
1997-04-11,0.13696640729904175,0.14165759575116282,0.1360283324383928,0.14165759575116282,79564800
1997-04-14,0.14071954786777496,0.14165762290826173,0.13509029600119174,0.13790534779705413,112358400
1997-04-15,0.13837432861328125,0.14447177685360924,0.13602831508667185,0.14353371463798648,136046400
1997-04-16,0.13931238651275635,0.14259562265857326,0.137905287096744,0.13978142382654854,86217600
1997-04-17,0.14259566366672516,0.14353373856408436,0.13602833776167045,0.13696641265902965,219464000
1997-04-18,0.1379052996635437,0.1435337103658536,0.1379052996635437,0.1435337103658536,141444800
1997-04-21,0.13509029150009155,0.1397814806952511,0.13509029150009155,0.1397814806952511,89152000
1997-04-22,0.1388433873653412,0.1388433873653412,0.1341521987891939,0.13602833603472603,94651200
1997-04-23,0.13602831959724426,0.1388433705876924,0.13602831959724426,0.13790530834096434,54488000
1997-04-24,0.13415217399597168,0.138843361705121,0.13321411180925663,0.138843361705121,74939200
1997-04-25,0.13133801519870758,0.13415221514748055,0.13039995272423965,0.1322760776731755,87382400
1997-04-28,0.13227605819702148,0.13415219539508652,0.13133799586067263,0.13321413305873767,46771200
1997-04-29,0.13274511694908142,0.13509029195468095,0.13133801695586944,0.13509029195468095,51755200
1997-04-30,0.127585768699646,0.12946190659229923,0.12570963080699277,0.127585768699646,257633600
1997-05-01,0.127585768699646,0.12852384390865862,0.12570963080699277,0.12664770601600536,72340800
1997-05-02,0.127585768699646,0.12852384390865862,0.12570963080699277,0.127585768699646,101987200
1997-05-05,0.127585768699646,0.12852384390865862,0.12570963080699277,0.127585768699646,98492800
1997-05-06,0.12664766609668732,0.12852380339798247,0.12570959118335573,0.12758572848465088,83148800
1997-05-07,0.12383262068033218,0.1275857346643656,0.1228945457215642,0.12664767223096624,114217600
1997-05-08,0.127585768699646,0.12852384390865862,0.12383265371441693,0.12477156812335213,82936000
1997-05-09,0.12805479764938354,0.1313380356082813,0.12758576007657782,0.12758576007657782,188372800
1997-05-12,0.13180707395076752,0.13227609900094095,0.12758576082160816,0.12946189859841553,164976000
1997-05-13,0.13180707395076752,0.13415223677774832,0.12758576082160816,0.13133803637522287,197019200
1997-05-14,0.13274511694908142,0.13509029195468095,0.13133801695586944,0.1341522169422934,135643200
1997-05-15,0.13321413099765778,0.13509026816669537,0.1313379938286202,0.13321413099765778,99008000
1997-05-16,0.12946189939975739,0.13227609981970212,0.12946189939975739,0.13133803718817763,93296000
1997-05-19,0.127585768699646,0.1322761071685931,0.127585768699646,0.13133804448495245,52259200
1997-05-20,0.12946189939975739,0.13086899960972975,0.12570962382291687,0.12758576161133714,84828800
1997-05-21,0.12664766609668732,0.12852380339798247,0.12383261468240249,0.12852380339798247,122248000
1997-05-22,0.12477153539657593,0.12664767279713032,0.1238326212339119,0.12570959783416877,76764800
1997-05-23,0.12664766609668732,0.12758572848465088,0.12477152879539218,0.12477152879539218,67032000
1997-05-27,0.12946189939975739,0.13039997455665314,0.12570962382291687,0.12570962382291687,82084800
1997-05-28,0.127585768699646,0.13133804448495245,0.127585768699646,0.13039998180131185,87539200
1997-05-29,0.12477153539657593,0.1285238101976847,0.12477153539657593,0.1285238101976847,111182400
1997-05-30,0.12477153539657593,0.12758573523472316,0.12289454627095035,0.1238326212339119,177329600
1997-06-02,0.12711669504642487,0.12758573251791797,0.12570959515731397,0.12758573251791797,41585600
1997-06-03,0.1252404749393463,0.1271166110603858,0.12477145030310656,0.12570951210094622,65240000
1997-06-04,0.12477153539657593,0.12570959783416877,0.1238326212339119,0.12477153539657593,80404800
1997-06-05,0.1252404749393463,0.12852372254518551,0.1243015739423765,0.12477145030310656,64612800
1997-06-06,0.12570959329605103,0.12570959329605103,0.12383261676355303,0.12477153089232225,52875200
1997-06-09,0.12477153539657593,0.12711669775324239,0.12477153539657593,0.12524056035268802,74804800
1997-06-10,0.1219564750790596,0.1257095888104643,0.12054937526099063,0.1257095888104643,139048000
1997-06-11,0.12242552638053894,0.12336358885694676,0.12195648887965041,0.12242552638053893,105403200
1997-06-12,0.12054942548274994,0.1228945886480875,0.12008038783953323,0.1228945886480875,78691200
1997-06-13,0.11867327243089676,0.12101843529972554,0.11820423484698243,0.12054941024118264,132070400
1997-06-16,0.11632808297872543,0.11914228309137918,0.11539002044963083,0.11914228309137918,134008000
1997-06-17,0.12266003340482712,0.12383262084213491,0.11632807126365997,0.11679710874365683,142251200
1997-06-18,0.11961131542921066,0.12195649043825539,0.11820421543393159,0.12101841542448975,109648000
1997-06-19,0.11820422112941742,0.12008035872197807,0.11773518359993475,0.12008035872197807,121027200
1997-06-20,0.1167970821261406,0.11820418172009096,0.1163280447530352,0.11773514434698558,110185600
1997-06-23,0.11538998782634735,0.11726612487948133,0.11538998782634735,0.11632805009023116,99545600
1997-06-24,0.1149209514260292,0.1167970884953957,0.11445191402734595,0.11585901369802921,111148800
1997-06-25,0.11351390928030014,0.11539004730042902,0.1125758340075493,0.1149210096640536,198632000
1997-06-26,0.11022980511188507,0.11351389482284889,0.1097607675352476,0.11351389482284889,381987200
1997-06-27,0.11022980511188507,0.11116788026516002,0.1097607675352476,0.11022980511188507,157953600
1997-06-30,0.10694655776023865,0.11069883299398758,0.10507042014336418,0.11069883299398758,171180800
1997-07-01,0.09897294640541077,0.1050703887044478,0.09850390901019389,0.10460135757191412,450676800
1997-07-02,0.09803403913974762,0.10038005295093078,0.0975650079750423,0.09944198435883653,249961600
1997-07-03,0.10272525250911713,0.10413235260762796,0.09756503166850257,0.09850393968821435,186782400
1997-07-07,0.10366333276033401,0.10694657086070342,0.1031942951673179,0.10460140168368039,191475200
1997-07-08,0.10319428890943527,0.10507042664235575,0.10272525760754789,0.10413235777589551,95692800
1997-07-09,0.10272525250911713,0.10413235260762796,0.10225621496782342,0.1036633213290194,142016000
1997-07-10,0.09944197535514832,0.10038004386230784,0.09568886212698045,0.09662693063413999,492508800
1997-07-11,0.11398287862539291,0.11632805313452498,0.09991101742176485,0.10038004856598125,734944000
1997-07-14,0.11726613342761993,0.11726613342761993,0.11163772185793376,0.1144519213800932,411006400
1997-07-15,0.11961131542921066,0.12008035293609348,0.11726615294553532,0.11820421543393159,418353600
1997-07-16,0.12336356937885284,0.12383260680568421,0.1172661329315141,0.11867323268664094,446252800
1997-07-17,0.13133801519870758,0.1360283526217856,0.12336358860183338,0.1275857402500975,746267200
1997-07-18,0.13016542792320251,0.13462125286624957,0.12805477795819156,0.13415221536556848,317564800
1997-07-21,0.12125294655561447,0.13274512383866122,0.12008035899195647,0.13180706130295683,354916800
1997-07-22,0.12430164963006973,0.1252405511987399,0.12242551236664397,0.12289453728847458,231336000
1997-07-23,0.1210184395313263,0.1266477048842773,0.12008037685606822,0.12570962968364735,141288000
1997-07-24,0.11867327243089676,0.12101843529972554,0.1172661722045252,0.12101843529972554,133492800
1997-07-25,0.1219564750790596,0.12430164979275307,0.11820420054729716,0.11914226291755386,217963200
1997-07-28,0.12336356937885284,0.12383260680568421,0.121956469623726,0.12336356937885284,110510400
1997-07-29,0.12383262068033218,0.12477153483879891,0.1228945457215642,0.1233635832009482,71243200
1997-07-30,0.13040000200271606,0.1327451653378134,0.1257096502817736,0.12711675078790677,374304000
1997-07-31,0.13133801519870758,0.13321415267301262,0.12946187772440254,0.13039995272423965,263816000
1997-08-01,0.144002765417099,0.144002765417099,0.1318070400659321,0.13227606499552905,481913600
1997-08-04,0.1482240855693817,0.14869312305000448,0.1440027732945141,0.1440027732945141,611318400
1997-08-05,0.1482240855693817,0.15010022296650413,0.14623111153329624,0.14963118548588136,247128000
1997-08-06,0.19747602939605713,0.20826465425345253,0.1876254668663375,0.1895016040470563,4190480000
1997-08-07,0.2190532386302948,0.221867437457717,0.21295493941229576,0.21576913823971797,3755438400
1997-08-08,0.20122835040092468,0.21295504030416673,0.19606897508937998,0.20873374006310477,1814164800
1997-08-11,0.18434226512908936,0.19841412960823349,0.17636783825747931,0.19747606710144733,1550998400
1997-08-12,0.16558006405830383,0.1819971049327988,0.16417296392056038,0.18059000479505535,1048398400
1997-08-13,0.17730678617954254,0.1791829240749703,0.153384340218962,0.16698718229208004,1201424000
1997-08-14,0.17261552810668945,0.1819970530949773,0.17027035352817418,0.17730671646331383,434448000
1997-08-15,0.17449168860912323,0.17589878853433705,0.1712084512751681,0.1735536136420682,260960000
1997-08-18,0.17730678617954254,0.17824484886457043,0.17073945808293556,0.174960771478991,217840000
1997-08-19,0.18340420722961426,0.18387324478950723,0.1749607545785519,0.17777579408701094,289161600
1997-08-20,0.18481123447418213,0.1885635084222776,0.18152799790094007,0.1834041348749878,324307200
1997-08-21,0.18012091517448425,0.1852802892050759,0.17918285286227079,0.18387318947407216,259280000
1997-08-22,0.17730678617954254,0.18012098675999816,0.17542979655881893,0.17589883416401889,227628800
1997-08-25,0.173084557056427,0.17777573265809057,0.17214648226078497,0.17730670778563604,138633600
1997-08-26,0.16698715090751648,0.17261556353596222,0.16604908839879368,0.16980136348442418,226206400
1997-08-27,0.1702703833580017,0.1707394208609493,0.1641729459211602,0.16792522089400233,190635200
1997-08-28,0.16511105000972748,0.16886332592814446,0.16511105000972748,0.16604912525201793,95670400
1997-08-29,0.16323404014110565,0.16511101692415073,0.16135790255784477,0.16370307766826334,109670400
1997-09-02,0.167925164103508,0.1693322636111155,0.16464191521860383,0.16511095256292802,186043200
1997-09-03,0.16886329650878906,0.1744917094058327,0.16745619641587073,0.16792523395530026,284132800
1997-09-04,0.16886329650878906,0.17167749669462576,0.1669871588764412,0.1693323340482186,122539200
1997-09-05,0.16651813685894012,0.1716775126974836,0.16511103663485943,0.16980138741562362,136707200
1997-09-08,0.1613578498363495,0.16698709994663496,0.1608888124624434,0.16698709994663496,175156800
1997-09-09,0.163703054189682,0.16417293084923337,0.15948174210143062,0.15995077956131815,159028800
1997-09-10,0.1721464991569519,0.17355359896315525,0.162764973707015,0.16323401115087202,274064000
1997-09-11,0.167925164103508,0.17261549997065465,0.16557998990725217,0.1716774252820063,209876800
1997-09-12,0.16558006405830383,0.16698716419604728,0.16088887436549854,0.16651812664167592,113680000
1997-09-15,0.1613578498363495,0.16604903772418864,0.1613578498363495,0.16417290075393015,96913600
1997-09-16,0.16464194655418396,0.16616589548221425,0.16323400757915252,0.165580021421372,134220800
1997-09-17,0.163703054189682,0.16511099324364029,0.162764979269907,0.16511099324364029,86766400
1997-09-18,0.16745617985725403,0.16886327981103372,0.16135789082399354,0.16135789082399354,169164800
1997-09-19,0.16464194655418396,0.1665180837631926,0.16323400757915252,0.1665180837631926,94931200
1997-09-22,0.17120850086212158,0.17308463881424693,0.16511104938637108,0.16604912462511995,200368000
1997-09-23,0.16323404014110565,0.16698715450741158,0.16276500261394794,0.16698715450741158,200536000
1997-09-24,0.1613578498363495,0.16323398680660797,0.16041977508853736,0.1627649494327019,222432000
1997-09-25,0.1585436761379242,0.16323402595102499,0.15760561369052534,0.15995078859707573,223384000
1997-09-26,0.15995074808597565,0.16464192338527395,0.1585436359832067,0.16135784766337896,208320000
1997-09-29,0.16558006405830383,0.16698716419604728,0.16182694947424128,0.16276501205761337,167238400
1997-09-30,0.16276498138904572,0.16745617019792597,0.16276498138904572,0.16511099539332325,140571200
1997-10-01,0.16159240901470184,0.16323403403566716,0.16041982150335082,0.16276499652605286,130468800
1997-10-02,0.16464194655418396,0.165110983987778,0.16041979550295588,0.1608888329365499,135408000
1997-10-03,0.1660490781068802,0.1669871405574608,0.1627649890167118,0.16511100313093072,162232000
1997-10-06,0.16464194655418396,0.1669871211967866,0.16276497014555852,0.1665180837631926,93296000
1997-10-07,0.163703054189682,0.16511099324364029,0.163703054189682,0.16417293084923337,109289600
1997-10-08,0.1613578498363495,0.16370302418051405,0.15995075023999708,0.16323398680660797,108841600
1997-10-09,0.16323404014110565,0.16886329209067244,0.15901272744742623,0.1594817649745839,187331200
1997-10-10,0.1702703833580017,0.1707394208609493,0.16135789422910304,0.16135789422910304,270401600
1997-10-13,0.1702703833580017,0.1716774833414752,0.16651810838515957,0.1707394208609493,158625600
1997-10-14,0.1702703833580017,0.1707394208609493,0.16651810838515957,0.1702703833580017,165816000
1997-10-15,0.17871388792991638,0.1857494019639097,0.16604912096372326,0.16604912096372326,810868800
1997-10-16,0.1613578498363495,0.16558000035028256,0.15666751367338622,0.15854363811827887,739188800
1997-10-17,0.15103910863399506,0.158543644281389,0.14916211986589603,0.158543644281389,438670400
1997-10-20,0.14025044441223145,0.1515081036531142,0.13978141963785826,0.15103907887874102,411835200
1997-10-21,0.1430647224187851,0.14494085996750622,0.14025050983301854,0.14165762238858667,475272000
1997-10-22,0.13931238651275635,0.14447175938837784,0.13884334919896416,0.14306465997236545,151177600
1997-10-23,0.13321413099765778,0.13649736791213177,0.13321413099765778,0.13509026816669537,186782400
1997-10-24,0.12430164963006973,0.13790532632053085,0.12383261218287135,0.13602833733209613,388236800
1997-10-27,0.12570959329605103,0.13602834236390884,0.12570959329605103,0.12570959329605103,329358400
1997-10-28,0.13602831959724426,0.1388433705876924,0.11914224722831267,0.12008032200040684,343313600
1997-10-29,0.13133801519870758,0.13884340429566322,0.12946187772440254,0.13837436679574466,177587200
1997-10-30,0.12383262068033218,0.13180704692808423,0.12383262068033218,0.12805477214374958,188955200
1997-10-31,0.12782022356987,0.1303999229680717,0.12477151182951277,0.1303999229680717,267086400
1997-11-03,0.13040000200271606,0.1332142030149824,0.12805482614224484,0.13180710250884925,126011200
1997-11-04,0.134621262550354,0.136028362628249,0.13133802486014226,0.13321416247245899,168593600
1997-11-05,0.1379052996635437,0.13978143656431366,0.13555928620676097,0.1369663857509971,387116800
1997-11-06,0.14259566366672516,0.1463479382054263,0.1416576012947338,0.1416576012947338,617086400
1997-11-07,0.1482240855693817,0.15010022296650413,0.14071953598089204,0.14165761094213758,795614400
1997-11-10,0.14025044441223145,0.16135782432077242,0.13884334503838422,0.15760555097360396,1398241600
1997-11-11,0.1379052996635437,0.14259563565278593,0.13602831103792942,0.14259563565278593,332483200
1997-11-12,0.13227605819702148,0.13884338385254474,0.13180703329153073,0.1355593076876608,208062400
1997-11-13,0.13509029150009155,0.135559329004707,0.13133801651390675,0.13509029150009155,257521600
1997-11-14,0.13837432861328125,0.1388433659837755,0.1350902528710491,0.13696638982766035,135038400
1997-11-17,0.1388433873653412,0.14212662441368046,0.13755312419205676,0.14165759949632317,205027200
1997-11-18,0.13555938005447388,0.13884345797252495,0.13555938005447388,0.13884345797252495,146641600
1997-11-19,0.13696640729904175,0.13743544472936622,0.13415219524246222,0.13415219524246222,79587200
1997-11-20,0.1388433873653412,0.13978146225079108,0.13602833603472603,0.13649737347745097,128172800
1997-11-21,0.1364973932504654,0.14025050748483894,0.13509029324382568,0.1397814824995387,97776000
1997-11-24,0.13227605819702148,0.13509027025680273,0.13133799586067263,0.13180703329153073,157348800
1997-11-25,0.13040000200271606,0.13415226584394654,0.12664772563611168,0.1327451653378134,205430400
1997-11-26,0.13133801519870758,0.13274511517309406,0.12946187772440254,0.13039995272423965,60412800
1997-11-28,0.13321413099765778,0.134152193319493,0.13086895640501903,0.1322760561504554,41316800
1997-12-01,0.13321413099765778,0.13462123074309418,0.12946185665958262,0.1327450935740566,87236800
1997-12-02,0.11914225667715073,0.13133799372891958,0.11914225667715073,0.13039993140779646,396816000
1997-12-03,0.11820422112941742,0.12101842125557342,0.11773518359993475,0.12054939625146074,343056000
1997-12-04,0.11726613342761993,0.12008033294977938,0.11726613342761993,0.12008033294977938,199640000
1997-12-05,0.11867327243089676,0.12008037265726831,0.11679713462061088,0.11679713462061088,221468800
1997-12-08,0.1167970821261406,0.11820418172009096,0.11538998253219021,0.1167970821261406,133582400
1997-12-09,0.11445192992687225,0.11773516712302542,0.11257579259687497,0.11632806725686952,243051200
1997-12-10,0.11069882661104202,0.11304484082800463,0.1088226891023465,0.11304484082800463,194880000
1997-12-11,0.1092916801571846,0.10929168015718461,0.10413230106988824,0.10835360553887433,256939200
1997-12-12,0.10600848495960236,0.11163774965596254,0.1050704223937588,0.11069883536493136,160563200
1997-12-15,0.1046014130115509,0.1069465824425454,0.10319430634280499,0.10600850715492378,165894400
1997-12-16,0.1074155792593956,0.10788460419956443,0.10507040445707838,0.10507040445707838,185628800
1997-12-17,0.1046014130115509,0.10929175813622642,0.1046014130115509,0.10741562008635622,265294400
1997-12-18,0.10366333276033401,0.10507043301401066,0.1031942951673179,0.10507043301401066,202048000
1997-12-19,0.10272525250911713,0.10413235260762796,0.09944200850811662,0.10178718368921486,190612800
1997-12-22,0.09991101920604706,0.10507039319798403,0.09897295063817821,0.10413232463011518,159476800
1997-12-23,0.09709598124027252,0.09991103278884997,0.09709598124027252,0.0985039266144103,458830400
1997-12-24,0.09850393235683441,0.09944200110691877,0.097565024407003,0.097565024407003,97832000
1997-12-26,0.09991101920604706,0.10038005035863976,0.09756500545544916,0.09803403660804184,107878400
1997-12-29,0.09850393235683441,0.10084910736338766,0.09662695565691863,0.09991103861330329,278196800
1997-12-30,0.09897294640541077,0.10084908346091188,0.09568886422739406,0.09756500128289519,342507200
1997-12-31,0.09850393235683441,0.10225620735717186,0.09709598690061848,0.09850393235683441,406358400
1998-01-02,0.1219564750790596,0.1219564750790596,0.10131812595472392,0.10225619458766452,718110400
1998-01-05,0.11914225667715073,0.12430164328211288,0.11398288259755572,0.12383260585886775,651873600
1998-01-06,0.14212661981582642,0.15010020598273108,0.11069880750230848,0.11961129519855467,1812473600
1998-01-07,0.13133801519870758,0.1425956792442733,0.1299309152243211,0.14118857926988682,1041622400
1998-01-08,0.1364973932504654,0.1397814824995387,0.12711670566391828,0.1308689806985371,774020800
1998-01-09,0.1364973932504654,0.14540988252609752,0.13133801820920685,0.13602835573979566,886547200
1998-01-12,0.13696640729904175,0.13978145855523225,0.1285237961800378,0.13086895828092554,516398400
1998-01-13,0.14634796977043152,0.14728603234474857,0.13884341907441314,0.13978149417410068,636854400
1998-01-14,0.1482240855693817,0.14963118548588136,0.14447181077513688,0.1491621480052586,589265600
1998-01-15,0.144002765417099,0.14822407746104727,0.13978146589851875,0.144002765417099,559272000
1998-01-16,0.1411886215209961,0.14587896034767175,0.1402505462404372,0.14587896034767175,246355200
1998-01-20,0.1430647224187851,0.14494085996750622,0.13978148483986552,0.1430647224187851,241561600
1998-01-21,0.14189212024211884,0.14306470765473156,0.13931243294451817,0.14071953282950608,190209600
1998-01-22,0.14447182416915894,0.14822409931127822,0.13978148650419472,0.14025051150293227,329728000
1998-01-23,0.14634796977043152,0.14775506989459233,0.14447183209642692,0.14540989467074397,233161600
1998-01-26,0.14587891101837158,0.14681698598171822,0.1411885737777446,0.14587891101837158,146440000
1998-01-27,0.14353378117084503,0.14775508188591452,0.14259570599502633,0.14400280623338282,112235200
1998-01-28,0.144002765417099,0.14540986525662575,0.13978146589851875,0.144002765417099,151121600
1998-01-29,0.1388433873653412,0.1435337367418553,0.1388433873653412,0.14212662441368046,211881600
1998-01-30,0.1374354362487793,0.14165758701004397,0.13696639884739722,0.1374354362487793,162444800
1998-02-02,0.13274511694908142,0.13884340615323915,0.13039995446885125,0.13884340615323915,636742400
1998-02-03,0.1374354362487793,0.13978144992988226,0.1327450872856917,0.1327450872856917,402617600
1998-02-04,0.13696640729904175,0.1388433836945833,0.13509027010311117,0.13555930753343565,170195200
1998-02-05,0.1374354362487793,0.1388433751271181,0.13509026176723551,0.13696639884739722,238268800
1998-02-06,0.1388433873653412,0.14025048716814836,0.13696641092017592,0.13790532500525896,202339200
1998-02-09,0.144002765417099,0.14634794016655558,0.13790532860402707,0.13790532860402707,494670400
1998-02-10,0.14587891101837158,0.14681698598171822,0.14306471117906913,0.14353374866074245,422016000
1998-02-11,0.14259566366672516,0.1463479382054263,0.1416576012947338,0.1463479382054263,211668800
1998-02-12,0.14540988206863403,0.14587891957782814,0.1430647195734023,0.1435337570825964,203750400
1998-02-13,0.14634796977043152,0.14916217001875318,0.14259569442242234,0.14400279454658316,207995200
1998-02-17,0.14728602766990662,0.14822410273981979,0.14634796512536358,0.14634796512536358,182750400
1998-02-18,0.15432237088680267,0.15572947077089475,0.14681698227147214,0.14681698227147214,494592000
1998-02-19,0.15338431298732758,0.15713658811200945,0.1501002361847985,0.15666756311545155,399660800
1998-02-20,0.15010027587413788,0.15432242883693903,0.14869317546166078,0.15385339119098898,325416000
1998-02-23,0.15948177874088287,0.16229597909600801,0.15010025081499076,0.15103916515013646,477489600
1998-02-24,0.15995074808597565,0.16041977292819964,0.1557294368284001,0.15995074808597565,456590400
1998-02-25,0.16745617985725403,0.17073941725786296,0.15713657843728548,0.15995079087021385,712667200
1998-02-26,0.17636778950691223,0.17683682689334151,0.16417290513731406,0.1674561417915867,595134400
1998-02-27,0.17730678617954254,0.1791829240749703,0.16933235779270775,0.174960771478991,519601600
1998-03-02,0.17073938250541687,0.17683683109787407,0.1669871083754996,0.17683683109787407,400444800
1998-03-03,0.17355363070964813,0.17402266823930165,0.16229596595039478,0.16417295526879755,334073600
1998-03-04,0.18340420722961426,0.18574938250370834,0.17167750418467187,0.17167750418467187,817824000
1998-03-05,0.1805899441242218,0.18199704378923734,0.1735535815488603,0.17449165634244826,675124800
1998-03-06,0.18340420722961426,0.18387324478950723,0.17542977961307407,0.17918290676668985,666467200
1998-03-09,0.17073938250541687,0.18246608149230234,0.16886324544045825,0.17824476996480382,574929600
1998-03-10,0.1805899441242218,0.18387318085104687,0.17214648188384477,0.17261551928063876,712902400
1998-03-11,0.19606897234916687,0.19653799735248315,0.1843422700844443,0.18856357026651036,1214337600
1998-03-12,0.20263537764549255,0.20263537764549255,0.19184759336475096,0.19606890461386398,744363200
1998-03-13,0.20357434451580048,0.2045124069676675,0.1970070180515404,0.2045124069676675,566160000
1998-03-16,0.20029020309448242,0.20451235353796726,0.1965379292165736,0.20357429133117286,402360000
1998-03-17,0.19771060347557068,0.20029029133750997,0.1941928529935494,0.19888319114470146,410256000
1998-03-18,0.2021663784980774,0.2021663784980774,0.19513086676974709,0.19513086676974709,276998400
1998-03-19,0.20075927674770355,0.20216637657491054,0.19935217692049653,0.20169733912405227,160059200
1998-03-20,0.19794505834579468,0.20169733278397778,0.1951308587798411,0.200290233001001,215476800
1998-03-23,0.19606897234916687,0.19700703488116936,0.18481129508776054,0.19466185976310824,414736000
1998-03-24,0.21014082431793213,0.21014082431793213,0.19700702279806137,0.1979450852725293,675931200
1998-03-25,0.20380887389183044,0.20826469908963727,0.1979450969117446,0.20732663656001107,387374400
1998-03-26,0.1993521749973297,0.2026354120709284,0.19841410010466282,0.20075927481096234,202966400
1998-03-27,0.2021663784980774,0.204981429904286,0.19794506645093202,0.19982120374684462,255595200
1998-03-30,0.2059195190668106,0.20638855658312322,0.20075930476371603,0.20075930476371603,250700800
1998-03-31,0.20638857781887054,0.20873375311636386,0.20451244008595007,0.2059195402542977,266896000
1998-04-01,0.20638857781887054,0.20873375311636386,0.2031045007177513,0.2059195402542977,186883200
1998-04-02,0.20498143136501312,0.2059194937569702,0.20216637993874406,0.20498143136501312,194308800
1998-04-03,0.20310445129871368,0.2045123903243351,0.20122831402229183,0.2035743279488081,203067200
1998-04-06,0.19700703024864197,0.2026354428844172,0.19653799273098493,0.2026354428844172,347592000
1998-04-07,0.19137859344482422,0.19513086806148905,0.18668740471164794,0.19372376821158177,292700800
1998-04-08,0.18762551248073578,0.19044056439848042,0.18528033730335045,0.18950165011757,225198400
1998-04-09,0.1923167109489441,0.19419284867273484,0.1876255211769347,0.1880945587392251,170307200
1998-04-13,0.1984141618013382,0.20029029964468736,0.18762553313352293,0.1923167232044822,288299200
1998-04-14,0.2021663784980774,0.20451239244896585,0.19794506645093202,0.19794506645093202,327846400
1998-04-15,0.2059195190668106,0.20638855658312322,0.19982122973109084,0.20404338152692983,557513600
1998-04-16,0.2148311585187912,0.22233653454021737,0.21154790878539978,0.2195223347977313,1837953600
1998-04-17,0.20967179536819458,0.21483118302695436,0.20779565781738274,0.21436213298253928,592166400
1998-04-20,0.21764616668224335,0.22139844060923056,0.20685753054862377,0.20732656792083862,517776000
1998-04-21,0.21764616668224335,0.21858421637594147,0.21389304103038334,0.2181151915290924,348028800
1998-04-22,0.20638857781887054,0.21764625594161546,0.20638857781887054,0.215769253958102,284950400
1998-04-23,0.20779560506343842,0.21764617956087556,0.2040433309144204,0.2059194679889294,475294400
1998-04-24,0.20967179536819458,0.21201695791268207,0.2063885577856163,0.2082646953364281,215544000
1998-04-27,0.20826467871665955,0.20826467871665955,0.20075928991258146,0.20075928991258146,409796800
1998-04-28,0.2021663784980774,0.21014080433670368,0.19700700406565969,0.20920274195143138,237171200
1998-04-29,0.20263537764549255,0.20591945336080386,0.2007592407042607,0.20216634027884317,189537600
1998-04-30,0.20545050501823425,0.2073266426580388,0.2031044906373265,0.20545050501823425,179950400
1998-05-01,0.21014082431793213,0.21201694926686798,0.20169736022113938,0.20638854936932205,184072000
1998-05-04,0.2181152105331421,0.2213984598993448,0.21670811081926486,0.21670811081926486,571144000
1998-05-05,0.22280557453632355,0.22421267434444572,0.21858425006122167,0.2195223249502149,419283200
1998-05-06,0.22749602794647217,0.22843410336766923,0.21952244949317118,0.22421280154840686,897008000
1998-05-07,0.2265578955411911,0.22984197247560517,0.22421272036274276,0.2293720957350329,552899200
1998-05-08,0.2284339964389801,0.22890302140465585,0.22468172156136057,0.22561979654344994,270816000
1998-05-11,0.23218713700771332,0.23734651214343366,0.23078003697531135,0.2317180869630864,665022400
1998-05-12,0.22608879208564758,0.23077999305992627,0.2246816923210042,0.2293720415703052,257812800
1998-05-13,0.2284339964389801,0.23124904805959884,0.22233654663150612,0.22561979654344994,314417600
1998-05-14,0.2256198227405548,0.2284340229628466,0.22327464753839804,0.22796499794271158,162680000
1998-05-15,0.22186754643917084,0.2279649969274754,0.21952237124745824,0.22561982173576284,272585600
1998-05-18,0.2138931155204773,0.22186754272333556,0.21295504044935498,0.22046044264202225,232388800
1998-05-19,0.2204604297876358,0.22092945477047937,0.21623827806470747,0.21717717975551434,218265600
1998-05-20,0.22186754643917084,0.2242127216308834,0.21576924422568258,0.22233657145721708,190176000
1998-05-21,0.2167081981897354,0.22280564944200842,0.2148312211064539,0.22186757423764092,130995200
1998-05-22,0.2092028260231018,0.215769290409588,0.20498151227955058,0.215769290409588,266593600
1998-05-26,0.20029020309448242,0.21201688876841931,0.19982116572840242,0.2106097891955449,311774400
1998-05-27,0.20075927674770355,0.20122831419856185,0.1923166652590936,0.19278569018458402,370193600
1998-05-28,0.2059195190668106,0.2092027691556292,0.20075930476371603,0.20075930476371603,298491200
1998-05-29,0.19982118904590607,0.20685755198159153,0.19841408930883458,0.2063885145607787,216720000
1998-06-01,0.19700703024864197,0.2073266322100153,0.19231669264818074,0.1988831677939004,319692800
1998-06-02,0.20169739425182343,0.2049814839797161,0.1951309182465348,0.1984141562491791,179300800
1998-06-03,0.19747602939605713,0.20451237989201496,0.19653795454301412,0.20357431756433916,145140800
1998-06-04,0.20122835040092468,0.2016973754107959,0.19372379993854325,0.19982123779520056,156139200
1998-06-05,0.20169739425182343,0.20451244640066085,0.19794511867012385,0.20169739425182343,123323200
1998-06-08,0.20451244711875916,0.2077956851329318,0.2012283699047065,0.20263547012144173,126627200
1998-06-09,0.2120169699192047,0.21389312010163264,0.205450506907559,0.205450506907559,275744000
1998-06-10,0.2106098085641861,0.21764618385124823,0.20732658427578257,0.21014078368033803,229230400
1998-06-11,0.2087336778640747,0.2148311264291678,0.2087336778640747,0.21154787718619988,180118400
1998-06-12,0.21107886731624603,0.2120169171231277,0.20545045574665058,0.20732659293651573,223854400
1998-06-15,0.20638857781887054,0.21201697849226106,0.20451244008595007,0.20451244008595007,136662400
1998-06-16,0.21014082431793213,0.21107889931776924,0.20498144939493557,0.20779564934370853,129684800
1998-06-17,0.21107886731624603,0.21436209174180096,0.20967175502982172,0.21014079245862982,187174400
1998-06-18,0.20498143136501312,0.21060983076749176,0.20404335644768795,0.20826466852491501,119996800
1998-06-19,0.20310445129871368,0.20591949015030953,0.2007592765718444,0.20545046522522997,137558400
1998-06-22,0.20545050501823425,0.20685760511674509,0.20075931545622827,0.20263545309603279,134568000
1998-06-23,0.2087336778640747,0.21107885231608994,0.20451236635552053,0.20591946601658312,231056000
1998-06-24,0.2120169699192047,0.2148311951928466,0.20498146936195202,0.20826470713046008,273795200
1998-06-25,0.21436208486557007,0.21623823452062005,0.21248596026125385,0.21436208486557007,191811200
1998-06-26,0.21154795587062836,0.21483120633478833,0.20826471793183943,0.21389313119492231,111115200
1998-06-29,0.21530017256736755,0.21623824745098646,0.21060982320000823,0.21201692300006897,166185600
1998-06-30,0.21530017256736755,0.21623824745098646,0.21107887316718532,0.21483114765092573,131062400
1998-07-01,0.22468169033527374,0.22515071523576477,0.21389306549313492,0.21670811672252002,314115200
1998-07-02,0.21764616668224335,0.22561973938306684,0.21764616668224335,0.22280554020050933,298110400
1998-07-06,0.22796489298343658,0.22796489298343656,0.21858419649385658,0.22139842047116814,270950400
1998-07-07,0.22890296578407288,0.23171801672066913,0.2251506918182094,0.22796491608065586,241472000
1998-07-08,0.24438278377056122,0.24719698291112785,0.23031091129213685,0.23077996118271873,932814400
1998-07-09,0.23781552910804749,0.252356430710895,0.23593940414510087,0.24719705574936865,566608000
1998-07-10,0.24062970280647278,0.2448518540253034,0.23828452807077605,0.24156777771089863,302523200
1998-07-13,0.25470155477523804,0.2561095062037248,0.23922258126055765,0.239691631195562,715388800
1998-07-14,0.25094932317733765,0.25517062300504295,0.24860414825614435,0.2547015980410994,548531200
1998-07-15,0.25845471024513245,0.26033083504722493,0.25141833414809067,0.25282545906308057,594966400
1998-07-16,0.2814382314682007,0.28612943313597466,0.2683044299645061,0.2842532831386112,2561350400
1998-07-17,0.2767479419708252,0.27956214227605297,0.27158856639432705,0.27956214227605297,629552000
1998-07-20,0.27205750346183777,0.2748717028571288,0.26642825294631856,0.27440267797482476,383891200
1998-07-21,0.26736631989479065,0.2776858940819118,0.2668972699755543,0.2711194206691973,329504000
1998-07-22,0.26267603039741516,0.26736638034586235,0.25704763049986923,0.2622070054228658,280728000
1998-07-23,0.2622070014476776,0.26736637629245547,0.26079990149462345,0.2612689264620622,253131200
1998-07-24,0.26033085584640503,0.26642830577915116,0.25376352921324097,0.26549023077778905,271286400
1998-07-27,0.25845471024513245,0.2617379349114784,0.24954220934599822,0.257047610380879,214233600
1998-07-28,0.25235646963119507,0.2598618724671089,0.2476661439750822,0.2556397201361422,225377600
1998-07-29,0.26361414790153503,0.2692434004318279,0.25282551961636474,0.25329454466653817,447720000
1998-07-30,0.27393364906311035,0.27580977361546316,0.2664282490273084,0.2687734235057992,362297600
1998-07-31,0.2598617672920227,0.2758097648846764,0.2589236925201746,0.2748716901128283,183108800
1998-08-03,0.26361414790153503,0.2668973733542339,0.24954226911292346,0.2570476719453949,301761600
1998-08-04,0.25657856464385986,0.27018141534973183,0.2551706130312384,0.2664282889075824,293921600
1998-08-05,0.27018141746520996,0.27018141746520996,0.25141834028270726,0.2532944901813143,454081600
1998-08-06,0.2767479419708252,0.2767479419708252,0.2617379885500757,0.2631450887026896,438614400
1998-08-07,0.27393364906311035,0.2805001225724448,0.2701813749076717,0.2790930228954969,298020800
1998-08-10,0.28472232818603516,0.2856603781175803,0.27205755187770764,0.2725265768434802,488600000
1998-08-11,0.29269593954086304,0.30770586760735413,0.2805002117226936,0.2833152636962106,1759475200
1998-08-12,0.3006701171398163,0.3072365872796317,0.296331131991483,0.29832494386472785,689774400
1998-08-13,0.29597994685173035,0.3058296704525248,0.29551092193768685,0.29973222131628374,390779200
1998-08-14,0.30395352840423584,0.305829678209466,0.2964490043355225,0.30536065328352635,450777600
1998-08-17,0.3147422969341278,0.3213087736138763,0.2992633162385109,0.30770591837643957,930876800
1998-08-18,0.3194325864315033,0.3255308890345944,0.3170874110899643,0.3184945363354815,605953600
1998-08-19,0.3077058494091034,0.32834505352753623,0.3077058494091034,0.3264689284898594,485990400
1998-08-20,0.3048917353153229,0.3086448632250494,0.3020775344397535,0.30770593619089226,391921600
1998-08-21,0.3227166533470154,0.3269379534696238,0.2926959222151325,0.30020132419207435,813377600
1998-08-24,0.3091137707233429,0.326468896328299,0.301139344534865,0.3259998463270329,610176000
1998-08-25,0.30629870295524597,0.31802540327847817,0.30254642839772844,0.31802540327847817,495566400
1998-08-26,0.30301564931869507,0.3086449035303313,0.2964491714012819,0.2992633726443519,406481600
1998-08-27,0.2814382314682007,0.2945720329718953,0.26736638001656265,0.2945720329718953,1114243200
1998-08-28,0.25657856464385986,0.2889436156095336,0.256109539698249,0.27862401467514814,932254400
1998-08-31,0.23406317830085754,0.26173787255575603,0.23265607877182765,0.2607998229035564,868224000
1998-09-01,0.2561095952987671,0.2654902716026547,0.22984198817711082,0.23547038894929492,869075200
1998-09-02,0.2668972313404083,0.28050007784088354,0.26455205723590425,0.26642820653979915,843001600
1998-09-03,0.2598617672920227,0.26361404132868277,0.2551705667586169,0.2626759665568347,409752000
1998-09-04,0.26361414790153503,0.27346470103561604,0.25329454466653817,0.2664283483040605,377272000
1998-09-08,0.28706756234169006,0.28706756234169006,0.2758098836588305,0.28519141199005266,402796800
1998-09-09,0.2805001735687256,0.2861294250248667,0.2776859486524571,0.28566037501345315,354692800
1998-09-10,0.2861294448375702,0.2870675198746156,0.26830444093712735,0.2720575677597081,526881600
1998-09-11,0.2823772430419922,0.29738717400256465,0.276747989734771,0.2889437199044127,352284800
1998-09-14,0.2790931165218353,0.29128884455514176,0.2786240664383468,0.2870675441081941,247072000
1998-09-15,0.2865985929965973,0.2894127942663984,0.2739338355569878,0.27580996138660513,433652800
1998-09-16,0.2800310254096985,0.2908196478549388,0.2776858513267998,0.28988159826236237,258876800
1998-09-17,0.27018141746520996,0.2786240168567305,0.2692433425159064,0.2706504424144932,269292800
1998-09-18,0.2758098542690277,0.2758098542690277,0.26689735195004366,0.27065047892791333,305076800
1998-09-21,0.27721697092056274,0.27721697092056274,0.26502124268351396,0.2678354430284932,295870400
1998-09-22,0.2776859700679779,0.282377171964559,0.27299564494728146,0.278624045112413,257936000
1998-09-23,0.28753650188446045,0.2880055268074998,0.2744027018069916,0.27956207616336687,287918400
1998-09-24,0.28894364833831787,0.29691807534644254,0.28331524815050874,0.28425329814798383,482843200
1998-09-25,0.29081976413726807,0.29410301417625745,0.2823771641239905,0.2865984641306293,228289600
1998-09-28,0.2931649386882782,0.3016084154638914,0.2851913636715974,0.2983251654301611,405417600
1998-09-29,0.2964490056037903,0.3002012801795678,0.28612940505806606,0.29316490423093894,305132800
1998-09-30,0.2861294448375702,0.2945720450187607,0.2851913698005248,0.29081976992131847,167182400
1998-10-01,0.267835408449173,0.2851913618200541,0.26549023344755385,0.27580983513920165,370216000
1998-10-02,0.2631450891494751,0.27205759189020223,0.25610958837446024,0.2664283395449764,475574400
1998-10-05,0.24156774580478668,0.25939271978018796,0.23640837208799498,0.25517056911901626,551880000
1998-10-06,0.24438278377056122,0.257516581518553,0.24391375893071052,0.25282540624299227,399862400
1998-10-07,0.2396916151046753,0.2500111889459392,0.239222565201159,0.24297569090051355,473356800
1998-10-08,0.2312491089105606,0.2340633095466204,0.21389315150373683,0.2326562092285905,689214400
1998-10-09,0.26361414790153503,0.2645521980018819,0.2307800646703503,0.23828459072683733,668236800
1998-10-12,0.28096917271614075,0.288474573426923,0.27440269861626615,0.28143819763372635,622899200
1998-10-13,0.29081976413726807,0.29410301417625745,0.2701814373627774,0.28566038911224106,941628800
1998-10-14,0.2805001735687256,0.3100518523827752,0.2762788487196917,0.2983251511841589,2280017600
1998-10-15,0.27487173676490784,0.2795620863694766,0.2664282858125257,0.2720575370224612,840672000
1998-10-16,0.275340735912323,0.2856603097705133,0.27393363630092993,0.2786239599886629,615563200
1998-10-19,0.2814382314682007,0.2856603831112646,0.2692433566882914,0.27534080660361526,475776000
1998-10-20,0.27065032720565796,0.28659832102654337,0.2701813024560264,0.2847221969772908,382088000
1998-10-21,0.2786240577697754,0.28096923296203025,0.2683044552392627,0.2758098575593658,430617600
1998-10-22,0.2758098542690277,0.2823771814237343,0.27205757901633176,0.27674792934488684,317374400
1998-10-23,0.26642826199531555,0.27674786188730477,0.26361406250444275,0.2758097870401024,355980800
1998-10-26,0.28096917271614075,0.2833151991305405,0.26642827298789834,0.27065042412337564,475843200
1998-10-27,0.26455211639404297,0.2922268403841191,0.263145016626836,0.2851913164973497,538193600
1998-10-28,0.2762789726257324,0.27768607318955657,0.26361421582585365,0.26455226616790384,363708800
1998-10-29,0.2734646499156952,0.28096919962006695,0.2687734734134334,0.2734646499156952,344579200
1998-10-30,0.2786240577697754,0.2814382579801849,0.27205758226190624,0.27627888257752053,317643200
1998-11-02,0.2823772430419922,0.2833153183225511,0.2795621905257018,0.2814383160360737,253769600
1998-11-03,0.28378424048423767,0.2870674902497007,0.2800311140489737,0.2805001640444609,370451200
1998-11-04,0.29035070538520813,0.2936339550423505,0.286129405869513,0.2894126304759194,627883200
1998-11-05,0.2865985929965973,0.295511098776972,0.28566051755641353,0.28800569363149786,607118400
1998-11-06,0.2856603264808655,0.2870674512253034,0.2795620511001219,0.28425322678716086,797339200
1998-11-09,0.27487173676490784,0.28612941251047314,0.2664282858125257,0.2828461627771277,660788800
1998-11-10,0.26361414790153503,0.2720576008343533,0.26267607275044574,0.2715885757841799,883982400
1998-11-11,0.25188741087913513,0.26877348781871796,0.24578996078618967,0.2683044377803443,948505600
1998-11-12,0.25517070293426514,0.25845480558787526,0.24672810063430867,0.2486042261284949,595100800
1998-11-13,0.267835408449173,0.2706504601559351,0.2603308584642872,0.26220700848587797,791817600
1998-11-16,0.27018141746520996,0.275809817059557,0.2659592660443909,0.2697123674651897,384529600
1998-11-17,0.26126885414123535,0.2687734018473778,0.2607998293036256,0.268304351959037,210728000
1998-11-18,0.2659592628479004,0.27018141421797454,0.261737938152138,0.2640831129718423,329660800
1998-11-19,0.26830434799194336,0.2790929962788845,0.2659591987878384,0.26642822361851326,346528000
1998-11-20,0.2650211751461029,0.2758098004613126,0.2607998757043806,0.27346462575455505,399224000
1998-11-23,0.27205750346183777,0.2762788025547743,0.2640830784333315,0.26689727782862255,577953600
1998-11-24,0.2697123885154724,0.2758098385857283,0.2683044367819402,0.2711194885238793,319748800
1998-11-25,0.26361414790153503,0.2706505006330906,0.2622070477002723,0.2692434004318279,303800000
1998-11-27,0.2631450891494751,0.26361413923497046,0.26079993892496456,0.2631450891494751,153104000
1998-11-30,0.2396916151046753,0.2612688625942357,0.2382844904448583,0.25939271308163425,561489600
1998-12-01,0.2561095952987671,0.2612689710235166,0.23734653924051782,0.24016073962660986,865737600
1998-12-02,0.27018141746520996,0.27674789200886046,0.25141834028270726,0.2561095417035466,962483200
1998-12-03,0.252825528383255,0.2739337606353639,0.25235647826607455,0.2725266353345658,626046400
1998-12-04,0.24578991532325745,0.2584546898793508,0.24016066458478078,0.25751661502685497,721369600
1998-12-07,0.25329455733299255,0.25329455733299255,0.24579000585048438,0.2504803567897379,566596800
1998-12-08,0.24062970280647278,0.2547015778949353,0.24016067787962775,0.2547015778949353,680108800
1998-12-09,0.24016058444976807,0.2467279078494045,0.23734638588203621,0.24532080856553856,592916800
1998-12-10,0.24016058444976807,0.24719693259378445,0.2392225099102821,0.24532080856553856,391249600
1998-12-11,0.25329455733299255,0.2551706826782478,0.24016075303869053,0.24203687838394572,689998400
1998-12-14,0.24391379952430725,0.2500112236600611,0.24203679802620015,0.24672799913322985,501446400
1998-12-15,0.25188741087913513,0.25235643586676976,0.24578996078618967,0.24578996078618967,264712000
1998-12-16,0.2462589591741562,0.256578559918487,0.24485185931250117,0.25329448353316764,374348800
1998-12-17,0.25094932317733765,0.253294498098531,0.24578994837100748,0.24719704831357592,330612800
1998-12-18,0.2640830874443054,0.26549018718996364,0.24954218831371483,0.2504802631610651,791492800
1998-12-21,0.2631450891494751,0.2673664146652256,0.2570476634947094,0.26549026442472723,357448000
1998-12-22,0.2851913273334503,0.2861294022308095,0.2701814025043697,0.2729956021457117,1150800000
1998-12-23,0.29879409074783325,0.30395346404364154,0.28800546760475454,0.28988161701271964,1235035200
1998-12-24,0.29457205533981323,0.30020133243372027,0.2941030303302268,0.2992632573638071,199987200
1998-12-28,0.3067677617073059,0.3086447382394071,0.2926958862517312,0.2926958862517312,725312000
1998-12-29,0.30629870295524597,0.3114589290655065,0.30207740347206463,0.3086447294100523,387352000
1998-12-30,0.3006701171398163,0.3086445379590283,0.3002010925050867,0.30113914177454587,237361600
1998-12-31,0.30723685026168823,0.3105209273417578,0.29644907402325477,0.30395359985609366,271689600
1999-01-04,0.30958282947540283,0.3170873541496794,0.3002013031194186,0.316149304222106,952884800
1999-01-05,0.32506170868873596,0.3297520574924651,0.3114588855141962,0.31474213468695306,1410113600
1999-01-06,0.3133350908756256,0.33115921611839316,0.3077058145732698,0.33115921611839316,1348569600
1999-01-07,0.3377265930175781,0.33819561803163745,0.31614933810865037,0.3170873881367689,1429019200
1999-01-08,0.3377265930175781,0.3517984707226785,0.3302211907630102,0.3494532955509011,678832000
1999-01-11,0.3442929983139038,0.34570009812010716,0.3367884493136625,0.3433549234261898,560974400
1999-01-12,0.346169114112854,0.34992221491887554,0.3311591658605939,0.3475762137809506,820736000
1999-01-13,0.3489843010902405,0.35508172700979973,0.31708741589761147,0.32177861837705507,1047816000
1999-01-14,0.31052079796791077,0.34523101600535444,0.30817479698840045,0.34147874212689294,1723859200
1999-01-15,0.3100518584251404,0.3161493082864441,0.30020130697873315,0.3138041333358859,1006006400
1999-01-19,0.3067677617073059,0.31755638743710346,0.30301548704244763,0.31474218770114387,534889600
1999-01-20,0.30442261695861816,0.31521124375331266,0.30395356692250275,0.3081748919938467,778120000
1999-01-21,0.2912887632846832,0.30442256276985485,0.2814381882141941,0.30348448791534505,600488000
1999-01-22,0.29081976413726807,0.29644904092198016,0.2781550123922302,0.28284618910781517,345766400
1999-01-25,0.29551100730895996,0.296918107508328,0.291288854985615,0.294572080433893,385336000
1999-01-26,0.30395352840423584,0.30676775311208104,0.2973870541874018,0.29973222891857165,560044800
1999-01-27,0.30113935470581055,0.3105208811134727,0.2997322547559616,0.30770582948868497,364952000
1999-01-28,0.3067677617073059,0.30958281316830577,0.30254643705263007,0.3067677617073059,336280000
1999-01-29,0.3091137707233429,0.31192797052799154,0.30020129463380685,0.3091137707233429,242715200
1999-02-01,0.30723685026168823,0.3147422528704854,0.302546499696765,0.31286610262421943,278913600
1999-02-02,0.29410305619239807,0.30582975964508646,0.29269595598916404,0.3030155592386184,307160000
1999-02-03,0.30160847306251526,0.30442267359986547,0.290819819209732,0.2926959696017945,338744000
1999-02-04,0.28425323963165283,0.30207738834990644,0.2833151898272846,0.3016083634477223,463780800
1999-02-05,0.2725266218185425,0.2880056005774768,0.26642834432905993,0.28706755049112526,777201600
1999-02-08,0.28331518173217773,0.2847222814492599,0.27205750721983785,0.2753407565935187,468227200
1999-02-09,0.2790931165218353,0.29316496973687134,0.27815504140559977,0.28472236884297597,701153600
1999-02-10,0.28753650188446045,0.29035070152416775,0.2701814023474307,0.27674787652365956,563628800
1999-02-11,0.2973870635032654,0.29832513843526637,0.2894126374830556,0.2908197373556888,565196800
1999-02-12,0.28284624218940735,0.29363404429856554,0.27768601447084185,0.29363404429856554,428904000
1999-02-16,0.28753650188446045,0.29175780134402135,0.2842532522709782,0.29175780134402135,300227200
1999-02-17,0.2776859700679779,0.29035074721540854,0.2772169450711301,0.2861294470915599,296060800
1999-02-18,0.27018141746520996,0.2842532681761363,0.2668973159429574,0.28190726665392424,500169600
1999-02-19,0.2790931165218353,0.28284621861050485,0.271588565693434,0.27205759072618096,361692800
1999-02-22,0.2884746491909027,0.29175787457776725,0.2795621463358796,0.2805002214681589,298670400
1999-02-23,0.2884746491909027,0.2969181019544152,0.28472237371252757,0.28941269927244007,322179200
1999-02-24,0.28096917271614075,0.2926958728373991,0.2805001477985552,0.2912887730339071,212755200
1999-02-25,0.27721697092056274,0.2828462233357459,0.2739337455350009,0.28003117126554206,264600000
1999-02-26,0.26126885414123535,0.27768587579120557,0.25892367985172443,0.27393362698886536,667251200
1999-03-01,0.25329455733299255,0.26126898561441314,0.2523564821349931,0.26126898561441314,487827200
1999-03-02,0.2598617672920227,0.26502114096108875,0.253294442265653,0.25610949325536264,683054400
1999-03-03,0.25657856464385986,0.2636140891324436,0.25141833831414107,0.26079988935730486,293350400
1999-03-04,0.25094932317733765,0.2589237495938901,0.24297574848587064,0.2589237495938901,367270400
1999-03-05,0.24907313287258148,0.2575165820361111,0.24297568468861167,0.2575165820361111,468036800
1999-03-08,0.2579857110977173,0.26033088635054813,0.24907323349294042,0.24954225852321002,550670400
1999-03-09,0.2561095952987671,0.2579857205392477,0.2514183928962151,0.2575166954918131,319692800
1999-03-10,0.24438278377056122,0.2565785067881204,0.2434447090401286,0.2565785067881204,546280000
1999-03-11,0.24156774580478668,0.2542325193892232,0.2401606461593646,0.24203677066968318,473659200
1999-03-12,0.24907313287258148,0.2514182821272795,0.24250580812295652,0.24250580812295652,271398400
1999-03-15,0.2556396424770355,0.2626759930742912,0.2495421934205766,0.2500112183284831,352161600
1999-03-16,0.26642826199531555,0.2668972868935496,0.26220696275900635,0.2626759876572404,399828800
1999-03-17,0.2556396424770355,0.2706504185380947,0.2547015676104877,0.2697123436715468,366318400
1999-03-18,0.26642826199531555,0.2673663368425179,0.25704758867549476,0.2579856384719629,227080000
1999-03-19,0.25141841173171997,0.27018149424638477,0.24672808575376232,0.2697124441130681,536502400
1999-03-22,0.2631450891494751,0.2640831642697243,0.2471970856337331,0.2551706615289971,593611200
1999-03-23,0.2476661056280136,0.25845473224768883,0.24578995561546585,0.25845473224768883,415553600
1999-03-24,0.252825528383255,0.2532945534496922,0.24391387676574552,0.24954227776596488,400153600
1999-03-25,0.25376343727111816,0.2617378609917084,0.25048021353201727,0.25798558739650074,399963200
1999-03-26,0.24954217672348022,0.2537634757643924,0.24766605216665252,0.2532944508878688,253836800
1999-03-29,0.26549023389816284,0.26595928392972595,0.25094933220936394,0.25141835719018835,568870400
1999-03-30,0.26924338936805725,0.27299566476748316,0.26267606195654025,0.26267606195654025,554523200
1999-03-31,0.2697123885154724,0.2786240386025421,0.2692433635295831,0.27299563856891446,422352000
1999-04-01,0.27065032720565796,0.27534067490487896,0.2683043016313512,0.27065032720565796,262057600
1999-04-05,0.27815505862236023,0.28425333635370853,0.2701814822676772,0.2701814822676772,460936000
1999-04-06,0.2851913273334503,0.28753650205148046,0.2762788267103654,0.2762788267103654,628588800
1999-04-07,0.2786240577697754,0.28706753517692857,0.2729956573489563,0.2856604100209831,411812800
1999-04-08,0.2767479419708252,0.2781550421234391,0.2701814662417132,0.2767479419708252,296408000
1999-04-09,0.2758098542690277,0.2795621295217237,0.2697124038520542,0.27205757901633176,268542400
1999-04-12,0.27205750346183777,0.2767478524878118,0.2617379039203445,0.262675978735686,395819200
1999-04-13,0.2598617672920227,0.2762787897452343,0.2589236925201746,0.2725265157085742,412384000
1999-04-14,0.2666628360748291,0.2781550128540147,0.26267603602811446,0.26455216101726675,681027200
1999-04-15,0.26830434799194336,0.2715884486837028,0.2575165764805763,0.26549014890643285,1734476800
1999-04-16,0.2659592628479004,0.27065043916162074,0.26455213791548843,0.26924333927994554,502219200
1999-04-19,0.2542324662208557,0.2701813123505103,0.2514182424678258,0.2678352866902883,921816000
1999-04-20,0.2556396424770355,0.26079986839193026,0.2514183181029375,0.2542325427025811,523857600
1999-04-21,0.2579857110977173,0.2579857110977173,0.2514183836950299,0.255170659089411,351400000
1999-04-22,0.27299565076828003,0.2748717758464147,0.2631450734933744,0.2631450734933744,740174400
1999-04-23,0.29410305619239807,0.29598003317170585,0.2720576012154986,0.2720576012154986,1046841600
1999-04-26,0.30723685026168823,0.3095828772693665,0.2945720720517722,0.29644907402325477,927931200
1999-04-27,0.3433549702167511,0.3438240202498954,0.3227166435047078,0.3227166435047078,2106048000
1999-04-28,0.3306902348995209,0.3428859622282701,0.32740698470774326,0.33491238682776175,954990400
1999-04-29,0.3227166533470154,0.33303540368055123,0.3135696263054793,0.3245927783845948,789308800
1999-04-30,0.3452310562133789,0.35367450636011377,0.3302211072265076,0.3302211072265076,1472329600
1999-05-03,0.3719676434993744,0.37525174432464425,0.3433548730992349,0.34570004744941024,1470436800
1999-05-04,0.3489843010902405,0.36493230529855814,0.34663827398789315,0.36211810486633966,811238400
1999-05-05,0.3527365028858185,0.3527365028858185,0.33491235208459935,0.34757627643084743,579297600
1999-05-06,0.3339734375476837,0.35179844072260574,0.33022116260296813,0.3494532657508162,433148800
1999-05-07,0.3442929983139038,0.3442929983139038,0.3208395980261953,0.3349123245889698,434716800
1999-05-10,0.3396027088165283,0.3522674600966337,0.33491235894751226,0.3508603601460764,392996800
1999-05-11,0.335850328207016,0.34663809944891677,0.3269378295668598,0.3367883778449343,458595200
1999-05-12,0.3489843010902405,0.3489843010902405,0.3311592948346977,0.3367885474243857,395124800
1999-05-13,0.3466380834579468,0.35132925830813905,0.3414787104844861,0.34851505942274763,295523200
1999-05-14,0.333035409450531,0.34382403669283934,0.333035409450531,0.338664661436683,226632000
1999-05-17,0.333035409450531,0.33538141125061083,0.32271665893821844,0.32834505919921075,210761600
1999-05-18,0.3396027088165283,0.3452311086187573,0.33303538230525837,0.3363194588980695,418376000
1999-05-19,0.3391335904598236,0.3433548894608545,0.3264688417318124,0.3414787649217517,298278400
1999-05-20,0.31896355748176575,0.3433550140438003,0.31896355748176575,0.3410098637816907,417715200
1999-05-21,0.3297521471977234,0.33256634722523853,0.3194325453378799,0.32271664712893544,463187200
1999-05-24,0.3147422969341278,0.33256642818978366,0.31427324678152385,0.32740705186635666,260926400
1999-05-25,0.3114588260650635,0.3184943479277649,0.3072366762531449,0.31192785083561925,366508800
1999-05-26,0.3306902348995209,0.3330354100292563,0.3095828571082211,0.31333513230564974,437550400
1999-05-27,0.32646888494491577,0.32834500973235203,0.32037058382192807,0.32412371017256825,336761600
1999-05-28,0.3306902348995209,0.33256635997286516,0.3236547095103146,0.3250618095780079,201129600
1999-06-01,0.33631953597068787,0.3400718117156428,0.3330354586252816,0.337726636243703,461025600
1999-06-02,0.34945327043533325,0.35977202040894224,0.3302211670296735,0.3339734420246894,521057600
1999-06-03,0.3560197651386261,0.36024106534786626,0.35132941487231034,0.35179846492938593,488510400
1999-06-04,0.3611798882484436,0.3616489131198712,0.3546125630698761,0.35742676239990717,368681600
1999-06-07,0.3672774136066437,0.3677464385761166,0.35648876212702796,0.3611799637498051,418286400
1999-06-08,0.35789600014686584,0.3663394542930243,0.3569579248609734,0.36587042917545104,313656000
1999-06-09,0.3635251522064209,0.3639941771933217,0.3560197503864462,0.3560197503864462,353785600
1999-06-10,0.3611798882484436,0.3621179630420316,0.3550815879413036,0.3593029119870831,317049600
1999-06-11,0.34851518273353577,0.36399415885543396,0.3471072310678992,0.3611799589743292,185046400
1999-06-14,0.34100979566574097,0.3499222717183703,0.33866462082133286,0.3489842218211966,157080000
1999-06-15,0.34570008516311646,0.3508603110010358,0.33866458639579333,0.3391336112967034,130390400
1999-06-16,0.3597719967365265,0.3607100716862413,0.3480461475426708,0.3480461475426708,225019200
1999-06-17,0.34804612398147583,0.360240997299281,0.3433549228761533,0.3574267976913825,224403200
1999-06-18,0.3536744713783264,0.3546125461270948,0.3391335737758325,0.3405406733736192,208062400
1999-06-21,0.3489843010902405,0.35461270195467753,0.3452311737717839,0.35273657668344605,135150400
1999-06-22,0.3405407667160034,0.35226746833721834,0.3405407667160034,0.3475762916841094,151076800
1999-06-23,0.3278759717941284,0.33843007200002806,0.3269378969122476,0.33819554701687404,531496000
1999-06-24,0.3175564408302307,0.32740699328737627,0.31708739076154824,0.32740699328737627,433361600
1999-06-25,0.316618412733078,0.3203706885857111,0.3156803375072336,0.31896358827231674,294134400
1999-06-28,0.3194325864315033,0.3222476385462913,0.3180254862367284,0.3184945363354815,277692800
1999-06-29,0.3405407667160034,0.3419478666994769,0.3199015884912591,0.3206051384829958,380385600
1999-06-30,0.3475763499736786,0.3522675274135117,0.3372575983305625,0.3428859992083557,343268800
1999-07-01,0.34007176756858826,0.34945329491300875,0.33960274255538514,0.34757631808428097,149217600
1999-07-02,0.3475763499736786,0.3517985023572765,0.339133723606246,0.3417134240423964,123681600
1999-07-06,0.35555073618888855,0.3574268612441628,0.3438240339787373,0.3447621090317443,453812800
1999-07-07,0.37431371212005615,0.38088018601647344,0.3527364623179073,0.3555506618376955,1099156800
1999-07-08,0.40902402997016907,0.41324535554167696,0.3818183731298434,0.38369449834438096,1625041600
1999-07-09,0.4174673557281494,0.4174673557281494,0.39776623197271027,0.409023880986126,608697600
1999-07-12,0.40902402997016907,0.41746750778766817,0.40667887971468264,0.4165294326550284,303912000
1999-07-13,0.402926504611969,0.4066787791640425,0.39682820360849297,0.4015194047862834,283259200
1999-07-14,0.41981270909309387,0.42497208506602213,0.40902405530122005,0.40902405530122005,624556800
1999-07-15,0.39964237809181213,0.4198125528576489,0.38510147904995645,0.41934350291146893,1691804800
1999-07-16,0.39823535084724426,0.4090239775372317,0.39776632586641986,0.40245750255199625,411499200
1999-07-19,0.40855488181114197,0.4188744817333655,0.39260688289068274,0.4048026074620734,561299200
1999-07-20,0.3968283236026764,0.41652945562032945,0.395890248418316,0.40949310263921246,442075200
1999-07-21,0.4057406783103943,0.41606027813084046,0.39682817822562944,0.4057406783103943,718166400
1999-07-22,0.39307600259780884,0.40433368008526577,0.38369447526276923,0.40245752993284845,406728000
1999-07-23,0.4001115560531616,0.40339563319844757,0.3954212053950957,0.3963592805368573,229051200
1999-07-26,0.3822873532772064,0.39776633014488844,0.38181832829133705,0.3968282551224107,351187200
1999-07-27,0.402926504611969,0.4048026293626379,0.3940140039571217,0.3949520788578241,395908800
1999-07-28,0.40808597207069397,0.41559134956103316,0.3977663692363468,0.40433369666275815,328910400
1999-07-29,0.40433356165885925,0.4146531610475707,0.39870431122668115,0.4005812875037792,275475200
1999-07-30,0.4179364740848541,0.42121969901150114,0.40902397247911776,0.40902397247911776,383140800
1999-08-02,0.4184056520462036,0.43529173369502844,0.41652950147096035,0.417467576758582,362443200
1999-08-03,0.41465333104133606,0.43107038579382845,0.40245757704987356,0.4259101330707492,368379200
1999-08-04,0.4038645625114441,0.4193435376782507,0.3996424112252201,0.41418416319765905,371425600
1999-08-05,0.4109001159667969,0.41183819095271285,0.39119983984189755,0.4015194412598512,322537600
1999-08-06,0.40620964765548706,0.41512214652145185,0.40151932419487063,0.4057406228246446,435556800
1999-08-09,0.40855488181114197,0.4141841325343462,0.40714778206158303,0.4078513319363625,233284800
1999-08-10,0.41559121012687683,0.42028155907583264,0.4024574114057571,0.40527163580557035,416225600
1999-08-11,0.44795629382133484,0.44842534378607085,0.4198125694658552,0.42028159437985607,850337600
1999-08-12,0.4503013789653778,0.46062097772665433,0.4399826319289741,0.44326588100907144,666108800
1999-08-13,0.45077043771743774,0.465311335538125,0.4493633380985368,0.45499258829903005,298435200
1999-08-16,0.45405468344688416,0.45546178351470124,0.44654928132620525,0.44889443140540697,276931200
1999-08-17,0.4526467025279999,0.45311655417788044,0.4423279526608161,0.4526467025279999,320936000
1999-08-18,0.4512396454811096,0.46531149831775603,0.44748734511706617,0.4507705954102338,468574400
1999-08-19,0.4409208595752716,0.4540546613273995,0.4395129078508823,0.4488944095373064,550020800
1999-08-20,0.44420427083969116,0.4456113713496943,0.4366988663604136,0.44467327094202835,327947200
1999-08-23,0.4559306502342224,0.460620948506583,0.44514200225976264,0.4456110521275826,355566400
1999-08-24,0.4531165659427643,0.4559308160718636,0.44983251425306314,0.4531165659427643,502264000
1999-08-25,0.4606211483478546,0.461559248490491,0.45123964590667404,0.45546179796928105,295164800
1999-08-26,0.4662502408027649,0.4737547888656658,0.45874489111643196,0.45874489111643196,404488000
1999-08-27,0.48595061898231506,0.4878267688381639,0.4704716687255731,0.47094066861343065,446835200
1999-08-30,0.465780645608902,0.4878269554698427,0.46531159544012346,0.4878269554698427,336593600
1999-08-31,0.4897027909755707,0.49439399154594926,0.4657803935863338,0.469768019284232,634547200
1999-09-01,0.5150324106216431,0.5164395104632457,0.49533216111418205,0.502836660201748,788625600
1999-09-02,0.5295734405517578,0.5361407932150194,0.5018987333656378,0.5075279858369044,895148800
1999-09-03,0.5516197085380554,0.5647535111222949,0.5291043535715322,0.5398930060422344,1635267200
1999-09-07,0.5731971859931946,0.5849238930433704,0.5516199227732103,0.5534960736535778,984793600
1999-09-08,0.5591250061988831,0.5830466050547404,0.5591250061988831,0.5717897563512118,762204800
1999-09-09,0.5670986771583557,0.5699129275156896,0.5544339242818257,0.5666296771833685,534083200
1999-09-10,0.5811704397201538,0.5830465894708406,0.5605320910420168,0.5703817895555503,458763200
1999-09-13,0.562877357006073,0.5783563596963074,0.5614702569275651,0.5783563596963074,252000000
1999-09-14,0.5839846134185791,0.589144814102469,0.5605320662043499,0.5607665911754774,388292800
1999-09-15,0.5656915903091431,0.593835347080167,0.5647535402356674,0.5919591968317323,359576000
1999-09-16,0.5764801502227783,0.5858616514719007,0.5544338477439796,0.5708508987629779,441884800
1999-09-17,0.5774181485176086,0.5835155977188728,0.5722587992559057,0.5802323481333505,277278400
1999-09-20,0.5933662056922913,0.6013406571702271,0.5769492046491501,0.5778872545782894,456668800
1999-09-21,0.5197235345840454,0.5497433802256566,0.5178465333154515,0.549274380415831,3357558400
1999-09-22,0.5276970863342285,0.5375476856596192,0.5179642254514366,0.5234757874060763,1123169600
1999-09-23,0.4751617908477783,0.5347333718225445,0.4728166419794534,0.5337952721940512,1143755200
1999-09-24,0.4873577952384949,0.502954436299745,0.472816892579764,0.4756310927539055,1179875200
1999-09-27,0.4601520299911499,0.5009605280307938,0.4592139300898657,0.4981463285298788,948192000
1999-09-28,0.4474871754646301,0.4653113219077859,0.43107017870061987,0.4615590730677858,1414963200
1999-09-29,0.4432660639286041,0.4596831177272123,0.435291661262997,0.45217771505125587,657283200
1999-09-30,0.4751617908477783,0.48172913956613633,0.4446729016028402,0.4470181005726193,908084800
1999-10-01,0.46320080757141113,0.46859553394137193,0.446549231805771,0.46625033402076294,614790400
1999-10-04,0.4845436215400696,0.48688877177950085,0.4681265678343811,0.4681265678343811,459356800
1999-10-05,0.5098731517791748,0.5112802518706493,0.4859506966722768,0.4925179987905063,814206400
1999-10-06,0.504243791103363,0.5225377918034202,0.5028366412134258,0.5206616420516407,804272000
1999-10-07,0.49814626574516296,0.5150323123473605,0.48688856733394825,0.5136252127742491,605886400
1999-10-08,0.4920479357242584,0.49767718539706973,0.47656893954098467,0.49673913577288925,382804800
1999-10-11,0.5004916787147522,0.5122183830949661,0.49533232759530943,0.49533232759530943,263121600
1999-10-12,0.5079967379570007,0.5225376331140548,0.5028364885070976,0.5094038373181461,563752000
1999-10-13,0.480556845664978,0.5215998807045586,0.478445318644962,0.5000225746240186,636731200
1999-10-14,0.5492745041847229,0.550212554117211,0.5178466500026554,0.519723651694197,1898803200
1999-10-15,0.5595939755439758,0.5689746739349011,0.5267590762037713,0.5337954266711987,1173177600
1999-10-18,0.5497434735298157,0.5572480228768311,0.5337954732304181,0.5544338231343844,776406400
1999-10-19,0.5140945911407471,0.5628775144783296,0.5136255409495281,0.5375480025285949,1022582400
1999-10-20,0.5638155937194824,0.564753643965252,0.5253522269444204,0.5253522269444204,1081404800
1999-10-21,0.571320652961731,0.5783562015317206,0.5431761039128347,0.5445832036065392,793452800
1999-10-22,0.5549026727676392,0.5797631650339873,0.5506813746781452,0.5788250653909076,419507200
1999-10-25,0.5591250061988831,0.5713207063756356,0.5534957551728401,0.5572480046730354,326592000
1999-10-26,0.5633463263511658,0.5666295760977614,0.5502125257412107,0.5624082764670555,361435200
1999-10-27,0.5731971859931946,0.5750733368735621,0.5511508725277433,0.5581872274277506,443072000
1999-10-28,0.5844545364379883,0.5928971859234161,0.5708508840142157,0.5783562852255018,504089600
1999-10-29,0.6013402342796326,0.6083757290541776,0.5914896898707819,0.5914896898707819,523051200
1999-11-01,0.5825775265693665,0.6055618760742927,0.5807013768603468,0.6004025270013251,278577600
1999-11-02,0.6022787094116211,0.6130673608198701,0.5802324066794906,0.5853926582883439,399235200
1999-11-03,0.6116601228713989,0.6247939211990787,0.6079069720591551,0.6125981725925032,328462400
1999-11-04,0.6276083588600159,0.6407421621765526,0.605093002638111,0.6158816557103528,379086400
1999-11-05,0.6627874970436096,0.6632573486720573,0.630422445490941,0.6351127952350643,416808000
1999-11-08,0.7232972979545593,0.7334992134757783,0.6510618240887293,0.6585663756918076,950924800
1999-11-09,0.6726381182670593,0.7092253250974228,0.6604423659564449,0.7082872750914182,809177600
1999-11-10,0.6862407922744751,0.6998435910078113,0.6613802941625522,0.6623183439247453,577897600
1999-11-11,0.6923390626907349,0.6951532619567706,0.6745140638217365,0.6874133371995421,269875200
1999-11-12,0.6801435351371765,0.6904631375587437,0.6557520800869362,0.6899940874948002,279059200
1999-11-15,0.6712308526039124,0.6970294008184931,0.664195354040949,0.672637952316505,259907200
1999-11-16,0.6843645572662354,0.6885858558216489,0.6641952624094992,0.6754520585572689,233856000
1999-11-17,0.6773295998573303,0.7111017687857147,0.6754525972437739,0.6806128513860399,364571200
1999-11-18,0.6726381182670593,0.6838957704701893,0.6637264678548369,0.683426770517927,364784000
1999-11-19,0.6937462687492371,0.6970294683289678,0.6609113169650648,0.6716999675991298,312513600
1999-11-22,0.6801435351371765,0.6885861356792755,0.6698239327156094,0.6885861356792755,202361600
1999-11-23,0.6965605616569519,0.7148537138652683,0.6641955072503418,0.6885861096535424,543312000
1999-11-24,0.7106322646141052,0.7129774141500501,0.6881169652944072,0.6979675152123956,215107200
1999-11-26,0.7134464979171753,0.7167305992293124,0.7064109988743699,0.7111013482700638,132070400
1999-11-29,0.7096942663192749,0.7486266172450985,0.6998436655850052,0.7073490665116811,464161600
1999-11-30,0.7345548272132874,0.7786465311426483,0.7308025272545515,0.7364309270911791,843180800
1999-12-01,0.7734870314598083,0.7842756808490771,0.7509716829240762,0.7580080831830996,618564800
1999-12-02,0.8269605040550232,0.8302437542606632,0.7636366920141787,0.7739562943131546,567358400
1999-12-03,0.8630785942077637,0.8672999442025432,0.8396252413841521,0.841970441392527,647920000
1999-12-06,0.8705831170082092,0.8804336676114596,0.836341917322363,0.8597944664441464,466782400
1999-12-07,0.884185791015625,0.8855928404734463,0.8555729462904134,0.8748050938860951,445020800
1999-12-08,0.8260223269462585,0.8846549279613309,0.8218010273748537,0.8724592275082853,412350400
1999-12-09,0.7899041175842285,0.8330577652888388,0.7570700197343905,0.8330577652888388,855198400
1999-12-10,0.7730180025100708,0.8199239486440144,0.7429981548991139,0.7903731008736502,637761600
1999-12-13,0.7429981827735901,0.769265782137927,0.7425291328139325,0.7684445188460335,529961600
1999-12-14,0.7120395302772522,0.7486267373676343,0.7111014802645811,0.7383071350971692,435870400
1999-12-15,0.7279874682426453,0.72986446992811,0.6834267147441055,0.699843715792704,622977600
1999-12-16,0.7378380298614502,0.7383070798834483,0.7054730272273424,0.7354928799544126,463825600
1999-12-17,0.7505029439926147,0.765512847557867,0.7392452407605141,0.7570702465038243,495006400
1999-12-20,0.7354929447174072,0.747688697276528,0.7251733423100047,0.7472196472132282,283987200
1999-12-21,0.7692659497261047,0.7734872499782431,0.7350238923701611,0.7369000425160496,307596800
1999-12-22,0.7500339150428772,0.7847449755979666,0.7411214119199883,0.7720802219346704,327073600
1999-12-23,0.7767705321311951,0.7823997844238966,0.7584773284601458,0.7641057290276413,229532800
1999-12-27,0.7453432679176331,0.7838066138202915,0.7448742681000006,0.7833375639011937,168392000
1999-12-28,0.7368999719619751,0.7476886233662003,0.7129775192718096,0.7439363234336853,247576000
1999-12-29,0.7556629180908203,0.7669197661977222,0.7167305697461439,0.7265802680008978,284502400
1999-12-30,0.7528479695320129,0.7814615735733191,0.7476886197764206,0.7669198707842583,207144000
1999-12-31,0.771611213684082,0.772080263815133,0.746750705013087,0.7575393590421384,163811200
2000-01-03,0.8400941491127014,0.84431549864423,0.7631674989791675,0.7870899493009756,535796800
2000-01-04,0.7692659497261047,0.8302437604040961,0.7594153974126107,0.8124196075466867,512377600
2000-01-05,0.7805227041244507,0.829774661148282,0.773018154087292,0.7786465540897917,778321600
2000-01-06,0.7129774689674377,0.8030379717499876,0.7129774689674377,0.7964714723821259,767972800
2000-01-07,0.7467507123947144,0.7580084166660991,0.7167308523913654,0.7242354040549221,460734400
2000-01-10,0.733616828918457,0.7673889861737625,0.7111015229990998,0.7655128359341906,505064000
2000-01-11,0.6960912346839905,0.745812223252552,0.6792051892306354,0.7200136793505048,441548800
2000-01-12,0.654344916343689,0.7167306730416629,0.6491846647215528,0.7129775213729977,976068800
2000-01-13,0.7261112332344055,0.7411211826814817,0.6942152347010944,0.7091074957955459,1032684800
2000-01-14,0.7537859082221985,0.7673887064467647,0.7458123101866503,0.7505026590251218,390376000
2000-01-18,0.7800536155700684,0.7955334172685244,0.7537860150247706,0.7580081662720876,459177600
2000-01-19,0.7997547388076782,0.8161717891945548,0.7758322873045903,0.792718387685125,597643200
2000-01-20,0.8518210053443909,0.9118607116743085,0.8518210053443909,0.8668309068761316,1831132800
2000-01-21,0.8354038000106812,0.8574492989363172,0.8269603494225434,0.8574492989363172,495924800
2000-01-24,0.7974096536636353,0.8461917086823837,0.7889661518758544,0.8138266552794563,440876800
2000-01-25,0.8424392342567444,0.8490066347614256,0.7683276411429724,0.7880279388012676,497145600
2000-01-26,0.8269605040550232,0.8569804092115234,0.8236773039508636,0.825553403981389,367158400
2000-01-27,0.8255534768104553,0.8480688335266833,0.8030381701957122,0.8166409737988664,340144000
2000-01-28,0.7626986503601074,0.8321199681766505,0.755194099358323,0.8119506638162095,423348800
2000-01-31,0.7786464095115662,0.7795845094054491,0.7092251636098935,0.7580081116432031,701680000
2000-02-01,0.7523790001869202,0.7880281578648236,0.7505029001299918,0.7805227556074903,318035200
2000-02-02,0.7415902018547058,0.7664507004554073,0.7279873527524592,0.7561319524625401,464195200
2000-02-03,0.7753633856773376,0.7823997376916361,0.7523789811471864,0.7528480312002892,475193600
2000-02-04,0.8105434775352478,0.8255533795681452,0.777708521477309,0.780053721598334,425320000
2000-02-07,0.8560419678688049,0.857449117483017,0.7950641819483122,0.8105431784148676,441067200
2000-02-08,0.8621405959129333,0.8715211955573505,0.8349348929662456,0.8555731941729023,408643200
2000-02-09,0.8452533483505249,0.8790263430727948,0.8438462988917267,0.856511046658923,299364800
2000-02-10,0.8518210053443909,0.8546352053144762,0.8255533520042431,0.8471306052589457,302982400
2000-02-11,0.8161719441413879,0.8565114035881569,0.8124196436827107,0.8527591031294797,212251200
2000-02-14,0.8691757917404175,0.8696448416262089,0.8152335017290879,0.8203929001684079,367539200
2000-02-15,0.8930983543395996,0.9001347047626362,0.8644856061503507,0.8649546560973784,485744000
2000-02-16,0.856511116027832,0.8865318142864789,0.8415012178117032,0.8837168133145792,378246400
2000-02-17,0.8621405959129333,0.8668308957351419,0.8490067944624009,0.8644857458240377,289497600
2000-02-18,0.8349347114562988,0.8658926074495059,0.8321196604092586,0.8602642088052556,233441600
2000-02-22,0.8541663289070129,0.8776197369428348,0.8006930115027843,0.8264916200580239,422296000
2000-02-23,0.8724589347839355,0.8930981292815073,0.8330575467273985,0.849826804579128,473099200
2000-02-24,0.8646026253700256,0.8940366430452236,0.8386871844611812,0.8804337908968863,376432000
2000-02-25,0.8283674120903015,0.8780884603027839,0.8264913124947075,0.8616714114568231,249144000
2000-02-28,0.8499446511268616,0.8630784503649277,0.8133575029739781,0.8264913022120444,328328000
2000-02-29,0.8602643013000488,0.879964600499463,0.8447845500156278,0.85228985057073,368961600
2000-03-01,0.9779990315437317,0.9911328366780945,0.8893464481046692,0.8898154982590419,1077003200
2000-03-02,0.9156137108802795,0.9601745608667832,0.9057631603620198,0.9531390116272803,311259200
2000-03-03,0.9606432914733887,0.9624026543458524,0.9006036055589502,0.9371898961797336,323366400
2000-03-06,0.9432883262634277,0.9690868728987603,0.9381280758405461,0.9456334756070357,210560000
2000-03-07,0.9221801161766052,0.9564221638028934,0.9090463173650603,0.94891676372826,273011200
2000-03-08,0.9156137108802795,0.930154660959189,0.8898151605569756,0.9221802101434232,271230400
2000-03-09,0.9174899458885193,0.9381282458408833,0.8874700448323756,0.9071703449990765,276718400
2000-03-10,0.9437576532363892,0.9601747054905678,0.9081084468223147,0.9132686987601173,248606400
2000-03-13,0.9104535579681396,0.9493859083576965,0.896850707871151,0.9165518088653769,303956800
2000-03-14,0.8574493527412415,0.9324998578304962,0.8555731527408527,0.9097499808977749,428579200
2000-03-15,0.8724589347839355,0.902479626872636,0.85651093999503,0.867768636901473,443609600
2000-03-16,0.912329912185669,0.91561396434991,0.8593256469368,0.8804339037458011,378100800
2000-03-17,0.9381282329559326,0.9381282329559326,0.8977887315643986,0.9015419330908638,305043200
2000-03-20,0.9231180548667908,0.9475094485171345,0.9184276566029712,0.9268711550605859,204489600
2000-03-21,1.0127100944519043,1.026312848847828,0.9127998113596982,0.9198353629125371,524328000
2000-03-22,1.082131266593933,1.0835392185433539,0.9873804391865695,0.9965274674196403,567996800
2000-03-23,1.0605545043945312,1.1285686510958888,1.0507039544160062,1.0657138534459043,562564800
2000-03-24,1.0408540964126587,1.0802555208979079,1.0169316311986074,1.068997813583116,446913600
2000-03-27,1.0474203824996948,1.0863527188537114,1.0272502388016775,1.0328795378970803,279182400
2000-03-28,1.0441375970840454,1.065713997942771,1.029126794192441,1.0300648942209527,202966400
2000-03-29,1.0202151536941528,1.0464827563520356,1.0043839890994204,1.0460138065365185,239836800
2000-03-30,0.9437576532363892,1.033349017897877,0.9414124030013458,1.0023903119538895,414400000
2000-03-31,1.0192768573760986,1.0300646038511725,0.945633420620879,0.9564220689222588,404633600
2000-04-03,1.000514030456543,1.0469517849897678,0.9714322284847035,1.0169310813765482,328563200
2000-04-04,0.9554840922355652,0.99816873923102,0.8762122470906638,0.9953545397792419,660329600
2000-04-05,0.978468656539917,0.9972308587722305,0.9306238484323192,0.9491514755403238,457665600
2000-04-06,0.9395362734794617,1.0094266321427732,0.9249945200438531,0.9803448287217906,259627200
2000-04-07,0.988787829875946,0.989725830118093,0.9418818055888621,0.9550156126328404,242435200
2000-04-10,0.9381282329559326,0.9962927361186478,0.9362521332074275,0.9883182851073097,212262400
2000-04-11,0.8963817954063416,0.9371902517546359,0.8860621933507851,0.9268715515257032,541822400
2000-04-12,0.8199240565299988,0.8930984623960939,0.7870900051492947,0.8930984623960939,941136000
2000-04-13,0.8541663289070129,0.9006040948544757,0.814295865915932,0.8368112238048792,529827200
2000-04-14,0.8396254181861877,0.8855932819468932,0.8180481106024401,0.8203933111046497,667620800
2000-04-17,0.9296859502792358,0.9301550004267788,0.8185172074968513,0.8218013100519986,409561600
2000-04-18,0.9522011876106262,0.9522011876106262,0.8959128694681698,0.9268716799235053,390924800
2000-04-19,0.909046471118927,0.9775296761281873,0.8987268699304061,0.9470408243970713,520150400
2000-04-20,0.8921607136726379,0.936252533621189,0.878557857395209,0.9282788808232663,722120000
2000-04-24,0.9043560028076172,0.9043560028076172,0.8612023078954971,0.8630784073742999,443620800
2000-04-25,0.9629886746406555,0.9662727256028931,0.9160826791584732,0.9165517290930016,391641600
2000-04-26,0.9104535579681396,0.9606435085779237,0.9006038090945694,0.9503239081054584,366912000
2000-04-27,0.9512621164321899,0.9531391181709861,0.8749221951367011,0.8794956583740563,326603200
2000-04-28,0.9310922622680664,0.9568909017543407,0.9104531703138267,0.9540767033034038,249580800
2000-05-01,0.9329689741134644,0.9390672257656676,0.9146758224041387,0.9371902240083421,226195200
2000-05-02,0.8846549987792969,0.9475098062239026,0.8818407988397461,0.9249945032572922,236432000
2000-05-03,0.8635476231575012,0.9099845762289333,0.8377490709550494,0.8926294252306746,489798400
2000-05-04,0.8307127952575684,0.8649548519866216,0.8297746951510583,0.8640167518801114,399515200
2000-05-05,0.8490068912506104,0.8612025940458505,0.8309473610810703,0.8316508860940139,284076800
2000-05-08,0.8264915943145752,0.853228202082414,0.8255534940954331,0.8412669733749792,184900800
2000-05-09,0.7913114428520203,0.8349350046656453,0.7870901423864121,0.8278986521644175,327140800
2000-05-10,0.7453432679176331,0.788027912787776,0.7411211172252368,0.7809915627837234,535091200
2000-05-11,0.771611213684082,0.7823998677131335,0.7429984542691439,0.7608226097565187,499744000
2000-05-12,0.8077291250228882,0.829305574640422,0.7862687104155464,0.7955334245993472,306913600
2000-05-15,0.7580082416534424,0.8110124478944004,0.7514408899507692,0.8110124478944004,678932800
2000-05-16,0.7931877374649048,0.8185172483193351,0.7711422792279198,0.7843929215061206,440451200
2000-05-17,0.7608221769332886,0.7781772724164927,0.753316777888355,0.7777082225522791,398092800
2000-05-18,0.7561320662498474,0.7875590182472535,0.7551939662265728,0.7730181171761686,373777600
2000-05-19,0.705473005771637,0.7448744088565856,0.7007818042736612,0.7448744088565856,740667200
2000-05-22,0.6749832630157471,0.7035968670906132,0.6454324106355044,0.7035968670906132,755507200
2000-05-23,0.6440253257751465,0.7007818318902569,0.6426182257979717,0.6792054304813118,517585600
2000-05-24,0.658096969127655,0.6735759157059689,0.6229168755483265,0.6468393211457439,678462400
2000-05-25,0.6549306511878967,0.6953877871808796,0.6454323146399394,0.6641953645895473,406750400
2000-05-26,0.6482466459274292,0.6745142498385875,0.6398040458010305,0.6604423478013118,181148800
2000-05-30,0.657159149646759,0.6613804497216939,0.6135364435955477,0.6576281495874328,713059200
2000-05-31,0.6304224133491516,0.6848337642838704,0.6290153135078024,0.6519996644003783,433507200
2000-06-01,0.6688857674598694,0.6721689670374331,0.6032167657613716,0.6135363664051753,903840000
2000-06-02,0.6946844458580017,0.74862675698081,0.6679477902805389,0.7035969482922175,792848000
2000-06-05,0.6853030323982239,0.7148538941845985,0.6731073273084689,0.7003129883736771,323668800
2000-06-06,0.6970294713973999,0.7261112719199133,0.6777982215854158,0.6902284971148023,525481600
2000-06-07,0.7247039675712585,0.7279872163404632,0.6876477766351444,0.7026585242698128,337019200
2000-06-08,0.7115705013275146,0.739245207038094,0.6989057485989568,0.7326787565516552,238526400
2000-06-09,0.7186068296432495,0.7350238309431392,0.7082872281303375,0.7261113293966798,252358400
2000-06-12,0.6843645572662354,0.7237659490593755,0.6820194081026035,0.723296899186065,290337600
2000-06-13,0.7092253565788269,0.7106324567010326,0.6618495454961375,0.6843648509018168,351456000
2000-06-14,0.6787362694740295,0.7223589669104384,0.676391069827887,0.7106322672591648,277446400
2000-06-15,0.6932770013809204,0.7007815482556179,0.6679474584919756,0.6848335532101705,248572800
2000-06-16,0.6843645572662354,0.7035966542026395,0.6684165609649129,0.701719653086029,303564800
2000-06-19,0.7251732349395752,0.7345547859328101,0.6740451322611531,0.6796743835065238,394004800
2000-06-20,0.7598841190338135,0.7800534647110918,0.7383068721645009,0.7392449218431051,501390400
2000-06-21,0.8349347114562988,0.8546350085375557,0.7551938200426869,0.7580080694662776,490000000
2000-06-22,0.8067903518676758,0.8649548639434164,0.8039761517122024,0.8368111088368676,467712000
2000-06-23,0.7758323550224304,0.8199241104057502,0.7626985532418421,0.8072593586597606,204965600
2000-06-26,0.8124192953109741,0.8218008440585121,0.7823994515712956,0.7880278497443277,185354400
2000-06-27,0.7767705321311951,0.8330579948084573,0.7748943819082023,0.8072594387231964,203470400
2000-06-28,0.8171097636222839,0.8311816128428416,0.7730180161592405,0.8002237149026084,286428800
2000-06-29,0.7692659497261047,0.8096054073785944,0.7664508978328414,0.7964716048351659,203660800
2000-06-30,0.7861520051956177,0.8246153629375511,0.7758324027843694,0.792718505678338,323097600
2000-07-03,0.8002239465713501,0.8152338499365646,0.7823997927908097,0.7823997927908097,70828800
2000-07-05,0.7748942971229553,0.8283675536656805,0.7617604954768036,0.7992857503975456,265216000
2000-07-06,0.7777082324028015,0.7945951299604951,0.7448741903759094,0.7880278305608069,309545600
2000-07-07,0.8171097636222839,0.8227390143454881,0.7823995662822476,0.7894350650300422,263603200
2000-07-10,0.8574493527412415,0.8743362549771698,0.806790249280626,0.811950500702332,397796000
2000-07-11,0.8546351194381714,0.8893461207228665,0.832119768388199,0.855573119198644,357896000
2000-07-12,0.8837170004844666,0.8846550003306596,0.8461916958802164,0.8724592988799428,225433600
2000-07-13,0.8480686545372009,0.9099845572751677,0.8218010528713435,0.8780885560061487,445659200
2000-07-14,0.8658928871154785,0.8855931905595369,0.8536971844228765,0.8574494847986045,190276800
2000-07-17,0.8752744793891907,0.8827789798485939,0.8574494746194153,0.8743363792556543,260002400
2000-07-18,0.8593255281448364,0.8837170321224648,0.8536971280543619,0.8780886320319903,318404800
2000-07-19,0.7908424139022827,0.8527591311135257,0.7767705602489607,0.8283676742872098,457872800
2000-07-20,0.8274292945861816,0.8565110905042924,0.8124193467158745,0.8255531450426393,465572800
2000-07-21,0.8039760589599609,0.8349348623755286,0.7945953594562851,0.8159372850167005,196235200
2000-07-24,0.730802595615387,0.7936565567400637,0.7129775909475025,0.7889662064036367,412171200
2000-07-25,0.7514408230781555,0.7598842739360344,0.7364308728270812,0.7551939243839624,211607200
2000-07-26,0.7514408230781555,0.7692658247652113,0.73924507253803,0.7481575733815579,210470400
2000-07-27,0.7805227041244507,0.7992857576168497,0.7486267005923934,0.7505028506270526,294985600
2000-07-28,0.7251732349395752,0.7880280383775422,0.703596835019465,0.7847447886235294,237893600
2000-07-31,0.7626986503601074,0.7748944037259227,0.7317407429168273,0.7378381436356358,155299200
2000-08-01,0.7401832342147827,0.7678579371972637,0.73924513416528,0.7551939873407902,137284000
2000-08-02,0.7092253565788269,0.7495648153252937,0.7082873065311838,0.7354929623780427,162355200
2000-08-03,0.7204830646514893,0.7214211648727082,0.6641955984352568,0.6838958533853142,339897600
2000-08-04,0.7111014723777771,0.7692659333766602,0.695153470005204,0.742529278796203,263121600
2000-08-07,0.7195448875427246,0.7364309390519582,0.7082872359615323,0.7186068375885433,187348000
2000-08-08,0.7017196416854858,0.7204826884437441,0.6951531940731227,0.7195446388138236,176674400
2000-08-09,0.7129774689674377,0.7270493692943968,0.7092252194011399,0.7223590197604203,379640800
2000-08-10,0.7139157652854919,0.7270495692570015,0.7111015648114025,0.7204830680831354,251714400
2000-08-11,0.7157928347587585,0.7204831863526718,0.6838959689063281,0.7031280788211338,238056000
2000-08-14,0.7064110040664673,0.7157925045503423,0.695153353790231,0.7143846031078996,156660000
2000-08-15,0.7007815837860107,0.7195446303228562,0.6979673848279984,0.7092250323848528,114200800
2000-08-16,0.7279874682426453,0.7354928697077684,0.70265876740762,0.7035968674385469,143673600
2000-08-17,0.7720800042152405,0.7870899540724238,0.725173203228262,0.7261112530734711,270900000
2000-08-18,0.7505029439926147,0.7777086008732554,0.7486267937245551,0.7711421500872725,190176000
2000-08-21,0.7580082416534424,0.7739562431935949,0.7448744400746814,0.7542550899121606,134467200
2000-08-22,0.7758323550224304,0.7927184568768537,0.7561321032648476,0.7598843532372048,276802400
2000-08-23,0.8152337670326233,0.8218011188899366,0.7664508595850719,0.7725491614039496,236863200
2000-08-24,0.8422048687934875,0.8499447448356328,0.8011618418523588,0.8206276170719711,310766400
2000-08-25,0.8527588844299316,0.863078484617702,0.8461915837385194,0.8480685852116889,334460000
2000-08-28,0.8715210556983948,0.885592954936336,0.8565111567683108,0.8593253562506127,359004800
2000-08-29,0.8884085416793823,0.892160742904063,0.8658931298654827,0.868707330885489,267030400
2000-08-30,0.8930983543395996,0.9006037547096639,0.8811371297771771,0.8855929539695353,285392800
2000-08-31,0.9146756529808044,0.9231182514097114,0.8846548531552688,0.8851239031018086,419596800
2000-09-01,0.9522011876106262,0.9550153880813591,0.9174901766629617,0.9203043771336946,256872000
2000-09-05,0.9371903538703918,0.9625199610115219,0.9343761534828711,0.9404745061830494,298642400
2000-09-06,0.8771504759788513,0.9362521802610839,0.8668308747125085,0.9212421790833325,355404000
2000-09-07,0.9306238889694214,0.9390672911738763,0.8743363779940291,0.887470180656435,217464800
2000-09-08,0.8837170004844666,0.9249945048793956,0.8780886005954947,0.9249945048793956,195518400
2000-09-11,0.8771504759788513,0.9062322781085317,0.8724592744438384,0.8809027758673881,187381600
2000-09-12,0.8668310046195984,0.9015421135091222,0.8555733016432552,0.860733553963042,187997600
2000-09-13,0.8705831170082092,0.8930984178942034,0.8518209173860722,0.8518209173860722,305984000
2000-09-14,0.8534625172615051,0.8949744914445926,0.8527588922099972,0.879026491968255,426552000
2000-09-15,0.8290712833404541,0.8733983731784338,0.8142958539357227,0.8668310703186725,394514400
2000-09-18,0.9104535579681396,0.9118606076912539,0.82649135781386,0.829305557463031,424536000
2000-09-19,0.8996656537055969,0.9081082521328693,0.8790264540324738,0.8968506526063463,271510400
2000-09-20,0.9163174629211426,0.9221803379306991,0.8790266318934293,0.8916913838218665,227388000
2000-09-21,0.8508829474449158,0.8949746543699989,0.8293056931211374,0.8780886520892116,510490400
2000-09-22,0.7833378314971924,0.7870901319288676,0.7505029231025804,0.7551940752151534,726700800
2000-09-25,0.8030379414558411,0.833057790608218,0.7814614927087732,0.7917802412536638,435551200
2000-09-26,0.7720800042152405,0.8218010048393174,0.7711419543700313,0.8002237541377176,290936800
2000-09-27,0.7345548272132874,0.7917803325203667,0.7242352257538827,0.7767704312647565,402259200
2000-09-28,0.8030379414558411,0.8077290924364038,0.7223589925098409,0.740183141730692,979585600
2000-09-29,0.386508584022522,0.43529153263741904,0.380880184997996,0.4230957829583275,7421640800
2000-10-02,0.36399418115615845,0.40151946216357987,0.35273652921693593,0.40058138712882624,2424788800
2000-10-03,0.33491235971450806,0.37525183868319095,0.3330353830679556,0.37431376369709185,2038120000
2000-10-04,0.35461267828941345,0.3564888034354407,0.3283450724901976,0.3358504749009828,1466024000
2000-10-05,0.3311593234539032,0.36774653751189523,0.33022124821184645,0.3527366071673876,873006400
2000-10-06,0.333035409450531,0.3442930616976753,0.3152112568312423,0.3405407865067671,612656800
2000-10-09,0.32646888494491577,0.3433549349090824,0.3170873341304943,0.33960268533420984,597564800
2000-10-10,0.3133350908756256,0.3367884673700122,0.3077058145732698,0.32459274165381524,691101600
2000-10-11,0.29457205533981323,0.3152112600237979,0.28706752993272866,0.30207745752280635,1198422400
2000-10-12,0.30020132660865784,0.3123970538030922,0.29269592457129845,0.3048916517657328,1191064000
2000-10-13,0.3311593234539032,0.3320973986959599,0.3002013875228311,0.30395363838956824,1247752800
2000-10-16,0.3227166533470154,0.34898425762785484,0.3208396515335515,0.3349123804432756,820176000
2000-10-17,0.30207735300064087,0.3292830236590688,0.29551087988480285,0.32553074972848545,601720000
2000-10-18,0.30207735300064087,0.3161492257025192,0.2814381554580509,0.2917577542293459,834265600
2000-10-19,0.28425323963165283,0.29738703912512704,0.2748717145078553,0.28753648909914536,1506724800
2000-10-20,0.29269593954086304,0.30582974245872,0.2842533137451571,0.2861294639445322,791263200
2000-10-23,0.3058296740055084,0.3086447253489384,0.291757799137642,0.30418804921118187,551292000
2000-10-24,0.28331518173217773,0.31333505423105107,0.28237710690387835,0.31052082974615297,804451200
2000-10-25,0.2776859700679779,0.2880055721296906,0.27674792007428234,0.2861294470915599,663969600
2000-10-26,0.2776859700679779,0.28331524700899413,0.2626760428855688,0.282377171964559,721851200
2000-10-27,0.2786240577697754,0.28800558521323794,0.2683044552392627,0.28331525987946893,744503200
2000-10-30,0.2898816168308258,0.29926314043740926,0.28143814287690583,0.28706741777137446,639189600
2000-10-31,0.29363396763801575,0.30395354360493637,0.28894361794111195,0.2964490191609222,885880800
2000-11-01,0.3077058494091034,0.313335126348758,0.2917578471861169,0.2917578471861169,575366400
2000-11-02,0.33491235971450806,0.33678848463596833,0.31614930684676923,0.31708735678213035,590693600
2000-11-03,0.3339734375476837,0.34523111410693424,0.32928311265484295,0.34523111410693424,515821600
2000-11-06,0.3217785358428955,0.33960268580140557,0.3133350849866807,0.3367884610402752,393478400
2000-11-07,0.3199014961719513,0.3274068706260562,0.31239694839197946,0.3227165470516223,301963200
2000-11-08,0.30113935470581055,0.32177855748809203,0.297387079822634,0.32083963077952365,422088800
2000-11-09,0.30301564931869507,0.3077059763735617,0.28612956508402915,0.2983252972130786,476834400
2000-11-10,0.2861294448375702,0.29832517184134144,0.2861294448375702,0.29058526995011164,422251200
2000-11-13,0.29081976413726807,0.3002013159447942,0.27393371238559144,0.28143823738048074,431816000
2000-11-14,0.30395352840423584,0.3077058029639604,0.29363395295339667,0.29926320399263195,409001600
2000-11-15,0.2983250021934509,0.303015349660688,0.28894348058504793,0.30067017592706946,282357600
2000-11-16,0.2851913273334503,0.2973870525211889,0.2833152025894676,0.2926958764108526,239372000
2000-11-17,0.2776859700679779,0.2889436471741257,0.27393371999171656,0.2880055721296906,446180000
2000-11-20,0.28425323963165283,0.2926958632261089,0.273933664703487,0.27909303883045056,408066400
2000-11-21,0.2823772430419922,0.2926959959759024,0.2814383160360737,0.2880056446238538,301952000
2000-11-22,0.2776859700679779,0.287067522135995,0.27580984502984723,0.282377171964559,280532000
2000-11-24,0.2898816168308258,0.29269581589027716,0.2823770693051353,0.2830806190699981,160932800
2000-11-27,0.2805001735687256,0.2992632261562484,0.2776859486524571,0.2983251511841589,258792800
2000-11-28,0.27065032720565796,0.28519122172692235,0.26924322790603694,0.28050004735373146,269124800
2000-11-29,0.26361414790153503,0.27487180123687877,0.25892379719683106,0.2715885757841799,492150400
2000-11-30,0.2476661056280136,0.25517063052598904,0.24203682891599834,0.2504803055960967,809597600
2000-12-01,0.2561095952987671,0.2626760712165626,0.25235646804182654,0.25517066842791863,385705600
2000-12-04,0.2504802942276001,0.2579856705100411,0.24672801942354683,0.2579856705100411,371520800
2000-12-05,0.25517070293426514,0.2617380314653876,0.24579002536184275,0.25423265271254486,613978400
2000-12-06,0.2148311585187912,0.2251507342827034,0.21014080891415676,0.2195223347977313,1374464000
2000-12-07,0.2148311585187912,0.22327460947129157,0.21014080891415676,0.21670813505524528,408917600
2000-12-08,0.22608879208564758,0.22984191819991914,0.21670811863778028,0.22233651769635374,435624000
2000-12-11,0.22796489298343658,0.23077994363481416,0.22327454473864658,0.22796489298343656,332511200
2000-12-12,0.2307799756526947,0.24016064839299828,0.2251507002430129,0.22890297434928086,386260000
2000-12-13,0.2251506894826889,0.2335941638058609,0.22327456504458437,0.2335941638058609,344887200
2000-12-14,0.2167081981897354,0.22890307564353757,0.2167081981897354,0.22561985000436707,263317600
2000-12-15,0.21107886731624603,0.2204603924651801,0.21014079245862982,0.21858424274994764,513945600
2000-12-18,0.2138931155204773,0.21952236757089993,0.2092027777409762,0.21858429249977765,325808000
2000-12-19,0.21014082431793213,0.22890302573534882,0.21014082431793213,0.21576922421547806,374007200
2000-12-20,0.21576924622058868,0.2195223732770641,0.20451243275210756,0.2068576079655026,565331200
2000-12-21,0.21107886731624603,0.22515071665179207,0.20826465526876467,0.21389306683836015,366844800
2000-12-22,0.2251506894826889,0.2251506894826889,0.21201689153888983,0.21201689153888983,318052000
2000-12-26,0.2204604297876358,0.22515075476828797,0.21389310304901196,0.22327462978617488,216815200
2000-12-27,0.2223365604877472,0.2223365604877472,0.2129550335093124,0.21530020858532056,325466400
2000-12-28,0.2223365604877472,0.22421271056884948,0.21483118359041473,0.2157692335802264,305177600
2000-12-29,0.2232745885848999,0.22515071322080826,0.2176461896264407,0.2204603891056703,630336000
2001-01-02,0.2232745885848999,0.22890298754335914,0.21858423941902777,0.2232745885848999,452312000
2001-01-03,0.24578991532325745,0.2504802645350019,0.21670811690255654,0.21764619175505232,817073600
2001-01-04,0.2561095952987671,0.27768600001787136,0.25235646804182654,0.2722921242947757,739396000
2001-01-05,0.24578991532325745,0.26079986448522297,0.24109873943727653,0.25423253889425057,412356000
2001-01-08,0.24860413372516632,0.25493610814735645,0.23922260791439817,0.2542325582171949,373699200
2001-01-09,0.2579857110977173,0.26478671181570435,0.2486041834119294,0.2523564588063105,588929600
2001-01-10,0.24860413372516632,0.2551706080902527,0.24109875776198647,0.25048028357275465,580781600
2001-01-11,0.27018141746520996,0.27768594190742696,0.24391381584049024,0.24391381584049024,803734400
2001-01-12,0.2579857110977173,0.270181464117347,0.25610958592589744,0.2683044621695799,423376800
2001-01-16,0.2570476830005646,0.27393376291794225,0.25517068089241746,0.26173800885624887,306118400
2001-01-17,0.25235646963119507,0.26361414802244465,0.2476661439750822,0.26361414802244465,840873600
2001-01-18,0.2805001735687256,0.2814382234900774,0.2645521475210754,0.2673663724373439,1227010400
2001-01-19,0.29269593954086304,0.2936340146405506,0.2805002117226936,0.2917578644411755,776664000
2001-01-22,0.28894364833831787,0.29457204852612695,0.27674792118933633,0.28612944824441333,519327200
2001-01-23,0.3077058494091034,0.3142731763422266,0.2861294470223469,0.2898817221484401,879530400
2001-01-24,0.3077058494091034,0.3105209012161334,0.2936339972745333,0.30958285122266477,717091200
2001-01-25,0.29926320910453796,0.30864473486374966,0.29644900939935737,0.30864473486374966,489708800
2001-01-26,0.29363396763801575,0.2973870690597133,0.28612941814326454,0.29269589268848756,482820800
2001-01-29,0.32553088665008545,0.32646896178997814,0.29363402722546006,0.29363402722546006,855528800
2001-01-30,0.32646888494491577,0.33022113451978835,0.3133350845556217,0.323654660187657,692423200
2001-01-31,0.3245927095413208,0.3377265088961766,0.321778510056449,0.322716584901651,730704800
2001-02-01,0.3170873522758484,0.32271662878679697,0.3077058259753044,0.3105208775679499,369695200
2001-02-02,0.30958282947540283,0.32928310544059747,0.3077058277936952,0.3170873541496794,427341600
2001-02-05,0.30301564931869507,0.3086449035303313,0.2964491714012819,0.3077059763735617,286115200
2001-02-06,0.3170873522758484,0.3210741521220578,0.3002013013453758,0.30254645120118856,462711200
2001-02-07,0.3114588260650635,0.3133349752487415,0.29738695566565393,0.3100517267026687,393887200
2001-02-08,0.3114588260650635,0.31614917397353104,0.3030153781659606,0.3086446273402739,604128000
2001-02-09,0.28706756234169006,0.31239709513337904,0.2805002344871809,0.3077058925797642,590083200
2001-02-12,0.29551100730895996,0.3002013580073483,0.28237720368912267,0.28612947923768484,274120000
2001-02-13,0.28706756234169006,0.3067678424546886,0.28519141199005266,0.2992632911496252,237070400
2001-02-14,0.29269593954086304,0.29457206468949715,0.27768598642363096,0.2880055890931663,309120000
2001-02-15,0.30113935470581055,0.3086447561972534,0.2955109549064147,0.2955109549064147,311416000
2001-02-16,0.2851913273334503,0.2926958764108526,0.28143820106973755,0.2851913273334503,263911200
2001-02-20,0.27487173676490784,0.29175781199536643,0.27299561195352223,0.28800553732185874,314893600
2001-02-21,0.28331518173217773,0.29926318028454685,0.27393365687643656,0.27393365687643656,390258400
2001-02-22,0.2823772430419922,0.2908198454147846,0.2701815128723505,0.2861295191134819,431961600
2001-02-23,0.2823772430419922,0.2833153183225511,0.2739337889438402,0.2795621905257018,293865600
2001-02-26,0.29269593954086304,0.29551099151438004,0.2786240615233185,0.2861294639445322,206438400
2001-02-27,0.29081976413726807,0.2917578391556563,0.2805001874128314,0.2894126641350551,348516000
2001-02-28,0.27393364906311035,0.2917577717129524,0.2720574994600245,0.29081969691140946,508233600
2001-03-01,0.2814382314682007,0.2814382314682007,0.257985680131222,0.26736638001656265,330461600
2001-03-02,0.28894364833831787,0.30676780072584814,0.2739337210954318,0.27487177109290684,406201600
2001-03-05,0.3058296740055084,0.3077057987342135,0.2889435995192167,0.29081972424792174,324172800
2001-03-06,0.3227166533470154,0.33115925359223225,0.3105209012000156,0.31098995124746515,731802400
2001-03-07,0.31896355748176575,0.3245928099172437,0.3114590065009374,0.3199016326170548,419540800
2001-03-08,0.3123970329761505,0.31708735782053,0.3067677814175049,0.3105208829978082,204859200
2001-03-09,0.30395352840423584,0.31052085434608623,0.30020127889524706,0.30958280449420694,299135200
2001-03-12,0.2795621156692505,0.2983251694026166,0.2720575655357136,0.29551096936522503,391020000
2001-03-13,0.29363396763801575,0.29363396763801575,0.27299561732775945,0.28331521834541706,443329600
2001-03-14,0.3067677617073059,0.3077058115854681,0.27674788598909555,0.27768593586725776,477775200
2001-03-15,0.29551100730895996,0.3208396876735676,0.29551100730895996,0.3133351616271856,529317600
2001-03-16,0.29457205533981323,0.3048916576818056,0.2833152547038163,0.2851913797929024,470316000
2001-03-19,0.30864474177360535,0.30958281671324567,0.29269588960330395,0.2964490160361784,356008800
2001-03-20,0.29551100730895996,0.3142732117262694,0.29551100730895996,0.31098998627799146,499206400
2001-03-21,0.30207735300064087,0.3133350265172646,0.29081967948401716,0.29691797947743015,371375200
2001-03-22,0.3245927095413208,0.32646885923172486,0.3030154600068852,0.30582965949175706,723301600
2001-03-23,0.3452310562133789,0.35367450636011377,0.3302211072265076,0.3311591820680605,944888000
2001-03-26,0.3269194960594177,0.3564888155811669,0.31716223210584926,0.3471829409451321,734451200
2001-03-27,0.3432801365852356,0.3459817082067132,0.3287198970396751,0.3293209143085309,543821600
2001-03-28,0.3327731192111969,0.3377265518271625,0.32271662592461126,0.3314223333476308,584662400
2001-03-29,0.33817633986473083,0.35198593778517595,0.32271669959473714,0.32676903305976907,613065600
2001-03-30,0.3312718868255615,0.34102829757020814,0.3203142931915079,0.33847718050886433,400349600
2001-04-02,0.3240673243999481,0.3401279753437368,0.32121529849244124,0.3315718725704836,340911200
2001-04-03,0.303803950548172,0.321215365687238,0.3021522301480915,0.3206152001098493,368687200
2001-04-04,0.29269593954086304,0.30395359225934493,0.28143826177164016,0.2965986696395525,685484800
2001-04-05,0.31326019763946533,0.33772647041416426,0.3002012263157893,0.30920701435150033,446762400
2001-04-06,0.3090575039386749,0.3158114341984657,0.2987000746988375,0.31220961361806077,324889600
2001-04-09,0.30830684304237366,0.32031428785732613,0.30110152442832266,0.3105578772751527,266582400
2001-04-10,0.3308212459087372,0.3407281340907733,0.3119085944803349,0.31370991747458654,457374400
2001-04-11,0.32721954584121704,0.3452311276203746,0.3194140611264973,0.344931044813975,334096000
2001-04-12,0.3365253508090973,0.3455311398594365,0.31746304471267084,0.3215154017830548,298933600
2001-04-16,0.3218155801296234,0.33622536794613994,0.3131098712382015,0.3315719922781906,285224800
2001-04-17,0.30620551109313965,0.31836341358551656,0.29419721164216023,0.31821295881883316,685199200
2001-04-18,0.3420790135860443,0.361442232798472,0.3164124021743733,0.3237673492443474,1100842400
2001-04-19,0.3860588073730469,0.38650849300192347,0.3542376183700327,0.38350686460109595,1873670400
2001-04-20,0.37585195899009705,0.38470814592072355,0.3692476579298487,0.3742010903936124,693403200
2001-04-23,0.36399418115615845,0.37525185814612033,0.36024105434274695,0.36534496712096165,541525600
2001-04-24,0.3606916069984436,0.37149872109339854,0.3528861225057586,0.36519450231514367,377137600
2001-04-25,0.3710489571094513,0.3731503630680042,0.35378717197155096,0.36339312682536073,330780800
2001-04-26,0.3705984950065613,0.3917622119870962,0.3704480402613864,0.37780296261205176,799696800
2001-04-27,0.39326348900794983,0.3946142751413974,0.37149877771399537,0.3782535350557336,453012000
2001-04-30,0.38260677456855774,0.40707305471107197,0.3733000492940316,0.40076881080204546,494776800
2001-05-01,0.38921111822128296,0.3977663723523539,0.37825352301812604,0.3814056578380989,427252000
2001-05-02,0.3991171717643738,0.40076886741848683,0.3866591870258936,0.39536489620180165,368524800
2001-05-03,0.37465083599090576,0.3940140551950831,0.3711986437531583,0.38981124261445377,301543200
2001-05-04,0.386508584022522,0.3880098494895899,0.3596408446110393,0.3638436564373824,281052800
2001-05-07,0.37465083599090576,0.38665913317898176,0.3728495125028666,0.38455772688866713,276550400
2001-05-08,0.3687971830368042,0.3820057873995482,0.35949130875270047,0.38050539832346597,315436800
2001-05-09,0.3599410355091095,0.3684971164439264,0.35528851149933655,0.36234252489226343,324889600
2001-05-10,0.3452310562133789,0.3677463805054322,0.344480436015438,0.3633931140270658,288976800
2001-05-11,0.3429799973964691,0.35258595121466074,0.34162921180792133,0.345381485851017,203044800
2001-05-14,0.34958434104919434,0.3554380215566054,0.34147879982971047,0.3435802058246037,309220800
2001-05-15,0.3479335308074951,0.3827563886494126,0.3458321244606341,0.35078473084302764,237025600
2001-05-16,0.3617422580718994,0.3677463931882703,0.34298003412247896,0.34913379727906224,322330400
2001-05-17,0.3534870743751526,0.36519443469597035,0.3489841798922057,0.36369402098446885,332119200
2001-05-18,0.35318708419799805,0.35483795305042876,0.3470324679572992,0.3506351151575461,159051200
2001-05-21,0.3536367416381836,0.3588902823196497,0.34598173695831935,0.3546874447643291,460997600
2001-05-22,0.3527365028858185,0.36219283060794066,0.35123523724207695,0.36024102745143083,412916000
2001-05-23,0.34868329763412476,0.3564887567995472,0.34312969938446275,0.3564887567995472,281041600
2001-05-24,0.3482336103916168,0.3497340244294678,0.3395279022744769,0.34958439636288324,271756800
2001-05-25,0.34162914752960205,0.3495842315399307,0.3377264195224565,0.3482334462055363,158743200
2001-05-29,0.3222661316394806,0.33772662338100373,0.31235926430859023,0.33502422440698165,515989600
2001-05-30,0.2968987226486206,0.31160859146161957,0.2896942555030603,0.31160859146161957,777078400
2001-05-31,0.29945069551467896,0.3038039882272722,0.2925463104953492,0.2971988343086619,442892800
2001-06-01,0.31356045603752136,0.3165621115065294,0.29990131163806666,0.30215232152042754,456075200
2001-06-04,0.3101082146167755,0.3168621450388575,0.3071057329407655,0.3164124341270322,281920800
2001-06-05,0.31431102752685547,0.31671251686224206,0.3054548639296106,0.31220962102408345,471794400
2001-06-06,0.31115880608558655,0.31416046000879083,0.3051546715650047,0.31416046000879083,223176800
2001-06-07,0.32511821389198303,0.32571835459132353,0.3069561481671613,0.31085805221730434,325180800
2001-06-08,0.32001426815986633,0.3249677017925943,0.3108580213447637,0.3249677017925943,342624800
2001-06-11,0.30080142617225647,0.3162619139686127,0.29945064036719055,0.3159618311979646,294000000
2001-06-12,0.30485472083091736,0.31055794842170936,0.29659869723701704,0.29674915200169655,303794400
2001-06-13,0.30725616216659546,0.3261688441767851,0.3011015461960594,0.3215154689195265,511487200
2001-06-14,0.298399955034256,0.3069560595903685,0.2967490863606103,0.3008014440161993,297348800
2001-06-15,0.3068055510520935,0.3114589001428356,0.2904448168425616,0.3017024911947208,454624800
2001-06-18,0.3051547110080719,0.3129593428868676,0.30020127872147684,0.30635504206283426,345912000
2001-06-19,0.3030533492565155,0.3212153858441992,0.3003509255892473,0.3129593886024515,321087200
2001-06-20,0.3252677023410797,0.3279701256642486,0.2999012015795026,0.3002012843488183,431620000
2001-06-21,0.3375760018825531,0.3452310040665051,0.31671237584709494,0.32346630325993375,341331200
2001-06-22,0.3341239392757416,0.34523113677918366,0.32661853716830686,0.337426503582548,286025600
2001-06-25,0.3600914478302002,0.3602410508438765,0.3369759535132582,0.3377265738585022,439549600
2001-06-26,0.35648873448371887,0.35678881725216643,0.345381538679694,0.35033497104481137,272781600
2001-06-27,0.35033491253852844,0.3602409489401519,0.33772647832359387,0.3576898575479723,374130400
2001-06-28,0.3533366322517395,0.3588902553121251,0.3443308423265957,0.3459817109221999,348409600
2001-06-29,0.3489843010902405,0.3767522978242734,0.34823365558595504,0.355138066130078,515390400
2001-07-02,0.3587406873703003,0.3636941206613858,0.34733255494022375,0.3548379573023406,230048000
2001-07-03,0.3578394949436188,0.36294340671948255,0.3527364599434585,0.3528860629292075,112543200
2001-07-05,0.3480832278728485,0.3567889377962969,0.34538165536977855,0.3542378451161744,152292000
2001-07-06,0.33067166805267334,0.34463088897569477,0.32601829380285796,0.3416292348733916,302920800
2001-07-09,0.34072816371917725,0.3452310582592807,0.32541813189724494,0.33157189487806554,337467200
2001-07-10,0.31731265783309937,0.3462818340820103,0.3128097623453717,0.3444805105520381,395270400
2001-07-11,0.33832675218582153,0.33847720693028294,0.315211256999751,0.3156617945587151,470506400
2001-07-12,0.3656449615955353,0.3723997164621521,0.34973393826824184,0.34973393826824184,614801600
2001-07-13,0.372999906539917,0.37540139524169347,0.35783950238354373,0.36219279404479676,454742400
2001-07-16,0.35964083671569824,0.37675216639383785,0.35889021652401015,0.3734504295594744,278667200
2001-07-17,0.376752108335495,0.3785534311831144,0.3453814548214963,0.35994086398983693,647830400
2001-07-18,0.31205907464027405,0.34192931954514594,0.30650547718143867,0.32691939560050864,1137012800
2001-07-19,0.29960110783576965,0.3215154159360495,0.29644899886197335,0.3186633897205768,861140000
2001-07-20,0.2999012768268585,0.3011015831545505,0.2925463287224441,0.2956984386025892,444584000
2001-07-23,0.29329684376716614,0.307705775177164,0.2928463063249143,0.30155201238794865,241360000
2001-07-24,0.2865421772003174,0.29900016132629803,0.2811382062493197,0.29104507298891835,348376000
2001-07-25,0.2772354781627655,0.2896943152315478,0.269730926673166,0.2869927428292553,443878400
2001-07-26,0.2790367305278778,0.28218886479888217,0.2679295342300784,0.27738588694161703,369140800
2001-07-27,0.28459036350250244,0.288943630673775,0.27768595421050557,0.28143822912322985,334135200
2001-07-30,0.2841407060623169,0.2905945539914031,0.277836486220225,0.2869927331348604,243359200
2001-07-31,0.28203925490379333,0.2914955831734251,0.2778364423395126,0.289243722153539,235026400
2001-08-01,0.2860916554927826,0.2968987713199449,0.28444078650273874,0.28534103504062447,304136000
2001-08-02,0.29749980568885803,0.2982495744584891,0.28909415377419534,0.29494783629026616,252089600
2001-08-03,0.29269593954086304,0.29870007610235033,0.2851913888448447,0.2985504730768654,186054400
2001-08-06,0.2871423661708832,0.29509745515410474,0.2851914142847351,0.28579157999208404,99652000
2001-08-07,0.28894364833831787,0.29524786738079456,0.2848912903857581,0.2901448062544887,168548800
2001-08-08,0.28369006514549255,0.29569833475981455,0.2782860707660501,0.2890940344742013,276169600
2001-08-09,0.28594204783439636,0.2874424621713936,0.2809886138358909,0.2845904349192501,200664800
2001-08-10,0.2854914367198944,0.2899943319211204,0.2790367383203089,0.2857915195100624,186961600
2001-08-13,0.2865421772003174,0.2901448245009825,0.281588743830518,0.2866918052777429,147996800
2001-08-14,0.2811381220817566,0.29059444840910736,0.2802378738633384,0.28819295981911225,228950400
2001-08-15,0.2767857313156128,0.2842902811527378,0.2731830594054132,0.2815887093453216,289279200
2001-08-16,0.27993789315223694,0.2814382823457104,0.26973091786824926,0.27423381394992774,288092000
2001-08-17,0.2712321877479553,0.27693539025648456,0.27003100461000773,0.270181484424599,208426400
2001-08-20,0.2719818353652954,0.2736335553846641,0.26732931320138803,0.27228276980971305,252302400
2001-08-21,0.2689802944660187,0.27228288416693397,0.26567772981584603,0.27228288416693397,185701600
2001-08-22,0.2733335494995117,0.2739337151072731,0.2643269069603974,0.26928033991040606,173975200
2001-08-23,0.26732927560806274,0.2752843599163969,0.26387708480772987,0.2731829545010601,217078400
2001-08-24,0.2787366807460785,0.2794873010591199,0.26492788729331046,0.27018142786098454,290332000
2001-08-27,0.2839902341365814,0.2896942879369183,0.2725829532103714,0.27918725550180495,175644000
2001-08-28,0.2761848270893097,0.2872928800591879,0.2761848270893097,0.2836902317246216,171735200
2001-08-29,0.2676295042037964,0.28263945802301804,0.2676295042037964,0.27678577593844444,239971200
2001-08-30,0.2676295042037964,0.27288302060648884,0.2593735060427123,0.26627871808231734,368692800
2001-08-31,0.2784366011619568,0.2791872214836416,0.26492789034398045,0.26612822151918575,216904800
2001-09-04,0.27393364906311035,0.2863916291297464,0.27288292111491913,0.27768589816781597,348213600
2001-09-05,0.2784366011619568,0.2844407370610725,0.27198190268421923,0.2737832261213903,360057600
2001-09-06,0.2659785747528076,0.28414063428324815,0.2649278717112189,0.27618469572169363,282368800
2001-09-07,0.2593734562397003,0.2716818104018606,0.25817312510641693,0.26267602020489816,241830400
2001-09-10,0.2607250213623047,0.26267597243626944,0.2539702666057937,0.2551705724700595,308845600
2001-09-17,0.25502097606658936,0.25622130701252616,0.23610829854950485,0.24016065550334928,458007200
2001-09-18,0.24436351656913757,0.26597859643323174,0.24271264784759125,0.2536702417035858,327101600
2001-09-19,0.25547149777412415,0.25667182864613347,0.23415650632952972,0.24766604040944645,373318400
2001-09-20,0.23535767197608948,0.2544208036805382,0.23265610074693321,0.24451391522398877,411174400
2001-09-21,0.23610831797122955,0.2439138015094339,0.2203477479021088,0.2221490961941274,570516800
2001-09-24,0.24691542983055115,0.25276911033734534,0.23941005413203623,0.2418123695610355,294537600
2001-09-25,0.23325632512569427,0.2434632738381845,0.23040429847484054,0.24226211594725972,374404800
2001-09-26,0.2274026870727539,0.2385098863132444,0.2241000971987174,0.2373087281935337,493796800
2001-09-27,0.23280566930770874,0.23640831447580374,0.22815314819572194,0.22890291643720803,322240800
2001-09-28,0.23280566930770874,0.23880980236320987,0.23100434672366127,0.23580814917244508,365108800
2001-10-01,0.23325632512569427,0.24001108157906412,0.22860297497564913,0.23250570477816523,208208000
2001-10-02,0.22590136528015137,0.23760955272940668,0.22334939680953,0.23160541762780804,235883200
2001-10-03,0.22485074400901794,0.23055479842937654,0.22259885747406274,0.22440018132652093,683043200
2001-10-04,0.23835928738117218,0.24391373536727637,0.2250010614230338,0.2304042030074383,401122400
2001-10-05,0.2422620952129364,0.24241254993932196,0.22500113539463676,0.2311548990386704,342686400
2001-10-08,0.24316319823265076,0.24541423266748594,0.23265616640497724,0.2337068695877446,207984000
2001-10-09,0.24016058444976807,0.24316306427471085,0.23460698878237668,0.24091120440600378,174025600
2001-10-10,0.2524690628051758,0.2529196003005583,0.23941006378277394,0.24166192458538308,307759200
2001-10-11,0.26627862453460693,0.26627862453460693,0.2529195694217854,0.253970272333196,334163200
2001-10-12,0.27033108472824097,0.27138178804096735,0.25306926906141664,0.2598240516009772,287812000
2001-10-15,0.2700308859348297,0.2758845656853316,0.269430720492256,0.269430720492256,318752000
2001-10-16,0.27033108472824097,0.2731831118162866,0.2667284371776025,0.2715322428032932,202949600
2001-10-17,0.25502097606658936,0.27633514214975263,0.2545704386247605,0.27528441418422184,285538400
2001-10-18,0.27018141746520996,0.27363360943288745,0.2595239070583192,0.2595239070583192,612572800
2001-10-19,0.27468428015708923,0.27618466882370823,0.2683800374707989,0.26928028570121076,166790400
2001-10-22,0.2854914367198944,0.2862420570324909,0.2715321885430499,0.2733335370091489,391938400
2001-10-23,0.2722828686237335,0.29149560971337757,0.2682296587030416,0.2869927139380112,684980800
2001-10-24,0.2844408452510834,0.28654225228134755,0.26642840565178066,0.27108175741155927,374427200
2001-10-25,0.28804337978363037,0.2889436281520584,0.2725829160679823,0.27678572846934874,254951200
2001-10-26,0.28023794293403625,0.28894365122130855,0.27948732256324116,0.2830899696732908,278964000
2001-10-29,0.2646268904209137,0.2802378288080863,0.2641771797211136,0.27873658867787127,239181600
2001-10-30,0.26417726278305054,0.2701814235683726,0.2560717208750785,0.26087469879300995,276763200
2001-10-31,0.26357632875442505,0.27618476857961316,0.26177583164327506,0.2661282730070054,273750400
2001-11-01,0.2790367305278778,0.2818887820170944,0.2589237440791238,0.2649278797378702,312995200
2001-11-02,0.2787366807460785,0.2830899478919771,0.2725829168581049,0.2779860353822991,197204000
2001-11-05,0.28624212741851807,0.2889436998686911,0.2793368897985281,0.28278993447117334,235793600
2001-11-06,0.29374659061431885,0.29449721088553066,0.27813649966575893,0.2845903459844269,316019200
2001-11-07,0.2940466105937958,0.3021521504479011,0.2901447086956441,0.29209565964471995,382989600
2001-11-08,0.2808380424976349,0.29855038944418616,0.2787366366235022,0.29464763538803096,342143200
2001-11-09,0.2808380424976349,0.2889435832513214,0.2784365538806579,0.27918717407488,134293600
2001-11-12,0.2814382314682007,0.28774247522853524,0.26958041437267904,0.28008747060607775,201499200
2001-11-13,0.2907450199127197,0.29104510277274037,0.28083815215931124,0.28639175175605674,224672000
2001-11-14,0.2943475842475891,0.2987000244974617,0.2874423737239071,0.29404667479821517,221149600
2001-11-15,0.29194527864456177,0.2987000346736802,0.28864354133207865,0.29194527864456177,213029600
2001-11-16,0.2847408354282379,0.2895438137404751,0.276184730251568,0.28924373093026134,230664000
2001-11-19,0.30020132660865784,0.300951946974761,0.2845903819615611,0.28519137425909086,332589600
2001-11-20,0.2931464910507202,0.3032029862650744,0.29269595345172117,0.2974997839846346,276584000
2001-11-21,0.2953982353210449,0.2971987316546156,0.28909401813104973,0.2943475324560457,201583200
2001-11-23,0.29779988527297974,0.29945075447778435,0.29374669963895017,0.29584810650856125,60004000
2001-11-26,0.32076480984687805,0.3234663814651791,0.2983999382350904,0.2993001865497569,460689600
2001-11-27,0.3152112066745758,0.3230166653031432,0.30770580576186524,0.31821286101479274,268553600
2001-11-28,0.30815643072128296,0.3183633802244503,0.30635510708255276,0.3129594093082598,250611200
2001-11-29,0.30650562047958374,0.3107084342159595,0.3030534272925056,0.3092071931173642,202764800
2001-11-30,0.31971415877342224,0.32181556519016047,0.3039535855971452,0.3072561750203755,303912000
2001-12-03,0.3159617781639099,0.31941396945836265,0.3092070235980638,0.3161114061869693,181165600
2001-12-04,0.336225301027298,0.33862678989788025,0.31100840282398223,0.31596183528956884,380419200
2001-12-05,0.3566391170024872,0.3606914732829156,0.33277301161394307,0.3356250371479043,568579200
2001-12-06,0.3419293761253357,0.3527365151375328,0.3323225933405034,0.3524364323433762,338934400
2001-12-07,0.33832675218582153,0.3408786961207248,0.33022118444582765,0.33712559425339056,203515200
2001-12-10,0.33832675218582153,0.3450815088726031,0.3336734018749791,0.3345744769929074,170010400
2001-12-11,0.3269194960594177,0.34298012788218446,0.32496769255831803,0.34027772900280295,205475200
2001-12-12,0.3225662112236023,0.3290209107851163,0.31896356374435764,0.3282702903373985,192460800
2001-12-13,0.3152112066745758,0.32346637611588847,0.30770580576186524,0.3225661278161098,197842400
2001-12-14,0.3060549795627594,0.31265928082405736,0.3015520594099704,0.31115886690626343,189884800
2001-12-17,0.30950719118118286,0.31521124445294824,0.3030533442402158,0.3062054536786566,173712000
2001-12-18,0.3153616786003113,0.32016465647641135,0.30350301023930626,0.3135603552281905,235239200
2001-12-19,0.324517160654068,0.32541823585448276,0.3072561971819023,0.3089070661500017,289956800
2001-12-20,0.31025776267051697,0.32226603292830047,0.3095071424451234,0.3212153299476008,220864000
2001-12-21,0.3152112066745758,0.3233167480697361,0.3122095523343589,0.3153616613950163,256334400
2001-12-24,0.32061514258384705,0.3219659282277831,0.3137099329854396,0.3137099329854396,50629600
2001-12-26,0.3225662112236023,0.33472413817366814,0.3173126947640796,0.3204648046397932,146400800
2001-12-27,0.3312718868255615,0.33397343356888426,0.3239169400331593,0.3239169400331593,191508800
2001-12-28,0.33667585253715515,0.3452311053274905,0.32962101368193036,0.3297706166875315,299124000
2001-12-31,0.32872000336647034,0.3401281374855806,0.32766929998778244,0.3378762759564336,137782400
2002-01-02,0.34973394870758057,0.34973394870758057,0.32962096488548687,0.33097175056429085,529496800
2002-01-03,0.3539368510246277,0.3564887950010884,0.3417789501299703,0.3452311425645993,612007200
2002-01-04,0.35558855533599854,0.35949128515849404,0.34508149871484667,0.35033501450005294,409976000
2002-01-07,0.3437306582927704,0.36024099670953064,0.34147879759543137,0.35603818474724297,444584000
2002-01-08,0.3393774628639221,0.34598176495200056,0.3371256016938225,0.3414788692862397,450038400
2002-01-09,0.3249676525592804,0.3441804168651733,0.3194140540774541,0.342229465329432,327835200
2002-01-10,0.3186633884906769,0.3221155802094729,0.30395352161899897,0.31851376044922525,452737600
2002-01-11,0.3159617781639099,0.3278195923228252,0.3092070235980638,0.3210648377569791,348801600
2002-01-14,0.3174629807472229,0.32121525431644915,0.3137098805039343,0.31536157528060627,415996000
2002-01-15,0.3257182538509369,0.3266185021976302,0.3183633323261155,0.3200142009655522,290320800
2002-01-16,0.31190866231918335,0.3213649900900968,0.3077058249258176,0.3213649900900968,566893600
2002-01-17,0.33742645382881165,0.3413283565145817,0.3282702093060174,0.32962099510867593,660576000
2002-01-18,0.3327731192111969,0.339226965745383,0.32962100997143107,0.3302211504879819,338811200
2002-01-22,0.32751956582069397,0.33577473477351494,0.32751956582069397,0.3342743210293361,327314400
2002-01-23,0.3455312252044678,0.34583213469813445,0.32406742517141424,0.32721955983575657,443279200
2002-01-24,0.3483831584453583,0.3528860528735377,0.34373063598495923,0.34388026401717886,344002400
2002-01-25,0.3489843010902405,0.35153539357213326,0.34012811203200466,0.3435803047786948,185914400
2002-01-28,0.3492843508720398,0.3534871890265855,0.341028352747003,0.35123530266688174,186446400
2002-01-29,0.34628182649612427,0.3533366657196315,0.34298008899217675,0.34853368752786007,240324000
2002-01-30,0.3615926206111908,0.3623424141412296,0.3443308108848898,0.3462817620766114,471576000
2002-01-31,0.3710489571094513,0.3711985851497731,0.3618927130508629,0.3626433332752398,468445600
2002-02-01,0.3663957715034485,0.37465094431318213,0.3653450680545028,0.3653450680545028,398305600
2002-02-04,0.38050538301467896,0.3830564752141249,0.36324356946713704,0.3650448930213026,522373600
2002-02-05,0.3820057511329651,0.38996169033557876,0.3764521527048378,0.37660260744046137,456887200
2002-02-06,0.37029829621315,0.3899615929555084,0.3624928387460545,0.3842575412161567,597576000
2002-02-07,0.36474478244781494,0.3796042539585188,0.3614422184041286,0.36999829796662015,347832800
2002-02-08,0.3606916069984436,0.3698478523679625,0.35078471624634033,0.3662452054448528,355331200
2002-02-11,0.3749508559703827,0.3752517904473622,0.3563391119525996,0.3591902863829581,398602400
2002-02-12,0.37089860439300537,0.3758520378966958,0.3669958741575377,0.37014798396220583,224280000
2002-02-13,0.37540140748023987,0.37885359926873,0.3699982643936566,0.37119859544655115,312872000
2002-02-14,0.36924779415130615,0.37870415011938185,0.3659452290656577,0.37600172575324553,260170400
2002-02-15,0.3587406873703003,0.37495094661677814,0.3579900669717179,0.3681970163784323,260187200
2002-02-19,0.3395279049873352,0.3582901323935328,0.33742649864315233,0.3566392636015056,390258400
2002-02-20,0.34718289971351624,0.3482336028544711,0.3354747104252835,0.3417789292710127,285443200
2002-02-21,0.3227166533470154,0.34523113077681145,0.32196600793621505,0.3440307995402385,446751200
2002-02-22,0.34132838249206543,0.3444804918295989,0.32271663593417704,0.325118124952151,406476000
2002-02-25,0.3573898673057556,0.37104900790629425,0.3356251594655127,0.3429800813273412,426848800
2002-02-26,0.35528841614723206,0.3657954460502138,0.348984198205443,0.35889023591806535,260131200
2002-02-27,0.32962095737457275,0.3639940957942474,0.3143109260806265,0.35934074670445015,1030159200
2002-02-28,0.3257182538509369,0.33907733609411134,0.3204647384760645,0.33247303486203333,456937600
2002-03-01,0.3519858419895172,0.35273648730359675,0.3275195894411629,0.3291704329652023,348992000
2002-03-04,0.364594429731369,0.36894769809689,0.3416293847045184,0.34913393658871883,348258400
2002-03-05,0.35318708419799805,0.36669577118726715,0.3512352807994413,0.36249295834512507,274702400
2002-03-06,0.361291766166687,0.36534495055167177,0.3441804085471544,0.3524364304269447,226206400
2002-03-07,0.36594510078430176,0.3681969616453058,0.3543873419972586,0.36114212295668296,258249600
2002-03-08,0.3701480031013489,0.3766026778003885,0.36474485839938636,0.3713491611876327,269774400
2002-03-11,0.37615200877189636,0.3773531914892803,0.3617422501432883,0.369247625542814,262785600
2002-03-12,0.3710489571094513,0.37134903986435086,0.36174225833628515,0.367896848171622,254055200
2002-03-13,0.3675960302352905,0.37300000119127197,0.36249296878335946,0.36579553325775843,200765600
2002-03-14,0.366695761680603,0.36924770560415476,0.3582901362142364,0.36474481005780357,217296800
2002-03-15,0.37450113892555237,0.37465076696192806,0.3639941094098873,0.3671462182645868,240900800
2002-03-18,0.3713490664958954,0.3760015895418813,0.36504484816812555,0.3745011756597803,304556000
2002-03-19,0.372999906539917,0.3797546869029465,0.36474473746041947,0.37059841783814046,242345600
2002-03-20,0.37405067682266235,0.3773532661040321,0.3677464578432414,0.37014794697715403,294319200
2002-03-21,0.36429426074028015,0.3647447982826954,0.3491338540558641,0.35813964485783134,616352800
2002-03-22,0.3615926206111908,0.3686466318480382,0.3582900570472385,0.36354357180291236,202193600
2002-03-25,0.3504846394062042,0.3615926882129561,0.3488337706527058,0.36129177873560336,262830400
2002-03-26,0.3521362543106079,0.3548378254017159,0.3452310201643975,0.34823350064264236,257840800
2002-03-27,0.3522859811782837,0.3560382564216245,0.3491338715720139,0.35048465759263936,127702400
2002-03-28,0.35528841614723206,0.3584405251181266,0.35213630717633754,0.35573810189643557,108455200
2002-04-01,0.36714622378349304,0.370748043475696,0.3494338763262535,0.3509351167579819,199046400
2002-04-02,0.361291766166687,0.364744784966622,0.3582901115670787,0.360241038004932,203795200
2002-04-03,0.35648873448371887,0.36759595533847994,0.35423772543395193,0.3609916544097545,214530400
2002-04-04,0.3737504780292511,0.3760015117236807,0.3552883643686941,0.3552883643686941,338497600
2002-04-05,0.3713490664958954,0.3781029956511379,0.3617422842788729,0.3745011756597803,278348000
2002-04-08,0.36864662170410156,0.37044794480994236,0.3569392615274527,0.36264331358358015,261514400
2002-04-09,0.3617422580718994,0.3752517938030327,0.36039147233871066,0.36909717892145905,191531200
2002-04-10,0.3701480031013489,0.3745012711552862,0.36039159034544904,0.36339324554936975,224980000
2002-04-11,0.37315040826797485,0.3782534690679166,0.3714987129045723,0.37570152533076767,407254400
2002-04-12,0.37615200877189636,0.3778028772235819,0.3687970880835408,0.3754013885645201,320241600
2002-04-15,0.3752519488334656,0.37750295870993533,0.37224944164697094,0.37615217241868687,299370400
2002-04-16,0.3863590955734253,0.3901113710523936,0.3770523691915036,0.3775029067848144,614577600
2002-04-17,0.39191263914108276,0.3928128875254814,0.3809550453711497,0.38921106731352123,396250400
2002-04-18,0.38140565156936646,0.38305649541600123,0.3734505381864021,0.3827564125868838,401710400
2002-04-19,0.3749508559703827,0.38260671123115075,0.3742010624275147,0.38260671123115075,375407200
2002-04-22,0.3681969940662384,0.3742011302166079,0.3636940986220607,0.37284951757639667,269427200
2002-04-23,0.36399418115615845,0.37194926887910884,0.36159269203268646,0.36834662185670236,233469600
2002-04-24,0.3567887246608734,0.36774631462492086,0.3554379392162592,0.36474466104512027,140448000
2002-04-25,0.36204227805137634,0.36534484112873195,0.353487027666507,0.3536366306300445,194202400
2002-04-26,0.3453815281391144,0.3657954475642098,0.34523107342233567,0.3644438351360054,304981600
2002-04-29,0.35964083671569824,0.3611420770990743,0.3465818390128762,0.3476325419463955,272288800
2002-04-30,0.36429426074028015,0.3659451294966165,0.35648877610149493,0.3585902074509857,280963200
2002-05-01,0.3599410355091095,0.36459438619336887,0.3506351357643352,0.36459438619336887,214704000
2002-05-02,0.35558855533599854,0.36534496655503945,0.35423776937328777,0.35738987884441153,239344000
2002-05-03,0.3528860807418823,0.36054193626675635,0.3516857496924871,0.3537871807539408,230781600
2002-05-06,0.33997756242752075,0.35273647828010307,0.3371255361694949,0.3504845924969435,249664800
2002-05-07,0.33727598190307617,0.34448044804120737,0.33232254976312414,0.3443308200009318,242748800
2002-05-08,0.36579540371894836,0.36804643748093774,0.34583202416278763,0.3482335126235218,436682400
2002-05-09,0.36309313774108887,0.3654946270740766,0.35723945582477695,0.3639942129125025,224616000
2002-05-10,0.35003504157066345,0.3645944345574506,0.3449311275635007,0.3645944345574506,235396000
2002-05-13,0.3593407869338989,0.36159264771551186,0.3443308366952972,0.35303654370380144,265608000
2002-05-14,0.38440725207328796,0.3854579552320399,0.3635436436385265,0.3669958359209405,526506400
2002-05-15,0.379454642534256,0.38996167333880244,0.37284948954265884,0.38080542839850684,335826400
2002-05-16,0.37840402126312256,0.3820058170709684,0.3714987839948466,0.37615213483556176,227052000
2002-05-17,0.37540140748023987,0.3869591656236195,0.36939727219293045,0.3826067255454584,236493600
2002-05-20,0.3713490664958954,0.37420109288336006,0.36819695733201047,0.36879712288485084,269914400
2002-05-21,0.3521362543106079,0.3752517416776068,0.35123515444674674,0.3726997735551952,280991200
2002-05-22,0.36504483222961426,0.3657954524750489,0.350034907343758,0.3507846758641778,290875200
2002-05-23,0.3779533803462982,0.37885362870591904,0.3612917589613963,0.36699581192869096,369398400
2002-05-24,0.36249279975891113,0.37510123276930063,0.35964077419597884,0.37510123276930063,166174400
2002-05-28,0.3599410355091095,0.3632436000825002,0.35168583903662043,0.35558859433792,149716000
2002-05-29,0.3599410355091095,0.3668462474944743,0.3519859218752039,0.3590407869933592,221793600
2002-05-30,0.3632434904575348,0.3659450618639522,0.3528860638918054,0.35678879296453997,196375200
2002-05-31,0.34973394870758057,0.36399410408840566,0.3494338659649821,0.3615926154733961,365495200
2002-06-03,0.343880295753479,0.3519858371419371,0.338926863423072,0.35108561389363885,235110400
2002-06-04,0.3419293761253357,0.3458321057980999,0.3329227338780783,0.3434297900961188,347821600
2002-06-05,0.3410283923149109,0.3426800881362503,0.33547479245116807,0.3426800881362503,277082400
2002-06-06,0.3326226472854614,0.34868327543759264,0.3308212989516548,0.3446309180564033,259996800
2002-06-07,0.32121536135673523,0.3293209282903412,0.3141605225573064,0.32661850482908894,612376800
2002-06-10,0.32241567969322205,0.3278196496253391,0.320314273609783,0.32241567969322205,277575200
2002-06-11,0.3071057200431824,0.3257182949595694,0.30635509965570384,0.3248180715499969,349496000
2002-06-12,0.30155202746391296,0.3114589166942409,0.2993001668142791,0.3063550298914365,528718400
2002-06-13,0.29329684376716614,0.3009518719651504,0.29089452852462716,0.3005013094721651,352083200
2002-06-14,0.3017025291919708,0.3056044068725339,0.2718322563383685,0.2887931581556463,424900000
2002-06-17,0.30830684304237366,0.30965762891690946,0.2979494151629586,0.3038039479024737,324609600
2002-06-18,0.3024522662162781,0.30905741829537503,0.29990117462001226,0.3065054749741539,353360000
2002-06-19,0.25697195529937744,0.2641772484599604,0.2533701353933816,0.2607250566014709,1709467200
2002-06-20,0.2568223476409912,0.2641772694329876,0.25291961798155377,0.257722596020387,396636800
2002-06-21,0.25291961431503296,0.26252557025344386,0.2520185142236008,0.2547209377220723,445177600
2002-06-24,0.2592238783836365,0.26612826376004567,0.2506677723168699,0.2517184755991276,431933600
2002-06-25,0.25727200508117676,0.26537754551038945,0.2530691684504216,0.2611747339303673,301201600
2002-06-26,0.24841660261154175,0.2595237939582365,0.23986050205930545,0.25216887572278374,558952800
2002-06-27,0.2560717761516571,0.2592238860921643,0.24646496651695562,0.2520185659348227,251658400
2002-06-28,0.2659785747528076,0.26747898861628794,0.25517060983918305,0.25667187542770487,269858400
2002-07-01,0.2560717761516571,0.26838013306333064,0.2559213213892201,0.2658281888235337,222689600
2002-07-02,0.25427040457725525,0.2575729686593834,0.25261953587337294,0.255621190487192,305188800
2002-07-03,0.26342663168907166,0.2653775830525674,0.2514183356611575,0.252319435706051,199029600
2002-07-05,0.28128859400749207,0.28143819699854583,0.26582810687090974,0.26582810687090974,161649600
2002-07-08,0.27033108472824097,0.27933687693031894,0.2653776510147426,0.27798609076745906,211204000
2002-07-09,0.2631264328956604,0.2745337066221644,0.26207573031530046,0.2715320535385398,226749600
2002-07-10,0.2599744200706482,0.27273248367642033,0.258923717106679,0.2658281003915497,206880800
2002-07-11,0.27468428015708923,0.275434900352878,0.25472089926042707,0.2590733390520876,373676800
2002-07-12,0.26282641291618347,0.28203917163494624,0.2590733123244335,0.2784365257365219,443492000
2002-07-15,0.27363359928131104,0.2791871971688733,0.252319430983326,0.2616253034781591,295993600
2002-07-16,0.2680799961090088,0.2787366802319593,0.26432689455072433,0.2724324365725259,446768000
2002-07-17,0.23460708558559418,0.2431631646083246,0.22800278458920836,0.2421124615708473,1215485600
2002-07-18,0.22500115633010864,0.23355640967209831,0.22139850930485103,0.23265616125298277,559462400
2002-07-19,0.2245505452156067,0.22770265366140696,0.2180958485821826,0.22064779161186668,385207200
2002-07-22,0.22395044565200806,0.22800280341357637,0.21929707057273673,0.2213985018719262,430897600
2002-07-23,0.21719564497470856,0.22710253479251996,0.21674510748321524,0.22364949120606334,399890400
2002-07-24,0.22815324366092682,0.2284533264381685,0.21389308663382825,0.2150942444171125,406593600
2002-07-25,0.21554477512836456,0.22440011013807612,0.2102912600063783,0.22410002737028997,479354400
2002-07-26,0.2152438461780548,0.21809587222497223,0.20713913215951027,0.21704516929580353,207704000
2002-07-29,0.22545085847377777,0.2266520415113647,0.2156944465255644,0.217345315417327,274960000
2002-07-30,0.2316054403781891,0.2328057715118642,0.2185464408655604,0.2228997329617064,354838400
2002-07-31,0.2290535271167755,0.231455016377282,0.223649531224062,0.23115493355402422,310699200
2002-08-01,0.2221490740776062,0.23145494544445086,0.22109837118098546,0.22680157137320003,228956000
2002-08-02,0.21689558029174805,0.22515075050316627,0.2138930989971485,0.22124802082480602,179060000
2002-08-05,0.20999036729335785,0.22064785310740664,0.20969028450166535,0.21779582657479196,204024800
2002-08-06,0.2212480753660202,0.22860302405752939,0.21134203400519264,0.21329298598813123,272053600
2002-08-07,0.22560130059719086,0.23055473311964295,0.2153943277235707,0.22650152388039088,333474400
2002-08-08,0.22965368628501892,0.23085484421861097,0.22169857328179693,0.22169857328179693,227348800
2002-08-09,0.2251506894826889,0.2289029634096295,0.22139844060647987,0.2289029634096295,205716000
2002-08-12,0.22500115633010864,0.22545084215172823,0.22049740916059846,0.22364951863909943,179765600
2002-08-13,0.21899697184562683,0.2283028696021087,0.21839597962238114,0.22364949486134453,269869600
2002-08-14,0.2277027666568756,0.2304043390441565,0.2182464115761118,0.2201973634836953,399084000
2002-08-15,0.23430703580379486,0.2364084421746212,0.22530124469294435,0.22890304008189374,322078400
2002-08-16,0.23730863630771637,0.24166190279721675,0.2293535502028052,0.23190549354748574,245224000
2002-08-19,0.23986057937145233,0.243913788161841,0.23595785034128536,0.23685892524975433,216557600
2002-08-20,0.23880988359451294,0.2415114550525393,0.23310583125045486,0.23971095853002358,186625600
2002-08-21,0.24196197092533112,0.2437632939613326,0.23190547953801682,0.24031110258990435,202428800
2002-08-22,0.2397110015153885,0.2439138392208253,0.23505765131214465,0.24316319381397547,258311200
2002-08-23,0.23610831797122955,0.23910997225718583,0.2319055059663268,0.23866026145256997,163245600
2002-08-26,0.23310589790344238,0.23941011755759875,0.2275522986854221,0.23941011755759875,189968800
2002-08-27,0.22289973497390747,0.23625796566547289,0.22079832879667133,0.23580825482345225,262231200
2002-08-28,0.22064785659313202,0.22695210039207692,0.21989723626486407,0.22214912230040643,247973600
2002-08-29,0.22064785659313202,0.2263519347992107,0.21779583001546193,0.21989723626486407,164169600
2002-08-30,0.2213985025882721,0.22725218382093398,0.21884653374919472,0.2210984197910039,193519200
2002-09-03,0.210891455411911,0.21839600569235856,0.210891455411911,0.21749575726149192,276936800
2002-09-04,0.21734534204006195,0.22184909008729786,0.21269281762298128,0.21314252858298338,420660800
2002-09-05,0.21284237504005432,0.215544773275482,0.21089142372906952,0.21344336724475174,226178400
2002-09-06,0.21584486961364746,0.21989722721018662,0.21359300872156817,0.2177958210473138,181591200
2002-09-09,0.21569442749023438,0.2180959165775337,0.21239268999809208,0.21434364154577756,158244800
2002-09-10,0.21509428322315216,0.21749577254866573,0.2119421734819531,0.21629461454867563,249468800
2002-09-11,0.21449407935142517,0.21914660242075001,0.21239267323162705,0.21524387295907932,202412000
2002-09-12,0.21224217116832733,0.21779576800710834,0.21194208845733037,0.21314241930131816,269830400
2002-09-13,0.2126927226781845,0.21524383922792228,0.21089139961859973,0.21209173054219638,282951200
2002-09-16,0.21764616668224335,0.21929700989152356,0.21194209005710954,0.21224217277037158,286641600
2002-09-17,0.2221490740776062,0.22560126549876133,0.21869688265645107,0.21869688265645107,427996800
2002-09-18,0.22545085847377777,0.22650156170934624,0.21794630774797866,0.22049742512403242,328641600
2002-09-19,0.21884651482105255,0.22214910370484428,0.21734527429018186,0.22139848343940893,205945600
2002-09-20,0.22319984436035156,0.22425054757418944,0.21794630324042155,0.21944671734987534,352788800
2002-09-23,0.22289973497390747,0.22455060363478105,0.2168955741775891,0.22154809737408207,263709600
2002-09-24,0.2197476327419281,0.22244920457789402,0.21614496079365614,0.21614496079365614,250661600
2002-09-25,0.22409997880458832,0.22770264963659034,0.2198971676178092,0.22049733302331698,254682400
2002-09-26,0.22064785659313202,0.22800280351677799,0.21839599560832818,0.22665201759564382,208644800
2002-09-27,0.2209480106830597,0.22289981455195926,0.21734536261465195,0.21749581739860105,206152800
2002-09-30,0.21764616668224335,0.21869686951573106,0.21224217277037158,0.2161449013910604,237697600
2002-10-01,0.21779578924179077,0.2191465749100436,0.21014078600554761,0.21899694687702417,342423200
2002-10-02,0.2126927226781845,0.2195971055114346,0.21164201978294253,0.2150942111995676,229348000
2002-10-03,0.2146436870098114,0.21914658159951061,0.21104104066835572,0.21284236383908356,217896000
2002-10-04,0.21059133112430573,0.21614492870685453,0.20999033894768873,0.21554476320448324,190825600
2002-10-07,0.20668862760066986,0.21329292896717464,0.20653816034395736,0.2096902821584091,244697600
2002-10-08,0.20533782243728638,0.20954063442813806,0.2005340057264664,0.20863955947337245,453644800
2002-10-09,0.20398706197738647,0.2078889524923379,0.20128465092684591,0.2032364416467485,356686400
2002-10-10,0.2117917239665985,0.21344341959173932,0.2038366353776445,0.20458725581189266,321574400
2002-10-11,0.21779578924179077,0.22184899797149868,0.21164202638103546,0.21389306027005167,294677600
2002-10-14,0.22169853746891022,0.22485067157741429,0.21674510513894787,0.21839597369083955,194404000
2002-10-15,0.22755222022533417,0.22890298082409868,0.22184899489125431,0.2284532951078022,405518400
2002-10-16,0.21854643523693085,0.22710253942924766,0.20863957026758834,0.22304933022091022,307624800
2002-10-17,0.2117917239665985,0.21584490897664127,0.20984077217714286,0.21329296483509486,469296800
2002-10-18,0.2152438461780548,0.2153943008854574,0.2090900833104451,0.21014078623961382,288299200
2002-10-21,0.21854643523693085,0.21959713828900315,0.21014081082035252,0.2140435402529515,238520800
2002-10-22,0.22064785659313202,0.2233494284354004,0.2140435550484925,0.21719566442259572,218148000
2002-10-23,0.2233494222164154,0.22485068788188825,0.2176462209449851,0.21959714735392505,209036800
2002-10-24,0.22049738466739655,0.22830286851434917,0.2183959785818234,0.22545081710829112,174748000
2002-10-25,0.23145505785942078,0.2319055955122764,0.21899704670127296,0.22049746108647109,279070400
2002-10-28,0.23430703580379486,0.23941009698676533,0.22890304008189374,0.23340678736247705,349300000
2002-10-29,0.2317551225423813,0.23835942534255533,0.22455065403524435,0.23370690110180184,259179200
2002-10-30,0.23986057937145233,0.24571425957958884,0.23235603073009334,0.23250565876535284,270676000
2002-10-31,0.24121129512786865,0.24676489098115778,0.23896026185777244,0.2400109644968809,295836800
2002-11-01,0.24556462466716766,0.2476660555465072,0.23850978700338948,0.23926040718134947,189828800
2002-11-04,0.25351980328559875,0.26087472564963227,0.2454142354924343,0.2476661216783467,376818400
2002-11-05,0.25367027521133423,0.2545705237217188,0.24541425211356702,0.2514183888729087,210694400
2002-11-06,0.25847315788269043,0.2599743981831825,0.2506676752784081,0.2563717521316712,216389600
2002-11-07,0.24016058444976807,0.25667176851579754,0.2373085592856567,0.2542702806602197,336179200
2002-11-08,0.23775923252105713,0.2431632032910259,0.2329562540640404,0.24031117649641182,190064000
2002-11-11,0.22755222022533417,0.23850978680066806,0.22695205475315822,0.23625792626870204,152975200
2002-11-12,0.23475749790668488,0.24076163227556224,0.2293535289724495,0.22995369440709154,223792800
2002-11-13,0.23400689661502838,0.24121136243318522,0.22935354743655392,0.23265611094126265,231739200
2002-11-14,0.24466361105442047,0.24631533157998403,0.23685897793239266,0.23866030147575656,141713600
2002-11-15,0.23941008746623993,0.2437633547788733,0.2365588875115737,0.24361290004076103,160994400
2002-11-18,0.23490706086158752,0.24316305333478164,0.23295611040231667,0.24301259868071923,164578400
2002-11-19,0.22920392453670502,0.23640839051622975,0.22530119546162342,0.23340673635998715,210952000
2002-11-20,0.23310589790344238,0.23565784205140733,0.22890305974992933,0.22965370523680756,208740000
2002-11-21,0.24541427195072174,0.24676505816272512,0.2364084794210001,0.23866034089070468,418482400
2002-11-22,0.2403111606836319,0.24466360128814682,0.2386602919491179,0.24151149188168616,227858400
2002-11-25,0.2397110015153885,0.2422621187168826,0.23580827166825505,0.24061124993808036,199427200
2002-11-26,0.23130537569522858,0.23866029782470796,0.22920396937252016,0.2379096774702551,240262400
2002-11-27,0.23595784604549408,0.23805925189469337,0.23190548905384378,0.23415652293557854,286798400
2002-11-29,0.23265616595745087,0.2383593927426346,0.23130537996426487,0.2370086067494486,143432800
2002-12-02,0.22785229980945587,0.24166191876690055,0.2253012080211553,0.2386602644433292,398742400
2002-12-03,0.22755222022533417,0.2302546181985342,0.2266519720170702,0.22815321237171424,227869600
2002-12-04,0.2247001826763153,0.22800277137093056,0.21764619631948318,0.2278522916060063,325757600
2002-12-05,0.21959716081619263,0.2263519423729886,0.21809592010942494,0.22560132201960476,243398400
2002-12-06,0.22440007328987122,0.22800274431103792,0.21794622815651096,0.21989717916390564,245358400
2002-12-09,0.2213985025882721,0.22440013218458837,0.22019731967408804,0.22425052917387914,236084800
2002-12-10,0.22935356199741364,0.231905505473329,0.22109839272287826,0.22139847548340863,308610400
2002-12-11,0.2325056791305542,0.2325056791305542,0.22635191563866178,0.22965365279430636,253500800
2002-12-12,0.22800280153751373,0.2334067718495096,0.2253012297186974,0.23280577958749019,149340800
2002-12-13,0.2219986766576767,0.22740267289845723,0.21989727008507812,0.22725221813991556,164780000
2002-12-16,0.22289973497390747,0.22665200981201722,0.219297063140953,0.22229871767657242,251624800
2002-12-17,0.22635191679000854,0.22800278537622806,0.22004769854338369,0.22289972489413845,222661600
2002-12-18,0.2186969667673111,0.22304938300555138,0.21764626346658983,0.22214915951617964,150701600
2002-12-19,0.21314243972301483,0.2239504034499836,0.2116420260242718,0.21809587161440233,347519200
2002-12-20,0.21224217116832733,0.2185463881216682,0.2068381898226116,0.2144940315120069,318096800
2002-12-23,0.21749572455883026,0.21839597285433557,0.2119421267175038,0.21254229224784066,125826400
2002-12-24,0.21554477512836456,0.21719564368833413,0.21464370015071468,0.21674510619950918,39340000
2002-12-26,0.21614497900009155,0.22229874351688736,0.21434365539959477,0.21644506182110135,85422400
2002-12-27,0.21104107797145844,0.21584488283392173,0.2102912843025109,0.21479417968813083,80035200
2002-12-30,0.21119150519371033,0.2123926629214239,0.2077393134036678,0.21134195991252924,155041600
2002-12-31,0.21509428322315216,0.21554482080745677,0.2093902294035158,0.21014084981920128,200726400
2003-01-02,0.2221490740776062,0.22395039713955472,0.21539429421311393,0.21554474891585584,181428800
2003-01-03,0.2236495018005371,0.2241000393133728,0.2189969786404652,0.22214911293238143,147453600
2003-01-06,0.2236495018005371,0.23085482035930352,0.22334941901675848,0.22560130495733885,390532800
2003-01-07,0.22289973497390747,0.2251507441562989,0.21719565696371684,0.22199863489044466,342344800
2003-01-08,0.21839594841003418,0.22079828866180032,0.2167450800492417,0.21884648584450184,229644800
2003-01-09,0.22034774720668793,0.2239504187286195,0.21764620074116164,0.21944667225175363,215252800
2003-01-10,0.2209480106830597,0.22244927687474902,0.21749581739860105,0.2188466037555947,175100800
2003-01-13,0.21959716081619263,0.22364951871518782,0.21554480291719744,0.22364951871518782,178942400
2003-01-14,0.21929705142974854,0.2224491855780058,0.21749572813483686,0.22049738251015777,186860800
2003-01-15,0.21659542620182037,0.22064778260640303,0.21404348327629066,0.21899691444239822,371128800
2003-01-16,0.21944670379161835,0.22154811008946118,0.2132929396369598,0.2132929396369598,559070400
2003-01-17,0.2116420865058899,0.21854647151583806,0.2113420036803857,0.21854647151583806,266761600
2003-01-21,0.21044084429740906,0.2162945237378468,0.21014076159201733,0.2132928700098099,253456000
2003-01-22,0.20833949744701385,0.21239268179828838,0.20713916628689746,0.20984073807151202,215140800
2003-01-23,0.2126927226781845,0.21554474863301123,0.20939015928991414,0.21089139961859973,228256000
2003-01-24,0.20713914930820465,0.21374345017056437,0.2035365027744503,0.21374345017056437,305468800
2003-01-27,0.21209177374839783,0.21764622381195248,0.20488730671659308,0.2053378442418178,391406400
2003-01-28,0.21884651482105255,0.22049738340042965,0.21254229660055696,0.21374345436011374,286255200
2003-01-29,0.22409997880458832,0.22665194683989556,0.21464365363433527,0.21839592742992742,373044000
2003-01-30,0.2149437963962555,0.22620147265347232,0.21449408555352348,0.22485068677658973,407058400
2003-01-31,0.21554477512836456,0.21839597475947875,0.21089142554195062,0.2129928315907451,341224800
2003-02-03,0.22004763782024384,0.22379991145321476,0.21539426439322137,0.2162945124624669,264784800
2003-02-04,0.21914653480052948,0.21989715485089043,0.214794095852126,0.21689550132351093,317413600
2003-02-05,0.21689558029174805,0.2241000473849295,0.21674512555727196,0.22079833502084664,221614400
2003-02-06,0.21659542620182037,0.21899691444239822,0.21344331788466947,0.21554472342943673,179149600
2003-02-07,0.2123926430940628,0.2191465713248336,0.21119148547848018,0.21839595114936972,269701600
2003-02-10,0.2153943032026291,0.2186968917838003,0.21104103673172,0.21404351751834017,167888000
2003-02-11,0.2153943032026291,0.21959711496451703,0.21314244261266396,0.21764618884332831,164780000
2003-02-12,0.2159944623708725,0.2191465711000666,0.21419313928644712,0.21419313928644712,228687200
2003-02-13,0.21824637055397034,0.21974763628192692,0.21374347519669876,0.2162945923387109,208493600
2003-02-14,0.22019730508327484,0.2209479253638938,0.21539432729649516,0.21929705675112285,243297600
2003-02-18,0.22920392453670502,0.22965363532188707,0.22094790387638782,0.2213984663865418,290897600
2003-02-19,0.22289973497390747,0.22740263011450756,0.22034776622957108,0.22620147229565463,240368800
2003-02-20,0.22169853746891022,0.2245505888110965,0.22079831422069277,0.22289972025920482,224352800
2003-02-21,0.2251506894826889,0.22605178934733658,0.21989717531531558,0.22244914343995453,157444000
2003-02-24,0.2212480753660202,0.2256013686973387,0.20713922049618427,0.22304939925196224,180252800
2003-02-25,0.22545085847377777,0.22635195868326763,0.21884655623226984,0.2203477970472127,188641600
2003-02-26,0.21764616668224335,0.22545077219874826,0.21734523224410854,0.22500108651665737,217095200
2003-02-27,0.2230493575334549,0.2251507638949181,0.21779584162979684,0.21869694179225774,154341600
2003-02-28,0.22530117630958557,0.22650148214961952,0.22169850523822004,0.2230492908274157,195098400
2003-03-03,0.21989719569683075,0.22755222400466152,0.21839595531725323,0.22530119010951305,203761600
2003-03-04,0.21854643523693085,0.22229870994452813,0.21674511190847648,0.22124800689245583,126414400
2003-03-05,0.21944670379161835,0.22214912742129062,0.21794628977486588,0.2192970757271378,126683200
2003-03-06,0.21854643523693085,0.21914660078831125,0.21614494635709608,0.21884651801262106,99859200
2003-03-07,0.21809586882591248,0.22079829184825994,0.21479413205667833,0.21719562061817688,200984000
2003-03-10,0.21569442749023438,0.22019732286321864,0.2146437243473919,0.21779583377591935,134573600
2003-03-11,0.2135930210351944,0.21749575080185557,0.2119421522904322,0.21554479925571696,161190400
2003-03-12,0.21344338357448578,0.21599450061105988,0.21104106792047272,0.21269276326690015,222560800
2003-03-13,0.2209480106830597,0.22214919398148789,0.21269283775714878,0.21719573450533994,335445600
2003-03-14,0.22184911370277405,0.22530130702791767,0.21974770675054345,0.22034784749339192,153098400
2003-03-17,0.22530117630958557,0.22620142447766028,0.22079828212087768,0.22349985329926897,399912800
2003-03-18,0.2251506894826889,0.2265014750294219,0.22244914343995453,0.2251506894826889,229980800
2003-03-19,0.22440007328987122,0.22740257887401738,0.22199858486763327,0.22620142132582058,141316000
2003-03-20,0.2237999141216278,0.2250010715690199,0.2191465406391222,0.22409997176422436,163178400
2003-03-21,0.2251506894826889,0.22740257489406954,0.22244914343995453,0.2265014750294219,297948000
2003-03-24,0.21569442749023438,0.22214912613602766,0.21539434468862004,0.22019732286321864,161100800
2003-03-25,0.21839594841003418,0.22259876000055448,0.2156943771516116,0.21629454261477404,167697600
2003-03-26,0.21629458665847778,0.21854644761516706,0.21464371796152165,0.21839599288164377,178343200
2003-03-27,0.21749572455883026,0.2206478336045251,0.2149437810434723,0.2149437810434723,122393600
2003-03-28,0.2186969667673111,0.21944673549607602,0.21569445990050262,0.21614499750781427,145303200
2003-03-31,0.21224217116832733,0.2180958507181053,0.2107409309392076,0.2150941969340008,256659200
2003-04-01,0.21254229545593262,0.2147941562401115,0.21119150965514394,0.2131424609953283,154341600
2003-04-02,0.21914653480052948,0.22049732022155347,0.21419310380739867,0.21554471590248694,171371200
2003-04-03,0.21704523265361786,0.2206478799407664,0.21539436376136553,0.21854647346900605,145712000
2003-04-04,0.21629458665847778,0.22019731631212316,0.21599450386579122,0.2179462820297939,146020000
2003-04-07,0.21749572455883026,0.22440010818055678,0.21629456682387235,0.22289971940545053,196862400
2003-04-08,0.21689558029174805,0.21989723491198235,0.21554479437892435,0.21779582867550876,128934400
2003-04-09,0.2129928022623062,0.2194466475667629,0.21224218210905316,0.21794623393443438,146725600
2003-04-10,0.21569442749023438,0.2159945102918487,0.2131424836649356,0.2131424836649356,107100000
2003-04-11,0.19813252985477448,0.2167451147891242,0.1940801723176292,0.21089143389958406,1392708800
2003-04-14,0.2038365751504898,0.20638851853801898,0.20263540495033147,0.20578751383813476,502958400
2003-04-15,0.20098456740379333,0.20413667677646807,0.19963378148327132,0.20398706124087373,303968000
2003-04-16,0.19873352348804474,0.2051873570502656,0.19392969420841472,0.19498040974099728,1016176000
2003-04-17,0.19693221151828766,0.19888316304998951,0.19092807551203736,0.19813254271491101,616257600
2003-04-21,0.19723229110240936,0.1979829114252522,0.1948308020739309,0.19708183636809504,152320000
2003-04-22,0.20278596878051758,0.20443683813171637,0.19648174761264484,0.1978325340522336,300568800
2003-04-23,0.2038365751504898,0.20458719536295386,0.20053399902512928,0.20308594241265845,209680800
2003-04-24,0.20173515379428864,0.2042871096704288,0.19513085336366806,0.20293632397714628,325108000
2003-04-25,0.20038437843322754,0.203836582724815,0.19858305519122738,0.20203524695744707,205318400
2003-04-28,0.20803940296173096,0.2095406435018346,0.201584717453362,0.20233533772341383,636798400
2003-04-29,0.21104107797145844,0.2125423186581274,0.20383661068934392,0.2098407467616328,458236800
2003-04-30,0.21344338357448578,0.2153943350347304,0.2078889461078527,0.2090901164602281,458175200
2003-05-01,0.21554477512836456,0.2159944859428981,0.21014080528533952,0.21389307989410358,342759200
2003-05-02,0.21689558029174805,0.21899698652822164,0.2152438849099722,0.21704520835185886,321182400
2003-05-05,0.24151146411895752,0.25337013177074214,0.2213984787942091,0.22169853650849106,1555708000
2003-05-06,0.26267603039741516,0.26868016631981106,0.24166194295547427,0.24196202575043912,1514492000
2003-05-07,0.2649278938770294,0.273783229772533,0.25682235163884676,0.260124089089056,1054379200
2003-05-08,0.27018141746520996,0.27123212052816925,0.2595239070583192,0.26567767070951437,687736000
2003-05-09,0.27468428015708923,0.27618466882370823,0.2683800374707989,0.27513396588444883,588386400
2003-05-12,0.27858707308769226,0.2812886450729817,0.2721323742116342,0.2724324570239537,419372800
2003-05-13,0.28023794293403625,0.2847408384843897,0.2694308032275647,0.27663527077324673,446796000
2003-05-14,0.2784366011619568,0.2827898683579837,0.2766352526740475,0.2826394136239015,355488000
2003-05-15,0.2811381220817566,0.2829394451928063,0.27723536806945076,0.27918717093807727,284995200
2003-05-16,0.28218892216682434,0.28534103202790345,0.2743842882306984,0.2790367872550028,341628000
2003-05-19,0.2716817855834961,0.27993780645586636,0.27108162007168,0.2781364832461594,445888800
2003-05-20,0.267029345035553,0.27258296946539756,0.2641773179653087,0.2716818691953602,416220000
2003-05-21,0.26792964339256287,0.27153229159050246,0.2652280705814416,0.26702939468041137,305009600
2003-05-22,0.27378320693969727,0.27618469579621874,0.26627865759735575,0.26852969173033614,178460800
2003-05-23,0.2749844193458557,0.27708582565572437,0.26958042378071395,0.27333355058078584,206718400
2003-05-27,0.28339001536369324,0.28369009813781815,0.2688297757105831,0.2695803959830497,290130400
2003-05-28,0.27438417077064514,0.28008739569124697,0.2724323680655374,0.27768588225171287,339679200
2003-05-29,0.2716817855834961,0.27768592072443293,0.26868013135015706,0.2745338117760105,333765600
2003-05-30,0.2694307267665863,0.27288291815302246,0.26312650945026395,0.2719818432940149,382748800
2003-06-02,0.2619253695011139,0.27453380498281443,0.25922379809053187,0.27168177886087197,418588800
2003-06-03,0.25982409715652466,0.2652280694299731,0.25547165505468805,0.2617758760363796,360858400
2003-06-04,0.26417726278305054,0.2670292892575537,0.2572720520173912,0.2596743676506973,271202400
2003-06-05,0.26477736234664917,0.2662786025746294,0.2601240136443912,0.26192533658314054,205497600
2003-06-06,0.25742247700691223,0.27078153280495965,0.2572720222943352,0.26627863819283315,241388000
2003-06-09,0.2520185112953186,0.2557716378480919,0.24961702233861952,0.2542703972472776,259952000
2003-06-10,0.257872998714447,0.25952386708070213,0.251418301553689,0.25351973240663567,176646400
2003-06-11,0.2619253695011139,0.2628264444208001,0.2523194148527163,0.25742247492539777,225114400
2003-06-12,0.26672837138175964,0.2683800666618355,0.2619253936153729,0.26342663417023665,252588000
2003-06-13,0.2614748179912567,0.2694307304326181,0.25712237836077373,0.26642824976064966,191245600
2003-06-16,0.2742336690425873,0.2742336690425873,0.26192531869675906,0.26417717888495407,238526400
2003-06-17,0.27303266525268555,0.27768601625578293,0.27003100998669755,0.2763352551031049,177464000
2003-06-18,0.2869926989078522,0.2923958428855392,0.27483394655848603,0.276935352921901,454983200
2003-06-19,0.2872926890850067,0.29434752626946104,0.28173909215447424,0.29059442563465643,381528000
2003-06-20,0.2881929278373718,0.2938969792769958,0.28369003389655567,0.29044478814484076,356546400
2003-06-23,0.2860916554927826,0.295547985175863,0.28143827964336354,0.289694302993339,307361600
2003-06-24,0.2818887233734131,0.29524777776691974,0.2809884752153358,0.2922461238991708,514382400
2003-06-25,0.2865421772003174,0.29119552774080476,0.28083812342000775,0.2830899846515387,329812000
2003-06-26,0.2895437777042389,0.28999431520069047,0.28068844254462644,0.28068844254462644,161705600
2003-06-27,0.2811381220817566,0.2898438282233189,0.2773858478270276,0.28969420019068925,365792000
2003-06-30,0.2860916554927826,0.288343516849257,0.27903679020116157,0.2803875763452435,222152000
2003-07-01,0.2865421772003174,0.2878929632694516,0.2778364684524274,0.2832396127289642,180992000
2003-07-02,0.2892436981201172,0.29119547617672076,0.28549142340646894,0.2856410514573987,325298400
2003-07-03,0.2871423661708832,0.29344658612163116,0.2848913314310606,0.2851914142847351,137771200
2003-07-07,0.2982494533061981,0.30290280247978274,0.28714225851204594,0.28924366437441085,286272000
2003-07-08,0.30620551109313965,0.3077059003365188,0.29254634258135404,0.2929960535323198,256737600
2003-07-09,0.29855042695999146,0.3069560515127719,0.29855042695999146,0.30335340479748696,213645600
2003-07-10,0.2938971221446991,0.29930026683057775,0.29074501218642873,0.2984000182744392,170934400
2003-07-11,0.29794949293136597,0.300201379476994,0.29314651375174955,0.2950974657076695,136858400
2003-07-14,0.2987000644207001,0.3062054665483903,0.29824952686073336,0.30035093324134876,188406400
2003-07-15,0.2943475842475891,0.30380393674719436,0.2916451859234042,0.3005013478221478,206645600
2003-07-16,0.2982494533061981,0.30020125618582405,0.290894532787921,0.29975069368623536,250930400
2003-07-17,0.3137100636959076,0.3144606841828925,0.30215230182959557,0.3030534021345393,751212000
2003-07-18,0.3131099045276642,0.3179128837354112,0.30620551858220757,0.313710070259992,298838400
2003-07-21,0.30935749411582947,0.3122095201155763,0.30470414502812665,0.3105578250583316,183808800
2003-07-22,0.3122096061706543,0.31461109539178955,0.30770585882155077,0.3132603093720529,198424800
2003-07-23,0.31205907464027405,0.31461101797987284,0.30710564267044055,0.31446056327050875,143035200
2003-07-24,0.3078562021255493,0.32271652015368735,0.3059052513341227,0.31581128664499775,229236000
2003-07-25,0.3233168423175812,0.323767404986691,0.30620550623947534,0.30635513432924477,216686400
2003-07-28,0.31506073474884033,0.3227165899639093,0.31310978353538294,0.3227165899639093,170357600
2003-07-29,0.31100842356681824,0.31641239389178094,0.30800676894697127,0.31506078130476645,197120000
2003-07-30,0.30440402030944824,0.3137098905271961,0.3027531521540922,0.31175893967760165,173594400
2003-07-31,0.31641238927841187,0.32046474695727567,0.30875655809441394,0.3113085018224132,301464800
2003-08-01,0.31115880608558655,0.3192635196804901,0.3098071938122626,0.3152111628830383,149604000
2003-08-04,0.3183632791042328,0.32271657045539454,0.3044040586809443,0.30815633284304933,230115200
2003-08-05,0.3059052526950836,0.32121525643151116,0.3017024417341766,0.32046463637791095,249440800
2003-08-06,0.2946476340293884,0.3027531997964336,0.2926958561985663,0.30110147965633816,245464800
2003-08-07,0.2991505265235901,0.3015520151136297,0.29149552330714695,0.2961480457803804,174378400
2003-08-08,0.29479730129241943,0.3021522227967075,0.29419713572963274,0.3018521400153142,137659200
2003-08-11,0.2950974404811859,0.29915062549057775,0.29284640585328997,0.2974997815909311,137228000
2003-08-12,0.29569828510284424,0.2971986985470087,0.2920956394887017,0.2965985331693429,164438400
2003-08-13,0.30290287733078003,0.30530436652774606,0.29389708617355187,0.29809989893684796,284099200
2003-08-14,0.29975080490112305,0.3051548013204751,0.2993002672851078,0.30335347753093883,192780000
2003-08-15,0.29584798216819763,0.30125197690156214,0.29509736193386576,0.30050133161649495,125865600
2003-08-18,0.30530431866645813,0.30635504674330394,0.2959984461527549,0.2980998522049743,192774400
2003-08-19,0.3050042390823364,0.3069560169476363,0.3002012617856857,0.3057548592863569,133688800
2003-08-20,0.3153616786003113,0.31926358145318434,0.3023027041581852,0.302902844673377,273212800
2003-08-21,0.32541823387145996,0.325868796519664,0.3144606634964916,0.3156618215315598,255326400
2003-08-22,0.3134099543094635,0.33022120643650116,0.3098073069466768,0.327369179497168,250264000
2003-08-25,0.3131099045276642,0.3138605250303551,0.3075563048172263,0.31190874638844623,137782400
2003-08-26,0.3159617781639099,0.3162618608841892,0.30545474958333174,0.3114588840113993,164959200
2003-08-27,0.32241567969322205,0.32241567969322205,0.3101081526396259,0.31386042731025143,225702400
2003-08-28,0.3330732583999634,0.3335237959888945,0.32016471142048847,0.32016471142048847,319625600
2003-08-29,0.3393774628639221,0.34298011006630613,0.3309718371746516,0.33322369834475124,263155200
2003-09-02,0.3429799973964691,0.3437306175399216,0.33622524277956345,0.34012797152101637,242132800
2003-09-03,0.3444805443286896,0.3500349952557984,0.34162934402394346,0.34222950970131244,268828000
2003-09-04,0.34268006682395935,0.3489843118697789,0.341778991582072,0.3476326739562044,199780000
2003-09-05,0.3377265930175781,0.34748300471044863,0.3363758069892651,0.34117878546203056,240133600
2003-09-08,0.34132838249206543,0.3420790028116249,0.337276024775677,0.3374264795093332,167244000
2003-09-09,0.335774689912796,0.340277583892208,0.3320224160423075,0.33817617825687385,180370400
2003-09-10,0.3329226076602936,0.33937730369856595,0.3318719049419063,0.3339733103786809,224890400
2003-09-11,0.33862677216529846,0.34207896390312686,0.3317223886896416,0.33397339766718853,213684800
2003-09-12,0.3467322587966919,0.34733242421990335,0.33487444498051333,0.33787609877070746,179989600
2003-09-15,0.33337318897247314,0.3437305887404904,0.33202240349710077,0.3423789765910205,226844800
2003-09-16,0.33562517166137695,0.3405786046609843,0.33322368253189444,0.3333733105981376,269007200
2003-09-17,0.3320223093032837,0.3359250366105539,0.3279699540268087,0.33577458196748605,289396800
2003-09-18,0.3434297740459442,0.34508146934815986,0.32947052633594126,0.33172241224915855,252907200
2003-09-19,0.33892691135406494,0.345981750720867,0.3366758769509946,0.3434298068346099,205956800
2003-09-22,0.3314222991466522,0.33772651697562284,0.3290208104509848,0.3329226878593034,179821600
2003-09-23,0.33667585253715515,0.33712556338051614,0.3284198308087598,0.33052123699225894,132451200
2003-09-24,0.32001426815986633,0.33487459410879283,0.3164124473424772,0.3333733532080862,301285600
2003-09-25,0.3066551089286804,0.32076481101397425,0.3039535373005498,0.32031427351785086,574380800
2003-09-26,0.3105577826499939,0.32571815878537347,0.3024522181474183,0.3047041034191404,347250400
2003-09-29,0.31971415877342224,0.3252677576355966,0.30995774707777146,0.3225661855782007,365702400
2003-09-30,0.31100842356681824,0.31851380012798336,0.3068056110944134,0.3165620219518725,285426400
2003-10-01,0.31205907464027405,0.3167124238656066,0.3030532856083371,0.31085791698804305,236112800
2003-10-02,0.30875658988952637,0.3122096090179822,0.30440414897228435,0.3122096090179822,204058400
2003-10-03,0.32556775212287903,0.3281196954149353,0.31340985448884207,0.3150607228899553,299600000
2003-10-06,0.33457449078559875,0.33517465643934574,0.3239169786713502,0.3252677647295081,268329600
2003-10-07,0.3485337495803833,0.3513858017760086,0.328870469096859,0.33097187576418935,418174400
2003-10-08,0.34613215923309326,0.35333662570485674,0.3411787268637523,0.3489842105979527,428668800
2003-10-09,0.3519858419895172,0.3552884308641039,0.34207897719226493,0.34973398119948756,347748800
2003-10-10,0.35543808341026306,0.35738988675263694,0.35078473313342773,0.3527365364758016,174837600
2003-10-13,0.36549463868141174,0.36639571388144165,0.35603828407732835,0.35618876388624077,279865600
2003-10-14,0.36849701404571533,0.3713490402314646,0.36309304442941304,0.36504482234957364,275419200
2003-10-15,0.3725493848323822,0.37540141112209324,0.3689475649644776,0.37299992231872786,610103200
2003-10-16,0.3489843010902405,0.35783961337248266,0.3363758364387991,0.3572394727301944,975682400
2003-10-17,0.34147876501083374,0.352585959372933,0.33667578799060477,0.3509350910236392,359811200
2003-10-20,0.3485337495803833,0.35033507339159997,0.33592530957640143,0.33922704766818634,279132000
2003-10-21,0.3479335308074951,0.3512352683957575,0.34147885702453257,0.34988448241197667,176461600
2003-10-22,0.34162914752960205,0.3482334462055363,0.34042799019124526,0.3443307181983908,161599200
2003-10-23,0.34508150815963745,0.3474829973451176,0.33907737185872777,0.3411787782303252,165211200
2003-10-24,0.3392270803451538,0.3429801830944391,0.33367348028574884,0.33862691457511396,219856000
2003-10-27,0.3392270803451538,0.343580348864479,0.33757621114023695,0.341478941994725,162013600
2003-10-28,0.3560382127761841,0.35678883306772263,0.33622530911175136,0.33862679804007684,251714400
2003-10-29,0.35558855533599854,0.3587406648071223,0.35033501450005294,0.3528861316854419,267080800
2003-10-30,0.3465818166732788,0.36024095392860345,0.3432800800517351,0.36009135095517464,260556800
2003-10-31,0.3435802161693573,0.350484599882097,0.3419293476020272,0.3497339796221392,218153600
2003-11-03,0.34748294949531555,0.3497339836266687,0.34192935151719195,0.34267997178574455,302842400
2003-11-04,0.343880295753479,0.34673232204518534,0.3390773181433881,0.3462817845585245,249233600
2003-11-05,0.34568163752555847,0.34718287811191106,0.33727601292091475,0.3425295282988171,322470400
2003-11-06,0.34703245759010315,0.3474829951452842,0.33997761814805727,0.3438803480526622,397073600
2003-11-07,0.3377265930175781,0.3488337907387617,0.3369759726297518,0.34808317035093533,210145600
2003-11-10,0.32872000336647034,0.33997768271380935,0.32781975475955366,0.3369760273495169,234276000
2003-11-11,0.3233168423175812,0.33052131083879926,0.32241576708084824,0.32871998703986244,215073600
2003-11-12,0.33517464995384216,0.3410283316507444,0.32241573162390513,0.32241573162390513,300003200
2003-11-13,0.3365253508090973,0.33862675669912506,0.32902080215855767,0.33127183608402794,212772000
2003-11-14,0.32211557030677795,0.3393773800950813,0.3194139989010802,0.3374264288963522,237048000
2003-11-17,0.3171621561050415,0.3207648026312691,0.3144605845475124,0.320464719866464,228256000
2003-11-18,0.30635520815849304,0.3203144376211587,0.30545495937933614,0.31836348526228797,267192800
2003-11-19,0.30650562047958374,0.30995781366666186,0.30410413072659953,0.3086070273477716,344584800
2003-11-20,0.3059052526950836,0.3164122800973511,0.3017024417341766,0.3017024417341766,239590400
2003-11-21,0.30440402030944824,0.30890691407120296,0.2979493239732803,0.3053042433414337,241836000
2003-11-24,0.3174629807472229,0.31926347685512657,0.30695595341413956,0.30770572173800576,381824800
2003-11-25,0.31040817499160767,0.31896342570930425,0.30935747215440673,0.3186633429949817,268654400
2003-11-26,0.31100842356681824,0.3174630970098822,0.3039535594839196,0.3135603673320255,245128800
2003-11-28,0.3138604164123535,0.3162619051851413,0.30800673586154104,0.31190863844589845,76098400
2003-12-01,0.32586875557899475,0.3279701618704849,0.3152112443323899,0.3158114099372766,361536000
2003-12-02,0.3233168423175812,0.32871998703986244,0.32136506375434587,0.324217090879785,205296000
2003-12-03,0.315661758184433,0.3278196574801267,0.31461105511753784,0.32331676243262253,191296000
2003-12-04,0.3174629807472229,0.3177630634318735,0.3117589297166741,0.3143108725472979,177940000
2003-12-05,0.312959223985672,0.31746294375279316,0.31115872808758277,0.31370984394685886,186177600
2003-12-08,0.3159617781639099,0.31641231558140914,0.30635499774416963,0.31190859475473803,148237600
2003-12-09,0.30695611238479614,0.31896355935971443,0.30620549194739677,0.3177632279994679,135144800
2003-12-10,0.3059052526950836,0.3093574436023904,0.29960103625372314,0.3069559554353104,271336800
2003-12-11,0.3183632791042328,0.3203142301997534,0.30335335578161937,0.30395349619501677,183136800
2003-12-12,0.31356045603752136,0.3200143046319983,0.31070842867093423,0.3200143046319983,192673600
2003-12-15,0.30275318026542664,0.3225660799916388,0.30125193998075184,0.3225660799916388,388908800
2003-12-16,0.30200254917144775,0.30755614601435355,0.3003508291978039,0.30305325199778493,373956800
2003-12-17,0.298399955034256,0.3021522299013957,0.29704916914905966,0.30140160959309803,274260000
2003-12-18,0.30080142617225647,0.3029028322410922,0.2987000201034207,0.2987000201034207,330915200
2003-12-19,0.29569828510284424,0.3065054203219274,0.2944971276734388,0.3030532293892383,453560800
2003-12-22,0.29794949293136597,0.29855051038548036,0.28894370030094574,0.29494783761274507,377064800
2003-12-23,0.29734939336776733,0.2994508005607675,0.29419728257826716,0.299000262826627,308498400
2003-12-24,0.30635520815849304,0.3090576078454203,0.29494789853144837,0.2959986021111622,177475200
2003-12-26,0.31190866231918335,0.31386044043502626,0.3053043359692214,0.30545481574976985,103695200
2003-12-29,0.3174629807472229,0.317612608752517,0.3131097151346331,0.3138603351832908,233458400
2003-12-30,0.3194141387939453,0.3227167288669201,0.3174631867407635,0.3179128977225139,204853600
2003-12-31,0.32076480984687805,0.3231662986936236,0.31791278350564844,0.3204647270753226,174451200
2004-01-02,0.3194141387939453,0.32646900487089986,0.3179128977225139,0.32346649767729163,144642400
2004-01-05,0.3327731192111969,0.3360748565056172,0.32151544306496227,0.32151544306496227,395018400
2004-01-06,0.33157190680503845,0.33652536403033684,0.32586870612608215,0.3339733955345288,509348000
2004-01-07,0.3390774726867676,0.34268012087348015,0.3291705784598928,0.3317225481991169,586874400
2004-01-08,0.3506350517272949,0.35618867464700443,0.33997756680219715,0.34282959309692157,460303200
2004-01-09,0.3452310562133789,0.36219278304974184,0.3420789473865633,0.3486832477845255,427459200
2004-01-12,0.3561885952949524,0.36024092670280755,0.34673224516675133,0.3489841304772099,487547200
2004-01-13,0.36204227805137634,0.37284938871727613,0.3581395245179934,0.37074798312462587,679016800
2004-01-14,0.3632434904575348,0.36834655052234955,0.3569392727264029,0.3662451446119722,620043200
2004-01-15,0.3429799973964691,0.351235165626113,0.33772648306646846,0.34388024556411206,1018208800
2004-01-16,0.3410283923149109,0.3458321983298274,0.3393775231681567,0.34358033675959293,372820000
2004-01-20,0.34117868542671204,0.3422293883267103,0.333973368105023,0.3402776105557458,315946400
2004-01-21,0.3393774628639221,0.34478143366749814,0.3366758907993533,0.3407282488962065,226660000
2004-01-22,0.3329226076602936,0.34267986653094773,0.3329226076602936,0.3386266836605678,205004800
2004-01-23,0.33862677216529846,0.3413283436689439,0.33397339766718853,0.33652536617929274,227169600
2004-01-26,0.3453815281391144,0.3461321483744719,0.33667582142264946,0.3371255322244496,271269600
2004-01-27,0.34628182649612427,0.3489842501198238,0.3422294686482648,0.3458321156292871,307070400
2004-01-28,0.3380267024040222,0.3509352247356086,0.3363758334257207,0.34282968125426344,275402400
2004-01-29,0.34042802453041077,0.3422293473826408,0.3330731051103601,0.33967740445247374,212699200
2004-01-30,0.33862677216529846,0.343280121612673,0.33652536617929274,0.33997755791712114,185298400
2004-02-02,0.33502402901649475,0.3423789478447425,0.3314222102759445,0.33712543439599413,287431200
2004-02-03,0.3341239392757416,0.33622534565068574,0.3302211842894739,0.33472410490446286,180812800
2004-02-04,0.32706907391548157,0.3315719694685572,0.32571828791700064,0.3302211834700763,305552800
2004-02-05,0.3365253508090973,0.3438802714241944,0.32736908199835235,0.3275195617587581,352844800
2004-02-06,0.34087857604026794,0.34358014709353674,0.33622522736864924,0.336975847477697,193340000
2004-02-09,0.34027767181396484,0.3431296982951359,0.3377265547934159,0.33952787818543667,188260800
2004-02-10,0.344931036233902,0.34703244250082493,0.3368254939651453,0.33952789250431564,255343200
2004-02-11,0.3572395145893097,0.35829021801248284,0.3459818347653367,0.34658200052869137,348544000
2004-02-12,0.3561885952949524,0.3600913237406853,0.354237644409138,0.3543872473712603,183988000
2004-02-13,0.3452310562133789,0.36174224559613194,0.3426799395494521,0.35798997128065435,315980000
2004-02-17,0.3476325571537018,0.35258598929615653,0.34673230888882645,0.34673230888882645,170956800
2004-02-18,0.34913370013237,0.3518352708470336,0.3459815920739207,0.34793336944764186,141635200
2004-02-19,0.33727598190307617,0.3548378748411846,0.33637573363865564,0.35018450040530436,323080800
2004-02-20,0.336225301027298,0.3378761696243902,0.3333732746577596,0.33772654157427817,277603200
2004-02-23,0.3330732583999634,0.33712561667691826,0.32857036253407734,0.3353251196701439,194079200
2004-02-24,0.33562517166137695,0.34132839834099826,0.33022117606350254,0.332322607436839,259056000
2004-02-25,0.34237900376319885,0.34373061601993654,0.3333732154299263,0.3344239182912802,276276000
2004-02-26,0.3458320200443268,0.34793342575671493,0.3422293740590444,0.3434297049380325,198408000
2004-02-27,0.3590407073497772,0.36054194788417077,0.34448046779889013,0.34463092252205074,468837600
2004-03-01,0.3605419397354126,0.36474475179728255,0.35829007898471754,0.3617422707963558,321680800
2004-03-02,0.3573898673057556,0.36174230785903505,0.3567888499886859,0.36024104215402203,256687200
2004-03-03,0.3590407073497772,0.36309306478347614,0.35423772964888156,0.35423772964888156,225131200
2004-03-04,0.3776532709598541,0.3785534941456162,0.35889022091026235,0.3591902786050269,660223200
2004-03-05,0.4013689458370209,0.4126266218022262,0.37375055836878696,0.37450117865299437,1540599200
2004-03-08,0.39026179909706116,0.40211961707160604,0.3872593175798033,0.3995676731168222,522872000
2004-03-09,0.4067729711532593,0.4087239226976997,0.3865086518954819,0.38876053796615956,618363200
2004-03-10,0.41547873616218567,0.42238312155951907,0.4043706858978456,0.4058719267840474,1006964000
2004-03-11,0.40752270817756653,0.4208817902258466,0.40662245984400686,0.40932403151900504,595851200
2004-03-12,0.41367724537849426,0.4169789819854028,0.4078235656304924,0.41007459937626406,329224000
2004-03-15,0.39701563119888306,0.41052516639496817,0.3941644318052155,0.4057221891617966,481717600
2004-03-16,0.3875594735145569,0.3994181204008095,0.3811056250488215,0.39851704510586244,605432800
2004-03-17,0.3931138515472412,0.39596505183068204,0.386959260039495,0.38966083224195497,411432000
2004-03-18,0.38530823588371277,0.3911619155224318,0.3841070532966078,0.38936059255494576,321081600
2004-03-19,0.38816043734550476,0.4043706980401525,0.3833566066495682,0.38365754122618473,408576000
2004-03-22,0.38816043734550476,0.39281296155323986,0.379004190343928,0.38080551412656033,419031200
2004-03-23,0.3796043395996094,0.39026185282476195,0.3785536362588031,0.3884605290013027,385515200
2004-03-24,0.3827563226222992,0.38650859711600793,0.37930413088717524,0.37930413088717524,428215200
2004-03-25,0.40331992506980896,0.4039209423939815,0.38861008117231016,0.3923631828523509,566445600
2004-03-26,0.4058718979358673,0.4106748764209353,0.4039209713128109,0.40527175734458387,419893600
2004-03-29,0.4189308285713196,0.4201311596533315,0.4082733184590835,0.4108252870705435,350728000
2004-03-30,0.4190804958343506,0.419531033369413,0.4103747629272043,0.4163789239727287,359676800
2004-03-31,0.4058718979358673,0.4199816022952379,0.40452111190409434,0.4190805271577639,390773600
2004-04-01,0.4069226086139679,0.40932409790057106,0.39956768600367243,0.4036208958985495,318332000
2004-04-02,0.41277623176574707,0.4192309300300778,0.4087238992226021,0.4165293583008228,274478400
2004-04-05,0.42508459091186523,0.4258352111732582,0.4118759889993797,0.41247615453877545,385672000
2004-04-06,0.4177297055721283,0.4225335103227723,0.4117255445888606,0.41592838212493277,257992000
2004-04-07,0.4099251329898834,0.4157788150460441,0.40407059920849175,0.4144280289311215,255119200
2004-04-08,0.4132268726825714,0.42028171280161236,0.408273414072737,0.4184803890824431,240917600
2004-04-12,0.4208816885948181,0.4217827633851129,0.412626520837127,0.41277612380203216,230540800
2004-04-13,0.4042210280895233,0.4207322467015846,0.4028702420610705,0.4199816012629401,436396800
2004-04-14,0.3998677134513855,0.4063224117389364,0.39491428081370805,0.4013689540505214,639732800
2004-04-15,0.4397943913936615,0.44399720311710433,0.42268308680955213,0.4325899506360153,1761446400
2004-04-16,0.4379931092262268,0.4399448620746508,0.42778698896234973,0.4375433984353999,402931200
2004-04-19,0.4255352020263672,0.43153931307780813,0.4177297173753549,0.42208300976935165,712353600
2004-04-20,0.4162291884422302,0.4264353076563807,0.4136772453016112,0.42343367882192096,354519200
2004-04-21,0.4162291884422302,0.4220828932398764,0.41082521943988926,0.414277410743817,325875200
2004-04-22,0.4169791042804718,0.4229832404870771,0.40692258508773127,0.41367736670520244,344584800
2004-04-23,0.4157787263393402,0.4202816213198823,0.40602231610244693,0.4157787263393402,315828800
2004-04-26,0.40722253918647766,0.41487756681194016,0.4052716132570403,0.41397731866897236,231128800
2004-04-27,0.40437060594558716,0.4118760072688718,0.4006183311464802,0.40887435276445294,283864000
2004-04-28,0.39701563119888306,0.4054212546940446,0.3953647627763971,0.402570080351111,231168000
2004-04-29,0.40181949734687805,0.4052717144858308,0.3899616804614963,0.3970156926953894,460790400
2004-04-30,0.38695913553237915,0.40467148230444794,0.38260669579267836,0.40091835631957523,466502400
2004-05-03,0.39131247997283936,0.3952152097180078,0.3863590470914478,0.3902617768366163,297634400
2004-05-04,0.39236322045326233,0.3985169851192498,0.38275641152511103,0.38981127640115276,279983200
2004-05-05,0.4000181555747986,0.4015194211773609,0.38966075311124,0.39326339976589625,238106400
2004-05-06,0.3989674746990204,0.40151944349484303,0.38876052639304104,0.3962659028950242,263558400
2004-05-07,0.40031835436820984,0.41382706827745447,0.39851703051883264,0.39851703051883264,419036800
2004-05-10,0.3944645822048187,0.3992675602617757,0.3893606946792331,0.39431412747050437,249978400
2004-05-11,0.4073731005191803,0.40812372079239134,0.3962658794432632,0.3962658794432632,305172000
2004-05-12,0.4097745418548584,0.41037468228335017,0.39386351821093757,0.40211951358425074,245420000
2004-05-13,0.40812376141548157,0.41607884908958065,0.40377046901653446,0.40677297545897345,229852000
2004-05-14,0.406171977519989,0.4100747325616595,0.3970157315171205,0.4090240043085315,257801600
2004-05-17,0.3998677134513855,0.4061719319585498,0.395664901113276,0.40076878848060254,300445600
2004-05-18,0.406171977519989,0.4096241699457726,0.4022692475290589,0.40482119149898077,206063200
2004-05-19,0.397316575050354,0.4127762110266126,0.39656595479119977,0.4112758222333346,375592000
2004-05-20,0.4009184241294861,0.40527171633043546,0.3973166039674141,0.3997180929669135,196296800
2004-05-21,0.4069226086139679,0.4082733946705288,0.4012185548867521,0.40377049892384126,179894400
2004-05-24,0.41037461161613464,0.4187802586254142,0.40692242069374035,0.4096239915592539,235603200
2004-05-25,0.4264354407787323,0.4279366815270591,0.4096241647048793,0.41277627427171293,319978400
2004-05-26,0.4279366433620453,0.4319898527369029,0.42028163890735454,0.42523507159553026,322168000
2004-05-27,0.4228336215019226,0.42928744329060814,0.4175800808031066,0.4271860370313772,235972800
2004-05-28,0.4211818277835846,0.4243339618623111,0.4172799502347619,0.42148278732281863,145717600
2004-06-01,0.4211818277835846,0.4232832338022451,0.41442792397025413,0.41712949551588063,182134400
2004-06-02,0.4340912997722626,0.43784354993633856,0.41728002361588207,0.4207322410651841,318712800
2004-06-03,0.4262858033180237,0.435141940622701,0.42463490958215877,0.43108878131531325,250930400
2004-06-04,0.4319896996021271,0.439043684255149,0.42793649166407943,0.42868711170521456,399112000
2004-06-07,0.4474494159221649,0.4500013844046557,0.4324395164862177,0.43589170818398637,295876000
2004-06-08,0.45555493235588074,0.45690571794463686,0.44775032659667,0.4501517900008561,415620800
2004-06-09,0.4533039629459381,0.46095896639526196,0.45030143200991785,0.45165221771577047,349204800
2004-06-10,0.4614095091819763,0.46486170102959834,0.45330399278972067,0.45330399278972067,257577600
2004-06-14,0.45210275053977966,0.4605083736457967,0.4427969042977869,0.46005786126608317,243986400
2004-06-15,0.46065884828567505,0.46741277666377495,0.45420417597524615,0.4584069877101617,444634400
2004-06-16,0.49142932891845703,0.500135059520339,0.4582573499553716,0.46020830096673937,909641600
2004-06-17,0.4924803376197815,0.4972833177011659,0.48347454329850753,0.48872808614911833,551320000
2004-06-18,0.4939814805984497,0.5014860313867663,0.48677613586478297,0.4902283284283443,406252000
2004-06-21,0.4852747321128845,0.5028365985395927,0.48212264848893105,0.4971333983748361,390213600
2004-06-22,0.4953322112560272,0.49668294707834376,0.48467467515115503,0.484825129886853,360511200
2004-06-23,0.5058392286300659,0.5077901800943215,0.49368045219966183,0.4953321976509607,390868800
2004-06-24,0.4980337619781494,0.5058392719538674,0.4950321322096395,0.5029872452046489,252515200
2004-06-25,0.5058392286300659,0.5058392286300659,0.4953321976509607,0.4963828756981334,323428000
2004-06-28,0.48767709732055664,0.5131940771158782,0.4834742853232302,0.5130436223984287,521096800
2004-06-29,0.48782670497894287,0.49518160023850355,0.4714659709407954,0.48137283449014473,590553600
2004-06-30,0.48842692375183105,0.49488159656856184,0.4786705138410911,0.48872783319154545,373044000
2004-07-01,0.4848252534866333,0.4875268260229507,0.4788211410431085,0.4818227714022071,341941600
2004-07-02,0.46651265025138855,0.46801389094644663,0.4462492075656706,0.45750685942982317,910683200
2004-07-06,0.4645617604255676,0.47161574889538455,0.46230989908371795,0.4693647392787787,348980800
2004-07-07,0.4561558961868286,0.4707152799122641,0.45225314285039736,0.4630602780216479,397992000
2004-07-08,0.4524029493331909,0.4605084662902285,0.44955087272209493,0.4522532962249918,233380000
2004-07-09,0.45075199007987976,0.4578068279624847,0.45075199007987976,0.45435463637615253,208863200
2004-07-12,0.43739309906959534,0.4509026144259805,0.43424096399230067,0.4506017048928925,511621600
2004-07-13,0.43859410285949707,0.44429735389077285,0.43559162180987837,0.4390438136775016,316176000
2004-07-14,0.4439973533153534,0.4498519122080038,0.4313889138797618,0.4331902626605169,835800000
2004-07-15,0.49428147077560425,0.5047885017817761,0.4819730913070149,0.49022826137999925,1767724000
2004-07-16,0.483323872089386,0.4941310108216398,0.4821227393202473,0.49232966237825904,488381600
2004-07-19,0.4798717200756073,0.48362402028074863,0.47521839486326567,0.4804718856984528,533170400
2004-07-20,0.483323872089386,0.48332387208938593,0.47356746149738305,0.47957162229881695,323747200
2004-07-21,0.47461819648742676,0.4909788835882761,0.4704153339672417,0.48662646816212524,301257600
2004-07-22,0.47551846504211426,0.47626908542747937,0.4662125658965998,0.46906464279269466,334118400
2004-07-23,0.46080857515335083,0.4765690966320714,0.45750683778966567,0.47326740936986217,273571200
2004-07-26,0.46921417117118835,0.4720661975120985,0.46200967958102246,0.4630604076692362,393932000
2004-07-27,0.4867759943008423,0.4915789715425227,0.47386750134317024,0.47731969290276705,425006400
2004-07-28,0.4843745827674866,0.4864759888707555,0.46771378866627417,0.48497474831861687,285051200
2004-07-29,0.4899281859397888,0.49262975762252326,0.4822731817224936,0.4873762172585129,222157600
2004-07-30,0.48542505502700806,0.4953319658947749,0.48032202170736876,0.49007842781251265,243023200
2004-08-02,0.474017858505249,0.4833237032795272,0.46726307975991827,0.46801369980088,365092000
2004-08-03,0.469664603471756,0.47611932541957686,0.46756319775538324,0.4720661169591769,211629600
2004-08-04,0.477169930934906,0.48212256013176086,0.467863234644288,0.4681632922684125,276488800
2004-08-05,0.47116604447364807,0.48482516094595257,0.4690646380854873,0.4774702636381302,244501600
2004-08-06,0.4469996988773346,0.46681257324951475,0.4457985162824173,0.46381094445101256,492290400
2004-08-09,0.4548044502735138,0.45705631138779745,0.4474495029269658,0.4480505202794987,290847200
2004-08-10,0.473116934299469,0.4734170421590257,0.4555550632512254,0.45615608059400375,351036000
2004-08-11,0.4654618799686432,0.4672632283557218,0.45420422912224495,0.46681266580232034,322392000
2004-08-12,0.4558550715446472,0.46306036408012496,0.4545042858628011,0.45705620414123405,226200800
2004-08-13,0.46291011571884155,0.4695143939867452,0.4563057873494474,0.4593082694690284,328048000
2004-08-16,0.4620095193386078,0.476119241527933,0.45990811399250014,0.46531125535448264,435674400
2004-08-17,0.4633604884147644,0.4672632430378192,0.45555502927013014,0.45900722132562605,323019200
2004-08-18,0.4764193892478943,0.47807028261878615,0.4576563405303328,0.4579564483052605,364655200
2004-08-19,0.46095898747444153,0.4782207980904946,0.45570544739724195,0.4729672580132951,388920000
2004-08-20,0.4623098373413086,0.46516186399029047,0.45765646214357847,0.46095905138639953,316780800
2004-08-23,0.46651265025138855,0.4693646769022423,0.4593081578782754,0.46321006100639994,254660000
2004-08-24,0.47957149147987366,0.47957149147987366,0.4681633385617227,0.46921406641535296,374136000
2004-08-25,0.4960828125476837,0.4975832014244846,0.4762690318592983,0.4783704380321924,505618400
2004-08-26,0.52024906873703,0.5280536770348689,0.4914294944539819,0.49593236505515453,955858400
2004-08-27,0.5155954957008362,0.5217492578428412,0.5103419566237161,0.5205489270220202,388813600
2004-08-30,0.5121435523033142,0.5211493445120435,0.5097420377752113,0.5103422034759216,218142400
2004-08-31,0.5176971554756165,0.5246015411074129,0.5103422071770173,0.5113929355488828,376560800
2004-09-01,0.5382606387138367,0.540212391960268,0.5131941669576235,0.5148450608179572,515726400
2004-09-02,0.5352590084075928,0.5375100681026358,0.5228001720736125,0.5328575440563175,406324800
2004-09-03,0.5288041234016418,0.5391615490503122,0.5255023867915242,0.5255023867915242,293468000
2004-09-07,0.5367593765258789,0.5432140501113835,0.5288042638837838,0.5313562327560457,301957600
2004-09-08,0.5456154346466064,0.548918023377789,0.5355589672886701,0.5358590249953824,343526400
2004-09-09,0.5358592867851257,0.5448650806053079,0.5295550657760648,0.5418634499408836,461339200
2004-09-10,0.5384107828140259,0.5438139236823396,0.5322561702840172,0.5352586500321377,328014400
2004-09-13,0.5342082977294922,0.5414127404471981,0.5301550878860155,0.538560713619758,281976800
2004-09-14,0.5327067375183105,0.5336069603959154,0.5220492068915727,0.5289544394219539,254822400
2004-09-15,0.5283538103103638,0.5325566738441784,0.5223505498010033,0.5307561766656561,232668800
2004-09-16,0.5456154346466064,0.5517700495849339,0.5265531778681961,0.5283536243114101,501916800
2004-09-17,0.557473361492157,0.5610760083250143,0.5463661147761171,0.5486180258167173,502308800
2004-09-20,0.5660293102264404,0.5700816669710269,0.5534208758999546,0.5535704788726353,245000000
2004-09-21,0.5705322027206421,0.5834407453478716,0.562277034195577,0.5666294988902585,386652000
2004-09-22,0.5541717410087585,0.5724833834261992,0.5525199952004672,0.5718832177189218,401688000
2004-09-23,0.5594252943992615,0.5628774876093642,0.5543214052998423,0.5559731011891588,397404000
2004-09-24,0.5597252249717712,0.5703818590612701,0.5576238187554589,0.5621266889290534,369488000
2004-09-27,0.5633277893066406,0.5700817178166684,0.5528207597641129,0.5546212061491606,397516000
2004-09-28,0.5709828734397888,0.5747351232776803,0.5621266860445063,0.5622771407767668,353186400
2004-09-29,0.5805886387825012,0.5832910614060991,0.567680097947025,0.5693309911387819,273509600
2004-09-30,0.5816395282745361,0.5894450378969239,0.5771366579630215,0.5853926800732105,425012000
2004-10-01,0.5804390907287598,0.588243696421001,0.5790883051515944,0.5871930186145867,465404800
2004-10-04,0.5822404623031616,0.5880941678199307,0.5816394450622263,0.5880941678199307,574084000
2004-10-05,0.5909460783004761,0.5954489470859402,0.5763858422828109,0.5787873054997774,406162400
2004-10-06,0.6100084781646729,0.6118097762687409,0.5924465606466727,0.5928971231546659,446303200
2004-10-07,0.5946987867355347,0.6143621222393557,0.5922973216621045,0.6085084133437461,426148800
2004-10-08,0.5862929821014404,0.5969504696726246,0.5829903924488613,0.5937983848793608,359228800
2004-10-11,0.5792379379272461,0.5862927755702435,0.5733842328495541,0.5823900717116037,323870400
2004-10-12,0.5747350454330444,0.5790883620882067,0.5651282891278225,0.5778871793651371,460191200
2004-10-13,0.5966492295265198,0.596799684200977,0.5814896810639143,0.5834406317876436,1163008000
2004-10-14,0.6751520037651062,0.6867097093335802,0.6386774389379081,0.6482842437272676,2768427200
2004-10-15,0.6829575300216675,0.6846083733202285,0.6632942578352361,0.6736516336599677,1031128000
2004-10-18,0.7167304754257202,0.7167304754257202,0.6709492122221147,0.6709492122221147,1200752000
2004-10-19,0.7117770314216614,0.7257362504666925,0.7101252864456311,0.7219839516243359,801992800
2004-10-20,0.7125277519226074,0.7144787031004254,0.7002193742928345,0.7081744353370758,605108000
2004-10-21,0.7195819020271301,0.7224339287632286,0.7108761686987515,0.7126775173025229,724505600
2004-10-22,0.7116268277168274,0.7155295325224404,0.7057731212187605,0.7135785809314656,483067200
2004-10-25,0.7137281894683838,0.718081456602434,0.7065236974458934,0.7084746489150082,392644000
2004-10-26,0.7200325131416321,0.7212336460986362,0.705022559703666,0.7122270026759823,594361600
2004-10-27,0.7550057172775269,0.759809547137118,0.7230349123941063,0.7281379482769498,1193494400
2004-10-28,0.7833747267723083,0.783825289358796,0.7429982968254246,0.750202738974782,864264800
2004-10-29,0.7865269780158997,0.7985352518068788,0.7775211860099155,0.7781213516971143,810219200
2004-11-01,0.7872774600982666,0.7994353848877844,0.7811236961997504,0.788028080412594,602050400
2004-11-02,0.8030379414558411,0.8117436230588395,0.78652675136902,0.78652675136902,729988000
2004-11-03,0.8302066922187805,0.8422141119249366,0.8103929115883399,0.8160970146208005,1204173600
2004-11-04,0.8172972202301025,0.8338084103063935,0.8160969393038302,0.8260038036540159,928625600
2004-11-05,0.8213502764701843,0.825553087634372,0.7811234626585306,0.8234516820522781,1205047200
2004-11-08,0.8162468075752258,0.8323082920732379,0.808442148284858,0.8145959134876718,526920800
2004-11-09,0.8112940788269043,0.8187986288551816,0.8012367082094516,0.8139956507031337,475764800
2004-11-10,0.8218012452125549,0.8314072030947298,0.8091928054863129,0.8097929210838338,508676000
2004-11-11,0.8300563097000122,0.8320072613069998,0.8139956792675737,0.8248027687753716,407299200
2004-11-12,0.8330578207969666,0.8359098471044201,0.823151807806481,0.8257029246716409,395701600
2004-11-15,0.8291560411453247,0.8324577787574529,0.8156465278610489,0.8285550738966111,376045600
2004-11-16,0.8246520757675171,0.8285548295790258,0.8177476930922356,0.827954664130959,295103200
2004-11-17,0.824052095413208,0.832308117263048,0.813845122081854,0.8284053625749253,397751200
2004-11-18,0.8314070701599121,0.8323081452388646,0.8148958776303471,0.8150463323683007,459149600
2004-11-19,0.8281052708625793,0.8542224177891388,0.8180479009516141,0.8329082486772386,765279200
2004-11-22,0.9208672046661377,0.9606434623250046,0.869082626917592,0.9276211832960161,2568210400
2004-11-23,0.919666051864624,0.9373783236081724,0.916364264927116,0.9351264630319648,911450400
2004-11-24,0.9613939523696899,0.9786558099585692,0.9238687587935122,0.9259701143217638,1390788000
2004-11-26,0.9688996076583862,0.9870616931161498,0.9657475234322225,0.9809071276695017,550144000
2004-11-29,1.027288556098938,1.0442494083756408,1.0118280425877157,1.0349435604393433,1712916800
2004-11-30,1.0064239501953125,1.0325418452050092,1.0064239501953125,1.0325418452050092,1028518400
2004-12-01,1.0175318717956543,1.0199333351596034,0.9947164667942228,1.0175318717956543,800553600
2004-12-02,0.9788056015968323,1.0041729788356464,0.9705504822792369,0.9926151704921727,987442400
2004-12-03,0.9408303499221802,0.9756532688670839,0.9268711815905094,0.9685983822082204,1238848800
2004-12-06,0.9873619079589844,0.994266292835406,0.9448831669931943,0.964395990343656,1247920800
2004-12-07,0.9439826011657715,1.0016208269011773,0.9390291697514237,0.9896125083209403,1056899200
2004-12-08,0.9498360753059387,0.9670978295814963,0.9313739904149047,0.9468343970425432,691902400
2004-12-09,0.9604939222335815,0.9666476856678123,0.9316743529429431,0.9427815487385267,741501600
2004-12-10,0.9779053926467896,0.9914140522995509,0.9711506119071555,0.9761040443007274,775773600
2004-12-13,0.9743030071258545,0.9891633090526273,0.9696496810670191,0.9849604955793455,395040800
2004-12-14,0.9800064563751221,0.9888626906408171,0.9759532484499852,0.9816573996081147,415721600
2004-12-15,0.9795563817024231,0.9825588631988128,0.9705506406635757,0.9792562738369283,398361600
2004-12-16,0.9996700882911682,1.0131787481429348,0.9914140669047544,0.9929153074520248,1126115200
2004-12-17,0.9755038619041443,1.0062742804104994,0.9741530260924719,1.0032717995662779,783496000
2004-12-20,0.9414306879043579,0.9906632939074781,0.9270209051744871,0.9827081831963502,1168126400
2004-12-21,0.9559902548789978,0.95719138764352,0.9246196170445332,0.9540393034378326,1064414400
2004-12-22,0.9568915963172913,0.9660478433711194,0.9516380546516078,0.9555407600397525,565829600
2004-12-23,0.9607937932014465,0.9643955871557367,0.954639229660858,0.9568910898788233,245929600
2004-12-27,0.948034942150116,0.977905234893077,0.9438321306971106,0.972651695526088,559490400
2004-12-28,0.9633451700210571,0.9643958981775508,0.9313744161005086,0.9501366172714212,611755200
2004-12-29,0.9672476053237915,0.9753531192318295,0.9541894621934831,0.9577912559335088,449562400
2004-12-30,0.9726518988609314,0.9761040908941359,0.9639461663624748,0.972801501865273,345340800
2004-12-31,0.966647744178772,0.9756535845691203,0.9610941960462974,0.9740027409575779,278588800
2005-01-03,0.9499865174293518,0.9773047337903388,0.9396290446947807,0.9723513036431826,691992000
2005-01-04,0.9597434401512146,0.9827084553063756,0.9451832487898647,0.9574915790539267,1096810400
2005-01-05,0.9681492447853088,0.9794069491083475,0.9613944618667216,0.9675482273260562,680433600
2005-01-06,0.9688996076583862,0.974302751176306,0.9505871175713361,0.9707001544829384,705555200
2005-01-07,1.0394461154937744,1.0451501669503764,0.9719010277815079,0.9756533266817342,2227450400
2005-01-10,1.0350940227508545,1.0612112216184075,1.0188828880401992,1.0481521712713324,1725309600
2005-01-11,0.9690491557121277,1.037945093531346,0.962744987617291,1.0244364338789755,2611627200
2005-01-12,0.9825587272644043,0.9891630032478483,0.9501365609656731,0.9824083226421046,1919702400
2005-01-13,1.0477019548416138,1.1170483785951277,1.046651327362702,1.1063908976194898,3164716800
2005-01-14,1.0537056922912598,1.07652110081781,1.0385460892284675,1.0544563125382267,1770742400
2005-01-18,1.0604604482650757,1.061211068494612,1.0169309881431121,1.048452127839545,1006460000
2005-01-19,1.0489027500152588,1.072618383713685,1.0469517985537318,1.0580589950948658,751895200
2005-01-20,1.0576082468032837,1.0697669704040877,1.0427487536586941,1.0454503248259113,914922400
2005-01-21,1.0580586194992065,1.074719458498024,1.0507037254857394,1.0703670446510354,911332800
2005-01-24,1.062111496925354,1.0774223088319896,1.0589594124075785,1.0654140862892907,841629600
2005-01-25,1.0814741849899292,1.0933319970567916,1.0648133467962022,1.0712672158796959,969231200
2005-01-26,1.0844777822494507,1.091982286584649,1.0690172587975075,1.0906315499545436,739496800
2005-01-27,1.0903308391571045,1.0945336518541655,1.073970100871208,1.0831255450053372,496227200
2005-01-28,1.1104437112808228,1.1104437112808228,1.08732819480847,1.090030567997002,801612000
2005-01-31,1.154273509979248,1.1691338111799006,1.1183999440627772,1.1194506724305002,1681097600
2005-02-01,1.1637293100357056,1.1673319057817835,1.1494699328586797,1.1565248199640217,678395200
2005-02-02,1.1952507495880127,1.1994535619244548,1.1661310708655457,1.1700337753664098,1020062400
2005-02-03,1.1679322719573975,1.192248919604563,1.1607277809563692,1.1872954875937585,731651200
2005-02-04,1.1833925247192383,1.1847433603381345,1.1637293041244392,1.168833140060088,563556000
2005-02-07,1.184894323348999,1.1910480879024377,1.1632800432617296,1.1847438184988979,524456800
2005-02-08,1.2143139839172363,1.2215184765633549,1.182642333224988,1.1868452461938583,890019200
2005-02-09,1.1818913221359253,1.230674315631233,1.1722853685176513,1.2164149380727032,1191456000
2005-02-10,1.176188349723816,1.189997116801272,1.1506713698490956,1.1815914927804643,1093019200
2005-02-11,1.218967080116272,1.2272222994532311,1.1848940718824967,1.198702838847207,1201054400
2005-02-14,1.2703012228012085,1.272702686640439,1.2315755892839324,1.2417817604991876,1271463200
2005-02-15,1.3270390033721924,1.3370954696062274,1.2908645432922663,1.3007714065521638,2312217600
2005-02-16,1.3528560400009155,1.353906667682354,1.3111279342167086,1.3231362528951596,1639243200
2005-02-17,1.3180333375930786,1.3641138653485998,1.3126293928826913,1.3606616735599428,1518473600
2005-02-18,1.3030235767364502,1.3187840984937529,1.2946179517721617,1.3169828502001395,1163254400
2005-02-22,1.2802083492279053,1.3253886650355657,1.2802083492279053,1.295367956044288,1219293600
2005-02-23,1.3243378400802612,1.3276395276329052,1.2841109607249028,1.3016720305895033,1345181600
2005-02-24,1.334844708442688,1.3405479598678134,1.3168323259747234,1.3280900274410943,1519028000
2005-02-25,1.335744857788086,1.34955442603504,1.3237365375733434,1.3452012095513177,915510400
2005-02-28,1.3467024564743042,1.3551080802592559,1.3196842368756176,1.3412984117428088,651610400
2005-03-01,1.3358955383300781,1.3542072284104671,1.3256885642422258,1.3506054330226633,468188000
2005-03-02,1.324487566947937,1.3476030894874256,1.3232872355703538,1.3283902722233447,458161200
2005-03-03,1.2545405626296997,1.3331929599398182,1.2374293066351476,1.3319926288694721,1411653600
2005-03-04,1.2851613759994507,1.291164634111595,1.2563418091060585,1.2836601356089357,756618800
2005-03-07,1.283360242843628,1.298370244393254,1.2713520211574305,1.2848606818620536,450632000
2005-03-08,1.2167152166366577,1.2656478199712453,1.2038066729279846,1.2578431130771506,1021451200
2005-03-09,1.1812914609909058,1.2092099063783623,1.1656813446144745,1.189997193384273,1322465200
2005-03-10,1.1957013607025146,1.2086099066124327,1.1737869737055338,1.1866955196154518,777109200
2005-03-11,1.2089104652404785,1.21851732805029,1.1948016818649332,1.2071092160397654,632830800
2005-03-14,1.2104110717773438,1.2245207484112344,1.1863953321794345,1.2164151319305,605385200
2005-03-15,1.2296236753463745,1.235027619596562,1.208309509178057,1.2200177210436818,508608800
2005-03-16,1.236228108406067,1.2701507139340347,1.2242206890451606,1.23712923350986,697813200
2005-03-17,1.2683504819869995,1.2872631902454834,1.240431130502211,1.2467353999893604,801920000
2005-03-18,1.289664626121521,1.304074413261814,1.2758549545201014,1.3007718238402535,940150400
2005-03-21,1.3118788003921509,1.3199843168174443,1.2866619276553015,1.2995704718440493,541128000
2005-03-22,1.2857615947723389,1.3196841966828627,1.2812586752131296,1.3121787963351863,551415200
2005-03-23,1.2773560285568237,1.3028730100850114,1.2614450027181419,1.2743535473981074,609823200
2005-03-24,1.2758550643920898,1.2908650685668248,1.2758550643920898,1.2881634962781454,352704800
2005-03-28,1.2767561674118042,1.2896647146630076,1.2749548186418942,1.2833604448816822,275410800
2005-03-29,1.253339409828186,1.2857616751989738,1.2458349108375184,1.2776560587548056,461356000
2005-03-30,1.284860610961914,1.284860610961914,1.2554409253775798,1.2629463265500478,394959600
2005-03-31,1.2509381771087646,1.2764551617986037,1.2485367129395748,1.2743537052953806,636134800
2005-04-01,1.227522850036621,1.2662493000045612,1.2179168907989462,1.2635469256794074,641284000
2005-04-04,1.2335264682769775,1.2401308441575736,1.205608024892426,1.2305248891614675,580014400
2005-04-05,1.2575418949127197,1.2680489723509187,1.2335261616668958,1.2374289650690244,556239600
2005-04-06,1.270752191543579,1.2851619817825768,1.2653482446457505,1.2728536485126365,414825600
2005-04-07,1.3076764345169067,1.313380489108467,1.2683506730929566,1.2707521376927167,506987600
2005-04-08,1.313079833984375,1.3343940008099717,1.3070756739722,1.3118787013731277,649950000
2005-04-11,1.2584433555603027,1.3283899200176634,1.2581432477447343,1.325388340847261,821662800
2005-04-12,1.2806576490402222,1.2965686728055266,1.261144830748607,1.2755546141301808,981061200
2005-04-13,1.232025146484375,1.2905645027243482,1.2125123283465222,1.2893641717661988,1371946800
2005-04-14,1.118549108505249,1.1875955427544318,1.1059406736453947,1.165080144109131,2753192400
2005-04-15,1.0612112283706665,1.118249255940851,1.0591097719796052,1.0993366494360781,1728087200
2005-04-18,1.0693163871765137,1.0897303277254953,1.02068390086626,1.0507037945617625,1327177600
2005-04-19,1.1134464740753174,1.1239534568015213,1.07682138705898,1.098736578015069,1081642800
2005-04-20,1.066014289855957,1.1329592918503102,1.0639129334048834,1.1305578275087704,945131600
2005-04-21,1.116147756576538,1.1170487814403784,1.0777222325873315,1.092732132440421,759592400
2005-04-22,1.065713882446289,1.1107445827907423,1.0477023037290898,1.1059407536310644,839129200
2005-04-25,1.1101435422897339,1.1113446749096267,1.084026448078162,1.095433650762839,746460400
2005-04-26,1.0864285230636597,1.126055200104979,1.0843270658617132,1.1041400035703945,810507600
2005-04-27,1.0792236328125,1.0915311613162682,1.0660141774849128,1.0774222842388084,613888800
2005-04-28,1.0669152736663818,1.0909310161296801,1.0579086312458508,1.0894297754556515,575106000
2005-04-29,1.0825251340866089,1.0876289703956334,1.05730816458248,1.0852267053191134,671630400
2005-05-02,1.0936325788497925,1.100237656989005,1.0813250507837862,1.08702820213126,465920000
2005-05-03,1.0870285034179688,1.1029395345368371,1.0816253582181323,1.092732558172998,496739600
2005-05-04,1.1152480840682983,1.1167484234753755,1.0837269281007256,1.084027036063338,448176400
2005-05-05,1.1011381149291992,1.1188496922975368,1.0948339449186675,1.1182494764733468,387366000
2005-05-06,1.1179488897323608,1.1206504607598144,1.1044401327687792,1.1074418115528897,326247600
2005-05-09,1.1098434925079346,1.124253276988282,1.103239216710574,1.1191502416891244,355695200
2005-05-10,1.0933327674865723,1.1182495414708264,1.0906311949028367,1.103239635859733,440263600
2005-05-11,1.0690165758132935,1.0708179242469549,0.9939660692445699,1.0567082466426658,2041981200
2005-05-12,1.0245869159698486,1.0684154828256425,1.0206841115435223,1.0633124475482405,970242000
2005-05-13,1.0437997579574585,1.057608526845557,1.0227856951500194,1.0266883998598597,702713200
2005-05-16,1.0672154426574707,1.0717183637366747,1.036594617370369,1.0374956424792792,474294800
2005-05-17,1.061511516571045,1.0645139987350636,1.0368948502958428,1.054907238205396,588344400
2005-05-18,1.0759211778640747,1.127556169315285,1.050404190846654,1.0642129617894536,636722800
2005-05-19,1.1272552013397217,1.1311579064278914,1.074119773365385,1.074119773365385,793161600
2005-05-20,1.1272552013397217,1.1302576829886362,1.1164481111381894,1.1182493596404215,452650800
2005-05-23,1.193599820137024,1.1978026325240119,1.1362616873357887,1.1362616873357887,1042574400
2005-05-24,1.1917985677719116,1.2005042001520847,1.1716855308445926,1.1842939679620512,593460000
2005-05-25,1.194200038909912,1.1993038762483463,1.1803912705593684,1.185794414114155,396006800
2005-05-26,1.2230193614959717,1.2290234209303197,1.1990036247732356,1.1990036247732356,525520800
2005-05-27,1.2176152467727661,1.2245205309708123,1.201104910957639,1.2200176119092159,316008000
2005-05-31,1.193599820137024,1.2230196070488906,1.188195874972628,1.2206180429147337,404205200
2005-06-01,1.2098109722137451,1.223619740734006,1.1966015175542157,1.1975026427087982,453812800
2005-06-02,1.2020052671432495,1.210410990877032,1.1887967164603104,1.202305374938053,373973600
2005-06-03,1.147969126701355,1.1581761010633866,1.1338603491852521,1.1455676625037519,956869200
2005-06-06,1.138363003730774,1.1596771727616322,1.127555915402458,1.1506714328262817,811966400
2005-06-07,1.0969346761703491,1.1326586198741069,1.0942331052837773,1.1287559166030785,745264800
2005-06-08,1.1083424091339111,1.1182492751476443,1.0978354276070064,1.0996366759731397,404006400
2005-06-09,1.1302577257156372,1.138963459863299,1.1053409548409923,1.1107449009579038,390255600
2005-06-10,1.0750203132629395,1.1227516691310804,1.0663137825615245,1.1227516691310804,678932800
2005-06-13,1.0777223110198975,1.0990364805856867,1.0753208471121654,1.0774222031836438,435772400
2005-06-14,1.0807238817214966,1.0852268014500062,1.0732192827151545,1.0783223178527621,347846800
2005-06-15,1.114646553993225,1.1197503910706903,1.089730590343532,1.1068419469000748,563343200
2005-06-16,1.1401646137237549,1.1431662939173672,1.1053409750748593,1.1164481737803391,547674400
2005-06-17,1.150070071220398,1.156975254693216,1.135660290420362,1.1548738993036107,596125600
2005-06-20,1.1290563344955444,1.1434661193564837,1.1242533066821054,1.1362616277377982,323716400
2005-06-21,1.1365619897842407,1.1464688568711274,1.1221522017001604,1.1323591766776209,370526800
2005-06-22,1.1572755575180054,1.1587759962623774,1.1449672302356353,1.148569826347323,424925200
2005-06-23,1.1674824953079224,1.1941998034236354,1.160277203089897,1.1656811472026831,674254000
2005-06-24,1.133559226989746,1.1743871203860425,1.1311577630304683,1.1734859952343366,410709600
2005-06-27,1.1137464046478271,1.143766207367566,1.10113786705904,1.1059408952100638,600171600
2005-06-28,1.1200505495071411,1.1284561742529284,1.1158477371342475,1.1254545948563657,350299600
2005-06-29,1.0918320417404175,1.11945048126925,1.084326639989529,1.1176491327435,448358400
2005-06-30,1.1050405502319336,1.1155475301286666,1.0900305503214742,1.0990363899430426,418390000
2005-07-01,1.095733642578125,1.1098433170118334,1.0894294755931428,1.1056405056208694,250000800
2005-07-05,1.1401646137237549,1.1452676504182435,1.0957341154513316,1.097235356360021,454269200
2005-07-06,1.122451901435852,1.1455674172818548,1.1167478490205287,1.1320587581994308,394626400
2005-07-07,1.129657506942749,1.1335593099953105,1.1047406381412355,1.1050407460059064,383723200
2005-07-08,1.148269534111023,1.1491706595872255,1.1248539995391935,1.136862225486333,290735200
2005-07-11,1.1437664031982422,1.1602776482314174,1.1341604454544574,1.1518720218683536,388788400
2005-07-12,1.147969126701355,1.1527729569232232,1.1380631620384638,1.1476691190318389,387038400
2005-07-13,1.1512714624404907,1.1557743821738964,1.1377620018196914,1.149470114181836,684835200
2005-07-14,1.2233192920684814,1.2611446937789197,1.2077092796175986,1.2245205247320488,2096060400
2005-07-15,1.2473366260528564,1.247936741705329,1.2146143406176408,1.2299243540658482,687682800
2005-07-18,1.2455345392227173,1.2638462223184097,1.2419318433824662,1.2431330760056216,586297600
2005-07-19,1.296568751335144,1.2977698839989877,1.2329263558691894,1.2464350150675516,671062000
2005-07-20,1.3097773790359497,1.314881316378922,1.280357693394479,1.2866619618476964,453395600
2005-07-21,1.2995706796646118,1.3220859844014134,1.2878632663055831,1.3118790101809974,404264000
2005-07-22,1.3208857774734497,1.3208857774734497,1.3025732838076913,1.3040745247113126,301106400
2005-07-25,1.3151814937591553,1.3292911717709428,1.312780029788084,1.320584637389636,294627200
2005-07-26,1.3097773790359497,1.3241871641298608,1.3016718623952563,1.3211855848321394,268592800
2005-07-27,1.3205840587615967,1.3229863233037138,1.2809582171512084,1.3157810327209987,283749200
2005-07-28,1.3148815631866455,1.3208857249385664,1.299871659821676,1.3163820024068267,251311200
2005-07-29,1.2803579568862915,1.33229305515332,1.2686506428819686,1.3076762921339768,562080400
2005-08-01,1.283360242843628,1.293266306778553,1.263246403882254,1.2779562975876042,314249600
2005-08-02,1.296568751335144,1.3058745985438842,1.2791572877550308,1.2875629117342746,296875600
2005-08-03,1.2974690198898315,1.3001713931227352,1.283960360219564,1.2965687966288872,258322400
2005-08-04,1.2821588516235352,1.2908645826296483,1.2695504167900478,1.2875627957903804,269304000
2005-08-05,1.290564775466919,1.301671972548219,1.2614450949865685,1.275554873649158,241931200
2005-08-08,1.2803579568862915,1.2983704424679365,1.2791576255290233,1.2908650397363146,176383200
2005-08-09,1.315481424331665,1.3175827801753925,1.2881630969426316,1.2887632123471466,380839200
2005-08-10,1.3022726774215698,1.3325925816360527,1.3001712215292218,1.3208852718592847,360945200
2005-08-11,1.3208857774734497,1.324487573247089,1.2983704706171568,1.3025732838076913,271983600
2005-08-12,1.383927583694458,1.3875294786517693,1.3016717901347519,1.3046742710923236,916036800
2005-08-15,1.4313589334487915,1.45087175279181,1.3944346506420477,1.3953348738655265,1086727600
2005-08-16,1.3884305953979492,1.4259558982834377,1.3872294626513069,1.4226533092956521,537622400
2005-08-17,1.4154486656188965,1.424154397075027,1.3920322410383426,1.392933366059751,499724400
2005-08-18,1.3899312019348145,1.4109452658651433,1.3734208602819218,1.408243693838223,442559600
2005-08-19,1.3758224248886108,1.401939627114849,1.3740210761302667,1.3893310876331535,376569200
2005-08-22,1.377022385597229,1.403440490225967,1.3587106989094608,1.385428009520544,387732800
2005-08-23,1.3731197118759155,1.383927601350462,1.3605112757115108,1.3764223006872596,295604400
2005-08-24,1.374021053314209,1.414548042904555,1.368617107331879,1.3689172152164901,572070800
2005-08-25,1.3827265501022339,1.395635094842341,1.3752211487940653,1.384527898521728,276253600
2005-08-26,1.3731197118759155,1.3911320927775934,1.3617124083939822,1.384527816981396,261058000
2005-08-29,1.376122236251831,1.3818262889843822,1.3587107718528222,1.3590108796777496,256295200
2005-08-30,1.3980365991592407,1.4046409757383518,1.3785237776696335,1.3806252339830474,518761600
2005-08-31,1.407643437385559,1.4118462497508781,1.3890308394777877,1.406742312249033,402956400
2005-09-01,1.3887310028076172,1.4160493386179207,1.3836270643091628,1.4109454001194663,356367200
2005-09-02,1.3875296115875244,1.404941878507294,1.384527931965906,1.3899310755283611,222378800
2005-09-06,1.4649816751480103,1.4673831392393761,1.3974365646122455,1.401939485138733,818619200
2005-09-07,1.4613786935806274,1.482993768570276,1.4385640892964946,1.4724866895659297,963074000
2005-09-08,1.4944013357162476,1.5046083094347913,1.4751886213170433,1.481492890300896,702640400
2005-09-09,1.5403320789337158,1.5415332116223528,1.494701261524674,1.5031068856774217,615641600
2005-09-12,1.5430338382720947,1.5499391245859793,1.5184179800759796,1.5340280975923917,452796400
2005-09-13,1.5256226062774658,1.5397322859672073,1.5106126029481481,1.5316266677309718,492884000
2005-09-14,1.4892981052398682,1.5367294689294193,1.484795185386226,1.5328266645015518,474426400
2005-09-15,1.4971027374267578,1.5064094867295992,1.4808925062472889,1.5010055419207378,415156000
2005-09-16,1.537330150604248,1.537330150604248,1.4995048480419801,1.5079104708335953,591004400
2005-09-19,1.580258846282959,1.5877642471996076,1.5325266728610176,1.5325266728610176,783731200
2005-09-20,1.5967704057693481,1.6153830073109041,1.588664887293889,1.5907663439882969,819828800
2005-09-21,1.5643483400344849,1.592567702908337,1.5568438384553773,1.5898661304372874,434747600
2005-09-22,1.5580435991287231,1.575155756308472,1.5406321357654236,1.5574433835145718,463727600
2005-09-23,1.5970700979232788,1.606075937743069,1.556243109698449,1.5640477166222533,558457200
2005-09-26,1.6162834167480469,1.6378975994134561,1.6006732961822216,1.621987471138454,546562800
2005-09-27,1.6042745113372803,1.628291051649683,1.6039744035337777,1.6186842952406066,341703600
2005-09-28,1.5334274768829346,1.5943682934121228,1.5187175866092608,1.5931671608945615,1125544000
2005-09-29,1.5712534189224243,1.5787580201854143,1.5253225817695573,1.5379310213284108,636846000
2005-09-30,1.609378457069397,1.6105787880870386,1.5574433734970956,1.570952934266815,531633200
2005-10-03,1.6342954635620117,1.6372971432771177,1.611480052369197,1.6258898384925298,507553200
2005-10-04,1.613581657409668,1.6616139482365104,1.6102790679168926,1.6496056250223896,539459200
2005-10-05,1.5844618082046509,1.631893978497592,1.583561584870004,1.6309928533363633,610769600
2005-10-06,1.552040696144104,1.60577624226077,1.5271239250132893,1.5970705080236045,757537200
2005-10-07,1.5400322675704956,1.5589449756563165,1.5175169623488212,1.552640806429685,677882800
2005-10-10,1.5121136903762817,1.5583447284116871,1.5094113168901797,1.5538409062054568,507505600
2005-10-11,1.54873788356781,1.5571435087001029,1.5130139266540878,1.5379307944019416,1225884800
2005-10-12,1.478490948677063,1.5100120876073857,1.4370629456364599,1.4604784684765535,2697486400
2005-10-13,1.613281488418579,1.6195856574612524,1.4790913874700744,1.4841945238309044,1865575600
2005-10-14,1.6210858821868896,1.631592962805647,1.5847618128769405,1.621987007289452,1035552000
2005-10-17,1.6042745113372803,1.62799104404912,1.5814599052829779,1.6204856434821968,616834400
2005-10-18,1.5673503875732422,1.6195854837404455,1.5670502797394121,1.5985714221806222,609588000
2005-10-19,1.649304986000061,1.6499052015615445,1.5373302137719218,1.5631472987443917,1008683200
2005-10-20,1.685329794883728,1.696136885668155,1.6315933466258445,1.6351959440275847,1357762000
2005-10-21,1.6709197759628296,1.7105465406376847,1.66191403468319,1.70634362756694,796726000
2005-10-24,1.7048420906066895,1.7048420906066895,1.6538081293120879,1.658611157092507,609753200
2005-10-25,1.6841282844543457,1.7066434874286327,1.67182075641415,1.6931349267806033,465127600
2005-10-26,1.7120474576950073,1.7279574807104878,1.6787249687242554,1.6895320566222363,631593200
2005-10-27,1.6634150743484497,1.7114465571247304,1.6634150743484497,1.7108463414502642,411541200
2005-10-28,1.6351959705352783,1.6940354564303963,1.6261902284072176,1.6823281419683755,769787200
2005-10-31,1.7288583517074585,1.740565660453734,1.6436007946235145,1.6571103531482017,940844800
2005-11-01,1.726156234741211,1.7453697484328077,1.7072435302873672,1.7183516278424433,749686000
2005-11-02,1.799705147743225,1.8012063878752946,1.7291582846687197,1.7327609804175135,857060400
2005-11-03,1.8567445278167725,1.8708533027984051,1.8033081012052536,1.8090122540198759,884382800
2005-11-04,1.8357304334640503,1.8384321053494075,1.7897996065422246,1.8117137908751322,878035200
2005-11-07,1.808111310005188,1.8513406658185751,1.8054096380966431,1.826723807359552,638831200
2005-11-08,1.7982052564620972,1.8126150418132505,1.7741886135336766,1.7997056954274266,473765600
2005-11-09,1.804510235786438,1.8375317318118514,1.8012077454937152,1.8012077454937152,552930000
2005-11-10,1.8366304636001587,1.8372306791958637,1.7714869306757042,1.8204194319633675,665344400
2005-11-11,1.8474376201629639,1.8645490760385524,1.8414334599217872,1.8474376201629639,425448800
2005-11-14,1.8447364568710327,1.8606466825430579,1.8285254219190767,1.847437928618846,369933200
2005-11-15,1.8696527481079102,1.8936683836399624,1.8450358950134083,1.8492388065866399,536841200
2005-11-16,1.9498076438903809,1.9531093326607303,1.893969723893428,1.8957711733839695,784515200
2005-11-17,1.936897873878479,1.977724958329668,1.9287922580995607,1.9690191269729953,676205600
2005-11-18,1.9380983114242554,1.9642164094986962,1.9323951605947782,1.960613712806676,524960800
2005-11-21,1.9501066207885742,1.957011004484176,1.9128814272707997,1.9459039088856231,511711200
2005-11-22,1.9969384670257568,2.0041436621159687,1.9368986483104444,1.9465045062656645,540282400
2005-11-23,2.0146496295928955,2.040766718825826,2.0020412966918237,2.007744446033762,485853200
2005-11-25,2.081594705581665,2.0875980631776594,2.0263570419808388,2.0311609705738944,395012800
2005-11-28,2.0912015438079834,2.133529679752595,2.073489868682286,2.1230225975818846,1018519600
2005-11-29,2.0443692207336426,2.110413158838053,2.0218538273587403,2.1011073146261454,891433200
2005-11-30,2.0359647274017334,2.0668857591794465,2.0269588857117764,2.0542772200828323,595674800
2005-12-01,2.1494405269622803,2.153343231591236,2.0656842851170847,2.0698871977944218,812893200
2005-12-02,2.1803622245788574,2.1836639129070603,2.122423055481529,2.1695541303009622,895762000
2005-12-05,2.1560451984405518,2.1773593715724187,2.146138331489297,2.1599479036031672,583671200
2005-12-06,2.222989320755005,2.246404740850428,2.201975163613907,2.219386624700097,857029600
2005-12-07,2.219987630844116,2.235298443211114,2.195071562833225,2.2283932566128954,679464800
2005-12-08,2.2238895893096924,2.2265920623192827,2.179459810759215,2.1974722893726364,790479200
2005-12-09,2.231395721435547,2.2392011313962694,2.201975931262905,2.227793024124673,555402400
2005-12-12,2.248807668685913,2.262016225606158,2.2383005842092634,2.2476072369398348,524994400
2005-12-13,2.250908374786377,2.2653181615525897,2.227792954915505,2.247005669927258,493816400
2005-12-14,2.1617484092712402,2.200474037064589,2.109513422095843,2.177358623339568,1450716400
2005-12-15,2.1668522357940674,2.187266184969683,2.1419353657931586,2.1818622390862856,561162000
2005-12-16,2.134730339050293,2.1704542885846707,2.133229098679807,2.16565116110377,671171200
2005-12-19,2.142836332321167,2.1794605148991746,2.132629458215118,2.134730914732289,529295200
2005-12-20,2.1647496223449707,2.172855236229411,2.1350298397253114,2.1503398425117877,479108000
2005-12-21,2.2064788341522217,2.2097813233609878,2.177659259957441,2.1794605083953553,475736800
2005-12-22,2.2220890522003174,2.2361988328998175,2.209480712812647,2.218787364318258,370610800
2005-12-23,2.2019762992858887,2.2292946374964404,2.2004750582519947,2.2265931651780733,229857600
2005-12-27,2.2283926010131836,2.2569119591893174,2.2199869777173635,2.2214882180699607,590590000
2005-12-28,2.2085800170898438,2.2443039717263797,2.20107461578896,2.2355981390940953,398115200
2005-12-29,2.144937515258789,2.2160854168525774,2.1440364903402194,2.2148841838984166,490025200
2005-12-30,2.158147096633911,2.17435813637416,2.1116158352811065,2.128727299067948,624262800
2006-01-03,2.2440037727355957,2.2440037727355957,2.1689533667304217,2.172856071211545,807234400
2006-01-04,2.250607967376709,2.2809279746364166,2.23649819077682,2.2554108947691605,619603600
2006-01-05,2.2328970432281494,2.248507062092228,2.213984334602863,2.2464056054881,449422400
2006-01-06,2.2905349731445312,2.302543295448561,2.2379997654998776,2.2590139287201043,704457600
2006-01-09,2.283029079437256,2.317552798217555,2.273723232874246,2.3034430225501645,675040800
2006-01-10,2.427427053451538,2.4583480878275483,2.27642578171656,2.2890341214667242,2279869200
2006-01-11,2.5186874866485596,2.54570480040415,2.4793608448200395,2.516886238875457,1493794400
2006-01-12,2.5303962230682373,2.5937387359826087,2.510283280284498,2.550810175607371,1280809600
2006-01-13,2.569422960281372,2.5820313013914604,2.539703155946186,2.5514104718213355,776305600
2006-01-17,2.543003797531128,2.593137534412398,2.517786925284721,2.5727235896330884,835623600
2006-01-18,2.4763591289520264,2.52319118470019,2.4571464146579705,2.494071604595368,1200637200
2006-01-19,2.3727893829345703,2.451442671902767,2.36378374467849,2.439134345027949,1695848000
2006-01-20,2.2842299938201904,2.402809128407979,2.2764245870921886,2.3799945265611777,1134758800
2006-01-23,2.33166241645813,2.388400320448756,2.2815286870541813,2.284530165563153,1059730000
2006-01-24,2.2827301025390625,2.384198846714897,2.27462448307032,2.3643849098297887,1142254400
2006-01-25,2.2274928092956543,2.3265590600973707,2.198973245189754,2.3232571723867634,1275786400
2006-01-26,2.1713545322418213,2.2644174076792387,2.1593470140350637,2.237399289278805,1181387200
2006-01-27,2.1623494625091553,2.2094807317702894,2.1344309105943644,2.189967806321381,953864800
2006-01-30,2.2515087127685547,2.2995410039208655,2.127525580425638,2.136532223709114,1398401200
2006-01-31,2.2668192386627197,2.291736105537448,2.2139840256868144,2.2665192310242075,913542000
2006-02-01,2.2641165256500244,2.29533755498695,2.2407009039517294,2.2500075519267306,521186400
2006-02-02,2.1644508838653564,2.262316719643294,2.162949642971114,2.25451130910412,707322000
2006-02-03,2.156944513320923,2.1851638614346744,2.1326286703492383,2.1686526238769277,692123600
2006-02-06,2.020353078842163,2.1767584355990612,2.003541832207996,2.162048644895632,1651767600
2006-02-07,2.029360055923462,2.0857981653941167,2.001741717876775,2.049473192972787,1388830800
2006-02-08,2.0656845569610596,2.073790175334051,1.9813280883237014,2.056077697742692,953114400
2006-02-09,1.9498076438903809,2.078293739164752,1.9371991007045524,2.074390832408907,1149764000
2006-02-10,2.0206546783447266,2.0314617683316953,1.8882659221480593,1.9567113598146648,1760477600
2006-02-13,1.9426019191741943,2.0038437765040378,1.9405006626692043,2.0002410785364457,883498000
2006-02-14,2.03056001663208,2.044369583266472,1.9513075173397398,1.9543091962311592,1160938800
2006-02-15,2.0779926776885986,2.090000999987876,2.0038432915496895,2.0161508198768847,1159771200
2006-02-16,2.1185193061828613,2.13172805829893,2.0857980347255545,2.098706578820536,948175200
2006-02-17,2.1101136207580566,2.1281261015005377,2.0896998767283432,2.1104138287704313,575999200
2006-02-21,2.0737900733947754,2.1254240583200903,2.061781750469514,2.119119889190251,779606800
2006-02-22,2.141035318374634,2.151542401705352,2.0413680305832167,2.0713888412594,978238800
2006-02-23,2.1539435386657715,2.1914687446818477,2.1443366803040833,2.1551447717220737,856917600
2006-02-24,2.1452372074127197,2.188165543337644,2.137431599958529,2.165650948112065,534744000
2006-02-27,2.1311278343200684,2.1650505389465953,2.1209209620489413,2.161147634281849,791240800
2006-02-28,2.056077480316162,2.1734564253967825,2.0443701677502677,2.14884036682269,1266980400
2006-03-01,2.0743894577026367,2.086097769399037,2.041968198102475,2.0665840501756114,763817600
2006-03-02,2.089700698852539,2.1011088082168063,2.0614821366170646,2.07108879679248,625273600
2006-03-03,2.0329623222351074,2.0987070933479446,2.0272591700597937,2.0833960797070006,737668400
2006-03-06,1.9657166004180908,2.032961586028862,1.9495063712049372,2.032061362882677,912665600
2006-03-07,1.9906327724456787,2.0083452396675514,1.9537086020935932,1.9741217380898,872877600
2006-03-08,1.971121072769165,2.0173521129679504,1.961815223927962,1.9900337801416645,653251200
2006-03-09,1.9191858768463135,1.995437515236913,1.9155839816470308,1.9807277223460578,799304800
2006-03-10,1.8969708681106567,1.9359964971098993,1.8747554807555395,1.9227877486833866,1043142800
2006-03-13,1.9717216491699219,1.989733936043953,1.945004328807008,1.9528089383378469,861187600
2006-03-14,2.0209550857543945,2.0209550857543945,1.9663186076393775,1.9744240269357909,642020400
2006-03-15,1.9882324934005737,2.042569155821696,1.9669183201653035,2.032662288822379,891996000
2006-03-16,1.9305931329727173,2.008345176102869,1.9302929250700824,2.006843936183885,749638400
2006-03-17,1.941100835800171,1.9675179373253555,1.9245895962307764,1.9438023069843755,812042000
2006-03-20,1.9209868907928467,1.965116464489764,1.9173841944093175,1.957912073752072,605441200
2006-03-21,1.855543851852417,1.9314947004383425,1.8429355119763404,1.855543851852417,1345366400
2006-03-22,1.851340413093567,1.8987724745152759,1.8393320933352906,1.8660502039857143,1345895600
2006-03-23,1.8060094118118286,1.8582445950790836,1.789498975959995,1.8558429313872904,1427826400
2006-03-24,1.800006628036499,1.8294264164222607,1.7720872787188924,1.8087124612887648,1071980000
2006-03-27,1.7864971160888672,1.8426350223552757,1.783195428583328,1.811713992394449,1108072000
2006-03-28,1.7624807357788086,1.8054090683873343,1.7486711705293616,1.7900990646543642,1370322800
2006-03-29,1.8711531162261963,1.8768572684488427,1.7312600004314382,1.7750893649941852,2346834000
2006-03-30,1.8837617635726929,1.9002730036195103,1.847137589003808,1.885863219630309,1390650800
2006-03-31,1.8828613758087158,1.9095794853944963,1.868451593078845,1.8987723988544214,815357200
2006-04-03,1.8807601928710938,1.9248897705990586,1.8795591603629593,1.9113812110723936,815791200
2006-04-04,1.8363301753997803,1.867851209042584,1.8327274795349437,1.8642485131777475,931924000
2006-04-05,2.0176522731781006,2.0176522731781006,1.9257904015620007,1.9426016537406305,2233408800
2006-04-06,2.1386327743530273,2.162948616696465,2.047371159213502,2.050373639577372,2663768800
2006-04-07,2.095104455947876,2.1377328041815815,2.0554777879353376,2.129327177694974,1545238800
2006-04-10,2.0614819526672363,2.1293271804484983,2.0548775747919206,2.110114262623995,903515200
2006-04-11,2.0410678386688232,2.0803942954814887,2.013449296557243,2.071088446229595,939316000
2006-04-12,2.0026419162750244,2.0464714879308437,1.9903335871983479,2.0416685601640747,739894400
2006-04-13,1.9954378604888916,2.024556642056312,1.9756241267673398,1.9915351553619192,734678000
2006-04-17,1.945603847503662,2.0065446777337295,1.9317942774480745,1.9966378122590687,721938000
2006-04-18,1.987932801246643,1.9954382051160697,1.9450044402774238,1.9525088421170154,794844400
2006-04-19,1.9708216190338135,2.011348516955351,1.9654174715075448,2.005945371458958,1086033200
2006-04-20,2.0302610397338867,2.101408761569488,1.9873324806215023,2.086698964368408,1666982800
2006-04-21,2.0125491619110107,2.0605814547469716,1.9954379018329347,2.0470720905660094,788986800
2006-04-24,1.973821997642517,2.0089459308693454,1.9663175996850826,2.0068444749866967,707028000
2006-04-25,1.9864307641983032,1.9990391001529044,1.968119077114669,1.9801265962210026,529062800
2006-04-26,2.0458717346191406,2.0497736383474376,1.993336518853825,2.000841120236133,710886400
2006-04-27,2.08219575881958,2.097205561689342,2.0218549364172795,2.0332632443356746,845947200
2006-04-28,2.113115072250366,2.140433386850191,2.077391338210672,2.0827944785835277,760037600
2006-05-01,2.08940052986145,2.1476399062360585,2.0761919730907117,2.1245242805678783,750380400
2006-05-02,2.1500399112701416,2.16084699602114,2.1047099163342464,2.105910347251772,771663200
2006-05-03,2.1356308460235596,2.1599474962759317,2.1068120773083976,2.156344799476218,686991200
2006-05-04,2.1353306770324707,2.1881658839744986,2.115217541977165,2.1380321483118943,860420400
2006-05-05,2.158147096633911,2.168954189252777,2.135931693470567,2.1572466725873185,563911600
2006-05-08,2.158147096633911,2.215485250199606,2.1530439588813093,2.191169392010146,594851600
2006-05-09,2.132329225540161,2.1782600539677217,2.120020695809834,2.156044859250595,531666800
2006-05-10,2.1194212436676025,2.1413354345415176,2.0897006395927296,2.1401344016476878,459888800
2006-05-11,2.0458717346191406,2.1266255101312623,2.027859248378805,2.1251242692052905,812688800
2006-05-12,2.032360792160034,2.062080572691103,2.007143929731385,2.0368637102624536,641774000
2006-05-15,2.035062789916992,2.0527750588959175,2.0149496589710654,2.022454256473428,529177600
2006-05-16,1.9507068395614624,2.048872858873942,1.9438024558547655,2.044369938941695,936740000
2006-05-17,1.9591127634048462,1.9723223192287036,1.9233888048823902,1.9426015200457452,754194000
2006-05-18,1.8966710567474365,1.989133116689201,1.8948698087474265,1.9717208522832306,658442400
2006-05-19,1.9365973472595215,1.9477044387621072,1.8858626110526293,1.8990719595579417,985866000
2006-05-22,1.902674674987793,1.9209871650831059,1.8843629865160878,1.9173844681851617,718975600
2006-05-23,1.89577054977417,1.9570113952557313,1.8912676289500259,1.9471053301732872,694414000
2006-05-24,1.9014748334884644,1.910780884834582,1.8480385872370892,1.8909679496058245,916031200
2006-05-25,1.9311940670013428,1.9347967639532566,1.8999730314869794,1.9290928110887424,463372000
2006-05-26,1.9077786207199097,1.9380984305565436,1.8954702913916135,1.9305940311227163,432950000
2006-05-30,1.8378320932388306,1.9002733668267116,1.8378320932388306,1.8999731587611008,563402000
2006-05-31,1.7943024635314941,1.8549430810950287,1.7618801975823641,1.8540420562178335,1280977600
2006-06-01,1.8663502931594849,1.8696529820491257,1.7867969749361434,1.7967038391697903,942508000
2006-06-02,1.8510398864746094,1.8942684273222532,1.8276242681941821,1.8909667411746676,685787200
2006-06-05,1.8012064695358276,1.8357299839926564,1.8003062464709516,1.8357299839926564,605785600
2006-06-06,1.7928006649017334,1.820118985163951,1.7684848247346523,1.8078104601016696,726037200
2006-06-07,1.7579783201217651,1.8132151940845762,1.7516741519793682,1.8042093541130901,750506400
2006-06-08,1.8240224123001099,1.8291253478902232,1.7156493112046254,1.754375748522831,1397482800
2006-06-09,1.778391718864441,1.848038187255038,1.7741888058962756,1.8366308818449226,775838000
2006-06-12,1.7111461162567139,1.7931010964225134,1.7099458854769929,1.783195034067929,717785600
2006-06-13,1.751072883605957,1.7741882970839278,1.721953310466802,1.7294585100432824,1080643200
2006-06-14,1.7294590473175049,1.764582991435322,1.7018407059195875,1.7495729884310756,878136000
2006-06-15,1.782594084739685,1.7934011723156003,1.7036417827780577,1.7201528225585812,1190383600
2006-06-16,1.7279572486877441,1.776890748519005,1.7267570179877072,1.7699855641809732,838101600
2006-06-19,1.717150330543518,1.74657011419112,1.7111461703669377,1.736063034287985,704575200
2006-06-20,1.7252559661865234,1.7516740708547307,1.7198520215609405,1.7294586779515186,672974400
2006-06-21,1.7369643449783325,1.7624814287105022,1.7201530945290424,1.7333618482795219,863296000
2006-06-22,1.7885982990264893,1.793702236175621,1.743268491277073,1.7471703939115004,965633200
2006-06-23,1.7660832405090332,1.806311122971148,1.7630817609460583,1.7928015590518247,660203600
2006-06-26,1.7708868980407715,1.7771910663028097,1.7522742004746719,1.776290041395599,466536000
2006-06-27,1.7240549325942993,1.7777913713664886,1.7231547092653992,1.7738886667567368,550611600
2006-06-28,1.6817269325256348,1.720153164736135,1.663415242255532,1.7198523554478833,850704400
2006-06-29,1.7702860832214355,1.7738887804210368,1.6928348070282844,1.703942104663635,873398400
2006-06-30,1.7192519903182983,1.7336617760436162,1.6961365721171757,1.7288588481450171,739695600
2006-07-03,1.7396661043167114,1.7465704891904315,1.7213536122522186,1.7267575579772811,194770800
2006-07-05,1.7111461162567139,1.7291585962168603,1.697937565503562,1.7156490358408765,518240800
2006-07-06,1.6742222309112549,1.7231547406052212,1.6694184010586572,1.7138488921996655,633208800
2006-07-07,1.663114070892334,1.6976376929534143,1.641199686821078,1.6655163362957373,799360800
2006-07-10,1.6511069536209106,1.695836657333296,1.63609704981999,1.6721210193481384,529345600
2006-07-11,1.6706191301345825,1.6808261012452614,1.6369966380190772,1.654408099630593,825022800
2006-07-12,1.5898655652999878,1.6583109882702045,1.5886644326380215,1.6562095321772072,927329200
2006-07-13,1.568550944328308,1.6246888532515558,1.543334066829287,1.5619466671780369,1249906000
2006-07-14,1.5211193561553955,1.5877642334766704,1.5058093484634314,1.5760560205781329,993036800
2006-07-17,1.5721534490585327,1.5943686438477722,1.5505391713704066,1.552940635309924,1024542400
2006-07-18,1.588064193725586,1.6165827503346646,1.5565430562024394,1.5958687998405507,1000448400
2006-07-19,1.6240884065628052,1.6535081929979925,1.5718533103095162,1.589865692343027,1390743200
2006-07-20,1.8162168264389038,1.8489391032351605,1.792801400049422,1.830026597211523,1972146400
2006-07-21,1.8228213787078857,1.8357307269752707,1.7904001084644523,1.795804054316881,891892400
2006-07-24,1.8438349962234497,1.8642487388168243,1.8141152067130115,1.8390318687692921,722856400
2006-07-25,1.8591461181640625,1.8639490460234915,1.824622393745471,1.8546431979406832,589069600
2006-07-26,1.917384147644043,1.940499762125128,1.851640401308183,1.861247257420159,898427600
2006-07-27,1.9032756090164185,1.9519081070958346,1.8870643755114935,1.9362970892407545,735044800
2006-07-28,1.9690196514129639,1.9717213236529796,1.906277567254297,1.9194861211944505,691507600
2006-07-31,2.0401673316955566,2.060280268208275,1.9897333833505406,2.0062446250315356,892841600
2006-08-01,2.016752004623413,2.039266408368038,1.9795268036232683,2.0179522357352355,711765600
2006-08-02,2.046171188354492,2.0617812023840125,2.0266574683823717,2.0308601798830788,550768400
2006-08-03,2.089099645614624,2.101407973624813,2.035664223055322,2.03866590234504,841044400
2006-08-04,2.05037522315979,2.0596810757412776,1.950107692735003,2.012850001398765,1852866400
2006-08-07,2.0176522731781006,2.0894002028234264,1.9906339459695257,2.032962284505216,1245512800
2006-08-08,1.9447029829025269,2.014650461052316,1.9365983670572657,2.0140494436956744,997864000
2006-08-09,1.9089787006378174,1.9693193099302078,1.903275549908994,1.9642163748325894,955838800
2006-08-10,1.9233887195587158,1.9456039152329698,1.8822616188462755,1.8987728614729196,697760000
2006-08-11,1.9107801914215088,1.9251899762245666,1.8786587343501246,1.8981716547695695,777529200
2006-08-14,1.919486165046692,1.9579125987053316,1.9092800924029265,1.9227886543175428,717620400
2006-08-15,1.9948363304138184,1.9963375708673745,1.9453036120875788,1.9615138425730683,861352800
2006-08-16,2.0407679080963135,2.043469580774767,1.9912351714631333,2.0143507959289395,781284000
2006-08-17,2.0290603637695312,2.0611816270029757,2.016752032626049,2.041367893289284,581148400
2006-08-18,2.0386669635772705,2.053376762919978,2.0191540339777965,2.03266280024883,536354000
2006-08-21,1.9981387853622437,2.0206541852933064,1.9858304575839274,2.0203531756653037,526226400
2006-08-22,2.0299601554870605,2.0509743162658967,1.9963376585656343,2.0017416033805393,576968000
2006-08-23,2.0206546783447266,2.06088155873293,2.009546578656307,2.041367833273576,536258800
2006-08-24,2.0356645584106445,2.0470718634578655,1.9894335192611519,2.0380660224815648,655191600
2006-08-25,2.0638833045959473,2.0728889459980593,2.020654742861908,2.021554966312033,543958800
2006-08-28,2.010746955871582,2.0596794488736174,2.0017411181845666,2.056377762641618,738161200
2006-08-29,1.9957380294799805,2.019153660916642,1.9549103276079163,2.011048041920851,947332400
2006-08-30,2.0101473331451416,2.0359644228311846,2.0017417084734834,2.021554637389842,680142400
2006-08-31,2.0368645191192627,2.0503740804145187,2.0011405663909283,2.0197532632103927,574697200
2006-09-01,2.0527751445770264,2.060880759532822,2.035963899554481,2.055776823378587,408494800
2006-09-05,2.1458375453948975,2.1464377610061525,2.0578786029433838,2.0704869384914635,1012457600
2006-09-06,2.1023080348968506,2.1521417591190706,2.092401972948582,2.133829071910717,974103200
2006-09-07,2.1854653358459473,2.205879290623927,2.1089144583719097,2.1194215437223773,1267957600
2006-09-08,2.177058458328247,2.2085796962909923,2.1587459712102923,2.202575536447115,895921600
2006-09-11,2.1764581203460693,2.213382295068279,2.144035862403833,2.1743566647123975,949124400
2006-09-12,2.1803622245788574,2.2049780896685807,2.1449382652112385,2.1857653698909476,1684687200
2006-09-13,2.2274928092956543,2.2310953058655665,2.170454683113385,2.1869657249136707,1146138000
2006-09-14,2.2265923023223877,2.241602101567226,2.2052771328539045,2.213082741500275,801729600
2006-09-15,2.2244906425476074,2.2509077425071156,2.2001739964310922,2.239500440417908,981853600
2006-09-18,2.218187093734741,2.2473060762788197,2.2004748162728642,2.215484820089701,705278000
2006-09-19,2.2145841121673584,2.232295584130976,2.185464334369699,2.2244909770551073,710049200
2006-09-20,2.2593140602111816,2.27192259891561,2.2280930217271293,2.232896952129797,822791200
2006-09-21,2.241001844406128,2.2833309876611123,2.222089134220587,2.2590143310703548,794124800
2006-09-22,2.1914682388305664,2.2316951077053186,2.1788599039857965,2.2304938749262937,665112000
2006-09-25,2.2740235328674316,2.2773260213290656,2.213082710679623,2.2157841819134863,858992400
2006-09-26,2.329862117767334,2.334965255008622,2.2845312927479666,2.286932957714178,1102948000
2006-09-27,2.293837785720825,2.325659039910985,2.2761253089656805,2.3166523968876693,810373200
2006-09-28,2.3118486404418945,2.3259584160756916,2.2800275952971454,2.312148848434103,723609600
2006-09-29,2.3109488487243652,2.3271590813006777,2.3019422064648594,2.3148515533516987,405812400
2006-10-02,2.2473058700561523,2.27762648381192,2.230494418820627,2.254511064022689,712639200
2006-10-03,2.2238895893096924,2.2500074828932943,2.197172281801605,2.234997685266354,790708800
2006-10-04,2.262916326522827,2.265317790251981,2.1962715496166703,2.2244909027975033,829082800
2006-10-05,2.2464048862457275,2.2863317473168507,2.2253909281503867,2.2373992477577835,683883200
2006-10-06,2.2280924320220947,2.252709287173466,2.2157841046493445,2.234096591914105,466958800
2006-10-09,2.2404003143310547,2.2539096701959704,2.207377845250665,2.2154834587696146,438222400
2006-10-10,2.2157843112945557,2.2388997278169387,2.1938699272684543,2.237699496944215,531588400
2006-10-11,2.198373794555664,2.2208892055472873,2.179461081793632,2.2040779498490317,571855200
2006-10-12,2.2593140602111816,2.2632169655798338,2.209480521947505,2.209781331239333,592855200
2006-10-13,2.2521092891693115,2.3079461779066435,2.24370366491429,2.2704209765797043,684196800
2006-10-16,2.263516426086426,2.2779262097519024,2.2452039384016254,2.257212258461085,508692800
2006-10-17,2.230194330215454,2.25961411830242,2.2226897300799466,2.252709733869261,480925200
2006-10-18,2.2373995780944824,2.2626164517755107,2.218786880360848,2.2440037540418762,1133907600
2006-10-19,2.371288537979126,2.4001081082882,2.3463726741221502,2.3793941548568696,1512977200
2006-10-20,2.4001080989837646,2.4013093319209364,2.3616826734069494,2.370688513535515,639413600
2006-10-23,2.445438861846924,2.4586474137456413,2.3941038907258934,2.4013092841466173,832507200
2006-10-24,2.4331297874450684,2.452042486434911,2.4076127143271977,2.437932713567123,463212400
2006-10-25,2.4520440101623535,2.4616498683756505,2.4319300661283934,2.4421369417993737,485214800
2006-10-26,2.4673538208007812,2.4796621523021662,2.435532564322674,2.458647986443003,432756800
2006-10-27,2.4139177799224854,2.475158612814133,2.4019094591109655,2.454144452205749,594966400
2006-10-30,2.4142181873321533,2.4286279742863544,2.3865998465156038,2.4013096411338863,499917600
2006-10-31,2.434030771255493,2.4520432528872114,2.40851369016157,2.4451388690735048,501474400
2006-11-01,2.376391887664795,2.443036851965204,2.352375451409204,2.4346312295395474,611192400
2006-11-02,2.370988368988037,2.3811952409927897,2.3565785848141996,2.3691871209155724,465483200
2006-11-03,2.3502748012542725,2.387499999620838,2.335264799007913,2.382396863392884,431888800
2006-11-06,2.3929035663604736,2.4034106464321496,2.354477141019853,2.3700881581352538,434576800
2006-11-07,2.4169187545776367,2.431628744096378,2.405511453404679,2.415117506831769,525932400
2006-11-08,2.475159168243408,2.482363561129332,2.398307300645227,2.4022100057847435,690916800
2006-11-09,2.5018770694732666,2.542403955343712,2.46525208677899,2.48866771436023,923053600
2006-11-10,2.4952709674835205,2.509680748698237,2.4766592769920144,2.50818031016362,373864400
2006-11-13,2.5321967601776123,2.5351984395999514,2.4808625910153985,2.4982740551556217,450674000
2006-11-14,2.5517101287841797,2.5517101287841797,2.5186886406552094,2.5457059667895328,588954800
2006-11-15,2.523190975189209,2.5787278574817285,2.5216897346335934,2.5532107761541556,655323200
2006-11-16,2.5700228214263916,2.5907369815056183,2.540303018875824,2.547807620732296,693940800
2006-11-17,2.5772266387939453,2.579929112304057,2.5517095572498594,2.5559124697047397,466424000
2006-11-20,2.5958385467529297,2.611749568863247,2.5577131373102917,2.5637172965972037,570794000
2006-11-21,2.659782648086548,2.659782648086548,2.6150522490457515,2.6243588991698807,622666800
2006-11-22,2.7111167907714844,2.724325343836843,2.6372674136601426,2.671490129545864,671941200
2006-11-24,2.7507436275482178,2.794272996226409,2.68680111206841,2.6877013354697086,518677600
2006-11-27,2.688000440597534,2.796673521362916,2.686800209934106,2.7771608049202134,1074836000
2006-11-28,2.7561469078063965,2.7609498349717234,2.6991079892962624,2.712617549637657,1036173600
2006-11-29,2.7558467388153076,2.7963746305784407,2.709315687279023,2.791871709632257,1157083200
2006-11-30,2.7516441345214844,2.7822649601121228,2.733632450026123,2.7681553797247456,870486400
2006-12-01,2.7414376735687256,2.771757485147762,2.704812490709574,2.755846457991627,795079600
2006-12-04,2.735433340072632,2.7633516858226064,2.7168206419588783,2.758248750349438,709536800
2006-12-05,2.739936590194702,2.771757644304595,2.727928267123185,2.7513438958948666,662838400
2006-12-06,2.696707248687744,2.74353910780199,2.691904320234775,2.721023902684985,638184400
2006-12-07,2.612950086593628,2.716820041644589,2.6087471749533577,2.7027104672581106,1004827600
2006-12-08,2.649575710296631,2.6834984181127832,2.6117502978546634,2.6186546821500616,784277200
2006-12-11,2.6642861366271973,2.6807973827904883,2.6432721694842023,2.6687890580128553,499780400
2006-12-12,2.5859334468841553,2.6669874229252546,2.567620954657181,2.660083037990274,1026620000
2006-12-13,2.6732921600341797,2.673892375907664,2.616254016328008,2.6402698658822197,857052000
2006-12-14,2.6582820415496826,2.701811618752967,2.649576406677369,2.673292047089889,832330800
2006-12-15,2.6333649158477783,2.6783955259506462,2.621657402122186,2.672391364441227,739939200
2006-12-18,2.5658187866210938,2.641769598962404,2.539400685811646,2.6306623049449502,721576800
2006-12-19,2.591036558151245,2.602143856041434,2.5102827909718735,2.543604484236517,911405600
2006-12-20,2.544504404067993,2.601842517864278,2.5439041885885625,2.5958383590116108,567691600
2006-12-21,2.488666534423828,2.566118373922388,2.4676523808921895,2.542702957848873,903599200
2006-12-22,2.4676530361175537,2.522890706698021,2.4496413578068896,2.5054784423557934,613303600
2006-12-26,2.44693922996521,2.4787612797340755,2.4283273349600187,2.46615274343909,490688800
2006-12-27,2.447240114212036,2.461649097425266,2.3046445084088654,2.3460716127344607,1935754800
2006-12-28,2.427727460861206,2.439135570331263,2.3911032710385816,2.4082145334168312,1119876800
2006-12-29,2.5469062328338623,2.5637174792230604,2.502476653380886,2.5201881229155463,1076429200
2007-01-03,2.5156853199005127,2.5991415405471057,2.458647202814361,2.5904357089640806,1238319600
2007-01-04,2.5715231895446777,2.580228820665424,2.5162855191906224,2.5231907039488277,847260400
2007-01-05,2.553210496902466,2.5877334145407085,2.5336977787138313,2.57482487147674,834741600
2007-01-08,2.5658187866210938,2.597640029643384,2.560114634816482,2.580528576258816,797106800
2007-01-09,2.7789623737335205,2.7912707050800214,2.5562129799719595,2.595239631058058,3349298400
2007-01-10,2.9119515419006348,2.9359671821495295,2.8053798962552325,2.84440633873989,2952880000
2007-01-11,2.8759279251098633,2.9053477162583787,2.8549139603517224,2.8801308383050506,1440252800
2007-01-12,2.8405039310455322,2.8537124844605155,2.798775812352167,2.8396027056482844,1312690400
2007-01-16,2.914952516555786,2.9194554357978872,2.865420004080958,2.8723243867294457,1244076400
2007-01-17,2.8504092693328857,2.9299625812718273,2.846507367172595,2.928762350555958,1646260000
2007-01-18,2.673891305923462,2.7651529406331825,2.6732910902901597,2.764852732613588,2364605600
2007-01-19,2.6567795276641846,2.6913032453280428,2.6453722255196057,2.6606824318518423,1364473600
2007-01-22,2.6054458618164062,2.676593759081253,2.5712231498707747,2.675992741828945,1454026000
2007-01-23,2.5727243423461914,2.6270608069630415,2.5670211899699824,2.5736253674738685,1207424400
2007-01-24,2.6027445793151855,2.6162531394513886,2.5841318812964653,2.60214356201927,927813600
2007-01-25,2.589235305786133,2.6567803184616783,2.582630928595457,2.615052398403691,905973600
2007-01-26,2.563117265701294,2.622857051662451,2.5514091542484545,2.6150516440272247,986874000
2007-01-29,2.579929828643799,2.6012440036510687,2.5676212958940785,2.590736920002381,901664400
2007-01-30,2.568220615386963,2.596439968021797,2.559214775866583,2.5946387199553684,577970400
2007-01-31,2.573625087738037,2.581730705699099,2.5321971753385237,2.547507185824983,856069200
2007-02-01,2.543905735015869,2.589835774506886,2.543905735015869,2.588635543224247,664342000
2007-02-02,2.5442054271698,2.5592152291643187,2.512684181641783,2.525292719934173,621530000
2007-02-05,2.519888401031494,2.558614834769707,2.519888401031494,2.5306954889313436,578852400
2007-02-06,2.5261921882629395,2.5357990438533227,2.4874665619854652,2.5351980266867176,864393600
2007-02-07,2.586233139038086,2.5931375225957263,2.5081808585151077,2.5360994023852705,1066825200
2007-02-08,2.5871331691741943,2.5970400329647827,2.5640177548804326,2.5646177700560004,679030800
2007-02-09,2.4997754096984863,2.58773375929358,2.497974161475856,2.578127703323916,860540800
2007-02-12,2.548107862472534,2.557113702635447,2.510582459628952,2.5345983006045802,724071600
2007-02-13,2.5427043437957764,2.560415819058646,2.5306960204828344,2.556513915605659,580986000
2007-02-14,2.560716390609741,2.570922662854422,2.5388012025983366,2.5406026513339524,507981600
2007-02-15,2.558014154434204,2.570322484459935,2.54510560869577,2.5649193406101256,363661200
2007-02-16,2.5466067790985107,2.564018244840009,2.541502841419335,2.5592151164295798,399868000
2007-02-20,2.578728199005127,2.586533608817414,2.526492996906348,2.5412029919158914,617702400
2007-02-21,2.6777944564819336,2.686500089689362,2.5805294467928626,2.5811296625262017,1155313600
2007-02-22,2.687101125717163,2.7261267721987794,2.6576815363126904,2.7258267645329854,838224800
2007-02-23,2.673891305923462,2.712017524006115,2.6672869298982635,2.6765937793174777,517893600
2007-02-26,2.6570799350738525,2.7018105271183996,2.630062416991892,2.6970065978088122,615848800
2007-02-27,2.5195882320404053,2.614151555267152,2.5039782163942528,2.590736130986142,1145813200
2007-02-28,2.5400023460388184,2.569722140807019,2.491670053331995,2.491670053331995,919475200
2007-03-01,2.613551378250122,2.651076577355933,2.5141841315658975,2.522589755323388,1415528800
2007-03-02,2.5640180110931396,2.6279613181017454,2.5580138506200827,2.6048457010922563,860000400
2007-03-05,2.591337203979492,2.661283898567274,2.5745259485617122,2.578428854878157,838899600
2007-03-06,2.6474740505218506,2.6510767472285934,2.6237584181648077,2.635765937544082,723186800
2007-03-07,2.6333649158477783,2.6708901236579474,2.6252592978100626,2.64327178233832,626284400
2007-03-08,2.641770601272583,2.6633847815713834,2.625559364830695,2.659482878125757,511011200
2007-03-09,2.6408700942993164,2.667287200266087,2.623758636259696,2.6657867612336843,451836000
2007-03-12,2.697908401489258,2.7015110990041524,2.6414704825511897,2.643871946884559,729408400
2007-03-13,2.653778314590454,2.7198220734475473,2.653778314590454,2.6840981214938293,867890800
2007-03-14,2.7018110752105713,2.7018110752105713,2.6393689997834007,2.659782747503594,796586000
2007-03-15,2.6889021396636963,2.7126177718699176,2.6810965306556,2.700609450943446,559498800
2007-03-16,2.6895031929016113,2.7015115184626497,2.681397773553878,2.6880019518005143,571704000
2007-03-19,2.7357327938079834,2.7483413285561156,2.689501766939314,2.7090146844124345,712961200
2007-03-20,2.7462401390075684,2.7570472265186905,2.733631603036752,2.7423374348909717,488916400
2007-03-21,2.8179879188537598,2.8218906227894234,2.751343146793523,2.761550018219388,686896000
2007-03-22,2.820690393447876,2.832698516262734,2.7918716201535583,2.81378600840778,561492400
2007-03-23,2.807481527328491,2.8239927706960515,2.8008773506309397,2.8023785913799037,450884000
2007-03-26,2.877427577972412,2.8789288183949355,2.800876741588074,2.821590693006045,864987200
2007-03-27,2.865720272064209,2.906847365745181,2.8519107038889016,2.8732248709418537,932052800
2007-03-28,2.7990763187408447,2.863920068783404,2.7963748465328178,2.8483090464845393,942337200
2007-03-29,2.8143863677978516,2.827595925767358,2.7687565376342604,2.827595925767358,725723600
2007-03-30,2.7891688346862793,2.842305057785641,2.7843659067462645,2.830296735906075,600558000
2007-04-02,2.8113832473754883,2.829394721868955,2.792470547838382,2.8260930357239773,501992400
2007-04-03,2.8369014263153076,2.8588158145457783,2.8146862287868584,2.8260943362401694,583934400
2007-04-04,2.8299965858459473,2.8561136825901356,2.82579367339961,2.8501095219525108,476784000
2007-04-05,2.8423047065734863,2.8423047065734863,2.8074809782375847,2.825493458831204,355516000
2007-04-09,2.8113832473754883,2.8609157541602417,2.7930705629107986,2.8582142834935165,413341600
2007-04-10,2.829394817352295,2.8296958269278405,2.804177950587107,2.811983357343662,352466800
2007-04-11,2.7795627117156982,2.8203895993417905,2.771757102838122,2.8188883588451943,549018400
2007-04-12,2.767554998397827,2.771157695812117,2.723425412075081,2.7630520775433087,656675600
2007-04-13,2.709015130996704,2.7438388615891234,2.703611987686147,2.728828860933581,719941600
2007-04-16,2.744739294052124,2.7468407504177104,2.709315345107115,2.7189222031842752,609033600
2007-04-17,2.7123169898986816,2.7708563395924934,2.6928034725223826,2.7618496999917372,751920400
2007-04-18,2.7138187885284424,2.727328353888294,2.6898031417512422,2.7066143951042045,464044000
2007-04-19,2.709916591644287,2.7393363820332013,2.696707235823111,2.707514325805554,425913600
2007-04-20,2.7309305667877197,2.737234735574402,2.7183220288084433,2.7285283011156607,522779600
2007-04-23,2.8071811199188232,2.8158867518569406,2.744439045355609,2.7495419805775305,780290000
2007-04-24,2.7990763187408447,2.8936398703788058,2.7408371471914417,2.8206907016824143,1055252800
2007-04-25,2.862417221069336,2.8639186617101893,2.815886188800802,2.8287947305197867,1187144000
2007-04-26,2.967188835144043,3.0770621908155356,2.9509777986288097,3.0494438480550636,1737778000
2007-04-27,2.9996092319488525,3.00051025671121,2.9326650560831675,2.947374846465068,699403600
2007-04-30,2.9960079193115234,3.032031882304748,2.9921052147673937,3.0047135517135466,616509600
2007-05-01,2.9861011505126953,3.0125192586445997,2.958482811392253,2.9897038475373967,532523600
2007-05-02,3.0137195587158203,3.0182224791866217,2.9861012189622906,2.991505164420262,505145200
2007-05-03,3.0140182971954346,3.045539326339721,3.0023107898420776,3.023925158293807,576077600
2007-05-04,3.0263280868530273,3.050043721769066,3.017022238289369,3.026027878795563,381987200
2007-05-07,3.1196906566619873,3.13259899971059,3.032331730107263,3.0344329857447256,861557200
2007-05-08,3.153914213180542,3.156615885726614,3.1046808854564634,3.1061821263913068,783997200
2007-05-09,3.208549976348877,3.210951440108336,3.1488095822653044,3.1494105995243062,717757600
2007-05-10,3.2223591804504395,3.2673897884367062,3.1797308381728002,3.20104500931162,1197257600
2007-05-11,3.2643871307373047,3.276095444904025,3.2055477567294095,3.2343673282519156,653696400
2007-05-14,3.28299880027771,3.302211507928505,3.2496763189267424,3.290804207005465,651946400
2007-05-15,3.227762460708618,3.308216200512192,3.1965414299796704,3.2893034973563067,954514400
2007-05-16,3.2223591804504395,3.2670897807812613,3.1046804260801024,3.258083138128628,1126767600
2007-05-17,3.285400390625,3.2983097338321765,3.2166549716343624,3.2166549716343624,735291200
2007-05-18,3.30281400680542,3.3214265073101368,3.295308604255706,3.3091181762002653,621345200
2007-05-21,3.3616533279418945,3.3757621056872478,3.3037141704699646,3.3115195805582593,639892400
2007-05-22,3.4084832668304443,3.4147876344477996,3.3625526480534584,3.3769622303671176,572409600
2007-05-23,3.3889708518981934,3.45231313845608,3.379964210829808,3.422893555241293,911374800
2007-05-24,3.3229265213012695,3.436102349869798,3.313320665410173,3.3865700261185783,887362000
2007-05-25,3.4108853340148926,3.415688261479566,3.3472428375990857,3.362252837651204,632959600
2007-05-29,3.432800531387329,3.448110338698967,3.38296680196694,3.4358022107589252,645694000
2007-05-30,3.565488815307617,3.568790702277402,3.408183441021326,3.431298653868431,1478444800
2007-05-31,3.638137102127075,3.667556682231052,3.5886043892002424,3.604514610347754,1297066400
2007-06-01,3.5543813705444336,3.6381378091035064,3.551079883781399,3.6354359367871756,885262000
2007-06-04,3.642340660095215,3.654348982619795,3.539371699317937,3.5612868879252964,886673200
2007-06-05,3.6825671195983887,3.683167936435406,3.6174235841056483,3.6447417116310663,920785600
2007-06-06,3.7116854190826416,3.72399394403173,3.6609518829049508,3.671458759488864,1112241200
2007-06-07,3.7245943546295166,3.830865967515474,3.6981772568072233,3.7522138875284585,1915079600
2007-06-08,3.737204074859619,3.7774315509624574,3.6711599100380052,3.7771305413021854,1241682400
2007-06-11,3.608118772506714,3.7870384003921718,3.5886060466253764,3.7825356794721188,1874258400
2007-06-12,3.6138226985931396,3.6537495760154703,3.551680821611177,3.582901663752773,1426566400
2007-06-13,3.5273637771606445,3.63813773416594,3.4643216943253026,3.636937302861871,1721353200
2007-06-14,3.5648882389068604,3.5859019973099096,3.49494137806549,3.5183568004715733,973266000
2007-06-15,3.6174237728118896,3.6225273092927592,3.5982108598133435,3.621026269151327,811218800
2007-06-18,3.755216598510742,3.757918070058851,3.6786655523722724,3.7008797448961346,910604800
2007-06-19,3.7122881412506104,3.7528150251966474,3.6897729385171596,3.743208367684002,943026000
2007-06-20,3.6489450931549072,3.7423081938433427,3.6474444537105235,3.718592559419001,897512000
2007-06-21,3.7194926738739014,3.731200787529518,3.624028921245091,3.6534485077817473,867045200
2007-06-22,3.6924729347229004,3.736002282560354,3.6738604440409874,3.7179898069214197,631876000
2007-06-25,3.6726603507995605,3.7552155343430202,3.6342341333819994,3.728197219212268,965403600
2007-06-26,3.591907024383545,3.7224947303894123,3.5639884752323923,3.7218943142437166,1345005200
2007-06-27,3.6591532230377197,3.663656345599316,3.5802008789962656,3.6207277796146986,974696800
2007-06-28,3.61922550201416,3.6771644567387725,3.6024142510075166,3.6732617518523387,838143600
2007-06-29,3.663654088973999,3.722493651767399,3.635135532752475,3.661552633072978,1137841600
2007-07-02,3.6402394771575928,3.6651559439010435,3.581399901280405,3.6339351080526665,994862400
2007-07-03,3.817657947540283,3.824562330344563,3.6474436283120983,3.662453626665603,1162481600
2007-07-05,3.9851696491241455,3.991774625661104,3.863287611065361,3.866590299739707,1453051600
2007-07-06,3.971660852432251,4.002882083594555,3.9146229357266495,3.996577715599795,874694800
2007-07-09,3.9125216007232666,3.989673455798076,3.877998080496066,3.9740626393282845,995820000
2007-07-10,3.9731638431549072,4.037706584220336,3.866892173845903,3.8689936306639248,1255007600
2007-07-11,3.97436261177063,4.013689461777504,3.941941347882189,3.9647567567056594,821772000
2007-07-12,4.024798393249512,4.029901931689127,3.9743642267642483,4.018193814092362,704608800
2007-07-13,4.134669780731201,4.138271474399931,4.038305035726672,4.0536152399063,907606000
2007-07-16,4.145777225494385,4.202215118034404,4.12776474837468,4.154482855290557,936112800
2007-07-17,4.170093059539795,4.190807008371317,4.127764938790922,4.15178157605843,709959600
2007-07-18,4.146376609802246,4.155983262804638,4.083934567721575,4.148478065146519,756856800
2007-07-19,4.202816486358643,4.227133338299836,4.192309605467472,4.21182232700653,732891600
2007-07-20,4.31539249420166,4.328301040662048,4.202816870535801,4.252350401468363,1167773600
2007-07-23,4.313889980316162,4.359520790673225,4.230733974888043,4.302181869347483,1036490000
2007-07-24,4.049413681030273,4.232836385310328,4.027198285977029,4.1691938838104114,1795292800
2007-07-25,4.120561122894287,4.153583604532082,4.052715713108641,4.123262594282928,1496182800
2007-07-26,4.382936477661133,4.457986471557848,4.111554866042198,4.380234204923,2186629200
2007-07-27,4.318394184112549,4.470596071738969,4.316293128386863,4.388640870022407,1161098400
2007-07-30,4.245743751525879,4.366424945736853,4.189906674600784,4.332802456073953,1106988400
2007-07-31,3.9554505348205566,4.307286740786217,3.948245942702872,4.291975729999259,1762392800
2007-08-01,4.052716255187988,4.06412376074826,3.835670234985739,4.011888760322017,1750156800
2007-08-02,4.097447395324707,4.111557178877366,4.027199888158,4.102250325083861,852644800
2007-08-03,3.95815372467041,4.081235842559945,3.947646440881474,4.060521883902221,679187600
2007-08-06,4.060219764709473,4.060819779831672,3.851580037418332,3.989672896534291,925170400
2007-08-07,4.053616523742676,4.119961297282266,3.9815681983292497,4.050914651417902,949936400
2007-08-08,4.0229949951171875,4.108552675584102,3.962655188556687,4.105550996265553,808096800
2007-08-09,3.794243097305298,3.992675815344701,3.7552168511050894,3.9359376944054896,1125395600
2007-08-10,3.752514362335205,3.835069561269545,3.6114202045254995,3.696076458724265,1410749200
2007-08-13,3.836271286010742,3.8831025392780814,3.7975448484529473,3.852181511004084,752911600
2007-08-14,3.723395347595215,3.8515809741662443,3.713788289504503,3.851281166938081,739006800
2007-08-15,3.5994112491607666,3.7483111897995567,3.5919056494008714,3.684667904342187,992852000
2007-08-16,3.513854503631592,3.557383867295175,3.3508457483558955,3.5126540722975363,1866690000
2007-08-17,3.6642556190490723,3.7074843749927435,3.5970106203732666,3.6627545788275757,1195062400
2007-08-20,3.6690585613250732,3.7375047932581245,3.6174239799386667,3.7212939596142416,803317200
2007-08-21,3.829665184020996,3.8713932933798727,3.6324337433836256,3.6687581088742833,1303047200
2007-08-22,3.9779651165008545,3.9851697074948946,3.9125213775119865,3.93923948798001,1061765600
2007-08-23,3.934737205505371,4.002883646431502,3.89541154543122,3.9953780426955947,866838000
2007-08-24,4.061722278594971,4.063823735126279,3.896911652231824,3.9185266336967155,911834000
2007-08-27,3.9701600074768066,4.042508936535741,3.965656887259323,4.004383320317915,707439600
2007-08-28,3.8071513175964355,3.9749640015857843,3.8014473649405955,3.932334861496038,1179365600
2007-08-29,4.025097846984863,4.028100328968111,3.888807369925002,3.8990132434718476,1166860800
2007-08-30,4.090240001678467,4.150280396184535,3.9716606534015892,3.9827679480239926,1435582400
2007-08-31,4.157186985015869,4.19231093705316,4.125065515230625,4.1875076067489925,876887200
2007-09-04,4.327700614929199,4.374832485513771,4.19801432163742,4.201016001857912,1316842800
2007-09-05,4.105550289154053,4.3781323042389975,4.085736563706552,4.35201501322705,2328222400
2007-09-06,4.0530171394348145,4.129868412177613,3.9839708768053494,4.069528585622807,1901261600
2007-09-07,3.955749750137329,3.971660773809131,3.9026145384803503,3.9629551428004515,1430576000
2007-09-10,4.1040520668029785,4.143978550633976,4.021196616654805,4.112457494678778,1487838800
2007-09-11,4.067426681518555,4.151783147796945,4.0151912773104,4.139774824617207,971885600
2007-09-12,4.108253002166748,4.184804051392328,4.075230918059742,4.082435911310064,1022770000
2007-09-13,4.118759632110596,4.172795870500195,4.102248191858553,4.167691933610537,656163200
2007-09-14,4.1670918464660645,4.172194981644105,4.08873956268158,4.099846857847607,607320000
2007-09-17,4.1550822257995605,4.220525945935378,4.13076658789513,4.172494685125742,793371600
2007-09-18,4.230433464050293,4.2883727971751675,4.137671611732799,4.174596789024918,1064089600
2007-09-19,4.225931167602539,4.2976788712523435,4.184803074874286,4.2934763603154575,1026880400
2007-09-20,4.212122440338135,4.2565528297284185,4.182402645813051,4.207319111667639,691840800
2007-09-21,4.327398777008057,4.342408775704883,4.212121714464448,4.23703817602519,1138880400
2007-09-24,4.451382160186768,4.49851441689107,4.4024498578598115,4.404851121125301,1052161600
2007-09-25,4.598480701446533,4.5996819342506905,4.407552422770735,4.408153640390434,1192550800
2007-09-26,4.586172103881836,4.653117284006895,4.5405420921101305,4.637207061972552,975268000
2007-09-27,4.638106822967529,4.638706838083087,4.572663090143208,4.616192443246013,658198800
2007-09-28,4.607187271118164,4.641110781814379,4.585573092475205,4.606287047752216,615101200
2007-10-01,4.693343639373779,4.725465892538455,4.590975526091713,4.642009679151852,837068400
2007-10-02,4.756687641143799,4.760890553586585,4.6798359882943,4.699648916758139,792069600
2007-10-03,4.740777015686035,4.778602429240768,4.7134588841252985,4.736574503700262,692518400
2007-10-04,4.690343856811523,4.745580543021812,4.608088842873973,4.743179279074653,656958400
2007-10-05,4.846746921539307,4.850649625690048,4.734172123685099,4.75428525883847,943471200
2007-10-08,5.040678977966309,5.040678977966309,4.892378988019562,4.9079902094240415,835928800
2007-10-09,5.0391764640808105,5.136741667145842,5.003752718823097,5.109423137735622,1104286400
2007-10-10,5.007055282592773,5.039776754000033,4.971331330204698,5.0298706910657325,667590000
2007-10-11,4.870162487030029,5.1598555397305415,4.599380931695979,5.088107844637374,1643992000
2007-10-12,5.020865440368652,5.021766465480693,4.857255633146954,4.89358041244143,988176000
2007-10-15,5.012757778167725,5.090509640325619,4.908288207620652,5.04277857593471,1077930000
2007-10-16,5.090812683105469,5.108824367335763,4.957822900754321,4.969531417371335,1067830400
2007-10-17,5.185975074768066,5.194680706820918,5.0788032129947736,5.184173826589175,1127613200
2007-10-18,5.20849084854126,5.229204002439261,5.134941877213356,5.148450438415886,823676000
2007-10-19,5.116029262542725,5.242413652773143,5.103420523677034,5.230705538112145,1291780000
2007-10-22,5.23430871963501,5.2505199574400745,5.102220358829623,5.11392847502217,1649499600
2007-10-23,5.588546276092529,5.661795456405297,5.486478317798299,5.660595024699835,1795164000
2007-10-24,5.581638813018799,5.620064229957104,5.380804895752082,5.578036317452542,1288481600
2007-10-25,5.487076282501221,5.580739580603736,5.453453786204394,5.549818555649454,973602000
2007-10-26,5.544715404510498,5.5648285399789446,5.490078747979515,5.5624268758485576,706876800
2007-10-29,5.556421756744385,5.601452550607156,5.544714447752424,5.567228842654557,540554000
2007-10-30,5.613759994506836,5.68490767528409,5.545614393224265,5.589143744273802,939414000
2007-10-31,5.702322006225586,5.707425142586225,5.55222117823561,5.632674535848365,833310800
2007-11-01,5.6269707679748535,5.706824502328893,5.403620798861856,5.661793697726464,805036400
2007-11-02,5.639881134033203,5.68701260848513,5.508392777443978,5.680108222237074,1002114400
2007-11-05,5.589145660400391,5.672601094093503,5.5309065006724625,5.562427544549625,804176800
2007-11-06,5.757558822631836,5.7638627909772735,5.561827579631696,5.615263010193567,954727200
2007-11-07,5.592746734619141,5.784275829751058,5.587643599472517,5.722133575881463,994327600
2007-11-08,5.267630577087402,5.610760372897729,5.036475581800306,5.6038559883402845,1890378000
2007-11-09,4.9644269943237305,5.257123447891957,4.959623665231502,5.137943650473921,1526380800
2007-11-12,4.615894794464111,5.034375308299487,4.52193165381093,4.961726143257631,1769065200
2007-11-13,5.1022210121154785,5.132841842189384,4.615895038427593,4.828737804155514,1739446800
2007-11-14,4.986639976501465,5.330670668356257,4.915492296306143,5.3183625433404105,1449168000
2007-11-15,4.932304382324219,5.09111120690415,4.812223988706706,4.995046651523092,1487410400
2007-11-16,4.995047569274902,5.01396027582774,4.783105493311208,4.962325292265329,1383494000
2007-11-19,4.921797752380371,5.049383352413582,4.86626087313948,4.986341272836481,1154428800
2007-11-20,5.0688958168029785,5.15715496426036,4.909188768984301,4.973432479008592,1543642800
2007-11-21,5.057188510894775,5.173966215862256,4.9434116834782085,4.978535217692737,1217809600
2007-11-23,5.149652004241943,5.164961814810598,5.095915559151258,5.163460774399581,465757600
2007-11-26,5.179671287536621,5.3216656824717825,5.173966933959469,5.211192330142582,1305754800
2007-11-27,5.2478156089782715,5.277235190258805,5.103719381652033,5.2601237357080075,1317030400
2007-11-28,5.4102253913879395,5.421632494324034,5.2640268938981984,5.308156670439552,1150912000
2007-11-29,5.532406806945801,5.558823907701896,5.378102705351468,5.386508529094156,1050926800
2007-11-30,5.470264434814453,5.634774402062619,5.394614026843727,5.623967315441581,1187802000
2007-12-03,5.369398593902588,5.527905251411936,5.334575659549348,5.459459012572967,961469600
2007-12-04,5.397916793823242,5.430638264575164,5.313259737998794,5.318063466984827,773799600
2007-12-05,5.568729877471924,5.583739873791205,5.475968028072666,5.490377608506709,892402000
2007-12-06,5.702322006225586,5.706825127260127,5.587344720681348,5.589446177164135,899810800
2007-12-07,5.8329081535339355,5.853622103951694,5.64498155982994,5.720031953791311,1066066400
2007-12-10,5.830205917358398,5.873735277381062,5.784575902879791,5.811594223089801,722377600
2007-12-11,5.659992218017578,5.90885945920823,5.625469497714033,5.84641739268976,1110925200
2007-12-12,5.729640483856201,5.838312597269419,5.576537576668477,5.807091359212684,1225660800
2007-12-13,5.758759021759033,5.767465857235606,5.638378794632511,5.709526502527876,864617600
2007-12-14,5.715529441833496,5.7998858856930395,5.6900125634817105,5.714929426645826,674312800
2007-12-17,5.535708904266357,5.783374912658515,5.493080567301086,5.7254367680954585,1024693600
2007-12-18,5.493081092834473,5.623668790062951,5.361592771447985,5.599352739420365,1222603200
2007-12-19,5.497283458709717,5.542914276552546,5.4306384800823055,5.493080546390444,827478400
2007-12-20,5.620066165924072,5.638678665282889,5.503588642318551,5.56663073319761,774057200
2007-12-21,5.821199417114258,5.821199417114258,5.700519016741859,5.707423399407557,993960800
2007-12-24,5.967998504638672,5.983909529015772,5.847618300279582,5.854822490826828,480202800
2007-12-26,5.9725022315979,6.032842844723835,5.908559522832342,5.974303479823612,703732400
2007-12-27,5.961094856262207,6.092882580328729,5.937979638487861,5.972502361127315,795527600
2007-12-28,5.998919486999512,6.050853868623593,5.910360129572884,6.021734894570438,699647200
2007-12-31,5.946384906768799,6.019033247481434,5.936478041572669,5.9890132454803915,539333200
2008-01-02,5.849119663238525,6.011829227883251,5.780374421262814,5.982109431088468,1079178800
2008-01-03,5.851821422576904,5.925670996791083,5.784576425208865,5.866231408423027,842066400
2008-01-04,5.40512228012085,5.793882900728478,5.370299347527555,5.7473518537720585,1455832000
2008-01-07,5.332774639129639,5.511694651818139,5.11032525521749,5.441146953432121,2072193200
2008-01-08,5.14094352722168,5.477469439100464,5.127434569699728,5.407821993314822,1523816000
2008-01-09,5.385609149932861,5.388610829499632,5.052385442523938,5.142445849822052,1813882000
2008-01-10,5.344181537628174,5.433641533793741,5.26582923947708,5.330972784044406,1482975200
2008-01-11,5.184173583984375,5.3390777136256276,5.1034196318020895,5.283540032332402,1232285600
2008-01-14,5.366994857788086,5.3862073641630825,5.258621796418349,5.3291694592897105,1100450400
2008-01-15,5.074601173400879,5.380205360754399,4.94311244898219,5.335175755340866,2343278000
2008-01-16,4.792409896850586,5.073697508184879,4.704150770890124,4.960221718128084,2213845200
2008-01-17,4.829935550689697,4.964125722772903,4.75578617777291,4.848548446934575,1757859600
2008-01-18,4.844044208526611,4.975832686152099,4.7915090223995325,4.854551085427362,1724343600
2008-01-22,4.672332286834717,4.802619819863854,4.382938841267506,4.4447801176852195,2434754000
2008-01-23,4.174898147583008,4.202816695876241,3.7867379391793334,4.088440229318869,3372969600
2008-01-24,4.070728302001953,4.223831221059758,3.9629564036194673,4.202516847529969,2005866800
2008-01-25,3.9029150009155273,4.175497864887098,3.890907482003904,4.172496185565075,1554739200
2008-01-28,3.9029150009155273,3.9986793531245732,3.7960429522114607,3.8473781216874916,1474844000
2008-01-29,3.948845863342285,3.986371065660537,3.8740964683608987,3.9371385517360156,1099982800
2008-01-30,3.9680583477020264,4.0662243593456475,3.9026146071474446,3.9437423013992494,1243051600
2008-01-31,4.063523292541504,4.102248525030783,3.8846033153964954,3.886103553917743,1345674400
2008-02-01,4.015190601348877,4.100447276700843,3.968058742426809,4.08994039649927,1010744000
2008-02-04,3.9521491527557373,4.079733978229513,3.9452439661698846,4.029000015630022,899234000
2008-02-05,3.8834004402160645,4.022693700255542,3.8695908767236262,3.9155218841078483,1141042000
2008-02-06,3.6624538898468018,3.9602538176970477,3.6555495065463783,3.927531545977172,1573272400
2008-02-07,3.6396384239196777,3.7459100518832247,3.520458252765172,3.601513210346927,2083331600
2008-02-08,3.7669241428375244,3.773528317907525,3.650445444981864,3.6648554287238477,1355972800
2008-02-11,3.8861031532287598,3.9020141771233257,3.81855835773509,3.842874804762208,1201432400
2008-02-12,3.74831223487854,3.9326351626977414,3.7110868385282174,3.923629322260644,1225980000
2008-02-13,3.88460373878479,3.8960112443169757,3.7714277044006606,3.802948749253887,968534000
2008-02-14,3.8263649940490723,3.926632493514461,3.812855228989849,3.884604161924238,954097200
2008-02-15,3.7414073944091797,3.814956776028549,3.7242963342475868,3.7906411222428984,901300400
2008-02-19,3.667856454849243,3.8050486782854187,3.6456418688254892,3.7822332755676404,1005046000
2008-02-20,3.7170896530151367,3.7405050701575084,3.6528463578109127,3.668457170321373,967439200
2008-02-21,3.648643970489502,3.7966436969687636,3.6282310305575796,3.7840353627890533,938114800
2008-02-22,3.58620285987854,3.6777638913691817,3.4784301962204403,3.676863668216708,1529878000
2008-02-25,3.594609260559082,3.6075178053064234,3.5021471894502847,3.5600853363892924,1256774400
2008-02-26,3.5768964290618896,3.6351359839236417,3.4655220581667674,3.531566620817864,1504888000
2008-02-27,3.691274642944336,3.693976115044046,3.545076504112044,3.5492790167181947,1475138000
2008-02-28,3.899914026260376,3.9686600704986557,3.775630691947383,3.8185592431819355,1618254400
2008-02-29,3.753115177154541,3.9089191432411883,3.746510600213301,3.881300804928706,1255480800
2008-03-03,3.6543495655059814,3.7819356078092317,3.5423747457865837,3.7357043603391586,1593043200
2008-03-04,3.7411060333251953,3.7489114407223108,3.6144214736042177,3.6621533394821935,1785383600
2008-03-05,3.737204074859619,3.7567175972435844,3.6699590778912996,3.709885544333866,1221836000
2008-03-06,3.630335569381714,3.827567166547556,3.6267326697984674,3.7408089918683785,1473698800
2008-03-07,3.669959306716919,3.6918740939489063,3.573895534673388,3.61472222695977,1230462800
2008-03-10,3.5931081771850586,3.7062842132482494,3.5835015190686264,3.6618546218952632,999588800
2008-03-11,3.823060989379883,3.8269636932646844,3.6624537222380926,3.7254961979419914,1163943200
2008-03-12,3.7834339141845703,3.862987419716289,3.7576168314496536,3.8137549179076924,1059629200
2008-03-13,3.8407726287841797,3.8876038652596137,3.6924731120611316,3.7254955848401607,1262102800
2008-03-14,3.800847053527832,3.911620603139289,3.7284977244699453,3.8990118666719886,1156640800
2008-03-17,3.8044493198394775,3.8602872166777553,3.678965959634685,3.678965959634685,1072598800
2008-03-18,3.9872701168060303,3.99267426059679,3.8626870268371465,3.8779972311328845,1205120000
2008-03-19,3.8927083015441895,4.031401210523678,3.8927083015441895,3.9962780720273843,1010536800
2008-03-20,4.00078010559082,4.001380120700285,3.877997454583535,3.9362365965010815,908787600
2008-03-24,4.188706874847412,4.228333537224227,4.011888736078451,4.022995632697349,1066920400
2008-03-25,4.232234477996826,4.295876957072268,4.122661387227692,4.201613669389369,1052391200
2008-03-26,4.354716777801514,4.375130517858018,4.222028068651764,4.228932450780789,1182084400
2008-03-27,4.210322380065918,4.362224070363851,4.202516969517052,4.351416979646531,999829600
2008-03-28,4.293176651000977,4.342409162527763,4.250848523051438,4.256852683389715,714610400
2008-03-31,4.307887077331543,4.3742318564031075,4.27846748896565,4.300982692737662,768065200
2008-04-01,4.488905906677246,4.492808609539446,4.3111876322305225,4.391941155817008,1032567200
2008-04-02,4.427665710449219,4.539040456569946,4.378433209214838,4.466391334099924,1044968400
2008-04-03,4.551351070404053,4.611991907864313,4.41295833436442,4.4147595830742015,1051568000
2008-04-04,4.5954790115356445,4.644411311865009,4.525532151388218,4.56876090057871,854417200
2008-04-07,4.679836273193359,4.79391252647404,4.65642044611269,4.687040464767416,1158326400
2008-04-08,4.588274002075195,4.696647094131315,4.5726639865298315,4.609589172483003,1014294400
2008-04-09,4.546246528625488,4.619795904605968,4.5168269385580375,4.6023846376777655,873398400
2008-04-10,4.639609336853027,4.665726636363173,4.521029558415354,4.536940585542843,955763200
2008-04-11,4.4171600341796875,4.602083775302358,4.394944639530531,4.584672510849586,1210076000
2008-04-14,4.436373233795166,4.4805030202673395,4.339108620817847,4.406053419919961,845087600
2008-04-15,4.454386234283447,4.494613320341803,4.374532879212702,4.485006259784903,698037200
2008-04-16,4.614090442657471,4.6260979581613535,4.521628404836384,4.554650074501193,795774000
2008-04-17,4.637807846069336,4.683138458986528,4.603585331566664,4.628201188683205,704267200
2008-04-18,4.834438800811768,4.87106296977083,4.754585086100807,4.776799673683702,1026765600
2008-04-21,5.048182487487793,5.058389560688988,4.856054154618619,4.869562714584843,1039152800
2008-04-22,4.809222221374512,5.043378844352049,4.745879136528583,5.025366364787288,1439572400
2008-04-23,4.8899760246276855,4.948515379069195,4.835639581961939,4.92479974995799,1504190800
2008-04-24,5.071597099304199,5.102818329159798,4.778901526409145,4.963525430411139,1696066400
2008-04-25,5.095314979553223,5.136441879013334,4.995947718595084,5.124434358678607,992474000
2008-04-28,5.170665264129639,5.215995073360545,5.077302170153767,5.095914667180653,787214400
2008-04-29,5.255023002624512,5.273334494480088,5.110925918802906,5.1367430140487444,923476400
2008-04-30,5.221998691558838,5.403620121706537,5.191077668527738,5.28924367997008,1139524400
2008-05-01,5.403621196746826,5.403621196746826,5.24931786213843,5.252319541908604,903576800
2008-05-02,5.431840419769287,5.461260008208674,5.360092697042027,5.409325215941029,1006082000
2008-05-05,5.545616149902344,5.563027815675294,5.435141994373347,5.461259693438676,854557200
2008-05-06,5.603555679321289,5.617364448187384,5.469065677567978,5.543514870119985,918870400
2008-05-07,5.481373310089111,5.6497868313214825,5.419832258819445,5.585243298531825,1157133600
2008-05-08,5.555522918701172,5.598751673930853,5.495782721307743,5.516796482438001,899085600
2008-05-09,5.507189750671387,5.531205588374407,5.444747690857711,5.498484119727269,673072400
2008-05-12,5.648585319519043,5.669899690683378,5.489178449088268,5.560026347869325,818563200
2008-05-13,5.702621936798096,5.747351734462408,5.639579848629588,5.662094250271193,823236400
2008-05-14,5.591547966003418,5.771067992987379,5.570834008825151,5.740747777842945,916823600
2008-05-15,5.695716857910156,5.700820795742152,5.529705408031184,5.608058509258261,873208000
2008-05-16,5.632374286651611,5.712828840387089,5.613761788647763,5.7071244867124165,765769200
2008-05-19,5.511693954467773,5.664496244926865,5.442647305260686,5.63957977834906,945820400
2008-05-20,5.580739498138428,5.588544104845357,5.407222874097907,5.458256633011553,969850000
2008-05-21,5.349284648895264,5.642280872918248,5.291045493402619,5.573834644386673,1157657200
2008-05-22,5.315061569213867,5.4435474054784825,5.1634601143861785,5.38140634446479,1206735600
2008-05-23,5.438745021820068,5.463361683065569,5.33757730579693,5.426736698865264,906917200
2008-05-27,5.596651077270508,5.596651077270508,5.458859173355176,5.486177307507509,789905200
2008-05-28,5.61406135559082,5.6422801049989815,5.515295331850523,5.626068873555278,743979600
2008-05-29,5.604455471038818,5.649786082096826,5.568731516972935,5.606556927255846,647186400
2008-05-30,5.666297435760498,5.690013873196523,5.625170132768991,5.627271589250665,610184400
2008-06-02,5.586744785308838,5.693315444823415,5.5396125186179574,5.661794398754202,679840000
2008-06-03,5.564828395843506,5.649785659008359,5.4738677741317225,5.6095581866780915,750520400
2008-06-04,5.559426307678223,5.616464639740031,5.500587127970453,5.524302764374601,726983600
2008-06-05,5.686712265014648,5.699020798176471,5.574737439738077,5.593950358983639,755445600
2008-06-06,5.572934627532959,5.7023214878129975,5.570233155969674,5.643782122121449,966422800
2008-06-09,5.451953887939453,5.551921174526747,5.2760363619783,5.547418454138306,1888392800
2008-06-10,5.572934627532959,5.607157141848693,5.37420091206101,5.418931509459038,1140941200
2008-06-11,5.4279375076293945,5.583741878480937,5.3913133279159755,5.533908143738077,961550800
2008-06-12,5.201286315917969,5.4816746592448515,5.139445052747871,5.448351962132689,1308333600
2008-06-13,5.17456579208374,5.2283018126799155,4.962624590821357,5.152651413364763,1345957200
2008-06-16,5.308757781982422,5.340579036491451,5.0755017177338795,5.142446515595902,1051730400
2008-06-17,5.4465508460998535,5.463362098703687,5.325869596094047,5.346583553955099,899656800
2008-06-18,5.366095542907715,5.4696649017295,5.3240676238446545,5.4372428373853925,811468000
2008-06-19,5.430639743804932,5.473869308336719,5.307558033119419,5.360093246900055,791949200
2008-06-20,5.261626720428467,5.433641940378805,5.253521102351924,5.384108409312524,888367200
2008-06-23,5.19828462600708,5.279939222111695,5.150252133416726,5.245715900796023,645780800
2008-06-24,5.200984001159668,5.276934612956018,5.152351512810238,5.1745661008044594,621947200
2008-06-25,5.325267314910889,5.368496460820056,5.219896722670464,5.241811102782317,644450800
2008-06-26,5.051185607910156,5.248718111225954,5.0436804060770974,5.22560249039198,869610000
2008-06-27,5.106121063232422,5.120530645933737,4.927801525375775,4.998649007734666,1042249600
2008-06-30,5.026566982269287,5.163458603710686,5.001950330689171,5.109122166110185,684196800
2008-07-01,5.243914604187012,5.245115436531355,4.923299983672827,4.930204368840935,1111280800
2008-07-02,5.048782825469971,5.327068811930443,5.048782825469971,5.25952361899778,837519200
2008-07-03,5.107022762298584,5.168564616380773,4.97583503931303,5.091112535861739,523362000
2008-07-07,5.258324146270752,5.317463535473426,5.160459116731756,5.198284533629429,820391600
2008-07-08,5.39011287689209,5.394615998301404,5.185675974651706,5.2655297243960515,888350400
2008-07-09,5.231003761291504,5.430937449126847,5.227701874605697,5.409623085181978,895776000
2008-07-10,5.30245304107666,5.323767009796762,5.144547223019707,5.251118669867385,840688800
2008-07-11,5.180873394012451,5.316864885068191,5.133442107889801,5.267632349982104,930011600
2008-07-14,5.2198967933654785,5.382605506637164,5.195880957145537,5.380805060422338,886054400
2008-07-15,5.092610836029053,5.215693695716069,4.995046053952181,5.177868294085299,1040043200
2008-07-16,5.1877760887146,5.191378184097956,5.06139172036307,5.109422998905906,747790400
2008-07-17,5.157754421234131,5.252918735770734,5.145145687647701,5.226500436827738,757526000
2008-07-18,4.957820415496826,5.092911586812409,4.9533176971023165,5.058988088792456,868414400
2008-07-21,4.992046356201172,5.028370331623499,4.836841984575915,5.010357846735284,1360469600
2008-07-22,4.863859176635742,4.886073767859429,4.398846987195563,4.472997163588139,1879592400
2008-07-23,4.991143703460693,5.05448598474665,4.850049157677512,4.953018091171002,1061768400
2008-07-24,4.774100303649902,4.961125537500575,4.756688634989361,4.932905976631487,839619200
2008-07-25,4.866860866546631,4.893278770799949,4.76269069040564,4.815225890088408,633637200
2008-07-28,4.635105609893799,4.877367448710177,4.623697305317852,4.8734647447908435,780712800
2008-07-29,4.715559005737305,4.7867066918531265,4.612590076213501,4.665425076037666,684070800
2008-07-30,4.79961633682251,4.8179286265107475,4.685540086931108,4.736574251463025,725183200
2008-07-31,4.771697998046875,4.869263210736831,4.712558614649564,4.729369864863617,637498400
2008-08-01,4.7029523849487305,4.802920081312727,4.675634248840826,4.8002174067264685,544639200
2008-08-04,4.599983215332031,4.740177589683845,4.590376556314649,4.7011509382376,592527600
2008-08-05,4.822432518005371,4.8272354466170775,4.647715418341519,4.665727102056188,688371600
2008-08-06,4.929002285003662,5.02536624265093,4.743177550127554,4.802316920014239,791408800
2008-08-07,4.910391330718994,4.987843412008708,4.84824946067709,4.884573435873282,672372400
2008-08-08,5.08991003036499,5.092912511192421,4.915793397573092,4.919095685590339,713997200
2008-08-11,5.210289478302002,5.298548607139066,5.0935113972615245,5.105519714662256,891304400
2008-08-12,5.305456638336182,5.382307506083145,5.2087916354304555,5.20909184352662,836278800
2008-08-13,5.382606506347656,5.403620667551846,5.280538582238279,5.342980649793248,842346400
2008-08-14,5.383208274841309,5.417130986468832,5.338778681160214,5.3534884763599555,711300800
2008-08-15,5.275734901428223,5.396115097297182,5.255020951209945,5.374801131918749,708251600
2008-08-18,5.265228748321533,5.337877092402692,5.21809688606906,5.27063209241271,552014400
2008-08-19,5.209392070770264,5.315663332331999,5.15775707966386,5.239711886158735,616204400
2008-08-20,5.278738021850586,5.311760107697538,5.2117928251410985,5.246616560207379,506951200
2008-08-21,5.232207298278809,5.267029833069383,5.160158960757923,5.237610242212705,539744800
2008-08-22,5.307258605957031,5.328572582048672,5.270633614074717,5.27813881749567,439611200
2008-08-25,5.1799702644348145,5.290444801490759,5.153252153944371,5.288042335930007,484425200
2008-08-26,5.212692737579346,5.2499173276201905,5.181771713995624,5.186274834053218,445550000
2008-08-27,5.243612289428711,5.276334556853707,5.169162718049599,5.202785208559315,477780800
2008-08-28,5.215692520141602,5.291043098457401,5.185972740192464,5.2619237342976035,431384800
2008-08-29,5.0893096923828125,5.208489455764023,5.074599902050706,5.192278625519281,599289600
2008-09-02,4.989041805267334,5.2084890120595695,4.953317860013327,5.175466938418139,780763200
2008-09-03,5.0121564865112305,5.063791448025581,4.923297345516335,5.008553991408604,734834800
2008-09-04,4.839844226837158,5.040679448553774,4.827536094878865,4.979137586326596,743386000
2008-09-05,4.808623313903809,4.87526831232047,4.732672264828672,4.760891827351742,786884000
2008-09-08,4.740777015686035,4.95001762246495,4.546847420624482,4.940410964641869,1045979200
2008-09-09,4.553451061248779,4.8020172909941525,4.49671334840499,4.708955209154877,1245025600
2008-09-10,4.551351070404053,4.652819009516976,4.466994994034055,4.572665445991228,973142800
2008-09-11,4.5825724601745605,4.592779536522475,4.382938464065591,4.448382232695715,971135200
2008-09-12,4.471195220947266,4.530334987580406,4.3979460807795965,4.530334987580406,793027200
2008-09-15,4.213623046875,4.433670709202792,4.213623046875,4.26375698308983,920634400
2008-09-16,4.199213981628418,4.2778668869766365,3.967158771832353,4.018492744805809,1199836400
2008-09-17,3.8374714851379395,4.158086447854868,3.8374714851379395,4.157485630980664,1200455200
2008-09-18,4.025399208068848,4.065625896840158,3.6228289057168825,3.9197279456739946,1676253600
2008-09-19,4.230133056640625,4.328899464154078,4.092040611696202,4.280866995712105,1430875600
2008-09-22,3.934136152267456,4.210321534835107,3.922428840418184,4.2010150856643635,856713200
2008-09-23,3.8077523708343506,4.076732401783342,3.8023482244969324,3.958153414800761,1280364400
2008-09-24,3.86388897895813,3.931133967529145,3.757017336117858,3.8206598286986218,1047015200
2008-09-25,3.960554838180542,4.046412750630459,3.8581862820279524,3.8966117159883704,1006045600
2008-09-26,3.849780797958374,3.896612062798552,3.69247534851828,3.7498134968712695,1126451200
2008-09-29,3.1599178314208984,3.592807825150188,3.019723676240771,3.591006576825535,2622057200
2008-09-30,3.4120876789093018,3.452314363899255,3.191139516332064,3.249678094720341,1626682400
2008-10-01,3.275794267654419,3.3730592406342335,3.223859293239069,3.35985069177338,1296484000
2008-10-02,3.0050134658813477,3.2658880161592365,3.002011786568139,3.242472592807969,1609364400
2008-10-03,2.914052724838257,3.1971418744105073,2.8414037866038027,3.122092274037705,2294398400
2008-10-06,2.946173667907715,2.965386376683385,2.6279608365672624,2.760649552214357,2107417200
2008-10-07,2.6765944957733154,3.047042473253696,2.670290125674306,3.0164216478703896,1878772000
2008-10-08,2.6955068111419678,2.8918380846593323,2.5721238962054094,2.5790282811962637,2207741200
2008-10-09,2.6639864444732666,2.875928592160956,2.5997429013328044,2.802379397839355,1617383600
2008-10-10,2.905947208404541,3.002011767742464,2.5517093713025676,2.572723531233841,2219299600
2008-10-13,3.3100178241729736,3.3181234410790332,3.0326320141543013,3.1386034459412224,1539076000
2008-10-14,3.1244938373565674,3.49434171393365,3.096274482891749,3.490138801506097,1980994400
2008-10-15,2.940469741821289,3.2121523629359996,2.938668493871152,3.117288040403185,1584175600
2008-10-16,3.0587496757507324,3.1049807073082927,2.754045559497025,2.9951065795954834,1980521200
2008-10-17,2.923959732055664,3.06325369348911,2.578428605389807,2.9900045159663815,1762227600
2008-10-20,2.9551804065704346,3.0029126897419913,2.811084335655841,2.995407287324228,1549170000
2008-10-21,2.7465405464172363,2.9389699000601657,2.7366336806791445,2.9104505358683865,2193660000
2008-10-22,2.908048152923584,3.0395358406042328,2.7897692154849407,2.923058151036552,2248808800
2008-10-23,2.948875904083252,2.979496724019735,2.7588490203576317,2.897241723323569,1675430400
2008-10-24,2.893338441848755,2.938969254203216,2.7051120423071313,2.711716217202731,1590058400
2008-10-27,2.7645530700683594,2.9308643255649196,2.757647883944006,2.854012465797297,1208771200
2008-10-28,2.999309539794922,3.017022014276088,2.772958493044738,2.86481954653132,1634133200
2008-10-29,3.1386044025421143,3.2884046496382267,3.0002116633862452,3.0278300092676416,1950978400
2008-10-30,3.3334333896636963,3.367956912090582,3.230464440874724,3.249076937809004,1638089600
2008-10-31,3.2298641204833984,3.325628674708616,3.156314959621775,3.2241601681332863,1659756000
2008-11-03,3.210951566696167,3.2751950836224877,3.1479092827116535,3.18003074056597,1057938000
2008-11-04,3.331932544708252,3.3559483824110763,3.202245498028396,3.301911945956246,1398681200
2008-11-05,3.101078510284424,3.2938070742695134,3.0917718600371997,3.2694912234879183,1256455200
2008-11-06,2.9749932289123535,3.0854667626096632,2.941970951389779,3.033532584243826,1319074400
2008-11-07,2.9491753578186035,2.9975078422062693,2.8735247479491455,2.979196156835377,1095253600
2008-11-10,2.878328800201416,3.0140194201125774,2.836900894524183,3.0071150363742256,1123822000
2008-11-11,2.8450067043304443,2.9170546309037144,2.7696560884580523,2.8462069352899375,1224538000
2008-11-12,2.7054128646850586,2.799075981090485,2.702111177054611,2.7747593272503868,1178976400
2008-11-13,2.8951401710510254,2.8951401710510254,2.5823304327704957,2.6979077131795686,1854087200
2008-11-14,2.709015130996704,2.8215909375368504,2.7018107395100674,2.81468575205009,1405266800
2008-11-17,2.6459732055664062,2.7183221479894093,2.619556097846121,2.656180279944788,1162526400
2008-11-18,2.699108839035034,2.7315311126816546,2.607547975923044,2.6910040221456413,1209695200
2008-11-19,2.590437173843384,2.7492432873274733,2.588035708894304,2.6850007431392924,1171900800
2008-11-20,2.4163191318511963,2.5952388951387553,2.4016091399437536,2.5589147283944365,1716814400
2008-11-21,2.4790613651275635,2.525292399118535,2.3757922090175634,2.4595476430247363,1569271200
2008-11-24,2.790369749069214,2.845606420160801,2.546906461720196,2.5580137573787023,1442257600
2008-11-25,2.7258262634277344,2.8432049926132303,2.646572950311724,2.8408035288869007,1235292800
2008-11-26,2.8519108295440674,2.859416230375908,2.697307708887114,2.699409165006381,899836000
2008-11-28,2.78196382522583,2.844705890277509,2.7576471792235124,2.8429046423954216,297774400
2008-12-01,2.6696887016296387,2.7699561876824816,2.669388693981322,2.7408366076401562,923767600
2008-12-02,2.7759599685668945,2.781363913208765,2.596740193669416,2.7027108166150224,1148722400
2008-12-03,2.8789288997650146,2.8888357641548907,2.6657864219297163,2.6837981010150522,1338680000
2008-12-04,2.744138717651367,2.858214956820033,2.6735910370866875,2.8347993330419445,1091370000
2008-12-05,2.8218908309936523,2.836600823430613,2.6675871166465392,2.712317509991823,1043795200
2008-12-08,2.9936065673828125,3.0260278346808422,2.8759276158491986,2.920357405676653,1185142000
2008-12-09,3.003812313079834,3.110083948277537,2.918255632514215,2.9431724974038413,1203496000
2008-12-10,2.948275566101074,2.9867011924362883,2.8969415955172857,2.9380686933475983,938047600
2008-12-11,2.8519108295440674,3.0392362232464123,2.8468076940661895,2.9224583107068423,1040617200
2008-12-12,2.950078010559082,2.971992202416336,2.7777623485301817,2.785867968187046,1041174400
2008-12-15,2.8444066047668457,2.888235177370941,2.791871397304864,2.8816310009385138,891758000
2008-12-16,2.8648197650909424,2.896340809565393,2.7843660095853915,2.821291199917058,1093506400
2008-12-17,2.6765944957733154,2.7348328631047525,2.6423707723786927,2.7327314064050827,1293860400
2008-12-18,2.684699535369873,2.726727661405193,2.654978937666847,2.6810968382726843,857416000
2008-12-19,2.7018110752105713,2.730029631445843,2.6657869088365445,2.7000096264047673,801920000
2008-12-22,2.573925495147705,2.7027115617858377,2.542404246297967,2.7024113536899566,844740400
2008-12-23,2.593137502670288,2.637867294284415,2.578727718415953,2.607847294532494,635031600
2008-12-24,2.552910566329956,2.5892347330467196,2.5382007748395505,2.5859328457906443,271334000
2008-12-26,2.5760269165039062,2.6243594210086365,2.5589156551598613,2.6009437892470495,308324800
2008-12-29,2.6000421047210693,2.6303629162530076,2.5538110687463424,2.5973404327760736,686000000
2008-12-30,2.590437173843384,2.6432726092189442,2.543305092468146,2.6243598953597624,967601600
2008-12-31,2.5622165203094482,2.6339644331267658,2.561916512696631,2.5808292170632208,607541200
2009-01-02,2.724325180053711,2.733031814252767,2.5565134984726914,2.578127675285595,746015200
2009-01-05,2.8393027782440186,2.887335067145576,2.7831648714978288,2.7969746430464566,1181608400
2009-01-06,2.792471408843994,2.917054536711766,2.773558703475514,2.88043035892503,1289310400
2009-01-07,2.732131004333496,2.7768608057411277,2.7096157991840104,2.7561476506922595,753048800
2009-01-08,2.782864570617676,2.796374132674543,2.70301103651171,2.714719350348448,673500800
2009-01-09,2.7192223072052,2.803278761154586,2.7060137536568214,2.798175624897688,546845600
2009-01-12,2.6615846157073975,2.731531302604817,2.6282621162765016,2.715620272565325,617716400
2009-01-13,2.6330649852752686,2.6940058281770507,2.592238085549881,2.648976014952118,798397600
2009-01-14,2.561617851257324,2.6192562224006575,2.5433053514660657,2.588936196235223,1021664000
2009-01-15,2.5030767917633057,2.5252919816165114,2.4031101408736797,2.418720354432743,1831634000
2009-01-16,2.4715561866760254,2.533097234323614,2.413617836072095,2.530695770304358,1047625600
2009-01-20,2.3475725650787354,2.4616487952300554,2.3475725650787354,2.4595473393068077,919914800
2009-01-21,2.486565589904785,2.4880668302150144,2.3808949859135082,2.3832964493546345,1089270000
2009-01-22,2.6525766849517822,2.7018101905434477,2.576325865049686,2.6429706311821763,1409528400
2009-01-23,2.6525766849517822,2.697907286549058,2.59673980649156,2.6063456598553127,763770000
2009-01-26,2.6910040378570557,2.73093091284596,2.650776353555506,2.6675878064601597,692238400
2009-01-27,2.723724603652954,2.748341458761614,2.694004813862552,2.707513572378524,618038400
2009-01-28,2.827894687652588,2.8519105248260805,2.7468401349597946,2.7654526292157025,861406000
2009-01-29,2.7918715476989746,2.8320984274150005,2.779863224789828,2.7945730195416862,592729200
2009-01-30,2.7057130336761475,2.8104824135396376,2.7021103374643016,2.7798624016239732,651478800
2009-02-02,2.747140645980835,2.76185043912796,2.6687883516055595,2.6747925124051215,558247200
2009-02-03,2.7912704944610596,2.80327881721587,2.710216720737137,2.7594492407844946,599309200
2009-02-04,2.808380365371704,2.8894351010709913,2.7948718105716504,2.7984745060236955,808421600
2009-02-05,2.895740509033203,2.9194561433029693,2.780463223385139,2.784966143718484,749246400
2009-02-06,2.9936065673828125,3.0020121924633627,2.9119517805961026,2.9125517958904585,687209600
2009-02-09,3.077361822128296,3.0920716150249286,2.9870012076926415,3.0020120102477312,715010800
2009-02-10,2.936868190765381,3.077361739602955,2.9137527739182847,3.041938595280004,849060800
2009-02-11,2.9065470695495605,2.9512768583249303,2.8750260317293366,2.893038511411455,674973600
2009-02-12,2.9800970554351807,2.994506841823352,2.876827888281867,2.876827888281867,817188400
2009-02-13,2.9767954349517822,3.0002110628009766,2.945574397413605,2.9716914970356116,608977600
2009-02-17,2.837801456451416,2.913152076200362,2.830296856175508,2.9080489399965077,678238400
2009-02-18,2.832998514175415,2.8774281043607166,2.783465787811715,2.8534124617304015,684779200
2009-02-19,2.7210235595703125,2.829395656353514,2.705112533386928,2.802978350757782,922804400
2009-02-20,2.7378342151641846,2.773858170263735,2.671789462457266,2.683797781500213,750316000
2009-02-23,2.610248565673828,2.7618499941300576,2.5970400152606974,2.751343115235527,786982000
2009-02-24,2.7093162536621094,2.7285291746357445,2.611751209247365,2.6252599749099272,807105600
2009-02-25,2.736633539199829,2.7894689513026942,2.679295407351524,2.697607897211727,833053200
2009-02-26,2.6774942874908447,2.7894690850331134,2.6705899031172073,2.7618505455090188,629868400
2009-02-27,2.6810965538024902,2.740836347680322,2.6318632392024677,2.6396686478720612,706658400
2009-03-02,2.6399686336517334,2.737834645584744,2.6318632174293333,2.6453725784764837,770929600
2009-03-03,2.65287709236145,2.724024988742734,2.6381673005069683,2.6696883403111102,724340400
2009-03-04,2.7369344234466553,2.784966719228289,2.6853002315470142,2.7072146220496602,741403600
2009-03-05,2.6669864654541016,2.757947074939955,2.6552791563188096,2.7156189538628333,706899200
2009-03-06,2.560716390609741,2.6537786831794508,2.471556201536658,2.651977234443835,1011147200
2009-03-09,2.494971513748169,2.629761706916413,2.4787612828560603,2.527093571168294,698297600
2009-03-10,2.6606833934783936,2.676894430025146,2.5324973439985716,2.547807355458303,844258800
2009-03-11,2.782263994216919,2.82399210428274,2.6892019197802948,2.69610630291714,846372800
2009-03-12,2.892437696456909,2.899342881629639,2.7618502157183378,2.7888685363190184,768457200
2009-03-13,2.879829168319702,2.917955586420277,2.852210832421568,2.890937265743452,601168400
2009-03-16,2.8645195960998535,2.923659181506224,2.8272943976083376,2.8978420897831403,797244000
2009-03-17,2.991805076599121,2.992705299873608,2.8540121966757828,2.8591161339764573,786646000
2009-03-18,3.0476415157318115,3.106480877828328,2.9936058821970284,2.9993090322767033,796037200
2009-03-19,3.050645351409912,3.098076630762125,3.0095174405000638,3.057549737305577,500180800
2009-03-20,3.049743175506592,3.0953739935572475,3.019123159476342,3.064753175903435,695587200
2009-03-23,3.231966257095337,3.2469762603652326,3.05454768977945,3.0833664631808424,666397200
2009-03-24,3.197141647338867,3.2854007951778383,3.1638199622186054,3.1929389357496123,640612000
2009-03-25,3.1968421936035156,3.252979896829164,3.1178896804809746,3.2295644704230355,646618000
2009-03-26,3.2983100414276123,3.3016117281075146,3.229563814402406,3.2370682125459944,616252000
2009-03-27,3.2076492309570312,3.258082980388279,3.1941404700676017,3.2490771397953258,492872800
2009-03-30,3.1368021965026855,3.152412212617945,3.080364288651467,3.1374024121636674,502796000
2009-03-31,3.155714988708496,3.2256616587731823,3.152112291802106,3.1656210524612285,570080000
2009-04-01,3.2628870010375977,3.2721928495300996,3.1187899402392874,3.1247941013426654,589372000
2009-04-02,3.3835678100585938,3.4448090613345124,3.2956088389342426,3.3064161303597546,812366800
2009-04-03,3.4820330142974854,3.48623592651938,3.4078836384414797,3.427996773879864,636241200
2009-04-06,3.555882453918457,3.564888293255384,3.400678121850205,3.4505118490494042,658064400
2009-04-07,3.4523134231567383,3.50244736309614,3.4279969732703157,3.4982444506297816,536580800
2009-04-08,3.4919402599334717,3.506049236594728,3.439705261909982,3.4652221444185907,455630000
2009-04-09,3.5895047187805176,3.6024132613544997,3.541172034703985,3.5549820028585697,530756800
2009-04-13,3.6090195178985596,3.631834937160967,3.5723953249519034,3.602715146562221,389236400
2009-04-14,3.551680088043213,3.6075179839285494,3.5198588362477565,3.589505500861139,454622000
2009-04-15,3.5315656661987305,3.549877549035607,3.475127775543231,3.518356115940343,412882400
2009-04-16,3.645942449569702,3.69697620154138,3.566088732298153,3.578097051173099,593446000
2009-04-17,3.7050814628601074,3.729998321333768,3.6099179497367633,3.6378364868307185,497495600
2009-04-20,3.6174237728118896,3.6921739686080692,3.5771966986450785,3.6543485586675497,466466000
2009-04-21,3.65524959564209,3.6666579040683853,3.5603862424565955,3.569091876403092,470685600
2009-04-22,3.647745132446289,3.7630226341263855,3.638438280845121,3.6813676369000166,938767200
2009-04-23,3.764522075653076,3.818558718780682,3.707783961099696,3.8011470540615324,945156800
2009-04-24,3.7194926738739014,3.756717669514302,3.6915741275495035,3.741707668203522,540764000
2009-04-27,3.744408369064331,3.7525139845421527,3.6822665195028654,3.6894719118504304,480690000
2009-04-28,3.7194926738739014,3.7888391284330236,3.7002797599687973,3.702981231539057,455856800
2009-04-29,3.75671648979187,3.8080504456834774,3.717390050203997,3.7480108601064064,458110800
2009-04-30,3.7774319648742676,3.812555106578627,3.75011383216693,3.789139277963879,498489600
2009-05-01,3.8197598457336426,3.8410742164411897,3.776530688219412,3.776530688219412,397516000
2009-05-04,3.9647557735443115,3.9701591157799343,3.832967290461329,3.849778534685698,609358400
2009-05-05,3.9839682579040527,3.9884709758198817,3.9362360010162014,3.9551486988599165,398255200
2009-05-06,3.977665662765503,4.0076856660252504,3.909219430066848,4.002582530006891,473538800
2009-05-07,3.8743951320648193,3.97436157137854,3.839571411496703,3.972560323720965,531776000
2009-05-08,3.8782989978790283,3.9395402341591996,3.7903400482926193,3.873795476573445,467964000
2009-05-11,3.889707088470459,3.931435209710808,3.816157712568998,3.823663315334818,404658800
2009-05-12,3.7351014614105225,3.8939082571171406,3.699978334436468,3.889405137962131,609481600
2009-05-13,3.5871028900146484,3.7230942956102835,3.583800201511869,3.6987774498851467,595971600
2009-05-14,3.690973997116089,3.708386469519403,3.5934091602615905,3.595810424496755,447826400
2009-05-15,3.6750614643096924,3.741105608461091,3.6507450217611592,3.672058984070834,367567200
2009-05-18,3.8020477294921875,3.8035491706145095,3.6495460420647077,3.7143897810423865,458841600
2009-05-19,3.8260648250579834,3.8819019279368585,3.774730042017156,3.8071521157302786,372422400
2009-05-20,3.7786338329315186,3.8789013622297452,3.761522367272203,3.8314692708279994,388584000
2009-05-21,3.7278976440429688,3.805949721511505,3.6891720137204533,3.75701741980102,407946000
2009-05-22,3.6774635314941406,3.7278972689715113,3.6549483341306246,3.7239945652878044,297998400
2009-05-26,3.9260306358337402,3.9275320768728363,3.739005432443732,3.745309801398336,636927200
2009-05-27,3.994176149368286,4.052114284865521,3.9299324439194594,3.956050537916127,646422000
2009-05-28,4.054815769195557,4.064422021779482,3.9635541651842456,4.006182487192147,487552800
2009-05-29,4.077032089233398,4.079733560839338,4.0181925145711554,4.064423752095707,456534400
2009-06-01,4.183304309844971,4.202516825838491,4.082736604501491,4.096846384626662,452499600
2009-06-02,4.187505722045898,4.24304260044417,4.15328240984379,4.17249612322474,456223600
2009-06-03,4.231335163116455,4.236138090303285,4.174897261568402,4.202815803936643,565199600
2009-06-04,4.315093040466309,4.328302199350744,4.204019229070128,4.20672070166635,550634000
2009-06-05,4.343010425567627,4.394944408977552,4.299180856263749,4.362222937227332,632716000
2009-06-08,4.318394184112549,4.329801690218758,4.185705420665697,4.317493960694027,931652400
2009-06-09,4.284472465515137,4.339709156024948,4.21932850629127,4.317193947968334,676964400
2009-06-10,4.210322380065918,4.273364878217272,4.1517834041969435,4.271263421531039,688623600
2009-06-11,4.201315402984619,4.249648101309551,4.159287475030053,4.18930828245156,524823600
2009-06-12,4.1118574142456055,4.17579974883689,4.083938055116245,4.167094112931099,563085600
2009-06-15,4.085437774658203,4.110654851356011,4.049414009222793,4.083036510945312,539750400
2009-06-16,4.09324312210083,4.156885220747016,4.085737520498339,4.102548769457717,514805200
2009-06-17,4.070126533508301,4.126264219595168,4.038605499330594,4.102847998714353,571412800
2009-06-18,4.0791335105896,4.142776012637118,4.070427878129956,4.086037894786184,427680400
2009-06-19,4.187206268310547,4.187806283567223,4.109754198724949,4.144876935483332,721856800
2009-06-22,4.12386417388916,4.249648565027834,4.092643733199587,4.222931245942863,634914000
2009-06-23,4.0229949951171875,4.111254146889618,3.9890726920799264,4.094743908608185,706532400
2009-06-24,4.0893402099609375,4.127766038200065,4.04851351897901,4.065324768732151,485525600
2009-06-25,4.19861364364624,4.208820717470666,4.059020506000911,4.075230939274888,589447600
2009-06-26,4.276065826416016,4.3096883276528075,4.195011253124744,4.196512293431015,439384400
2009-06-29,4.261954307556152,4.321393876170396,4.249045767004086,4.306684087986181,567616000
2009-06-30,4.2757649421691895,4.3168922376214764,4.256852638924708,4.2802680623758596,434224000
2009-07-01,4.2877726554870605,4.3427103236873235,4.278467008261596,4.307886593322073,414178800
2009-07-02,4.20341682434082,4.287773288430341,4.19651243950348,4.240342016348532,370479200
2009-07-06,4.161087512969971,4.172495817283193,4.090240031312904,4.163788984040171,498688400
2009-07-07,4.064721584320068,4.193207760073512,4.058117411319618,4.157183613630925,461596800
2009-07-08,4.119359016418457,4.143975668212375,4.035302792067518,4.080333585046579,575929200
2009-07-09,4.093543529510498,4.142476243404942,4.0806349830696504,4.135571858476976,343025200
2009-07-10,4.15838623046875,4.171894788867514,4.092341271983402,4.092942489607891,445275600
2009-07-13,4.2730631828308105,4.2730631828308105,4.128667118965685,4.189006932928727,483501200
2009-07-14,4.270960807800293,4.298279333649654,4.237639324680385,4.26375661777687,347247600
2009-07-15,4.409355640411377,4.41295813767037,4.332504369612305,4.354118551542485,485587200
2009-07-16,4.428566932678223,4.443577734584327,4.3700283724692435,4.375731924073309,393570800
2009-07-17,4.5555524826049805,4.563658099127484,4.461889584626034,4.475398945496873,602154000
2009-07-20,4.590376853942871,4.654320380549512,4.529736819023269,4.601184746850058,735526400
2009-07-21,4.548345565795898,4.60598468458089,4.495510575334877,4.601782174529427,874781600
2009-07-22,4.705352306365967,4.765092895888343,4.6864396034481155,4.736873344291805,874104000
2009-07-23,4.73777437210083,4.756386065411312,4.6699285674629785,4.702050422212385,526962800
2009-07-24,4.802918910980225,4.803218718202221,4.69814831124662,4.711657271955358,438362400
2009-07-27,4.806221008300781,4.829636837099276,4.720964320744462,4.808322464804274,433311200
2009-07-28,4.803219318389893,4.806220998291071,4.731170583712897,4.769596816027735,363554800
2009-07-29,4.8041181564331055,4.81672689179183,4.75068273839781,4.77019585659363,382158000
2009-07-30,4.886974811553955,4.944912953928223,4.848248378739453,4.854252538991588,469604800
2009-07-31,4.9049859046936035,4.953318186513784,4.890575921810026,4.892977585623956,422536800
2009-08-03,4.996248722076416,5.002552690284927,4.949416667308675,4.9596233401488155,394240000
2009-08-04,4.96983003616333,4.97043045221488,4.929603363144792,4.951217539377046,395810800
2009-08-05,4.956622123718262,5.025067154787296,4.9296037998169435,4.975834637446188,423183600
2009-08-06,4.920597553253174,4.998649636372808,4.895980895800951,4.970730289805092,341616800
2009-08-07,4.968628406524658,5.001350677909647,4.947314440020009,4.968028391332799,387354800
2009-08-10,4.944913387298584,5.001351296179547,4.913092136797,4.973132942956767,300294400
2009-08-11,4.888176441192627,4.934707492119063,4.859657474626724,4.913993134170806,355342400
2009-08-12,4.962625980377197,5.004653902695456,4.8770682939473184,4.879769765441115,445071200
2009-08-13,5.055987358093262,5.063492958989165,4.998349024694005,5.002852144744495,439980800
2009-08-14,5.006755828857422,5.050284394619165,4.969230622714646,5.041578761629183,305816000
2009-08-17,4.790910720825195,4.910991131946821,4.7858067832992095,4.909789898966973,524381200
2009-08-18,4.923300266265869,4.930504859933601,4.845548371566085,4.852152549027182,431152400
2009-08-19,4.941310405731201,4.962324565580569,4.876767687759399,4.885773527230978,413271600
2009-08-20,4.993244171142578,5.004952280184605,4.941610011434591,4.952716903005013,342031200
2009-08-21,5.08000373840332,5.084507660557556,5.007355397901262,5.032872680096442,416074400
2009-08-24,5.075201511383057,5.12473504243564,5.051485874937508,5.107022765902907,406929600
2009-08-25,5.085408687591553,5.1316395299107995,5.077303069355317,5.0872099360884935,324354800
2009-08-26,5.025668621063232,5.089911143388084,5.006155096694246,5.070998435965367,303998800
2009-08-27,5.086909770965576,5.090511466366157,4.948216842024688,5.06589560580232,449181600
2009-08-28,5.104920387268066,5.178169541535272,5.059290371080031,5.171565365849858,453700800
2009-08-31,5.049685478210449,5.068897996744198,4.998351090850155,5.048184036761219,311337600
2009-09-01,4.962325572967529,5.10342056036748,4.9515184832453665,5.0430799406548115,469028000
2009-09-02,4.9587225914001465,5.031671135418232,4.926600734416721,4.941911343272375,364249200
2009-09-03,4.999850273132324,5.016361314517575,4.953319229376034,4.996548385504716,293955200
2009-09-04,5.112725257873535,5.124433369522947,5.016060689638559,5.02176464146776,374628800
2009-09-08,5.191377639770508,5.197681606639224,5.163459098809138,5.192878679694424,315047600
2009-09-09,5.137641906738281,5.237608357906923,5.094412358641598,5.1868744119704155,811087200
2009-09-10,5.180270671844482,5.200984623289133,5.12773547362944,5.165260672470435,491134000
2009-09-11,5.1682634353637695,5.198884257351543,5.129537797199774,5.190778639551646,348961200
2009-09-14,5.215095520019531,5.22049846362383,5.110925324406028,5.128336590739169,322011200
2009-09-15,5.258324146270752,5.273033941550545,5.211193080408203,5.224701642542123,426470800
2009-09-16,5.4597578048706055,5.486175707875646,5.33997761938353,5.343279907360628,754023200
2009-09-17,5.540212631225586,5.607457632705493,5.462761357437521,5.463061565494339,810572000
2009-09-18,5.554323196411133,5.600253833172762,5.546517385016708,5.578639651644867,601582800
2009-09-21,5.524302005767822,5.558524519331192,5.452254081408367,5.532407622714897,437715600
2009-09-22,5.538111209869385,5.565129534342123,5.48917849873393,5.55942598203832,356753600
2009-09-23,5.568729877471924,5.670798573904046,5.554620104168827,5.565728198857405,593563600
2009-09-24,5.5182976722717285,5.634775179739903,5.486776631199274,5.6197651792678665,550880400
2009-09-25,5.474769115447998,5.568732237246691,5.446850566577162,5.463962025745833,445239200
2009-09-28,5.58824348449707,5.604154507996689,5.503587236029897,5.519798066708338,337444800
2009-09-29,5.56512975692749,5.625770183966497,5.533008294983638,5.605657445663475,345385600
2009-09-30,5.5642290115356445,5.597251094593802,5.481974011932812,5.587644437231833,539585200
2009-10-01,5.429438591003418,5.590345686487625,5.424634460889871,5.5642287902588,524711600
2009-10-02,5.550720691680908,5.581941935411254,5.4441500153636815,5.445951264087274,553308000
2009-10-05,5.584340572357178,5.609557641811937,5.53180537840384,5.589744716797431,423133200
2009-10-06,5.704121112823486,5.704121112823486,5.622767550929812,5.635975901237461,605085600
2009-10-07,5.711328983306885,5.720334826355137,5.674703992420769,5.696619185813856,465668000
2009-10-08,5.681909561157227,5.74735333195085,5.670501251108727,5.72363769068817,438211200
2009-10-09,5.717929840087891,5.724834222225051,5.66239337260124,5.672900250189975,293272000
2009-10-12,5.7281389236450195,5.749153087019445,5.6930153822716525,5.734443292900896,288024800
2009-10-13,5.704421520233154,5.738944233973404,5.6948148652974,5.7227334045810245,348020400
2009-10-14,5.742548942565918,5.773468769650946,5.71072768967279,5.771367714032423,375510800
2009-10-15,5.720632553100586,5.731439640233187,5.689712331695052,5.692714010867846,373556400
2009-10-16,5.64528226852417,5.714628716848358,5.63897790019951,5.684308508910434,431426800
2009-10-19,5.699618339538574,5.703821251476757,5.570232300747354,5.63927853648481,942230800
2009-10-20,5.966797828674316,6.056558427931975,5.939479699100782,6.022035706327038,1141039200
2009-10-21,6.15172004699707,6.265496852683751,5.980905736525584,5.989611366011028,1193726800
2009-10-22,6.160128116607666,6.239681651997959,6.079374550559736,6.145118113902968,791392000
2009-10-23,6.122302055358887,6.17813994892485,6.100988086238084,6.175138269350114,420786800
2009-10-26,6.0784735679626465,6.206659191488846,6.007025659395089,6.1141975222464255,484338400
2009-10-27,5.925070762634277,6.088379520594035,5.897451223304432,6.0538567998818165,756551600
2009-10-28,5.775871753692627,5.944584691254199,5.736845103012623,5.935277839701962,818386800
2009-10-29,5.894451141357422,5.908261115171019,5.768066734076126,5.853924249114196,570270400
2009-10-30,5.658790588378906,5.907957183204107,5.648883725690928,5.88574259576961,717525200
2009-11-02,5.683109760284424,5.790281255410482,5.5708347270245815,5.697819557622828,678983200
2009-11-03,5.666297435760498,5.68941265543522,5.58134055634635,5.639279912003082,522541600
2009-11-04,5.7281389236450195,5.81939976895435,5.710727657800067,5.72573765997842,487530400
2009-11-05,5.824803829193115,5.853923208942231,5.758459051387552,5.775871118600131,384801200
2009-11-06,5.834108829498291,5.859625709749477,5.775870477278359,5.779172364709195,295097600
2009-11-09,6.047852516174316,6.061060867486057,5.891747952426829,5.912160895436951,528855600
2009-11-10,6.09348201751709,6.153521604740277,6.034342252539745,6.034642460496154,401195200
2009-11-11,6.101589679718018,6.154124890733504,6.05896053361531,6.140915735351528,443870000
2009-11-12,6.06376314163208,6.150220641184844,6.046951894361529,6.098285859365841,363731200
2009-11-13,6.1376118659973145,6.149019368423734,6.066163970015843,6.090179806788487,343240800
2009-11-16,6.203056812286377,6.244184111126392,6.154424312483695,6.168533288669908,485206400
2009-11-17,6.214164733886719,6.227373087285837,6.15412472339408,6.1865463931899995,396513600
2009-11-18,6.182944297790527,6.2141655401744424,6.124105111938307,6.200356768846236,374320800
2009-11-19,6.0193328857421875,6.142415772277458,5.998018917390577,6.142415772277458,542326400
2009-11-20,6.001620769500732,6.015730545293682,5.936777445699256,5.978505555463429,406666400
2009-11-23,6.180542469024658,6.184144965987322,6.092583104767047,6.094084545980013,474896800
2009-11-24,6.137311935424805,6.180540684056542,6.091081106857863,6.164029244412912,318438400
2009-11-25,6.1298089027404785,6.173638483666657,6.116900355267104,6.166132880363347,286454000
2009-11-27,6.021734714508057,6.092881604703443,5.955089741818315,5.9806066198597945,295257200
2009-11-30,6.001321315765381,6.05445653086807,5.967098403875513,6.037345074923135,424858000
2009-12-01,5.913062572479248,6.087179224091786,5.908859660002995,6.071268198288828,465763200
2009-12-02,5.890847682952881,6.046652058658389,5.876438096896551,5.972802479206391,715260000
2009-12-03,5.898351192474365,5.973401983448501,5.8920472258397,5.926569940372826,448719600
2009-12-04,5.803488254547119,6.0004194874892685,5.7122266278818685,5.995016545236368,826884800
2009-12-07,5.672299861907959,5.816997311351414,5.664194646768682,5.803488352244788,714758800
2009-12-08,5.699920654296875,5.774371062284407,5.664797508266762,5.684610441674962,690398800
2009-12-09,5.937979221343994,5.948786309361644,5.713128221828605,5.742247999251678,684782000
2009-12-10,5.896852493286133,5.995018535572649,5.887546443221179,5.989014373716632,489669600
2009-12-11,5.8440165519714355,5.943983833929646,5.80679155339644,5.937378855663205,429774800
2009-12-14,5.913362979888916,5.926871941979051,5.780674221879799,5.865030683941816,495790400
2009-12-15,5.829006671905518,5.92927416403579,5.801988747011079,5.878840410304153,419459600
2009-12-16,5.854823112487793,5.898952892595865,5.840413527428026,5.856924568760729,352984800
2009-12-17,5.759659290313721,5.853922605936894,5.733842201833275,5.831707612938249,388838800
2009-12-18,5.866831302642822,5.868932758868691,5.7818740327584415,5.79898629140945,608770400
2009-12-21,5.950886249542236,5.996517058869708,5.874034613292834,5.885442916842259,611906400
2009-12-22,6.014831066131592,6.0295408608839764,5.963796896201432,5.98721272506326,349515600
2009-12-23,6.067065715789795,6.075471541338028,6.0283400790923345,6.040047391625156,345525600
2009-12-24,6.275406360626221,6.284713212730445,6.104591956314873,6.110596118438959,500889200
2009-12-28,6.352556228637695,6.42280289918093,6.292515828849009,6.355858917571778,644565600
2009-12-29,6.277207851409912,6.385881185988549,6.266100551863774,6.383179312928484,445205600
2009-12-30,6.353457927703857,6.364265819426502,6.253491442462069,6.269101461042826,412084400
2009-12-31,6.326138973236084,6.404792277780343,6.321035837335467,6.398187700858386,352410800
2010-01-04,6.424606800079346,6.439316596968687,6.37567407954969,6.407195130142836,493729600
2010-01-05,6.435712814331055,6.472037185269431,6.4017897068824965,6.442317391160505,601904800
2010-01-06,6.333343982696533,6.46122979510523,6.326739406175394,6.435712513903516,552160000
2010-01-07,6.321637153625488,6.364266303537748,6.275706516196401,6.3567611009454685,477131200
2010-01-08,6.36366605758667,6.364266874659856,6.276008089125732,6.313232294076346,447610800
2010-01-11,6.307528018951416,6.394285748396015,6.257694279757098,6.388281586851676,462229600
2010-01-12,6.235778331756592,6.297320178477966,6.196752488900064,6.279907711305143,594459600
2010-01-13,6.323737144470215,6.332142969425046,6.127106092687319,6.2402821166726685,605892000
2010-01-14,6.287113666534424,6.318034696676718,6.274805536578112,6.3075278151255025,432894000
2010-01-15,6.182042598724365,6.352256947828559,6.180241350508382,6.332143009416752,594067600
2010-01-19,6.455524921417236,6.4600280414095295,6.221368693994184,6.254090163502941,730007600
2010-01-20,6.3561577796936035,6.470834009165088,6.2892126098245145,6.45162110133343,612152800
2010-01-21,6.246286392211914,6.4035922287611005,6.220469297458186,6.366667835214984,608154400
2010-01-22,5.936476707458496,6.229172663220108,5.918765238923882,6.207558491091353,881767600
2010-01-25,6.096184253692627,6.145116553483881,6.009726355450677,6.079373006834796,1065699600
2010-01-26,6.182342052459717,6.415598457416765,6.081474569542195,6.182642260459086,1867110000
2010-01-27,6.24058198928833,6.321635754474203,5.989913488740547,6.209660962263698,1722568400
2010-01-28,5.982710361480713,6.1691355901378895,5.964998884570219,6.152024529448897,1173502400
2010-01-29,5.765664577484131,6.070068759975872,5.711328116873263,6.036446256289082,1245952400
2010-02-01,5.845818042755127,5.883943667109292,5.742849076678136,5.774970539460983,749876400
2010-02-02,5.879739761352539,5.893549330635148,5.805290174496533,5.881241202303739,698342400
2010-02-03,5.980907917022705,6.010027697131553,5.836511051116827,5.859026254109648,615328000
2010-02-04,5.765364170074463,5.955090849120654,5.750954183584234,5.905857530236009,757652000
2010-02-05,5.867730617523193,5.88394184875589,5.7293379425675335,5.782774162414814,850306800
2010-02-08,5.827504634857178,5.9403804459120915,5.823902138604233,5.874636492542973,478270800
2010-02-09,5.8896484375,5.928974498811124,5.846419269814302,5.896552823452805,632886800
2010-02-10,5.857524871826172,5.901955259927815,5.831707782594653,5.8806400887589,370361600
2010-02-11,5.964097499847412,5.996519573041839,5.8257047756303155,5.850321438415818,550345600
2010-02-12,6.015430927276611,6.053256336807876,5.868932617552168,5.947284908028259,655468800
2010-02-16,6.10609245300293,6.114798085924142,6.049654540203527,6.06226287790162,543737600
2010-02-17,6.080575942993164,6.133410961508546,6.0298411785896056,6.129808464570173,436396800
2010-02-18,6.091982364654541,6.120801936115326,6.0316417501442245,6.052955719680547,422825200
2010-02-19,6.05415678024292,6.100087808120595,6.037345531041181,6.059861133737881,415469600
2010-02-22,6.016631603240967,6.079073672552898,5.97970721709501,6.074270744768748,390563600
2010-02-23,5.915764808654785,6.043950850067472,5.875237921259158,6.004023978005646,575094800
2010-02-24,6.023837089538574,6.0472525151801415,5.939179624169119,5.9508877378017075,460566400
2010-02-25,6.064063549041748,6.08988063810001,5.910660852412726,5.925370645128962,665126000
2010-02-26,6.142714977264404,6.1592260152866105,6.064062490877757,6.075469993260385,507460800
2010-03-01,6.273904323577881,6.289214130982631,6.167632688499138,6.176638528292245,550093600
2010-03-02,6.269700050354004,6.329139622196792,6.236377368160948,6.302121307058688,566546400
2010-03-03,6.2841105461120605,6.300321780109644,6.2423832322173265,6.272403234292958,372052800
2010-03-04,6.32553768157959,6.331842049586998,6.263095619941465,6.282609540776144,366041200
2010-03-05,6.572905540466309,6.595420745426017,6.443218456905086,6.452524907290664,899620400
2010-03-08,6.576805591583252,6.607125392685368,6.5518887320624035,6.604724129850548,429889600
2010-03-09,6.69508695602417,6.754526547875784,6.541083830574317,6.553692168116807,920259200
2010-03-10,6.749722957611084,6.768936272454618,6.700490441571761,6.719403147559056,596218000
2010-03-11,6.769536018371582,6.769536018371582,6.704092667474048,6.72180494243937,405700400
2010-03-12,6.802557468414307,6.836479768499871,6.7770401903387425,6.825672280971133,416323600
2010-03-15,6.719703197479248,6.769535727622992,6.611930516123886,6.765934032798199,493502800
2010-03-16,6.738015651702881,6.753926278206962,6.679776890812714,6.729910434825474,446908000
2010-03-17,6.728109359741211,6.79805583606112,6.70259247538968,6.751524787600665,450956800
2010-03-18,6.7440185546875,6.754525434105099,6.682777323785952,6.727506713515324,342109600
2010-03-19,6.671972274780273,6.761732492104355,6.641351449568358,6.748223528493972,559445600
2010-03-22,6.7470221519470215,6.784547760392729,6.608929644374001,6.618536302743935,456419600
2010-03-23,6.855393409729004,6.868002146905999,6.727507194661625,6.773738429353702,602431200
2010-03-24,6.88571310043335,6.91062996262087,6.829875216299452,6.833778320954441,597780400
2010-03-25,6.804060459136963,6.933747949433636,6.792052135510306,6.932246508168435,542284400
2010-03-26,6.931645393371582,6.963166033633828,6.861097709769455,6.873106030797111,640875200
2010-03-29,6.976373672485352,7.020803654125469,6.9532588593037055,6.994686760993579,540744400
2010-03-30,7.0802435874938965,7.129177092314952,7.032211107514656,7.10275878743343,527310000
2010-03-31,7.054727077484131,7.103060171560752,7.038516644797338,7.069437672392414,430659600
2010-04-01,7.083847522735596,7.166702545462233,6.987182928742675,7.127076683336795,603145200
2010-04-05,7.159499168395996,7.160099584606358,7.047824158140046,7.054128929160734,684507600
2010-04-06,7.191019058227539,7.212032819406583,7.114767819305136,7.150791982486073,447017200
2010-04-07,7.222837448120117,7.2624640920867,7.164597913043139,7.191316017212546,628502000
2010-04-08,7.20332670211792,7.251058574835145,7.14598817276622,7.218036494277686,572989200
2010-04-09,7.258562088012695,7.261564969302289,7.21863563088754,7.247755402837836,334182800
2010-04-12,7.273571968078613,7.296987386183028,7.259161986707679,7.270869695759887,333026400
2010-04-13,7.277775764465332,7.28888386182497,7.238149108134309,7.260665110056623,306210800
2010-04-14,7.3756422996521,7.379244795988823,7.327010202353472,7.363334171313412,404076400
2010-04-15,7.4726057052612305,7.475907591970087,7.370236796182726,7.3783420101941966,376784800
2010-04-16,7.426976203918457,7.539251594496206,7.341418925349536,7.4620993385619245,750545600
2010-04-19,7.4170708656311035,7.441687124498033,7.257963803101238,7.415870033412051,566924400
2010-04-20,7.3426194190979,7.4825131384552055,7.293686718284731,7.461198771594333,738326400
2010-04-21,7.781816482543945,7.812737516329359,7.67704585869602,7.769207742222716,982391200
2010-04-22,7.999460220336914,8.007866045193637,7.691153386713968,7.752395023332227,793424800
2010-04-23,8.130348205566406,8.170875089706051,8.015371328595338,8.045090722981627,796955600
2010-04-26,8.090424537658691,8.179283745958891,8.051097670479018,8.161872474731542,479068800
2010-04-27,7.8664703369140625,8.04058697477721,7.820840322593738,8.023475519001208,709343600
2010-04-28,7.8532633781433105,7.925310908518591,7.697459000479728,7.902796506189628,758402400
2010-04-29,8.064604759216309,8.10543145116114,7.865571229084787,7.895891039990527,558840800
2010-04-30,7.837952613830566,8.122542623329249,7.83525114226157,8.084717211621626,542463600
2010-05-03,7.995856761932373,8.041788184275632,7.891686591907518,7.920506559377322,454342000
2010-05-04,7.765604019165039,7.903997127066717,7.707665868513098,7.891989606470455,723819600
2010-05-05,7.684851169586182,7.749394708433027,7.466904899463235,7.595991977156926,883103200
2010-05-06,7.392455101013184,7.752695972954006,5.981508813426713,7.620007210371912,1285860800
2010-05-07,7.0805463790893555,7.402062479534533,6.760832329087358,7.316205357352031,1676018400
2010-05-10,7.624810695648193,7.6446244310759495,7.460901074319384,7.512536068052769,984306400
2010-05-11,7.700761318206787,7.801928625048036,7.52004008080737,7.560266356130467,848906800
2010-05-12,7.8679704666137695,7.899191292859841,7.766202773759599,7.782412400368114,654379600
2010-05-13,7.755998611450195,7.955331962083875,7.6971586307942745,7.901895726739347,599712400
2010-05-14,7.619705677032471,7.699559412002904,7.49001901093282,7.659932752556099,759362800
2010-05-17,7.631715297698975,7.690555281620358,7.4362842403546665,7.646125285995739,762834800
2010-05-18,7.575875282287598,7.761699609291333,7.512832409362004,7.714568159801731,782678400
2010-05-19,7.455193519592285,7.592685554845584,7.350423750231228,7.490016840332728,1025726800
2010-05-20,7.137585163116455,7.320407489830054,7.091053307729858,7.26126689405419,1282915200
2010-05-21,7.274472713470459,7.339916439771132,6.9451514239961885,6.989280787815589,1223891200
2010-05-24,7.407764434814453,7.532048171656838,7.392754832849562,7.423375254546578,754238800
2010-05-25,7.361533164978027,7.407763599570883,7.119571097777742,7.185314654023756,1048006400
2010-05-26,7.328209400177002,7.568971401583452,7.3174019123948275,7.507429965259068,850654000
2010-05-27,7.605594158172607,7.621805387681503,7.478309192225893,7.523038974917227,666282400
2010-05-28,7.711569309234619,7.787220147124922,7.605597854081115,7.78692033983705,815614800
2010-06-01,7.830146312713623,7.983548997552722,7.774008617632067,7.79592340141244,876472800
2010-06-02,7.923809051513672,7.9493255279758595,7.815135363456455,7.941520120313131,688548000
2010-06-03,7.898894309997559,7.971842866371017,7.817539126106945,7.960734767057087,650106800
2010-06-04,7.683948516845703,7.862267261527299,7.644022054738521,7.751493313704601,758304400
2010-06-07,7.533246994018555,7.779711743006791,7.5215384815315325,7.753894657346308,886942000
2010-06-08,7.484917163848877,7.619107374441455,7.374442991562499,7.602295721395735,1000770400
2010-06-09,7.300892353057861,7.562068550979959,7.27957878360351,7.549159203812331,854630000
2010-06-10,7.5203399658203125,7.534448541835308,7.270872285047892,7.350125607564854,776356000
2010-06-11,7.610398292541504,7.620905170122782,7.426074616850349,7.451891699278262,545759200
2010-06-14,7.633514404296875,7.779712095561716,7.625409188966111,7.683948547560156,602960400
2010-06-15,7.795923709869385,7.800727038189218,7.670139355176178,7.674342267456032,585074000
2010-06-16,8.022876739501953,8.03788633995598,7.824143024112093,7.838252401253267,783678000
2010-06-17,8.16157054901123,8.192491579892163,8.09042243774591,8.123444524337804,872855200
2010-06-18,8.22761344909668,8.255533199254527,8.148060317922523,8.172977185881878,784621600
2010-06-21,8.110535621643066,8.375913135018962,8.06730646241086,8.336286472524746,776490400
2010-06-22,8.2210111618042,8.284653678265496,8.150464259582611,8.170277193339885,717262000
2010-06-23,8.134547233581543,8.245321946593728,8.042385410700412,8.242920283351012,768457200
2010-06-24,8.07541275024414,8.201496933784734,8.048394023807994,8.13545195967562,714277200
2010-06-25,8.006364822387695,8.113537088172212,7.97964670774831,8.107233120169688,549942400
2010-06-28,8.054401397705078,8.097931184624267,7.940925106284751,8.013273276315886,584948000
2010-06-29,7.6902546882629395,7.93702012697764,7.6341169778456,7.928914107732457,1133344800
2010-06-30,7.550959587097168,7.744288742489651,7.50532957124437,7.706463333543548,739452000
2010-07-01,7.459399223327637,7.649126711527502,7.301493789890002,7.63411630833777,1022896000
2010-07-02,7.413167476654053,7.53294766728936,7.300891283853985,7.519737713189701,693842800
2010-07-06,7.463902950286865,7.589086109024135,7.389752758926628,7.535050259302936,615235600
2010-07-07,7.765302658081055,7.768305539968792,7.497524313129328,7.519738103837039,654556000
2010-07-08,7.7478928565979,7.892290138877109,7.651828674882962,7.8796813993876835,738144400
2010-07-09,7.793825626373291,7.802230652514334,7.659935203275375,7.711870008101296,433322400
2010-07-12,7.723876953125,7.860768631479387,7.650928393547517,7.7611019535216945,562878400
2010-07-13,7.5590667724609375,7.6971592913300295,7.397858630810165,7.694758428164849,1190924000
2010-07-14,7.586983680725098,7.6791455478485675,7.475008883961259,7.4864175914641615,812047600
2010-07-15,7.548559665679932,7.714270523077595,7.423976114136046,7.451895065666606,824866000
2010-07-16,7.502025127410889,7.654226950843208,7.457295345270232,7.600490930197377,1039858400
2010-07-19,7.3723368644714355,7.501423863584119,7.192817340300526,7.501423863584119,1024478000
2010-07-20,7.561765670776367,7.592086277604801,7.205127388867112,7.291885495778798,1074950800
2010-07-21,7.632314205169678,7.959833550664057,7.625110014069112,7.958032302483021,1185671200
2010-07-22,7.775808811187744,7.805228390369496,7.664433659341013,7.735581745179607,645318800
2010-07-23,7.803427219390869,7.816636370086499,7.69355350711112,7.717869951898183,533388800
2010-07-26,7.783615589141846,7.808231845180465,7.736484132394724,7.805229764977761,420551600
2010-07-27,7.927712917327881,7.94932709503125,7.8142366807320425,7.8313481385541,584771600
2010-07-28,7.834049224853516,7.985051058986795,7.812735657056438,7.915404398939189,519985200
2010-07-29,7.748490333557129,7.88478154508242,7.688150535805514,7.826542802303531,643806800
2010-07-30,7.72267484664917,7.796223810253539,7.652127161734008,7.681848157642407,448210000
2010-08-02,7.8607707023620605,7.882985304570599,7.793826286764584,7.818442554252307,428055600
2010-08-03,7.8631744384765625,7.903100931822119,7.787824174557791,7.835556082116323,417653600
2010-08-04,7.894688606262207,7.933714038010413,7.814535084600204,7.890485694801208,420375200
2010-08-05,7.856264591217041,7.900694578088877,7.821741068535771,7.857164814496374,289097200
2010-08-06,7.807930946350098,7.849959261688447,7.734080585312109,7.798624098211125,444897600
2010-08-09,7.857765197753906,7.869773518918754,7.792321450652643,7.8496591801558475,303128000
2010-08-10,7.787521839141846,7.818743489072425,7.7316839206976535,7.80073099872786,451920000
2010-08-11,7.510732173919678,7.675843371166375,7.4993250712847415,7.667137739780894,620054400
2010-08-12,7.5587639808654785,7.598090023822266,7.388549663459235,7.405661117512715,534920400
2010-08-13,7.478012561798096,7.561468003555876,7.47771195290484,7.554563618495556,354869200
2010-08-16,7.434179306030273,7.505327383691047,7.403558096875139,7.432378058432913,318430000
2010-08-17,7.564168453216553,7.644022180366808,7.481012037155399,7.507430341948491,422640400
2010-08-18,7.5971903800964355,7.645222864018994,7.552460585366971,7.575876812070718,339696000
2010-08-19,7.501427173614502,7.609499666277856,7.465403009393385,7.590286351160658,426706000
2010-08-20,7.494220733642578,7.622706547189391,7.475007422234622,7.486715934685582,384230000
2010-08-23,7.3789448738098145,7.565069860409545,7.362434633165466,7.558765892045438,414041600
2010-08-24,7.202725887298584,7.2948869386006505,7.164300064511682,7.284981276930102,602565600
2010-08-25,7.291586875915527,7.324609764531379,7.120772888278463,7.145989565234134,596867600
2010-08-26,7.213233947753906,7.377444145091125,7.213233947753906,7.368437903520178,466505200
2010-08-27,7.253460884094238,7.283181079888595,7.071538816017021,7.257363989510901,548391200
2010-08-30,7.279880523681641,7.377446163332071,7.225243444827857,7.227645109903797,383289200
2010-08-31,7.297891139984131,7.341720714754751,7.2153359282321325,7.260365533609081,420786800
2010-09-01,7.514935493469238,7.548857797641763,7.393354049804925,7.429077602115921,697037600
2010-09-02,7.570173740386963,7.570173740386963,7.462101234479995,7.542855205418794,415427600
2010-09-03,7.768303871154785,7.768603678305012,7.640117877094633,7.657829746036519,520788800
2010-09-07,7.739487648010254,7.791121833826048,7.692655989785941,7.704363703936093,342557600
2010-09-08,7.892889976501465,7.937019359044229,7.778212100417537,7.798626248570744,526551200
2010-09-09,7.8973917961120605,8.000960759691296,7.892889076521161,7.956531574965288,438575200
2010-09-10,7.907596588134766,7.940318852810646,7.847255994578971,7.900992013449205,387542400
2010-09-13,8.016571044921875,8.053796036156045,7.9781460232835535,7.979946469701538,388780000
2010-09-14,8.047192573547363,8.080514464490829,7.97094133248613,7.991655287017961,408150400
2010-09-15,8.112034797668457,8.116838927409404,8.04058689516872,8.05049416022268,429368800
2010-09-16,8.302663803100586,8.305665883654774,8.090421918473224,8.112637314574213,652103200
2010-09-17,8.266639709472656,8.344391584898869,8.215905755023886,8.336285567306776,634477200
2010-09-20,8.502596855163574,8.519107894477779,8.281048159214484,8.287952542455406,658677600
2010-09-21,8.51880931854248,8.626281404138343,8.489389728921033,8.521511592019698,668074400
2010-09-22,8.638290405273438,8.645194790704032,8.477982487704077,8.486988730629042,585289600
2010-09-23,8.67341423034668,8.788691743954134,8.5857558638748,8.595662331057172,786116800
2010-09-24,8.775477409362793,8.811802169766075,8.722342607346393,8.768873636219785,649488000
2010-09-27,8.740657806396484,8.847829282270029,8.736155086134527,8.82531487933656,482834800
2010-09-28,8.611572265625,8.75897083385142,8.255534280670595,8.75897083385142,1035042400
2010-09-29,8.626879692077637,8.70012884079897,8.585752398530666,8.622676780079454,469644000
2010-09-30,8.518209457397461,8.705835089241228,8.44315904433522,8.675815084341066,673391600
2010-10-01,8.481280326843262,8.603161538224578,8.446156400336394,8.590252998226859,448142800
2010-10-04,8.36480712890625,8.492691762473704,8.33868862521486,8.453666315441357,435302000
2010-10-05,8.674013137817383,8.689322545476845,8.460269020689346,8.46567356705232,501967200
2010-10-06,8.6815185546875,8.765575216673684,8.56353958095334,8.693526878292309,670868800
2010-10-07,8.682417869567871,8.720243279848695,8.613071818468747,8.716040367414873,408399600
2010-10-08,8.828019142150879,8.840927692498306,8.705838025694078,8.75717161810532,658403200
2010-10-11,8.866742134094238,8.923180450846239,8.843927923530188,8.84813083660072,427753200
2010-10-12,8.962203979492188,8.991023946087264,8.780581755651706,8.868240884131476,558544000
2010-10-13,9.010237693786621,9.064873951384754,9.00003062088146,9.012038941946356,630092400
2010-10-14,9.075383186340332,9.080185713964651,9.018043844253866,9.056770285504228,435296400
2010-10-15,9.448529243469238,9.456334650717334,9.15343162169602,9.229382234320877,922194000
2010-10-18,9.546393394470215,9.576412581902943,9.435018265108408,9.560502765277826,1093010800
2010-10-19,9.290922164916992,9.419407949287685,9.006632076032552,9.108099948994417,1232784000
2010-10-20,9.32214641571045,9.433821399111464,9.212273482130954,9.276215789098567,721624400
2010-10-21,9.291825294494629,9.448529857464793,9.21017032430133,9.377081958951525,551460000
2010-10-22,9.2302885055542,9.307439993916388,9.195165355408847,9.278320204981545,372778000
2010-10-25,9.27141284942627,9.354267865135425,9.259404527603078,9.278918451377573,392462000
2010-10-26,9.247699737548828,9.298433706454013,9.175650591706276,9.21227598166834,392929600
2010-10-27,9.241096496582031,9.303237581206519,9.174151279807303,9.23569274973992,399002800
2010-10-28,9.16334056854248,9.246195578908084,9.03305349165792,9.244694137965208,551051200
2010-10-29,9.035456657409668,9.182555421258389,9.032153967467615,9.133022286741541,430511200
2010-11-01,9.13151741027832,9.1741461432077,9.072077831543119,9.072678247522736,423889200
2010-11-02,9.287020683288574,9.311937544403257,9.216174006054892,9.216174006054892,433930000
2010-11-03,9.390291213989258,9.39269287794043,9.26210520627764,9.3473618716738,508348400
2010-11-04,9.5545015335083,9.611840058832474,9.457235745163402,9.4698444811105,642488000
2010-11-05,9.520277976989746,9.593527126630585,9.508870874474981,9.546095865302679,361253200
2010-11-08,9.565009117126465,9.599531837089007,9.509171226871722,9.522380379789167,281758400
2010-11-09,9.488759994506836,9.64546540976681,9.441328719905115,9.637959806763618,383544000
2010-11-10,9.547295570373535,9.56951015839713,9.41280480548892,9.505567063605053,384227200
2010-11-11,9.505871772766113,9.558406982997418,9.433822637018135,9.456337841634937,361284000
2010-11-12,9.247095108032227,9.50136527497549,9.115007594529208,9.486355676414844,795846800
2010-11-15,9.217377662658691,9.322448081243563,9.194262042310232,9.260006406551408,403606000
2010-11-16,9.053764343261719,9.234184912260325,8.98561834105541,9.177747420914214,657650000
2010-11-17,9.021048545837402,9.12581838050484,8.938793119124773,9.042062313911439,479449600
2010-11-18,9.25910472869873,9.296329724760488,9.146830126045375,9.162139533948286,494491200
2010-11-19,9.20806884765625,9.258202377354436,9.163339061541297,9.245293835161762,384843200
2010-11-22,9.407102584838867,9.407102584838867,9.182252014579362,9.206567658934254,393075200
2010-11-23,9.268112182617188,9.358774230543093,9.202969026569772,9.319747176101169,519447600
2010-11-24,9.450332641601562,9.46834512396492,9.358771995270445,9.366275993819771,413725200
2010-11-26,9.456338882446289,9.537393467663302,9.394497615976434,9.418513462786601,237585600
2010-11-29,9.512475967407227,9.530787458192933,9.347665335722336,9.471347860492573,445785200
2010-11-30,9.340758323669434,9.437123087985507,9.33235249963674,9.412506031889757,501858000
2010-12-01,9.498367309570312,9.53889420176795,9.456338976018804,9.464444194133575,461750800
2010-12-02,9.550902366638184,9.576418852990042,9.453036128183012,9.532289464228464,462837200
2010-12-03,9.529589653015137,9.565913637419648,9.49656755751143,9.51668110313175,342092800
2010-12-06,9.610939025878906,9.676382760843365,9.559003447284395,9.565608022700216,448481600
2010-12-07,9.552702903747559,9.726218364836146,9.550001431830216,9.720515613732294,391454000
2010-12-08,9.636758804321289,9.637059413215503,9.519680858697981,9.595330890580113,321935600
2010-12-09,9.59923267364502,9.68148727200389,9.577017278612182,9.670380776922883,294151200
2010-12-10,9.623248100280762,9.637957892842802,9.564408128409026,9.595929570541154,262511200
2010-12-13,9.656567573547363,9.758336867160954,9.636454843135049,9.737622919219376,439815600
2010-12-14,9.615145683288574,9.682691306824024,9.576419237210347,9.658374850286311,351008000
2010-12-15,9.617247581481934,9.696500119417694,9.582123632640652,9.606439287657144,417312000
2010-12-16,9.643963813781738,9.684791311423757,9.609441086691142,9.639160484456356,322030800
2010-12-17,9.624751091003418,9.660174842392154,9.613343184101108,9.655371513170127,386929200
2010-12-20,9.672783851623535,9.704005495025743,9.553304230483322,9.654471557747597,385610400
2010-12-21,9.732518196105957,9.738221745938976,9.667975495500812,9.696494046289219,256354000
2010-12-22,9.761340141296387,9.778151790099399,9.713007853423033,9.737324301772764,265921600
2010-12-23,9.714510917663574,9.761041965226529,9.701602371701643,9.75653924507077,223157200
2010-12-27,9.746929168701172,9.769744975478462,9.65206585065544,9.691993111703969,249816000
2010-12-28,9.770646095275879,9.806369643273653,9.758337968627512,9.78385444507301,175924000
2010-12-29,9.765243530273438,9.800066859325964,9.759539177023333,9.793161673983581,163139200
2010-12-30,9.716309547424316,9.771846020331244,9.697997261236589,9.770945797192178,157494400
2010-12-31,9.68328857421875,9.710906910233263,9.645762972804901,9.694996286101372,193508000
2011-01-03,9.893731117248535,9.914445073712534,9.751736304388865,9.77575214888209,445138400
2011-01-04,9.94536304473877,9.981687008378735,9.851099340980749,9.979885760474183,309080800
2011-01-05,10.026717185974121,10.036924258026973,9.89162679176862,9.893128232588143,255519600
2011-01-06,10.0186128616333,10.064242875029139,9.99369599809402,10.04833225161674,300428800
2011-01-07,10.090361595153809,10.097265979140396,9.963676209376015,10.026418486195487,311931200
2011-01-10,10.280387878417969,10.303803301238423,10.121882059530211,10.171714985228041,448560000
2011-01-11,10.256072998046875,10.355738856882967,10.190929058383762,10.353337994281711,444108000
2011-01-12,10.339529037475586,10.33982964635659,10.266881089609374,10.304406697442811,302590400
2011-01-13,10.37735366821289,10.40617364067416,10.322417599767652,10.361743651419992,296780400
2011-01-14,10.46141242980957,10.46141242980957,10.340131561046737,10.383660534136817,308840000
2011-01-18,10.226353645324707,10.349736359014297,9.78655883379426,9.8922296717921,1880998000
2011-01-19,10.172016143798828,10.465011958577657,10.11317697475024,10.457506357217957,1135612800
2011-01-20,9.98709487915039,10.15580782781168,9.910243206711598,10.099670114023334,764789200
2011-01-21,9.808175086975098,10.05313929765727,9.805472813125892,10.019816597675769,754401200
2011-01-24,10.130289077758789,10.130289077758789,9.808172663482999,9.81267618491097,574683200
2011-01-25,10.24886703491211,10.250068668628302,10.043830165648314,10.096665976100567,546868000
2011-01-26,10.322417259216309,10.374952463180186,10.251870374681992,10.29569914477362,506875600
2011-01-27,10.303203582763672,10.347633568990512,10.291796479398622,10.320315039434815,285026000
2011-01-28,10.089762687683105,10.338930603803945,10.01261201077967,10.332026218236482,592057200
2011-01-31,10.186426162719727,10.208041142070604,10.03572573147478,10.08075533520853,377246800
2011-02-01,10.357839584350586,10.376451678439752,10.236258151909821,10.245864807761512,426633200
2011-02-02,10.336527824401855,10.364445972576664,10.313412203740622,10.340430930137726,258955200
2011-02-03,10.31010627746582,10.334122915612523,10.163308184099563,10.320913764631838,393797600
2011-02-04,10.401968002319336,10.407972161675453,10.312207824003917,10.316110126773687,321840400
2011-02-07,10.56347942352295,10.604605921725348,10.436193617015311,10.4436984173461,485021600
2011-02-08,10.663142204284668,10.672748858968827,10.571581582508122,10.617512197781682,381040800
2011-02-09,10.752002716064453,10.777220185921903,10.653237098138113,10.662842951698474,482745200
2011-02-10,10.643327713012695,10.807238027925996,10.446995744938986,10.728885766256944,928550000
2011-02-11,10.71268081665039,10.741199382820827,10.613313942724462,10.649638720873977,367572800
2011-02-14,10.782626152038574,10.791631592175701,10.708476765600615,10.710878430070156,310416400
2011-02-15,10.804239273071289,10.806341130088226,10.733692390243101,10.782924903802286,284174800
2011-02-16,10.901203155517578,10.95433796236827,10.822249661516938,10.831255099030678,481157600
2011-02-17,10.756210327148438,10.815350121526969,10.702774085965476,10.724689678490243,530583200
2011-02-18,10.52385139465332,10.79223093962523,10.492629761959982,10.768514907910317,816057200
2011-02-22,10.16511344909668,10.368950336991919,10.13839613103525,10.271384710022714,872555600
2011-02-23,10.285492897033691,10.346132515690277,10.16511147814972,10.169915608369546,671854400
2011-02-24,10.293298721313477,10.361444751393691,10.157908487806857,10.327522441607732,499900800
2011-02-25,10.451802253723145,10.45990746845349,10.350934776292146,10.36474354188852,380018800
2011-02-28,10.60340690612793,10.658643588577501,10.54066462100551,10.544267117898789,403074000
2011-03-01,10.486327171325684,10.678756119932675,10.43739446225017,10.671251319592502,456136800
2011-03-02,10.570684432983398,10.637629629920356,10.459009436210666,10.505841093340827,602590800
2011-03-03,10.794032096862793,10.800936480146287,10.684758788225897,10.722884803940085,500788400
2011-03-04,10.807243347167969,10.815948980166427,10.739697735558112,10.809344402793103,453266800
2011-03-07,10.667946815490723,10.857373637178345,10.546365392330133,10.849267621110462,546123200
2011-03-08,10.67995834350586,10.729191667853398,10.574587309663258,10.654441057076518,356316800
2011-03-09,10.58118724822998,10.649933667161273,10.525050364971786,10.647831810674631,453306000
2011-03-10,10.407073974609375,10.500136866757396,10.35393835225461,10.480622942717536,507539200
2011-03-11,10.566780090332031,10.576687356258983,10.356940686887881,10.366846349567655,471080400
2011-03-14,10.613913536071777,10.701572688480873,10.546368724984735,10.602505629513747,435957200
2011-03-15,10.369850158691406,10.442198297245069,10.209842869679912,10.269882878559407,721081200
2011-03-16,9.906938552856445,10.296900390991174,9.794363340299299,10.266880387750843,1162011200
2011-03-17,10.045931816101074,10.195131593237393,9.926451430211099,10.111675367762247,659422400
2011-03-18,9.926751136779785,10.152802560725858,9.906637600657374,10.120680704045729,753214000
2011-03-21,10.185824394226074,10.1990327448965,10.064542764397702,10.086458349697136,409402000
2011-03-22,10.242864608764648,10.285494155271097,10.181023348770289,10.283692906827163,325922800
2011-03-23,10.182520866394043,10.213441083665108,10.085255091147697,10.185222337207158,372996400
2011-03-24,10.356040000915527,10.386961028596385,10.172617295194748,10.262377496177525,404712000
2011-03-25,10.553267478942871,10.568877488490815,10.417575909786093,10.449097339223993,448910000
2011-03-28,10.52025032043457,10.636729448392416,10.52025032043457,10.601605505000624,309355200
2011-03-29,10.535858154296875,10.535858154296875,10.388760249744651,10.436791924104106,352900800
2011-03-30,10.465911865234375,10.533458267310586,10.430188314142255,10.526252473379001,329406000
2011-03-31,10.462311744689941,10.501037381736435,10.388762774539128,10.397768214655468,274019200
2011-04-01,10.343732833862305,10.554774715577377,10.305907415541023,10.54036552865064,418661600
2011-04-04,10.242562294006348,10.344931218116304,10.158806265927065,10.336225586913708,460084800
2011-04-05,10.173516273498535,10.274383758939406,10.086758163569229,10.116478355438515,482731200
2011-04-06,10.14799690246582,10.323914750126999,10.120978989037953,10.243461425733424,402539200
2011-04-07,10.149202346801758,10.21974843468762,10.087660095777107,10.149801961293583,373447200
2011-04-08,10.058541297912598,10.211343594749463,10.025219405338444,10.204439210108847,377535200
2011-04-11,9.93065357208252,10.076850456084268,9.90723815019756,10.028518171534122,398946800
2011-04-12,9.978690147399902,10.018616624523114,9.91264516328714,9.921350797867783,425639200
2011-04-13,10.09066104888916,10.090960856077757,9.982287964822842,10.057338361662454,346220000
2011-04-14,9.979289054870605,10.086761148264047,9.968482365048747,10.050736978402426,301800800
2011-04-15,9.830389022827148,10.015913617422756,9.810576090180433,10.005706542192517,453605600
2011-04-18,9.962174415588379,9.973582319585486,9.611239680724106,9.789559224561394,609898800
2011-04-19,10.142595291137695,10.146196985326819,9.957970988048569,9.999699497065881,419378400
2011-04-20,10.27918815612793,10.379455235983237,10.251870427096037,10.312210238695563,700666400
2011-04-21,10.528050422668457,10.661039725002237,10.462606699623084,10.65713662124658,753810400
2011-04-25,10.597399711608887,10.619615102759289,10.516044549155449,10.517246182732993,266546000
2011-04-26,10.519648551940918,10.65684000458661,10.487526695827482,10.615712709837295,338800000
2011-04-27,10.511542320251465,10.577587279181586,10.419981685166205,10.574284590342153,356213200
2011-04-28,10.409475326538086,10.499534525303481,10.372550141193434,10.3926636775563,360959200
2011-04-29,10.510948181152344,10.625624491355925,10.40707776142127,10.410380451981116,1006345200
2011-05-02,10.395365715026855,10.52115007554045,10.371950290007723,10.49923528987893,442713600
2011-05-03,10.4530029296875,10.503736879519748,10.37555086852613,10.44669896246601,313348000
2011-05-04,10.494129180908203,10.561974574096121,10.413374445109094,10.454802340423699,389250400
2011-05-05,10.409475326538086,10.535559487407312,10.388460765310853,10.45900764537199,335969200
2011-05-06,10.40677261352539,10.507039682270692,10.393263654119444,10.497733634932475,280134400
2011-05-09,10.434995651245117,10.483028150128295,10.40287378234297,10.442800260953668,204747200
2011-05-10,10.490531921386719,10.49773691575458,10.406775865919746,10.473720267861712,282091600
2011-05-11,10.423884391784668,10.507040815659519,10.36414499643666,10.477621229635448,336000000
2011-05-12,10.404069900512695,10.420581740891977,10.274984472011107,10.39056174330174,322000000
2011-05-13,10.221851348876953,10.394466590995732,10.2173486283571,10.37675551619323,326116000
2011-05-16,10.005709648132324,10.243469723440118,9.984695074958553,10.182829272672382,449775200
2011-05-17,10.090961456298828,10.090961456298828,9.92855252575689,9.966678543256915,452334400
2011-05-18,10.202936172485352,10.238359916770488,10.086758475907931,10.100867851856396,334776400
2011-05-19,10.222752571105957,10.27919008963782,10.166914667139485,10.26928362332885,261170000
2011-05-20,10.063344955444336,10.235360573938312,10.057340793985327,10.193632052610049,337968400
2011-05-23,10.038727760314941,10.086159833588306,9.889228150086964,9.9057391930684,383600000
2011-05-24,9.972384452819824,10.083759649849641,9.94686716605062,10.071751326282078,321927200
2011-05-25,10.110176086425781,10.163612323239946,9.99219711623189,10.009608383312653,294224000
2011-05-26,10.056736946105957,10.113475050096893,10.039625492598695,10.08585671843355,222560800
2011-05-27,10.129090309143066,10.135694887914987,10.036028194955698,10.050737992317602,203599200
2011-05-31,10.44189453125,10.44189453125,10.236856896760495,10.23985977808257,417754400
2011-06-01,10.3722505569458,10.570983474441702,10.346434268134985,10.47311885755331,554682800
2011-06-02,10.389962196350098,10.446400506323414,10.33592635232366,10.401970517966465,338783200
2011-06-03,10.31010627746582,10.366844382652252,10.267177739213745,10.302301671691579,313250000
2011-06-06,10.14799690246582,10.418478248747885,10.141092520542186,10.377951378606085,461941200
2011-06-07,9.967883110046387,10.153407741609644,9.963680195878815,10.151907101647467,529785200
2011-06-08,9.973884582519531,10.050736246175276,9.92615350283815,9.960075812746569,333723600
2011-06-09,9.951367378234863,10.016811116663103,9.929151987024023,10.004202381111003,275088800
2011-06-10,9.783557891845703,9.956473741654118,9.77184937565336,9.923151044844621,433955200
2011-06-13,9.804571151733398,9.855905529478166,9.758640519270767,9.8225828343835,329473200
2011-06-14,9.979887008666992,10.004203457608005,9.885923901952747,9.906637854634088,334569200
2011-06-15,9.809074401855469,9.91564545850662,9.75293589490264,9.89913441585826,399196000
2011-06-16,9.761340141296387,9.86701095747328,9.556303278055498,9.813575534167922,510591200
2011-06-17,9.614243507385254,9.884125360297105,9.587225581854417,9.876319950230236,615020000
2011-06-20,9.465941429138184,9.537389323939545,9.321244391685507,9.527182252789798,640645600
2011-06-21,9.765542030334473,9.780551627855315,9.462339182230805,9.506769162074463,493382400
2011-06-22,9.684786796569824,9.873613985339666,9.677881613071788,9.76133781794723,390583200
2011-06-23,9.943565368652344,9.957374139257361,9.55000177880571,9.574617239096447,559759200
2011-06-24,9.797065734863281,10.001202400724202,9.75924032188994,9.947766970651935,439807200
2011-06-27,9.967883110046387,10.023721025220215,9.824087011192065,9.834294088456168,339813600
2011-06-28,10.064545631408691,10.10777479506153,10.009909361876051,10.016213331000348,294299600
2011-06-29,10.027918815612793,10.09786527588839,9.963074688926337,10.087958812652786,352545200
2011-06-30,10.076852798461914,10.09066317100574,9.991896722179431,10.047733818739692,322954800
2011-07-01,10.304704666137695,10.311908856888536,10.032721815369591,10.085257015664142,435313200
2011-07-05,10.48992919921875,10.50193752052543,10.281890243133832,10.296899843143597,355054000
2011-07-06,10.55987548828125,10.630123365114365,10.408274041653023,10.475519036586638,444626000
2011-07-07,10.723186492919922,10.7472023358422,10.627121517983511,10.64723585860255,399663600
2011-07-08,10.798538208007812,10.807244643674414,10.573087136634804,10.607310058233052,489633200
2011-07-11,10.627119064331055,10.800336267442367,10.591695323428304,10.697366931784998,442674400
2011-07-12,10.619614601135254,10.737593529368262,10.465610715981633,10.613009224076379,451609200
2011-07-13,10.747800827026367,10.807240403951326,10.698566718197158,10.75710607199184,391638800
2011-07-14,10.7402982711792,10.855575763561518,10.697369720210473,10.837563279615683,430533600
2011-07-15,10.954943656921387,10.957345321848532,10.782328399213762,10.842368419144778,484467200
2011-07-18,11.221517562866211,11.247034038253457,10.965745980057564,10.970248698861564,572653200
2011-07-19,11.313081741333008,11.367117586611469,11.207110304672208,11.347604464344553,819145600
2011-07-20,11.614786148071289,11.896075147344884,11.587768218605781,11.891572426308574,941340400
2011-07-21,11.62648868560791,11.70964348728438,11.524720188242243,11.61628161466861,526534400
2011-07-22,11.80691146850586,11.859446670411684,11.640299622044187,11.657411078646387,516728800
2011-07-25,11.963020324707031,12.00804993982236,11.696441123364972,11.718355113865883,589806000
2011-07-26,12.110414505004883,12.1431367776466,11.998439721713403,12.00804557651658,476582400
2011-07-27,11.785597801208496,12.087300070300678,11.7723886473306,12.025758623986802,659324400
2011-07-28,11.762478828430176,11.917682734929748,11.651704897953467,11.756475470912173,594034000
2011-07-29,11.722257614135742,11.86245199437327,11.527727570609366,11.637000916648423,632584400
2011-08-01,11.910481452941895,11.993035855605692,11.778992740519213,11.941401677632603,612836000
2011-08-02,11.675125122070312,11.945006174374148,11.658314271179037,11.937501373170386,639539600
2011-08-03,11.784996032714844,11.814415615897724,11.474888775638162,11.737263360218261,732508000
2011-08-04,11.328688621520996,11.747468711349432,11.328088205592508,11.690130994237254,871407600
2011-08-05,11.216116905212402,11.512716875338485,10.884395395592607,11.42085480658533,1204590800
2011-08-08,10.60340690612793,11.040499441404553,10.59770255190172,10.8579769402635,1143833600
2011-08-09,11.227826118469238,11.245838604294029,10.657142951088682,10.8462700441302,1082583600
2011-08-10,10.91801643371582,11.247036427291915,10.882292879611404,11.141966018810312,878656800
2011-08-11,11.21851921081543,11.271054421353385,10.948937971608716,11.12305464648812,741969200
2011-08-12,11.317282676696777,11.396834989666845,11.234426873347427,11.349703536900542,528976000
2011-08-15,11.510011672973633,11.55684331966869,11.350304222381272,11.396535453072246,460544000
2011-08-16,11.422053337097168,11.508812257933851,11.289364590351914,11.45327497315356,498750000
2011-08-17,11.420851707458496,11.543333363728184,11.347602559444862,11.476989400456599,442061200
2011-08-18,10.98886489868164,11.18699902933103,10.84837072065605,11.132661766471502,851435200
2011-08-19,10.688060760498047,11.017382129861403,10.687160537290215,10.872384468389793,775888400
2011-08-22,10.700368881225586,10.953739628836361,10.659842002804814,10.942631531789983,535315200
2011-08-23,11.215517044067383,11.216717876354712,10.717182867557716,10.816249126391247,656835200
2011-08-24,11.29296875,11.37642418633917,11.125455857950517,11.211613567658683,626267600
2011-08-25,11.21911907196045,11.271053863780953,10.957343255631123,10.959744920105388,871346000
2011-08-26,11.515117645263672,11.521721420852394,11.131459767072545,11.142567064299705,641477200
2011-08-29,11.70694637298584,11.752877808493855,11.647807385182283,11.653210329007965,405269200
2011-08-30,11.70754337310791,11.763080649364195,11.594067156651926,11.655307983962084,417922400
2011-08-31,11.552642822265625,11.770288458683602,11.463483031082545,11.724958243336008,522586400
2011-09-01,11.438569068908691,11.62799599699112,11.42926301734753,11.582365962796574,343725200
2011-09-02,11.229025840759277,11.347605221699943,11.16238125304353,11.249738994974454,438939200
2011-09-06,11.399842262268066,11.417553338354788,11.001774323917566,11.028492444944561,509698000
2011-09-07,11.525626182556152,11.575759732527604,11.46768642040654,11.57455890013462,350576800
2011-09-08,11.531929016113281,11.666119217130717,11.476992141980217,11.479693613786504,416158400
2011-09-09,11.331995010375977,11.58776586644638,11.258144628679581,11.525624801614272,564813200
2011-09-12,11.405845642089844,11.434063599298273,11.164483147507301,11.197506037402508,467832400
2011-09-13,11.546338081359863,11.59406915640927,11.415149169881841,11.471887287896084,440560400
2011-09-14,11.6868314743042,11.774190011525103,11.580560231020062,11.618385643146526,534724400
2011-09-15,11.79670238494873,11.817716943103328,11.704841149886057,11.750771767417394,417818800
2011-09-16,12.023055076599121,12.023055076599121,11.85884570358606,11.874155911328344,698513200
2011-09-19,12.357177734375,12.405210209658536,11.86394844729984,11.917983478949857,823860800
2011-09-20,12.411819458007812,12.694309261992299,12.343974032081295,12.465855311624574,775754000
2011-09-21,12.372492790222168,12.656182610972127,12.368289877117702,12.597643238024052,605976000
2011-09-22,12.062679290771484,12.302840841109587,11.908976828438202,12.0389640651488,968480800
2011-09-23,12.13713264465332,12.210381796824523,12.00354288410155,12.016451427892182,546277200
2011-09-26,12.103211402893066,12.127527854959013,11.746872852461008,12.003844539019578,812876400
2011-09-27,11.98582935333252,12.285729502400173,11.949805198260426,12.27011948945554,632497600
2011-09-28,11.91828727722168,12.120322078137406,11.903276073557272,12.013750227706742,429637600
2011-09-29,11.724954605102539,12.074388667851132,11.594066334340068,12.065683037485435,651086800
2011-09-30,11.447271347045898,11.674524434256337,11.44306843430354,11.621388009682608,547640800
2011-10-03,11.24553108215332,11.486893451289786,11.202603351660226,11.41874825434692,669099200
2011-10-04,11.182496070861816,11.461683212479318,10.634329665440614,11.244637949935624,1233677200
2011-10-05,11.355108261108398,11.402238912992832,10.816246525298784,11.043198963284176,786469600
2011-10-06,11.328688621520996,11.551137512473996,11.161476392742165,11.207407008836459,812582400
2011-10-07,11.101441383361816,11.339801002538666,11.062115324838823,11.280961818397696,535458000
2011-10-10,11.672120094299316,11.672120094299316,11.353906823792615,11.38032512821753,442514800
2011-10-11,12.01675033569336,12.103509242813224,11.752874324929184,11.784995377588759,605687600
2011-10-12,12.073793411254883,12.285734718431335,12.012251953207137,12.228396975406222,622286000
2011-10-13,12.261116027832031,12.261116027832031,12.093603158696217,12.157545463076753,426185200
2011-10-14,12.668489456176758,12.668489456176758,12.46645305967101,12.513285512263355,573367200
2011-10-17,12.608148574829102,12.80958374934086,12.48656632956797,12.660683776420935,686044800
2011-10-18,12.675694465637207,12.752846731748594,12.48806884405444,12.66128447929383,881602400
2011-10-19,11.966623306274414,12.2608200635329,11.942006239240126,12.048578122950877,1104059600
2011-10-20,11.8672513961792,12.018553035701467,11.834230116367173,12.008046155539882,549270400
2011-10-21,11.793999671936035,11.982226457071889,11.730357187148506,11.951005630602975,621244400
2011-10-24,12.181262016296387,12.2031759988766,11.869953921294053,11.893369344755593,502138000
2011-10-25,11.941100120544434,12.204677138896194,11.92939321072579,12.159046323530088,430427200
2011-10-26,12.026055335998535,12.084594682916917,11.802404825602403,12.060877854418475,456304800
2011-10-27,12.14884090423584,12.278228568587165,12.064785055847064,12.234998609767917,494664800
2011-10-28,12.156646728515625,12.198675054956743,12.083397565707187,12.09810735971803,322842800
2011-10-31,12.151541709899902,12.288133549267586,12.039566125818807,12.080694222527603,385501200
2011-11-01,11.903275489807129,11.993035685550156,11.804509854904866,11.930294212155541,531790000
2011-11-02,11.930294036865234,12.021255063376156,11.861246993501805,12.010748183429046,327350800
2011-11-03,12.10020923614502,12.110115701249903,11.868754033917428,11.980128417783119,441386400
2011-11-04,12.015251159667969,12.111315323788283,11.982829494257068,12.068987194261968,302229200
2011-11-07,11.9999418258667,12.00804784456955,11.891870127147998,12.005346372751056,270275600
2011-11-08,12.19507122039795,12.248207639952934,12.054877680182631,12.074390800974463,400442000
2011-11-09,11.866350173950195,12.034763256068189,11.834829536118972,11.917084123943845,558684000
2011-11-10,11.564350128173828,11.92429116811398,11.472188259592869,11.91888742313834,744752400
2011-11-11,11.546338081359863,11.668819757105949,11.415449778738356,11.60607747819756,653786000
2011-11-14,11.385429382324219,11.565250387581598,11.353608132308853,11.513314798454342,432905200
2011-11-15,11.672719955444336,11.692832686995281,11.391131292626662,11.431658166133621,430810800
2011-11-16,11.550840377807617,11.74206848634652,11.537330615479199,11.685330370412087,349210400
2011-11-17,11.329894065856934,11.545138053295396,11.272555523778433,11.527125568107722,479900400
2011-11-18,11.255741119384766,11.407342558680776,11.253939871306327,11.375221503717256,371938000
2011-11-21,11.07772445678711,11.157878002917304,10.984661563559927,11.119451372114945,447980400
2011-11-22,11.302874565124512,11.345503305839776,11.135662291566303,11.138063955923423,409021200
2011-11-23,11.017082214355469,11.282760304677314,11.013779525264042,11.242833038107953,428271200
2011-11-25,10.91441822052002,11.141970391373043,10.906912615808972,11.06001556885476,254760800
2011-11-28,11.29116439819336,11.309176878235768,11.117348374713377,11.177988787609149,346413200
2011-11-29,11.203509330749512,11.372522877080005,11.113449309171,11.282762662777792,375855200
2011-11-30,11.473688125610352,11.476089789882073,11.356609397234715,11.446370396954908,405938400
2011-12-01,11.64570426940918,11.677825328118569,11.430159700627692,11.483895738799022,387181200
2011-12-02,11.698837280273438,11.816816211153968,11.665214788016451,11.702739583215694,379055600
2011-12-05,11.798205375671387,11.900274503805981,11.719553275771492,11.812615361278226,357210000
2011-12-06,11.736363410949707,11.846838357309435,11.68923275661652,11.783195059702965,283598000
2011-12-07,11.680524826049805,11.736062099313877,11.61057756990161,11.705741494473584,304746400
2011-12-08,11.727659225463867,11.872956716260596,11.714750680028734,11.75137526078017,376356400
2011-12-09,11.816516876220703,11.82912561278513,11.738765004798909,11.793402061621222,296993200
2011-12-12,11.763081550598145,11.824922798632153,11.691333838850296,11.758278222343304,301067200
2011-12-13,11.672120094299316,11.869953562175555,11.620785727908896,11.797904442640206,338928800
2011-12-14,11.413350105285645,11.629195321797086,11.337999875706704,11.608781170851232,406887600
2011-12-15,11.375823974609375,11.519920640419151,11.356911267181252,11.507612510471649,256200000
2011-12-16,11.438265800476074,11.532228922723482,11.394736832577866,11.418452869396129,421478400
2011-12-19,11.47398853302002,11.553241849348275,11.422052944867621,11.481793941766082,235530400
2011-12-20,11.886467933654785,11.890971456105119,11.625593098913008,11.640602702750678,337215200
2011-12-21,11.901476860046387,11.926994145347786,11.768186880984745,11.90868105214879,262948000
2011-12-22,11.964517593383789,11.981929659578116,11.890968628173649,11.917985748331441,202358800
2011-12-23,12.108013153076172,12.115818561624119,11.992735677854071,11.998739838275569,269399200
2011-12-27,12.204080581665039,12.280932252384304,12.098709542121542,12.101112008556774,265076000
2011-12-28,12.087297439575195,12.255709705934635,12.048271204144294,12.214883024263123,228662000
2011-12-29,12.161750793457031,12.17766222253708,12.023359277262237,12.110116606852968,215978000
2011-12-30,12.1581449508667,12.196570770443696,12.112814748604471,12.113414362937288,179662000
2012-01-03,12.345175743103027,12.38330177290338,12.2782313375048,12.290239662107085,302220800
2012-01-04,12.411517143249512,12.448742941750757,12.286633799933435,12.308247978084713,260022000
2012-01-05,12.549307823181152,12.564917837783055,12.388399539351715,12.45684616271655,271269600
2012-01-06,12.680495262145996,12.69100214094469,12.585031526555946,12.601542565132027,318292800
2012-01-09,12.660384178161621,12.841105414322808,12.648976272376549,12.77356060781236,394024400
2012-01-10,12.70571231842041,12.78856812262401,12.653476928390274,12.785865849830179,258196400
2012-01-11,12.685001373291016,12.694007615365475,12.587736363757902,12.688903677378107,215084800
2012-01-12,12.650178909301758,12.695509128426671,12.570925576840777,12.676897028482514,212587200
2012-01-13,12.60274600982666,12.62195932631961,12.568223284188916,12.599444923489962,226021600
2012-01-17,12.749543190002441,12.788269624899316,12.697307794623635,12.734532788564975,242897200
2012-01-18,12.88193130493164,12.892737991655085,12.79757485828217,12.817387785294754,276791200
2012-01-19,12.841108322143555,12.949780453262619,12.803883317512742,12.913156666485525,261738400
2012-01-20,12.617457389831543,12.833602417793637,12.600946344707651,12.833302610497608,413974400
2012-01-23,12.830899238586426,12.862120877656666,12.677496523153627,12.688603820857162,306062400
2012-01-24,12.620756149291992,12.76155090237645,12.594939061674701,12.76155090237645,547638000
2012-01-25,13.408788681030273,13.642644791105711,13.320829707143169,13.642344983801756,958314000
2012-01-26,13.347846031188965,13.47272857675306,13.303116232425712,13.459820832533882,323985200
2012-01-27,13.427399635314941,13.463423802365517,13.322029407625628,13.339140065310367,299709200
2012-01-30,13.59941291809082,13.626131032699178,13.370660004173336,13.380265859779456,379341200
2012-01-31,13.703581809997559,13.756416819617858,13.601212876625818,13.676863696347967,391683600
2012-02-01,13.694876670837402,13.778933318358819,13.675664959623205,13.761522053751778,270046000
2012-02-02,13.662755966186523,13.724296611601822,13.62853305054148,13.686171392167777,186796400
2012-02-03,13.799647331237793,13.809253988509592,13.675964825357811,13.728200222649608,286599600
2012-02-06,13.928430557250977,13.958751163194517,13.755215758914467,13.76061870106917,249412800
2012-02-07,14.074331283569336,14.101950422456785,13.946744874289534,13.966859213204142,316223600
2012-02-08,14.309986114501953,14.313287199659063,14.100444964495251,14.124461601529486,407890000
2012-02-09,14.805022239685059,14.912494320516656,14.4264682922895,14.432472453501934,884214800
2012-02-10,14.812524795532227,14.938608955390498,14.666326297848823,14.738676028682136,631302000
2012-02-13,15.088117599487305,15.125042001162562,14.922705707079626,14.995954895727062,517216000
2012-02-14,15.294051170349121,15.297052449650261,15.070101544718819,15.149954492449558,460398400
2012-02-15,14.940114974975586,15.799288887638708,14.916697942252151,15.438147772812615,1506120000
2012-02-16,15.076406478881836,15.156860649571126,14.608692661955129,14.754891206672072,944552000
2012-02-17,15.073697090148926,15.243310976875705,15.019060044137223,15.103416475163712,535805200
2012-02-21,15.455855369567871,15.455855369567871,15.133739007605683,15.216594810239663,605595200
2012-02-22,15.401520729064941,15.475069695566614,15.282340140011323,15.402721561237362,483302400
2012-02-23,15.50208568572998,15.54531563854915,15.295247580363311,15.462759639420032,568027600
2012-02-24,15.682808876037598,15.697518669360802,15.569634050917335,15.600554276969797,415072000
2012-02-27,15.783381462097168,15.865636082500197,15.498790575962847,15.649790852116027,547582000
2012-02-28,16.07306480407715,16.07306480407715,15.786072443693007,15.84941511278649,600387200
2012-02-29,16.284114837646484,16.4393204233641,16.08178018690511,16.257698127740497,952011200
2012-03-01,16.345050811767578,16.45732780622954,16.173936253658663,16.456125370938793,683270000
2012-03-02,16.366371154785156,16.41500246305664,16.286516600260835,16.338152394461865,431712400
2012-03-05,16.005525588989258,16.43541225989742,15.790579848664475,16.373571811353703,809124400
2012-03-06,15.918472290039062,16.021440877651493,15.496989675742537,15.720339724927046,810238800
2012-03-07,15.931379318237305,16.144221650547273,15.709529941305073,16.114802058375954,798520800
2012-03-08,16.270599365234375,16.300618557422354,15.974300126468913,16.05145156667773,516457200
2012-03-09,16.366069793701172,16.4432212655127,16.304227731397315,16.337249818278618,418919200
2012-03-12,16.57110595703125,16.57110595703125,16.421003535610172,16.480443927755204,407282400
2012-03-13,17.054426193237305,17.056827857251935,16.683676926402253,16.737414559541325,690855200
2012-03-14,17.699262619018555,17.853565559297895,17.273576392466577,17.35313113042012,1418844000
2012-03-15,17.578584671020508,18.012375394276404,17.368143984529596,18.000367069195327,1159718000
2012-03-16,17.578880310058594,17.687853028646483,17.35162802233989,17.553363026123847,825487600
2012-03-19,18.045095443725586,18.06520818330889,17.683353112524287,17.963140639260118,901236000
2012-03-20,18.190998077392578,18.219215239026003,17.7563062894384,17.997367425170125,816662000
2012-03-21,18.08711814880371,18.30176246685422,18.054397479798453,18.094323141038,644042000
2012-03-22,17.99226188659668,18.147166067055743,17.877884599125995,17.945429420773294,623870800
2012-03-23,17.893489837646484,18.066105040548507,17.843955915063116,18.026778992288296,430488800
2012-03-26,18.221599578857422,18.22670431506289,17.869765576022527,18.005754530069026,595742000
2012-03-27,18.446762084960938,18.500797929198036,18.19399252531623,18.197595021815186,607129600
2012-03-28,18.541027069091797,18.656003956133098,18.32157937519858,18.563841279544253,655460400
2012-03-29,18.308067321777344,18.509202689950865,18.229115417064854,18.39572646163032,608238400
2012-03-30,17.99856185913086,18.32908250247211,17.950228764281746,18.275346464390122,731038000
2012-04-02,18.57134437561035,18.575546486288076,18.023476359878167,18.06700612218677,598351600
2012-04-03,18.892263412475586,18.97902315320713,18.687826905413917,18.831622177449624,834559600
2012-04-04,18.74186134338379,18.788392393274737,18.522413646180773,18.74306217570189,572980800
2012-04-05,19.023151397705078,19.052570988330135,18.71454390016683,18.822015989428962,641298000
2012-04-09,19.09969711303711,19.20807020160078,18.771578172088653,18.796494234716146,597536800
2012-04-10,18.865846633911133,19.332959216538754,18.79259746048262,19.210777325061485,889725200
2012-04-11,18.79859161376953,19.11890587170934,18.71273294418256,19.098793142077604,696614800
2012-04-12,18.695619583129883,18.952592744895895,18.627473589850094,18.762564744767122,614336800
2012-04-13,18.1690731048584,18.75356568028033,18.11743892993345,18.735853006723513,859644800
2012-04-16,17.415563583374023,18.320668392918908,17.35912609919544,18.314064620481783,1050786800
2012-04-17,18.303264617919922,18.3122700573331,17.16880530971202,17.379847149077197,1025528000
2012-04-18,18.262435913085938,18.61997602736458,18.093421613963677,18.423943809737217,954531200
2012-04-19,17.635019302368164,18.154067445294498,17.547360146905767,18.0186764079017,834719200
2012-04-20,17.200929641723633,17.850565522963567,17.124077973492547,17.753299704495987,1030985200
2012-04-23,17.162504196166992,17.31170562403588,16.70980158520198,17.129783515960504,966529200
2012-04-24,16.819669723510742,17.042118649935354,16.661163099607897,16.88961618627482,1076149200
2012-04-25,18.312271118164062,18.552432749982238,18.192191103878613,18.481585252969314,905777600
2012-04-26,18.24321937561035,18.453060322580264,18.076007155683133,18.4404507871261,536068400
2012-04-27,18.10213279724121,18.197598169352005,18.02708317873624,18.16427627340859,406722400
2012-04-30,17.531150817871094,17.964042075458245,17.501731226017768,17.94602958965595,506144800
2012-05-01,17.47561264038086,17.914806221626037,17.44859471590417,17.558768271097232,610999200
2012-05-02,17.591190338134766,17.633819085041562,17.377446989048035,17.41887490360186,427389200
2012-05-03,17.4663028717041,17.753896541230546,17.42067285627116,17.72687862126723,390549600
2012-05-04,16.968868255615234,17.362431712007805,16.966466591694182,17.32400669251791,529992400
2012-05-07,17.095853805541992,17.194620232407583,16.848187418792065,16.856293435515532,460118400
2012-05-08,17.056821823120117,17.156487637974777,16.773132175551744,17.098849325261195,497252000
2012-05-09,17.086849212646484,17.230947468480107,16.83678272933393,16.92234001660416,480704000
2012-05-10,17.1270751953125,17.287983487855964,17.064635133523435,17.24895724680247,333200000
2012-05-11,17.012697219848633,17.245653802224428,16.94184973992608,16.961362857783907,399546000
2012-05-14,16.757831573486328,17.036718067826833,16.73921947402844,16.88841928345651,352626400
2012-05-15,16.60622787475586,16.907930142908004,16.563599134451806,16.85479532357832,476336000
2012-05-16,16.393386840820312,16.717904945030295,16.242085182673332,16.632647457884318,560896000
2012-05-17,15.914265632629395,16.43601521304817,15.914265632629395,16.370270850785484,717220000
2012-05-18,15.92206859588623,16.313230436361405,15.675904426756675,16.029540664671966,732292400
2012-05-21,16.849693298339844,16.857499510306113,16.032245507162724,16.04575607365271,631106000
2012-05-22,16.720308303833008,17.227947767623654,16.58851975572967,17.09795966646768,694870400
2012-05-23,17.12828254699707,17.195527559664157,16.608033521523666,16.736217974180164,584897600
2012-05-24,16.97097396850586,17.30659936312258,16.848190876701924,17.287685854635026,496230000
2012-05-25,16.8800106048584,16.98688306073041,16.76533354179789,16.949057650418553,328507200
2012-05-29,17.17960548400879,17.23154105590868,16.970667174410178,17.138479001006505,380508800
2012-05-30,17.386747360229492,17.41136361266676,17.008193519098167,17.087446821607706,529429600
2012-05-31,17.34352684020996,17.456701691052494,17.15530076304055,17.43388587455549,491674400
2012-06-01,16.840986251831055,17.19102164090812,16.826877675215588,17.086251030312194,520987600
2012-06-04,16.94005584716797,17.03642065093923,16.466039644409324,16.85630058623205,556995600
2012-06-05,16.896221160888672,17.005495281812298,16.76113155396029,16.84939031091979,388214400
2012-06-06,17.155298233032227,17.227045155488778,16.97637743127967,17.04452346017323,401455600
2012-06-07,17.163097381591797,17.331209036189723,17.1264728106272,17.33030961470876,379766800
2012-06-08,17.42127227783203,17.42907848782759,17.08144482187013,17.159497302343276,347516400
2012-06-11,17.146589279174805,17.666836532657637,17.13037724504428,17.643421109548825,591264800
2012-06-12,17.296388626098633,17.3101973928744,17.012399064498858,17.245355669493563,435380400
2012-06-13,17.176311492919922,17.366038176297728,17.122875260088968,17.24715899153378,293580000
2012-06-14,17.157400131225586,17.21654072538427,17.029215683037307,17.148694497244843,345573200
2012-06-15,17.235448837280273,17.25015862994745,17.097955964327227,17.14148572789196,335255200
2012-06-18,17.585176467895508,17.648519137108813,17.122567682855312,17.140280351094663,440412000
2012-06-19,17.634113311767578,17.711864369265207,17.504726484127545,17.513731921482464,361404400
2012-06-20,17.583988189697266,17.689358430432698,17.435687788497873,17.65813678704938,358943200
2012-06-21,17.341720581054688,17.65843244671404,17.334815395347224,17.574977016759032,326351200
2012-06-22,17.474706649780273,17.477408120810825,17.274172527227535,17.38284541201321,284471600
2012-06-25,17.13458824157715,17.405670177097868,17.12257991609765,17.33061894447486,304382400
2012-06-26,17.17241668701172,17.246265496834084,17.03132124267089,17.151401312100695,276536400
2012-06-27,17.246557235717773,17.31380223552885,17.169105963851827,17.261566836562523,202997200
2012-06-28,17.082948684692383,17.231548874133676,16.97968031477759,17.161602397659685,282836400
2012-06-29,17.53174591064453,17.53174591064453,17.239049130794523,17.351624322045463,421500800
2012-07-02,17.787521362304688,17.81603992655683,17.51974217650044,17.55366528764341,400092000
2012-07-03,17.99435806274414,18.01207073828256,17.83195072029605,17.858367425115617,241712800
2012-07-05,18.310468673706055,18.442556995657963,18.00156143575385,18.028879163065337,484383200
2012-07-06,18.188594818115234,18.26544650240971,18.059509319816094,18.224919603993193,418930400
2012-07-09,18.429054260253906,18.429354067562592,18.135457932926556,18.17118149684161,379405600
2012-07-10,18.25853729248047,18.60857107488716,18.171477756130354,18.5515323447349,511957600
2012-07-11,18.145063400268555,18.242027811164686,17.92861857009956,18.19579656525528,469322000
2012-07-12,17.979049682617188,18.116241160273287,17.792324275315966,18.019276761485838,428041600
2012-07-13,18.161273956298828,18.22791775026061,18.012074136488465,18.100634324394083,311427200
2012-07-16,18.219512939453125,18.360906542408763,18.162774010654594,18.165776893210108,301260400
2012-07-17,18.220409393310547,18.357301042960042,18.106631756977325,18.335985872880286,293624800
2012-07-18,18.200000762939453,18.262442446327686,18.118945375180218,18.209907229718816,252700000
2012-07-19,18.441957473754883,18.472877697451825,18.192189210272428,18.35069583870869,436861600
2012-07-20,18.14116096496582,18.44556476243393,18.12314847904381,18.403235821329087,397471200
2012-07-23,18.12704849243164,18.1891903585728,17.643124321222977,17.843958303315464,487975600
2012-07-24,18.039688110351562,18.302663920069914,17.96733837911731,18.233616877832112,565132400
2012-07-25,17.260663986206055,17.43568083529219,17.11146422261362,17.2453545811648,877312800
2012-07-26,17.257965087890625,17.42367511318695,17.122274262796008,17.40446179897966,406632800
2012-07-27,17.56656837463379,17.586682710829084,17.159196151412427,17.2618648793954,403936400
2012-07-30,17.86287498474121,17.995263155743128,17.64642854179705,17.739492255537872,379142400
2012-07-31,18.335086822509766,18.363307180851084,18.09372596314753,18.109035371271677,462327600
2012-08-01,18.216506958007812,18.504400458211382,18.102129698024058,18.489690664959944,384501600
2012-08-02,18.245925903320312,18.33298382760117,18.019574658891216,18.09732733662917,332158400
2012-08-03,18.483386993408203,18.55183282485943,18.359103266852895,18.42124513013055,344920800
2012-08-06,18.689022064208984,18.758668719534633,18.470175634677855,18.531115055246623,302103200
2012-08-07,18.63979721069336,18.762578730360495,18.55363867855291,18.69563351882241,290446800
2012-08-08,18.608261108398438,18.72894227855656,18.525405331775055,18.594150936377105,244706000
2012-08-09,18.71439552307129,18.744545224584716,18.6260589103006,18.627565992843543,221642400
2012-08-10,18.743637084960938,18.74544526167314,18.653191216346027,18.653492310776286,194938800
2012-08-13,18.99386978149414,18.99386978149414,18.79036380381666,18.794585565441068,278832400
2012-08-14,19.044822692871094,19.253455346741546,19.000202757667097,19.05025044263916,340169200
2012-08-15,19.018896102905273,19.114468623135313,18.926038262815872,19.03306686204985,257342400
2012-08-16,19.185029983520508,19.19769205816154,19.0089588764317,19.030365575611828,254534000
2012-08-17,19.539871215820312,19.54228319137132,19.259486303602625,19.29536323232602,442761200
2012-08-20,20.05360984802246,20.05360984802246,19.593837092314708,19.597153961082903,613384800
2012-08-21,19.77956199645996,20.346967362439667,19.606807811473438,20.22456197666025,812719600
2012-08-22,20.165773391723633,20.169692451212725,19.539879947714482,19.73012017645525,565322800
2012-08-23,19.97763442993164,20.19681666259623,19.93301288377376,20.08255214252839,420128800
2012-08-24,19.995424270629883,20.184157351434756,19.764182129062572,19.88357171076303,437340400
2012-08-27,20.3710880279541,20.527560574277803,20.306568462161376,20.501028832990276,427008400
2012-08-28,20.34454345703125,20.383737245060484,20.220027262402027,20.34996959562539,267416800
2012-08-29,20.304454803466797,20.43108033112369,20.278225770424683,20.35812046775738,202806800
2012-08-30,20.015026092529297,20.246570995599065,19.984274198619286,20.219135971758405,302699600
2012-08-31,20.05632972717285,20.157629509954475,19.815438025771595,20.116928618115555,338321200
2012-09-04,20.349681854248047,20.354806901867697,20.034022072393938,20.07200989787002,367892000
2012-09-05,20.206768035888672,20.39127933580131,20.18777332582471,20.367763379161136,336375200
2012-09-06,20.388874053955078,20.449775651762145,20.22395959878922,20.295412385535318,391196400
2012-09-07,20.514591217041016,20.57609498860562,20.37379495020256,20.442533038894755,329666400
2012-09-10,19.980953216552734,20.60051377558825,19.96165741095673,20.514891858517252,487998000
2012-09-11,19.916135787963867,20.20285179734379,19.79282552311099,20.05240921669341,503983200
2012-09-12,20.193496704101562,20.19681357239518,19.77774336479904,20.10485903441048,712233200
2012-09-13,20.59116554260254,20.667141155808807,20.34364180584617,20.422029394396457,598360000
2012-09-14,20.841402053833008,21.013251269333967,20.73919580767584,20.80160607135084,600474000
2012-09-17,21.097671508789062,21.09827369762879,20.941801207134066,21.08470673729839,398031200
2012-09-18,21.16189193725586,21.174554006344277,20.99637370503929,21.100689253110406,373503200
2012-09-19,21.167613983154297,21.224594885878975,21.091337278393603,21.112140162431096,326874800
2012-09-20,21.065109252929688,21.10611283733266,20.911952025567903,21.078977307294835,336568400
2012-09-21,21.107017517089844,21.257158979878906,21.0850086412441,21.176963202627544,571589200
2012-09-24,20.826627731323242,20.957173883771866,20.591767670878163,20.708143065689693,639766400
2012-09-25,20.306562423706055,20.886629713769793,20.290280782237442,20.750354693265674,518789600
2012-09-26,20.05451202392578,20.28093015006724,19.934518677039,20.161841696381984,576503200
2012-09-27,20.541120529174805,20.56674736800336,19.908896303654167,20.027683689591367,594090000
2012-09-28,20.112407684326172,20.534794970652055,20.10185488547823,20.463643279915004,535110800
2012-10-01,19.879955291748047,20.403342809494987,19.79282467196715,20.23480880529855,543594800
2012-10-02,19.937835693359375,20.08978691888348,19.61644722623445,19.95290973410617,627992400
2012-10-03,20.24355125427246,20.2559138384489,19.977638154931608,20.044870776040156,424281200
2012-10-04,20.10335922241211,20.327969251803545,20.065674110525872,20.23752176301493,370725600
2012-10-05,19.674936294555664,20.07923358506109,19.63544140718666,20.05511544253998,594006000
2012-10-08,19.24019432067871,19.523293969218393,19.17808674296963,19.50279217296273,637994000
2012-10-09,19.170246124267578,19.310137495494907,18.799413713755524,19.25466366417317,838597200
2012-10-10,19.322792053222656,19.44549845232172,19.204909603679432,19.287517324628105,510356000
2012-10-11,18.936586380004883,19.512433383669904,18.936586380004883,19.491329405711518,546081200
2012-10-12,18.985126495361328,19.156070805644088,18.852169988489212,18.98060363943879,460014800
2012-10-15,19.13738250732422,19.148537491979255,18.808456981883435,19.064723754792016,432502000
2012-10-16,19.59052085876465,19.60589760525171,19.024020586484475,19.155772736724987,549771600
2012-10-17,19.43435287475586,19.68097177966871,19.41596196070835,19.562788178627997,389037600
2012-10-18,19.07345962524414,19.357462401222545,18.99386607009523,19.282995499920137,476624400
2012-10-19,18.386066436767578,19.047232624965034,18.379432699999416,19.025526458612706,744086000
2012-10-22,19.115375518798828,19.156076403604867,18.413807743319293,18.463855437061916,546730800
2012-10-23,18.4921932220459,19.111454263238716,18.44214714418807,19.024020953933142,707145600
2012-10-24,18.59680938720703,18.88985797109237,18.410187210016378,18.735797463280317,558527200
2012-10-25,18.377029418945312,18.752687482989007,18.256734918421248,18.692388075343196,656325600
2012-10-26,18.21000099182129,18.511491538312956,17.81806456948674,18.37370942791068,1018432800
2012-10-31,17.948307037353516,18.148496195070887,17.718571981637144,17.935041170671568,510003200
2012-11-01,17.98508644104004,18.17984782200772,17.913633681423615,18.035736315057072,361298000
2012-11-02,17.38994598388672,17.99744823587473,17.328141123185528,17.965490364956477,599373600
2012-11-05,17.625717163085938,17.720685915911602,17.414070259748048,17.59255329271955,529135600
2012-11-06,17.572351455688477,17.81022737939782,17.48914149568269,17.794852238468327,374917200
2012-11-07,16.89998435974121,17.4009258761403,16.831838107101884,17.379725502701653,793648800
2012-11-08,16.286678314208984,17.028097791458226,16.212173726377426,16.979637944915883,1056146000
2012-11-09,16.56864356994629,16.805485345674985,16.16461860312231,16.36754011278619,929913600
2012-11-12,16.440532684326172,16.793978955229758,16.31393378000176,16.7833779609799,515802000
2012-11-13,16.442659378051758,16.672232292393566,16.244583753686687,16.32181543867663,532949200
2012-11-14,16.26032829284668,16.58045925627037,16.239127920282172,16.52140003574334,477170400
2012-11-15,15.919302940368652,16.339682466163943,15.828443949681962,16.280018293172294,789910800
2012-11-16,15.98169231414795,16.051957476242542,15.31750448442713,15.906581167254771,1266893600
2012-11-19,17.13410186767578,17.187708552897238,16.35119064180706,16.3763279749501,823317600
2012-11-20,16.988113403320312,17.322479775821048,16.796399448855226,17.321268280015115,642754000
2012-11-21,17.012039184570312,17.183764250169688,16.857575910660305,17.089270821525318,373002000
2012-11-23,17.308853149414062,17.323997659155495,17.039302550312254,17.177712338102932,272826400
2012-11-26,17.85492706298828,17.869160931184346,17.375790797233403,17.442119005542043,630579600
2012-11-27,17.71106719970703,17.881884964466103,17.569325349795548,17.855534512264164,533330000
2012-11-28,17.655338287353516,17.74195784913608,17.3318752356334,17.48361151235178,520864400
2012-11-29,17.849775314331055,17.997877081517238,17.725298531161574,17.87582329068358,514698800
2012-11-30,17.72620964050293,17.820704743840892,17.647463990635494,17.771942417274595,391319600
2012-12-03,17.753772735595703,18.008182171127018,17.73287482345379,17.979712809547316,364280000
2012-12-04,17.44060707092285,17.62081273244193,17.32794112812446,17.62081273244193,557068400
2012-12-05,16.318174362182617,17.240706693436,16.317567805464428,17.230409786587995,1044638000
2012-12-06,16.5740966796875,16.757935114318606,15.70759244629523,16.019849444491292,1177212400
2012-12-07,16.150394439697266,16.815187411258194,16.051962365351663,16.760671683154598,787040800
2012-12-10,16.0465030670166,16.30969368491773,15.796939756545703,15.900520232891926,630484400
2012-12-11,16.39691925048828,16.644362030785878,16.275166338987816,16.34785447537031,592345600
2012-12-12,16.32453727722168,16.597117445957597,16.24185468534623,16.590150938598008,487144000
2012-12-13,16.042566299438477,16.283346695866616,15.924750328193966,16.08678509736105,625259600
2012-12-14,15.439864158630371,15.692455484392557,15.312357808151493,15.590086469861822,1009579200
2012-12-17,15.713658332824707,15.749094201981103,15.180612799127953,15.413820220120282,757607200
2012-12-18,16.170074462890625,16.200360247650025,15.756659914052795,15.900522244114239,625685200
2012-12-19,15.940202713012695,16.164022240318587,15.915670313586148,16.09648252445817,449369200
2012-12-20,15.801486015319824,16.05801425887004,15.715168936705115,16.051956778135246,481689600
2012-12-21,15.728799819946289,15.739096729733486,15.453492543139895,15.521032248618093,596268400
2012-12-24,15.754236221313477,15.877805582005253,15.710017424745702,15.759688762217346,175753200
2012-12-26,15.537079811096191,15.732732364555828,15.480141118568135,15.7187993522998,302436400
2012-12-27,15.59947395324707,15.63551475159675,15.284491415439728,15.553437098268676,455120400
2012-12-28,15.43380355834961,15.581906934173293,15.38928228995213,15.45500554876393,354278400
2012-12-31,16.117677688598633,16.21550478489892,15.415935156635094,15.462272860290962,659492400
2013-01-02,16.628311157226562,16.809123309556938,16.40419085021988,16.77338498359716,560518000
2013-01-03,16.418420791625977,16.647691115332186,16.385105465812885,16.59347789130551,352965200
2013-01-04,15.961095809936523,16.313330623343422,15.925659952841013,16.26305434316724,594333600
2013-01-07,15.867209434509277,16.030756580190193,15.603714654265545,15.809664169833571,484156400
2013-01-08,15.909917831420898,16.109204990997267,15.786954962466325,16.028036331154876,458707200
2013-01-09,15.661266326904297,15.900833749219016,15.62764688693825,15.824813539502186,407604400
2013-01-10,15.855395317077637,16.013187418783332,15.613403432211928,16.008038965006662,601146000
2013-01-11,15.758170127868652,15.91020879161707,15.719402266205812,15.779370493473412,350506800
2013-01-14,15.196357727050781,15.370505853399035,15.09822815476895,15.224522991146245,734207600
2013-01-15,14.71691608428955,15.11276307789741,14.639986901667955,15.091865177527968,876772400
2013-01-16,15.32779598236084,15.429257540149585,14.916201211855308,14.98101380942888,690804800
2013-01-17,15.22452449798584,15.468939426382576,15.2048397051318,15.455612967194044,453678400
2013-01-18,15.143354415893555,15.210590020142332,15.034321389363392,15.098529062242998,472922800
2013-01-22,15.287822723388672,15.382013716688125,15.041288922679177,15.28146277309153,461546400
2013-01-23,15.567669868469238,15.597350711050964,15.287820768781094,15.410178627025228,861509600
2013-01-24,13.644160270690918,14.10542638490862,13.636587208722768,13.93188324849538,1460852400
2013-01-25,13.32252025604248,13.817707654570897,13.174720938630939,13.68020686471538,1208026400
2013-01-28,13.623868942260742,13.72623792480598,13.200764086880685,13.260429049885905,785517600
2013-01-29,13.879487991333008,13.937942266575734,13.693224937019071,13.886454497419797,571158000
2013-01-30,13.835878372192383,14.010633056780062,13.76531074157816,13.841026826585091,417155200
2013-01-31,13.795291900634766,13.910078315108978,13.779846539873073,13.8404197218989,319334400
2013-02-01,13.738658905029297,13.916139065594276,13.579048718890816,13.90493312942241,539484400
2013-02-04,13.396419525146484,13.808924308943988,13.386727554780371,13.747442085047728,477117200
2013-02-05,13.866464614868164,13.924009859593221,13.393385994222937,13.448810716817556,573347600
2013-02-06,13.851629257202148,14.128751353969063,13.707160344660018,13.824976338487131,593706400
2013-02-07,14.263492584228516,14.31771592966334,13.833960195267974,14.112090539477393,704580800
2013-02-08,14.469419479370117,14.58609342841157,14.264400989007475,14.439565655694308,633158400
2013-02-11,14.62021255493164,14.772834749842675,14.416720091177101,14.515724163717806,517490400
2013-02-12,14.253744125366211,14.694851992129484,14.24886989742992,14.60742174870614,609053200
2013-02-13,14.226631164550781,14.428602503914833,14.111175741257595,14.23272394926787,475207600
2013-02-14,14.213837623596191,14.367676782492335,14.13554737090316,14.150778519768796,355275200
2013-02-15,14.01795768737793,14.32259039628587,14.010646346180616,14.28268225218927,391745200
2013-02-19,14.012775421142578,14.09624574004081,13.82573266545919,14.04659077564887,435783600
2013-02-20,13.673417091369629,13.942711624177074,13.671892675255807,13.942711624177074,476302400
2013-02-21,13.588421821594238,13.683163373227519,13.489721181354653,13.586593986768193,447182400
2013-02-22,13.733123779296875,13.757189053117752,13.604873538089693,13.685601696528634,330654800
2013-02-25,13.489116668701172,13.864423248264789,13.482109559753832,13.825735286628444,372579200
2013-02-26,13.677075386047363,13.755365638241383,13.33253612836089,13.520189022230944,501499600
2013-02-27,13.543034553527832,13.78278031597859,13.42361924119338,13.660622030665992,587350400
2013-02-28,13.446464538574219,13.643560780338843,13.446464538574219,13.527191879347743,322515200
2013-03-01,13.11350154876709,13.348373042679938,13.098574637353082,13.342888724600742,552448400
2013-03-04,12.796075820922852,13.044350642049402,12.764089114994677,13.032165075323293,582755600
2013-03-05,13.13391399383545,13.25729002747158,12.817401580727402,12.839639836452333,638433600
2013-03-06,12.966973304748535,13.259116152221974,12.929503095572205,13.236572854848731,460250000
2013-03-07,13.116854667663574,13.160417667064584,12.826844653388916,12.93163809909383,468473600
2013-03-08,13.151581764221191,13.264600053455094,13.056841012420328,13.09309266828856,391482000
2013-03-11,13.338932991027832,13.373661864496775,12.95113577857843,13.09157162156327,474236000
2013-03-12,13.05135726928711,13.369698293757795,13.025159113613066,13.26977908442072,465911600
2013-03-13,13.048920631408691,13.236269257425034,12.9578363615821,13.05196783673476,405549200
2013-03-14,13.175345420837402,13.240535774215342,13.11289478682778,13.18539729501623,303875600
2013-03-15,13.515311241149902,13.532675265747752,13.32004120907298,13.340756671005373,643960800
2013-03-18,13.882699012756348,13.93570378798921,13.440372699217802,13.447988271742817,606197200
2013-03-19,13.845231056213379,14.042632378261848,13.662755021414862,13.997850008865498,526775200
2013-03-20,13.771812438964844,13.94088433689686,13.695959316727182,13.934487320839926,308660800
2013-03-21,13.791616439819336,13.951548382064246,13.711499165895074,13.715154836816138,383255600
2013-03-22,14.071268081665039,14.077055006493636,13.803192083476514,13.847972827335688,395105200
2013-03-25,14.122139930725098,14.31619142462184,14.067306506144329,14.155953658961707,501135600
2013-03-26,14.047809600830078,14.190985945800332,14.029227017883084,14.178800378800421,294294000
2013-03-27,13.771812438964844,13.915598878209966,13.730687369817547,13.905241959537932,331237200
2013-03-28,13.48485279083252,13.763895837222421,13.453171122170673,13.70296961390779,442839600
2013-04-01,13.065978050231934,13.516529157732279,13.030336492013483,13.461694927492692,389732000
2013-04-02,13.092789649963379,13.347157304972988,12.989518985088308,13.026075692527169,529519200
2013-04-03,13.159811019897461,13.320961540285477,13.108632433735446,13.140923384324134,363216000
2013-04-04,13.029731750488281,13.251504248651452,12.954487887716045,13.213730607728937,358447600
2013-04-05,12.892036437988281,12.9453470776598,12.78480506679109,12.931637906969124,383695200
2013-04-08,12.98372745513916,13.023024683977063,12.870404948993134,12.942297345595529,300829200
2013-04-09,13.007185935974121,13.053489464255799,12.878326410393491,12.988299120337917,306614000
2013-04-10,13.272523880004883,13.314259051226713,12.977639588707898,13.041307972841555,375928000
2013-04-11,13.231093406677246,13.342588110434972,13.135742548383108,13.212510007019095,328364400
2013-04-12,13.09309196472168,13.225606340993783,13.071462990726733,13.225606340993783,238613200
2013-04-15,12.789986610412598,13.03491087583635,12.780847432815008,13.007798389024808,317520000
2013-04-16,12.984644889831543,12.99591532051689,12.81191811679405,12.84238122460607,305771200
2013-04-17,12.270583152770996,12.812829435767222,12.12771105608826,12.802775937379067,945056000
2013-04-18,11.943106651306152,12.36167114116442,11.872736217882334,12.337300819171723,666299200
2013-04-19,11.896801948547363,12.173103587441615,11.731385718775746,11.818815944376205,609274400
2013-04-22,12.144773483276367,12.25230991048127,11.919346962403148,11.961080502962467,429920400
2013-04-23,12.372032165527344,12.440573968573492,12.149040284121726,12.306840174312956,664238400
2013-04-24,12.351619720458984,12.649854626343458,11.956816207742035,11.988498689158812,969651200
2013-04-25,12.440568923950195,12.609944224422216,12.398529534618902,12.527389048240616,384837600
2013-04-26,12.709260940551758,12.757088092581897,12.436614855919705,12.484137775364433,764097600
2013-04-29,13.10284423828125,13.209465536789175,12.794555820950896,12.808264180649806,640326400
2013-04-30,13.488506317138672,13.563750984558215,13.162245439207533,13.254549089550917,691538400
2013-05-01,13.382192611694336,13.55400509765077,13.232923432368228,13.539687458275734,506909200
2013-05-02,13.57197380065918,13.665494361339356,13.42300809993046,13.458040382813829,421828400
2013-05-03,13.707843780517578,13.806849503052286,13.682558316058875,13.748358767096853,361300800
2013-05-06,14.034714698791504,14.080103913100736,13.83974883390783,13.882396701713207,496641600
2013-05-07,13.972258567810059,14.18824242227089,13.82116081402536,14.164481383723766,483753200
2013-05-08,14.130062103271484,14.176671498121303,13.885442905713834,13.983838528615752,472598000
2013-05-09,14.006790161132812,14.197832146977577,13.970299363315396,14.10001185057545,398487600
2013-05-10,13.890259742736816,14.096941510272469,13.813904550115486,14.0435842579819,334852000
2013-05-13,13.944536209106445,14.041437738393805,13.845183072765797,13.84548931893745,316948800
2013-05-14,13.610904693603516,13.958643965598194,13.558466993916303,13.917246686668376,447118000
2013-05-15,13.15062427520752,13.523203067559383,12.951610104009726,13.466780072214691,741613600
2013-05-16,13.326335906982422,13.426610258159366,12.845511308057032,12.978596585761714,603204000
2013-05-17,13.285857200622559,13.495298492036005,13.216861731057165,13.463407125395092,427904400
2013-05-20,13.582388877868652,13.6703970082941,13.188958250025939,13.244461698184447,451578400
2013-05-21,13.482114791870117,13.660584301678398,13.314684886433563,13.435811012904654,456022000
2013-05-22,13.533936500549316,13.748591350544375,13.437955334030706,13.616731884201686,443038400
2013-05-23,13.558161735534668,13.681434842739106,13.363439913371142,13.368346403469644,353021200
2013-05-24,13.650468826293945,13.666107860699624,13.503584401416985,13.518610124300078,276166800
2013-05-28,13.53669548034668,13.833224507625633,13.518604026851136,13.796121224345557,386145200
2013-05-29,13.644331932067871,13.722527901279214,13.47414171646938,13.492541057050964,330576400
2013-05-30,13.847639083862305,13.937180896837505,13.630838040861793,13.66579596645563,353519600
2013-05-31,13.790909767150879,14.016909659784417,13.783856277748178,13.875849697812699,384302800
2013-06-03,13.821266174316406,13.871556058832718,13.568587672721904,13.821572420519498,372352400
2013-06-04,13.778026580810547,13.935030966725375,13.719150345512498,13.89792604994565,292728800
2013-06-05,13.649236679077148,13.821266806755403,13.60630570871186,13.665795264644808,290589600
2013-06-06,13.445313453674316,13.707191602244936,13.310082019861005,13.660274524054193,416934000
2013-06-07,13.548043251037598,13.59189378043407,13.270832277172737,13.385212786757357,404535600
2013-06-10,13.458502769470215,13.770977126627136,13.394413779816075,13.63758559136843,450153200
2013-06-11,13.41894245147705,13.57717348080229,13.287697117524576,13.361906960959553,286112400
2013-06-12,13.253046989440918,13.530871272945786,13.23188815927862,13.477207763134784,265227200
2013-06-13,13.368653297424316,13.404837844813857,13.147559899108973,13.262553719263988,285832400
2013-06-14,13.187424659729004,13.378773693654079,13.139893442771635,13.35148174986389,271866000
2013-06-17,13.247220039367676,13.360680171198004,13.196930151400618,13.230048142133125,259414400
2013-06-18,13.240167617797852,13.336148789133155,13.192330974085317,13.233728258568899,195025600
2013-06-19,12.971235275268555,13.236792470368195,12.971235275268555,13.228819424881683,310940000
2013-06-20,12.782342910766602,13.062618829909278,12.731132640981327,12.857778569608438,357310800
2013-06-21,12.67992115020752,12.879243239682744,12.514331184123686,12.8329386433565,481118400
2013-06-24,12.343833923339844,12.531503085237707,12.206148403678604,12.492865292528142,480746000
2013-06-25,12.346597671508789,12.504827935332905,12.230070949638657,12.440738934318679,314162800
2013-06-26,12.206762313842773,12.412829992020251,12.13285953245473,12.385538049329554,367724000
2013-06-27,12.075206756591797,12.308566332352974,12.067847841453737,12.242944494235227,337246000
2013-06-28,12.15953540802002,12.27422131666051,11.924642152759594,12.000998161975833,578516400
2013-07-01,12.548676490783691,12.64220524616618,12.303357675405557,12.348435651544458,391053600
2013-07-02,12.83293628692627,12.929224511064067,12.556340295468535,12.57136601098187,469865200
2013-07-03,12.90377140045166,12.9706214990634,12.801044645536946,12.905611333959506,240928800
2013-07-05,12.800127029418945,12.980130211636784,12.736651356811192,12.891202529435681,274024800
2013-07-08,12.72745132446289,12.909907758424119,12.592526108653054,12.882616632788553,298138400
2013-07-09,12.951306343078613,12.986570517225966,12.584248100187772,12.682988770408656,352584400
2013-07-10,12.901625633239746,13.026432420999894,12.825577497510945,12.866974777128329,281405600
2013-07-11,13.102788925170898,13.132227867034482,12.915120583831593,12.96970365085664,326292400
2013-07-12,13.078869819641113,13.17945040845782,12.983809032092905,13.113827742168144,279563200
2013-07-15,13.107392311096191,13.230665460879047,13.02643765302967,13.032877832928454,241917200
2013-07-16,13.192025184631348,13.207663395060225,13.007115506087077,13.079177539221085,216538000
2013-07-17,13.195394515991211,13.253965325966076,13.13130554291578,13.176689752716793,198990400
2013-07-18,13.239859580993652,13.33522660929131,13.204595414278328,13.289536151887596,218878800
2013-07-19,13.031031608581543,13.307934645358813,13.01263227323819,13.280949772361918,268721600
2013-07-22,13.072735786437988,13.178222857841927,13.046977534505881,13.169330254733472,207796400
2013-07-23,12.848270416259766,13.09266880691531,12.83968405880082,13.063230685896183,369395600
2013-07-24,13.508177757263184,13.633289976277831,13.34718723972279,13.45972698759529,591936800
2013-07-25,13.446541786193848,13.535470283161807,13.364053467017044,13.514005207431689,229493600
2013-07-26,13.522899627685547,13.524432496654935,13.31897810550089,13.348416231739403,200152400
2013-07-29,13.73142147064209,13.798884086497685,13.49867511840416,13.517073641437362,248057600
2013-07-30,13.900996208190918,14.018442456135913,13.775576094510106,13.797961547527747,309422400
2013-07-31,13.8767671585083,14.02426481106825,13.781706383062845,13.952203614066718,322957600
2013-08-01,14.004032135009766,14.007712003570795,13.899158337541458,13.975515200762667,206250800
2013-08-02,14.183725357055664,14.193232091626768,14.00341674787759,14.044814032371718,274783600
2013-08-05,14.395620346069336,14.433031517672603,14.1717674466087,14.249655527568747,318855600
2013-08-06,14.266828536987305,14.470442985943986,14.172380229644569,14.351770109274476,334857600
2013-08-07,14.258545875549316,14.320489490098497,14.160111471570547,14.222361332310523,298858000
2013-08-08,14.230152130126953,14.325532327688878,14.13569673753629,14.318123996956524,255777200
2013-08-09,14.02765941619873,14.213172634187432,14.002966631800518,14.156993623605507,266865200
2013-08-12,14.426155090332031,14.46597279473132,14.094948081994573,14.102048142143937,364434000
2013-08-13,15.111724853515625,15.26883950395743,14.447457668660977,14.536665912550873,881941200
2013-08-14,15.387362480163574,15.56484913636078,15.22993963327085,15.368225123971339,756372400
2013-08-15,15.36915111541748,15.507746533519965,15.096592545131436,15.323159803363323,490294000
2013-08-16,15.505593299865723,15.524422398948603,15.39848404721197,15.438301772588254,362306000
2013-08-19,15.672582626342773,15.85778595092574,15.557138610743378,15.56763292180015,510518400
2013-08-20,15.466692924499512,15.75993349942566,15.458976327553023,15.733387812472163,358688400
2013-08-21,15.506513595581055,15.654366968553852,15.470706670457382,15.544480047057657,335879600
2013-08-22,15.525035858154297,15.606217580236487,15.378107260756263,15.58738848488615,244207600
2013-08-23,15.46515941619873,15.537079924205802,15.41361100037905,15.534610479789496,222731600
2013-08-26,15.525345802307129,15.748517234974008,15.449102967296948,15.456819566446844,330965600
2013-08-27,15.081474304199219,15.511149304233825,15.01078853253684,15.371935639476808,424188800
2013-08-28,15.152772903442383,15.304023817472242,15.001523637905882,15.001523637905882,307608000
2013-08-29,15.17746353149414,15.325626780346045,15.15986916629914,15.175920542098234,239657600
2013-08-30,15.039186477661133,15.21605503323874,15.016961483334514,15.186731624317074,272297200
2013-09-03,15.081164360046387,15.45218920144864,15.0431979003281,15.220684629173098,331928800
2013-09-04,15.393229484558105,15.502809788811827,15.318839569709166,15.420085091144198,345032800
2013-09-05,15.28766918182373,15.454663280176508,15.237355494142216,15.441389605879744,236367600
2013-09-06,15.378724098205566,15.414529378819283,15.123451569955318,15.385515891765811,359525600
2013-09-09,15.62411880493164,15.67813664247987,15.541085831925455,15.588003607635297,340687200
2013-09-10,15.26822280883789,15.663633875717256,15.109565152682526,15.625049225245824,743195600
2013-09-11,14.436962127685547,14.621547242603237,14.347445633291766,14.415353674801423,898696400
2013-09-12,14.590678215026855,14.67432770592318,14.384483035971556,14.461344031833864,404051200
2013-09-13,14.350220680236816,14.564130806423092,14.344048721694255,14.487271459444347,298835600
2013-09-16,13.894003868103027,14.248668989603512,13.804489025728824,14.229841546006602,543706800
2013-09-17,14.054515838623047,14.190023662106128,13.813133512844361,13.82733198833322,399380800
2013-09-18,14.343430519104004,14.394978901419325,14.21934349057758,14.297129290639326,456862000
2013-09-19,14.578643798828125,14.687605936801674,14.484498322419318,14.529256575439376,404541200
2013-09-20,14.427703857421875,14.7715648371468,14.384180322913208,14.754588647525928,699302800
2013-09-23,15.144752502441406,15.33829062512881,14.896578348304816,15.313287919007161,762106800
2013-09-24,15.097220420837402,15.293844574621467,15.057710958722604,15.275633658445802,364344400
2013-09-25,14.863547325134277,15.113880948116819,14.860461345375667,15.100300658986788,316957200
2013-09-26,15.008313179016113,15.080541912566105,14.936700981956996,15.00152303515003,237221600
2013-09-27,14.901204109191895,14.960469092030648,14.838543230143083,14.932996951088592,228040400
2013-09-30,14.716001510620117,14.867559046671875,14.643771124598778,14.731434705661467,260156400
2013-10-01,15.062023162841797,15.098446623133984,14.766313130973359,14.76847430573883,353883600
2013-10-02,15.111409187316895,15.1805519379388,14.932071259714995,14.990101517621971,289184000
2013-10-03,14.921576499938965,15.197530988094078,14.839161723891301,15.140733798552409,322753200
2013-10-04,14.909852027893066,14.95831280142845,14.773109463523914,14.935471270724424,258868400
2013-10-07,15.055545806884766,15.206795116007672,14.981464142550442,15.01881406731118,312292400
2013-10-08,14.84533405303955,15.144746575641053,14.832986838985082,15.123138126799132,290917200
2013-10-09,15.019734382629395,15.05677437947759,14.763227170489298,14.959542945319408,301725200
2013-10-10,15.113883018493652,15.198458987085408,15.033627751854514,15.165741332887169,278602800
2013-10-11,15.211731910705566,15.243524758383229,14.975596741158155,15.032084023047751,267738800
2013-10-14,15.311429977416992,15.358965930252824,15.104928167045019,15.119744824836962,261898000
2013-10-15,15.39291763305664,15.495397852220387,15.295377947574227,15.35680244724061,320073600
2013-10-16,15.467927932739258,15.511759720821795,15.40989767195166,15.458050160946767,251101200
2013-10-17,15.572575569152832,15.581218623842775,15.423795677511254,15.433055269003416,253593200
2013-10-18,15.708080291748047,15.719501056751172,15.609922377292783,15.618565430253433,290542000
2013-10-21,16.09299659729004,16.183746178373077,15.78926162336543,15.796978222621556,398106800
2013-10-22,16.046995162963867,16.311837084179945,15.681525939141167,16.248867953008496,534063600
2013-10-23,16.204118728637695,16.226035453707308,16.020148469063145,16.020148469063145,313723200
2013-10-24,16.418643951416016,16.435930054068063,16.126639706978846,16.20535032526298,384764800
2013-10-25,16.234981536865234,16.4593859799601,16.20874411801153,16.400429266722867,337792000
2013-10-28,16.355985641479492,16.390557852228163,16.15010031261082,16.330056483417987,550440800
2013-10-29,15.948534965515137,16.645211468158625,15.882479824272952,16.55322717002604,635807200
2013-10-30,16.202268600463867,16.28314041494123,15.959033323319778,16.038980332710878,354163600
2013-10-31,16.134357452392578,16.282212506906667,16.090217383270044,16.20535313348386,275696400
2013-11-01,16.05194091796875,16.199177771387255,15.922606704929628,16.175101522516087,274890000
2013-11-04,16.259366989135742,16.26152816393503,16.014280535333498,16.084966282258538,244627600
2013-11-05,16.21923828125,16.32542267717388,16.143613653255528,16.19238432615398,265213200
2013-11-06,16.17329216003418,16.29561983481333,16.08884253883219,16.27357515252002,223375600
2013-11-07,15.911564826965332,16.243773899013146,15.908150760396094,16.131693360039073,262620400
2013-11-08,16.162113189697266,16.179810284160975,15.914663935289697,15.97644873187049,279316800
2013-11-11,16.1152400970459,16.19658409781397,15.971179404096093,16.14442464915807,227452400
2013-11-12,16.145036697387695,16.266432488758607,16.051583510146962,16.07238460015486,204276800
2013-11-13,16.16428565979004,16.214583010069585,16.05033979339555,16.08262998260053,197220800
2013-11-14,16.3980712890625,16.432843675829865,16.202781499892374,16.2319660299335,282419200
2013-11-15,16.299657821655273,16.426951577240068,16.284134516460732,16.349023324993432,317920400
2013-11-18,16.102191925048828,16.367960092392032,16.08884241502418,16.29965556923277,244944000
2013-11-19,16.13076400756836,16.24967601442366,16.08170855581051,16.114618902489227,208938800
2013-11-20,15.989493370056152,16.157772514321636,15.96869227175083,16.12082465672598,193916800
2013-11-21,16.180118560791016,16.182292353377274,15.948194291816852,16.070210214810746,262026800
2013-11-22,16.138513565063477,16.211785790454307,16.099083523882353,16.129820053460758,223725600
2013-11-25,16.260839462280273,16.326970167235935,16.175769737892683,16.17638987388179,229311600
2013-11-26,16.560766220092773,16.645837644213245,16.26892079539695,16.27264492938858,401382800
2013-11-27,16.95072364807129,16.951965578736377,16.560765709825876,16.65111492212217,363448400
2013-11-29,17.26462173461914,17.334788355740773,17.008168761682093,17.060018142367714,318127600
2013-12-02,17.114343643188477,17.5210651233409,17.101614269493027,17.324535001336642,472544800
2013-12-03,17.58284568786621,17.58470941231401,17.31459538433896,17.333844474298463,450968000
2013-12-04,17.5418701171875,17.67195945811731,17.4120908444074,17.557393422094517,377809600
2013-12-05,17.631906509399414,17.85669098088204,17.585646665707827,17.779382871190776,447580000
2013-12-06,17.387250900268555,17.596201996706874,17.37328125341541,17.56639566177131,344352400
2013-12-09,17.586259841918945,17.684058939405233,17.414566729657363,17.414566729657363,320493600
2013-12-10,17.558940887451172,17.631282918526384,17.423883858522284,17.497777888063805,278269600
2013-12-11,17.42885398864746,17.727222418790777,17.377006289128992,17.60396288253748,359718800
2013-12-12,17.403398513793945,17.55242689377525,17.38756513965966,17.453075745866755,262290000
2013-12-13,17.213695526123047,17.476047979228866,17.190100502594888,17.47511611673956,332822000
2013-12-16,17.30902099609375,17.46860668669869,17.231714500659454,17.232024568965787,282592800
2013-12-17,17.231081008911133,17.369242046443695,17.18109372075293,17.256539755134007,229902400
2013-12-18,17.100061416625977,17.12117423711368,16.728422384632687,17.066841016212,565863200
2013-12-19,16.90415382385254,17.076157093443793,16.8814890014024,17.060633787585413,320308800
2013-12-20,17.04572296142578,17.12613670058989,16.915323602927668,16.934262624490493,436413600
2013-12-23,17.69989776611328,17.719456926565705,17.472319406393378,17.635007316443417,501306400
2013-12-24,17.624767303466797,17.755476777392015,17.57384814534464,17.693691969356983,167554800
2013-12-26,17.507715225219727,17.68158218332325,17.491570128316734,17.63811461473827,204008000
2013-12-27,17.389427185058594,17.52355239525034,17.37110994934357,17.505235159535317,225884400
2013-12-30,17.21648406982422,17.389419122816946,17.14817956559604,17.307765112264033,253629600
2013-12-31,17.418296813964844,17.42636853286087,17.200342164473096,17.205621612493832,223084400
2014-01-02,17.1733341217041,17.29441987289749,17.13887178975653,17.252505957050168,234684800
2014-01-03,16.796110153198242,17.191034220120024,16.779033189250455,17.164955330036445,392467600
2014-01-06,16.8876953125,16.97680092758169,16.566973795590943,16.686507538147357,412610800
2014-01-07,16.766921997070312,16.950722751425502,16.701101333420812,16.899805254968708,317209200
2014-01-08,16.87310028076172,16.93829913345473,16.725003825251203,16.72872795798304,258529600
2014-01-09,16.65763282775879,16.978664408155854,16.621306774294442,16.976800683302198,279148800
2014-01-10,16.54648208618164,16.790515625272274,16.489665009568903,16.760399225268856,304976000
2014-01-13,16.633108139038086,16.843299520052955,16.45147950585868,16.452411368408516,378492800
2014-01-14,16.964073181152344,16.97462876172836,16.693027228522844,16.710414256157172,332561600
2014-01-15,17.30466651916504,17.392841942966548,17.127695535255615,17.18544448520031,391638800
2014-01-16,17.208101272583008,17.288825074309454,17.128307674881878,17.22828222301462,229278000
2014-01-17,16.78647804260254,17.14041990709886,16.762571297534105,17.12210267774867,426739600
2014-01-21,17.047286987304688,17.07833360396085,16.778724799387287,16.79642190147932,328526800
2014-01-22,17.123035430908203,17.302488575112164,17.008159353001627,17.104406474408147,379985200
2014-01-23,17.268028259277344,17.277963703900586,16.915018197628665,17.074292063478918,403239200
2014-01-24,16.95414161682129,17.250644726308366,16.91315789944678,17.200347356771676,429354800
2014-01-27,17.0916805267334,17.225185600842796,16.944205803742147,17.078331014193598,554878800
2014-01-28,15.725578308105469,15.989480949182232,15.588035815865315,15.795744859974967,1065523200
2014-01-29,15.547062873840332,15.752598246228889,15.480932140949307,15.646415665357955,502810000
2014-01-30,15.516951560974121,15.725592657415172,15.421326188067406,15.602643143776898,678501600
2014-01-31,15.542407035827637,15.571281511597881,15.323522127278284,15.374129562387026,464797200
2014-02-03,15.57127571105957,15.763771591780705,15.502040998376541,15.604807829239164,401464000
2014-02-04,15.796679496765137,15.817482242866998,15.609463072437467,15.705400111071896,376681200
2014-02-05,15.914663314819336,15.998181062059096,15.71782149056591,15.727446865751576,328344800
2014-02-06,16.007431030273438,16.038353223653672,15.86063317987853,15.930909527343339,257765200
2014-02-07,16.23138427734375,16.332893137132324,16.159548264597802,16.284481476009265,370280400
2014-02-10,16.522153854370117,16.615854517655503,16.178898903808346,16.199512582679013,345559200
2014-02-11,16.739856719970703,16.795762874848453,16.538086809888288,16.572757099574826,282256800
2014-02-12,16.73859977722168,16.852290264117364,16.654895702528872,16.770771325987152,308100800
2014-02-13,17.00440216064453,17.017519655824035,16.68488339740451,16.699250257269853,307398000
2014-02-14,16.990657806396484,17.052814117718132,16.903831129177107,16.94318361546915,272924400
2014-02-18,17.053117752075195,17.215530081262038,17.041247959080714,17.053429676090087,260251600
2014-02-19,16.78389549255371,17.08123765155212,16.689570949436195,17.014397466801785,313768000
2014-02-20,16.589616775512695,16.772332556508037,16.522464693502542,16.647085866910576,305858000
2014-02-21,16.405345916748047,16.696441244988808,16.3850441556184,16.64084534502568,278784800
2014-02-24,16.47718048095703,16.55120492252324,16.316954879102877,16.339755367898416,288909600
2014-02-25,16.305707931518555,16.540269860762834,16.272600606356306,16.534336630432215,231952000
2014-02-26,16.158597946166992,16.397533481701597,16.103939501227988,16.354119317076734,276217200
2014-02-27,16.480924606323242,16.51559321390602,16.11799179079878,16.152036550265894,301882000
2014-02-28,16.436267852783203,16.639597385054618,16.30758494757134,16.52496941670682,371968800
2014-03-03,16.483734130859375,16.573998608454914,16.329128231556094,16.348180618426337,238781200
2014-03-04,16.592430114746094,16.636157873574703,16.48405066015406,16.584935595561774,259140000
2014-03-05,16.627412796020508,16.702059410216524,16.52652785773557,16.582437339414685,200062800
2014-03-06,16.57712745666504,16.692379261643072,16.49435913288859,16.640843386363,185488800
2014-03-07,16.567447662353516,16.61554737224756,16.43033279715029,16.587749422969424,220729600
2014-03-10,16.58243751525879,16.65770964656155,16.50185433342933,16.5024798497445,178584000
2014-03-11,16.743907928466797,16.82667622485594,16.63459105881426,16.72391976853872,279224400
2014-03-12,16.76015281677246,16.783265225690677,16.616167313176867,16.69456368346752,199326400
2014-03-13,16.573999404907227,16.855411612801223,16.527461003644436,16.786074399048836,257742800
2014-03-14,16.38785171508789,16.581498200023045,16.335066484272907,16.515907400651685,237199200
2014-03-17,16.45187759399414,16.552760841856504,16.42407965540905,16.481862337108787,199544800
2014-03-18,16.597431182861328,16.615234214388586,16.403784641489427,16.425647691637252,209647200
2014-03-19,16.593059539794922,16.748601291302702,16.522471260793697,16.624293660601623,224756000
2014-03-20,16.513093948364258,16.637091263514066,16.47092915650614,16.550261283287217,208398400
2014-03-21,16.643339157104492,16.67082517477366,16.43907390939657,16.613979926797718,374046400
2014-03-24,16.840736389160156,16.88165182591879,16.71174158827731,16.81668653930138,355700800
2014-03-25,17.021886825561523,17.04562474793679,16.853225976349925,16.91288354038277,282293200
2014-03-26,16.859161376953125,17.147134026735824,16.830427664421588,17.069675103664483,299768000
2014-03-27,16.786701202392578,16.912885345708204,16.71361588302691,16.866658860358875,222031600
2014-03-28,16.767963409423828,16.83292870412363,16.686444449882035,16.813564385789228,200564000
2014-03-31,16.764217376708984,16.891337315598086,16.73891649055289,16.841988244070656,168669200
2014-04-01,16.917564392089844,16.924436728732736,16.765145306390618,16.796065817155004,200760000
2014-04-02,16.945682525634766,16.97472983843567,16.87415848029251,16.940373142572557,180420800
2014-04-03,16.8282470703125,16.94412273958003,16.792329082370745,16.90945411647218,162344000
2014-04-04,16.61054801940918,16.86603727468876,16.571819379891,16.86010404311127,275251200
2014-04-07,16.34974479675293,16.581809648747583,16.30039740463216,16.49185707928785,289850400
2014-04-08,16.348812103271484,16.43251786644579,16.20076489489925,16.403470555459432,243888400
2014-04-09,16.56369400024414,16.569003381750893,16.304456734303056,16.32382104781606,206169600
2014-04-10,16.350061416625977,16.62366560085778,16.34037842364637,16.574940379853953,239652000
2014-04-11,16.22917938232422,16.329750678565638,16.152032409190262,16.210125330992128,271717600
2014-04-14,16.293842315673828,16.308833023912417,16.154228730621913,16.30071298744803,205674000
2014-04-15,16.177650451660156,16.292588648484877,15.970572874865567,16.249799999819338,266490000
2014-04-16,16.21044921875,16.27541451758216,16.058341979804617,16.180464464807287,214765600
2014-04-17,16.395660400390625,16.483739771829804,16.216380748036414,16.241368040365764,284334400
2014-04-21,16.590242385864258,16.620537386122358,16.36504821617782,16.408150451981662,182548800
2014-04-22,16.606800079345703,16.61086009743487,16.444386011430318,16.500917676615188,202563200
2014-04-23,16.389726638793945,16.58899611855927,16.380355570452103,16.52434275278322,394940000
2014-04-24,17.733383178710938,17.803033986283918,17.513500069575052,17.74712618579001,759911600
2014-04-25,17.86363410949707,17.865193730385876,17.61439167907197,17.63219304177289,390275200
2014-04-28,18.555452346801758,18.60730014666007,17.882683649402768,17.890493429634297,669485600
2014-04-29,18.500476837158203,18.614479257060204,18.412399146352946,18.544516516582487,337377600
2014-04-30,18.430517196655273,18.72223800381445,18.421459719968055,18.5101629419336,456640800
2014-05-01,18.473922729492188,18.57761660134463,18.314007479842168,18.490162792813276,244048000
2014-05-02,18.508285522460938,18.558885617787393,18.418646540336383,18.50079100364433,191514400
2014-05-05,18.770021438598633,18.77127247111175,18.42770391409916,18.43207752376502,287067200
2014-05-06,18.56544303894043,18.877775795592285,18.56544303894043,18.796256854363772,374564400
2014-05-07,18.500476837158203,18.655394691368144,18.35680326288914,18.591678773079803,282864400
2014-05-08,18.46750259399414,18.669141417756695,18.4175642262683,18.47566798342345,230297200
2014-05-09,18.390552520751953,18.412851345760565,18.22691598001627,18.359143953105928,291597600
2014-05-12,18.619516372680664,18.645584226990117,18.448970778001193,18.45179880723778,213208800
2014-05-13,18.648727416992188,18.673225266354684,18.55262137268724,18.59345000338444,159737200
2014-05-14,18.652175903320312,18.76304603342757,18.585277761181853,18.606949250197946,166404000
2014-05-15,18.493568420410156,18.737921194738032,18.469070577448957,18.67824743498537,230846000
2014-05-16,18.766504287719727,18.76713162039322,18.386154500614147,18.48760123883004,276256400
2014-05-19,18.988866806030273,19.07492374227182,18.760844859443935,18.77717731024179,317755200
2014-05-20,18.99264144897461,19.045719833062567,18.86763786233035,18.986359735271872,234836000
2014-05-21,19.042892456054688,19.055140539095543,18.909409821117926,18.96500088769421,196859600
2014-05-22,19.073043823242188,19.154077090450485,18.97348243619156,19.05200134058584,200760000
2014-05-23,19.288509368896484,19.307354516602125,19.047925520617024,19.072423373953992,232209600
2014-05-27,19.649688720703125,19.656911431645447,19.33560982309362,19.343461543929898,348866000
2014-05-28,19.598812103271484,19.781605774326216,19.591587713343035,19.66194122780066,315481600
2014-05-29,19.955917358398438,20.002715701868254,19.716903625266234,19.71941631051777,376474000
2014-05-30,19.881174087524414,20.231999076082083,19.75240144167874,20.037584602951043,564020800
2014-06-02,19.744544982910156,19.938645743081665,19.551386899134855,19.91132154647272,369350800
2014-06-03,20.023761749267578,20.06145203475361,19.7319832512444,19.73857863186439,292709200
2014-06-04,20.25240707397461,20.34883011041276,19.97884476318511,20.020617735255314,335482000
2014-06-05,20.331863403320312,20.395307849518364,20.182991037154338,20.295744820939216,303805600
2014-06-06,20.275957107543945,20.45466970028896,20.24141021086111,20.41195406274161,349938400
2014-06-09,20.600400924682617,20.639974868908403,20.17168459336954,20.38054605173036,301660000
2014-06-10,20.721330642700195,20.89721528726935,20.5718291980245,20.826861764913744,251108000
2014-06-11,20.635587692260742,20.833457501441146,20.549844387842622,20.69494779633471,182724000
2014-06-12,20.29041862487793,20.69275368683528,20.204675307065454,20.675164883858216,218996000
2014-06-13,20.0683536529541,20.32338612492224,19.98041136340096,20.27061974477456,218100000
2014-06-16,20.270633697509766,20.391554638547905,20.10574242010911,20.118934862906514,142244000
2014-06-17,20.244247436523438,20.380556453814823,20.182688309055013,20.29481314378946,118904000
2014-06-18,20.26622772216797,20.29041189890459,20.083747725831646,20.286013860937924,134056000
2014-06-19,20.195877075195312,20.292613795861357,20.08155155488812,20.290414776566152,142112000
2014-06-20,19.98701286315918,20.347574820876254,19.984813844157483,20.19367536059797,403592000
2014-06-23,19.969425201416016,20.143110810506027,19.918857825661657,20.077153655584713,174776000
2014-06-24,19.848506927490234,20.169494990561965,19.828720784820497,19.95183903439312,156144000
2014-06-25,19.866086959838867,19.940836813412776,19.709990197352525,19.83310839258466,147476000
2014-06-26,19.984813690185547,20.017792265516814,19.742973600022953,19.868290844393755,130516000
2014-06-27,20.22224998474121,20.22664634373432,19.956224138274518,19.967217551796395,256116000
2014-06-30,20.43111801147461,20.60700262038807,20.246439004379482,20.248638023264885,197929200
2014-07-01,20.56083106994629,20.68175194506467,20.475087786629587,20.56083106994629,152892000
2014-07-02,20.552047729492188,20.679562364572313,20.46630272968081,20.6377910519429,113860000
2014-07-03,20.67295265197754,20.68834242540666,20.490472711775453,20.593804766525057,91567200
2014-07-07,21.099483489990234,21.103879851716485,20.68835405812739,20.697148458940337,225872000
2014-07-08,20.963172912597656,21.281963653777446,20.648780210529566,21.16543910036386,260888000
2014-07-09,20.97196388244629,21.095082119664358,20.83345586557596,20.982957301066552,145744000
2014-07-10,20.895015716552734,21.00714221644074,20.560835236161875,20.61360163455637,158744000
2014-07-11,20.934587478637695,21.081889884629085,20.85543956671634,20.965367035789328,136072000
2014-07-14,21.20500373840332,21.301740427984896,21.02912083058921,21.075290156791404,171240000
2014-07-15,20.95656967163086,21.29294741101923,20.892811547307076,21.2819556720833,181911600
2014-07-16,20.837848663330078,21.34791200118991,20.82905426540975,21.319331465968762,213585200
2014-07-17,20.466299057006836,20.947781994643947,20.351975206708165,20.892818250251047,229192000
2014-07-18,20.760906219482422,20.829060727810646,20.450909886711308,20.582824219083943,199952000
2014-07-21,20.653173446655273,20.886219144565736,20.604805091837616,20.88402012552128,156316000
2014-07-22,20.824663162231445,20.86203810480808,20.692750514845482,20.815868762091007,220788000
2014-07-23,21.36770248413086,21.519401254460128,20.923594559175918,20.97855829502162,371672000
2014-07-24,21.332521438598633,21.396279563153204,21.198409810632093,21.33472045733771,182916000
2014-07-25,21.473230361938477,21.51060529703939,21.24678005503769,21.292949388519986,173876000
2014-07-28,21.770030975341797,21.818399320642637,21.44684568851839,21.506205772158683,221272000
2014-07-29,21.62932586669922,21.862373216480414,21.60074533168751,21.838189041716706,172572000
2014-07-30,21.578767776489258,21.699687015539705,21.47323664240696,21.642525925382245,132040000
2014-07-31,21.018136978149414,21.42486837939489,20.95877686812654,21.36111190755422,227372000
2014-08-01,21.13465690612793,21.24238704527315,20.844448423204962,20.864236242024383,194044000
2014-08-04,21.015933990478516,21.23359159997358,20.923595313495245,21.187422261481945,159832000
2014-08-05,20.912607192993164,21.035725450286602,20.74551693140889,20.965371920781717,223732000
2014-08-06,20.877426147460938,20.991751662407605,20.822462409179703,20.831256808587924,154232000
2014-08-07,20.875215530395508,21.20000841731929,20.79125401949944,20.97464168353701,186844000
2014-08-08,20.932662963867188,20.95033925058579,20.610078316918315,20.82660861496252,167460000
2014-08-11,21.208850860595703,21.22873710667857,20.954759690738214,21.049767634747408,146340000
2014-08-12,21.204429626464844,21.405491902078335,21.124888024812375,21.21989595535819,135180000
2014-08-13,21.48503303527832,21.48503303527832,21.219895492686675,21.24419996408964,127664000
2014-08-14,21.542484283447266,21.55795061499185,21.38782096800144,21.504923433368095,112464000
2014-08-15,21.64853286743164,21.69493184606584,21.40106996234613,21.63085658441772,195804000
2014-08-18,21.909259796142578,21.95565879098672,21.648540430563305,21.761222981311775,190288000
2014-08-19,22.211952209472656,22.24509482127637,21.944604729475,21.964490970838533,277596000
2014-08-20,22.22079849243164,22.335691011645938,22.083809766784242,22.192075784054037,210796000
2014-08-21,22.223005294799805,22.302546906694108,22.119159207843154,22.22079533732951,133912000
2014-08-22,22.38650131225586,22.419643923448547,22.136830121250327,22.15892463347771,176736000
2014-08-25,22.435117721557617,22.57431471207615,22.377670622073744,22.490354863371863,161080000
2014-08-26,22.29149627685547,22.42627501029579,22.284868090899952,22.40859872394545,132608000
2014-08-27,22.565479278564453,22.662697199264418,22.249522721993557,22.320226204583353,209476000
2014-08-28,22.59198760986328,22.709090063214067,22.439532581921714,22.4461607682316,273840000
2014-08-29,22.647216796875,22.73559651663754,22.580931585627358,22.72675837609099,178380000
2014-09-02,22.823984146118164,22.921200354414868,22.69583359233668,22.770955284461564,214256000
2014-09-03,21.86064338684082,22.80188270810516,21.781101798325082,22.779788197007043,501684000
2014-09-04,21.679471969604492,22.11473918982033,21.60655854475731,21.840763464407935,342872000
2014-09-05,21.867267608642578,21.96006554985899,21.721440827557213,21.82970677801253,233828000
2014-09-08,21.73249626159668,21.942396678413356,21.664002760768724,21.94018840695036,185426800
2014-09-09,21.650753021240234,22.775382281116663,21.241998444997137,21.891587873800106,759385200
2014-09-10,22.315797805786133,22.340102274886316,21.599925160052866,21.655162283334516,403478400
2014-09-11,22.410808563232422,22.413018520440446,22.010892279455256,22.185441813413586,249412400
2014-09-12,22.461626052856445,22.578728491969123,22.333475514101565,22.362198213186623,250504400
2014-09-15,22.45499610900879,22.76874426937705,22.413017039051553,22.715715414110022,245266000
2014-09-16,22.284870147705078,22.373249901910437,21.849601248949153,22.050665231908937,267632400
2014-09-17,22.44394874572754,22.492557684814493,22.225208519836247,22.375453565330808,243706000
2014-09-18,22.490352630615234,22.61408327657042,22.43953372348157,22.52128529210403,149197600
2014-09-19,22.306961059570312,22.614079349377064,22.20532494865688,22.60082297838502,283609600
2014-09-22,22.32904815673828,22.56767286955805,22.222993852620235,22.492551211282994,211153600
2014-09-23,22.67815589904785,22.744441129157078,22.214164345393538,22.227420717134013,253608800
2014-09-24,22.481508255004883,22.724551250350792,22.35998591448035,22.572097942614654,240687200
2014-09-25,21.62423324584961,22.251726262141062,21.591090629196806,22.20753723040633,400368000
2014-09-26,22.260562896728516,22.260562896728516,21.741334223374782,21.770056923485082,249482000
2014-09-29,22.119159698486328,22.19207312529073,21.792155099478013,21.796575014516648,199065200
2014-09-30,22.260562896728516,22.435112425945086,22.211953953693094,22.27381926820967,221056400
2014-10-01,21.913673400878906,22.247306124675713,21.80761737382907,22.22520992500045,205965200
2014-10-02,22.072751998901367,22.143455440299707,21.661787718991324,21.933553387049344,191031200
2014-10-03,22.01089859008789,22.141257445777438,21.882748006536055,21.971127777458147,173878400
2014-10-06,22.01089859008789,22.238475362362127,21.966707861774886,22.08381034182249,148204800
2014-10-07,21.81866455078125,22.121364605073122,21.814246322455094,21.968909599419824,168376800
2014-10-08,22.271610260009766,22.340103758001124,21.721447261894,21.82087510182372,229618800
2014-10-09,22.32021713256836,22.620707232867286,22.229629122493275,22.43511129864323,309506000
2014-10-10,22.256145477294922,22.54337754595089,22.161137544917896,22.24730733408503,265326400
2014-10-13,22.05286979675293,22.488138622344337,22.05286979675293,22.388712469140643,214333600
2014-10-14,21.81866455078125,22.209742657222513,21.778893753032705,22.18101995884429,254754400
2014-10-15,21.551321029663086,21.907048317811146,21.029882334702084,21.646328970330647,403734400
2014-10-16,21.26849937438965,21.591083925871065,21.08069351926935,21.111626169020788,288618000
2014-10-17,21.58003807067871,21.873899959552567,21.39002223920412,21.54247723289268,272718800
2014-10-20,22.041824340820312,22.08601336956386,21.701563425244125,21.7236579396159,310069200
2014-10-21,22.640596389770508,22.76211707119539,22.375457139409487,22.76211707119539,378495600
2014-10-22,22.7554874420166,23.002950389521306,22.669317654681738,22.722344827110096,273052400
2014-10-23,23.162023544311523,23.210632466992983,22.89688442578611,22.996312227371646,284298800
2014-10-24,23.248201370239258,23.307856723351545,23.095746366269793,23.239363227981276,188215600
2014-10-27,23.223901748657227,23.305653317332492,23.133312035878934,23.166454654839374,136750800
2014-10-28,23.58404541015625,23.58404541015625,23.27692709104782,23.287975191730826,192243600
2014-10-29,23.71661376953125,23.723243641245656,23.500085159890986,23.564160434169196,210751600
2014-10-30,23.63707160949707,23.718821476815226,23.398446821518196,23.63265169544007,162619200
2014-10-31,23.862436294555664,23.8712744362084,23.687886789746294,23.864646251394635,178557200
2014-11-03,24.171768188476562,24.370622191670282,23.86464988353981,23.91104887000111,209130400
2014-11-04,23.995004653930664,24.191648666791295,23.800570597872714,24.162925971168924,166297600
2014-11-05,24.052452087402344,24.14966995972392,23.891158952478197,24.10547925153086,149743600
2014-11-06,24.121234893798828,24.141207358354578,23.92152040631433,24.0990445833019,139874000
2014-11-07,24.190032958984375,24.258823446211558,24.087956151384738,24.13233678320629,134766000
2014-11-10,24.15009117126465,24.261044450530207,24.11458530925358,24.192252266136936,108782000
2014-11-11,24.3431453704834,24.354241374054688,24.054667900766756,24.12123884315716,109769200
2014-11-12,24.68710708618164,24.727050338401146,24.269923324232366,24.27214117106861,187769600
2014-11-13,25.035497665405273,25.17529818667651,24.76477139528186,24.80915372244051,238091600
2014-11-14,25.337299346923828,25.33951888729082,24.67823637802775,25.108735786508177,176254400
2014-11-17,25.295122146606445,26.025194754557273,25.14200780870445,25.357255697408682,186986800
2014-11-18,25.623554229736328,25.67237395044041,25.272941411055125,25.284037417765298,176896000
2014-11-19,25.446029663085938,25.68346965967402,25.252972002737177,25.616898694834557,167476800
2014-11-20,25.809959411621094,25.932008734466155,25.485975937266193,25.49929148622134,173582000
2014-11-21,25.8454532623291,26.089550101459867,25.74781384947182,26.076236251711123,228717200
2014-11-24,26.324779510498047,26.35584629924817,25.87874846072287,25.92978603094964,189803200
2014-11-25,26.096210479736328,26.573309910680937,26.06292415794714,26.422413385847587,275361600
2014-11-26,26.406883239746094,26.42907355932818,26.14725294530865,26.171662804752806,163073200
2014-11-28,26.391345977783203,26.495642326843388,26.196068823870323,26.466793391904336,99257600
2014-12-01,25.534793853759766,26.462363562496954,24.691548048357557,26.36472411115206,335256000
2014-12-02,25.437152862548828,25.685688863193565,25.01996906544341,25.186399014880948,237395600
2014-12-03,25.725629806518555,25.818830163503463,25.543666479209186,25.68568655452319,172253600
2014-12-04,25.627988815307617,26.007448839739737,25.583608179343866,25.69012238286197,168178000
2014-12-05,25.519256591796875,25.75891610350379,25.43937008789457,25.738943631021794,153275600
2014-12-08,24.94229507446289,25.44158478225369,24.769208246644084,25.31953550981093,230659600
2014-12-09,25.32398223876953,25.363925495179778,24.265486790404555,24.451889217990043,240832000
2014-12-10,24.842443466186523,25.485972951871183,24.751462639552038,25.388335198045517,178261200
2014-12-11,24.769216537475586,25.25297301733569,24.7070812642441,24.91123663312139,165606800
2014-12-12,24.349817276000977,24.824697368177702,24.316530940135372,24.51180818125975,224112400
2014-12-15,24.01696014404297,24.764784554139197,23.59977451214193,24.565068208336953,268872400
2014-12-16,23.688522338867188,24.445224427162238,23.579788612010965,23.604198466021288,243162800
2014-12-17,24.278797149658203,24.374215343623103,23.70405828818512,23.770630932313722,213647200
2014-12-18,24.99777603149414,24.99777603149414,24.556182420949586,24.82468917374365,236024800
2014-12-19,24.804718017578125,25.128701431352987,24.778090310673253,24.91123392423632,353719200
2014-12-22,25.0621280670166,25.18417566232007,24.846878427447695,24.88904121668652,180670000
2014-12-23,24.973365783691406,25.14867217850585,24.955612851631336,25.126481859937154,104113600
2014-12-24,24.85576057434082,25.011094528598903,24.85576057434082,24.982247277954723,57918400
2014-12-26,25.295122146606445,25.41273232391243,24.855748212783624,24.87571898567908,134884000
2014-12-29,25.277379989624023,25.468218095753336,25.23077811677588,25.250750589855496,110395600
2014-12-30,24.96892738342285,25.279596930874405,24.87794656691232,25.21746335998666,119526000
2014-12-31,24.494041442871094,25.104284382207727,24.4563177402169,25.035493901719207,165613600
2015-01-02,24.261043548583984,24.729266505118662,23.82166783410134,24.718170500399545,212818400
2015-01-05,23.577577590942383,24.110153799834524,23.391176848987335,24.030267283850048,257142000
2015-01-06,23.57979393005371,23.83942422525078,23.218085117057225,23.641927502270494,263188400
2015-01-07,23.910430908203125,24.010288179106578,23.677428352078227,23.788381627754344,160423600
2015-01-08,24.829124450683594,24.886820629369133,24.12124199427357,24.23885389125135,237458000
2015-01-09,24.85576057434082,25.13092430460362,24.456327987658426,25.00221806078228,214798000
2015-01-12,24.2432918548584,24.99333542358363,24.143434579343243,24.986678497617646,198603200
2015-01-13,24.458541870117188,25.031061214255764,24.16784481167261,24.72704861065984,268367600
2015-01-14,24.36534309387207,24.51845748240021,24.076863863464137,24.196693619494532,195826400
2015-01-15,23.704065322875977,24.42304230497845,23.66856114368005,24.40972844940662,240056000
2015-01-16,23.519872665405273,23.87270492884302,23.34456630335931,23.75065566000961,314053200
2015-01-20,24.125686645507812,24.18116329739943,23.63305370582818,23.93040774732097,199599600
2015-01-21,24.309864044189453,24.644941726946904,24.02582222854224,24.176718755318422,194303600
2015-01-22,24.94229507446289,24.9578284643181,24.347585488129347,24.467415221160643,215185600
2015-01-23,25.07100486755371,25.24187218046509,24.749239327247817,24.92010833317196,185859200
2015-01-26,25.097637176513672,25.37723997831194,25.0310662095228,25.23965727104322,222460000
2015-01-27,24.218889236450195,24.960058254091365,24.19447937193723,24.94674270516679,382274800
2015-01-28,25.588045120239258,26.211603710653883,25.588045120239258,26.10286827631415,585908400
2015-01-29,26.384687423706055,26.449040522197077,25.643518714371965,25.812168155485935,337745600
2015-01-30,25.998571395874023,26.62878516547763,25.92977921628133,26.273735035207107,334982000
2015-02-02,26.324779510498047,26.44460927839695,25.758918692823972,26.19607496839598,250956400
2015-02-03,26.329219818115234,26.42685757601918,26.0984367387742,26.295933487755963,207662800
2015-02-04,26.531150817871094,26.741963089882017,26.25376758602479,26.295930379029553,280598800
2015-02-05,26.72052001953125,26.785127115673475,26.566799628720617,26.738341318709153,168984800
2015-02-06,26.495502471923828,26.789575078393263,26.388566206073904,26.7383343948269,174826400
2015-02-09,26.6715030670166,26.698235861064884,26.384113633136508,26.410848126879227,155559200
2015-02-10,27.183900833129883,27.212863625618194,26.769527237525242,26.7717538371825,248034000
2015-02-11,27.821062088012695,27.829973586883128,27.290840652931514,27.350991145688674,294247200
2015-02-12,28.173059463500977,28.40029844206424,27.974783282031957,28.08394617190155,297898000
2015-02-13,28.311180114746094,28.355735902773322,27.992601301237766,28.355735902773322,217088800
2015-02-17,28.478271484375,28.712193658661604,28.275538706700655,28.402524592820477,252609600
2015-02-18,28.676544189453125,28.68991058646957,28.393609654845907,28.43371054558967,179566800
2015-02-19,28.616395950317383,28.74561013827924,28.58966315259746,28.623079149747365,149449600
2015-02-20,28.85031509399414,28.85031509399414,28.527281357761577,28.65426553296407,195793600
2015-02-23,29.630062103271484,29.630062103271484,28.885969630215854,28.966171438049933,283896400
2015-02-24,29.44515037536621,29.763730985600972,29.222367967987132,29.616693780877235,276912400
2015-02-25,28.692140579223633,29.318161908432362,28.54955999520564,29.309248709774774,298846800
2015-02-26,29.055269241333008,29.155520603643392,28.206469161376234,28.692132978491976,365150000
2015-02-27,28.618633270263672,29.088704346954383,28.569620862313723,28.9617167265231,248059200
2015-03-02,28.75897789001465,29.02408947783968,28.58298129776372,28.79462388824429,192386800
2015-03-03,28.81913185119629,28.854777851607913,28.536197246937284,28.73002024955693,151265200
2015-03-04,28.636444091796875,28.863683059023995,28.587435098266674,28.76120507338472,126665200
2015-03-05,28.16191864013672,28.683228541068605,28.01710976775747,28.645355948203196,226068400
2015-03-06,28.204252243041992,28.821358759432627,28.128507040900164,28.605259553788784,291368400
2015-03-09,28.324548721313477,28.865911616282308,27.861161011018062,28.507230185990295,354114000
2015-03-10,27.738632202148438,28.34237219558365,27.580456930040572,28.161919027348322,275426400
2015-03-11,27.232913970947266,27.796553044141444,27.20395287735549,27.7920981450098,275756000
2015-03-12,27.725265502929688,27.82551859010092,27.09701928216281,27.248511363041793,193450800
2015-03-13,27.53367042541504,27.936907643564236,27.308661470752785,27.714125288670893,207309200
2015-03-16,27.836654663085938,27.836654663085938,27.3732686550269,27.598277610489713,143497200
2015-03-17,28.302270889282227,28.3646496774058,27.992603548458405,28.04829913781081,204092400
2015-03-18,28.620849609375,28.774569979250792,28.153007000698736,28.293359273393268,261083600
2015-03-19,28.40475082397461,28.794619952931125,28.38247292797314,28.683228773229263,183238000
2015-03-20,28.048297882080078,28.605252050974638,27.883439420892177,28.57183605861484,274780400
2015-03-23,28.34014320373535,28.482723775101412,28.186422834730436,28.32009360761879,150838800
2015-03-24,28.22429847717285,28.525052631476665,28.195335681803996,28.344601158711114,131369200
2015-03-25,27.486886978149414,28.253258840820795,27.486886978149414,28.190880051941875,206620800
2015-03-26,27.67848014831543,27.821060723861976,27.31311721101558,27.348763204749485,190291600
2015-03-27,27.45793342590332,27.780967256918306,27.38218821851304,27.752006154038785,158184800
2015-03-30,28.15300941467285,28.159692613989286,27.62501457264434,27.636154371301487,188398800
2015-03-31,27.720806121826172,28.179737189841585,27.70521142630218,28.090623915549788,168362400
2015-04-01,27.680709838867188,27.874531115222556,27.42450977003734,27.80769572346012,162485600
2015-04-02,27.91908836364746,27.972555660024614,27.667344880997593,27.85448126816499,128880400
2015-04-06,28.371335983276367,28.406981980219054,27.698533938082665,27.729723335560173,148776000
2015-04-07,28.07280731201172,28.542876555563243,28.066124112769437,28.435941968297502,140049200
2015-04-08,27.981470108032227,28.15969671433038,27.841117802866478,28.037165710038536,149316800
2015-04-09,28.195337295532227,28.19979389493384,27.77205213589063,28.037162010668165,129936000
2015-04-10,28.31563377380371,28.340139966053933,27.90571510288052,28.059433754629573,160752000
2015-04-13,28.25994110107422,28.6431287193776,28.206473812338743,28.598569529324855,145460400
2015-04-14,28.13741111755371,28.357965165260012,28.05052613816352,28.2933580806401,102098400
2015-04-15,28.24435043334961,28.322323927981227,28.072808745160057,28.16192203889392,115881600
2015-04-16,28.108449935913086,28.315637598572906,28.095083538223587,28.132956131473513,113476000
2015-04-17,27.79210090637207,28.101768267469506,27.727493814530177,27.97032748384589,207828000
2015-04-20,28.427026748657227,28.54287281964804,27.88566558485998,27.974778862380663,188217200
2015-04-21,28.273311614990234,28.56069937881998,28.219842621989464,28.538423181278237,129740400
2015-04-22,28.654266357421875,28.709961948008925,28.14186794383772,28.29113171868433,150618000
2015-04-23,28.888181686401367,29.055268418650506,28.54732502456418,28.58297100996385,183083600
2015-04-24,29.02408790588379,29.102063097864274,28.790165729331633,29.070873700949942,178103600
2015-04-27,29.55208396911621,29.659021968564115,29.217910369468203,29.47633876904951,387816800
2015-04-28,29.08646583557129,29.97313872098423,28.865913463725736,29.95531912275343,475696000
2015-04-29,28.658727645874023,29.31593504246109,28.58298244613496,28.997357843881694,253544400
2015-04-30,27.881210327148438,28.658720221632425,27.75422446071584,28.658720221632425,332781600
2015-05-01,28.727783203125,28.990668142439187,27.914628989612147,28.092853848868014,234050400
2015-05-04,28.672088623046875,29.088693941596958,28.57406384221156,28.850315188257536,203953200
2015-05-05,28.026029586791992,28.616401649955876,28.02157298648792,28.549566242954867,197085600
2015-05-06,27.850025177001953,28.23766603361999,27.482433918282176,28.195336838464158,288564000
2015-05-07,28.022279739379883,28.205724258322007,27.74487450055496,27.912659183982296,175763600
2015-05-08,28.55024528503418,28.55024528503418,28.212438276395325,28.339954580653217,222201600
2015-05-11,28.25942039489746,28.536823981073006,28.105057909841154,28.49879318837039,168143200
2015-05-12,28.15876007080078,28.384709005179367,27.923860703494142,28.098356596101365,192640000
2015-05-13,28.1900691986084,28.45405054686139,28.15874952227282,28.22138887494398,138776800
2015-05-14,28.847782135009766,28.847782135009766,28.447337485428147,28.503265718886325,180814000
2015-05-15,28.80751609802246,28.968589687117905,28.682237398412347,28.874630662410322,152832000
2015-05-18,29.12518310546875,29.243750669822575,28.71578808731596,28.720263301137226,203531600
2015-05-19,29.098339080810547,29.279545986994837,29.00214075696194,29.23703998903299,178532800
2015-05-20,29.096101760864258,29.301917237151514,28.935028185754533,29.08267953186982,145819600
2015-05-21,29.393644332885742,29.447336669720922,29.04465267742884,29.09834501426402,158921600
2015-05-22,29.650907516479492,29.747105842608658,29.3958749362504,29.44062024901081,182384000
2015-05-26,28.997669219970703,29.7336866795476,28.885812753714266,29.66433621664276,282790400
2015-05-27,29.539043426513672,29.588260526958027,29.093857036476837,29.158732261469552,183332800
2015-05-28,29.480886459350586,29.518917243713908,29.3287633218973,29.498783901448864,122933200
2015-05-29,29.145313262939453,29.407056918684678,29.060301277563408,29.357839812791976,203538000
2015-06-01,29.2034969329834,29.393654370655586,29.09387973486238,29.14533277507408,128451200
2015-06-02,29.0737247467041,29.230323065766473,28.930548653048884,29.05135209530062,134670400
2015-06-03,29.109521865844727,29.292968084951948,29.060304754064152,29.23032874515631,123934000
2015-06-04,28.939504623413086,29.21243466979933,28.838834488110578,28.988721740865582,153800400
2015-06-05,28.78066635131836,29.013329704244754,28.71579110523769,28.970823702445415,142507200
2015-06-08,28.590518951416016,28.905955066130172,28.37351709209542,28.836601176310815,210699200
2015-06-09,28.505502700805664,28.65315406199824,28.102820428705932,28.34442910924805,224301600
2015-06-10,28.832124710083008,28.9350307505541,28.601698948890817,28.617358786370456,156349200
2015-06-11,28.767240524291992,29.12294321025097,28.742631969148345,28.899230313886143,141563600
2015-06-12,28.449573516845703,28.709081340547552,28.436151286928105,28.677761666210326,147544800
2015-06-15,28.393646240234375,28.465234313531752,28.122953784741334,28.210201695735194,175955600
2015-06-16,28.545774459838867,28.601702702004225,28.270608464190236,28.418258135973634,125976400
2015-06-17,28.478662490844727,28.608414719593775,28.353382063825755,28.572621531013038,131672400
2015-06-18,28.608415603637695,28.704612254438228,28.460765922638398,28.463003530367136,141628800
2015-06-19,28.32205581665039,28.594985856820955,28.277313914600267,28.570377298655142,218867600
2015-06-22,28.547998428344727,28.64866853342845,28.429430884688088,28.52115227048535,136157200
2015-06-23,28.418251037597656,28.548004936641735,28.384693759321557,28.518922872425954,121075600
2015-06-24,28.65986442565918,29.037939834440518,28.43838909647216,28.458522441491773,221123600
2015-06-25,28.523399353027344,28.90371066168334,28.523399353027344,28.827649082669843,127752400
2015-06-26,28.35561752319336,28.633021114156875,28.30192689099271,28.561433035624535,176267200
2015-06-29,27.85897445678711,28.29297814257392,27.847789832935604,28.067027576522655,196645600
2015-06-30,28.060317993164062,28.21468048917627,27.93280166809144,28.091637672529654,177482800
2015-07-01,28.32205581665039,28.39811909828859,28.18559079656511,28.389170376519733,120955200
2015-07-02,28.28626823425293,28.342196476280925,28.136379248454087,28.284030626669352,108844000
2015-07-06,28.18782615661621,28.239280875986704,27.93055597335178,27.95069102242511,112241600
2015-07-07,28.118480682373047,28.221388432547396,27.68895052960031,28.163222588781263,187787200
2015-07-08,27.420501708984375,27.883587540026614,27.413790592226395,27.847794348385825,243046400
2015-07-09,26.861207962036133,27.753821959364338,26.67105233749369,27.706842454956956,314380000
2015-07-10,27.57933235168457,27.70684866560066,27.116246610958314,27.279557816328783,245418000
2015-07-13,28.11177635192871,28.134147310532096,27.81200004490019,27.970836069817384,165762000
2015-07-14,28.100589752197266,28.270612108197845,27.973073411895513,28.196786409392956,127072400
2015-07-15,28.371273040771484,28.445098715549413,28.093869492059643,28.125189164972554,134596800
2015-07-16,28.749347686767578,28.762773330113234,28.48984157296087,28.5770894799712,144889600
2015-07-17,28.997669219970703,28.997669219970703,28.70460582455299,28.87686573839267,184658800
2015-07-20,29.54576873779297,29.747109012316272,29.239279697949044,29.299683145741415,235600800
2015-07-21,29.25046730041504,29.735923977146935,29.154272373437163,29.72026584620132,307025600
2015-07-22,28.013336181640625,28.075975535245707,27.29074259416629,27.29074259416629,461802400
2015-07-23,27.999914169311523,28.431678532431583,27.977541508454113,28.232574139720224,203998000
2015-07-24,27.85226058959961,28.1296641529109,27.718033169080872,28.03570512922721,168649200
2015-07-27,27.465238571166992,27.653158339783495,27.31982651671652,27.536826648069855,177822000
2015-07-28,27.60170555114746,27.720274858641236,27.416025083702415,27.60170555114746,134472400
2015-07-29,27.514461517333984,27.62855562575583,27.353387883513673,27.550256416758387,148046800
2015-07-30,27.375751495361328,27.420493398050073,27.22810014425895,27.364565166292053,134513200
2015-07-31,27.136381149291992,27.436155678960716,27.04913323652009,27.427206956266886,171540000
2015-08-03,26.496557235717773,27.420490926640174,26.290740064234996,27.18111818456229,279904000
2015-08-04,25.646448135375977,26.331009100995956,25.3354873237516,26.268369758624726,496554400
2015-08-05,25.81647491455078,26.2728495398974,25.078221492738294,25.268377159934126,397250400
2015-08-06,25.872655868530273,26.180530535835594,25.6456842631462,26.061426250639563,211612000
2015-08-07,25.960298538208008,26.12434896783575,25.73107919842747,25.749057656513823,154681600
2015-08-10,26.90414810180664,26.964823257152304,26.18727291592603,26.18727291592603,219806400
2015-08-11,25.50410270690918,26.558066106440315,25.46814750972999,26.474917034026074,388331200
2015-08-12,25.89737892150879,25.93782960005388,24.63666810712716,25.288372721677934,404870000
2015-08-13,25.87714958190918,26.15805654281892,25.740066847823627,26.077155200915314,194143200
2015-08-14,26.05917739868164,26.13783100680857,25.620963214460115,25.690627593869674,171718000
2015-08-17,26.32884979248047,26.438964846684726,25.955804506474045,26.07715652549348,163538800
2015-08-18,26.18052864074707,26.39177122306131,26.070413592624128,26.16479791958665,138242800
2015-08-19,25.845687866210938,26.185022236948075,25.771528017829972,26.090637910565032,193146000
2015-08-20,25.315326690673828,25.697359336345944,25.086105731655024,25.636684208675916,274006400
2015-08-21,23.766979217529297,25.146794222652353,23.742259265115024,24.81644732631634,513102000
2015-08-24,23.173702239990234,24.450143592679783,20.674753193310664,21.31971621993792,648825200
2015-08-25,23.31302261352539,24.96925014611547,23.25908897423031,24.96925014611547,414406400
2015-08-26,24.65015411376953,24.695098552521703,23.607427361131087,24.065866122868652,387098400
2015-08-27,25.376012802124023,25.447924921183624,24.724308258728797,25.220953313398102,338464400
2015-08-28,25.459157943725586,25.46365170036834,25.06588822846854,25.207464708733916,212657600
2015-08-31,25.340055465698242,25.737818965695475,25.169263554370836,25.176005047071126,224917200
2015-09-01,24.207443237304688,25.142300893154797,24.126541879694923,24.75352654391043,307383600
2015-09-02,25.24566650390625,25.24566650390625,24.524297721583192,24.77149718879779,247555200
2015-09-03,24.802955627441406,25.34454322528703,24.7287957962469,25.27937262040576,212935600
2015-09-04,24.555763244628906,24.820939496231958,24.384973039170745,24.488346599691244,199985200
2015-09-08,25.238924026489258,25.295105409658913,24.79172069652434,25.11307827683555,219374400
2015-09-09,24.753520965576172,25.623207792112183,24.6681241548325,25.564780380521217,340043200
2015-09-10,25.2973575592041,25.4569125095044,24.697340693739587,24.780488058046473,251571200
2015-09-11,25.665903091430664,25.665903091430664,25.11532621767221,25.122067709384552,199662000
2015-09-14,25.913101196289062,26.26816795724045,25.811975390160278,26.198503589219275,233453600
2015-09-15,26.131093978881836,26.187275382075,25.713104201963056,26.052440357315476,173364800
2015-09-16,26.160303115844727,26.18951682125369,25.942319049544135,26.12434620347682,148694000
2015-09-17,25.600736618041992,26.17828126650722,25.555792189683,25.991760345749377,256450400
2015-09-18,25.495115280151367,25.686133386637962,25.140050181897784,25.21645605287639,297141200
2015-09-21,25.89063835144043,25.926595273439382,25.54231467080771,25.544560692542337,200888000
2015-09-22,25.4838809967041,25.65916667396787,25.286121389928482,25.479385524993692,201384800
2015-09-23,25.690631866455078,25.780522454058364,25.461412496861033,25.535570645702418,143026800
2015-09-24,25.84343719482422,25.955799965236498,25.252409639682764,25.45016749838124,200878000
2015-09-25,25.77826499938965,26.223222297289446,25.623203837095524,26.16704091553299,224607600
2015-09-28,25.268138885498047,25.74680364231483,25.268138885498047,25.585000988033183,208436000
2015-09-29,24.508569717407227,25.50859951637357,24.23889972359608,25.355786062675254,293461600
2015-09-30,24.787227630615234,25.0658868188322,24.434408603064135,24.758012213260688,265892000
2015-10-01,24.625425338745117,24.634414566180237,24.11529739755104,24.510814832097136,255716400
2015-10-02,24.805212020874023,24.946790251361485,24.169239852575654,24.272613426625988,232079200
2015-10-05,24.895097732543945,25.02768670699786,24.51081722343039,24.692844381821025,208258800
2015-10-06,25.014202117919922,25.11083417955277,24.668124541712046,24.861388664977746,192787200
2015-10-07,24.895097732543945,25.117575561079164,24.58722480682349,25.110834068475068,187062400
2015-10-08,24.60744857788086,24.76250976140156,24.317552402590827,24.76250976140156,247918400
2015-10-09,25.196226119995117,25.232181311930823,24.605196900402497,24.719807396579416,211064400
2015-10-12,25.079368591308594,25.33780329150953,25.043413398365352,25.333309535336518,121868800
2015-10-13,25.122068405151367,25.270386370489963,24.872622917767544,24.904084356309667,132197200
2015-10-14,24.767004013061523,25.06139395100104,24.620932054675972,25.009708031807985,177849600
2015-10-15,25.137805938720703,25.19173960305315,24.829931247220777,24.928811060597162,150694000
2015-10-16,24.953529357910156,25.16926571544296,24.838918828604545,25.119825812035828,156930400
2015-10-19,25.10858917236328,25.11308292946071,24.744533124749246,24.899594319671532,119036800
2015-10-20,25.56702423095703,25.656914790914158,24.904084565997888,25.020941093778276,195871200
2015-10-21,25.564786911010742,25.973787469225986,25.551302207989742,25.61872057953352,167180800
2015-10-22,25.95579719543457,25.95579719543457,25.64118112894962,25.69286875221228,166616400
2015-10-23,26.76032257080078,26.794031750821848,26.142327223655005,26.225474591250833,237467600
2015-10-26,25.906368255615234,26.54683590638157,25.825466898200503,26.535600654503074,265335200
2015-10-27,25.7423152923584,26.189518706374272,25.616467804532167,25.93333168813241,279537600
2015-10-28,26.803016662597656,26.809759869563173,26.0816478240831,26.27715967760422,342205600
2015-10-29,27.0861759185791,27.122132837050888,26.578295589546713,26.67492766478933,204909200
2015-10-30,26.854707717895508,27.241236002886353,26.843470752707567,27.189548363350063,197461200
2015-11-02,27.232242584228516,27.27269325235393,26.87942353455905,27.146847491305937,128813200
2015-11-03,27.544612884521484,27.751359996222238,27.124375453862754,27.144601646594364,182076000
2015-11-04,27.416515350341797,27.825515756659545,27.33112026401867,27.670454588408827,179544400
2015-11-05,27.29012680053711,27.68959456239949,27.123118565007847,27.500016203754974,158210800
2015-11-06,27.321735382080078,27.491001051581204,27.222434026837163,27.33302044879059,132169200
2015-11-09,27.211135864257812,27.490987821028373,27.093779147501966,27.29915383228935,135485600
2015-11-10,26.35352897644043,26.646923419181427,26.19329105588032,26.382869453829933,236511600
2015-11-11,26.2045841217041,26.50023429001817,26.001464962539675,26.26326337254261,180872000
2015-11-12,26.116558074951172,26.36481398342589,26.10076001864439,26.238429532971633,130102400
2015-11-13,25.35373306274414,26.082704449365423,25.33793500653174,25.9991994540376,183249600
2015-11-16,25.76900291442871,25.782543615585908,25.05131648149003,25.137077125251025,152426800
2015-11-17,25.658403396606445,25.965338426342377,25.57489843112325,25.935997959677767,110467600
2015-11-18,26.47088623046875,26.51602304027381,26.066905411835414,26.125584642069136,186698800
2015-11-19,26.807157516479492,27.026074638737438,26.35126958290528,26.54987393741683,173183200
2015-11-20,26.92452049255371,27.064445646040554,26.822960080463307,26.901950364183147,137148400
2015-11-23,26.574703216552734,27.021565225710173,26.48217051474164,26.91774746011661,129930000
2015-11-24,26.82973289489746,26.935806309290797,26.43252408260051,26.479918257186196,171212800
2015-11-25,26.637897491455078,26.908723546347577,26.61307172671012,26.904208831743524,85553200
2015-11-27,26.588241577148438,26.723655443192385,26.54084741277659,26.69657232561183,52185600
2015-11-30,26.69883155822754,26.949344817405905,26.574702746253053,26.62886726336058,156721200
2015-12-01,26.482168197631836,26.81392907024415,26.373839170978123,26.800388372377142,139409600
2015-12-02,26.242942810058594,26.655951357520163,26.19780599779505,26.482171014401594,133546400
2015-12-03,25.999202728271484,26.3580467958002,25.77802991344428,26.303882270801992,166278000
2015-12-04,26.863582611083984,26.91323413614076,25.978888032181946,26.01951185069576,231108000
2015-12-07,26.694320678710938,27.05090738809892,26.588247264487748,26.852302982269016,128336800
2015-12-08,26.683029174804688,26.766532433082066,26.373836734487742,26.52278956284062,137238000
2015-12-09,26.093982696533203,26.561155633182945,25.972111271077807,26.549870572325425,185445600
2015-12-10,26.218120574951172,26.391900941455514,26.069167696949552,26.188781815217627,116850800
2015-12-11,25.543312072753906,26.04208125585139,25.468834782309646,25.996944443262823,187544800
2015-12-14,25.385326385498047,25.430463188980536,24.7782265640641,25.31761945841563,257274800
2015-12-15,24.936216354370117,25.457555753963696,24.904620235832244,25.263464327597138,213292400
2015-12-16,25.128042221069336,25.274739421745334,24.55479755936229,25.067107361453118,224954000
2015-12-17,24.595422744750977,25.333420059237366,24.595422744750977,25.281511180339965,179091200
2015-12-18,23.929643630981445,24.717292467295476,23.87999210904976,24.579624686292426,385813200
2015-12-21,24.22304916381836,24.23207687393563,23.825838527956797,24.211764095706865,190362400
2015-12-22,24.200475692749023,24.31106210532407,24.02443796503497,24.238842161335977,131157600
2015-12-23,24.511913299560547,24.566077803710616,24.193693178729482,24.209491230850695,130629600
2015-12-24,24.381025314331055,24.599942509407683,24.36296989740819,24.599942509407683,54281600
2015-12-28,24.107938766479492,24.304287512043896,23.963498903716822,24.281717384476803,106816800
2015-12-29,24.541261672973633,24.696986620575306,24.11696973397246,24.139538142732025,123724800
2015-12-30,24.220787048339844,24.532235237842052,24.189190930065386,24.50515383466926,100855200
2015-12-31,23.755870819091797,24.1553370051982,23.656567751012776,24.15082401203973,163649200
2016-01-04,23.776182174682617,23.780696889758005,23.020129254328968,23.157798792520264,270597600
2016-01-05,23.180362701416016,23.889021307034476,23.1126574851651,23.866452901617503,223164000
2016-01-06,22.726722717285156,23.103622020813788,22.539403465549924,22.69512661593905,273829600
2016-01-07,21.76756477355957,22.59809507469187,21.76305177991546,22.270848796920983,324377600
2016-01-08,21.882658004760742,22.36788643447157,21.837521197193666,22.24150199579669,283192000
2016-01-11,22.236984252929688,22.356598326362246,21.96841563546961,22.336287282281365,198957600
2016-01-12,22.55971908569336,22.724471694885743,22.306948501764648,22.692875587126995,196616800
2016-01-13,21.97970962524414,22.837322975445637,21.959398572912605,22.640974193610955,249758400
2016-01-14,22.460424423217773,22.677085988429933,21.607325751935132,22.108352393001923,252680400
2016-01-15,21.921024322509766,22.05192347421547,21.521558240345804,21.711134897139864,319335600
2016-01-19,21.81494903564453,22.264066564451237,21.55315077564719,22.209902060329167,212350800
2016-01-20,21.84429168701172,22.16025450759533,21.08372424940403,21.46287928973259,289337600
2016-01-21,21.733707427978516,22.09029237739257,21.426772283320556,21.905228692101065,208646000
2016-01-22,22.889223098754883,22.89825080429807,22.200877339209892,22.25955484245245,263202000
2016-01-25,22.442359924316406,22.914045854564474,22.390451054712887,22.911788498009916,207178000
2016-01-26,22.566490173339844,22.76735188861004,22.133170634005857,22.55294947581653,300308000
2016-01-27,21.08371925354004,21.80817569571154,21.065663845931535,21.6750209387803,533478800
2016-01-28,21.234928131103516,21.331973788794578,20.85126021289699,21.16722293946266,222715200
2016-01-29,21.968416213989258,21.968416213989258,21.293611200413775,21.392914232380512,257666000
2016-02-01,21.763046264648438,21.826238490808326,21.53058840904926,21.77207397150828,163774000
2016-02-02,21.322961807250977,21.675033856144044,21.277823261329132,21.53510694657552,149428800
2016-02-03,21.74498748779297,21.855573866469204,21.232677686209847,21.4403097462963,183857200
2016-02-04,21.919715881347656,22.085362531753155,21.599770613033634,21.75180135564528,185886800
2016-02-05,21.33427619934082,21.992321676267277,21.25939651742458,21.901556484415,185672400
2016-02-08,21.55891990661621,21.715488084215153,21.111902776017924,21.132324034799613,216085600
2016-02-09,21.55438232421875,21.769949882242138,21.31385602508739,21.395544528792783,177324800
2016-02-10,21.39101219177246,21.86298998016111,21.352437533514472,21.76541766555387,169374400
2016-02-11,21.26166534423828,21.49311668038653,21.009792747889836,21.282088335640594,200298800
2016-02-12,21.32746696472168,21.44319261595702,21.105094084844062,21.37285042167763,161405600
2016-02-16,21.928787231445312,21.976438569103458,21.468155902881136,21.561188972251205,196231600
2016-02-17,22.264623641967773,22.285044907114546,21.817606372039087,21.935599943470816,179452800
2016-02-18,21.842567443847656,22.439345868012,21.803991056628924,22.42799956626486,156084000
2016-02-19,21.792640686035156,21.9560176929772,21.738182260788516,21.783563993293694,141496800
2016-02-22,21.983247756958008,21.987786969284326,21.765412307755714,21.853907904894076,137123200
2016-02-23,21.48630714416504,21.897017488144588,21.454539588896008,21.874326624552697,127770400
2016-02-24,21.806255340576172,21.86979045996581,21.17543989634739,21.325202733081966,145022800
2016-02-25,21.956016540527344,21.956016540527344,21.613378765130957,21.794909148027568,110330800
2016-02-26,21.99005699157715,22.241927881981823,21.9151755675962,22.05585999073366,115964400
2016-02-29,21.94013214111328,22.289576993021118,21.931055449105056,21.978706783746762,140865200
2016-03-01,22.811473846435547,22.865932267395028,22.105777054961564,22.15796760131581,201628400
2016-03-02,22.861400604248047,22.893168168824754,22.609527962816713,22.806942169431185,132678400
2016-03-03,23.03158187866211,23.079233219632314,22.793323442608855,22.8228231283539,147822800
2016-03-04,23.37421989440918,23.542134392326258,23.002084125402565,23.22899626412378,184220400
2016-03-07,23.115541458129883,23.333376915463656,22.90905056963086,23.233535014984803,143315600
2016-03-08,22.924936294555664,23.09058294064811,22.781982250461272,22.868208251965473,126247600
2016-03-09,22.945356369018555,23.04973574635203,22.7524796638044,22.988468498680962,108806800
2016-03-10,22.956693649291992,23.19948949433981,22.725244100196623,23.011153792421716,134054400
2016-03-11,23.20403289794922,23.20857037842906,23.03157920928109,23.199493686267363,109632800
2016-03-14,23.263029098510742,23.351526415421585,23.095114619371216,23.12461430207551,100304400
2016-03-15,23.730478286743164,23.8666252604754,23.5648316190471,23.589792099538325,160270800
2016-03-16,24.04588508605957,24.123034399793863,23.732745155437136,23.737284368717166,153214000
2016-03-17,24.007308959960938,24.159339702687944,23.816701831525013,23.943772096347285,137682800
2016-03-18,24.03453254699707,24.166141998722768,23.868887660516602,24.12983522671478,176820800
2016-03-21,24.03226661682129,24.427093272745285,23.857543291998166,24.036804098088368,142010800
2016-03-22,24.216060638427734,24.345400471784775,23.873422867842528,23.88249955998011,129777600
2016-03-23,24.08218765258789,24.2954856434828,24.029998823668357,24.16160829597383,102814000
2016-03-24,23.977807998657227,24.109417469508774,23.800816787402866,23.932426258254416,104532000
2016-03-28,23.868892669677734,24.095804848741267,23.839392978429853,24.052690980734383,77645600
2016-03-29,24.433900833129883,24.458861308587686,23.798546108898673,23.800815715177297,124760400
2016-03-30,24.860490798950195,25.055635356609592,24.642655376000597,24.65400167424672,182404400
2016-03-31,24.731157302856445,24.93764821170051,24.706196825277438,24.896803951225998,103553600
2016-04-01,24.958066940307617,24.9603365465485,24.55189398330587,24.683503446039865,103496000
2016-04-04,25.214473724365234,25.45726960740488,25.021597050203127,25.055634212184792,149424800
2016-04-05,24.91722297668457,25.125983473239945,24.828727375476166,24.849150369479364,106314800
2016-04-06,25.17816925048828,25.182708462473773,24.77880342466941,25.012524368262575,105616400
2016-04-07,24.629043579101562,25.055637773799035,24.533740896967373,24.948988792324112,127207600
2016-04-08,24.65627098083496,24.90814183306138,24.54508279921921,24.71299900897286,94326800
2016-04-11,24.737958908081055,25.098750084172945,24.694846781893023,24.72661434064299,117630000
2016-04-12,25.060182571411133,25.07379674869256,24.65627915417122,24.810577779900978,108929200
2016-04-13,25.42323875427246,25.49131136392623,25.141868159058266,25.141868159058266,133029200
2016-04-14,25.436853408813477,25.502658144559245,25.262131803090348,25.327936538836116,101895600
2016-04-15,24.926301956176758,25.482237820942157,24.8990736032789,25.439123953917218,187756000
2016-04-18,24.388521194458008,24.722080635634136,24.26598841289836,24.708466459195005,243286000
2016-04-19,24.259180068969727,24.506513494558018,24.104879729570712,24.479283411886755,129539600
2016-04-20,24.30909538269043,24.526930815436103,24.066299477642445,24.197908925926956,122444000
2016-04-21,24.04588508605957,24.263720581030217,23.94377356169036,24.263720581030217,126210000
2016-04-22,23.98007583618164,24.161606246807402,23.73954951362446,23.82804511272389,134732400
2016-04-25,23.843923568725586,23.973263394770097,23.71458374268107,23.825770185476763,112126400
2016-04-26,23.67827796936035,23.893845509277718,23.578437819707894,23.578437819707894,224064800
2016-04-27,22.196548461914062,22.398500155279798,21.710956555259095,21.78356838061304,458408400
2016-04-28,21.518075942993164,22.210156844152678,21.386466502871624,22.148891335793763,328970800
2016-04-29,21.2707462310791,21.493120918362905,20.991645232764412,21.32747427331245,274126000
2016-05-02,21.2480525970459,21.347894492376604,20.966682028898372,21.32293401854393,192640400
2016-05-03,21.597503662109375,21.72457394245947,21.257135355854995,21.37512894029398,227325200
2016-05-04,21.372859954833984,21.76087959606994,21.288901820418168,21.60204002267807,164102000
2016-05-05,21.286104202270508,21.475588392196368,21.158260287015814,21.459607902789532,143562000
2016-05-06,21.167396545410156,21.334050005697474,20.96878035807143,21.315787829623474,174799600
2016-05-09,21.183368682861328,21.407095491776737,21.137708906327912,21.23131014191463,131745600
2016-05-10,21.32719612121582,21.36144052309555,21.028131944400943,21.30665052513356,134747200
2016-05-11,21.11944580078125,21.361436509577416,21.10803042171859,21.340890917355388,114876400
2016-05-12,20.624046325683594,21.181083357189838,20.42543197625542,21.167386296330577,305258800
2016-05-13,20.665143966674805,20.92768205743382,20.546432014734204,20.546432014734204,177571200
2016-05-16,21.432209014892578,21.548639273749824,20.923115108488627,21.09205193583078,245039200
2016-05-17,21.343177795410156,21.619412966896792,21.233597793399337,21.585170304857616,187667600
2016-05-18,21.587446212768555,21.735837428297444,21.434489890769942,21.496130149435942,168249600
2016-05-19,21.50526237487793,21.605712144034793,21.361437994101678,21.605712144034793,121768400
2016-05-20,21.738122940063477,21.78606440043992,21.578316330399563,21.605712197075714,128104000
2016-05-23,22.01435661315918,22.187860273853893,21.840852952464466,21.886512727248505,152074400
2016-05-24,22.349952697753906,22.393327314659892,22.10796020090344,22.19471291820069,140560800
2016-05-25,22.742618560791016,22.770012689521316,22.397894593079144,22.525738505134335,152675200
2016-05-26,22.922971725463867,22.996025641299752,22.518890892760112,22.756316554662423,225324800
2016-05-27,22.909271240234375,22.936667109819066,22.6581485318072,22.70152488988064,145364800
2016-05-31,22.79740333557129,22.920682111834168,22.559977737777103,22.738046500687176,169228800
2016-06-01,22.477794647216797,22.72435223001992,22.44811709700146,22.60563854567361,116693200
2016-06-02,22.30885887145996,22.336252998569663,22.060017852510565,22.28146300260769,160766400
2016-06-03,22.35451316833496,22.43441559526452,22.24721487714,22.324835621687487,114019600
2016-06-06,22.516603469848633,23.260841302723733,22.270047636271595,22.3704956641206,93170000
2016-06-07,22.607919692993164,22.799687263105955,22.591939207295624,22.658144574254663,89638000
2016-06-08,22.587379455566406,22.728920436230982,22.528022605299768,22.605641628019992,83392400
2016-06-09,22.749469757080078,22.827088786562502,22.477799670405847,22.48693162829958,106405600
2016-06-10,22.56226348876953,22.680975429038394,22.482361053805636,22.493774692090504,126851600
2016-06-13,22.222105026245117,22.62846922235648,22.16731503307265,22.530302874478632,152082000
2016-06-14,22.249502182006836,22.48236271452239,22.08741387575203,22.2175412056604,127727600
2016-06-15,22.17644691467285,22.466380850297718,22.151334471689832,22.331686679594025,117780800
2016-06-16,22.270048141479492,22.31570617865187,21.93217274447951,22.01892371180401,125307200
2016-06-17,21.76323890686035,22.06458652213003,21.756390374517835,22.057737989787512,244032800
2016-06-20,21.710723876953125,22.046315791922023,21.694743392513757,21.91618849241798,137647600
2016-06-21,21.895645141601562,21.996093164749333,21.6148431814507,21.674200019044168,142185600
2016-06-22,21.81346893310547,22.11938172801369,21.767809137172296,21.973273864513775,116876400
2016-06-23,21.93901824951172,21.982394598061674,21.744969005683462,21.90249217316089,128960800
2016-06-24,21.322628021240234,21.61027851821979,21.151407777614228,21.210764616425777,301245600
2016-06-27,21.012147903442383,21.24272497925907,20.888869122562443,21.2313095999815,181958400
2016-06-28,21.36600685119629,21.38198908249686,21.03498167817987,21.208485380338367,161779600
2016-06-29,21.55092430114746,21.585168702387083,21.375137187597293,21.45275794652327,146124000
2016-06-30,21.824880599975586,21.86369011669802,21.52809979112156,21.560060774509793,143345600
2016-07-01,21.891080856323242,22.023491608865225,21.763236952761357,21.79976303588937,104106000
2016-07-05,21.685611724853516,21.779212950479643,21.56461637796487,21.776929526460368,110820800
2016-07-06,21.80889892578125,21.838578224277487,21.54407911467425,21.59658569521812,123796400
2016-07-07,21.90249252319336,22.03033640507774,21.829438627581965,21.847700795178117,100558400
2016-07-08,22.071434020996094,22.1193754868916,21.927609623309586,22.028057662534273,115648400
2016-07-11,22.139925003051758,22.292881372397673,22.082851574930793,22.087416682813636,95179600
2016-07-12,22.240367889404297,22.304289835382445,22.171880836603023,22.183294474532037,96670000
2016-07-13,22.114809036254883,22.297442932134132,22.10795876290648,22.238087830388203,103568800
2016-07-14,22.553133010864258,22.59879105048033,22.217541020284173,22.233521508324053,155676000
2016-07-15,22.55084800720215,22.66956168867893,22.486926059518854,22.582808981043794,120548000
2016-07-18,22.790555953979492,22.859043005305793,22.509753992488818,22.532583009597587,145975600
2016-07-19,22.799686431884766,22.829363978028994,22.678689339737723,22.728914219168146,95119600
2016-07-20,22.820232391357422,22.934379213087944,22.770007511117225,22.829364346104935,105104000
2016-07-21,22.69923973083496,23.05766072390316,22.63075093297786,22.790557547396936,130808000
2016-07-22,22.52345848083496,22.669566317298003,22.44355428817375,22.66043435980121,113254800
2016-07-25,22.222105026245117,22.564545531622375,22.12622210275768,22.429853102210377,161531600
2016-07-26,22.06915283203125,22.365935355821208,22.012079403744163,22.10339723735206,224959200
2016-07-27,23.50283432006836,23.82244582940252,23.457176279481736,23.804181916470828,369379200
2016-07-28,23.820154190063477,23.84526662624845,23.473148672745165,23.4754320965098,159479200
2016-07-29,23.79048728942871,23.86810805646754,23.66949190191264,23.7859221815995,110934800
2016-08-01,24.21054458618164,24.233373605008516,23.836143103844897,23.836143103844897,152671600
2016-08-02,23.852123260498047,24.215109357517452,23.742541533208858,24.210544250512367,135266400
2016-08-03,24.151193618774414,24.16260726009305,23.91833304156493,23.92746499966559,120810400
2016-08-04,24.300378799438477,24.330217114532363,24.164954982245238,24.233814787757407,109634800
2016-08-05,24.669931411743164,24.708951164599657,24.371541151971616,24.392198050126865,162213600
2016-08-08,24.874210357666016,24.874210357666016,24.596478780689516,24.679108114533385,112148800
2016-08-09,24.975202560424805,25.00504263353333,24.79157928894944,24.842076257738015,105260800
2016-08-10,24.78927993774414,24.995857620794226,24.73419313932337,24.952246290156502,96034000
2016-08-11,24.77322006225586,25.00275049857763,24.754857207067335,24.908642179120143,109938000
2016-08-12,24.830598831176758,24.890277225720805,24.7387863206116,24.7387863206116,74641600
2016-08-15,25.12898826599121,25.142759529232542,24.80764536466262,24.821416627903954,103472800
2016-08-16,25.106033325195312,25.301135556840467,25.06701357933744,25.163415922460853,135177600
2016-08-17,25.069305419921875,25.103735323086898,24.867317588648465,25.041761147154332,101424000
2016-08-18,25.037179946899414,25.156535001040336,25.02340693017599,25.071609861940637,87938800
2016-08-19,25.101442337036133,25.177187782236427,24.871911958497893,24.966018503086108,101472400
2016-08-22,24.906343460083008,25.04176555152529,24.75485255998358,24.986678747479104,103280800
2016-08-23,24.984384536743164,25.092264108588793,24.910934876300317,24.924706140390214,85030800
2016-08-24,24.796171188354492,24.96143337224892,24.715835890955297,24.920117826275312,94700400
2016-08-25,24.69058609008789,24.761739956685368,24.48630416564258,24.64927054631367,100344800
2016-08-26,24.54598045349121,24.777804886415755,24.401375187116802,24.653860016920405,111065200
2016-08-29,24.518444061279297,24.660753579191116,24.396793195712345,24.472538669012756,99881200
2016-08-30,24.33022117614746,24.444986370374572,24.21545598192035,24.28431579892777,99455600
2016-08-31,24.35317611694336,24.461055689682027,24.247592338631357,24.25218392748469,118649600
2016-09-01,24.497785568237305,24.513852629604397,24.243006630003173,24.362361692847518,106806000
2016-09-02,24.727313995361328,24.78928644094528,24.518440463487824,24.72042661147137,107210000
2016-09-06,24.720422744750977,24.858142382156956,24.67681316067182,24.76632987427895,107521600
2016-09-07,24.87191390991211,24.963726418766445,24.575819488225303,24.750263079930743,169457200
2016-09-08,24.220050811767578,24.621729074362353,24.155782569940936,24.617139236165414,212008000
2016-09-09,23.67146110534668,24.265945540594274,23.67146110534668,24.01805237644831,186228000
2016-09-12,24.201684951782227,24.265953180979132,23.5337506743903,23.561294951693792,181171200
2016-09-13,24.77780532836914,24.970611769914743,24.614838958793246,24.676813145824237,248704800
2016-09-14,25.65461540222168,25.9438242344828,24.927004359074317,24.956844435741907,443554800
2016-09-15,26.526826858520508,26.56355256114846,26.04940323142445,26.134330105368175,359934400
2016-09-16,26.377628326416016,26.65535984951091,26.175642241759093,26.4235354487319,319547600
2016-09-19,26.07006072998047,26.666839362005994,25.994315285026193,26.43960477832098,188092000
2016-09-20,26.06777000427246,26.19401243707511,25.82446831688352,25.94841495513208,138057200
2016-09-21,26.063175201416016,26.164167377241395,25.808396340969093,26.132033264318164,144012800
2016-09-22,26.308773040771484,26.382222693035583,26.166463573369487,26.246798856911806,124296000
2016-09-23,25.870365142822266,26.34778868380548,25.604110851505425,26.262861825180007,209924800
2016-09-26,25.909399032592773,26.02646006356892,25.604124835921013,25.62478173782229,119477600
2016-09-27,25.957590103149414,25.97824874817638,25.785442316362023,25.936933209300292,98429600
2016-09-28,26.15498924255371,26.31336578415655,26.035634201133718,26.09531259743273,118564400
2016-09-29,25.748720169067383,26.120560044993436,25.661499248077405,25.973660730074545,143548000
2016-09-30,25.948413848876953,26.021863510873082,25.661500833082993,25.812989994809605,145516400
2016-10-03,25.82676124572754,25.948413835350344,25.771674437053676,25.87037258448247,86807200
2016-10-04,25.936935424804688,26.23761969103387,25.852008545644523,25.950706688547093,118947200
2016-10-05,25.948413848876953,26.08842754067865,25.865782760234048,26.028749143063646,85812400
2016-10-06,26.141223907470703,26.24451191383403,25.96678026781991,26.097612559763398,115117200
2016-10-07,26.18023681640625,26.295002016199266,26.053996147340715,26.23761941630276,97433600
2016-10-10,26.63700294494629,26.79767352040043,26.33172710040549,26.400585167952435,144944000
2016-10-11,26.694387435913086,27.242964976796536,26.671432993925546,27.015728609601926,256164000
2016-10-12,26.93309783935547,27.07999891486021,26.79767573615792,26.935393633816908,150347200
2016-10-13,26.850465774536133,26.95604954372329,26.56125699300216,26.80685444008874,140769600
2016-10-14,26.999658584594727,27.12360520276217,26.88489339197797,27.05704118090311,142608800
2016-10-17,26.981304168701172,27.047866455871723,26.80456474762842,26.930807191251812,94499600
2016-10-18,26.96293067932129,27.132782649154652,26.958339091630393,27.125897018795914,98214000
2016-10-19,26.882600784301758,27.029500098600295,26.12055993468636,26.912439105551222,80138400
2016-10-20,26.868820190429688,26.942269826860105,26.701264028187236,26.822914824352228,96503200
2016-10-21,26.76324462890625,26.834400244608954,26.68979497002262,26.811445803375694,92770800
2016-10-24,27.00424575805664,27.0249026487851,26.85505068181106,26.878003366346324,94154800
2016-10-25,27.141969680786133,27.167218164769473,26.926210545356845,27.07310986061739,192516000
2016-10-26,26.531423568725586,26.556672058028454,26.008094428954056,26.23762487630496,264536800
2016-10-27,26.27663803100586,26.593389317243922,26.189415367982814,26.48550976109086,138248000
2016-10-28,26.102197647094727,26.444197456419218,26.040223457772857,26.136627557698212,151446800
2016-10-31,26.060882568359375,26.219259109246916,25.9828413195242,26.086131053172696,105677600
2016-11-01,25.59033966064453,26.113668607689227,25.36999072247717,26.04251475559141,175303200
2016-11-02,25.613290786743164,25.787734342193012,25.53066147224333,25.569681211263894,113326800
2016-11-03,25.338760375976562,25.714815271080642,25.274162161864876,25.604075978366126,107730400
2016-11-04,25.110353469848633,25.435653833140005,24.941936974380564,25.03883428082814,123348000
2016-11-07,25.47256851196289,25.49563904813402,25.253394017914445,25.396434158445985,130240000
2016-11-08,25.62252426147461,25.774792947021243,25.30876008535018,25.449492624354615,97016800
2016-11-09,25.580997467041016,25.68250992752007,24.928092738526715,25.350288609711452,236705600
2016-11-10,24.86810874938965,25.629446947170443,24.415919585576876,25.629446947170443,228538000
2016-11-11,25.01576042175293,25.11727287797562,24.58202842182032,24.71353239457752,136575600
2016-11-14,24.388235092163086,24.87272338015487,24.0121802576136,24.84965284456841,204702000
2016-11-15,24.711223602294922,24.842727568607845,24.492050911829622,24.586640619445507,129058000
2016-11-16,25.37567138671875,25.431042789971997,24.59356835750111,24.616638895438687,235362000
2016-11-17,25.366436004638672,25.458719891765487,25.10804323288609,25.3341369081696,110528000
2016-11-18,25.391815185546875,25.502556206790413,25.29953305470755,25.313375022299685,113715600
2016-11-21,25.777103424072266,25.837086464357252,25.380283876739426,25.40566199384809,117058400
2016-11-22,25.793249130249023,25.93628748517422,25.70096524180675,25.827854048267202,103862000
2016-11-23,25.661745071411133,25.726343265043884,25.454106763185315,25.69173658697812,109705600
2016-11-25,25.790945053100586,25.809402185330487,25.59714868502462,25.6386763524574,45903600
2016-11-28,25.74018669128418,25.947825011279967,25.69865902728502,25.707887592636933,108776000
2016-11-29,25.714807510375977,25.846311480892513,25.394122358411632,25.557925426236178,114115200
2016-11-30,25.497941970825195,25.88553291901066,25.44026475687003,25.74710795755204,144649200
2016-12-01,25.260311126708984,25.594840010450753,25.15418526847088,25.463336038267798,148347600
2016-12-02,25.354904174804688,25.39873766147787,25.112659166697906,25.186485931807862,106112000
2016-12-05,25.172639846801758,25.38489154176124,24.97423011798396,25.3779705586904,137298000
2016-12-06,25.366436004638672,25.46102747299006,25.191098555283347,25.262617731726472,104782000
2016-12-07,25.615610122680664,25.652524393344954,25.184185585349915,25.207256124430447,119994800
2016-12-08,25.867074966430664,25.93859414134256,25.516396554890573,25.576381344264036,108273200
2016-12-09,26.289274215698242,26.46230586282263,25.91091182146642,25.91091182146642,137610400
2016-12-12,26.139310836791992,26.53151513912904,25.952435489766913,26.137003255671797,105497600
2016-12-13,26.57535743713379,26.743773940092016,26.2431360743451,26.263899029434825,174935200
2016-12-14,26.57535743713379,26.80837214726334,26.526908781755292,26.54075075181511,136127200
2016-12-15,26.7206974029541,26.93064328928526,26.584580034147624,26.619184951526396,186098000
2016-12-16,26.75530433654785,26.877579739572983,26.68147757848539,26.870658756030995,177404400
2016-12-19,26.90987777709961,27.08060181836808,26.70454705931449,26.716083204876266,111117600
2016-12-20,26.981395721435547,27.108286276157344,26.919105114679414,26.932947080587756,85700000
2016-12-21,27.006772994995117,27.085214906436914,26.94217480920102,26.946789971139772,95132800
2016-12-22,26.82913589477539,26.879892130056085,26.679174770583085,26.842977864335918,104343600
2016-12-23,26.882190704345703,26.882190704345703,26.667631433155382,26.667631433155382,56998000
2016-12-27,27.052919387817383,27.17750237409549,26.875272593244073,26.88219357689806,73187600
2016-12-28,26.93756866455078,27.228260578938116,26.808370497987386,27.112906141751992,83623600
2016-12-29,26.93064308166504,27.018311805296616,26.854508743681215,26.86604312932897,60158000
2016-12-30,26.7206974029541,27.03907496401998,26.630721097431813,26.912186159904092,122345200
2017-01-03,26.796833038330078,26.838360701363033,26.476147880530135,26.716085293590673,115127600
2017-01-04,26.766841888427734,26.879890500214323,26.704551269013233,26.72762180360494,84472400
2017-01-05,26.902957916259766,26.960635126137664,26.718390140582994,26.74376825374277,88774400
2017-01-06,27.20288848876953,27.260565716409022,26.870667094311905,26.942186293330693,127007600
2017-01-09,27.45204734802246,27.553559811856264,27.209804095922195,27.212109917250086,134247600
2017-01-10,27.479732513427734,27.542023131284918,27.292858899687268,27.401290585574294,97848400
2017-01-11,27.62738609313965,27.668913758508953,27.36207055106736,27.394369650780273,110354400
2017-01-12,27.51202964782715,27.523565794095013,27.27209223883968,27.43128190445848,108344800
2017-01-13,27.463584899902344,27.597396470859678,27.410521083774768,27.479734450868296,104447600
2017-01-17,27.68506622314453,27.740435862743468,27.274404689128275,27.302088628843194,137759200
2017-01-18,27.682754516601562,27.800416523365154,27.61815632000001,27.685062097957,94852000
2017-01-19,27.634307861328125,27.70582704698302,27.539718140962194,27.546639125358606,102389200
2017-01-20,27.68506622314453,27.788884517413678,27.62277559861686,27.788884517413678,130391600
2017-01-23,27.703516006469727,27.871932462283795,27.63199507411993,27.685058878110514,88200800
2017-01-24,27.678142547607422,27.708134066106123,27.569709100480594,27.581245247686446,92844000
2017-01-25,28.11880111694336,28.16955735840908,27.749667215605317,27.781966321961818,129510400
2017-01-26,28.132638931274414,28.24799336119085,28.054197003643402,28.070346553424947,105350400
2017-01-27,28.134939193725586,28.227223071459317,28.054191460771783,28.178774431687035,82251600
2017-01-30,28.061120986938477,28.061120986938477,27.837334847524577,27.899625471862652,121510000
2017-01-31,27.996524810791016,28.00575337806005,27.828108298596522,27.950383734615073,196804000
2017-02-01,29.703765869140625,30.10520055481025,29.302332943639925,29.306946346387992,447940000
2017-02-02,29.65300750732422,29.85141725444363,29.47997587391791,29.526118698927537,134841600
2017-02-03,29.779895782470703,29.805273894229373,29.5676440842788,29.602249000160022,98029200
2017-02-06,30.05905532836914,30.107505737124626,29.738370159032435,29.79143573060696,107383600
2017-02-07,30.345138549804688,30.474334958690797,30.095972538236566,30.11673549244938,152735200
2017-02-08,30.46278953552246,30.504318951641533,30.273610143064808,30.30360341468764,92016400
2017-02-09,30.68292236328125,30.689873354286284,30.381699789193735,30.50450534441699,113399600
2017-02-10,30.613407135009766,30.80341030635209,30.59718933547595,30.692190921147112,80262000
2017-02-13,30.884506225585938,31.007315308663717,30.759384859786618,30.835849291619727,92141600
2017-02-14,31.285362243652344,31.30158004139978,30.875236165408342,30.92621244792907,132904800
2017-02-15,31.39890480041504,31.575006012470222,31.19268380387748,31.401224154637415,142492400
2017-02-16,31.361827850341797,31.489265025850187,31.243653947495485,31.43597292324121,90338400
2017-02-17,31.44756317138672,31.473051316920234,31.30390464325276,31.30390464325276,88792800
2017-02-21,31.674646377563477,31.68623254448071,31.507815473640193,31.565742772624617,98028800
2017-02-22,31.769636154174805,31.77195197245432,31.53792704460766,31.612072121156924,83347600
2017-02-23,31.635255813598633,31.85537883966239,31.581963689217275,31.832210041740872,83152800
2017-02-24,31.665367126464844,31.665367126464844,31.345607430287636,31.49158529777729,87106400
2017-02-27,31.727920532226562,31.846094418007187,31.577311054411727,31.776580991477363,81029600
2017-02-28,31.741840362548828,31.846108781571925,31.67464272354191,31.76269333923318,93931600
2017-03-01,32.39061737060547,32.47403279791158,31.883177351394018,31.95037144269028,145658400
2017-03-02,32.19829177856445,32.50414589208368,32.15194713917099,32.439267639652336,104844000
2017-03-03,32.38829803466797,32.39988419690233,32.11256363725176,32.15658893238212,84432400
2017-03-06,32.28634262084961,32.38597936457074,32.11488016304117,32.29329361045806,87000000
2017-03-07,32.32804870605469,32.43463289261402,32.158898548376335,32.221460983895724,69785200
2017-03-08,32.20756149291992,32.39292946043081,32.16585555641993,32.19597533202551,74828800
2017-03-09,32.13341522216797,32.15890336374425,31.75573180593775,32.14732073760971,88623600
2017-03-10,32.2400016784668,32.290977959592624,32.1241471369263,32.26548981902971,78451200
2017-03-13,32.25390625,32.30719835342371,32.1658591955609,32.17281018576398,69686800
2017-03-14,32.20524978637695,32.358175108666316,32.17049129925637,32.277079043252336,61236400
2017-03-15,32.54585647583008,32.61305054829413,32.214510677928814,32.30256125307455,102767200
2017-03-16,32.59916305541992,32.675627504296585,32.499526275755926,32.60611404753587,76928000
2017-03-17,32.43695068359375,32.67097554767977,32.41377836471022,32.67097554767977,175540000
2017-03-20,32.777565002441406,32.78683180912643,32.492560314581915,32.53195043029265,86168000
2017-03-21,32.402198791503906,33.088059264033994,32.37671064979096,32.928179423798255,158119600
2017-03-22,32.76830291748047,32.810012397072626,32.38366493453308,32.40452144212943,103440800
2017-03-23,32.65244674682617,32.80537560511284,32.58061748976435,32.73122699421008,81385200
2017-03-24,32.587562561035156,32.84244394521749,32.52036848825966,32.78683249714142,89582400
2017-03-27,32.643184661865234,32.721964920648965,32.11951974448904,32.29793677164116,94300400
2017-03-28,33.31977081298828,33.37537873675065,32.582934002732934,32.65013162474638,133499200
2017-03-29,33.3939094543457,33.47964421295767,33.17842172009348,33.291956899628616,116760000
2017-03-30,33.34989929199219,33.48197521657877,33.25026604552978,33.4101459392498,84829200
2017-03-31,33.287330627441406,33.42867332187341,33.13671758894155,33.301232607942865,78646800
2017-04-03,33.29660415649414,33.3939215752472,33.1459946231956,33.29892351077941,79942800
2017-04-04,33.54452133178711,33.57232528736779,33.17378542457971,33.19232257350005,79565600
2017-04-05,33.37074279785156,33.70440443981025,33.322082335232594,33.417083906879164,110871600
2017-04-06,33.287330627441406,33.48660059769635,33.23867016008599,33.433304958307005,84596000
2017-04-07,33.21318817138672,33.40782300567171,33.19697036966346,33.30355459699054,66688800
2017-04-10,33.17379379272461,33.338308821141986,33.11123134128695,33.27343055135499,75733600
2017-04-11,32.816959381103516,33.215499296723564,32.45317441456657,33.120497721762945,121517600
2017-04-12,32.85634994506836,32.93744600588938,32.6732977824949,32.81000883379918,81400000
2017-04-13,32.68256759643555,32.99074110800135,32.68256759643555,32.881837553703654,71291600
2017-04-17,32.863311767578125,32.87489793311456,32.64086941032309,32.78221214442441,66328400
2017-04-18,32.717342376708984,32.91197728022122,32.696489394676014,32.76600287038817,58790000
2017-04-19,32.59682846069336,32.90268611319966,32.543536367520154,32.874882157735314,69313600
2017-04-20,33.00465393066406,33.115873339566704,32.70806648318951,32.721968467352184,93278400
2017-04-21,32.96525192260742,33.06024995870025,32.8679345329221,33.00464204208006,69283600
2017-04-24,33.28269958496094,33.35452885019756,33.17611182855769,33.25026044789921,68537200
2017-04-25,33.48891830444336,33.57464954610383,33.33598943910263,33.34525978369327,75486000
2017-04-26,33.291969299316406,33.50514483072256,33.22245938211992,33.475021509536695,80164800
2017-04-27,33.31745529174805,33.40319007674488,33.206235895828826,33.34757861098484,56985200
2017-04-28,33.285003662109375,33.435616666167505,33.196956627201054,33.38695620993961,83441600
2017-05-01,33.96392059326172,34.10757910510044,33.58855297943781,33.62099211229172,134411600
2017-05-02,34.17941665649414,34.31380839253497,34.02417194475762,34.186367648392704,181408800
2017-05-03,34.07514190673828,34.17477866476059,33.42867503116293,33.73452922463498,182788000
2017-05-04,33.95233917236328,34.09368188573626,33.78550831278859,33.950023353836144,93487600
2017-05-05,34.51538848876953,34.520020125056426,34.00562564919355,34.00562564919355,109310800
2017-05-08,35.45381164550781,35.61369150611041,34.53161032572545,34.53161032572545,195009600
2017-05-09,35.68089294433594,35.88711394446429,35.55576802458107,35.65308544238985,156521600
2017-05-10,35.511741638183594,35.669305692404535,35.24527754056405,35.59747642446887,103222800
2017-05-11,35.81886672973633,35.846789014559334,35.43729530564325,35.46986834610747,109020400
2017-05-12,36.319087982177734,36.39353910020161,35.98637445264443,35.993354134015604,130108000
2017-05-15,36.22601318359375,36.44704467136465,36.074782047275065,36.298138911690145,104038800
2017-05-16,36.172508239746094,36.309780042834795,35.99800910186227,36.28186131683548,80194000
2017-05-17,34.95799255371094,35.963109251694405,34.83235474155996,35.737423425069245,203070800
2017-05-18,35.49079513549805,35.67692825249937,35.162739466373935,35.19531249558462,134272800
2017-05-19,35.611785888671875,35.82583775286264,35.511741413643335,35.686240563274374,107843200
2017-05-22,35.82817459106445,35.965446433703434,35.576895334090764,35.83049996883636,91865600
2017-05-23,35.783966064453125,36.03989606625981,35.6699586548897,36.03989606625981,79675600
2017-05-24,35.67693328857422,35.870046114080495,35.52104780176192,35.793266059347076,76712000
2017-05-25,35.80024337768555,35.91192538639311,35.6048051877386,35.76767034602772,76942400
2017-05-26,35.739742279052734,35.886322658304074,35.66994192940004,35.830481668543264,87710400
2017-05-30,35.753692626953125,35.93051705800252,35.67458724070937,35.695526275269366,80507600
2017-05-31,35.541988372802734,35.87004765249888,35.453577877355755,35.82351525223291,97804800
2017-06-01,35.63970184326172,35.67460380058862,35.416344937223215,35.6373764661842,65616400
2017-06-02,36.1678466796875,36.1678466796875,35.57222364323018,35.73276338590834,111082800
2017-06-05,35.81420135498047,35.935188417966906,35.70485182808575,35.90959506906966,101326800
2017-06-06,35.93519592285156,36.25162123430403,35.77931041981028,35.80722915164012,106499600
2017-06-07,36.149253845214844,36.29118000600736,35.94218159915973,36.06782301373429,84278400
2017-06-08,36.06082534790039,36.1887885264461,35.92355001151078,36.12131709685279,85003200
2017-06-09,34.662506103515625,36.10736045843157,33.9738181935922,36.10736045843157,259530800
2017-06-12,33.83421325683594,33.99009870048344,33.15715586636894,33.90866791360734,289229200
2017-06-13,34.1064338684082,34.306526334991915,33.77139498945931,34.23905490390617,136661600
2017-06-14,33.77372360229492,34.318160000424676,33.46660344938461,34.318160000424676,126124800
2017-06-15,33.57130432128906,33.615511335489884,33.08736319265339,33.34562204649527,128661600
2017-06-16,33.101318359375,33.62016137828679,33.08503007191551,33.45264195107154,201444400
2017-06-19,34.048274993896484,34.14134334198759,33.42473303756118,33.42473303756118,130165600
2017-06-20,33.738826751708984,34.171584773417386,33.72254201093951,34.171584773417386,99600400
2017-06-21,33.93891906738281,33.98545501263646,33.64576178333343,33.857488263577295,85063200
2017-06-22,33.88307571411133,34.132025936942306,33.76441404464621,33.91564874000118,76425200
2017-06-23,34.03431701660156,34.2390638405538,33.76209874395304,33.766753049095946,141757600
2017-06-26,33.92729949951172,34.499654887460004,33.82492606747015,34.241395929426176,102769600
2017-06-27,33.44101333618164,34.00639238135351,33.41541998763157,33.73882491011298,99047600
2017-06-28,33.92961502075195,33.9947610858177,33.30839847517871,33.61784405933814,88329600
2017-06-29,33.42938232421875,33.7667501897156,33.10365199569099,33.66903109115727,125997600
2017-06-30,33.508487701416016,33.727193848567445,33.452646701017585,33.608532166495024,92096400
2017-07-03,33.387508392333984,33.806307117050295,33.29444358692803,33.708588006315615,57111200
2017-07-05,33.52477264404297,33.687637791782386,33.20602202988196,33.43170785967585,86278400
2017-07-06,33.20834732055664,33.38750075770105,33.13389620329537,33.27582230671217,96515200
2017-07-07,33.545719146728516,33.67834022164297,33.247907510304,33.247907510304,76806800
2017-07-10,33.75044631958008,33.957518407890674,33.35724117937179,33.52941487366087,84362400
2017-07-11,33.85980987548828,33.93426453945927,33.59224597100433,33.6736767657546,79127200
2017-07-12,33.90867614746094,34.01104600008935,33.6946242825563,33.93892025269907,99538000
2017-07-13,34.380977630615234,34.54849705368683,33.83886665736873,33.85282601759247,100797600
2017-07-14,34.67647171020508,34.74394670723084,34.278615611252704,34.42752141995793,80528400
2017-07-17,34.797462463378906,35.10923347855659,34.56712581867363,34.62529221181252,95174000
2017-07-18,34.91843032836914,34.93006431062999,34.590371199655,34.71368360119556,71475200
2017-07-19,35.137149810791016,35.230214603974424,34.888195986224254,35.0115084347797,83692000
2017-07-20,34.97894287109375,35.30467681717723,34.94404445374679,35.24883579922705,68974800
2017-07-21,34.962646484375,35.00219919426279,34.639241573933525,34.89750042688994,105010400
2017-07-24,35.38610076904297,35.467535127297985,34.876562673559796,35.03477708526242,85972800
2017-07-25,35.537315368652344,35.793245184979526,35.318609319116085,35.318609319116085,75415600
2017-07-26,35.704856872558594,35.81420641490249,35.61178852242239,35.67926352004546,63124000
2017-07-27,35.03011703491211,35.82816154425739,34.271628784650346,35.77232054631047,129905200
2017-07-28,34.783504486083984,34.95334936677748,34.71137872374271,34.874243920996406,68854800
2017-07-31,34.604331970214844,34.97659811659363,34.46473482796761,34.87655012529969,79383600
2017-08-01,34.911468505859375,34.95102122562267,34.529897123807544,34.69043693061989,141474400
2017-08-02,36.56105422973633,37.16831128857143,36.33304304812354,37.05895822642995,279747200
2017-08-03,36.19577407836914,36.57734536204637,36.06780734142382,36.54011802944522,108389200
2017-08-04,36.38656234741211,36.62155325627429,36.22369718531979,36.31211122339602,82239600
2017-08-07,36.94960403442383,36.975197379040154,36.45170005295538,36.542439447469,87481200
2017-08-08,37.245094299316406,37.65225893123959,36.823970305186876,36.90075034751565,144823600
2017-08-09,37.473114013671875,37.521975342690084,37.01941688790849,37.05431530135389,104526000
2017-08-10,36.27952575683594,37.37267478346706,36.118355526570475,37.34931543607299,163217200
2017-08-11,36.7840461730957,37.038650173535515,36.4547022567992,36.57849893001648,105028400
2017-08-14,37.337646484375,37.42173516132357,37.0807078703275,37.21384976055303,88490800
2017-08-15,37.74641418457031,37.88655961821276,37.405386857513264,37.52684908464637,117862000
2017-08-16,37.594573974609375,37.958956980069274,37.40770988961722,37.825818680752455,110686400
2017-08-17,36.8728141784668,37.538516351633625,36.86814159631568,37.49413573153772,111762400
2017-08-18,36.78872299194336,37.25588137914264,36.606531506066496,36.87281164420466,109712400
2017-08-21,36.720985412597656,36.87981754835021,36.23046769616555,36.78872180834259,105474000
2017-08-22,37.321285247802734,37.372672958251194,36.91018712835087,36.95923676569251,86418400
2017-08-23,37.36800003051758,37.48245512348241,37.111065044787765,37.155445663776895,77596400
2017-08-24,37.202152252197266,37.54551388813947,37.033974978913946,37.47310135770041,79275600
2017-08-25,37.33997344970703,37.50347818736776,37.202162568259844,37.29092024634083,101920400
2017-08-28,37.716026306152344,37.83982297272242,37.3563124128417,37.40536560343317,103864000
2017-08-29,38.052391052246094,38.10144069184242,37.372674676180424,37.39603402350743,118067600
2017-08-30,38.15515899658203,38.28129018066309,37.98230912700733,38.26026891067213,109078400
2017-08-31,38.30699157714844,38.42845376791211,38.185529386384765,38.22290291648682,107140400
2017-09-01,38.31866455078125,38.52654987493805,38.220561724518696,38.49384893285053,66364400
2017-09-05,37.858516693115234,38.3653831231186,37.50347531557039,38.248593524570296,117874000
2017-09-06,37.818817138671875,38.07108315580647,37.494142124460375,38.00568125108304,86606800
2017-09-07,37.6669807434082,37.895890927011024,37.45676088775377,37.86085190831144,87714000
2017-09-08,37.05266189575195,37.64127879060468,37.02930255497772,37.5735424049754,114446000
2017-09-11,37.72304153442383,37.85151080975212,37.346978872536894,37.48946232987631,126323200
2017-09-12,37.573551177978516,38.297648141428326,37.085371493373515,37.98231478802435,286856000
2017-09-13,37.290916442871094,37.36332898600428,36.88449093130132,37.34230415005691,179629600
2017-09-14,36.970909118652344,37.23251663703886,36.92652850803996,37.13675189028781,95042800
2017-09-15,37.344635009765625,37.59923542355935,36.905505074682935,37.01528755845361,196458400
2017-09-18,37.06200408935547,37.489454370623264,36.90550648323038,37.398358642755376,113077600
2017-09-19,37.07602310180664,37.318947450546545,37.00828670625804,37.25821458129381,83242400
2017-09-20,36.45470428466797,36.9662396943106,35.931485639078424,36.882151047057555,211805600
2017-09-21,35.828712463378906,36.391639176912975,35.679221921624595,36.391639176912975,150046800
2017-09-22,35.47834014892578,35.56710137444985,35.16767942372686,35.39658601340253,186581600
2017-09-25,35.16533660888672,35.46431759208513,34.84066178037589,35.03453287425422,177549200
2017-09-26,35.77031707763672,35.95250856102982,35.431627964361624,35.45264923610646,146640000
2017-09-27,36.02491760253906,36.139372689130724,35.8637473906101,35.92448026127064,102016800
2017-09-28,35.80302429199219,36.03660352331475,35.667547910128754,35.9455077656644,88022000
2017-09-29,35.99922180175781,36.001559874586356,35.504035084523316,35.78666745834996,105199200
2017-10-02,35.92680740356445,36.07629791247327,35.67220699316481,36.03191730505529,74795200
2017-10-03,36.083309173583984,36.22579260980968,35.95017090007144,35.97352667858376,64921200
2017-10-04,35.849735260009766,35.93849649812267,35.611487037921144,35.88477427911866,80655200
2017-10-05,36.29587173461914,36.30755140744281,35.98287646210498,36.013239334483636,85135200
2017-10-06,36.27485656738281,36.31923719310094,36.10200664725335,36.197774990736015,69630400
2017-10-09,36.40098190307617,36.60886724982694,36.31923132104002,36.39397481216267,65051600
2017-10-10,36.41499328613281,36.905510997192735,36.22813279061998,36.45236681088958,62468000
2017-10-11,36.56682586669922,36.66726321574258,36.37996178674909,36.431349497838774,67622400
2017-10-12,36.43834686279297,36.758349153052016,36.37527949526497,36.52010098974167,64500400
2017-10-13,36.66959762573242,36.73733402132811,36.53412127040553,36.60886475643748,65576800
2017-10-16,37.344635009765625,37.372663366767526,36.823750947914164,36.88214573442473,96486000
2017-10-17,37.48244857788086,37.57587881744209,37.192809132624745,37.321278385122824,75989200
2017-10-18,37.31661605834961,37.538519175522126,37.27924609073712,37.47077920371068,65496800
2017-10-19,36.43367004394531,36.69060850092424,36.20943608524962,36.613526963830566,170336800
2017-10-20,36.49675369262695,36.84712252807617,36.429017285993325,36.58084235570021,95896400
2017-10-23,36.47805404663086,36.833095339145686,36.32155644975255,36.64623131339394,87937200
2017-10-24,36.69528579711914,36.77002927157843,36.485062424174004,36.506083692228025,71028800
2017-10-25,36.53411102294922,36.80039107724475,36.26783096865369,36.65090058297593,84828400
2017-10-26,36.767704010009766,36.865806849735726,36.62054796835289,36.72565789919243,68002000
2017-10-27,38.085086822509766,38.21355608707146,37.06901594222741,37.20682680596836,177816800
2017-10-30,38.94231414794922,39.25764740970441,38.241576734390826,38.28128476012962,178803200
2017-10-31,39.48421859741211,39.62670202382178,38.9937045128227,39.21793850459642,144187200
2017-11-01,38.982017517089844,39.69443451526604,38.68303654148382,39.678082266785,134551200
2017-11-02,39.266998291015625,39.35809403375087,38.6059687469068,38.9142949925557,165573600
2017-11-03,40.292415618896484,40.70351376473074,39.970075153421774,40.64278445036515,237594400
2017-11-06,40.701171875,40.87402175026953,40.11021683821548,40.262041878666054,140105200
2017-11-07,40.83197021484375,40.934745610032095,40.54934144221074,40.621750407693,97446000
2017-11-08,41.16599655151367,41.16599655151367,40.719859455978785,40.79694101417084,97638000
2017-11-09,41.08191680908203,41.13330452568372,40.44190842494766,40.902059800976104,117930400
2017-11-10,40.94595718383789,41.11239621063701,40.852191035495665,41.049102093183905,100582000
2017-11-13,40.7818489074707,40.90609061573516,40.64822844181956,40.67167175833839,67928400
2017-11-14,40.16532516479492,40.66698136401759,40.12781729008067,40.56383649702732,99130000
2017-11-15,39.63554382324219,39.92622451600959,39.471451326094524,39.84417647896168,116632400
2017-11-16,40.10906982421875,40.28956977753004,39.92153401406144,40.12782018598122,94550000
2017-11-17,39.88636779785156,40.17704847340767,39.766815466354466,40.09500044121785,87598000
2017-11-20,39.846527099609375,39.9824905027147,39.748071582246666,39.91919639264265,65049600
2017-11-21,40.58728790283203,40.718561913549664,40.034059159844496,40.034059159844496,100525200
2017-11-22,41.01393127441406,41.02330645631819,40.56619032833748,40.63885961317691,102355600
2017-11-24,41.01626205444336,41.14050374541046,40.94124631358535,41.04673764628535,56106800
2017-11-27,40.80998229980469,41.04205828063427,40.634168138343924,41.035026000331705,82867200
2017-11-28,40.57088088989258,40.992832049893345,40.2872324459868,40.859215136412715,105715200
2017-11-29,39.729312896728516,40.53571445918697,39.18546292617765,40.46773455422377,166665600
2017-11-30,40.28488540649414,40.352865306904945,39.485516178185506,39.95200745374328,166108800
2017-12-01,40.097347259521484,40.242685810059555,39.499578443064735,39.83948507926234,159037200
2017-12-04,39.804325103759766,40.46538446150413,39.76447432483086,40.43256596256573,130169600
2017-12-05,39.766815185546875,40.20752378606396,39.476134512043366,39.63085181779272,109400800
2017-12-06,39.61913299560547,39.89809203071307,39.02136772260137,39.265161780095205,114240000
2017-12-07,39.69179916381836,39.95434711641052,39.59568658226316,39.62381569805587,102693200
2017-12-08,39.703529357910156,40.085633323098946,39.574601819891875,39.96608096755614,93420800
2017-12-11,40.47710037231445,40.52867280288643,39.56755413526053,39.663666717412646,141095200
2017-12-12,40.24972152709961,40.41147112880748,40.19346328438264,40.35520930914222,77636800
2017-12-13,40.383338928222656,40.68104831176175,40.320044833043944,40.437254265698144,95273600
2017-12-14,40.37161636352539,40.58493838463606,40.23799589636334,40.41381004139892,81906000
2017-12-15,40.7818489074707,40.82873196356048,40.427877720502835,40.7021473544233,160677200
2017-12-18,41.356178283691406,41.53902472350812,40.99048540405797,40.99517478319252,117684400
2017-12-19,40.91546630859375,41.11472377065563,40.80997853683367,41.030332837857976,109745600
2017-12-20,40.870933532714844,41.12175987659661,40.61307133157632,40.99282877602735,93902400
2017-12-21,41.0256462097168,41.262411563773604,40.812327750992395,40.8287352123028,83799600
2017-12-22,41.0256462097168,41.12175880736465,40.906093870632915,40.94828755138669,65397600
2017-12-26,39.984832763671875,40.195808339060406,39.77619651259083,40.03874810814699,132742000
2017-12-27,39.99184799194336,40.03404165825038,39.78321540677132,39.87463859405015,85992800
2017-12-28,40.10438537597656,40.2848889284281,39.96373260682888,40.085631434960305,65920800
2017-12-29,39.67071533203125,39.9895252264161,39.66837243038508,39.97311776099471,103999600
2018-01-02,40.38098907470703,40.39036783162625,39.67773253757,39.88871164487974,102223600
2018-01-03,40.37395095825195,40.917804318609534,40.31066045446248,40.44427731718746,118071600
2018-01-04,40.56150436401367,40.664649258385666,40.33880711131893,40.446637808563274,89738400
2018-01-05,41.02329635620117,41.11003018101677,40.56618034076445,40.65760354385179,94640000
2018-01-08,40.870933532714844,41.166300036515835,40.77247445449957,40.870933532714844,82271200
2018-01-09,40.866241455078125,41.03736622619869,40.65057652697938,40.91781389190044,86336000
2018-01-10,40.856868743896484,40.859215222157154,40.554469935001535,40.591977817686534,95839600
2018-01-11,41.08893585205078,41.138165384539846,40.903746533911104,40.9271862728053,74670800
2018-01-12,41.513240814208984,41.57653491672932,41.175677036698445,41.29991876356713,101672400
2018-01-16,41.3022575378418,42.052397138529756,41.290535880013536,41.70311176615497,118263600
2018-01-17,41.98442459106445,42.01958599375267,41.03971675139146,41.29288600464342,137547200
2018-01-18,42.02192687988281,42.21884145633942,41.78516510025594,42.04771309960045,124773600
2018-01-19,41.83439636230469,42.09694437246694,41.588255814303395,41.86955776475558,129700400
2018-01-22,41.49214553833008,41.67499199522446,41.398379408570904,41.56247192412374,108434400
2018-01-23,41.50150680541992,42.06411412618315,41.44993795520698,41.562457988580675,130756400
2018-01-24,40.84046173095703,41.56247238433268,40.60135344739043,41.55075072374585,204420400
2018-01-25,40.111412048339844,41.01157962956729,39.97544867769382,40.908434756873895,166116000
2018-01-26,40.20518493652344,40.32005148718261,39.86527824112005,40.32005148718261,156572000
2018-01-29,39.372989654541016,39.888710383409084,39.164357031532894,39.888710383409084,202561600
2018-01-30,39.14091110229492,39.23467720057183,38.6087793733577,38.80334742538228,184192800
2018-01-31,39.248748779296875,39.485514121767004,39.030740952174725,39.11747478744508,129915600
2018-02-01,39.330806732177734,39.52771776961774,39.09169842845836,39.18781104564297,188923200
2018-02-02,37.62423324584961,39.101073023225936,37.53046711713781,38.9135371888538,346375200
2018-02-05,36.68421936035156,38.416575096607,36.56935279783622,37.296052906008704,290954000
2018-02-06,38.21731948852539,38.37906912938004,36.1005167472301,36.29508489659518,272975200
2018-02-07,37.39918899536133,38.30404607461317,37.28901540532446,38.23137678935655,206434400
2018-02-08,36.370086669921875,37.74143850604499,36.34195754982027,37.57499953256489,217562000
2018-02-09,36.814937591552734,37.16329095175609,35.36267691633134,36.97028567071552,282690400
2018-02-12,38.29780578613281,38.57554611224318,37.07385489575755,37.3068770612048,243278000
2018-02-13,38.68147659301758,38.77798108013177,38.04831808753436,38.11893121448457,130196800
2018-02-14,39.394657135009766,39.434670397688606,38.33782717155725,38.3754843889693,162579600
2018-02-15,40.717464447021484,40.74099975851867,39.77831824404765,39.964262648464526,204588800
2018-02-16,40.585655212402344,41.14820415744849,40.43031064986033,40.5691808520486,160704400
2018-02-20,40.449134826660156,41.01638500061634,40.34792186009505,40.49620903810648,135722000
2018-02-21,40.265533447265625,40.983423084452475,40.251407954764694,40.679791439011055,149886400
2018-02-22,40.60212326049805,40.94341575220747,40.416178884970336,40.43736173948644,123967600
2018-02-23,41.308258056640625,41.34356282349474,40.84692208439462,40.87752194335668,135249600
2018-02-26,42.12499237060547,42.223849271436976,41.4753597687707,41.508312069047875,152648800
2018-02-27,41.98847198486328,42.48040400449576,41.934336836057554,42.15558952013026,155712400
2018-02-28,41.9249267578125,42.51336331613137,41.90845240177607,42.19325368474463,151128400
2018-03-01,41.190555572509766,42.315645888824946,40.63977986282203,42.023780087816995,195208000
2018-03-02,41.475372314453125,41.49655517285351,40.59036125382416,40.67274382520227,153816000
2018-03-05,41.61894989013672,41.83549415043722,41.07758744361929,41.23999653672775,113605600
2018-03-06,41.583641052246094,41.95553344872215,41.4565403152002,41.875506925710575,95154000
2018-03-07,41.1976203918457,41.39062930858743,41.018736969513085,41.17643753752969,126814000
2018-03-08,41.647193908691406,41.6895596245667,41.20704443328036,41.303545316618205,95096400
2018-03-09,42.362728118896484,42.36743661748297,41.753108642868185,41.88727391609229,128740800
2018-03-12,42.772281646728516,42.929982231102365,42.416867218500784,42.43569402993551,128828400
2018-03-13,42.36035919189453,43.1912310884535,42.18853677139468,42.97703938021641,126774000
2018-03-14,42.000247955322266,42.48982759809608,41.85196079476881,42.44275339219184,117473600
2018-03-15,42.04967498779297,42.42392336815364,41.91316086691825,42.01437023093428,90975200
2018-03-16,41.901405334472656,42.16031535100402,41.80725329902523,42.04968895406137,157618800
2018-03-19,41.26116943359375,41.7719319011392,40.87515522076287,41.73662714660922,133787200
2018-03-20,41.24705123901367,41.61423508525341,41.17643813207561,41.24705123901367,78597600
2018-03-21,40.31260681152344,41.21173587274439,40.310250767056516,41.19996642500337,148219600
2018-03-22,39.74300003051758,40.64448152862968,39.68415638439098,40.01367936608748,165963200
2018-03-23,38.822689056396484,39.994853617877645,38.822689056396484,39.63473074903987,164115200
2018-03-26,40.66569137573242,40.7433654643082,39.17576896730587,39.55943091015595,150164800
2018-03-27,39.62297439575195,41.2258754577057,39.288742767415684,40.87987437657977,163690400
2018-03-28,39.1851692199707,40.0183974601968,38.8815375134174,39.36640869913229,166674000
2018-03-29,39.49116134643555,40.42559906185457,39.284030490161584,39.49822229912376,153594000
2018-04-02,39.232242584228516,39.76419155989348,38.71206665019576,39.22282917906744,150347200
2018-04-03,39.63472366333008,39.719458652115826,38.8085602163172,39.45819273598734,121112000
2018-04-04,40.39265060424805,40.48679904342445,38.78268859021559,38.80857994971901,138422000
2018-04-05,40.672733306884766,41.00931727508891,40.503263300443166,40.62095060538697,107732800
2018-04-06,39.632381439208984,40.597415269493986,39.59001213811566,40.24200087033369,140021200
2018-04-09,40.025447845458984,40.74098498477688,39.97837364800259,39.9854345980445,116070800
2018-04-10,40.778656005859375,40.95518698423972,40.37381134145123,40.71981234639926,113634400
2018-04-11,40.5880012512207,40.93635469352344,40.413822734303444,40.53857099928074,89726400
2018-04-12,40.98814010620117,41.19056244243671,40.729226562807334,40.816317622784545,91557200
2018-04-13,41.127010345458984,41.38827634272129,40.91988310196301,41.13877979590958,100497200
2018-04-16,41.383575439453125,41.47066291645523,41.15055322750271,41.197627442327295,86313600
2018-04-17,41.953182220458984,42.11794377015775,41.522446145975664,41.54127655044587,106421600
2018-04-18,41.859031677246094,42.08970144650777,41.633073998684004,41.85197072426181,83018000
2018-04-19,40.672733306884766,41.2823526845261,40.63978100516176,40.89869092111922,139235200
2018-04-20,39.00627136230469,40.30083140884344,38.93801073041183,40.15490033470525,261964400
2018-04-23,38.8932991027832,39.28872669572375,38.622616165479386,39.26754384428721,146062000
2018-04-24,38.3519401550293,39.14985995231257,37.9470955318883,38.994511845205345,134768000
2018-04-25,38.51906204223633,38.93567620006558,38.227199759614614,38.27662642743111,113528400
2018-04-26,38.65321731567383,39.00863167071187,38.45314746794144,38.62967841892952,111852000
2018-04-27,38.20600509643555,38.6791067284395,37.80822146548495,38.60143268291087,142623200
2018-04-30,38.89802169799805,39.36877109883249,38.0930406535551,38.161301327934524,169709600
2018-05-01,39.80186080932617,39.82539612298889,38.90037533163917,39.16870232981638,214277600
2018-05-02,41.560096740722656,41.837837057450194,40.90810806336872,41.244692032779035,266157600
2018-05-03,41.63541793823242,41.77899660543915,41.05875081606934,41.3976908561332,136272800
2018-05-04,43.268917083740234,43.36777399374625,41.93669586462417,41.955526265320316,224805200
2018-05-07,43.581974029541016,44.17276314839865,43.48546955448886,43.58667893695889,169805600
2018-05-08,43.791446685791016,43.83145993830345,43.231253967553805,43.54195017510666,113611200
2018-05-09,44.09980392456055,44.109217332283706,43.596102210348654,43.9091509922538,92844800
2018-05-10,44.73058319091797,44.80825723258625,44.16803809356075,44.18922453512921,111957200
2018-05-11,44.56046676635742,44.90780194751032,44.29110515703281,44.77312294553845,104848800
2018-05-14,44.456504821777344,44.78257548729426,44.38798455421709,44.65970770522713,83115200
2018-05-15,44.05245590209961,44.201314848435054,43.73583860532365,44.13279098837762,94780800
2018-05-16,44.46359634399414,44.52975869729785,43.94850272011563,43.96504420978689,76732400
2018-05-17,44.18241882324219,44.63608030646676,44.03355985337533,44.421062595632634,69176000
2018-05-18,44.02174377441406,44.37616713616014,43.97921470158735,44.22967330036031,73190800
2018-05-21,44.33362579345703,44.72112841750473,44.163502338472206,44.42104904477039,73603200
2018-05-22,44.22258377075195,44.62898950157071,44.132795368130374,44.51084838459737,60962800
2018-05-23,44.50613784790039,44.53921722841709,43.891802375010776,44.0312116836145,80233600
2018-05-24,44.456504821777344,44.6195401545358,43.99812027574511,44.603002271489295,92936000
2018-05-25,44.55810546875,44.81092559198266,44.33836110968226,44.47540524219508,69844000
2018-05-29,44.397438049316406,44.598279425304774,44.15406759439294,44.32655625109124,90056400
2018-05-30,44.30291748046875,44.42105859375,44.1327939889133,44.354899858742954,74762000
2018-05-31,44.1540641784668,44.475408191958955,43.98157914049399,44.23676441050668,109931200
2018-06-01,44.95033264160156,44.955055690317835,44.36198859216259,44.418697625184166,93770000
2018-06-04,45.326019287109375,45.701707156523746,45.21260482953497,45.28112508786226,105064800
2018-06-05,45.67571258544922,45.82457152869167,45.451245211216225,45.619007163551395,86264000
2018-06-06,45.83403015136719,45.857659818677284,45.34728928997988,45.75133352654392,83734400
2018-06-07,45.711177825927734,45.88602442997544,45.44653918390148,45.87184806806692,85388800
2018-06-08,45.2952995300293,45.36618491503513,44.83927658933057,45.17007024551719,106627200
2018-06-11,45.18425369262695,45.35910385569814,44.94324839331655,45.21261001430778,73234000
2018-06-12,45.43235397338867,45.51032755408102,45.16535385817376,45.222062900144905,67644400
2018-06-13,45.059024810791016,45.57412199581187,44.9975927231053,45.46543057334217,86553600
2018-06-14,45.08266067504883,45.264599043908696,44.94561651717608,45.25987238870438,86440400
2018-06-15,44.61954116821289,44.93143548238103,44.482497024597905,44.90071763482113,246876800
2018-06-18,44.595909118652344,44.709323578860406,44.232032467637985,44.392706257865036,73939600
2018-06-19,43.875244140625,44.026464610771406,43.34597069242239,43.74528820408191,134314000
2018-06-20,44.06663513183594,44.232031968895384,43.88469680838022,44.031194240101996,82514800
2018-06-21,43.820899963378906,44.503755401551075,43.69803220548436,44.24384353011653,102847600
2018-06-22,43.693321228027344,43.983947439170635,43.641338835090274,43.97685925880483,108801600
2018-06-25,43.04354476928711,43.693321073318046,42.70329769140621,43.33417097940136,126652400
2018-06-26,43.5775260925293,44.07372017377777,43.13095286155782,43.2372827399542,98276800
2018-06-27,43.51374816894531,44.25094777319124,43.4830303169745,43.76656834896281,101141200
2018-06-28,43.83036804199219,43.998130066688056,43.428688840311764,43.49957425363934,69460800
2018-06-29,43.73820495605469,44.2296724407701,43.21838475667249,44.01701626462684,90950800
2018-07-02,44.2273063659668,44.2556626854085,43.33888647337589,43.43340152921368,70925200
2018-07-03,43.45703125,44.40924843482453,43.367242840735415,44.37144240930459,55819200
2018-07-05,43.806724548339844,44.045371911071534,43.54208960114825,43.7736451799409,66416800
2018-07-06,44.413978576660156,44.52266640183763,43.75947567930748,43.811458067133685,69940800
2018-07-09,45.030670166015625,45.0542962270149,44.72822918433006,44.77548491170952,79026400
2018-07-10,44.97632598876953,45.196066742181216,44.936154835089134,45.061387739692314,63756400
2018-07-11,44.39270782470703,44.84164263268709,44.32891061123423,44.53920165787048,75326000
2018-07-12,45.137001037597656,45.2267894525032,44.73059525117853,44.78257763818897,72164400
2018-07-13,45.207881927490234,45.32838457332759,45.10627868833329,45.14881136681647,50055600
2018-07-16,45.10865783691406,45.51978675952888,44.99287820407478,45.25279019396623,60172400
2018-07-17,45.23624801635742,45.33548615498201,44.70461281312302,44.83456880610116,62138000
2018-07-18,44.98813247680664,45.31892974238022,44.87707954687457,45.314203088554464,65573600
2018-07-19,45.33784866333008,45.49615737093566,44.820389851915934,44.820389851915934,81147200
2018-07-20,45.23386764526367,45.46778472978486,44.93378822384285,45.314202732768315,82704800
2018-07-23,45.2740364074707,45.3567366267856,44.7896571344418,45.054292067640574,63957600
2018-07-24,45.60248565673828,45.75843284603744,45.37801818416751,45.47252966565565,74791600
2018-07-25,46.03251266479492,46.03960084432473,45.46779458945807,45.61665357034644,66839600
2018-07-26,45.88838195800781,46.30187593695004,45.7466111516465,45.982893425327774,76304000
2018-07-27,45.125179290771484,46.119929065766975,44.917253379961814,46.072673340827535,96096000
2018-07-30,44.872371673583984,45.41345654475376,44.67389541034647,45.342571134917016,84118000
2018-07-31,44.962154388427734,45.39927805746233,44.73768693894303,44.96451951871993,157492000
2018-08-01,47.61087417602539,47.67230626412179,46.62085095500786,47.05088638782584,271742800
2018-08-02,49.00257873535156,49.2364994753582,47.33915317811474,47.393497089492804,249616000
2018-08-03,49.144351959228516,49.321563666502755,48.55128113810663,48.917519387549675,133789600
2018-08-06,49.399539947509766,49.442069028994545,48.92697536897696,49.14671616741155,101701600
2018-08-07,48.93642044067383,49.50113491433572,48.853720205108345,49.45860583687777,102349600
2018-08-08,48.96949768066406,49.101815167499936,48.32444812964864,48.68595969381847,90102000
2018-08-09,49.35463333129883,49.567285896039586,48.95767731030051,49.5082153385693,93970400
2018-08-10,49.207637786865234,49.57990373485978,49.00372221427533,49.16732935737988,98444800
2018-08-13,49.52536392211914,50.018555141776424,49.2479445394418,49.629693321011686,103563600
2018-08-14,49.73401641845703,49.92607568843563,49.380719838430274,49.83123276583713,82992000
2018-08-15,49.85020446777344,49.968759935727405,49.3973217118631,49.608350300100135,115230400
2018-08-16,50.58051300048828,50.69669505828396,50.14185626620628,50.20824704723987,114001600
2018-08-17,51.59058380126953,51.678313665865005,50.5425541844967,50.608944939005404,141708000
2018-08-20,51.08792495727539,51.96997432951349,51.00493468068665,51.71389769700858,121150800
2018-08-21,50.98834228515625,51.498133050353275,50.74886150377362,51.40565991516332,104639200
2018-08-22,50.9907112121582,51.301325981983666,50.70380536683848,50.76545653021063,76072400
2018-08-23,51.09503936767578,51.46493186680774,50.88401076916968,50.895863422121245,75532800
2018-08-24,51.25389862060547,51.42935839026841,51.004931424758055,51.35822800690538,73905600
2018-08-27,51.67595291137695,51.86564236521051,51.29420419707113,51.48863326418211,82100400
2018-08-28,52.09328079223633,52.29245314408891,51.908334520083734,51.92967363963372,91107200
2018-08-29,52.870994567871094,52.99192345864419,52.0245104225879,52.199970196610515,109019200
2018-08-30,53.35707092285156,54.12293819410298,52.73346803514367,52.93501376769563,195175200
2018-08-31,53.97356414794922,54.26757939647643,53.58707216000043,53.707997436279285,173360400
2018-09-04,54.14664840698242,54.34107747487814,53.73644753925483,54.15850467627464,109560400
2018-09-05,53.79336166381836,54.45727306710993,53.37367787485255,54.296039352981474,133332000
2018-09-06,52.899452209472656,53.90717370539204,52.4726517934781,53.64160699209219,137160000
2018-09-07,52.4726448059082,53.43768432270481,52.332750238135965,52.60305652926594,150479200
2018-09-10,51.7684326171875,52.60306414955983,51.32740611850492,52.38966213005324,158066000
2018-09-11,53.07727813720703,53.18397732206969,51.34873759393582,51.69254768650452,142996000
2018-09-12,52.41811752319336,53.349961785731736,52.126468460452756,53.33573570813967,197114800
2018-09-13,53.68428039550781,54.1442761260315,52.773775396670864,52.99903003082749,166825600
2018-09-14,53.074913024902344,53.7862458594256,52.761928459085574,53.52779579787503,127997200
2018-09-17,51.66172409057617,52.863874473152656,51.517086296740914,52.674185029397776,148780400
2018-09-18,51.74708938598633,52.60305996683925,51.48152269069633,51.640386575704554,126286800
2018-09-19,51.77791213989258,52.07430079960809,51.049983473004616,51.808737718271196,108495200
2018-09-20,52.1715202331543,52.70501985218735,51.962861446608656,52.22131512286209,106435200
2018-09-21,51.60956954956055,52.48687932912805,51.521836038985654,52.349354545818954,384986800
2018-09-24,52.35171890258789,52.463161325425574,51.36534021627481,51.41039187036139,110773600
2018-09-25,52.68367385864258,52.83305489024052,52.09326638815939,52.10512265730652,98217600
2018-09-26,52.26399612426758,53.053576036425326,52.10750202606852,52.401520911955295,95938800
2018-09-27,53.33810806274414,53.69140468460075,53.0037807512583,53.07017514656896,120724800
2018-09-28,53.52542495727539,53.54913388048612,53.11759385058237,53.30016666960566,91717600
2018-10-01,53.885826110839844,54.397986563838984,53.67005792440383,54.0494332237167,94403200
2018-10-02,54.36479568481445,54.53551584996074,53.73645314505783,53.88346076914599,99152800
2018-10-03,55.02633285522461,55.35828669549664,54.48334682317725,54.54736778452454,114619200
2018-10-04,54.05892562866211,55.09272949311696,53.76016352256026,54.7204635729824,128168000
2018-10-05,53.181602478027344,54.158501851959784,52.301923060010964,54.051802669944955,134322000
2018-10-08,53.058319091796875,53.30254308452448,52.21183125092516,52.688426583123054,118655600
2018-10-09,53.79336166381836,53.88820821744634,52.697910200104225,53.02749428565605,107564000
2018-10-10,51.301326751708984,53.67006651234133,51.227822933994126,53.45903790553612,167962400
2018-10-11,50.84843444824219,52.04584527964782,50.3433906650113,50.86503394876488,212497600
2018-10-12,52.66469955444336,52.84727595151399,51.4151241598321,52.26398157426076,161351600
2018-10-15,51.53843307495117,52.59831924587156,51.51709395908651,52.43945535328062,123164000
2018-10-16,52.674190521240234,52.87336644786293,51.39616278070378,51.910693053592425,116736000
2018-10-17,52.44655990600586,52.790369983179914,52.007903299181095,52.709753146495686,91541600
2018-10-18,51.220699310302734,52.1027521766626,50.50462335577934,51.6569825122801,130325200
2018-10-19,52.00080490112305,52.4631705570081,51.55503513133327,51.70441619632158,132314800
2018-10-22,52.318519592285156,52.96109173493929,51.91306197198214,52.11460406984393,115168400
2018-10-23,52.81170654296875,52.93500521654252,50.90770642081462,51.17564287934272,155071200
2018-10-24,51.00019454956055,53.16738853808366,50.86978280043189,52.78090014088099,163702000
2018-10-25,52.116981506347656,52.49161719818466,51.39379246887828,51.621420546484835,119423200
2018-10-26,51.28709411621094,52.20945547540686,50.426380295404556,51.192247574812846,189033600
2018-10-29,50.324424743652344,52.09090043654111,48.86619036324804,51.972344972346896,183742000
2018-10-30,50.57575988769531,51.02152595640416,49.620203170895984,50.06596923960483,146640000
2018-10-31,51.894100189208984,52.27110571342019,51.362970384025495,51.424621543624724,153435600
2018-11-01,52.6907958984375,52.72399128690546,51.408024783307795,51.93915461682114,233292800
2018-11-02,49.19578170776367,50.65875591880684,48.70970350884678,49.68660313899923,365314800
2018-11-05,47.79918670654297,48.46309796742485,46.98826784160361,48.44175885419559,264654800
2018-11-06,48.31608963012695,48.54134426396523,47.82289851861433,47.87743301315881,127531600
2018-11-07,49.78143310546875,49.807515449385754,48.40144953847222,48.83773272942454,133697600
2018-11-08,49.607749938964844,49.995586840212916,49.19373605281653,49.962275628498666,101450400
2018-11-09,48.65122985839844,49.01765313270148,48.123006700822515,48.90820358078531,137463200
2018-11-12,46.200477600097656,47.551968983030896,46.110059887568084,47.34971998310429,204542000
2018-11-13,45.73887634277344,46.91667014886423,45.553284767542166,45.59611554756101,187531600
2018-11-14,44.44686508178711,46.27422906847281,44.23985633891213,46.136224450106,243204000
2018-11-15,45.54376220703125,45.67700704876969,44.47065835463488,44.825187661199365,185915200
2018-11-16,46.048179626464844,46.39081121589632,45.07977303891082,45.32722716980644,147713200
2018-11-19,44.223201751708984,45.37482197028844,44.016196643218514,45.20826592721281,167701200
2018-11-20,42.11030578613281,43.17864971687647,41.76053630707205,42.4410397716322,271300800
2018-11-21,42.06272506713867,42.89313089673163,42.00800028423962,42.76464220391683,124496800
2018-11-23,40.994384765625,42.01990180472043,40.949179542058644,41.62492338758252,94496000
2018-11-26,41.54878234863281,41.62730241870806,40.51137127621907,41.45836826877504,179994000
2018-11-27,41.45836639404297,41.58447338949613,40.65889364383332,40.80879228842579,165549600
2018-11-28,43.052547454833984,43.135823663787434,41.62253625141104,42.05082582673446,184250000
2018-11-29,42.72181701660156,43.49511639250818,42.28162976574862,43.46180518000281,167080000
2018-11-30,42.49101638793945,42.90740835745708,42.122211345951015,42.897888793561336,158126000
2018-12-03,43.975746154785156,44.004297581060094,43.116788984737276,43.89008824531101,163210000
2018-12-04,42.041297912597656,43.39754482238767,41.941364311944554,43.05491325977788,165377200
2018-12-06,41.572574615478516,41.58685033070264,40.5494393335014,40.86827574233966,172393600
2018-12-07,40.090206146240234,41.51783525796936,40.044997310131706,41.27989707268117,169126400
2018-12-10,40.35432815551758,40.470915572966724,38.862454329799945,39.25981076673073,248104000
2018-12-11,40.12352752685547,40.875409623836234,39.73568702462761,40.84448012074256,189126800
2018-12-12,40.2353515625,40.90633540673811,40.21631607059021,40.544668321749775,142510800
2018-12-13,40.67554473876953,41.061007188033315,40.34243262770178,40.56609517255429,127594400
2018-12-14,39.374027252197266,40.23060654931838,39.32644032027947,40.21157105042123,162814800
2018-12-17,39.007606506347656,40.05691530823448,38.71969955830769,39.36689204174012,177151600
2018-12-18,39.514404296875,39.86179208564838,39.11466617547559,39.350226334370745,135366000
2018-12-19,38.281883239746094,39.84275751125947,37.853593682160245,39.497747789827606,196189200
2018-12-20,37.31584930419922,38.57216274215254,36.95180413926098,38.16528681217215,259092000
2018-12-21,35.864444732666016,37.63232847502574,35.60271473880039,37.32300790895644,382978400
2018-12-24,34.93646240234375,36.059530870161716,34.87935593374934,35.25053890299202,148676800
2018-12-26,37.39674377441406,37.411019484485706,34.910290488992835,35.28623325368984,234330000
2018-12-27,37.154056549072266,37.30158073396154,35.7073951737711,37.08029627195242,212468400
2018-12-28,37.173091888427734,37.71797251566736,36.773357369983444,37.475274483383565,169165600
2018-12-31,37.532379150390625,37.91783793600413,37.23257464544732,37.72034876183257,140014000
2019-01-02,37.57520294189453,37.796487372519124,36.697210336780685,36.854250431978905,148158800
2019-01-03,33.83244323730469,34.67236504107236,33.78723438504044,34.258351143686504,365248800
2019-01-04,35.2767219543457,35.34572607671616,34.21551944315652,34.38921334078491,234428400
2019-01-07,35.19819641113281,35.412342970908306,34.715182152458084,35.38140984290045,219111200
2019-01-08,35.86918640136719,36.123782037607526,35.338585191248775,35.58603934074441,164101200
2019-01-09,36.47830581665039,36.76859071870635,35.60269496042507,35.997669623478394,180396400
2019-01-10,36.594905853271484,36.6353549226105,35.89536677383828,36.285585382893906,143122800
2019-01-11,36.235618591308594,36.571112433090754,36.05002702578016,36.37600493397239,108092800
2019-01-14,35.69073486328125,35.992917435038834,35.505143332444135,35.89298381309956,129756800
2019-01-15,36.42121124267578,36.49734959802523,35.70263668006988,35.75498338778188,114843600
2019-01-16,36.86615753173828,37.0898200949179,36.40455668954205,36.423592187541374,122278800
2019-01-17,37.085052490234375,37.5133420282532,36.46641164302394,36.69007415902539,119284800
2019-01-18,37.3134765625,37.56569051615148,37.11360568148331,37.47527282308796,135004000
2019-01-22,36.47592544555664,37.29205169885072,36.314125587565776,37.21591336558636,121576000
2019-01-23,36.62344741821289,36.91373231353581,36.09522432217602,36.67817218779543,92522400
2019-01-24,36.333168029785156,36.75669780079705,36.10474935564246,36.66866181499719,101766000
2019-01-25,37.53712844848633,37.6251680497409,36.718624104982105,36.99462965271494,134142000
2019-01-28,37.18975067138672,37.19688852871694,36.5615938117792,37.06839983547352,104768400
2019-01-29,36.80428695678711,37.62517682803338,36.66866404152659,37.177851753922326,166348800
2019-01-30,39.31929016113281,39.53343310309419,38.12483930122953,38.843413729530596,244439200
2019-01-31,39.602455139160156,40.21157666633785,39.15512992922936,39.52393505673715,162958400
2019-02-01,39.621482849121094,40.206808976586736,39.481096506586674,39.72617627176372,130672400
2019-02-04,40.746925354003906,40.844480907959166,39.80231021008978,39.83324334442914,125982000
2019-02-05,41.44407653808594,41.658223109934525,41.00865279969011,41.12999998228332,144406400
2019-02-06,41.45836639404297,41.77482473586032,41.127632336612045,41.55591832761903,112958400
2019-02-07,40.673160552978516,41.38697522430309,40.53039616645393,41.020548326526274,126966800
2019-02-08,40.7209587097168,40.78069839317819,40.245429516724585,40.381637745202596,95280000
2019-02-11,40.486778259277344,40.91212817826302,40.44376743552907,40.87389390411717,83973600
2019-02-12,40.83565902709961,40.861944634409184,40.55129754244725,40.646883226400696,89134000
2019-02-13,40.6660041809082,41.21561011429825,40.603876209601104,40.95514591438327,89960800
2019-02-14,40.814151763916016,40.92407073769949,40.474830805272624,40.553687623623816,87342800
2019-02-15,40.72334289550781,41.0292097524213,40.563240997453136,40.92167906223181,98507200
2019-02-19,40.845218658447266,40.96708995832154,40.50112111056447,40.55369232889822,75891200
2019-02-20,41.10806655883789,41.416325336390706,40.859551104960914,40.90734211768104,104457600
2019-02-21,40.87629318237305,41.18932863798814,40.694685800625145,41.053124013232726,68998800
2019-02-22,41.33268737792969,41.33985584736165,40.95274391315378,41.000534924773696,75652800
2019-02-25,41.6337776184082,42.025669781395585,41.56686946713383,41.617052403699994,87493600
2019-02-26,41.65768814086914,41.88947846911954,41.38049505711498,41.509534851306924,68280800
2019-02-27,41.786720275878906,41.81778608376061,41.27534863761778,41.390051476155634,111341600
2019-02-28,41.37569808959961,41.79626774171743,41.32073860868711,41.65528298161905,112861600
2019-03-01,41.81060028076172,41.853611092718346,41.31356579179362,41.6457182091545,103544800
2019-03-04,42.02089309692383,42.47491321428441,41.57164952876691,41.982658825969885,109744800
2019-03-05,41.94442367553711,42.05673456522143,41.70785323096829,42.04239762546951,78949600
2019-03-06,41.70307540893555,41.934865651105085,41.5644789185296,41.73891775722132,83241600
2019-03-07,41.22038650512695,41.68396708747858,41.10568732014163,41.54775884275365,99185600
2019-03-08,41.31835174560547,41.3565860145986,40.50350166301471,40.69944955693907,95997600
2019-03-11,42.74971389770508,42.802285108230926,41.90141335177229,41.93486742699595,128044000
2019-03-12,43.23003387451172,43.65060001573836,42.86203531049448,43.012580509067135,129870400
2019-03-13,43.421180725097656,43.801124128261506,43.23240133741407,43.55021680016882,124130000
2019-03-14,43.90388870239258,43.992305916475004,43.62430741144457,43.94451125103757,94318000
2019-03-15,44.47500228881836,44.76414398654323,43.906282931668365,44.17152729541817,156171600
2019-03-18,44.929019927978516,45.01743348832118,44.39613935267995,44.39853127348104,104879200
2019-03-19,44.57297897338867,45.16081915056755,44.427213978176695,45.00788568396985,126585600
2019-03-20,44.96247482299805,45.28029036657512,44.14284449562121,44.50128258512939,124140800
2019-03-21,46.61846160888672,46.91477177118616,45.3567597020329,45.406942643812606,204136800
2019-03-22,45.65306091308594,47.23974655431228,45.58854104236857,46.67819214407311,169630800
2019-03-25,45.101070404052734,45.87529432805428,44.58969888594255,45.76298343726282,175381200
2019-03-26,44.63509750366211,46.09035887304303,44.10700077672146,45.79882894425689,199202000
2019-03-27,45.03655242919922,45.34480758857709,44.57775210214657,45.103460582338926,119393600
2019-03-28,45.096275329589844,45.296999714309734,44.811913961460235,45.151234796454204,83121600
2019-03-29,45.39021301269531,45.421278816424476,45.05328030619327,45.361539130004445,94256000
2019-04-01,45.69846725463867,45.80360602937068,45.01504516466666,45.79404928483894,111448000
2019-04-02,46.362762451171875,46.467904849994866,45.653054905336646,45.662611647856934,91062800
2019-04-03,46.68058776855469,46.95538884017429,46.15487566354562,46.178772994217205,93087200
2019-04-04,46.761837005615234,46.924327200684935,46.152491481661734,46.54677194916167,76457200
2019-04-05,47.074867248535156,47.098764578723184,46.81917967116176,46.94343922494232,74106400
2019-04-08,47.81563949584961,47.846701648827704,46.91715240954242,46.9362695439554,103526800
2019-04-09,47.672264099121094,48.47277726052693,47.60774422451132,47.86821199748385,143072800
2019-04-10,47.93989562988281,47.968573154749954,47.35683578926549,47.47631514525361,86781200
2019-04-11,47.54083251953125,48.030698582577735,47.41896489546853,47.994856236153524,83603200
2019-04-12,47.521724700927734,47.82520332961341,46.88609720701765,47.600581524738395,111042800
2019-04-15,47.60773849487305,47.75589536119135,47.31620860316894,47.452416805816696,70146400
2019-04-16,47.612525939941406,48.11911726997724,47.44764383635256,47.66270887651136,102785600
2019-04-17,48.5396842956543,48.59942397360544,47.45958989735585,47.681819749148225,115627200
2019-04-18,48.71411895751953,48.78341537366424,48.39391518624901,48.537288213306425,96783200
2019-04-22,48.874229431152344,48.97220338690037,48.35090922181928,48.468000313778205,77758000
2019-04-23,49.579158782958984,49.64367866425876,48.72368604881537,48.850333890412784,93292000
2019-04-24,49.502689361572266,49.818112976264246,49.476403756496204,49.55048037637763,70162400
2019-04-25,49.053443908691406,49.646060491105864,49.01520963983355,49.42383064003315,74172800
2019-04-26,48.81926345825195,48.986533820100895,48.298331592813334,48.96263649145658,74596400
2019-04-29,48.893341064453125,49.2183250510199,48.71412203464543,48.843158131769954,88818800
2019-04-30,47.95185089111328,48.60420724360658,47.57907583254568,48.522962145451295,186139600
2019-05-01,50.30559158325195,51.4502022665524,49.997332787495154,50.15265814578386,259309200
2019-05-02,49.97821807861328,50.814573652985054,49.73448279364687,50.14310018952764,127985200
2019-05-03,50.599510192871094,50.62101560310211,50.236291908679384,50.39400554281509,83569600
2019-05-06,49.8181037902832,49.904129059558905,48.62809060381931,48.81686635366931,129772400
2019-05-07,48.475162506103516,49.56481360545872,47.9900766320153,49.19681880816507,155054800
2019-05-08,48.4847297668457,49.067789710466904,48.209928658014654,48.2457710126548,105358000
2019-05-09,47.96379852294922,48.19319687117108,46.993626623189535,47.88732997606126,139634400
2019-05-10,47.29933166503906,47.699932750025205,46.241468231244326,47.35690393324207,164834800
2019-05-13,44.550315856933594,45.45225932989758,43.861864488539425,45.02767625266252,229722400
2019-05-14,45.25556182861328,45.50503431641319,44.4759552713781,44.71583421206585,146118800
2019-05-15,45.797691345214844,45.996791324468816,44.622285886295614,44.68225562726624,106178800
2019-05-16,45.59619140625,46.16950195223836,45.29874018957039,45.55541242384641,132125600
2019-05-17,45.33711624145508,45.792884728984006,44.79978613867689,44.84056511617059,131516400
2019-05-20,43.919429779052734,44.22167955527841,43.245370611853836,44.02257961609759,154449200
2019-05-21,44.761409759521484,45.0972387970972,44.30563759679789,44.430375665152575,113459200
2019-05-22,43.84507369995117,44.547920918961154,43.78990256693896,44.29604729221338,118994400
2019-05-23,43.096649169921875,43.30774013800977,42.652871688121444,43.13023207349917,146118800
2019-05-24,42.93113327026367,43.6915490546367,42.84717417894699,43.226183335306224,94858800
2019-05-28,42.753623962402344,43.31973842722147,42.67686460222569,42.919141022494294,111792800
2019-05-29,42.54972839355469,43.022290207561106,42.2186942784962,42.319442996065696,113924800
2019-05-30,42.77042007446289,42.99350575437615,42.379416191299306,42.68646097283773,84873600
2019-05-31,41.99560546875,42.696051495723665,41.97641471537596,42.2738622420187,108174400
2019-06-03,41.571014404296875,42.679253759070704,40.84418162483332,42.12273661036051,161584400
2019-06-04,43.09185791015625,43.13743549997744,41.863678758296096,42.08436697087955,123872000
2019-06-05,43.787498474121094,44.375204783547744,43.4516694346733,44.20488913194507,119093600
2019-06-06,44.430381774902344,44.490351515591904,43.69395160230855,43.917040941010214,90105200
2019-06-07,45.612979888916016,46.03756664607893,44.56231259968643,44.73982067626788,122737600
2019-06-10,46.195892333984375,46.8651530476269,45.96560691300584,46.01118450280199,104883600
2019-06-11,46.7308235168457,47.016280088740814,46.44057200073888,46.74281819790048,107731600
2019-06-12,46.582096099853516,47.00908035832402,46.39019219868125,46.524523831423096,73012800
2019-06-13,46.572509765625,47.20579022517114,46.44057923426136,46.704443957251975,86698400
2019-06-14,46.2342643737793,46.4381592596896,45.6489592231439,45.94880787324303,75046000
2019-06-17,46.51012420654297,46.766796410926815,46.09753216640612,46.27264275521919,58676400
2019-06-18,47.603973388671875,48.045349745694665,46.82676799049305,47.028265415186674,106204000
2019-06-19,47.46484375,47.947002752454424,47.330512131892405,47.89902403719136,84496800
2019-06-20,47.84626007080078,48.12211941703031,47.503231246787394,48.06454714761381,86056000
2019-06-21,47.68314743041992,48.1796987184213,47.532022488808536,47.68794603530397,191202400
2019-06-24,47.63516616821289,48.014175378981264,47.536814912325745,47.62556895969275,72881600
2019-06-25,46.913124084472656,47.79827426131573,46.84595461664959,47.599174310237565,84281200
2019-06-26,47.92782211303711,48.213278691889236,47.340119329657185,47.44086806449979,104270000
2019-06-27,47.913421630859375,48.352400537964535,47.87264264957798,48.04535212195591,83598800
2019-06-28,47.476844787597656,47.855853995313346,47.26815125724798,47.659151485123374,124442400
2019-07-01,48.347599029541016,49.05284366874094,48.13170579658035,48.73620172450343,109012000
2019-07-02,48.63064956665039,48.72660332516424,48.30201663686181,48.31401131420874,67740800
2019-07-03,49.033660888671875,49.040856964914546,48.62106876953337,48.76259648265601,45448000
2019-07-05,48.9904670715332,49.19436560209205,48.67142769302639,48.77937612700552,69062000
2019-07-08,47.9805908203125,48.311621297625926,47.594385546561455,48.17009358905108,101354400
2019-07-09,48.27323913574219,48.338003814062816,47.690331409021574,47.78388404908018,82312000
2019-07-10,48.75060272216797,48.870542208826045,48.350005275961514,48.419572227970285,71588400
2019-07-11,48.395572662353516,49.02885287197086,48.38597911595923,48.7697831961826,80767200
2019-07-12,48.76738739013672,48.93530190973537,48.50351910200883,48.56348883474135,70380800
2019-07-15,49.22556686401367,49.383884208266856,48.93531168906781,48.956899918702874,67789600
2019-07-16,49.055240631103516,49.44144585045324,48.81536170381206,49.07682885609688,67467200
2019-07-17,48.779388427734375,49.19677547939661,48.760197671526775,48.947302969222775,56430000
2019-07-18,49.3335075378418,49.38628120159084,48.86334316814913,48.93530758783078,74162400
2019-07-19,48.597076416015625,49.53500400468843,48.54190528146498,49.364688336820315,83717200
2019-07-22,49.70771408081055,49.710111552508515,48.841750963766714,48.85134451082072,89111600
2019-07-23,50.0963249206543,50.11311820605167,49.72451177245239,50.00517339793182,73420800
2019-07-24,50.05554962158203,50.170690514709015,49.69573112783007,49.815670625747394,59966400
2019-07-25,49.65973663330078,50.192268145572555,49.59016969452672,50.10830905677958,55638400
2019-07-26,49.832454681396484,50.309811452113316,49.688525846451945,49.770083811464765,70475600
2019-07-29,50.297813415527344,50.5280988040165,50.00036587821219,50.005164481793365,86693600
2019-07-30,50.08192443847656,50.412958544568326,49.729302106403715,50.07712583483784,135742800
2019-07-31,51.10380935668945,53.102001428275486,50.68642233067423,51.914601370393356,277125600
2019-08-01,49.997962951660156,52.300802112845126,49.59257064002337,51.310100973963266,216071600
2019-08-02,48.94011688232422,49.5182225174267,48.36680619205547,49.302332871485405,163448400
2019-08-05,46.37820053100586,47.6519573131319,46.195893826195025,47.493639970124235,209572000
2019-08-06,47.25615310668945,47.512825339880116,46.5461098048248,47.090636045699185,143299200
2019-08-07,47.745513916015625,47.87025201923431,46.49334892007087,46.874755646547385,133457600
2019-08-08,48.79857635498047,48.822565715714255,47.82946694169369,48.023768318744715,108038000
2019-08-09,48.39645767211914,48.82265398058782,47.98711110477218,48.47110209877175,98478800
2019-08-12,48.273643493652344,48.651686068806626,47.953391919398044,48.0665636664717,89927600
2019-08-13,50.317970275878906,51.08127540440363,48.27365845336094,48.40368732713886,188874000
2019-08-14,48.82023620605469,49.70875305335615,48.781708873980634,48.9189611166812,146189600
2019-08-15,48.57704544067383,49.39573114261871,48.07860766376741,48.99120512730545,108909600
2019-08-16,49.723209381103516,49.88213190063552,49.08270614117341,49.18865448752808,110481600
2019-08-19,50.65025329589844,51.22333184974015,50.57319861770534,50.71526404718342,97654400
2019-08-20,50.65266799926758,51.3726326081371,50.64303800003385,50.77788003432529,107537200
2019-08-21,51.201663970947266,51.444860921191584,50.951243603558915,51.285942069853526,86141600
2019-08-22,51.1583251953125,51.63508911376229,50.74657203335387,51.334101142034214,89014800
2019-08-23,48.79375457763672,51.05959256937865,48.3988585651663,50.42871937720871,187272000
2019-08-26,49.720802307128906,49.88935482276287,49.37647018489091,49.569103205973704,104174400
2019-08-27,49.15976333618164,50.21683292459266,49.00806422575764,50.050686979684386,103493200
2019-08-28,49.489646911621094,49.535397672061855,48.95750222501035,49.14531842901057,63755200
2019-08-29,50.32759475708008,50.40224285933737,49.76173958256889,50.2047929890166,83962000
2019-08-30,50.262577056884766,50.674326482082,49.891757874550635,50.604498899890494,84573600
2019-09-03,49.530574798583984,49.838786156000836,49.174206105477474,49.706350727227374,80092000
2019-09-04,50.37093734741211,50.44076493705066,49.92066053786811,50.178304319411076,76752400
2019-09-05,51.35575866699219,51.52190457407823,50.929558775880444,51.04754735425846,95654800
2019-09-06,51.350955963134766,51.63027369034283,51.170363175155885,51.541182424007545,77449200
2019-09-09,51.570068359375,52.116663477775006,50.82362048552351,51.731397451538086,109237600
2019-09-10,52.17927932739258,52.19854300043408,50.977737574059724,51.49543546818403,127111600
2019-09-11,53.83831787109375,53.867215213888514,52.427286157903254,52.509157675957375,177158400
2019-09-12,53.71792221069336,54.51975457547197,53.662541454928665,54.129675355805944,128906800
2019-09-13,52.67289352416992,53.164104263143614,52.25632721215194,52.97388148716518,159053200
2019-09-16,52.949790954589844,53.00517537469614,52.38634247635051,52.42727639066682,84632400
2019-09-17,53.14242935180664,53.17132669215555,52.76198015904004,52.96424684480587,73274800
2019-09-18,53.640869140625,53.66013281018693,52.839036806684845,53.22911601134843,101360000
2019-09-19,53.20503234863281,53.879242325887176,53.062963263126036,53.457859253018796,88242400
2019-09-20,52.42728805541992,53.59030602388481,52.36468387974276,53.306175141000466,221652400
2019-09-23,52.66566848754883,52.935352518365704,52.40802103554608,52.72104924226958,76662000
2019-09-24,52.41523742675781,53.57344200380583,52.29725251617482,53.2218865043255,124763200
2019-09-25,53.22188949584961,53.335061251581074,52.28521520368025,52.624730470874646,87613600
2019-09-26,52.947391510009766,53.200222119962206,52.69215431918571,52.97387859627467,75334000
2019-09-27,52.68974304199219,53.20503421362408,52.31892386733519,53.10389903932203,101408000
2019-09-30,53.92981719970703,54.07669946621,53.16410194467161,53.19058903122688,103909600
2019-10-01,54.079097747802734,54.95316779581715,53.985189668822,54.194679748216515,139223200
2019-10-02,52.72346115112305,53.83591148730577,52.475443689226,53.71069946585503,138449200
2019-10-03,53.171321868896484,53.205032367771324,51.80122431789601,52.59582945911288,114426000
2019-10-04,54.66181564331055,54.777397655893,53.91055093237027,54.33193404188315,138478800
2019-10-07,54.67386245727539,55.364929664081245,54.38009790316798,54.48363967592858,122306000
2019-10-08,54.03335189819336,54.91464544187616,54.01649848462692,54.37527742104487,111820000
2019-10-09,54.66663360595703,54.84963295173128,54.33193516189685,54.66663360595703,74770400
2019-10-10,55.40345001220703,55.48772810325284,54.731646561284045,54.88334198132975,113013600
2019-10-11,56.87709045410156,57.2214188925984,55.93800588024177,56.09211155799021,166795600
2019-10-14,56.79521560668945,57.33940411972234,56.506267937152586,56.56164868588965,96427600
2019-10-15,56.66278839111328,57.223826687854974,56.556840046506,56.92043216170895,87360000
2019-10-16,56.43403244018555,56.64352254047168,56.15230817514811,56.193242093230225,73903200
2019-10-17,56.65315246582031,56.86263889167149,56.22936277841763,56.6074017120898,67585200
2019-10-18,56.92525100708008,57.20697529291118,56.414772935422135,56.48701077967433,97433600
2019-10-21,57.9124870300293,58.028069045974206,57.14436888293073,57.19252621915649,87247200
2019-10-22,57.780067443847656,58.31943560185108,57.69819591343356,58.06901519623092,82293600
2019-10-23,58.555397033691406,58.5698475413598,58.083449993262974,58.29534668236837,75828800
2019-10-24,58.65171813964844,58.94548268184734,58.225518160528814,58.87565141775758,69275200
2019-10-25,59.374080657958984,59.410197738184195,58.483157162104476,58.55057816130414,73477200
2019-10-28,59.968841552734375,60.01699889123348,59.40779955750476,59.57635207933633,96572800
2019-10-29,58.581886291503906,60.137393666231965,58.408520608918174,59.94957747544215,142839600
2019-10-30,58.574668884277344,59.06588333687217,58.08105152465605,58.93585446888011,124522000
2019-10-31,59.899009704589844,59.997734635760125,57.129920514953874,59.53301099623121,139162000
2019-11-01,61.59899139404297,61.62547480632661,59.99532672153504,60.08682455950664,151125200
2019-11-04,62.00351333618164,62.08779142591786,61.49303898464309,61.962575744593835,103272000
2019-11-05,61.9144287109375,62.16966591402172,61.719389100058784,61.89516136636196,79897600
2019-11-06,61.940914154052734,62.00111174823086,61.49063732533464,61.8277423830643,75864400
2019-11-07,62.655792236328125,62.87798771029091,62.33699291862533,62.48914747345624,94940400
2019-11-08,62.82728576660156,62.899736822702295,62.0327047894854,62.47708846450896,69986400
2019-11-11,63.32477951049805,63.389985437138236,62.37804429145669,62.38287190329678,81821200
2019-11-12,63.266815185546875,63.467275330366334,63.01564668730592,63.16779385877103,87388800
2019-11-13,63.87302017211914,63.94788870247031,63.05187645928647,63.06636666707052,102734400
2019-11-14,63.431060791015625,63.972048259806755,63.30064153678867,63.69913703372504,89182800
2019-11-15,64.18456268310547,64.18939029468679,63.52040125590579,63.68221100347261,100206400
2019-11-18,64.5082015991211,64.587897742297,63.815059632152085,64.1942298980991,86703200
2019-11-19,64.31258392333984,64.72556963603644,64.09522340983646,64.70141683000237,76167200
2019-11-20,63.56386947631836,64.26183889908727,62.89004548094563,64.13142705771119,106234400
2019-11-21,63.278892517089844,63.76191904400532,63.078432380995984,63.68463303080287,121395200
2019-11-22,63.22334289550781,63.561459996057096,62.99631983433901,63.418968052625615,65325200
2019-11-25,64.33190155029297,64.34880925150556,63.40207379882107,63.447961919025765,84020400
2019-11-26,63.829524993896484,64.52266669105505,63.39721430691129,64.46953349282002,105207600
2019-11-27,64.68692016601562,64.72073556516953,64.07589182337021,64.14109775979452,65235600
2019-11-29,64.54443359375,64.72556858044902,64.21838914361147,64.38745141269115,46617600
2019-12-02,63.79816436767578,64.78595303746133,63.62669196109353,64.54926731244194,94487200
2019-12-03,62.660614013671875,62.67993183018835,61.89743127928363,62.38528537811694,114430400
2019-12-04,63.21368408203125,63.59286170372662,62.95768059270328,63.05187431049022,67181600
2019-12-05,64.14109802246094,64.21597392512254,63.4527910239609,63.70879452854286,74424400
2019-12-06,65.38007354736328,65.4501144789685,64.5565121818328,64.59999018409937,106075600
2019-12-09,64.46471405029297,65.40177918364618,63.979270103563984,65.208571549437,128042400
2019-12-10,64.84148406982422,65.22548927689962,64.20871312410253,64.87046448237331,90420400
2019-12-11,65.39454650878906,65.47425001658583,64.84631403047881,64.92118255574232,78756800
2019-12-12,65.56116485595703,65.8268308242958,64.56130413744215,64.67239813496664,137310400
2019-12-13,66.4523696899414,66.48859520359403,65.43318347358382,65.56118520208942,133587600
2019-12-16,67.58989715576172,67.8145100882346,66.8943451606707,66.89917277250892,128186000
2019-12-17,67.7227554321289,68.05121003129551,67.33391512856026,67.5198851143374,114158400
2019-12-18,67.5609359741211,68.08260564672447,67.41119889011864,67.57542618415992,116028400
2019-12-19,67.6285629272461,67.90871928656576,67.37014925451697,67.5029786435796,98369200
2019-12-20,67.48846435546875,68.26371983787888,67.27593151247044,68.16228839852033,275978000
2019-12-23,68.58977508544922,68.65015340858781,67.71308065421263,67.75172366546943,98572000
2019-12-24,68.65497589111328,68.80472031244457,68.32893886684734,68.75641470938284,48478800
2019-12-26,70.0171127319336,70.03402042966727,68.758830663586,68.78781107661511,93121200
2019-12-27,69.99053955078125,70.99765308437338,69.58479904432102,70.30933882174277,146266000
2019-12-30,70.40593719482422,70.68851092909499,68.88440672831781,69.9084205091844,144114400
2019-12-31,70.92035675048828,70.92760185239203,69.92290595614713,70.02192726243074,100805600
2020-01-02,72.53851318359375,72.59889150198023,71.29230380764884,71.54588979671196,135480400
2020-01-03,71.83328247070312,72.59404771603535,71.6086769224392,71.76565905712691,146322800
2020-01-06,72.40567779541016,72.44432080433776,70.7030121336898,70.95418800651902,118387200
2020-01-07,72.06517028808594,72.67136376993946,71.84539226049357,72.41536021481039,108872000
2020-01-08,73.22441864013672,73.52631026770732,71.76809372355218,71.76809372355218,132079200
2020-01-09,74.77976989746094,74.97297760387046,73.95138098488776,74.20254952913984,170108400
2020-01-10,74.94881439208984,75.51396196419593,74.44647000292952,75.01402769601006,140644800
2020-01-13,76.55003356933594,76.5766038580251,75.14684225138329,75.2651887494365,121532000
2020-01-14,75.5163803100586,76.69738393857047,75.39321353332888,76.48726853727727,161954400
2020-01-15,75.19274139404297,76.19743749233605,74.76043057245047,75.31591552157606,121923600
2020-01-16,76.1346435546875,76.24574496948411,75.3738782015038,75.73614811924845,108829200
2020-01-17,76.9775161743164,76.97992629479913,76.07666915290817,76.3833883085302,137816400
2020-01-21,76.45585632324219,77.04755940221253,76.31819199284013,76.60559336877427,110843200
2020-01-22,76.72876739501953,77.28182746630861,76.63457368368562,76.94129287751667,101832400
2020-01-23,77.09828186035156,77.17797799443389,76.23366024847726,76.78190007438859,104472000
2020-01-24,76.8760986328125,78.08849275649891,76.68530106036428,77.34463502870749,146537600
2020-01-27,74.61553192138672,75.29659377968004,73.63257108817264,74.88360812840847,161940000
2020-01-28,76.72634887695312,76.89782122944564,75.39802593452413,75.49704725649863,162234000
2020-01-29,78.3324203491211,79.1801343637196,77.6175430675433,78.35899064388555,216229200
2020-01-30,78.21890258789062,78.27203580279424,76.9823558087521,77.4146666313588,126743200
2020-01-31,74.75078582763672,77.9315119457232,74.456139298992,77.50886365949354,199588400
2020-02-03,74.54548645019531,75.71199229580401,72.99014040911702,73.49248476536589,173788400
2020-02-04,77.00650787353516,77.19730542119127,75.74580830506335,76.151548831137,136616400
2020-02-05,77.63444519042969,78.43385354098093,77.03066200298008,78.13437206813377,118826800
2020-02-06,78.54252624511719,78.54494373627665,77.34704001476739,77.90493506301061,105425600
2020-02-07,77.47494506835938,78.29077542045333,76.98350975131173,78.0414266120576,117684000
2020-02-10,77.84288787841797,77.84288787841797,75.97882681770385,76.05871208817942,109348800
2020-02-11,77.37323760986328,78.41179042644524,77.15536130814662,78.33916745517011,94323200
2020-02-12,79.21068572998047,79.21552479911539,77.8235277760248,77.8235277760248,113730400
2020-02-13,78.64662170410156,78.97343988034811,78.27865296968668,78.48200469564426,94747600
2020-02-14,78.6659927368164,78.91534147799902,78.15760972810558,78.61514926442095,80113600
2020-02-18,77.22560119628906,77.40716608938378,76.16283780918529,76.34440270228002,152531200
2020-02-19,78.34402465820312,78.57400976696101,77.46767279180867,77.46767279180867,93984000
2020-02-20,77.540283203125,78.59336068691168,77.0343234338156,78.10434874137093,100566000
2020-02-21,75.78515625,77.57660179653178,75.16783878997336,77.13357947900434,129554000
2020-02-24,72.18534088134766,73.63785968182607,70.01867143670297,71.96262546916086,222195200
2020-02-25,69.74024963378906,73.23840120801118,69.26818556775696,72.85590793147738,230673600
2020-02-26,70.84660339355469,72.11271828103145,69.35777309270347,69.36503539122887,198054800
2020-02-27,66.2154769897461,69.23671826456818,66.07990918137826,68.05049624740387,320605600
2020-02-28,66.1767578125,67.3992989911438,62.0637108077199,62.27917132496963,426510000
2020-03-02,72.33785247802734,72.97454103190371,67.23225006740749,68.33616370279057,341397200
2020-03-03,70.04043579101562,73.59426220602887,69.18828697406445,73.51437694838485,319475600
2020-03-04,73.28924560546875,73.44902354050599,70.9627984910642,71.76410400685508,219178400
2020-03-05,70.91195678710938,72.51698353207479,70.54640393192855,71.54137556338232,187572800
2020-03-06,69.97025299072266,70.403589845972,68.08198145661343,68.26838538116881,226176800
2020-03-09,64.43617248535156,67.32183967576859,63.66875496382136,63.8503198544026,286744800
2020-03-10,69.07694244384766,69.34323899980069,65.21082178320125,67.0918381105168,285290000
2020-03-11,66.6778793334961,68.07956216167183,65.81362880191305,67.15237416724361,255598800
2020-03-12,60.0931282043457,65.36335211068649,60.037449346112034,61.95961666217629,418474000
2020-03-13,67.29276275634766,67.76483423256263,61.23575946723115,64.12627561961224,370732000
2020-03-16,58.635765075683594,62.7197589173465,58.10075235573811,58.572820229839216,322423600
2020-03-17,61.2139892578125,62.36389637725176,57.71341703004226,59.918825074630774,324056000
2020-03-18,59.71546936035156,60.521617752082875,57.403542823432716,58.04507418797264,300233600
2020-03-19,59.25791931152344,61.20913545401907,58.732592172693536,59.88976507646557,271857200
2020-03-20,55.49590301513672,60.96463541715743,55.195714466288855,59.83893112943769,401693200
2020-03-23,54.31693649291992,55.31675472983707,51.470001124172114,55.215078862447456,336752800
2020-03-24,59.76631164550781,59.962401104198456,56.72086326951332,57.21956082962695,287531200
2020-03-25,59.43708038330078,62.51884059090145,59.1417345484979,60.70319178380847,303602000
2020-03-26,62.56482696533203,62.62292535314042,59.64042200804535,59.67915672921516,252087200
2020-03-27,59.97450637817383,61.9426669648738,59.807466114568854,61.187358323126006,204216800
2020-03-30,61.686058044433594,61.8579410780005,60.37636924446907,60.70076794909207,167976400
2020-03-31,61.5601692199707,63.545277612218875,61.00579280749305,61.87730561089299,197002000
2020-04-01,58.32105255126953,60.211747296676954,57.890138928877285,59.67431503612997,176218400
2020-04-02,59.29423141479492,59.34749072840286,57.350277549943364,58.18305551478086,165934000
2020-04-03,58.44208908081055,59.4806382957601,57.85139756896397,58.77858908876302,129880000
2020-04-06,63.54043197631836,63.6953634654168,60.371521175046986,60.73948992606154,201820400
2020-04-07,62.80449295043945,65.77489875126452,62.70039753843135,65.55701501166601,202887200
2020-04-08,64.41194152832031,64.72665094840988,63.240244033180964,63.6057895375852,168895200
2020-04-09,64.87674713134766,65.38029109822737,64.0802880085237,65.04863383479294,161834800
2020-04-13,66.15013885498047,66.25908073963392,64.35385370017553,64.9542309045945,131022800
2020-04-14,69.49091339111328,69.78142008992293,67.31213531371759,67.78420685231022,194994800
2020-04-15,68.85664367675781,69.3166064306414,67.93671816899065,68.36520850392205,131154400
2020-04-16,69.40376281738281,69.7693157098203,68.35310854308584,69.57080305380181,157125200
2020-04-17,68.46204376220703,69.46670842031787,67.02404968637673,68.91959068992213,215250000
2020-04-20,67.04100036621094,68.19091103013936,67.02163670043845,67.28793327913718,130015200
2020-04-21,64.96874237060547,67.11847132681476,64.25700758407963,66.8836471640781,180991600
2020-04-22,66.8400650024414,67.2758176226008,65.89592940016834,66.23726476615465,116862400
2020-04-23,66.5810317993164,68.2078529350214,66.5422970832411,66.78438351779307,124814400
2020-04-24,68.50321197509766,68.51289750296907,67.05795538482593,67.10637563628991,126161200
2020-04-27,68.55162048339844,68.88327772422247,67.77210185087893,68.21995585468255,117087600
2020-04-28,67.4404525756836,69.1955796657155,67.34846591334697,69.01401479433288,112004800
2020-04-29,69.65553283691406,70.125181113428,68.7259218099285,68.92927352946674,137280800
2020-04-30,71.125,71.30172577794379,69.80563320705274,70.19538886698345,183064000
2020-05-01,69.97992706298828,72.38384357310822,69.20040845206991,69.29724154783354,240616800
2020-05-04,70.97008514404297,71.09839070422535,69.31421423252345,70.00416229263017,133568000
2020-05-05,72.03524780273438,72.868025831844,71.28477828502723,71.43003164134032,147751200
2020-05-06,72.77843475341797,73.4102767037586,72.35236033033152,72.7372768152328,142333600
2020-05-07,73.5313491821289,73.8775384826827,73.102858748214,73.40546686513248,115215200
2020-05-08,75.28152465820312,75.33492815693087,73.86391326493965,74.19161621586483,133838400
2020-05-11,76.46607971191406,76.96126753964525,74.57997160607404,74.78873335955656,145946400
2020-05-12,75.59223937988281,77.60214157451132,75.47086845651661,77.15063788748456,162301200
2020-05-13,74.67950439453125,76.69426553932014,73.60173033825646,75.77184236444022,200622400
2020-05-14,75.1382827758789,75.1989682128997,73.1939190032077,73.9172920793361,158929200
2020-05-15,74.69405364990234,74.74017516998981,72.87349072399537,72.90747812106594,166348400
2020-05-18,76.45394897460938,76.8277733901168,75.3276309672179,76.01944652197729,135178400
2020-05-19,76.01216888427734,77.31811351260087,75.98061126581322,76.47094702256406,101729600
2020-05-20,77.4904556274414,77.56084540499204,76.8326201163857,76.87145968739159,111504800
2020-05-21,76.9127197265625,77.89339840392688,76.67483016093698,77.35208167148353,102688800
2020-05-22,77.4079360961914,77.49046741917871,76.54862805066547,76.65057545816492,81803200
2020-05-26,76.88360595703125,78.70659167112338,76.82777268129091,78.5269651260588,125522000
2020-05-27,77.21858978271484,77.3642363430493,76.00002862396322,76.7403955523751,112945200
2020-05-28,77.2525863647461,78.51241703823543,76.61660396391109,76.89332579430749,133560800
2020-05-29,77.17731475830078,77.95651372350704,76.82048407944905,77.49530586711329,153532400
2020-06-01,78.1264419555664,78.24781284336196,77.00011656103608,77.13119919406478,80791200
2020-06-02,78.48812866210938,78.51240432243173,77.41763649054919,77.8594283215851,87642800
2020-06-03,78.92020416259766,79.18236942622238,78.23567058388883,78.80854502107137,104491200
2020-06-04,78.24053192138672,79.04157682827717,77.86670750782196,78.74300918140095,87560400
2020-06-05,80.46890258789062,80.5295880347895,78.46143067131722,78.49055850056602,137250400
2020-06-08,80.94468688964844,80.97867430093662,79.4542559362644,80.16548770561455,95654400
2020-06-09,83.50074005126953,83.89398053792564,80.59269835430385,80.62425597002903,147712400
2020-06-10,85.64901733398438,86.11750723835495,84.01051015507953,84.44987222819896,166651600
2020-06-11,81.53695678710938,85.2169228066109,81.43500939497191,84.7921247209598,201662400
2020-06-12,82.24092102050781,84.42559727745287,81.12916680700161,83.6779557734375,200146000
2020-06-15,83.25801086425781,83.91098692440009,80.73106773858638,80.89370801041294,138808800
2020-06-16,85.46451568603516,85.73639268013275,83.67793988645191,85.31401697994849,165428800
2020-06-17,85.34557342529297,86.27041892651324,85.22420254683476,86.20973348728414,114406400
2020-06-18,85.37957763671875,85.79709383713187,84.77029333637671,85.30189848131818,96820400
2020-06-19,84.89166259765625,86.55201562081369,83.78233079369242,86.0859555132038,264476000
2020-06-22,87.11273193359375,87.25594867927818,85.23876529939096,85.28488682520853,135445200
2020-06-23,88.97215270996094,90.39219373833417,87.93807025920542,88.35801624501319,212155600
2020-06-24,87.40161895751953,89.52075770910452,87.02779448118991,88.60076413876878,192623200
2020-06-25,88.5619125366211,88.60075211142514,86.79718241483171,87.55696539217314,137522400
2020-06-26,85.84077453613281,88.67842646058456,85.69269820221506,88.45753055778336,205256800
2020-06-29,87.8191146850586,87.9137875283765,85.27032617462565,85.74852774385108,130646000
2020-06-30,88.55220031738281,88.83864125404429,87.38704271105858,87.40645879441105,140223200
2020-07-01,88.38468170166016,89.17359227013316,88.33613780371842,88.62985320269478,110737200
2020-07-02,88.38468170166016,89.92852285083585,88.27060020794693,89.2925407470522,114041600
2020-07-06,90.7490005493164,91.21749032739643,89.78288576186722,89.81444337317966,118655600
2020-07-07,90.4674301147461,91.90688702119085,90.3557709756679,91.12768802006694,112424400
2020-07-08,92.5744400024414,92.60599762201831,91.3583012018077,91.44569210278156,117092000
2020-07-09,92.9725341796875,93.52112558076603,91.92388788228862,93.46772209132743,125642800
2020-07-10,93.13516998291016,93.19343305098592,91.95544841683225,92.56715507244024,90257200
2020-07-13,92.70551300048828,97.0530191182004,92.49189905133328,94.44111522553601,191649200
2020-07-14,94.23963165283203,94.43139230039652,91.15195631671575,92.08650612178975,170989200
2020-07-15,94.88775634765625,96.3660528370159,93.68861141203081,96.11602911039955,153198000
2020-07-16,93.72016906738281,94.57704721895716,93.12059659931413,93.7590086395202,110577600
2020-07-17,93.53084564208984,94.32703847766767,93.05749615234998,94.17168757232892,92186800
2020-07-20,95.50189971923828,95.64026431606665,93.2735318869254,93.61822848479565,90318000
2020-07-21,94.18379211425781,96.36846770453698,93.93376842635256,96.29321836016966,103433200
2020-07-22,94.44839477539062,95.13049855916786,93.79784860710124,93.88523208886058,89001600
2020-07-23,90.14944458007812,94.25906118948085,89.33868791358677,94.18138204100602,197004400
2020-07-24,89.92613220214844,90.27082884463798,86.55687456880528,88.34588799765626,185438800
2020-07-27,92.05740356445312,92.1496466394303,90.76602273844958,90.98934105986477,121214000
2020-07-28,90.54512786865234,91.80495849622993,90.54026829124304,91.62775430231531,103625600
2020-07-29,92.28072357177734,92.4652097102924,90.99176520648089,91.02817499490048,90329200
2020-07-30,93.39733123779297,93.50170842708098,91.04516275680574,91.45296717627383,158130000
2020-07-31,103.17498016357422,103.32547889929636,97.89776821941581,99.89796575503286,374336800
2020-08-03,105.77473449707031,108.39634285363456,104.76007559751676,105.05864325676774,308151200
2020-08-04,106.48110961914062,107.57344762416928,105.24069527688243,105.96406844483113,173071600
2020-08-05,106.86707305908203,107.18749399981073,105.73589542861245,106.20196292493524,121776800
2020-08-06,110.59558868408203,111.0907840336135,106.60977244976479,107.19963324982751,202428800
2020-08-07,108.08110046386719,110.57368961748969,107.28347223155788,110.11651110240133,198045600
2020-08-10,109.65203857421875,110.67096098800363,106.99895008053579,109.52801468909898,212403600
2020-08-11,106.39100646972656,109.41372516958415,106.13080268423259,108.9152102791965,187902400
2020-08-12,109.92684936523438,110.18461900895711,107.2883506394418,107.48289124635573,165598000
2020-08-13,111.87227630615234,112.8766086225027,110.81930513128101,111.30809820079968,210082000
2020-08-14,111.7725830078125,111.86255822594228,109.9608929550016,111.69719796444708,165565200
2020-08-17,111.48075103759766,112.92037661537533,110.85335133570575,112.89605718665909,119561600
2020-08-18,112.4096908569336,112.83525485693279,110.89711451437223,111.23270331319974,105633600
2020-08-19,112.55074310302734,113.96604930230188,112.45590697529136,112.81824198590108,145538000
2020-08-20,115.04820251464844,115.16249715621257,112.5750641732495,112.59208851632775,126907200
2020-08-21,120.97691345214844,121.46083817482683,115.99659572706068,116.00875173086001,338054800
2020-08-24,122.42382049560547,125.27145700681216,120.55620422636002,125.18633529954178,345937600
2020-08-25,121.41950225830078,121.76482035926398,119.69536076539771,121.29548577928259,211495600
2020-08-26,123.07067108154297,123.52784957595809,121.66995525546206,122.73751646542577,163022400
2020-08-27,121.59944915771484,124.00692412752836,120.45406865293813,123.67376948239601,155552400
2020-08-28,121.40248107910156,122.99286935955308,121.17875271683349,122.57460040324597,187630000
2020-08-31,125.51952362060547,127.42605742266694,122.56246744470255,124.09936365883915,225702700
2020-09-01,130.519287109375,131.12238232990026,126.96887253695941,129.13802940462026,151948100
2020-09-02,127.81512451171875,134.21560999413165,123.53517174267225,133.83625061161388,200119000
2020-09-03,117.5821304321289,125.32496358779086,117.21250032267771,123.44762527133629,257599600
2020-09-04,117.6599349975586,120.32517948321234,107.86466781430556,116.79421681694939,332607200
2020-09-08,109.74201202392578,115.74367852876145,109.60583213787987,110.841180367367,231366600
2020-09-09,114.11925506591797,115.88960121264321,112.11545871886855,114.06089437114895,176940500
2020-09-10,110.39375305175781,117.21250764939418,109.43076440296137,117.0763277362815,182274400
2020-09-11,108.94441223144531,112.0862945281125,106.99897629874094,111.44429710812048,180860300
2020-09-14,112.21272277832031,112.76717161154352,109.72256765665087,111.59018399790295,140150100
2020-09-15,112.38780975341797,115.58805204226122,110.51046419860256,115.10169316714062,184642000
2020-09-16,109.07083892822266,112.83525930246253,108.98329789268679,112.08626989830371,154679000
2020-09-17,107.32968139648438,109.13893714718215,105.74415401119464,106.72660109375049,178011000
2020-09-18,103.92516326904297,107.85494396114845,103.19562493954624,107.38804358616923,287104900
2020-09-21,107.07676696777344,107.18376650924331,100.28719410755745,101.68790998043804,195713800
2020-09-22,108.75957489013672,109.78093154907663,106.18187865602258,109.60584204815116,183055400
2020-09-23,104.19754028320312,109.05140034753937,103.8570830937395,108.574770672038,150718700
2020-09-24,105.26752471923828,107.24214072616157,102.13537212015387,102.300732370106,167743300
2020-09-25,109.21675872802734,109.37239714582383,104.73252885742939,105.47179649946621,149981400
2020-09-28,111.82363891601562,112.17381792247089,109.70311378636897,111.87227777517529,137672400
2020-09-29,110.97736358642578,112.16408041867875,110.47155362609944,111.42482027829774,99382200
2020-09-30,112.65043640136719,114.06088154339487,110.52018964814512,110.68554987889233,142675200
2020-10-01,113.60371398925781,114.50834184995564,112.66990578164197,114.430522644009,116120400
2020-10-02,109.93655395507812,112.22244654459766,109.15838422824464,109.81010332254509,144712000
2020-10-05,113.32161712646484,113.46752627225055,110.45210275141814,110.80228173280487,106243800
2020-10-06,110.07274627685547,112.95198998188178,109.18756954507073,112.5434428788478,161498200
2020-10-07,111.94036865234375,112.39754721573827,111.01628226939263,111.49291934511135,96849000
2020-10-08,111.83335876464844,113.22434541737783,111.46372127712412,113.07843627342072,83477200
2020-10-09,113.77879333496094,113.80797367927401,111.78471903276535,112.13489800701674,100506900
2020-10-12,121.006103515625,121.76482226057634,116.02578539059424,116.78450413554557,240226800
2020-10-13,117.79613494873047,121.96909558575003,116.38569697728092,121.85236676734615,262330500
2020-10-14,117.8836669921875,119.67346409750246,116.35650041512618,117.69884824411241,150712000
2020-10-15,117.4167709350586,117.89340060422654,114.92661561063214,115.48106448900049,112559200
2020-10-16,115.77285766601562,118.23383968675911,115.56858783907589,117.97120175123152,115393800
2020-10-19,112.81580352783203,117.1346651236104,112.50453415677372,116.68721586654202,120639300
2020-10-20,114.30406951904297,115.73396585696945,112.47535532523321,113.02980416838349,124423700
2020-10-21,113.68153381347656,115.47133103249566,113.27298669065874,113.4869857975519,89946000
2020-10-22,112.59208679199219,114.81961147307034,111.4637305673421,114.24570410467129,101988000
2020-10-23,111.90143585205078,113.37024153563146,111.16216838318782,113.21460315429337,82572600
2020-10-26,111.91118621826172,113.37026292295224,109.80038294532771,110.89955881245987,111850700
2020-10-27,113.41889190673828,114.08034029540528,111.41509565044463,112.3391745749253,92276800
2020-10-28,108.16622161865234,112.28082137684017,108.06895131820131,111.91119126662696,143937800
2020-10-29,112.17381286621094,113.73988906858685,109.138930754146,109.30429841508608,146129200
2020-10-30,105.89004516601562,108.93464877317763,104.78114762621877,108.03002105163316,190272600
2020-11-02,105.80252075195312,107.66041546863478,104.392082791657,106.13324869085784,122866900
2020-11-03,107.42695617675781,108.44830541372347,105.7636096297727,106.66823748036964,107624400
2020-11-04,111.81390380859375,112.43644258276989,109.28483911084726,111.02600479592498,138235500
2020-11-05,115.78260040283203,116.35650777308182,113.68153378019652,114.73206338089028,126387100
2020-11-06,115.65106964111328,116.14800627447282,113.15661069606604,115.29054042608115,114457900
2020-11-09,113.34173583984375,118.86655905479424,113.0786522061061,117.41471118065078,154515300
2020-11-10,113.00068664550781,114.57920314699663,111.20779443592696,112.5914421772737,138023400
2020-11-11,116.43058013916016,116.5669949893343,113.45867669287837,114.18947371911923,112295000
2020-11-12,116.15774536132812,117.44394777392753,115.5341325209194,116.55725128655479,103162300
2020-11-13,116.20646667480469,116.60596516096147,114.85205685711352,116.38185824859463,81581900
2020-11-16,117.2198486328125,117.89217685699917,115.12489562341473,115.87517731633525,91183000
2020-11-17,116.33311462402344,117.58034006561653,115.91412413029607,116.4890215212476,74271000
2020-11-18,115.00794982910156,116.75211942679815,114.97871914080206,115.57310124972858,76322100
2020-11-19,115.60233306884766,116.01157757714591,113.81918672462538,114.579214364051,74113000
2020-11-20,114.33563995361328,115.72902673671257,114.28692460685124,115.60235791426813,73604300
2020-11-23,110.93496704101562,114.60844359187396,110.83752894194268,114.1797070350925,127959300
2020-11-24,112.22118377685547,112.88377334383199,109.70724035208704,110.99345018861624,113874200
2020-11-25,113.05915069580078,113.76071690599676,112.22116965962786,112.5914448450371,76499200
2020-11-27,113.60482788085938,114.4817857816356,113.24430611291088,113.58534323153174,46691300
2020-11-30,116.00184631347656,117.87268484188316,113.8191939296174,113.97510085734369,169410200
2020-12-01,119.57785034179688,120.30864717087333,116.93723869148661,117.91163446358856,127728200
2020-12-02,119.92864990234375,120.21122560718797,117.79472048917064,118.89578518676296,89004200
2020-12-03,119.79222869873047,120.61071764794492,119.08091645415566,120.35737264430932,78967600
2020-12-04,119.1198959350586,119.71427801461196,118.40858367403467,119.46093300511777,78260400
2020-12-07,120.58150482177734,121.38050924323434,119.11991082393762,119.17837220495473,86712000
2020-12-08,121.19537353515625,121.78001709074977,119.93840178511279,121.18563492753421,82225500
2020-12-09,118.66194915771484,122.72517888074941,117.90192143214601,121.34153828117272,115089200
2020-12-10,120.08455657958984,120.69843079499793,117.07367661772612,117.41471371847992,81312200
2020-12-11,119.27581787109375,119.61685498411975,117.46344071723955,119.29530252010173,86939800
2020-12-14,118.66194915771484,120.19175065083598,118.42809618847487,119.46095361716566,79184500
2020-12-15,124.60574340820312,124.62523548902008,120.95175883034318,121.15638107461726,157243700
2020-12-16,124.53755187988281,125.08321126755321,123.31955686522454,124.14779942243345,98208600
2020-12-17,125.40476989746094,126.26224318770603,124.76166492977711,125.59964613576102,94359800
2020-12-18,123.4169921875,125.79452063801119,122.89081749267945,125.6581058023967,192541500
2020-12-21,124.94679260253906,125.0247460652675,120.28918099826035,121.81898239256174,121251600
2020-12-22,128.5033416748047,130.96856222026736,126.33042801765606,128.2402506072199,168904800
2020-12-23,127.6069107055664,129.03925919185082,127.43151168864978,128.7761829686311,88223700
2020-12-24,128.5910186767578,130.0428738137408,127.74329906375385,127.95766733547217,54930100
2020-12-28,133.19020080566406,133.82355230210814,130.09161358052606,130.55933439782117,124486200
2020-12-29,131.41676330566406,135.236393246922,130.9003346955004,134.5153498347467,121047300
2020-12-30,130.2962188720703,132.5081016930773,129.9844050523243,132.10859581206566,96452100
2020-12-31,129.29258728027344,131.29010173967114,128.34742211950626,130.64699691249126,99116600
2021-01-04,126.09658813476562,130.18904830293448,123.51443728468345,130.1013562325265,143301900
2021-01-05,127.65557861328125,128.36689819774932,125.14163585794874,125.58986443353002,97664900
2021-01-06,123.35853576660156,127.69460255545032,123.14416745080455,124.44986199518105,155088000
2021-01-07,127.56792449951172,128.25975221212653,124.58627507251094,125.0734730800105,109578200
2021-01-08,128.66897583007812,129.23412721104498,126.8955682344821,129.03923614525579,105158200
2021-01-11,125.6775894165039,126.8371230123308,125.20988350887804,125.88221911439801,100384500
2021-01-12,125.502197265625,126.36940903829134,123.61186680500131,125.20987551647978,91951100
2021-01-13,127.53870391845703,128.08436335121425,125.20015924432487,125.46323548419424,88636800
2021-01-14,125.60939025878906,127.6458743033761,125.46322193987007,127.45099807958694,90221800
2021-01-15,123.88471984863281,126.88586162781512,123.74830498903837,125.48272886164109,111598500
2021-01-19,124.55704498291016,125.41451823804258,123.6898331200979,124.5083222083043,90757300
2021-01-20,128.64952087402344,129.09774963934194,125.25862647781936,125.36581064769301,104319500
2021-01-21,133.36553955078125,136.09385058361056,130.16952272801234,130.3741523744166,120150900
2021-01-22,135.50924682617188,136.26927444924834,131.56294040290453,132.7906739013892,114459400
2021-01-25,139.26065063476562,141.3750878076961,133.04400046392547,139.40681893054085,157611700
2021-01-26,139.49453735351562,140.60534821810342,137.75036015705467,139.92327397986588,98390600
2021-01-27,138.42269897460938,140.605351455325,136.8149514568833,139.75761679075893,140843800
2021-01-28,133.57997131347656,138.3545216080431,133.199957390702,135.94776180776887,142621100
2021-01-29,128.581298828125,133.2389103783543,126.8761058794983,132.3522064767238,177523800
2021-02-01,130.70545959472656,131.91371580928939,127.57764235343213,130.32544580541983,106239800
2021-02-02,131.53370666503906,132.8199015096137,131.16343146870483,132.2547501087198,83305400
2021-02-03,130.51058959960938,132.2937358859012,130.189037167514,132.28398241128824,89880900
2021-02-04,133.87228393554688,133.88202254434577,131.14397179324723,132.81019572037076,84183100
2021-02-05,133.45751953125,134.1015854508509,132.57925865202728,134.033283551068,75693800
2021-02-08,133.60389709472656,133.65269267140306,131.66194630942968,132.7451425942424,71297200
2021-02-09,132.7256317138672,134.5504851694013,132.56950670280034,133.3209020588762,76774200
2021-02-10,132.12059020996094,133.68195923048688,131.15449145334966,133.18426522390598,73046600
2021-02-11,131.86688232421875,133.09645045385943,130.53972304081887,132.61827762495054,64280000
2021-02-12,132.10105895996094,132.25719882820738,130.46163501432542,131.10570080310399,60145100
2021-02-16,129.97372436523438,132.72561913740805,129.58337464875356,132.21818684146174,80576300
2021-02-17,127.68046569824219,129.02714615555675,126.34355329024206,128.0805685718384,97918500
2021-02-18,126.57777404785156,126.86076458634167,124.33331138864452,126.08007998005397,96856700
2021-02-19,126.73390197753906,127.55362902270863,125.68974801869315,127.09497736433161,87668800
2021-02-22,122.9573745727539,126.5875458704134,122.5670322120621,124.91883209232695,103916400
2021-02-23,122.82072448730469,123.65019713865051,115.53110938005393,120.7714369236387,158273000
2021-02-24,122.32305145263672,122.52797948716125,119.27839785951765,121.92295598861077,111039900
2021-02-25,118.06831359863281,123.40622442526218,117.62918324288795,121.66920931831226,148199500
2021-02-26,118.3318099975586,121.83511493787971,118.27325381762451,119.62968743773787,164560400
2021-03-01,124.70413970947266,124.84075840671721,119.82487925027971,120.76169636502549,116307900
2021-03-02,122.0986099243164,125.61167577926304,121.99126560430425,125.30916402931615,102260900
2021-03-03,119.11248779296875,122.67434893414126,118.89779917065528,121.79608068156783,112966300
2021-03-04,117.22909545898438,120.61530301450836,115.75556433244158,118.80997834389994,178155000
2021-03-05,118.48795318603516,118.99540041730722,114.73092431231343,118.05858335014369,153766600
2021-03-08,113.55013275146484,118.0780851740985,113.40375347089481,118.00977583585376,154376600
2021-03-09,118.1659164428711,119.1124940848032,115.92146128458052,116.15566368258474,129525800
2021-03-10,117.0827407836914,119.21985186652402,116.56553290549272,118.7514470176131,111943300
2021-03-11,119.01492309570312,120.23473823990125,118.3318295930165,119.58091910944964,103026500
2021-03-12,118.10738372802734,118.24400243249457,116.28254498471752,117.49259955792482,88105100
2021-03-15,120.99589538574219,121.00565599103153,117.51210381348422,118.47820271779908,92403800
2021-03-16,122.53773498535156,124.14789226969461,121.70826227679905,122.66459306472457,115227900
2021-03-17,121.74730682373047,122.8207426159824,119.38573914658367,121.05445274468458,111932600
2021-03-18,117.61944580078125,120.20545520924264,117.41451776473627,119.91269661765824,121229700
2021-03-19,117.09246826171875,118.49769739055492,116.78995655293399,117.00464516374609,185549500
2021-03-22,120.41038513183594,120.87879739667785,117.3559708631763,117.42428020959487,111912300
2021-03-23,119.58091735839844,121.23986295215124,119.19057502893875,120.35184141166212,95467100
2021-03-24,117.19007110595703,119.9322204758505,117.17055734049535,119.8541505236829,88530500
2021-03-25,117.67799377441406,118.72216260318802,116.12639260654137,116.65335360086424,98844700
2021-03-26,118.28302001953125,118.5465042288051,116.04831804624526,117.44378670396847,94071200
2021-03-29,118.45867156982422,119.61993781154605,117.81461313280423,118.71239516993987,80819200
2021-03-30,117.00465393066406,117.49257992082933,115.98976697770112,117.2095819531143,85671900
2021-03-31,119.20032501220703,120.53723750663126,118.22447299809998,118.7123990051535,118323800
2021-04-01,120.0298080444336,121.18131381778825,119.53212138984829,120.67387400273938,75089100
2021-04-05,122.85975646972656,123.11348004996272,120.09809378856455,120.87877829152542,88651200
2021-04-06,123.16227722167969,124.0600592543952,122.6158024965763,123.44527518865387,80171300
2021-04-07,124.81147003173828,124.830983795515,122.11811647580448,122.79145672607788,83466700
2021-04-08,127.21208953857422,127.24136391246265,125.41652511857986,125.83613440452882,88844600
2021-04-09,129.78831481933594,129.82734234724018,126.34355848189794,126.66559142580684,106686700
2021-04-12,128.07081604003906,129.6419382844939,127.47554575138676,129.31990535224077,91420000
2021-04-13,131.18380737304688,131.40826410568187,128.7441768121527,129.241870976382,91266500
2021-04-14,128.84176635742188,131.7400486182492,128.48070580389006,131.68149986798167,87222800
2021-04-15,131.25210571289062,131.74003175643296,130.41287232238494,130.58853344102718,89347100
2021-04-16,130.9202880859375,131.41796717012542,130.0615336909614,131.05690674965481,84922400
2021-04-19,131.5838623046875,132.1986537464163,130.12008450271816,130.28597753343655,94264200
2021-04-20,129.89566040039062,132.25722045509355,128.6270498214987,131.75954129528387,94812300
2021-04-21,130.27626037597656,130.5202234103885,128.12938865121586,129.16378953467097,68847100
2021-04-22,128.75389099121094,130.91051516608923,128.23669071993334,129.8273190546684,84566500
2021-04-23,131.07644653320312,131.85711621347775,128.9686026596944,128.9686026596944,78657500
2021-04-26,131.46678161621094,131.79856771997257,130.33478973127393,131.57412593099494,66905100
2021-04-27,131.1447296142578,132.14010267121745,130.8714922872991,131.7497529967639,66015800
2021-04-28,130.3543243408203,131.75955373687952,129.8663982944287,131.06669219926212,107760100
2021-04-29,130.2567138671875,133.76003367761894,129.25158755183847,133.17451655261294,151101000
2021-04-30,128.28553771972656,130.33481842080408,127.9049559545034,128.59780268308566,109839500
2021-05-03,129.33941650390625,130.83248375117557,128.64656992797262,128.85149050777056,75135100
2021-05-04,124.7626724243164,128.3147804318186,123.64044117384255,128.0220218638134,137564700
2021-05-05,125.00664520263672,127.29988843260809,124.8797796797169,126.08007345167024,84000900
2021-05-06,126.60704803466797,126.61680119447594,124.06006618952057,124.80171581873422,78128300
2021-05-07,127.28150177001953,128.3078746771566,126.56790918989903,127.90710717088058,78973300
2021-05-10,123.99710083007812,126.62659678553494,123.9579995481262,126.49953067035334,88071200
2021-05-11,123.07823181152344,123.43012839060427,120.00884494360865,120.72243020113098,126142800
2021-05-12,120.00883483886719,121.83678024001635,119.50053319383292,120.62467058046893,112172300
2021-05-13,122.15939331054688,123.31285510120463,121.46536229059795,121.77816510885391,105861300
2021-05-14,124.5835952758789,125.0137018854759,123.01958141071674,123.41058674145887,81918000
2021-05-17,123.43014526367188,124.07530523876078,122.3548860963308,123.96777857624596,74244600
2021-05-18,122.04205322265625,124.1339228470044,121.97362785953477,123.71359348559957,63342900
2021-05-19,121.88567352294922,122.1104965529405,120.09682917810171,120.39008503908883,92612000
2021-05-20,124.44673156738281,124.84751404054786,122.28643647584492,122.41351748333902,76857100
2021-05-21,122.6090316772461,125.12123109705438,122.39397836804899,124.94527906751188,79295400
2021-05-24,124.24147033691406,125.06258229000034,123.10756306374581,123.17598843835246,63092900
2021-05-25,124.04596710205078,125.43403637255953,123.47900975619554,124.94527412511385,72009500
2021-05-26,123.99710083007812,124.52495694971883,123.57677137135352,124.10462749099422,56575900
2021-05-27,122.46240234375,124.7693256123678,122.26690340551721,123.5963170673582,94625600
2021-05-28,121.80744934082031,122.9706879363348,121.7488011621574,122.74585748845195,71311100
2021-06-01,121.48489379882812,122.53082878890919,121.15254410936616,122.26690447420742,67637100
2021-06-02,122.2473373413086,122.42328935200692,121.26005810254007,121.48488111421776,59278900
2021-06-03,120.76152801513672,122.04206311064841,120.36074552880676,121.87588828071905,76229200
2021-06-04,123.05867767333984,123.32260943039987,121.06455727986688,121.27961057589917,75169300
2021-06-07,123.0684585571289,123.47901079400312,122.02252359682196,123.33238286431767,71057600
2021-06-08,123.88957214355469,125.57089740877028,123.37149321732436,123.75272138786391,74403800
2021-06-09,124.27079772949219,124.87685639052275,123.67451625303815,124.34900029049098,56877900
2021-06-10,123.27372741699219,125.30694902913476,123.10755258677628,124.1632572111759,71186400
2021-06-11,124.48583984375,124.57381958141005,123.26395290484824,123.68428231014268,53522400
2021-06-14,127.54545593261719,127.60410412556826,124.21215187864384,124.94528412175958,96906500
2021-06-15,126.7243423461914,127.66275811320399,126.47996494927916,127.01759820560862,62746300
2021-06-16,127.22286987304688,127.94623235462356,125.57089115999193,127.43792318066122,91815000
2021-06-17,128.8260040283203,129.5689209879972,126.73413374957389,126.88076916216991,96721700
2021-06-18,127.5259017944336,128.5522748841205,127.31084850130004,127.7702791806661,108953300
2021-06-21,129.32452392578125,129.43205057912303,126.30402282138007,127.3695047127403,79663300
2021-06-22,130.9667510986328,131.06450803911002,128.65982751015113,129.158367024724,74783600
2021-06-23,130.6929931640625,131.2990590853693,130.23356259019172,130.7614259759877,60214200
2021-06-24,130.4095458984375,131.6118784063628,129.94033059947196,131.4261492149737,68711000
2021-06-25,130.11631774902344,130.87877412754855,129.8230618536797,130.45845211286021,70783700
2021-06-28,131.7487335205078,132.20816419376467,130.3509020493391,130.40955023475712,62111300
2021-06-29,133.2638397216797,133.42024478363112,131.32837555575557,131.76825174133728,64556100
2021-06-30,133.87973022460938,134.31960659055045,132.81423335434383,133.10748923684247,63261400
2021-07-01,134.1827392578125,134.24138744394435,132.70669030063868,133.52780965332033,52485800
2021-07-02,136.81224060058594,136.85133441897935,134.65193797296,134.79855843644995,78852600
2021-07-06,138.825927734375,139.93050352064463,136.91978685791386,136.91978685791386,108181800
2021-07-07,141.31857299804688,141.6313683204944,139.45152604310684,140.3117243665474,104911600
2021-07-08,140.01844787597656,140.81999780524936,137.50624162934824,138.3957787380025,105575500
2021-07-09,141.84640502929688,142.3742535997312,139.44172508137947,139.53948199823574,99890800
2021-07-12,141.2501220703125,143.02919651124512,140.76136732266437,142.92166987013806,76299700
2021-07-13,142.36448669433594,144.1435611902038,140.3996979177406,140.79069576168808,100827100
2021-07-14,145.7955322265625,146.20609933179037,144.35859210509756,144.76915921032545,127050800
2021-07-15,145.14060974121094,146.626428391954,143.7818721014033,145.88352652438826,106820300
2021-07-16,143.09762573242188,146.39182821899888,142.5991012200298,145.12107770714312,93251400
2021-07-19,139.2462158203125,140.82979124521293,138.48375965542388,140.51698106699695,121434600
2021-07-20,142.86305236816406,143.7916986175757,139.7448086120487,140.2335635156902,96350000
2021-07-21,142.12989807128906,142.8434908596877,141.3772263751189,142.25697909961474,74993500
2021-07-22,143.4984130859375,144.86692056753935,142.53067320676791,142.65775422849268,77338200
2021-07-23,145.21881103515625,145.3752161371665,143.6156960285799,144.23153179548808,71447400
2021-07-26,145.63914489746094,146.46024929276885,144.37814929731337,144.93533686845095,72434100
2021-07-27,143.4690704345703,145.85419595024982,142.27650767673055,145.76620876125995,104818600
2021-07-28,141.71934509277344,143.66459466880622,139.33421915670488,141.5531702418983,118931200
2021-07-29,142.36448669433594,143.25402394226987,141.3283289838246,141.43585562825191,56699500
2021-07-30,142.57957458496094,143.03900536668212,140.86893250022496,141.13286431252794,70440600
2021-08-02,142.24717712402344,143.64500845625085,141.9832454002648,143.0682814694833,62880000
2021-08-03,144.04580688476562,144.710506214658,141.91482832443904,142.53066410966022,64786600
2021-08-04,143.6449737548828,144.46607790198254,142.9900443816766,143.95778385793415,56368300
2021-08-05,143.7525634765625,144.51501979299104,142.88258050445233,143.67436091646556,46397700
2021-08-06,143.06727600097656,144.01688208379585,142.56800458197282,143.2728671370131,54126800
2021-08-09,143.01832580566406,143.61550061721744,142.4603183242228,143.12601355653302,48908700
2021-08-10,142.5386199951172,144.60425572712768,142.24492480830875,143.36095456781464,69023100
2021-08-11,142.79318237304688,143.63510081183063,142.4701190832618,142.97918986758629,48493500
2021-08-12,145.75946044921875,145.91609989817144,142.77358630713317,143.1162332344722,72282600
2021-08-13,145.96505737304688,146.2979050117812,145.15250700463497,145.8377859484882,59375000
2021-08-16,147.94253540039062,148.01107074565377,143.39031260479845,145.4167808705027,103296000
2021-08-17,147.03213500976562,148.49079698288415,145.95525743273268,147.07128740440294,92229700
2021-08-18,143.28265380859375,147.5509815993363,143.07706266924538,146.65032719515608,86326000
2021-08-19,143.615478515625,144.88814766514,141.46173876765357,141.9805937770935,86960300
2021-08-20,145.07415771484375,145.3776372611406,143.69380080624433,144.33992722362586,60549600
2021-08-23,146.56222534179688,147.03212874723278,144.78048523349747,145.1916525804989,60131800
2021-08-24,146.47412109375,147.68805452972137,146.01400200564578,146.30769726540868,48606400
2021-08-25,145.24058532714844,147.1593809674563,144.69236226933418,146.6600946599799,58991300
2021-08-26,144.43783569335938,145.98461660195343,144.4084676646739,145.23081728174643,48597200
2021-08-27,145.4755401611328,145.62238028371488,143.74275202487664,144.379079140009,55802400
2021-08-30,149.9005126953125,150.26274327805922,145.48534478526688,145.86714409511154,90956700
2021-08-31,148.63763427734375,149.5872403166816,148.1089799162903,149.45018454491938,86453100
2021-09-01,149.3033447265625,151.72141211238971,149.1369209108447,149.61662363000326,80313700
2021-09-02,150.4193878173828,151.46689743705474,149.19567000260434,150.63476334782075,71115500
2021-09-03,151.0557098388672,151.37877309131167,149.87114457990415,150.5270554483364,57808700
2021-09-07,153.3954620361328,153.9534695341939,151.14381850232894,151.71162530218976,82278300
2021-09-08,151.8487091064453,153.73812239539555,150.74246333206673,153.67938632559895,74420200
2021-09-09,150.83053588867188,152.8276363360627,150.71304884732544,152.22067721794593,57305700
2021-09-10,145.8377685546875,152.21088437935384,145.573441372884,151.74098100789337,140893200
2021-09-13,146.4055633544922,148.23623993767643,145.62238117403191,147.4628570574199,102404300
2021-09-14,145.005615234375,147.8936003081731,143.8210651320534,147.18873787623096,109296300
2021-09-15,145.89651489257812,146.2978978750979,143.29244009500678,145.43639585173057,83281300
2021-09-16,145.66159057617188,145.83781373128298,144.12460857629588,145.31895850795254,68034100
2021-09-17,142.98895263671875,145.6909306748569,142.69525742327428,145.6909306748569,129868800
2021-09-20,139.93455505371094,141.79459979953563,138.29967015990616,140.7764733460014,123478900
2021-09-21,140.41429138183594,141.55970457818128,139.77796399538977,140.9037785830911,75834000
2021-09-22,142.78341674804688,143.35120873289807,140.67861290586092,141.41284367774742,76404300
2021-09-23,143.74276733398438,143.98751085632557,142.57778577756685,143.56654423015996,64838200
2021-09-24,143.83087158203125,144.36931031939181,142.4994662214484,142.59736960568088,53477900
2021-09-27,142.31346130371094,142.8910673802959,140.7960633866369,142.41136468969736,74150700
2021-09-28,138.92620849609375,141.70649116246142,138.7108330139708,140.23803011414577,108972300
2021-09-29,139.82688903808594,141.41282248756633,139.04370667783795,139.4744577228724,74602000
2021-09-30,138.52484130859375,141.344291622089,138.30946580198176,140.63942904371518,89056700
2021-10-01,139.65066528320312,139.91499250291432,136.1851031474959,138.91643462464168,94639600
2021-10-04,136.21446228027344,139.219920083201,135.36275955212915,138.77936976647533,98322000
2021-10-05,138.14305114746094,139.2492967831214,136.42984628272845,136.55711770997038,80861100
2021-10-06,139.01434326171875,139.16118342378243,135.46066196016233,136.5375396085011,83221100
2021-10-07,140.2771759033203,141.18762947818155,139.71916849895038,140.05201606913297,61732700
2021-10-08,139.8954315185547,141.1485175173034,139.56258381781655,141.00167733696696,58773200
2021-10-11,139.80731201171875,141.76526053635698,138.82833774939965,139.27867248276962,64452200
2021-10-12,138.53465270996094,140.23807342981166,138.07453357766727,140.2184897604903,73035900
2021-10-13,137.94728088378906,138.42696876069613,136.27322815268099,138.2703442156858,78762700
2021-10-14,140.7373046875,140.8547917318437,138.53461306502766,139.1220034728704,69907100
2021-10-15,141.7946014404297,141.85333749485733,140.4925641281013,140.74710694789957,67940300
2021-10-18,143.46865844726562,143.75255436574946,140.14993682023066,140.4338327387145,85589200
2021-10-19,145.63217163085938,146.03355456911197,143.4686473852741,143.91896707476286,76378900
2021-10-20,146.12168884277344,146.6013915952755,145.00565881312252,145.57346566160615,58418800
2021-10-21,146.3370361328125,146.4936755651962,144.76088732210272,145.68112531490897,61421000
2021-10-22,145.56365966796875,147.02232150012944,145.51470797593214,146.5426337568644,58883400
2021-10-25,145.5147247314453,146.2293717159997,144.51616686316274,145.55387712680738,50720600
2021-10-26,146.18043518066406,147.66846521408038,145.87694062980856,146.19021954502938,60893400
2021-10-27,145.72030639648438,146.58179347999342,145.36787510933436,146.21957782913032,56094900
2021-10-28,149.3621063232422,149.94948190193364,146.57202377608343,146.669927174846,100077900
2021-10-29,146.65032958984375,146.78738537232746,143.33160784302547,144.12457450867834,124953200
2021-11-01,145.82798767089844,146.55241894044252,144.69237413631248,145.85735569869297,74588300
2021-11-02,146.86570739746094,148.3831203302802,145.5245026428988,145.53430194477542,69122000
2021-11-03,148.30479431152344,148.77469770489486,146.66990932924497,147.2279168080061,54511500
2021-11-04,147.78591918945312,149.22499720293538,147.47264034437023,148.3928782793543,60394600
2021-11-05,148.3153533935547,149.2173222899692,147.11926062749689,148.9133997765836,65463900
2021-11-08,147.4918212890625,148.5996814029073,147.2173096615232,148.44281334152436,55020900
2021-11-09,147.85455322265625,148.46239820996468,147.11925107616622,147.25650687845393,56787900
2021-11-10,145.02120971679688,147.18790692538667,144.95258928599077,147.08006199718062,65187100
2021-11-11,144.97216796875,146.50159405628088,144.7858890294142,146.0408184691879,41000000
2021-11-12,147.05062866210938,147.45258246065882,144.5898079376244,145.5211876519379,63804000
2021-11-15,147.06040954589844,148.9035714659964,146.50157280893995,147.42315376898895,59222800
2021-11-16,148.04086303710938,148.52126592519502,146.41339035642437,147.00163818021238,59256200
2021-11-17,150.48204040527344,151.96244333873707,148.03103325464866,148.0408318977374,88807000
2021-11-18,154.77621459960938,155.56053998029552,150.05067998656534,150.6977495476136,137827700
2021-11-19,157.40370178222656,157.86449238063588,153.4624776050976,154.56052415802415,117305600
2021-11-22,157.86448669433594,162.4527653050192,157.84487444666516,158.51154126985364,117467900
2021-11-23,158.24681091308594,158.62916738585517,155.94285847475925,157.96248573911777,96041900
2021-11-24,158.76644897460938,158.96252656383666,156.5115192990928,157.59976712302952,69463600
2021-11-26,153.7369384765625,157.30560355489723,153.29576027221555,156.4428593881042,76959800
2021-11-29,157.09976196289062,158.0311417015208,155.67816582735122,156.24680128961487,88748200
2021-11-30,162.0606231689453,162.27631303141865,156.78605010261836,156.85468549511577,174048100
2021-12-01,161.5409698486328,166.9625960118038,161.30566779650317,164.1978529983773,152052500
2021-12-02,160.55078125,160.98216094033538,154.70758806208025,155.62916922602187,136739200
2021-12-03,158.6684112548828,161.72727865884264,156.58996176944189,160.80569748404918,118023100
2021-12-06,162.08021545410156,164.59004449763117,161.06058805531697,161.0703866988541,107497000
2021-12-07,167.82533264160156,168.2175027106271,165.04099247043354,165.7664958783119,120405400
2021-12-08,171.64894104003906,172.51170037671412,167.3547715631022,168.75675548519916,116998900
2021-12-09,171.13914489746094,173.2862298561429,170.51168757727757,171.48229193058603,108923700
2021-12-10,175.9333038330078,176.1097841405235,171.26659124422937,171.776404959566,115402700
2021-12-13,172.2959747314453,178.5607473441652,172.0900835835285,177.57053104954124,153237000
2021-12-14,170.91363525390625,174.25681265308427,168.83518594286804,171.81560410510698,139380400
2021-12-15,175.7862548828125,175.9823324841572,168.93323276156414,171.6783640596761,131063300
2021-12-16,168.88421630859375,177.59019978284007,167.4038131560954,175.76664959457935,150185800
2021-12-17,167.7861328125,170.07047310742206,166.3645517595425,166.59983885479875,195432700
2021-12-20,166.4234161376953,167.23715245654458,164.17829975707315,164.98222247126822,107499100
2021-12-21,169.59986877441406,169.80574496433306,165.8057001457115,168.19788513172853,91185900
2021-12-22,172.197998046875,172.41368792335297,168.77638587889598,169.6489440301882,92135300
2021-12-23,172.82542419433594,173.38426103506748,171.83522263836468,172.4038581227058,68356600
2021-12-27,176.7960662841797,176.8842989595941,173.5999580433746,173.61955533140323,74919600
2021-12-28,175.77645874023438,177.77648936801128,175.03135779720262,176.6294195784467,79144300
2021-12-29,175.86468505859375,177.0901887398254,174.6489800212977,175.8156619193921,62348900
2021-12-30,174.70779418945312,177.03135924042923,174.5999492718149,175.95291006404696,59773000
2021-12-31,174.0901641845703,175.71762176050464,173.7862266948401,174.5999629626884,64062300
2022-01-03,178.4431610107422,179.29612187161166,174.22743969189926,174.34508327556517,104487900
2022-01-04,176.17837524414062,179.35488561287562,175.60973984086195,179.05096314693128,99310400
2022-01-05,171.49209594726562,176.6392118468071,171.21758429607112,176.09018854441808,94537600
2022-01-06,168.62930297851562,171.8646356206371,168.27635732737943,169.31558203356892,96904000
2022-01-07,168.79595947265625,170.72735431349597,167.6783008049415,169.50185073224034,86709100
2022-01-10,168.81556701660156,169.119489502726,164.87434342032694,165.7665135929736,106765600
2022-01-11,171.64894104003906,171.74697235390423,167.4724300834058,168.94303442923228,76138300
2022-01-12,172.0901336669922,173.70779259806037,171.39405592953122,172.66856783412447,74805200
2022-01-13,168.81556701660156,173.15874440691425,168.42339690566672,172.33520961359125,84505800
2022-01-14,169.6783447265625,170.37442243944997,167.73713612609606,167.9822368621362,80440800
2022-01-18,166.472412109375,169.15870642783565,166.09005558435084,168.1488926576498,90956700
2022-01-19,162.9723663330078,167.72732627847407,162.68805608048748,166.6684893743364,94815000
2022-01-20,161.28610229492188,166.35478432874459,160.9625674893889,163.7076990541045,91420500
2022-01-21,159.22723388671875,163.0704113462842,159.1193889725066,161.19783827212862,122848900
2022-01-24,158.4527130126953,159.11939476840692,151.66832669269064,156.88407733764427,162294600
2022-01-25,156.64877319335938,159.5703696285005,153.942866591661,155.86444788627315,115798400
2022-01-26,156.560546875,161.1684376714049,154.72719817611775,160.29587965880856,108275300
2022-01-27,156.0997772216797,160.62923459530796,155.17819594692543,159.26647493321232,121954600
2022-01-28,166.99203491210938,167.01164715968335,159.6096019553616,162.46257810702824,179935700
2022-01-31,171.35479736328125,171.57048717250743,166.18807050369657,166.82534128905002,115541600
2022-02-01,171.1881103515625,171.41359877633036,168.9331812246113,170.59986276722478,86213900
2022-02-02,172.39404296875,172.43326746235797,169.93323706636977,171.32540739423024,84914300
2022-02-03,169.51165771484375,172.78621481447524,168.74694463929947,171.0606961129302,89418100
2022-02-04,169.2269744873047,170.9056058671137,167.54834310749567,168.52999503096257,82465400
2022-02-07,168.51036071777344,170.75833687095522,167.81338131131074,169.6883399458675,77251200
2022-02-08,171.62222290039062,172.1326861402394,168.28459707531294,168.57909567441112,74829200
2022-02-09,173.0456085205078,173.40881495712398,171.6909240051843,172.81983276089403,71285000
2022-02-10,168.96192932128906,172.26028048182204,168.40239549718422,170.94487045999796,90865900
2022-02-11,165.54579162597656,169.90432887481495,164.95679443820137,169.16808987950634,98670700
2022-02-14,165.78140258789062,166.46855602542965,163.50396264767951,164.2990984096048,86185500
2022-02-15,169.61964416503906,169.77671208150778,167.12625465108732,167.83304529637556,62527400
2022-02-16,169.38406372070312,170.15956224722075,166.9299336029845,168.6969102835062,61177400
2022-02-17,165.78140258789062,168.75580709374077,165.37892165346722,167.89194849865083,69589300
2022-02-18,164.23037719726562,167.4109199862711,163.14074291393072,166.70414435001902,82772700
2022-02-22,161.30506896972656,163.63157949063682,159.17487088048674,161.95294792646703,91162800
2022-02-23,157.13302612304688,163.10145646710572,156.8188903266126,162.50264821161971,90009200
2022-02-24,159.75404357910156,159.86202589264875,149.2110962540396,149.78045618194105,141147500
2022-02-25,161.82533264160156,162.090367887761,157.91834703084373,160.83385456915977,91974200
2022-02-28,162.0903778076172,162.38487641130448,159.44973145996255,160.06817702982372,95056600
2022-03-01,160.2056121826172,163.5432381527931,158.99818435052663,161.67809026330085,83474400
2022-03-02,163.5039520263672,164.2892766091773,159.96018776566925,161.37376901896334,79724800
2022-03-03,163.18002319335938,165.81085859107165,162.51250696008478,165.3789292736247,76678400
2022-03-04,160.17616271972656,162.512499384929,159.12580281837,161.47195061166718,83737200
2022-03-07,156.37718200683594,161.9922331985085,156.12194287523664,160.3626871229987,96418800
2022-03-08,154.55128479003906,159.89147377341504,152.94137619759366,155.90596926887457,131148300
2022-03-09,159.96023559570312,160.4118022339595,156.4851931246261,158.51720554971712,91454900
2022-03-10,155.61148071289062,157.447165177113,153.11807622105542,157.26064889872916,105342000
2022-03-11,151.89102172851562,156.35754167605256,151.66524594480387,156.01395745746433,96970100
2022-03-14,147.8563995361328,151.29218107346347,147.3459513496218,148.67117238387235,108732100
2022-03-15,152.24436950683594,152.71557314147054,147.6207980554659,148.13124619142744,92964300
2022-03-16,156.66184997558594,157.0643309184818,151.62598505111097,154.16846031293665,102300200
2022-03-17,157.67294311523438,158.04597567713608,154.73781315339022,155.6998279417029,75615400
2022-03-18,160.9713134765625,161.4621395458107,156.82874025380204,157.5649793576743,123511700
2022-03-21,162.3456268310547,163.29783055310392,160.01910120084528,160.50992724401203,95811400
2022-03-22,165.7224884033203,166.31147058252574,161.88422570672876,162.4732078859342,81532000
2022-03-23,167.08700561523438,169.4724129582103,164.57396373096856,164.90773681905242,98062700
2022-03-24,170.8761749267578,170.94488277941835,167.08699751675573,167.9213927494687,90131400
2022-03-25,171.5142364501953,172.06395916657084,169.580380836561,170.68965237563202,80546200
2022-03-28,172.37811279296875,172.5057173789197,168.8441592815926,169.01103833923784,90371900
2022-03-29,175.6764678955078,175.7255385178658,173.1045291861119,173.44811341555265,100589400
2022-03-30,174.50830078125,176.31453707900522,173.45792582774143,175.2739882330989,92633200
2022-03-31,171.40625,174.76349791877144,171.200096496919,174.57698164903633,103049300
2022-04-01,171.1117706298828,171.67131950192206,168.78526000762312,170.83690924745642,78751300
2022-04-04,175.1659698486328,175.21505544007368,171.23936219447407,171.36698173645647,76468400
2022-04-05,171.84799194335938,175.0285497272662,171.21973527998745,174.2432251533462,73401800
2022-04-06,168.67726135253906,170.44423791053993,167.00845598396842,169.19753570311426,89058800
2022-04-07,168.98159790039062,170.17921470325928,166.7336211021802,168.01958300227122,77594700
2022-04-08,166.9691925048828,168.62818685521674,166.0955227852114,168.62818685521674,76575500
2022-04-11,162.7088165283203,165.928633841103,162.46340353204835,165.61451299486157,72246700
2022-04-12,164.58377075195312,166.75321318939567,163.5824815614611,164.93716605572558,79265200
2022-04-13,167.27352905273438,167.90178586219838,163.71014174883533,164.31876132020938,70618900
2022-04-14,162.25726318359375,168.12755331525187,162.01185016741871,167.48947048590375,75329400
2022-04-18,162.04127502441406,163.54320112838587,160.5687972770834,160.91236643083627,69023900
2022-04-19,164.3285369873047,164.7408440040976,160.90258113171808,161.99221543879506,67723800
2022-04-20,164.1616668701172,165.7814017275046,163.05241024771163,165.66359329680822,67929800
2022-04-21,163.3665313720703,168.38277391627963,162.86589422198446,165.81085035411152,87227800
2022-04-22,158.8214569091797,164.78990235630212,158.53678444420197,163.40578453855588,84882400
2022-04-25,159.89149475097656,160.1761672620124,155.55259437743032,158.16377751272768,96046400
2022-04-26,153.92303466796875,159.36138008917553,153.84450071149385,159.27303500519898,95623200
2022-04-27,153.69725036621094,156.85815581050312,152.52908216912786,153.0493564954022,88063200
2022-04-28,160.63751220703125,161.5013706501521,156.0139252856425,156.3280610754388,130216800
2022-04-29,154.75743103027344,163.15055858383272,154.36477622377623,158.87055528620192,131747600
2022-05-02,155.06178283691406,155.32681813716053,150.45783177864857,153.83471762858417,123055300
2022-05-03,156.5538330078125,157.7612755693258,153.45182454246736,155.24823424848756,88966500
2022-05-04,162.973876953125,163.42542850637253,156.33789953237485,156.74038046635485,108256500
2022-05-05,153.89358520507812,161.06945878722854,152.10697141040896,160.84368302574217,130525300
2022-05-06,154.62109375,156.7445813601952,151.57349495754403,153.37255959944574,116124600
2022-05-09,149.4893341064453,153.19560424531912,148.92897809122042,152.3108102727315,131577900
2022-05-10,151.8979034423828,154.09021465537515,150.3446125608553,152.89083834180113,115366700
2022-05-11,144.02330017089844,152.82199025284592,143.34496277337416,150.90495956472975,142689800
2022-05-12,140.14991760253906,143.7283801675573,136.45348852465227,140.3563740008872,182602000
2022-05-13,144.6230010986328,145.59626984264398,140.69062395231782,142.14559929622243,113990900
2022-05-16,143.0795440673828,145.02608166695018,141.7425351609862,143.08938461134267,86643800
2022-05-17,146.7169952392578,147.23803400578663,144.20026129048028,146.3434146138869,78336300
2022-05-18,138.4393310546875,144.86876045778243,137.53487119903903,144.3673878211131,109742900
2022-05-19,135.0279998779297,139.26513365262397,134.29067919785544,137.51522710531395,136095600
2022-05-20,135.26394653320312,138.32137052821327,130.36814092411527,136.73858804203445,137426100
2022-05-23,140.69064331054688,140.83810147349175,135.32294116689727,135.46057378592263,117726300
2022-05-24,137.9871368408203,139.56991949662205,135.00836187381935,138.4295263407137,104132700
2022-05-25,138.14442443847656,139.39294348204788,136.00127092128338,136.0897458139781,92482700
2022-05-26,141.34930419921875,141.89983463413682,134.82155832650707,135.0673319135833,90601500
2022-05-27,147.11024475097656,147.1495619264336,142.80428649817537,142.93209356986327,90978500
2022-05-31,146.32374572753906,148.11298447709316,144.35755721198225,146.5498682074242,103718400
2022-06-01,146.19598388671875,149.17475890329976,145.18338279118626,147.36585369453903,74286600
2022-06-02,148.6536865234375,148.71266977766248,144.377220582194,145.33082319437173,72348100
2022-06-03,142.92227172851562,145.4684826787646,142.0178266612746,144.41656444787193,88570300
2022-06-06,143.66941833496094,146.05834558258064,142.45037585050028,144.54437177114056,71598400
2022-06-07,146.19598388671875,146.48107468002564,141.66391782175316,141.9096914369881,67808200
2022-06-08,145.45864868164062,147.3363475160415,144.96710149969525,146.06816238698744,53950200
2022-06-09,140.2285614013672,145.4487894010345,140.12042043523653,144.5935022148915,69473000
2022-06-10,134.81173706054688,138.38035945755297,134.74291325358388,137.90847835562724,91437900
2022-06-13,129.65049743652344,132.9143631237499,129.21793348983346,130.6237513157455,122207100
2022-06-14,130.5155792236328,131.62648045825296,129.25721986088914,130.8793342743823,84784300
2022-06-15,133.1404571533203,135.01817091312645,129.9257495131237,132.01973022353556,91533000
2022-06-16,127.86125183105469,130.15186352165608,126.85849136974434,129.84710666597098,108123900
2022-06-17,129.3358612060547,130.83016848230756,127.6154464803719,127.87106055443051,134520300
2022-06-21,133.57301330566406,134.74289788395257,131.06613492456364,131.16443535080262,81000500
2022-06-22,133.06182861328125,135.43107463782408,131.64617032424826,132.51128316690097,73409200
2022-06-23,135.93247985839844,136.24706229598306,133.3371109947913,134.50699584255014,72433800
2022-06-24,139.26515197753906,139.51092556990343,137.4071042192977,137.53489628676303,89116800
2022-06-27,139.26515197753906,141.06421647374572,138.5868144624807,140.28756352140977,70207900
2022-06-28,135.11647033691406,140.99536950005523,134.99850383222812,139.72718457219997,67083400
2022-06-29,136.876220703125,138.29187895229046,134.35950159386607,135.1361545226192,66242400
2022-06-30,134.40863037109375,136.03072968185316,131.508505693856,134.92966905883227,98964500
2022-07-01,136.58128356933594,136.68942454210836,133.36657601668242,133.74014164921843,71051600
2022-07-05,139.16683959960938,139.2159973193288,134.61510776869383,135.44091845782265,73353800
2022-07-06,140.50381469726562,141.68352468196488,138.694925054005,138.9603646758309,74064300
2022-07-07,143.87586975097656,144.07248562850194,140.857762778016,140.8675883216018,66253700
2022-07-08,144.55421447753906,145.05560229318138,142.54870821746638,142.8043073974188,64547800
2022-07-11,142.42086791992188,144.1609490492264,141.34929872199137,143.20734636825597,63141600
2022-07-12,143.39414978027344,145.94036067600746,142.59784571642712,143.29583433994398,77588800
2022-07-13,143.0303955078125,143.97415763799123,139.7173575069719,140.57265975093034,71185600
2022-07-14,145.95999145507812,146.43187245268066,140.82823872856787,141.6442086832549,78140700
2022-07-15,147.6312713623047,148.30960883923063,145.69457436327764,147.24786517980246,76259900
2022-07-18,144.58367919921875,149.00760334414767,144.2199241245172,148.19163331287257,81420900
2022-07-19,148.44723510742188,148.67334258980395,144.42638313418118,145.41930294883997,82982400
2022-07-20,150.4527130126953,151.12122479467757,147.8278535911081,148.5651741589975,64823400
2022-07-21,152.7237091064453,152.93999105761137,149.37135386420036,151.8880729314102,65086600
2022-07-22,151.48501586914062,153.637995053217,150.81651886265266,152.76304161776633,66675400
2022-07-25,150.36427307128906,152.4189365975324,149.70560167774437,151.40635064916066,53623900
2022-07-26,149.03709411621094,150.50189494637155,148.25061571701698,149.68592491978026,55138700
2022-07-27,154.13934326171875,154.67022256546406,149.5876270137746,150.0005248051165,78620700
2022-07-28,154.68991088867188,154.9750016662387,151.7996109329514,154.32615575764223,81378700
2022-07-29,159.7626495361328,160.86372535437394,156.8035410889223,158.51413057382698,101786900
2022-08-01,158.779541015625,160.82437877972106,158.17002740354454,158.287993908895,67829400
2022-08-02,157.30491638183594,159.66435174491758,156.931350741657,157.39340627106276,59907000
2022-08-03,163.3214874267578,163.7737024778556,158.03243443212287,158.1209093333162,82507500
2022-08-04,163.00689697265625,164.3635721856505,161.650221759662,163.20351287288528,55474100
2022-08-05,162.78045654296875,163.27268651132164,160.46696968304354,160.673712879285,56697000
2022-08-08,162.3079071044922,165.20222176015508,161.64832074077538,163.78459702908208,60276900
2022-08-09,162.35711669921875,163.24313957743516,160.71307055191537,161.47110884266755,63135500
2022-08-10,166.61000061035156,166.70843758837208,164.30635300401312,165.07423053223724,70170500
2022-08-11,165.87161254882812,168.3327616844004,165.576271648227,167.41720639470316,57149200
2022-08-12,169.425537109375,169.49444148391456,166.76748363956287,167.18096997345785,68039400
2022-08-15,170.49859619140625,170.6954851482581,168.68719375370597,168.85455011811328,54091700
2022-08-16,170.3411102294922,171.01055083145,168.99240485518098,170.0949952329147,56377100
2022-08-17,171.83746337890625,173.41259006684885,169.8882371550574,170.08512611334214,79542000
2022-08-18,171.4436798095703,172.18202470973497,170.42968734841074,171.049901871482,62290100
2022-08-19,168.8545684814453,171.04007069000778,168.64782529018512,170.34109754225454,70346300
2022-08-22,164.96595764160156,167.22036427123675,164.54263206053483,167.0530078857762,69026800
2022-08-23,164.63124084472656,166.08825245369655,164.06025224472492,164.48357785406554,54147100
2022-08-24,164.9265594482422,165.4975479706951,163.6664520268514,164.7198312893935,53841500
2022-08-25,167.38768005371094,167.49597122058404,165.7337949832813,166.1571054399998,51218200
2022-08-26,161.07730102539062,168.3918448489658,161.0182358432931,167.91930837052172,78961000
2022-08-29,158.87213134765625,160.36849946589015,157.33637642429446,158.64569477233294,73314000
2022-08-30,156.44053649902344,160.03380935929164,155.26902673828752,159.6104987851323,77906200
2022-08-31,154.7767791748047,158.084564879281,154.69802058402368,157.81875651310324,87991100
2022-09-01,155.5053253173828,155.95816855506837,152.26644314892485,154.2058307640191,74229900
2022-09-02,153.38868713378906,157.86798246463846,152.56174446332417,157.26746135406307,76957800
2022-09-06,152.12860107421875,154.64881624550407,151.3016582877034,154.03845585855234,73714800
2022-09-07,153.53634643554688,154.23530443324142,151.22286005633052,152.41406294176315,87449600
2022-09-08,152.05967712402344,153.93014485598613,150.30732474708108,152.23687268905203,84923800
2022-09-09,154.9244384765625,155.36745741692656,152.34515853161906,153.05397081020374,68028800
2022-09-12,160.8902587890625,161.70736223015916,156.82445000741808,157.10993674145692,104956000
2022-09-13,151.44931030273438,158.0451887543499,150.98661293916587,157.41513500718563,122656600
2022-09-14,152.89646911621094,154.65866080063967,151.22289024182777,152.38454574724284,87965400
2022-09-15,150.0021514892578,152.82756164210238,149.0275457934619,152.24671887947383,90481100
2022-09-16,148.3581085205078,148.99801648832616,146.06431507986616,148.8601926989242,162278800
2022-09-19,152.079345703125,152.15810428972742,146.78296219367604,146.989690339551,81474200
2022-09-20,154.46173095703125,155.62340128977206,150.70110246996018,151.01612178316293,107689800
2022-09-21,151.33116149902344,156.27315389590652,151.21303113007994,154.8949011643533,101696800
2022-09-22,150.36643981933594,152.0695515719694,148.56487604886144,150.01203358544475,86652500
2022-09-23,148.09230041503906,149.1161471568303,146.2513651484526,148.84049957750184,96029900
2022-09-26,148.4270477294922,151.38042791500837,147.31460305268052,147.33429645998447,93339400
2022-09-27,149.40162658691406,152.315634453065,147.619756600354,150.3664080888261,84442700
2022-09-28,147.51145935058594,148.29903022974963,142.58916013289422,145.34565069913458,146691400
2022-09-29,140.26585388183594,144.439969608928,138.4938229117654,143.82960922766318,128138200
2022-09-30,136.05235290527344,140.8762153477741,135.85546393289223,139.0844911492741,124925300
2022-10-03,140.23629760742188,140.84667290730152,135.55027429699052,136.0621976067289,114311700
2022-10-04,143.82958984375,143.9477202186119,142.01817230643195,142.77621059568105,87830100
2022-10-05,144.12490844726562,145.08968986509632,140.7875903322469,141.83113033653302,79471000
2022-10-06,143.17002868652344,145.24724014995303,142.96330047252644,143.54412834074384,68402200
2022-10-07,137.9129638671875,140.87619735207727,137.28291022305208,140.32488726950297,85925600
2022-10-10,138.23785400390625,139.68501122355408,136.41661224606074,138.23785400390625,74899000
2022-10-11,136.8202362060547,139.15341644364526,136.0720520706598,137.72593753469053,77033700
2022-10-12,136.19020080566406,138.17881432870348,136.0130052056416,136.96793266354493,70433700
2022-10-13,140.7679443359375,141.3586113377412,132.28188870851338,132.8922641385454,113224000
2022-10-14,136.22955322265625,142.27413585110418,136.04250345541635,142.0673926816115,88598000
2022-10-17,140.19692993164062,140.67930564113678,138.09018646721276,138.87775734642221,85250900
2022-10-18,141.51612854003906,144.42028260835326,138.42492466357902,143.22909439068937,99136600
2022-10-19,141.62442016601562,142.69747799085852,139.30109390010128,139.48814370880504,61758300
2022-10-20,141.16168212890625,143.62283148956203,140.43317651035323,140.79743683046152,64522000
2022-10-21,144.98141479492188,145.5524033439164,140.43319980718348,140.6497821885837,86548600
2022-10-24,147.1275177001953,147.89539516122247,143.73113431154985,144.90264390563777,75981900
2022-10-25,149.9726104736328,150.12028846465364,147.03892431633474,147.7575758033074,74732300
2022-10-26,147.02908325195312,149.62805663114864,145.73942824213276,148.61406419672124,88194300
2022-10-27,142.5498046875,146.73375950209572,141.89021831932845,145.76899295091448,109180200
2022-10-28,153.31982421875,155.0524686190091,145.52290188508013,145.8969865152671,164762400
2022-10-31,150.95706176757812,151.84308459846838,149.55913065750443,150.7798662143987,97943200
2022-11-01,148.30889892578125,153.03431011919787,146.812530481506,152.6700647115565,80379300
2022-11-02,142.77621459960938,149.80525751264736,142.7466820050657,146.63529551052576,93604600
2022-11-03,136.7218017578125,140.58088293366475,136.59381715822644,139.85237716768756,97918500
2022-11-04,136.45553588867188,140.68586767189302,132.51116441667403,140.11393200286335,140814800
2022-11-07,136.988037109375,137.21483428526327,133.78323487446542,135.2032111952328,83374600
2022-11-08,137.55996704101562,139.46311921929427,135.57792562085092,138.457315240062,89908500
2022-11-09,132.9943389892578,136.623168532168,132.71823419264956,136.57386087993447,74917800
2022-11-10,144.82745361328125,144.82745361328125,137.55995404597397,139.27576104009148,118854000
2022-11-11,147.6181182861328,147.92380470701315,142.36224081918826,143.79208769866335,93979700
2022-11-14,146.21786499023438,148.19005093835904,145.37967994364752,146.89827154979093,73374100
2022-11-15,147.95338439941406,151.45401749484597,146.49397099909157,150.10307492440734,89868300
2022-11-16,146.7207794189453,147.78576172673738,145.241639832554,147.05606249393267,64218300
2022-11-17,148.6239471435547,149.3733724520642,144.11749463891493,144.39359949187033,80389400
2022-11-18,149.1859893798828,150.57638399086812,147.88435456599078,150.1918083587428,74829600
2022-11-21,145.9516143798828,148.27879437989566,145.66565404043791,148.07172328326632,58724100
2022-11-22,148.09141540527344,148.32808310350964,144.8866136770819,146.06993712168025,51804100
2022-11-23,148.96908569335938,149.71851100166924,147.2631338671993,147.3716047055876,58301400
2022-11-25,146.0502166748047,146.80951240345237,145.07397930940053,146.2474322409697,35195900
2022-11-28,142.21434020996094,144.6006835742159,141.3860256630134,143.12154400613,69246000
2022-11-29,139.20675659179688,142.79613475713955,138.39816810033238,142.2833621487803,83763800
2022-11-30,145.97132873535156,146.6517352342591,138.595358159877,139.43352808516767,111380900
2022-12-01,146.24746704101562,147.05607061526013,144.57111175984417,146.14886675776248,71250400
2022-12-02,145.75440979003906,145.94176987503505,143.62444521311474,143.93014669455255,65447400
2022-12-05,144.59080505371094,148.82113692482218,143.74276456774905,145.71495034472244,68826400
2022-12-06,140.92254638671875,145.25149381357704,139.94630895435972,145.02469664926164,64727200
2022-12-07,138.97996520996094,141.37616424281495,138.05303527991336,140.21258159638873,69721100
2022-12-08,140.66615295410156,141.5240640501762,139.13772092261513,140.38019261979954,62128300
2022-12-09,140.1829833984375,143.54556411340621,138.94049659830839,140.3604729146931,76097000
2022-12-12,142.48057556152344,142.4904310742392,139.09826892356506,140.71546075742316,70462700
2022-12-13,143.44696044921875,147.8843792751259,142.2340701831816,147.4209143273598,93886200
2022-12-14,141.2183837890625,144.6204015969479,139.19689014923398,143.32862218685506,82291200
2022-12-15,134.60166931152344,139.82796424282577,134.1382044845264,139.147557792699,98931900
2022-12-16,132.63934326171875,135.73567419543238,131.87019204577976,134.78903348962257,160156900
2022-12-19,130.52911376953125,133.31975851229708,129.49372825060226,133.23101376151752,79592600
2022-12-20,130.46011352539062,131.39689891358117,128.08362566369047,129.56276523870264,77432800
2022-12-21,133.56629943847656,134.90738657654524,130.9038512362098,131.13064842267107,85928000
2022-12-22,130.39108276367188,132.68868142818795,128.48793035610765,132.48161030905115,77852100
2022-12-23,130.02621459960938,130.57842423400893,127.83708708710822,129.09928483618836,63814900
2022-12-27,128.22164916992188,129.58246208692498,126.9298699732108,129.55288050582337,69007800
2022-12-28,124.28714752197266,129.2077488876003,124.11951353793032,127.86666196867824,85438400
2022-12-29,127.80751037597656,128.6654064445158,125.95365830174214,126.2100370570361,75703700
2022-12-30,128.123046875,128.14277294659772,125.657822079017,126.62419645842127,77034200
2023-01-03,123.33064270019531,129.07955877586164,122.44315755676651,128.46818597294893,112117500
2023-01-04,124.60271453857422,126.87073149260826,123.3405166774151,125.12534263515172,89113600
2023-01-05,123.28133392333984,125.99308946159266,123.02495518012978,125.36199059273537,80962700
2023-01-06,127.81734466552734,128.47802503978542,123.15312990740499,124.25755655822216,87754700
2023-01-09,128.33999633789062,131.55466910779157,128.08361757784448,128.6555533163335,70790800
2023-01-10,128.9119110107422,129.43453900512318,126.33820813140562,128.44844617850507,63896200
2023-01-11,131.63356018066406,131.65327120715185,128.64569958998982,129.42470644063985,69458900
2023-01-12,131.55467224121094,132.39284227281698,129.6120678053339,132.01813716022232,71379600
2023-01-13,132.88587951660156,133.04365799858422,129.82900042275443,130.19384999657817,57809700
2023-01-17,134.04945373535156,135.38066994863155,132.26462822678656,132.95489015736672,63646600
2023-01-18,133.32965087890625,136.682361304903,133.15214630173037,134.91726132660978,69672800
2023-01-19,133.38877868652344,134.35514542774973,131.9096394708051,132.2153258346004,58280400
2023-01-20,135.95262145996094,136.1005444209002,132.35338844252215,133.3986444948596,80223600
2023-01-23,139.14756774902344,141.32683964763805,135.9822029643826,136.19914460303502,81760300
2023-01-24,140.54782104492188,141.16906439218428,138.34883807200805,138.35869358432294,66435100
2023-01-25,139.8871612548828,140.44922647148869,136.87957443059517,138.93064978868992,65799300
2023-01-26,141.9579315185547,142.24389182095663,139.9265676340099,141.17890975078,54105100
2023-01-27,143.90054321289062,145.18246711281154,141.09018721144076,141.16907645645273,70555800
2023-01-30,141.0113067626953,143.52584706043817,140.863398823187,142.9440557695909,64015300
2023-01-31,142.28335571289062,142.3326633733732,140.30131415280843,140.71547141700836,65874500
2023-02-01,143.40753173828125,144.5711295781407,139.35470299296134,141.967844043333,77663600
2023-02-02,148.7225341796875,149.07751316889315,146.10937904089744,146.82922262442523,118339000
2023-02-03,152.3513641357422,155.19131670929613,145.774125819744,145.97134140477755,154357300
2023-02-06,149.619873046875,150.97083056548323,148.68308779153134,150.44820252682044,69858300
2023-02-07,152.49928283691406,153.07121860652774,148.54505515759215,148.54505515759215,83322600
2023-02-08,149.80722045898438,152.4302309897519,149.06765083879986,151.7399690202295,64120100
2023-02-09,148.7718505859375,152.1837390894266,148.32811173185976,151.64138491373802,56007100
2023-02-10,149.13723754882812,149.46314684794623,147.36944294161282,147.60647199630503,57450700
2023-02-13,151.94204711914062,152.3469510828992,149.0483754519819,149.07800220373113,62199000
2023-02-14,151.30010986328125,151.86304832604316,148.98913264360064,150.23350151506878,61707600
2023-02-15,153.4036865234375,153.57157647071767,150.98407305919312,151.21121650909475,65573800
2023-02-16,151.8037872314453,154.39129073768956,151.44825113314346,151.6062554560653,68167900
2023-02-17,150.6581573486328,151.10257366904202,148.97924287733272,150.46064065840176,59144100
2023-02-21,146.63864135742188,149.4236767462983,146.56951728902385,148.33731221810694,58867200
2023-02-22,147.06329345703125,148.09038924690807,145.33499611487431,147.0237810788301,51011300
2023-02-23,147.54722595214844,148.47557105445037,145.41402441253163,148.22867140254277,48394200
2023-02-24,144.89060974121094,145.3646528906462,143.91288161778817,145.28564318748033,55469600
2023-02-27,146.0855712890625,147.32006943922315,145.6213987790375,145.8781840387877,44998500
2023-02-28,145.58192443847656,147.23121241896578,145.0091153980784,145.22638831235219,50547000
2023-03-01,143.50794982910156,145.40413732845008,143.2116672358624,145.0091039171703,55479000
2023-03-02,144.1005096435547,144.8905915062189,142.11542689154663,142.58948505088003,52238100
2023-03-03,149.15701293945312,149.236022634522,145.50290119247913,146.20408774818284,70732300
2023-03-06,151.9222869873047,154.36165661510182,151.55688034550414,151.88277460629178,87558000
2023-03-07,149.71994018554688,152.11979733212814,149.25576768015293,151.79388801539042,56182000
2023-03-08,150.97422790527344,151.5667932294712,149.94713175550118,150.91497438676612,47204800
2023-03-09,148.7224578857422,152.62346903568368,148.3669218148619,151.65562670311525,53833600
2023-03-10,146.65838623046875,149.06812912915592,145.77942411442874,148.3471863994858,68572400
2023-03-13,148.6039581298828,151.2408445051467,145.86830586973156,145.97694231528436,84457100
2023-03-14,150.69766235351562,151.49761478500946,148.23855155589501,149.4039106364519,73695900
2023-03-15,151.09271240234375,151.34948260848185,148.06077752387876,149.31503194180715,77167900
2023-03-16,153.917236328125,154.5196720318581,149.7594399024329,150.27299535550645,76161100
2023-03-17,153.07777404785156,154.7962009363973,152.36670189187112,154.14438228182223,98944600
2023-03-20,155.447998046875,155.8628026785515,152.23830291826783,153.14690680049927,73641400
2023-03-21,157.30471801757812,157.42322503802845,154.59869218400178,155.36903302560913,73938300
2023-03-22,155.87266540527344,160.1292123200188,155.85290921676807,157.32443633451206,75701800
2023-03-23,156.95904541015625,159.54656410725272,155.72454710395584,156.86029458739586,67622100
2023-03-24,158.26268005371094,158.35156031348998,155.89244937558198,156.88991856429575,59196500
2023-03-27,156.3170928955078,158.77621864094067,155.9121738846932,157.95651005912973,52390300
2023-03-28,155.6949005126953,156.52449472162644,154.04561279409856,156.01093927220384,45992200
2023-03-29,158.77621459960938,159.0527409732352,157.37382654206215,157.39356766192319,51305700
2023-03-30,160.34652709960938,160.45516356045198,159.27004812279844,159.5268183622626,49501700
2023-03-31,162.85499572753906,162.95376161088404,159.90208569195596,160.42551172065657,68749800
2023-04-03,164.10923767089844,164.22774466628186,162.18342364813336,162.23280658606208,56976200
2023-04-04,163.5759735107422,164.77095946962157,163.06241797980005,164.5339454319251,46278300
2023-04-05,161.7291259765625,163.0031364887197,159.7934413430479,162.6969833628771,51511700
2023-04-06,162.6179962158203,162.91427882271006,159.99098020805553,160.41564039126865,45390100
2023-04-10,160.02059936523438,160.02059936523438,158.09478511621296,159.41816361866267,47716900
2023-04-11,158.8058624267578,160.34651387560373,158.5194503856298,160.33664331436313,47644200
2023-04-12,158.11456298828125,160.0502480636464,157.79852416071756,159.22066874563276,50133100
2023-04-13,163.50682067871094,163.74384976611952,159.4181631056541,159.62556544083142,68445600
2023-04-14,163.1611785888672,164.2574136863755,161.7884170766324,162.5488571823505,49386500
2023-04-17,163.180908203125,163.33892759169828,161.99579292794192,163.04264500551295,41516200
2023-04-18,164.40554809570312,165.33389323571308,163.59570997116356,164.04014141829643,49923000
2023-04-19,165.5511474609375,166.0745734796078,163.4870550672227,163.74384033117565,47720200
2023-04-20,164.5832977294922,165.78816920558748,163.50681889136789,164.03024493447634,52456400
2023-04-21,162.97352600097656,164.38578477260316,162.45009994594136,163.00315275355902,58337300
2023-04-24,163.27964782714844,163.54630361878327,161.85750369783725,162.9537385417183,41949600
2023-04-25,161.739013671875,164.2475072794641,161.69950129216383,163.1414017604714,48714100
2023-04-26,161.7291259765625,163.23027992570658,160.78103984940847,161.03781003602157,45498800
2023-04-27,166.3214569091797,166.46959064736794,163.1413887265841,163.1413887265841,64902300
2023-04-28,167.57574462890625,167.7436496735743,165.79807897738758,166.40051480315444,55275900
2023-05-01,167.48683166503906,168.33616700655767,166.548616072207,167.18067853080987,52472900
2023-05-02,166.44985961914062,168.2374257243008,165.46226102978648,167.98064044655123,48425700
2023-05-03,165.3733673095703,168.80033534118735,165.08697037258037,167.3979472668269,65136000
2023-05-04,163.73394775390625,164.96844587189068,162.27230620168868,162.8451151367803,81235400
2023-05-05,171.41748046875,172.13842316096267,168.64231599957478,168.85958887715515,113453200
2023-05-08,171.34832763671875,171.6939931151052,169.9755664215469,170.34097301845657,55962800
2023-05-09,169.63980102539062,171.38783954566773,169.47191108630196,170.90392591816433,45326900
2023-05-10,171.4075927734375,171.87176527271458,169.76817565129102,170.87429621552187,53724500
2023-05-11,171.59524536132812,172.42482451357537,170.03483786854437,171.6940112425966,49514700
2023-05-12,170.66561889648438,172.13916641173466,169.11293731632776,171.70401959715826,45533100
2023-05-15,170.171142578125,171.29856159606754,169.57775779377548,171.24911034897144,37266700
2023-05-16,170.171142578125,171.2293268320526,169.90411791612752,170.0920236008516,42110300
2023-05-17,170.7843017578125,171.02164360752573,168.53934785672587,169.81512066054435,57951600
2023-05-18,173.11825561523438,173.30616130301183,170.6755118549318,171.09087517456516,65496700
2023-05-19,173.22703552246094,174.44345770293714,173.00946211256743,174.44345770293714,55809500
2023-05-22,172.27761840820312,172.781999977239,171.5358950094103,172.0600450039918,43570900
2023-05-23,169.666748046875,171.46667068919274,169.38983919273392,171.21942956296672,50747300
2023-05-24,169.94366455078125,170.51726580029353,168.6382391925545,169.20194113871563,45143500
2023-05-25,171.08094787597656,171.98089396333788,169.7952912063768,170.50734674368132,56058300
2023-05-26,173.49404907226562,173.83030849826073,171.19965909306288,171.40734829469508,54835000
2023-05-30,175.3434295654297,177.01478218217846,174.62148962052487,175.00718521743593,55964400
2023-05-31,175.29397583007812,177.37080753192686,174.80937774220615,175.37309480914308,99625300
2023-06-01,178.10264587402344,178.1323136072369,174.97751385870967,175.73902088879638,68901800
2023-06-02,178.953125,179.77396735384346,177.28177256425622,179.03224397161875,61996900
2023-06-05,177.5982666015625,182.90900173212887,176.07525265044882,180.61461168229852,121946500
2023-06-06,177.23236083984375,178.1323071989488,175.47198988688834,177.98396853821802,64848400
2023-06-07,175.85769653320312,179.21028600208987,175.36321422162453,176.47084977063176,61944600
2023-06-08,178.57733154296875,178.84434109966037,175.50165126625262,175.93678298136524,50214900
2023-06-09,178.96304321289062,180.21901740774703,178.63668307937917,179.4970774647442,48900000
2023-06-12,181.76181030273438,181.86071280602803,178.97293777661235,179.26963019609002,54274900
2023-06-13,181.28707885742188,182.11780541012092,180.42668457715504,180.782712398369,54929100
2023-06-14,181.9200439453125,182.35519080481038,180.0113494184458,181.3464426387383,57462900
2023-06-15,183.95730590820312,184.46168752877136,181.75191900244837,181.9299404833556,65433200
2023-06-16,182.87930297851562,184.9264666188034,182.2364821267614,184.66932620578186,101256200
2023-06-20,182.96835327148438,184.0463362605814,182.37498350716317,182.37498350716317,49799100
2023-06-21,181.929931640625,183.36392727035516,180.57503989811684,182.85954567430247,49515700
2023-06-22,184.93637084960938,184.98582209518955,181.64311708726814,181.7123518491607,51245300
2023-06-23,184.61990356445312,185.49019723798705,182.96833449974372,183.5023838322858,53117000
2023-06-26,183.2254638671875,185.97478407089304,183.18589683511047,184.76824612936457,48088700
2023-06-27,185.98468017578125,186.31104030447904,183.62105538648717,183.83862880561904,50730800
2023-06-28,187.1615447998047,187.80436573389431,185.5297592960992,185.8561043245189,51216800
2023-06-29,187.497802734375,187.97251662731944,186.85498175364998,186.99343619982474,46347300
2023-06-30,191.82945251464844,192.33381899614628,189.1493519786864,189.51527911897426,85213200
2023-07-03,190.3361358642578,191.74046380244184,189.64384856353968,191.64156130508144,31458200
2023-07-05,189.2185821533203,190.8503675642152,188.51641070905347,189.45593906907268,46920300
2023-07-06,189.69329833984375,189.90098754652763,187.1121001189567,187.74503686210437,45094300
2023-07-07,188.5757598876953,190.54380484505052,188.14062814608695,189.29771490007704,46815000
2023-07-10,186.5286102294922,187.89338618022617,184.97592859390042,187.17143117099337,59922200
2023-07-11,186.0044708251953,187.21100889013437,184.54080738706045,187.07255444450544,46638100
2023-07-12,187.67581176757812,189.584506155405,186.39015480100775,187.58679348705417,60750200
2023-07-13,188.4373016357422,189.0801376574393,187.6856939986458,188.39774969290625,41342300
2023-07-14,188.5856475830078,189.07023054213465,187.53734760154848,188.13071726198152,41616200
2023-07-17,191.8492431640625,192.17560328436687,189.69329254549467,189.7822957354681,50520200
2023-07-18,191.59210205078125,192.18548682934457,190.2965608776665,191.21630577539946,48288200
2023-07-19,192.94699096679688,196.04243976648678,190.5240157315845,190.9690618542327,80507300
2023-07-20,190.99874877929688,194.30188710755215,190.37569621729313,192.93711105379268,59581200
2023-07-21,189.82186889648438,192.8184304455329,189.11969738642375,191.95803606721273,71951700
2023-07-24,190.6229248046875,192.759091941705,190.1284425094743,191.27564505606543,45377800
2023-07-25,191.48333740234375,192.2942956871053,190.79106514120798,191.19654428358876,37283200
2023-07-26,192.35360717773438,193.48102617402893,191.18663623876353,191.53276478098633,47471900
2023-07-27,191.08773803710938,195.02381285425056,190.42513357699178,193.85684188907683,47460200
2023-07-28,193.66896057128906,194.46013535574042,191.99760780036658,192.52175788835478,48291400
2023-07-31,194.28207397460938,194.32164100543085,193.10520379928346,193.89637842130432,38824100
2023-08-01,193.45135498046875,194.55899044039094,193.12499487022708,194.07440747187567,35175100
2023-08-02,190.45480346679688,193.026102358892,189.73286353794578,192.88764791924382,50389300
2023-08-03,189.0603485107422,190.2471029357017,188.58564975883863,189.4559433793295,61235200
2023-08-04,179.9816436767578,185.31216139907355,179.91240892263954,183.47268693901358,115956800
2023-08-07,176.87632751464844,181.10909486166798,175.39288059142936,180.1201302461886,97576100
2023-08-08,177.81582641601562,178.28064095471063,175.6203239410226,177.70703971354655,67823000
2023-08-09,176.2235870361328,178.93334011391454,175.0566010766963,178.8740046582552,60378500
2023-08-10,176.00604248046875,178.75536303948698,175.64013038367378,177.4993736907431,54686900
2023-08-11,176.0654296875,176.88738049769475,174.8374673630278,175.60000259117115,52036700
2023-08-14,177.71925354003906,177.94701832041608,175.5900993670502,176.2437010263368,43675600
2023-08-15,175.72872924804688,177.73903700795614,175.33261529851168,177.14486608365337,43622600
2023-08-16,174.8572998046875,176.80817714322055,174.78797154296882,175.41186545531423,46964900
2023-08-17,172.31222534179688,175.78817341312092,171.7972650350441,175.42176719468313,66062900
2023-08-18,172.79747009277344,173.40155375891743,170.29201204567954,170.62871045348956,61172200
2023-08-21,174.13436889648438,174.42156439236868,172.05474771785234,173.37184868637627,46311900
2023-08-22,175.51087951660156,175.95651153189084,174.54038966607246,175.34253031574917,42038900
2023-08-23,179.36312866210938,179.78896551377315,176.60019834939993,176.78835776449938,52722800
2023-08-24,174.6691436767578,179.34336155038372,174.30272234931607,178.91752463221655,54945800
2023-08-25,176.87750244140625,177.41225784961358,174.1145717959043,175.6594375427037,51449600
2023-08-28,178.44216918945312,178.83828316683332,176.8180777049469,178.34313313971825,43820700
2023-08-29,182.3340606689453,183.10649358507428,177.75887876406125,177.95693577395411,53003900
2023-08-30,185.8297882080078,186.0278602958339,182.94802670379437,183.14608368084174,60813900
2023-08-31,186.04766845703125,187.28554353881972,185.66145203594442,186.0179606639307,60794500
2023-09-01,187.6222381591797,188.07776768138748,186.45367634199346,187.65194594928982,45766500
2023-09-05,187.8599090576172,188.13719185182467,185.79018566129048,186.45368485534252,45280000
2023-09-06,181.1357879638672,187.01817274976997,179.70975345688714,186.57252563325392,81755800
2023-09-07,175.83767700195312,176.4813811102254,171.8566665123906,173.48075801343515,112488800
2023-09-08,176.45167541503906,178.49170643953835,176.0654589567214,176.62003973987865,65551300
2023-09-11,177.6202392578125,178.55112383618751,175.61982868156718,178.32335902789833,58953100
2023-09-12,174.58990478515625,178.38275585399316,173.12426491742679,177.7489644157226,90370200
2023-09-13,172.52020263671875,175.5802265952459,172.2924227134037,174.7978809836157,84267900
2023-09-14,174.0353240966797,174.39183269426235,171.89627251118375,172.31219668990042,60895800
2023-09-15,173.31239318847656,174.78794559113751,172.1339489112559,174.76813536061914,109259500
2023-09-18,176.24371337890625,177.64004017321716,174.46117014263496,174.76816076178545,67257600
2023-09-19,177.33303833007812,177.88760394386657,175.4118538031827,175.7980702206982,51826900
2023-09-20,173.78778076171875,177.95693597912128,173.69864226300012,177.52120149038592,58436200
2023-09-21,172.24288940429688,174.58991092023126,172.17357625479622,172.85688574257026,63149100
2023-09-22,173.0945587158203,175.36235454947433,172.36174626663464,172.97572753179696,56725400
2023-09-25,174.37203979492188,175.2534062611611,172.46075278406465,172.51027081019092,46172700
2023-09-26,170.29200744628906,173.50057001651604,169.99491440180657,173.12426626356617,64588900
2023-09-27,168.77684020996094,171.3615240971404,167.41023633579258,170.94559986493434,66921800
2023-09-28,169.03431701660156,170.36131544966938,165.99408862675534,167.69740591218968,56294400
2023-09-29,169.54928588867188,171.39124466953126,168.68771453081845,170.35142654777866,51861100
2023-10-02,172.0646514892578,172.60931959526494,169.2719978061565,169.55919331240622,52164500
2023-10-03,170.72772216796875,171.9458021063211,169.1630613901914,170.58908076573104,49594600
2023-10-04,171.97549438476562,172.52016238398562,169.3115850792172,169.43041623876405,53020300
2023-10-05,173.21337890625,173.74813426454526,171.00499899742474,172.10423261632292,48527900
2023-10-06,175.76837158203125,176.26352163595584,171.5001654241457,172.1141617663429,57266700
2023-10-09,177.25381469726562,177.3132302836497,174.09475506108697,175.09495269037185,42390800
2023-10-10,176.6596221923828,177.9767230488949,176.22388776036024,176.3724418317021,43698000
2023-10-11,178.05593872070312,178.10545674166264,175.8772817954906,176.4714527146694,47551100
2023-10-12,178.95713806152344,180.57131695227565,177.30332359387822,178.3233466007442,56743100
2023-10-13,177.11520385742188,180.16531529722363,176.4120840387178,179.66026761502152,51427100
2023-10-16,176.98641967773438,177.34292828713865,174.79784999846225,175.0355274416581,52517000
2023-10-17,175.43165588378906,176.6893412361662,173.1044597256959,174.93650583601004,57549400
2023-10-18,174.13436889648438,175.85749653944856,173.4114540423014,173.87689630601963,54764400
2023-10-19,173.758056640625,176.11496052795673,173.4906713911534,174.33241738277906,59302900
2023-10-20,171.2030792236328,173.71843472751576,170.96540176933075,173.60950111647477,64244000
2023-10-23,171.32191467285156,172.32211231863303,168.2816861592976,169.25219112217718,55980100
2023-10-24,171.75765991210938,171.98542471489895,169.78695717971306,171.37144345921354,43816600
2023-10-25,169.4403533935547,171.38133313025827,168.99470625930118,170.2127862637829,57157000
2023-10-26,165.27117919921875,169.71763198356828,164.06301189675906,168.71741923518283,70625300
2023-10-27,166.58827209472656,167.32109955610002,165.21175565878588,165.29098147440297,58499100
2023-10-30,168.63818359375,169.5096524459554,167.23195938000526,167.38051344932887,51131000
2023-10-31,169.1135711669922,169.24229991901694,166.27139928771217,167.70734668146844,44846000
2023-11-01,172.28250122070312,172.53997379429074,168.46983997695696,169.34130885799144,56934900
2023-11-02,175.8476104736328,176.05556504970008,173.75807648633753,173.8174920794996,77334800
2023-11-03,174.93650817871094,175.10487249469713,171.66852990822986,172.5498964006483,79829200
2023-11-06,177.49147033691406,177.6895273209714,174.50077512285628,174.66912431484397,63841300
2023-11-07,180.05638122558594,180.67036248552094,177.23401974281032,177.4419743130807,70530000
2023-11-08,181.115966796875,181.67053238037917,179.8285737718667,180.5812114444328,49340300
2023-11-09,180.64064025878906,182.3340449245472,180.04645416963677,181.18530832204868,53763500
2023-11-10,184.83511352539062,185.00369964258533,181.989212824357,182.42552132152326,66133400
2023-11-13,183.24855041503906,184.4682199516521,182.6635072771428,184.25999143916752,43627500
2023-11-14,185.86639404296875,186.53076740007103,184.7359652497266,186.12420582715117,60108400
2023-11-15,186.43161010742188,187.90910668353808,186.20354524355434,186.2729648412074,53790500
2023-11-16,188.11734008789062,189.35684600106327,187.06622636374277,187.9785160308428,54412900
2023-11-17,188.0974884033203,188.78169803245333,186.98689603758916,188.6527845861859,50922700
2023-11-20,189.8427276611328,190.29887250675844,188.2859160609316,188.2958266614519,46505100
2023-11-21,189.03952026367188,189.91213724546566,188.14708208188244,189.80306012274144,38134500
2023-11-22,189.70388793945312,191.31028267101584,189.22792193208022,189.88238464889707,39617700
2023-11-24,188.3751678466797,189.29735306155973,187.66121116968733,189.26760612757576,24048300
2023-11-27,188.19667053222656,189.06928760823715,187.31414285514808,188.3255839995523,40552600
2023-11-28,188.80154418945312,189.47584330827428,187.80993940877178,188.18675406725092,38415400
2023-11-29,187.78021240234375,190.47737890246535,187.38357650025696,189.29736666732592,43014200
2023-11-30,188.35531616210938,188.7222202024886,186.61009727764167,188.2462390361622,48794400
2023-12-01,189.6344757080078,189.95178132302283,187.64134070945283,188.73211185944243,45704800
2023-12-04,187.8396759033203,188.45448112204545,185.87630278327032,188.38506152852514,43389500
2023-12-05,191.7961883544922,192.76795676998717,188.58338352707358,188.61314558971708,66628400
2023-12-06,190.70542907714844,193.1249319103576,190.4971854261922,192.8175368647406,41089700
2023-12-07,192.63905334472656,193.3629205543118,191.96475426663108,192.0044269286476,47477700
2023-12-08,194.06695556640625,194.3446036620394,192.04407357743747,192.56962283922067,53406400
2023-12-11,191.55821228027344,191.86562248491865,189.8129932403368,191.4888078106811,60943700
2023-12-12,193.0753631591797,193.08527375940776,190.11045957675134,191.45904261144975,52696900
2023-12-13,196.29806518554688,196.33772271445184,193.21417408717826,193.45214952198077,70404200
2023-12-14,196.44679260253906,197.94411013724948,194.51316661249956,196.35755181777242,66831600
2023-12-15,195.91134643554688,196.734365015635,195.34612449787411,195.87167377464695,128538400
2023-12-18,194.24545288085938,194.97924583916173,192.75804576345098,194.4437708037096,55751900
2023-12-19,195.28665161132812,195.2965622122741,194.24546354583867,194.51320107826476,40714100
2023-12-20,193.1943359375,196.0204001139627,193.1943359375,195.24694969676773,52242800
2023-12-21,193.0455780029297,195.42543814276274,191.8754918271264,194.4536698626075,46482500
2023-12-22,191.9746856689453,193.76948784569112,191.349969834571,193.54140785907617,37149600
2023-12-26,191.42929077148438,192.262235089905,191.21113652656177,191.98458698376479,28919300
2023-12-27,191.52845764160156,191.8755253676685,189.48575421105227,190.87400998463178,48087700
2023-12-28,191.95486450195312,193.02579953233345,191.54830289093405,192.51016078496022,34049900
2023-12-29,190.91366577148438,192.76796185552627,190.12037892679615,192.27215946893213,42672100
2024-01-02,184.0814971923828,186.85799339797134,182.34618895522584,185.5788148528252,82488700
2024-01-03,182.70318603515625,184.3195067154423,181.8900628291485,182.67343910134508,58414500
2024-01-04,180.38282775878906,181.552914127362,179.36147605378457,180.62080322049852,71983600
2024-01-05,179.65895080566406,181.22568820887324,178.6574354024576,180.46216340525032,62379700
2024-01-08,184.0021514892578,184.04182414737613,179.9762391393372,180.56128223575337,59144500
2024-01-09,183.58570861816406,183.59561921893004,181.19593746369003,182.37594957443397,42841800
2024-01-10,184.62689208984375,184.83512061558696,182.375945055311,182.80234296869347,46792900
2024-01-11,184.0319061279297,185.47965559618967,182.07844372761645,184.97392753345,49128400
2024-01-12,184.359130859375,185.1722539181108,183.63526371659532,184.49795490224625,40477800
2024-01-16,182.08837890625,182.71307958868692,179.41103406753936,180.63071876275188,65603000
2024-01-17,181.1463623046875,181.3942635111242,178.78635310827863,179.7482109997081,47317400
2024-01-18,187.04640197753906,187.55211493445296,184.26990575318283,184.52771753168435,78005800
2024-01-19,189.95181274414062,190.3385380102556,187.23482528040057,187.74053828049293,68903000
2024-01-22,192.26223754882812,193.69015075906108,190.64591702187175,190.68558968364889,60133900
2024-01-23,193.54136657714844,194.10658842686712,192.2027095284773,193.38272135029598,42355600
2024-01-24,192.86712646484375,194.73134826169684,192.7084660713482,193.77940103141137,53631300
2024-01-25,192.53985595703125,194.62223158917178,191.4887575423891,193.5810437731015,54822100
2024-01-26,190.80458068847656,193.1249321296598,190.3286146537771,192.63905549468925,44594000
2024-01-29,190.120361328125,190.5864167388377,187.98841731539085,190.39800942846193,47145600
2024-01-30,186.4613800048828,190.1898241378468,185.8961730760029,189.3370433128274,55859400
2024-01-31,182.85189819335938,185.52924295226458,182.80233006356883,185.46973396127981,55467800
2024-02-01,185.291259765625,185.38050055962896,182.2767880551107,182.44535904290282,64885400
2024-02-02,184.2897491455078,185.75731994134992,177.74515173237538,178.35003123610636,102551700
2024-02-05,186.10438537597656,187.66121220628375,184.27983613833493,186.5704408518845,69668800
2024-02-06,187.71080017089844,187.7207107722996,185.2020411236872,185.29128192836527,43490800
2024-02-07,187.8198699951172,189.44610127224303,187.02658312392904,189.03953967028943,53439000
2024-02-08,186.739013671875,187.94875754592414,185.77715585449096,187.8000228857875,40962000
2024-02-09,187.50352478027344,188.63539609029752,186.65957913376621,187.304938639922,45155200
2024-02-12,185.81564331054688,187.32481018702742,185.45820944901192,187.07659264846137,41781900
2024-02-13,183.72067260742188,184.88234393093236,182.20158259974826,184.4454786725173,56529500
2024-02-14,182.83700561523438,184.2071710720395,181.13920638831792,183.99867685469593,54630500
2024-02-15,182.54908752441406,183.17460050228618,180.05698915939104,182.2413002337134,65434500
2024-02-16,181.0101318359375,183.53203018346474,180.37469562592958,182.11221816970058,49752500
2024-02-20,180.26548767089844,181.12927978468986,178.7166127841021,180.49384354523508,53665600
2024-02-21,181.02008056640625,181.5860086349742,179.37191259479573,180.64278508736416,41371400
2024-02-22,183.05545043945312,183.64125529629035,181.15908011476066,182.17179668082835,52292200
2024-02-23,181.21864318847656,183.72066477086588,180.9307023940782,183.6908798817894,45119700
2024-02-26,179.86831665039062,181.45689941744428,179.36194329996098,180.94061797189792,40867400
2024-02-27,181.32785034179688,182.60864595739088,178.27973221361,179.80876047563007,54318900
2024-02-28,180.12648010253906,181.814356133641,178.84568442217187,181.20870480571682,48953900
2024-02-29,179.46128845214844,181.26831948615475,178.2499855974841,179.97758519757838,136682600
2024-03-01,178.37904357910156,179.24283570733874,176.11530099131116,178.26982726346276,73563100
2024-03-04,173.8515625,175.63871657984365,172.55088992856452,174.89406399657693,81510100
2024-03-05,168.90704345703125,170.8133520831047,168.41060844555398,169.5424796657224,95132400
2024-03-06,167.91416931152344,170.01906401050476,167.47730408815008,169.8403395327639,68587700
2024-03-07,167.7950439453125,169.51270494606766,167.28868565722726,167.94396839769192,71765100
2024-03-08,169.5126953125,172.4615205019895,167.73546463179477,167.79503440936114,76267000
2024-03-11,171.51829528808594,173.13667826239134,170.8232893067872,171.7069430151515,60139500
2024-03-12,171.99485778808594,172.7891567808166,169.79068527950514,171.91542637381357,59825400
2024-03-13,169.9098663330078,171.9551763303205,169.54249409126064,171.53817270319811,52488700
2024-03-14,171.76651000976562,173.06716728584055,170.82328653971078,171.67715534575908,72913500
2024-03-15,171.38922119140625,171.38922119140625,169.0758321837892,169.94956266563446,121752700
2024-03-18,172.48138427734375,176.44294118443133,172.282813299669,174.31819990832292,75604200
2024-03-19,174.82455444335938,175.35077434046616,171.79629786095623,173.09695515946524,55215200
2024-03-20,177.39610290527344,177.39610290527344,173.84162605000233,174.467139074951,53423100
2024-03-21,170.14813232421875,176.22450721449738,169.6219124199128,175.78764197696165,106181300
2024-03-22,171.05165100097656,171.8161651814705,168.84747827799018,170.53535433298114,71160100
2024-03-25,169.63185119628906,170.7140758962492,168.24182406010684,169.3538487990515,54288300
2024-03-26,168.49998474121094,170.19778406175462,168.37090678526505,168.78791039294236,57388400
2024-03-27,172.07431030273438,172.36225110852925,168.89712909220745,169.19499314475576,60273300
2024-03-28,170.25735473632812,171.00200728609337,169.29426955996547,170.5254338962422,65672700
2024-04-01,168.8177032470703,170.02900599080004,168.2716216576847,169.96943620832081,46240500
2024-04-02,167.63619995117188,168.13263504826725,167.03054852671562,167.87449425177653,49329500
2024-04-03,168.44041442871094,169.4630694684258,167.37805124910258,167.58654549603682,47691700
2024-04-04,167.61631774902344,170.69420560535343,167.61631774902344,169.07582268557752,53704400
2024-04-05,168.37091064453125,169.17513298848516,167.74539764368038,168.3808338913719,42104800
2024-04-08,167.24896240234375,167.99361496437555,167.04046816897213,167.82482886831443,37425500
2024-04-09,168.46026611328125,168.86734648560252,167.1496854743383,167.49718091534808,42373800
2024-04-10,166.583740234375,167.88439761067826,165.91851910107465,167.59647195447172,49709300
2024-04-11,173.79197692871094,174.208995705804,166.9610408919762,167.13975023930564,91070300
2024-04-12,175.2912139892578,177.0883063929916,172.96790166012116,173.0175330436537,101670900
2024-04-15,171.458740234375,175.37065085788137,171.27009249111015,174.1097015871075,73531800
2024-04-16,168.17233276367188,172.5210932508517,167.0702464097302,170.52542991803605,73711200
2024-04-17,166.8021697998047,169.43326939438703,166.8021697998047,168.4006911997193,50901200
2024-04-18,165.8489990234375,167.4375970919546,165.36250241682455,166.83194578270678,43122900
2024-04-19,163.8235626220703,165.21357466916862,162.9101239696921,165.02494208062998,68149400
2024-04-22,164.6575927734375,166.06746666034257,163.59522952168388,164.33988218272512,48116400
2024-04-23,165.7100067138672,165.85894631264824,163.74412823991455,164.17107024309314,49537800
2024-04-24,167.8148956298828,168.09289802448964,165.02493328758231,165.35256706337344,48251800
2024-04-25,168.6787109375,169.39357866495865,166.95111140447554,168.32127707377066,50558300
2024-04-26,168.09288024902344,170.1183282169712,167.9737255567964,168.66874661981072,44838400
2024-04-29,172.26295471191406,174.7749147415349,171.86581274952138,172.1338767566388,68169400
2024-04-30,169.11553955078125,173.74231713050509,168.78789065093028,172.09414938579766,65934800
2024-05-01,168.09288024902344,171.4785703074486,167.90423254049057,168.3708826142321,50383100
2024-05-02,171.7963104248047,172.18352915382397,169.67156903864844,171.2800137361139,94214900
2024-05-03,182.07249450683594,185.66667884285496,181.3576269377945,185.31916830374013,163224100
2024-05-06,180.4144287109375,182.88666551151155,179.1336178251023,181.04986495546194,78569700
2024-05-07,181.09950256347656,183.5816778461448,180.02721617336002,182.14201921219635,77305800
2024-05-08,181.43707275390625,181.76472167822584,180.1562619452029,181.5462890620128,45057100
2024-05-09,183.25404357910156,183.34339825305352,180.81157644111198,181.25836496086742,48983000
2024-05-10,181.99136352539062,184.01955884653998,181.07668601424152,183.83065525294157,50759500
2024-05-13,185.20269775390625,186.01796278299403,183.5522942832241,184.36755931231187,72044800
2024-05-14,186.34603881835938,187.21101770983566,185.2126323262415,186.4255779791011,52393600
2024-05-15,188.62281799316406,189.54743236218252,186.2864023770235,186.82328796013638,70400000
2024-05-16,188.74209594726562,189.99481870677727,188.5631442219314,189.36845732702145,52845200
2024-05-17,188.7719268798828,189.70649303935699,188.08591490450098,188.4140082479681,41282900
2024-05-20,189.93515014648438,190.81006568993442,187.91689147556073,188.23504809883084,44361300
2024-05-21,191.23757934570312,191.61537135801854,189.81584164268895,189.98485665329835,42309400
2024-05-22,189.7959747314453,191.7048842739564,189.1696284842733,191.15806201805708,34648500
2024-05-23,185.7992401123047,189.89540846653745,185.55068591274116,189.87551988281993,51005900
2024-05-24,188.88128662109375,189.47782271626807,186.9525037733123,187.72800676525614,36327000
2024-05-28,188.8912353515625,191.88382214222983,188.00638309980087,190.40243380522858,52280100
2024-05-29,189.18951416015625,191.13818582461732,188.41402624535667,188.51345399670836,53068000
2024-05-30,190.1837158203125,191.06856812279528,189.52754429358754,189.6567821553814,49889100
2024-05-31,191.13816833496094,191.45632497373828,188.81170480343985,190.33285520255313,75158300
2024-06-03,192.9078826904297,193.8623374845637,191.4066207978332,191.784412862338,50080500
2024-06-04,193.2260284423828,194.19041988861153,191.91365507081835,193.51434462038463,47471400
2024-06-05,194.7372283935547,195.76127042413225,193.74301165159252,194.269945311189,54156800
2024-06-06,193.3552703857422,195.3635924798522,193.04706561878618,194.55827933508485,41181800
2024-06-07,195.7513427734375,195.80105664694403,193.01724660656404,193.52429170702464,53103900
2024-06-10,192.0031280517578,196.15896182874013,191.03873662001607,195.76126603853862,97010200
2024-06-11,205.9519805908203,205.9619324668351,192.51018190883102,192.53005531977516,172373300
2024-06-12,211.83778381347656,218.9265393804105,205.7034527218097,206.1707358379729,198134300
2024-06-13,213.00099182128906,215.49647028335949,210.37626033331,213.49810017257707,97862700
2024-06-14,211.2611083984375,213.9256018265929,210.07798811856898,212.61324369392398,70122700
2024-06-17,215.4169464111328,217.6837594401996,211.4897931914233,212.13602802573277,93728300
2024-06-18,213.0507049560547,217.3656172672209,211.7681719978675,216.3316233309755,79943300
2024-06-20,208.46734619140625,213.00098699569836,207.64215969704074,212.6927670816265,86172500
2024-06-21,206.29002380371094,210.6645711149637,205.91221661181947,209.17324609923537,241805100
2024-06-24,206.93626403808594,211.46988977828624,205.39522511371305,206.51869484312465,80727000
2024-06-25,207.86090087890625,210.15753911842552,207.40355450398363,207.94042486793816,55549700
2024-06-26,212.01670837402344,213.6173978459433,209.42180221570723,210.2768291728298,66213200
2024-06-27,212.86180114746094,214.49231592564604,211.12192192565487,213.44838535845383,49772700
2024-06-28,209.40191650390625,214.8204096554565,209.08377504858177,214.52214161134154,82542700
2024-07-01,215.49647521972656,216.25207446959737,210.6944066158183,210.86342163866271,60402900
2024-07-02,218.99612426757812,219.10548871515067,213.85602557275527,214.89994100712372,58046200
2024-07-03,220.2687225341797,220.2687225341797,217.76329209306175,218.72768354780237,37369800
2024-07-05,225.031005859375,225.14037030398515,220.36812707547224,220.36812707547224,60412400
2024-07-08,226.50245666503906,226.53228195249955,221.95887904834774,225.77666754871936,59085900
2024-07-09,227.35748291015625,228.07332019577044,225.0608446065374,226.6118203351868,48076100
2024-07-10,231.6326141357422,231.73204187894612,227.9241899064988,227.97390377810078,62627700
2024-07-11,226.25392150878906,231.04603853364384,224.46432825800636,230.0518217466028,64710600
2024-07-12,229.20672607421875,231.29458734662404,227.357482286545,227.59609977127653,53046500
2024-07-15,233.04440307617188,235.8580383346859,231.7419815445035,235.11237576276483,62631300
2024-07-16,233.46197509765625,234.9035862928846,230.98637002864072,233.64092682357534,43234300
2024-07-17,227.5563201904297,230.12140106352723,225.3292693500046,228.12301581337556,57345900
2024-07-18,222.8834991455078,229.10730558155058,220.9845567217071,228.94822726389444,66034600
2024-07-19,223.0127410888672,225.48834608374398,221.9886991219942,223.5198013048721,49151500
2024-07-22,222.66477966308594,226.46267958300487,221.7998008147913,225.69712847330965,48201800
2024-07-23,223.70870971679688,225.6275559695254,221.3921828247117,223.07241159149987,39960300
2024-07-24,217.276123046875,223.4999296447353,215.8742889513949,222.70455320631825,61777600
2024-07-25,216.23220825195312,219.57277716709376,213.3787958392943,217.663867640833,51391200
2024-07-26,216.69947814941406,218.22062848355827,214.76074345207394,217.43518879671294,41601300
2024-07-29,216.9778594970703,218.0317267787177,214.50225443638584,215.7052633263403,36311800
2024-07-30,217.53460693359375,219.05575720060034,214.8700984121393,217.9223508218397,41643800
2024-07-31,220.795654296875,222.52559687691686,219.35404306544518,220.1593561933901,50036300
2024-08-01,217.09716796875,223.1817695634113,215.76492117798517,223.07240511518174,62501000
2024-08-02,218.58848571777344,224.29529507499745,216.45092586682142,217.88258518105536,105568600
2024-08-05,208.0597381591797,212.26527065556354,194.866477978878,197.9386040162881,119548600
2024-08-06,206.03152465820312,208.7755724881847,199.90716125146164,204.11269368890086,69660500
2024-08-07,208.60655212402344,212.40445197195865,205.19638100586542,205.703426053809,63516400
2024-08-08,212.0763702392578,212.96122253044004,207.6222834948103,211.87752992550045,47161100
2024-08-09,214.98944091796875,215.5263113015057,210.7441310403627,210.8733840757052,42201600
2024-08-12,216.5222930908203,218.49311650663688,214.60124108809114,215.0690650325273,38028100
2024-08-13,220.24497985839844,220.86210287308924,217.99543949730662,217.99543949730662,44155300
2024-08-14,220.69288635253906,221.99681536538918,218.68223972219693,219.54821978702563,41960600
2024-08-15,223.6790008544922,224.3060872818483,221.72807374055304,223.55956160665437,46414000
2024-08-16,225.00283813476562,225.77922361016536,222.6139468974481,222.88270038911833,44340200
2024-08-19,224.8435821533203,224.94312498661264,222.0067784736323,224.6743714872065,40687800
2024-08-20,225.46067810058594,226.117624269924,224.405591022129,224.7241158999058,30299000
2024-08-21,225.35121154785156,226.92389412945442,224.00747444255492,225.4706659840429,34765500
2024-08-22,223.4898681640625,227.28221598709214,222.86278176595104,226.7347608131935,43695300
2024-08-23,225.78916931152344,227.16278137803022,223.29080225181497,224.61464290366072,38677300
2024-08-26,226.12759399414062,226.22713682494347,222.85284141893553,225.7095414433551,30602200
2024-08-27,226.97364807128906,227.78985670532606,223.84819475275475,224.95305327681544,35934600
2024-08-28,225.4407958984375,228.79517959293358,224.63453544627717,226.86416416696267,38052200
2024-08-29,228.72549438476562,231.84099956412553,227.819721489883,229.03407107214645,51906300
2024-08-30,227.93917846679688,229.3326870197365,226.42621547495946,229.12366833084764,52990800
2024-09-03,221.738037109375,227.9391727978887,220.1454429272487,227.4912604304481,50190600
2024-09-04,219.82693481445312,220.75261936807303,216.47253576183732,220.63318011937469,43840200
2024-09-05,221.34982299804688,224.43545304440553,220.49380636570692,220.60329739500978,36615400
2024-09-06,219.79705810546875,224.1965806221913,218.75191919539128,222.91254804497814,48423000
2024-09-09,219.8866424560547,220.24497537072617,215.7061019102892,219.79706302441255,67180000
2024-09-10,219.09034729003906,220.45399594379384,215.72600018375593,217.905857501112,51591000
2024-09-11,221.6285400390625,222.05654079085224,216.88063262193214,220.43410202901993,44587100
2024-09-12,221.738037109375,222.51442259643306,218.8017058249269,221.46928361366915,37455600
2024-09-13,221.4692840576172,223.00214343080088,220.8820208371711,222.54428285449177,36766600
2024-09-16,215.3179168701172,216.21374159471785,212.92902562434276,215.5368837592455,59357400
2024-09-17,215.7857208251953,215.8952118613641,213.50633585708556,214.75054527350213,45519300
2024-09-18,219.66766357421875,221.67831024616868,216.5322467283196,216.54221012404864,59894900
2024-09-19,227.80975341796875,228.75536468744528,223.58940496515828,223.94773787040657,66781300
2024-09-20,227.1428680419922,232.01021467188832,226.56555305015522,228.90467282845125,318679900
2024-09-23,225.42088317871094,228.38707413181643,224.7639369712135,226.2868480598011,54146000
2024-09-24,226.3167266845703,228.2875654709032,224.68432442569429,227.59079599939528,43556100
2024-09-25,225.3213348388672,226.23707111110926,222.9822303399746,223.88800321688734,42308700
2024-09-26,226.46603393554688,227.4414899021518,224.36580775387156,226.24705185494724,36636700
2024-09-27,226.73477172851562,228.4567685573237,226.24705134037433,227.40168136489095,34026000
2024-09-30,231.92063903808594,231.92063903808594,228.58615167195362,228.97434440874213,54541900
2024-10-01,225.162109375,228.58616112900037,222.70355021092283,228.45677367012016,63285000
2024-10-02,225.7294464111328,226.31670960653594,221.98686997976517,224.84356992020335,32880600
2024-10-03,224.6245880126953,225.75930638603796,222.28548343692833,224.09704443839323,34044200
2024-10-04,225.74935913085938,226.9437971307691,223.09172964492672,226.8442543024003,37245100
2024-10-07,220.6630401611328,224.64451046166124,220.3047072265611,223.4600206171574,39505400
2024-10-08,224.72412109375,224.9331397600325,222.21579078164237,223.2609296773624,31855700
2024-10-09,228.47666931152344,228.68570318762718,223.78849648056692,224.1866374402548,33591100
2024-10-10,227.97898864746094,228.43686442668115,226.11765609380726,226.72483093793394,28183500
2024-10-11,226.49588012695312,228.34726430462075,226.28684626691359,228.23777327090536,31759200
2024-10-14,230.228515625,230.65651637799863,227.54102629778745,227.64055393917852,39882100
2024-10-15,232.76669311523438,236.38983016358188,231.29353829774286,232.527799450427,64751400
2024-10-16,230.70628356933594,231.0447048824563,228.7752681420796,230.52712470524975,34082200
2024-10-17,231.07456970214844,232.76670668063704,229.4521309302649,232.348638945834,32993800
2024-10-18,233.91136169433594,235.0858880500012,232.92594240501305,235.0858880500012,46431500
2024-10-21,235.38450622558594,235.75280253487685,233.36391138062547,233.36391138062547,36254500
2024-10-22,234.76739501953125,235.12572795126604,231.52250221800776,232.80651969699693,38846600
2024-10-23,229.6909942626953,234.05070868615385,226.70489182210235,232.99562158724072,52287000
2024-10-24,229.5019073486328,229.75074924052936,227.35190975750177,228.9146289407981,31109500
2024-10-25,230.33799743652344,232.1396101862481,228.50652487676712,228.6757355296476,38802300
2024-10-28,232.31878662109375,233.6426273223557,231.4727332926884,232.23917058038825,36087100
2024-10-29,232.58753967285156,233.24448591818899,231.24380255804743,232.02018805231754,35417200
2024-10-30,229.03407287597656,232.38845656475567,228.48661770128336,231.5324398883544,47070900
2024-10-31,224.8634796142578,228.76531846185907,224.32597264925337,228.27758291037028,64370100
2024-11-01,221.8773651123047,224.30606415529357,219.2495956140762,219.94634980146594,65276700
2024-11-04,220.98153686523438,221.75792231303782,218.69220372782075,219.96627293386246,44944500
2024-11-05,222.4148712158203,222.91255498009295,220.11557465497725,220.7725208689619,28111300
2024-11-06,221.68824768066406,225.02273483375984,220.16533664224426,221.57875664968802,54561100
2024-11-07,226.42620849609375,226.82436463330757,223.52970043689453,223.5894200604507,42137700
2024-11-08,226.15716552734375,227.8511489598711,225.60910803907555,226.366414165256,38328800
2024-11-11,223.4368133544922,224.90161465065876,220.7164746065314,224.20409384410638,42005600
2024-11-12,223.4368133544922,224.79200315214243,222.5698957238352,223.75568869738083,40398300
2024-11-13,224.3236541748047,225.84824072641777,221.97200184604,223.2175800878685,48566200
2024-11-14,227.41270446777344,228.06039910056816,224.20409355692922,224.22402706703753,44923900
2024-11-15,224.2041015625,226.11730807125568,223.47668806811174,225.59914322363005,47923700
2024-11-18,227.21340942382812,228.92732633570628,224.3734848929754,224.45320372664565,44633700
2024-11-19,227.4724884033203,229.34584301691135,225.8582238051146,226.17708394083317,36211800
2024-11-20,228.18994140625,229.11664435033194,225.0909420304879,227.25326410482543,35169600
2024-11-21,227.71165466308594,229.3458528412815,224.91159698015457,228.07038183414417,42108300
2024-11-22,229.05686950683594,229.90386885981255,227.2532745036032,227.2532745036032,38168300
2024-11-25,232.04624938964844,232.42491005721112,228.92733167542056,230.64124862727573,90152800
2024-11-26,234.228515625,234.73672132395913,232.50463944229026,232.50463944229026,45986200
2024-11-27,234.0989532470703,234.85627456038557,232.98291999142185,233.6405889619916,33498400
2024-11-29,236.490478515625,236.96877632211965,233.14236346053607,233.97938842310504,28481400
2024-12-02,238.74246215820312,239.93821419453454,236.32106542499292,236.43067691527065,48137100
2024-12-03,241.79165649414062,241.90126799408412,238.05492154808562,238.96170621081686,38861000
2024-12-04,242.150390625,243.2465056559754,240.3966217802532,242.01088645785893,44383900
2024-12-05,242.18026733398438,243.6749612569442,241.27349790971317,243.12691898237586,40033900
2024-12-06,241.98097229003906,243.7646488451358,241.2236661935451,242.0507319698173,36870600
2024-12-09,245.8771514892578,246.36542364679892,240.89483838917155,240.97455722335047,44649200
2024-12-10,246.8935546875,247.33200068563022,244.47214254503118,246.0166626912396,36914800
2024-12-11,245.6180877685547,249.91283942191654,245.38889040813984,247.08288910248365,45205800
2024-12-12,247.08287048339844,247.8601100871407,244.81092178998352,246.0166482138882,32777500
2024-12-13,247.2522735595703,248.40815863747187,245.36895982515324,246.9433725816478,33155300
2024-12-16,250.1519775390625,250.490786396497,246.7739697560149,247.1127786134494,51694800
2024-12-17,252.58334350585938,252.93211150871377,248.89643481128522,249.1953766416157,51356400
2024-12-18,247.1725616455078,253.38051965426092,246.86366065893745,251.26802371656945,56774100
2024-12-19,248.90640258789062,251.1085917693189,246.21595643132494,246.6245097734382,60882300
2024-12-20,253.58978271484375,254.09797318748596,244.82090844231297,247.1625865233097,147495300
2024-12-23,254.3670196533203,254.7456651132031,252.55345036958022,253.8687883386418,40858800
2024-12-24,257.28668212890625,257.2966260773909,254.386956808638,254.58626151312842,23234700
2024-12-26,258.1037292480469,259.1799258751944,256.7186620602343,257.27667867815336,27237100
2024-12-27,254.6858673095703,257.78488174803636,252.16481819720389,256.91793375888693,42355300
2024-12-30,251.30787658691406,252.60328106925755,249.86300878941353,251.33776924994547,35557500
2024-12-31,249.5341796875,252.38406352835983,248.54767617168994,251.5470385357527,39480700
2025-01-02,242.98741149902344,248.21884015778812,240.96459363401945,248.04942813526918,55740700
2025-01-03,242.49916076660156,243.31625226562878,241.03435939639962,242.49916076660156,40244100
2025-01-06,244.1333465576172,246.45510633108967,242.33971076643533,243.4457849039297,45045600
2025-01-07,241.3532257080078,244.681407317594,240.496267218822,242.12049100282684,40856000
2025-01-08,241.84149169921875,242.8479287466886,239.2008716539854,241.0642520177986,37628900
2025-01-10,236.01219177246094,239.3104808095479,232.17580437363205,239.16100228470233,61710900
2025-01-13,233.5708465576172,233.8398957390806,228.90740850459227,232.7039288898965,49630700
2025-01-14,232.45480346679688,235.28475371553364,231.6476711610837,233.91960476413306,39435300
2025-01-15,237.028564453125,238.11472029161553,233.60073052224158,233.80999436776753,39832000
2025-01-16,227.4525604248047,237.1680713225123,227.22337827123218,236.51041752509497,71759100
2025-01-17,229.1664581298828,231.46828423922307,227.6717642713697,231.29888742650238,68488300
2025-01-21,221.85243225097656,223.62613445935494,218.6039696546368,223.20762199269615,98070400
2025-01-22,223.03823852539062,223.3272060060417,219.01252087308487,219.01252087308487,64126500
2025-01-23,222.86883544921875,226.22690964639077,221.51364566438272,223.94501691407203,60234800
2025-01-24,221.991943359375,224.831867935065,220.6267944226493,223.9848686181573,54697900
2025-01-27,229.04690551757812,231.32879829775732,223.18770026542342,223.2275672861503,94863400
2025-01-28,237.4171905517578,239.3403714135585,229.99354669273774,230.03341371427896,75707600
2025-01-29,238.5133056640625,239.01153699982427,233.1822242894862,233.2918357915463,45486100
2025-01-30,236.7495574951172,239.93823493591583,236.37091202718113,237.82573898228924,55658300
2025-01-31,235.16519165039062,246.31561143302469,232.61424963135997,246.31561143302469,100959800
2025-02-03,227.2034454345703,231.00994009075862,224.90161912474946,229.1764524471141,73063300
2025-02-04,231.97650146484375,232.3053359547129,225.84824721606736,226.44613087124998,45067300
2025-02-05,231.64767456054688,231.84696405052938,227.46253445166022,227.72160926815613,39620300
2025-02-06,232.39501953125,232.9729696905443,229.61488023403817,230.47183871784506,29925300
2025-02-07,226.82479858398438,233.17226081850333,226.45609706307513,231.77721918612997,39707200
2025-02-10,227.0941162109375,230.02693972945139,226.64521806905947,229.0094413336025,33115600
2025-02-11,232.052001953125,234.6556296697615,227.57297502290857,227.64279618723114,53718400
2025-02-12,236.29161071777344,236.38140252594314,230.11672290007743,230.63545743654387,45243300
2025-02-13,240.94024658203125,241.74826634141837,234.99480784534867,236.33153226758247,53614100
2025-02-14,244.00274658203125,244.9504238462646,240.40156080072015,240.66092045804314,40896200
2025-02-18,243.87306213378906,244.58131995427482,241.2494791133952,243.55383619329416,48822500
2025-02-19,244.27207946777344,245.40929524371262,242.56626341463,244.06260076305156,32204200
2025-02-20,245.229736328125,246.1774135823035,243.69348816231408,244.34191013103748,32316900
2025-02-21,244.95042419433594,248.08275639920348,244.6212281548445,245.34944139409683,53197400
2025-02-24,246.49664306640625,248.25234005966587,243.82317911276243,244.3319283268952,51326400
2025-02-25,246.43678283691406,249.38956194785018,244.3119941197594,247.3944454522674,48013300
2025-02-26,239.77308654785156,244.3818005030484,238.5460942392985,243.7333937698084,44433600
2025-02-27,236.72056579589844,241.86796980219768,236.48114634623442,238.82541422357912,41153600
2025-02-28,241.24948120117188,241.49887076126774,229.63790389196947,236.37142201455794,56833400
2025-03-03,237.4487762451172,243.43412542285543,235.53346633482454,241.19958958341564,47184000
2025-03-04,235.35391235351562,239.4838181516717,234.10696453181083,237.1295800554318,53798100
2025-03-05,235.1643829345703,235.97240266650644,228.67026910680244,234.84515699420854,47227600
2025-03-06,234.75538635253906,237.27920752401755,232.59068676229822,233.86756011302523,45170400
2025-03-07,238.4862518310547,240.78062356819368,234.1867631010968,234.53591456798168,46273600
2025-03-10,226.92454528808594,235.583358769024,223.6725108894593,234.96486230654432,72071200
2025-03-11,220.30076599121094,225.2885573705892,216.91904404485373,223.26351528828414,76137400
2025-03-12,216.45018005371094,221.20853706339403,214.38524243690583,219.60246770742089,62547500
2025-03-13,209.1680145263672,216.31053552178076,207.9110965632093,215.4227092543014,61368300
2025-03-14,212.96871948242188,213.42758776028128,209.06826301296118,210.7341834889886,60107600
2025-03-17,213.4774627685547,214.69448503570536,209.4573042902151,212.78914514941675,48073400
2025-03-18,212.170654296875,214.62463892519543,210.97358751075308,213.63706605687162,42432400
2025-03-19,214.7144317626953,218.22582565599035,213.22806456968678,213.6969181399133,54385400
2025-03-20,213.5772247314453,216.9589465476154,211.70181037410745,213.46749271646212,48862900
2025-03-21,217.73703002929688,218.30563028145062,210.764092813104,211.04340788811464,94127800
2025-03-24,220.19102478027344,220.93919345594836,218.04628066528426,220.460369765545,44299500
2025-03-25,223.2036590576172,223.55281053469957,219.54262209652958,220.23093972638688,34493600
2025-03-26,220.9890594482422,224.47054292972726,219.93165022699972,222.96422035625233,34466100
2025-03-27,223.30340576171875,224.4406214835582,220.0214308095873,220.84940592957574,37094800
2025-03-28,217.36793518066406,223.26350805320467,217.1484711493609,221.12873402087155,39818600
2025-03-31,221.58761596679688,225.06908447075043,215.7020132379398,216.48010744476517,65299300
2025-04-01,222.64501953125,223.13381331282267,218.36548628233527,219.27326790744206,36412700
2025-04-02,223.3433074951172,224.6401362151353,220.4803202973195,220.77959080525144,35905900
2025-04-03,202.69386291503906,206.9833664271943,200.75859747782033,205.03811566571247,103419000
2025-04-04,187.92002868652344,199.39194860307396,186.88255957870848,193.4165691841804,125910900
2025-04-07,181.0169219970703,193.6759230716255,174.19361217758157,176.76731422169505,160466300
2025-04-08,171.99899291992188,189.87523506652792,168.79683943762106,186.244123618335,120859500
2025-04-09,198.3644561767578,200.1201531468693,171.47028013366514,171.53013119082922,184395900
2025-04-10,189.95504760742188,194.30440235729913,182.55316692796467,188.6083530498886,121880000
2025-04-11,197.66615295410156,199.05275825525484,185.60567786476867,185.64558871717136,87435900
2025-04-14,202.02549743652344,212.42005238891582,200.66881763194172,210.9237150406947,101352900
2025-04-15,201.64642333984375,203.01307326666696,199.31214069618733,201.36710824854455,51343900
2025-04-16,193.79563903808594,200.2099310657198,191.9002692932641,197.8756484915953,59732400
2025-04-17,196.4990234375,198.34451232255947,193.9452767059697,196.71848747425943,52164700
2025-04-21,192.68833923339844,193.32677585155812,189.3465132845993,192.79807124065385,46742500
2025-04-22,199.25228881835938,201.097762433896,195.49148998245192,195.64111763020085,52976400
2025-04-23,204.10043334960938,207.4921254657249,202.30482537338813,205.49700887470834,52929200
2025-04-24,207.8612060546875,208.32008954356945,202.44447210591895,204.38970763388747,47311000
2025-04-25,208.76898193359375,209.2378355121778,205.69650080604464,205.86608387594285,38222300
2025-04-28,209.62689208984375,210.98357193193158,206.95344326011445,209.48723454234343,38743100
2025-04-29,210.69427490234375,211.72175863443914,207.86119803545407,208.18042396697467,36827600
2025-04-30,211.9811248779297,213.0584895980106,206.16535854293033,208.78894157113288,52286500
2025-05-01,212.79913330078125,214.0360957896086,208.3899124386699,208.56948083895412,57365700
2025-05-02,204.8485870361328,206.48458191182934,201.66637387157866,205.58677037884885,101010600
2025-05-05,198.40435791015625,203.60164304236298,197.72602561272546,202.6040848015313,69018500
2025-05-06,198.0252685546875,200.16004244803628,196.53891661034845,197.72601327833053,51216500
2025-05-07,195.7707977294922,198.95301083885846,192.77812311451905,198.6836658614824,68536700
2025-05-08,197.00778198242188,199.56152863729463,194.20463054641704,197.2372161152265,50478900
2025-05-09,198.0452423095703,200.0503289543839,197.05765414160055,198.51409591462888,36453900
2025-05-12,210.55104064941406,211.03050749278242,206.5156271207593,210.7308445260501,63775800
2025-05-13,212.68861389160156,213.1580823159532,208.76307628033234,210.19144790738707,51909300
2025-05-14,212.08929443359375,213.69746987061376,210.34127831689767,212.18917192393894,49325800
2025-05-15,211.21029663085938,212.71859464512332,209.30245815432872,210.71086343228015,45029500
2025-05-16,211.0205078125,212.32903558469047,209.53220664773164,212.11926693678467,54737900
2025-05-19,208.54331970214844,209.24252311349682,204.02843943795537,207.67431083672193,46140500
2025-05-20,206.62550354003906,208.2336790492342,204.79757620413463,207.4345828831543,42496600
2025-05-21,201.86090087890625,206.80528635778637,200.4824756537251,204.93741112479617,59211800
2025-05-22,201.13172912597656,202.52015274475195,199.4736073247078,200.48247209416806,46742400
2025-05-23,195.04864501953125,197.4758830409797,193.24069928507132,193.45045269257122,78432900
2025-05-27,199.98304748535156,200.51244545494848,197.20618488735448,198.07520901450675,56288500
2025-05-28,200.1927947998047,202.50017366149785,199.67338002302156,200.36260025266836,45339700
2025-05-29,199.72332763671875,203.57895243464628,198.28495762525483,203.3492174371598,51396800
2025-05-30,200.622314453125,201.73105672211125,196.55692105301176,199.14398126681596,70819900
2025-06-02,201.47134399414062,201.9008644592711,199.89313329888972,200.05295557621693,35423300
2025-06-03,203.03956604003906,203.5389992121068,200.7321872237246,201.1217444882778,46381600
2025-06-04,202.590087890625,206.00620910456834,201.8709028727957,202.67998220748078,43604000
2025-06-05,200.40257263183594,204.5178973620389,199.92310578136215,203.26931435006063,55126100
2025-06-06,203.68882751464844,205.4668084267123,201.82095228760733,202.76987228695742,46607700
2025-06-09,201.2216339111328,205.76647909477697,199.79326227022588,204.15830357568726,72862600
2025-06-10,202.44024658203125,204.11835001917973,200.34263633745982,200.3726011094186,54672600
2025-06-11,198.55465698242188,204.26817387189894,198.18508130061548,203.26930749599725,60989900
2025-06-12,198.97418212890625,199.45363372918547,197.13627162659284,198.85432303920933,43904600
2025-06-13,196.227294921875,200.1428492549886,195.47814514596445,199.50357538920457,51447300
2025-06-16,198.195068359375,198.46476655376847,196.33717625414866,197.07634287373045,43020700
2025-06-17,195.418212890625,198.16509536417735,194.98870767431248,196.97644196425614,38856200
2025-06-18,196.35714721679688,197.3460303816964,194.84886452825484,195.71787336797544,45394700
2025-06-20,200.7721405029297,201.47134391409438,196.6368343380514,198.01527480684123,96813500
2025-06-23,201.27157592773438,202.07067208145295,198.73446202428119,201.40143343464243,55814300
2025-06-24,200.07293701171875,203.2093768046809,199.9730442780961,202.36033429336192,54064000
2025-06-25,201.33151245117188,203.43912119943792,200.39257558111612,201.2216365357081,39525700
2025-06-26,200.7721405029297,202.41028074115465,199.23389299836737,201.20164572639828,50799100
2025-06-27,200.85205078125,202.98962419564972,199.77327327657756,201.66113009938155,73188600
2025-06-30,204.93740844726562,207.15489297707504,199.0341046248948,201.78098710410558,91912800
2025-07-01,207.58441162109375,209.95171998702364,205.90630823197938,206.4357061767528,78788900
2025-07-02,212.1991729736328,213.09814660534315,207.9040445567577,208.6731759252599,67941800
2025-07-03,213.30792236328125,214.40666625629999,211.56988934364432,211.90950026104147,34955800
2025-07-07,209.7119903564453,215.9848699115094,208.56330013289198,212.43889126622693,50229000
2025-07-08,209.7719268798828,211.1903153368944,208.213697736729,209.86183643928914,42848900
2025-07-09,210.90065002441406,211.09043707809712,206.98509558510867,209.2924745188519,48749400
2025-07-10,212.16920471191406,213.23798377907798,209.7918979255535,210.27134950514616,44443600
2025-07-11,210.92062377929688,211.88952536572023,209.6220944658076,210.33129628612954,39765800
2025-07-14,208.3834991455078,210.67091168904602,207.3047216270235,209.69201166358403,38840100
2025-07-15,208.87295532226562,211.64980271899068,208.6831682659836,208.9828312368767,42296300
2025-07-16,209.92176818847656,212.1592191902425,208.40348697906978,210.06160887608695,47490500
2025-07-17,209.78192138671875,211.5599023237274,209.35240091776063,210.33130094399476,48068100
2025-07-18,210.9405975341797,211.54990664350106,209.46227954032304,210.63095139102305,48974600
2025-07-21,212.23912048339844,215.53538252867688,211.39009321998003,211.8595616297783,51377400
2025-07-22,214.15695190429688,214.7063314773177,211.9894136266437,212.89838571641525,46404100
2025-07-23,213.9072265625,214.90609293027538,212.1692088371252,214.75626907170553,46989300
2025-07-24,213.51766967773438,215.44548969662856,213.28793468034502,213.65751035981805,46022600
2025-07-25,213.63754272460938,214.9960015887686,213.15807589620647,214.45660521718813,40268800
2025-07-28,213.80735778808594,214.60645396318566,212.81847455673218,213.78737619229818,37858000
2025-07-29,211.03050231933594,214.5664825639156,210.58101550100253,213.93719187335407,51411700
2025-07-30,208.81301879882812,212.14922883427738,207.48452469073794,211.65977882345743,45512500
2025-07-31,207.33470153808594,209.60211724381097,206.92516266487007,208.25365677749065,80698400
2025-08-01,202.1505889892578,213.33788973606855,201.27158167093614,210.63095505795985,104434500
2025-08-04,203.11949157714844,207.64435521756303,201.4513712516652,204.27816503495924,75109300
2025-08-05,202.68995666503906,205.1072113881769,201.93082373064988,203.1694082424696,44155100
2025-08-06,213.0082550048828,215.1358452662651,205.35693489516686,205.39689808550258,108483100
2025-08-07,219.7805633544922,220.59964108330854,216.33447747046458,218.63187314031333,90224800
2025-08-08,229.0900115966797,230.73813503605493,219.00145500716468,220.57966572513484,113854000
2025-08-11,227.17999267578125,229.55999755859375,224.75999450683594,227.9199981689453,61806100
2025-08-12,229.64999389648438,230.8000030517578,227.07000732421875,228.00999450683594,55626200
2025-08-13,233.3300018310547,235.0,230.42999267578125,231.07000732421875,69878500
2025-08-14,232.77999877929688,235.1199951171875,230.85000610351562,234.05999755859375,51916300
2025-08-15,231.58999633789062,234.27999877929688,229.33999633789062,234.0,56038700
2025-08-18,230.88999938964844,233.1199951171875,230.11000061035156,231.6999969482422,37476200
2025-08-19,230.55999755859375,232.8699951171875,229.35000610351562,231.27999877929688,39402600
2025-08-20,226.00999450683594,230.47000122070312,225.77000427246094,229.97999572753906,42263900
2025-08-21,224.89999389648438,226.52000427246094,223.77999877929688,226.27000427246094,30621200
2025-08-22,227.75999450683594,229.08999633789062,225.41000366210938,226.1699981689453,42477800
2025-08-25,227.16000366210938,229.3000030517578,226.22999572753906,226.47999572753906,30983100
2025-08-26,229.30999755859375,229.49000549316406,224.69000244140625,226.8699951171875,54575100
2025-08-27,230.49000549316406,230.89999389648438,228.25999450683594,228.61000061035156,31259500
2025-08-28,232.55999755859375,233.41000366210938,229.33999633789062,230.82000732421875,38074700
2025-08-29,232.13999938964844,233.3800048828125,231.3699951171875,232.50999450683594,39418400
2025-09-02,229.72000122070312,230.85000610351562,226.97000122070312,229.25,44075600
2025-09-03,238.47000122070312,238.85000610351562,234.36000061035156,237.2100067138672,66427800
2025-09-04,239.77999877929688,239.89999389648438,236.74000549316406,238.4499969482422,47549400
2025-09-05,239.69000244140625,241.32000732421875,238.49000549316406,240.0,54870400
2025-09-08,237.8800048828125,240.14999389648438,236.33999633789062,239.3000030517578,48999500
2025-09-09,234.35000610351562,238.77999877929688,233.36000061035156,237.0,66313900
2025-09-10,226.7899932861328,232.4199981689453,225.9499969482422,232.19000244140625,83440800
2025-09-11,230.02999877929688,230.4499969482422,226.64999389648438,226.8800048828125,50208600
2025-09-12,234.07000732421875,234.50999450683594,229.02000427246094,229.22000122070312,55824200
2025-09-15,236.6999969482422,238.19000244140625,235.02999877929688,237.0,42699500
2025-09-16,238.14999389648438,241.22000122070312,236.32000732421875,237.17999267578125,63421100
2025-09-17,238.99000549316406,240.10000610351562,237.72999572753906,238.97000122070312,46508000
2025-09-18,237.8800048828125,241.1999969482422,236.64999389648438,239.97000122070312,44249600
2025-09-19,245.5,246.3000030517578,240.2100067138672,241.22999572753906,163741300
2025-09-22,256.0799865722656,256.6400146484375,248.1199951171875,248.3000030517578,105517400
2025-09-23,254.42999267578125,257.3399963378906,253.5800018310547,255.8800048828125,60275200
2025-09-24,252.30999755859375,255.74000549316406,251.0399932861328,255.22000122070312,42303700
2025-09-25,256.8699951171875,257.1700134277344,251.7100067138672,253.2100067138672,55202100
2025-09-26,255.4600067138672,257.6000061035156,253.77999877929688,254.10000610351562,46076300
2025-09-29,254.42999267578125,255.0,253.00999450683594,254.55999755859375,40127700
2025-09-30,254.6300048828125,255.9199981689453,253.11000061035156,254.86000061035156,37704300
2025-10-01,255.4499969482422,258.7900085449219,254.92999267578125,255.0399932861328,48713900
2025-10-02,257.1300048828125,258.17999267578125,254.14999389648438,256.5799865722656,42630200
2025-10-03,258.0199890136719,259.239990234375,253.9499969482422,254.6699981689453,49155600
2025-10-06,256.69000244140625,259.07000732421875,255.0500030517578,257.989990234375,44664100
2025-10-07,256.4800109863281,257.3999938964844,255.42999267578125,256.80999755859375,31955800
2025-10-08,258.05999755859375,258.5199890136719,256.1099853515625,256.5199890136719,36496900
2025-10-09,254.0399932861328,258.0,253.13999938964844,257.80999755859375,38322000
2025-10-10,245.27000427246094,256.3800048828125,244.0,254.94000244140625,61999100
2025-10-13,247.66000366210938,249.69000244140625,245.55999755859375,249.3800048828125,38142900
2025-10-14,247.77000427246094,248.85000610351562,244.6999969482422,246.60000610351562,35478000
2025-10-15,249.33999633789062,251.82000732421875,247.47000122070312,249.49000549316406,33893600
2025-10-16,247.4499969482422,249.0399932861328,245.1300048828125,248.25,39777000
2025-10-17,252.2899932861328,253.3800048828125,247.27000427246094,248.02000427246094,49147000
2025-10-20,262.239990234375,264.3800048828125,255.6300048828125,255.88999938964844,90483000
2025-10-21,262.7699890136719,265.2900085449219,261.8299865722656,261.8800048828125,46695900
2025-10-22,258.45001220703125,262.8500061035156,255.42999267578125,262.6499938964844,45015300
2025-10-23,259.5799865722656,260.6199951171875,258.010009765625,259.94000244140625,32754900
2025-10-24,262.82000732421875,264.1300048828125,259.17999267578125,261.19000244140625,38253700
2025-10-27,268.80999755859375,269.1199951171875,264.6499938964844,264.8800048828125,44888200
2025-10-28,269.0,269.8900146484375,268.1499938964844,268.989990234375,41534800
2025-10-29,269.70001220703125,271.4100036621094,267.1099853515625,269.2799987792969,51086700
2025-10-30,271.3999938964844,274.1400146484375,268.4800109863281,271.989990234375,69886500
2025-10-31,270.3699951171875,277.32000732421875,269.1600036621094,276.989990234375,86167100
2025-11-03,269.04998779296875,270.8500061035156,266.25,270.4200134277344,50194600
2025-11-04,270.0400085449219,271.489990234375,267.6199951171875,268.3299865722656,49274800
2025-11-06,272.9721984863281,273.05999755859375,267.8900146484375,267.8900146484375,12996082
