Date,Close,High,Low,Open,Volume
1995-01-03,2.30216908454895,2.352371999604127,2.2997786085101173,2.352371999604127,39545600
1995-01-04,2.318903684616089,2.3236846369009574,2.27587219581246,2.3045596604655585,51611200
1995-01-05,2.280653476715088,2.3332468642072874,2.2710909895666975,2.3284659124570406,39824000
1995-01-06,2.318903684616089,2.3428096133363563,2.2854346840301596,2.2902162199629905,46681600
1995-01-09,2.304560899734497,2.3332483798141794,2.285435913014709,2.3284674249583706,46000000
1995-01-10,2.333247661590576,2.3523726424232856,2.3141226807578663,2.3189042177900925,42184000
1995-01-11,2.3475911617279053,2.361934602306594,2.323684649232803,2.3380286734594575,31512000
1995-01-12,2.342811107635498,2.376280129568744,2.3332486133186188,2.342811107635498,26996800
1995-01-13,2.4001855850219727,2.409748077392578,2.3667171535489615,2.3714981079101562,41307200
1995-01-16,2.4527788162231445,2.4671222584599417,2.4097473222166874,2.419309811590563,74648000
1995-01-17,2.4719038009643555,2.491028779758478,2.462341311567294,2.4766847538388688,73932800
1995-01-18,2.4886374473571777,2.4958096058646992,2.457559650219263,2.481466164321663,50504000
1995-01-19,2.4288716316223145,2.4862465520543378,2.426481155849615,2.4671215785769967,67108800
1995-01-20,2.3571531772613525,2.4288715330673702,2.3428091559114397,2.404965609014647,82388800
1995-01-23,2.402575731277466,2.409747745479618,2.3141228349447123,2.3332478170516935,53843200
1995-01-24,2.3720948696136475,2.4145284082941885,2.3714969223153117,2.409746872675236,36739200
1995-01-25,2.3619346618652344,2.381059638884386,2.3332471963365067,2.357153709434437,52459200
1995-01-26,2.2902164459228516,2.3332473553240805,2.2854349095182593,2.3284664025675084,80836800
1995-01-27,2.2902164459228516,2.304559887840588,2.2854349095182593,2.299778935084016,58376000
1995-01-30,2.2567481994628906,2.2997797069547232,2.251967245101696,2.2997797069547232,55164800
1995-01-31,2.2710916996002197,2.2854351429831876,2.2280602021551577,2.261529209462215,59945600
1995-02-01,2.2615294456481934,2.3236853462125238,2.2561499607356716,2.2710919367848703,66705600
1995-02-02,2.2567481994628906,2.271092229842907,2.232842260360485,2.247185707092285,46312000
1995-02-03,2.299778461456299,2.3141219004200764,2.266309464460984,2.2758719516528028,60332800
1995-02-06,2.3284659385681152,2.338028425823738,2.299778476801247,2.299778476801247,48345600
1995-02-07,2.333247661590576,2.338029198622802,2.3189042177900925,2.3236851711742212,33152000
1995-02-08,2.366716146469116,2.3714970987959307,2.333247145589545,2.3428096338911413,49150400
1995-02-09,2.366716146469116,2.390622075399124,2.3619346104943344,2.376278634770713,42398400
1995-02-10,2.371497392654419,2.395403908194713,2.3523724136813993,2.371497392654419,49862400
1995-02-13,2.371497392654419,2.400184861113948,2.3571539502486742,2.371497392654419,38160000
1995-02-14,2.366716146469116,2.3810595870975275,2.3523721221927376,2.376278634770713,31121600
1995-02-15,2.3236849308013916,2.3475914461933254,2.280654020203162,2.2997789990574944,147001600
1995-02-16,2.3284659385681152,2.338028425823738,2.3045594286051063,2.3284659385681152,56744000
1995-02-17,2.309342861175537,2.3284678513979085,2.3045613217957523,2.3236863120181237,37824000
1995-02-21,2.285435438156128,2.323685403648281,2.27587294678309,2.3141229122752422,55392000
1995-02-22,2.3523716926574707,2.371496665768507,2.280653335315015,2.2854342867688433,60902400
1995-02-23,2.3571531772613525,2.3762781499626704,2.333246669560781,2.3428091559114397,59939200
1995-02-24,2.342811107635498,2.3667176352518644,2.342811107635498,2.3475926466181054,34177600
1995-02-27,2.3619346618652344,2.37149715037481,2.338028732415285,2.3475912209248606,28592000
1995-02-28,2.4097464084625244,2.4193088942103915,2.3619339797231884,2.3667155144210277,52544000
1995-03-01,2.4193100929260254,2.4479975643836465,2.4001851119542783,2.414529139507139,52032000
1995-03-02,2.4384353160858154,2.4384353160858154,2.4145293793208182,2.419310333214554,26038400
1995-03-03,2.4336540699005127,2.44321656018765,2.414529089326238,2.4336540699005127,31776000
1995-03-06,2.4599499702453613,2.4623411761111185,2.4049662428850107,2.4193096843675366,45156800
1995-03-07,2.499394655227661,2.525094421736173,2.4575590679761254,2.462340603122969,91750400
1995-03-08,2.6201224327087402,2.624903969847957,2.514935035775178,2.514935035775178,140096000
1995-03-09,2.5962162017822266,2.629684623346248,2.557966243624463,2.6201221338068073,58238400
1995-03-10,2.622511386871338,2.629683542903157,2.543621172408145,2.5962151350901097,44324800
1995-03-13,2.639246940612793,2.6655440769537706,2.6105594738670015,2.6249034990638997,34550400
1995-03-14,2.744434118270874,2.7539966064878456,2.6488092361011573,2.653590772033624,78643200
1995-03-15,2.696622371673584,2.7492163622359547,2.6918414181577934,2.7444348250720516,57294400
1995-03-16,2.6822783946990967,2.696621836045553,2.66315341713849,2.6774968584849463,47510400
1995-03-17,2.6751065254211426,2.744434277184559,2.672715903228473,2.6966218333311693,59868800
1995-03-20,2.7205283641815186,2.734871805603692,2.677496872618999,2.68227840885839,37772800
1995-03-21,2.6942317485809326,2.734872037737269,2.691841126170323,2.725309548094831,74772800
1995-03-22,2.713355302810669,2.715745632141852,2.672714743174743,2.696620662901416,52464000
1995-03-23,2.782684803009033,2.801809784473013,2.7253098586170945,2.7300913958071473,105286400
1995-03-24,2.825716733932495,2.8352792261223714,2.797029257362867,2.8018102116337023,65683200
1995-03-27,2.792245864868164,2.8257148571271364,2.777902427934188,2.7826833790295744,61008000
1995-03-28,2.8161544799804688,2.8304979276545907,2.7874670009839693,2.7874670009839693,47603200
1995-03-29,2.763559103012085,2.830496520732101,2.7563869450038156,2.816153080187508,65763200
1995-03-30,2.7587783336639404,2.7826842640395917,2.6918409115049124,2.7731217751597304,75011200
1995-03-31,2.7205283641815186,2.7587783195046467,2.6966218502805632,2.7444342944344737,63080000
1995-04-03,2.677496910095215,2.7300908912246604,2.6583719321659633,2.715746865953718,65617600
1995-04-04,2.672715425491333,2.734871299566629,2.6679338901366765,2.68705886425952,66689600
1995-04-05,2.7014036178588867,2.7014036178588863,2.6296846536622547,2.672716148909844,65792000
1995-04-06,2.677496910095215,2.710965913295409,2.655981601748811,2.7014034243307834,35414400
1995-04-07,2.663153648376465,2.7061845598001466,2.6583721117471404,2.687059580578944,43148800
1995-04-10,2.713355302810669,2.7253081167620694,2.6535897739343075,2.658370724420545,43169600
1995-04-11,2.7587783336639404,2.75937569739493,2.7205283781444956,2.739653355904218,43624000
1995-04-12,2.7396538257598877,2.801809722314834,2.706184817116376,2.758778806799579,40430400
1995-04-13,2.773123025894165,2.773123025894165,2.7205296051582364,2.7444355463159495,32814400
1995-04-17,2.9595906734466553,2.988278140796794,2.8878717132472995,2.8878717132472995,187913600
1995-04-18,2.9356849193573,2.9643723941392928,2.9069974445753064,2.959591440166378,75609600
1995-04-19,2.9117774963378906,2.9452459080141153,2.8878709877281263,2.9309024697665538,59163200
1995-04-20,2.8783092498779297,2.940465721516581,2.8304968038666685,2.9261216958891914,83913600
1995-04-21,2.868746280670166,2.9022152791019473,2.863965328693012,2.8926527914997133,53555200
1995-04-24,2.973933219909668,2.974531167123442,2.8735274062382463,2.883089892475898,68089600
1995-04-25,3.059997081756592,3.064778619020899,2.9691537102160055,2.9691537102160055,69371200
1995-04-26,3.04565167427063,3.0695575942399014,3.0265267048361135,3.0504326248053846,44305600
1995-04-27,3.007403612136841,3.079122000447429,2.9213411959752666,3.045653574875318,128844800
1995-04-28,3.1269328594207764,3.1412768799576236,3.0074020786368565,3.0169645644454826,92104000
1995-05-01,3.14127779006958,3.2034336740099603,3.126933765376887,3.131715301490446,65550400
1995-05-02,3.0432608127593994,3.14605782689052,3.040870483134302,3.141276875816417,78099200
1995-05-03,3.0934641361236572,3.098245086717553,3.069557632210909,3.069557632210909,61566400
1995-05-04,3.117371082305908,3.1843084981836425,3.098246106340841,3.117371082305908,66524800
1995-05-05,3.059997081756592,3.122153564303835,3.0552161281404095,3.1125910734233457,43707200
1995-05-08,3.0552163124084473,3.074341295322903,3.026528838036763,3.0552163124084473,43988800
1995-05-09,3.0528242588043213,3.0743404422609766,3.026527998241739,3.059996417231206,36748800
1995-05-10,3.031309127807617,3.074340621761394,3.0169656855883793,3.0647781323992254,38688000
1995-05-11,3.1125905513763428,3.1173715041906584,3.021746611424074,3.0265281478864168,38673600
1995-05-12,3.088683605194092,3.1460585328447563,3.0743401651053985,3.112590116872508,36192000
1995-05-15,3.110200881958008,3.1364980322845515,3.055217125101335,3.0839046071039378,35232000
1995-05-16,3.2464654445648193,3.2518443448547067,3.1173715457835094,3.1173715457835094,86708800
1995-05-17,3.2894954681396484,3.322964463854543,3.2560270560726314,3.2608080076616863,66515200
1995-05-18,3.2369019985198975,3.3181828426100455,3.236901998519898,3.2751519448324053,58326400
1995-05-19,3.2655906677246094,3.270371620960454,3.2129966802418495,3.2225591703616168,45190400
1995-05-22,3.337308645248413,3.3468711342032798,3.212996288835148,3.265590269910918,91382400
1995-05-23,3.3851218223571777,3.3851218223571773,3.29069222349905,3.346871858262746,55516800
1995-05-24,3.346872091293335,3.4233720248086112,3.327747107914516,3.4090285790985844,68684800
1995-05-25,3.4138081073760986,3.4185896430479294,3.3325272537863473,3.3612147168735413,43440000
1995-05-26,3.346872091293335,3.4138095331192018,3.327747107914516,3.4114192020209364,52934400
1995-05-30,3.1747450828552246,3.3803388062495574,3.1604016468951293,3.365994786641684,99612800
1995-05-31,3.2392935752868652,3.241683905812267,3.0982465648471225,3.1843089694262092,119756800
1995-06-01,3.217777729034424,3.275152661050063,3.208215240365151,3.251246147552885,61153600
1995-06-02,3.1795270442962646,3.2177769901906688,3.1604020713490626,3.2034329686563394,55556800
1995-06-05,3.2416844367980957,3.265590956032176,3.1269345452300215,3.160403555428108,55852800
1995-06-06,3.1795270442962646,3.2900932941472765,3.1795270442962646,3.246464449611472,49036800
1995-06-07,3.212996006011963,3.2416834703513557,3.1412776369874598,3.169965101326852,64590400
1995-06-08,3.217777729034424,3.2369027063729705,3.1986527516958776,3.217777729034424,29320000
1995-06-09,3.2464654445648193,3.2847154021817953,3.1604030399266243,3.2034339504217044,81214400
1995-06-12,3.2034332752227783,3.2416832247776775,3.184308300445329,3.2369022729072707,45832000
1995-06-13,3.2082159519195557,3.2416843778610227,3.1890909703392545,3.2177784427097063,37691200
1995-06-14,3.2058253288269043,3.217779028137513,3.165185027398916,3.1890915505477944,43096000
1995-06-15,3.2464654445648193,3.251246397442924,3.208215486947844,3.2129964398259485,43912000
1995-06-16,3.327744245529175,3.3468692124575035,3.2464634279076146,3.2512443778158606,92278400
1995-06-19,3.4353244304656982,3.438313000579842,3.322965750406343,3.3373091943747326,78982400
1995-06-20,3.4950897693634033,3.4950897693634033,3.4329333035202505,3.456839816120838,56670400
1995-06-21,3.461621046066284,3.5333400059717754,3.4424960679112218,3.514215027816713,57224000
1995-06-22,3.514214277267456,3.518995228961121,3.466401842091354,3.466401842091354,46296000
1995-06-23,3.4855284690856934,3.526169058258154,3.4520594567666425,3.471184439906624,46356800
1995-06-26,3.4329333305358887,3.485527308482291,3.423370842149995,3.480745772465358,41048000
1995-06-27,3.322967290878296,3.461623175993058,3.3181857515734556,3.42337319614783,66004800
1995-06-28,3.3612160682678223,3.404246988375452,3.2464661697832566,3.3181845645120274,107286400
1995-06-29,3.418590784072876,3.432934228579927,3.3659967923680623,3.3659967923680623,57643200
1995-06-30,3.4568393230438232,3.4807452485865467,3.4281518622038245,3.4281518622038245,53342400
1995-07-03,3.4783551692962646,3.485527035023012,3.4568395721160234,3.475964547387349,16763200
1995-07-05,3.468792676925659,3.5189954451203977,3.456839567397397,3.504652005510446,48547200
1995-07-06,3.547682046890259,3.55724453219185,3.4568387283490365,3.4664012136506277,47070400
1995-07-07,3.6576523780822754,3.6576523780822754,3.547683461442659,3.5524649978238676,66699200
1995-07-10,3.7819652557373047,3.8154336804080637,3.662433833574658,3.6719963240017455,111982400
1995-07-11,3.6911206245422363,3.7915270473447116,3.6911206245422363,3.786745511188408,78227200
1995-07-12,3.820213794708252,3.8249947463172083,3.7006824170618993,3.7006824170618993,94675200
1995-07-13,3.829777240753174,3.882370639863269,3.753277326667198,3.829777240753174,84811200
1995-07-14,3.9636528491973877,3.9636528491973873,3.748496507817469,3.7580589989088398,89905600
1995-07-17,4.169246673583984,4.17880916595459,4.07362174987793,4.121434211730957,155830400
1995-07-18,3.896714687347412,4.097526962944937,3.8728081722379777,4.092745426463838,289624000
1995-07-19,3.6146225929260254,3.7771849846713756,3.385122745756119,3.7102475292468196,305092800
1995-07-20,3.6767759323120117,3.7245883593664737,3.595494514495531,3.6433069415499926,177848000
1995-07-21,3.518996477127075,3.6719963239586875,3.5094339867000994,3.5954964005428813,169257600
1995-07-24,3.5811526775360107,3.585933630552722,3.523777739447167,3.5429027188101148,94811200
1995-07-25,3.6863396167755127,3.734152059381888,3.63374563808451,3.65287061512706,109422400
1995-07-26,3.6719958782196045,3.753277328806291,3.6289649683457315,3.7341523502738974,77470400
1995-07-27,3.6911206245422363,3.7341521153570083,3.681558135877619,3.6911206245422363,52916800
1995-07-28,3.542903184890747,3.6719965207492744,3.5189966657180545,3.6719965207492744,158468800
1995-07-31,3.461621046066284,3.576370914996658,3.4424960679112218,3.5620274732043686,101435200
1995-08-01,3.4233710765838623,3.4765624218729623,3.361215189643078,3.4711835217875477,166144000
1995-08-02,3.4042458534240723,3.5429022263566226,3.365995900014813,3.480745760242591,129804800
1995-08-03,3.4855284690856934,3.495090960655684,3.3468720494967448,3.3659970326367263,113536000
1995-08-04,3.590714693069458,3.5907146930694576,3.49030827284846,3.4950898088818287,77705600
1995-08-07,3.5811526775360107,3.652871058323039,3.5094337131009303,3.6146210995971435,64273600
1995-08-08,3.57637095451355,3.628964936845113,3.5715900017459647,3.600277469295539,43913600
1995-08-09,3.6911206245422363,3.753277092686243,3.6719956472130018,3.738933067865322,144384000
1995-08-10,3.600277900695801,3.715027784643904,3.590715410366792,3.710246247655354,71883200
1995-08-11,3.6911206245422363,3.6959021606985396,3.5237773647354302,3.624183203889916,97195200
1995-08-14,3.7771830558776855,3.7963080333758,3.662433190888996,3.7054646820837522,88872000
1995-08-15,3.762840986251831,3.8010909551913756,3.7054660328425135,3.796309417249829,63267200
1995-08-16,3.7771830558776855,3.7819645920762115,3.7150271708328098,3.762839614578097,38118400
1995-08-17,3.791527271270752,3.85368315943767,3.772999656564828,3.781964782041378,74564800
1995-08-18,3.7150261402130127,3.8154319523996123,3.7102446053409763,3.8130416226994686,77502400
1995-08-21,3.6146225929260254,3.758059997407217,3.609841637934132,3.7293725165109786,110491200
1995-08-22,3.7986981868743896,3.8010893925983162,3.6098396265216204,3.638527091433125,94320000
1995-08-23,3.743715524673462,3.8441213885196857,3.729371496325068,3.8249964064872493,111188800
1995-08-24,3.6767759323120117,3.753275815599151,3.6528694269608852,3.753275815599151,95275200
1995-08-25,3.6098387241363525,3.700682048489841,3.6098387241363525,3.6863386114436363,73489600
1995-08-28,3.4448869228363037,3.6098404681857015,3.4377156385843515,3.6098404681857015,112622400
1995-08-29,3.514214277267456,3.514214277267456,3.327745488256712,3.447276868020913,163929600
1995-08-30,3.566807270050049,3.5859322420074213,3.4998698681992435,3.5524638329059317,79499200
1995-08-31,3.538121461868286,3.5954964044931774,3.499871500118359,3.5715904702235215,38764800
1995-09-01,3.4329333305358887,3.5189957260089333,3.4185898897810345,3.5094332376230395,80262400
1995-09-05,3.633746862411499,3.6385284001071816,3.452059519290924,3.475966040472983,92052800
1995-09-06,3.57637095451355,3.6911208247118457,3.557245976147167,3.643308378795889,100265600
1995-09-07,3.619400978088379,3.695900860492912,3.5668070171113695,3.6050569583136363,93932800
1995-09-08,3.652871608734131,3.6576531461193706,3.566809188633065,3.585934170877746,64417600
1995-09-11,3.7341527938842773,3.7437152842864805,3.633746352837099,3.6480903802644513,77408000
1995-09-12,3.6815571784973145,3.738932095564805,3.6576512548764457,3.738932095564805,71155200
1995-09-13,3.6767759323120117,3.7102443394262394,3.6385259906684424,3.6767759323120117,61208000
1995-09-14,3.6289658546447754,3.691121758231322,3.6241843170198735,3.6767783126529534,54230400
1995-09-15,3.573981761932373,3.6480910766971597,3.53812212425434,3.62418455430377,88316800
1995-09-18,3.518996477127075,3.5715904662994906,3.475965562029733,3.566808929261954,76827200
1995-09-19,3.5691983699798584,3.614620480004955,3.4998706234968613,3.5189955995815434,58011200
1995-09-20,3.5620265007019043,3.6194014195026236,3.5429015277683313,3.576369938578156,44652800
1995-09-21,3.466402053833008,3.559635724473601,3.461620518199377,3.490307981057383,83836800
1995-09-22,3.4329333305358887,3.471183284079464,3.4042458653782073,3.437714866552822,99899200
1995-09-25,3.451460599899292,3.4664025726889642,3.385121123934331,3.461621036339627,57878400
1995-09-26,3.3755578994750977,3.514214252325638,3.370776947815365,3.456839330521529,76548800
1995-09-27,3.389901638031006,3.394682589290595,3.189089428523675,3.365995130789548,140756800
1995-09-28,3.499871015548706,3.4998710155487056,3.399465171680743,3.404246124413495,105510400
1995-09-29,3.461621046066284,3.5476834477640646,3.444886398356597,3.504652538739182,95158400
1995-10-02,3.3755578994750977,3.475964304456232,3.370776947815365,3.461620282181262,67731200
1995-10-03,3.3994638919830322,3.413807328429847,3.337307444319374,3.3707764354416048,80736000
1995-10-04,3.2942757606506348,3.3707756263998783,3.2703692607801673,3.3707756263998783,73473600
1995-10-05,3.346872091293335,3.346872091293335,3.2512471743992397,3.289497141156878,101289600
1995-10-06,3.284714937210083,3.404245746018789,3.270370913310185,3.3468708177151014,76616000
1995-10-09,3.1795270442962646,3.279932860445147,3.1651830227619353,3.246464449611472,108614400
1995-10-10,3.2034332752227783,3.2177772981298216,3.0743399872989507,3.1078084013355314,157644800
1995-10-11,3.3134028911590576,3.3420903595515687,3.251246417817931,3.2847154227665465,107009600
1995-10-12,3.3516507148742676,3.370775681624912,3.313400781372979,3.327744214612129,78700800
1995-10-13,3.2990593910217285,3.3946843009064165,3.28949690003326,3.3851218099179476,68644800
1995-10-16,3.318183422088623,3.3420899345328405,3.270370980848153,3.279933469096247,61067200
1995-10-17,3.4855284690856934,3.499871914616596,3.318184574786773,3.3373095579267544,123140800
1995-10-18,3.6576523780822754,3.772402247455084,3.6289649107390733,3.758058221959474,294329600
1995-10-19,3.70068359375,3.7102460836563305,3.6241836744993536,3.6433086543120154,95840000
1995-10-20,3.652871608734131,3.705465601731074,3.628965672752349,3.6911215732234934,79984000
1995-10-23,3.6863396167755127,3.715027082339338,3.61462066104196,3.63374563808451,93473600
1995-10-24,3.729372024536133,3.7532785472867545,3.686341100692516,3.686341100692516,68681600
1995-10-25,3.6672136783599854,3.738932031644339,3.6672136783599854,3.734151080461035,60211200
1995-10-26,3.7484946250915527,3.7532761600597246,3.648088810886237,3.662432248495063,82841600
1995-10-27,3.8249945640563965,3.8303734626621004,3.724588748573842,3.7293696999549866,130683200
1995-10-30,3.930182933807373,3.9540894478564805,3.767620622676654,3.7963080893467813,125464000
1995-10-31,3.8249945640563965,3.9540884224172257,3.815432077646255,3.939744400978088,91958400
1995-11-01,3.762840986251831,3.8632468628940324,3.758059448310284,3.8297784318960346,72819200
1995-11-02,3.8249945640563965,3.839338585495534,3.7580571591854093,3.7724011806245468,63504000
1995-11-03,3.8058712482452393,3.8297777665029935,3.7771837765247978,3.8249962293922004,40635200
1995-11-06,3.7245900630950928,3.781965001805302,3.7054650835250236,3.710246036593512,87729600
1995-11-07,3.5572452545166016,3.7245890730987266,3.552464302718891,3.69112007592314,115921600
1995-11-08,3.643308401107788,3.652870890349541,3.571590023618655,3.5907150021021605,71280000
1995-11-09,3.786745309829712,3.78734325716345,3.6719954519560845,3.6911204282683556,99814400
1995-11-10,3.7054643630981445,3.786745218644057,3.6953039278529363,3.7676202427923196,60819200
1995-11-13,3.6839499473571777,3.719809586090907,3.6743874548479467,3.6959036466419413,59003200
1995-11-14,3.5954959392547607,3.671995852855926,3.590714986478699,3.6672149000798644,75657600
1995-11-15,3.5954959392547607,3.619402454079136,3.514215072877534,3.6098399648789905,108686400
1995-11-16,3.4377150535583496,3.5130190700456945,3.4281525646522737,3.4616209839995378,195126400
1995-11-17,3.342090129852295,3.466402484342618,3.3420901298522954,3.4424959705012492,143803200
1995-11-20,3.2894954681396484,3.4185893321144163,3.279932981313661,3.380339384810467,115296000
1995-11-21,3.365996837615967,3.39468431066383,3.2225594723766497,3.2847159558044203,130163200
1995-11-22,3.342090129852295,3.423370992887353,3.337308593624822,3.380340085080087,65428800
1995-11-24,3.365996837615967,3.375559328631921,3.3420909019001472,3.3516533929161016,15014400
1995-11-27,3.337308645248413,3.4233710458422117,3.333125056330659,3.3899026263241825,79100800
1995-11-28,3.499871015548706,3.4998710155487056,3.3086212332782847,3.327746211505327,86537600
1995-11-29,3.4329333305358887,3.538120702780721,3.413808353764101,3.514214773639973,91067200
1995-11-30,3.332526445388794,3.4329322500137702,3.322963960012711,3.4233697646376875,93512000
1995-12-01,3.2990593910217285,3.3612158742708416,3.2847159463630913,3.3325284013054355,96124800
1995-12-04,3.3612160682678223,3.4281535090504858,3.2608096152697446,3.2942786274851588,130436800
1995-12-05,3.2894954681396484,3.3707768979844794,3.2560270560726314,3.3612144111584925,104528000
1995-12-06,3.466402053833008,3.480745493438048,3.289495741051342,3.2942772766849724,145272000
1995-12-07,3.461621046066284,3.518995980531471,3.3988672114949856,3.4855275605841194,132876800
1995-12-08,3.6146225929260254,3.6194041315662115,3.527962202561159,3.542904182509576,147041600
1995-12-11,3.5620265007019043,3.624182370912089,3.5572449656445833,3.6146198844453026,61924800
1995-12-12,3.4950897693634033,3.562027187537893,3.4855272810527618,3.557245651558588,44739200
1995-12-13,3.5094339847564697,3.5237780122130378,3.4616215326480706,3.4855280505263186,39577600
1995-12-14,3.3946824073791504,3.5763696348163445,3.389901456375759,3.5285572065433986,92822400
1995-12-15,3.380340814590454,3.4329342225548367,3.337309313848574,3.409028287202333,115470400
1995-12-18,3.327744245529175,3.4042441132424894,3.265588394835943,3.3803381964059147,99460800
1995-12-19,3.4759645462036133,3.481343445496842,3.342089719349927,3.342089719349927,84340800
1995-12-20,3.332526445388794,3.495088696782204,3.3277449108768584,3.485526211406121,84980800
1995-12-21,3.442497491836548,3.442497491836548,3.3420916068154436,3.3564350545406345,60593600
1995-12-22,3.461621046066284,3.475965071506588,3.40902764796387,3.4472776042739945,36057600
1995-12-26,3.452057123184204,3.4903070636072977,3.4377136873494303,3.452057123184204,34707200
1995-12-27,3.3994638919830322,3.4664012905796957,3.3803389209554138,3.4568388050658867,40539200
1995-12-28,3.342090129852295,3.3851210376595615,3.337308593624822,3.3755585488526134,49777600
1995-12-29,3.356433868408203,3.3946838270225417,3.2990589304866953,3.337308889101034,52342400
1996-01-02,3.4329333305358887,3.4329333305358887,3.3420899826938837,3.3612149594656713,57779200
1996-01-03,3.322967290878296,3.4472797253752843,3.3181857515734556,3.409029745530057,62857600
1996-01-04,3.342090129852295,3.34687108243177,3.246465241782816,3.337308593624822,102353600
1996-01-05,3.303839921951294,3.3516523623294026,3.294277433875672,3.2990583860895057,62083200
1996-01-08,3.2990593910217285,3.3516533832823727,3.29427843735156,3.3086218820101974,11377600
1996-01-09,3.0671679973602295,3.2894955283070373,3.0552148886091137,3.2894955283070373,177424000
1996-01-10,3.1508421897888184,3.184310628292043,3.078525242397361,3.0791231901202334,181571200
1996-01-11,3.3134028911590576,3.322965380623228,3.1795280386606724,3.1938714810329087,116617600
1996-01-12,3.279932975769043,3.3229644582371813,3.208214616519314,3.3086204361985097,80544000
1996-01-15,3.15562105178833,3.284714932094556,3.1317151235230005,3.284714932094556,84572800
1996-01-16,3.303839921951294,3.3080229268364243,3.184308529182045,3.1986525531194543,122006400
1996-01-17,3.2464654445648193,3.346871291485363,3.2369029551605757,3.24168390803868,143078400
1996-01-18,3.3516507148742676,3.399463131750879,3.251244347609551,3.2703693143601957,121331200
1996-01-19,3.514214277267456,3.5668076641372233,3.428151893950472,3.452057819714578,227440000
1996-01-22,3.518996477127075,3.5476839484080025,3.475965562029733,3.5046530333106602,82643200
1996-01-23,3.4233710765838623,3.509433477950496,3.4138085875431257,3.4950900362133965,66473600
1996-01-24,3.490307569503784,3.5381200019627403,3.4233701640612457,3.4377141856228612,92217600
1996-01-25,3.418590784072876,3.504653202059559,3.404246755917699,3.49509071117215,59881600
1996-01-26,3.461621046066284,3.475965071506588,3.404246111601097,3.40902764796387,50881600
1996-01-29,3.4568393230438232,3.490307735533213,3.417991427999049,3.4711827616398807,39587200
1996-01-30,3.47357439994812,3.495090587330533,3.4664031156847885,3.47596560623337,45120000
1996-01-31,3.538121461868286,3.542902998911076,3.4472780945362573,3.4711840288059133,68774400
1996-02-01,3.600277900695801,3.605058854036259,3.5189964410751813,3.52855893140419,78587200
1996-02-02,3.5572452545166016,3.600276738935512,3.5237768409889183,3.5954952034898984,44686400
1996-02-05,3.7150261402130127,3.719807091437216,3.5476823417049026,3.5476823417049026,126480000
1996-02-06,3.6911206245422363,3.729370579200705,3.657652206040071,3.6911206245422363,98158400
1996-02-07,3.7054643630981445,3.715026851024013,3.6522724403625544,3.671995363533631,65555200
1996-02-08,3.7819652557373047,3.8058711899809756,3.6528713431475697,3.695902841893514,103924800
1996-02-09,3.829777240753174,3.834558193559534,3.7676207687343055,3.7771832579950524,122832000
1996-02-12,3.8058712482452393,3.868027728796916,3.7915278042090717,3.8154337388187196,87779200
1996-02-13,3.8106515407562256,3.834557467557941,3.7293701056049797,3.738932593055249,114513600
1996-02-14,3.7771830558776855,3.8297770358214986,3.762839614578097,3.8297770358214986,80212800
1996-02-15,3.767622709274292,3.7915292365633935,3.738935226716366,3.7676227092742915,52195200
1996-02-16,3.743715524673462,3.796308933438595,3.743715524673462,3.7771839514061587,62206400
1996-02-20,3.738933801651001,3.7676212732749215,3.7054653765804786,3.719808820568387,64182400
1996-02-21,3.820213794708252,3.829776281574045,3.7293698776592783,3.738932364525071,80046400
1996-02-22,3.9206199645996094,3.925401500282843,3.8249950874142526,3.8249950874142526,106500800
1996-02-23,3.9588682651519775,3.9636497988419475,3.8967124127161896,3.925399863912943,102640000
1996-02-26,3.848902463912964,3.949308315708644,3.8441209271546604,3.9397458258400997,63696000
1996-02-27,3.829777240753174,3.8560735025722015,3.8148352676352304,3.853683172081028,60958400
1996-02-28,3.829777240753174,3.9014956183847627,3.820214751492427,3.853683172081028,60051200
1996-02-29,3.7747931480407715,3.8297774645024463,3.7700113194830003,3.7867459684910183,61723200
1996-03-01,3.652871608734131,3.772403039587459,3.619403181630008,3.762840548465118,157652800
1996-03-04,3.6815571784973145,3.7245886581218515,3.6528697199635696,3.6719946923194,72564800
1996-03-05,3.75327730178833,3.7586562019618457,3.6624333625893866,3.6719958517867477,57369600
1996-03-06,3.7102456092834473,3.7819645662353447,3.7102456092834473,3.7580580527020486,44256000
1996-03-07,3.722198247909546,3.734151941832825,3.6959019889518125,3.7150269653923185,44291200
1996-03-08,3.6385278701782227,3.72937123668365,3.62418384282847,3.6528713138798827,108524800
1996-03-11,3.6911206245422363,3.6959021606985396,3.6385272287108363,3.6385272287108363,74592000
1996-03-12,3.6624341011047363,3.6959031118684056,3.624184136602337,3.681559083355936,76888000
1996-03-13,3.858466625213623,3.8632475803949045,3.738935158253484,3.757462198575403,156710400
1996-03-14,3.8106515407562256,3.8967139278086482,3.8106515407562256,3.8680264654578407,60640000
1996-03-15,3.915839195251465,3.944526659745439,3.810651825440226,3.824995265863233,121721600
1996-03-18,4.025808334350586,4.049714851437989,3.915839989963148,3.915839989963148,119472000
1996-03-19,4.08796501159668,4.095136295877999,4.006683549905802,4.068840030451544,92491200
1996-03-20,4.0019025802612305,4.078402504532431,3.9678356240861077,4.064058476907529,92944000
1996-03-21,3.8536834716796875,3.9923398685641587,3.8441209816755197,3.987558331738039,66313600
1996-03-22,3.8680272102355957,3.87998032184997,3.815433227308334,3.8680272102355957,48046400
1996-03-25,3.820213794708252,3.915838663366182,3.7795726418807516,3.8823696675119663,63379200
1996-03-26,3.930182933807373,3.934964470076396,3.7771831115666967,3.801089625615804,79899200
1996-03-27,3.9206199645996094,3.9779948909108227,3.868026573971629,3.949307427755216,52729600
1996-03-28,3.9110565185546875,3.9588689454318837,3.868025626189105,3.8967130823154226,54955200
1996-03-29,3.9445273876190186,3.9827773473358183,3.9062774279022188,3.9158399178314185,53508800
1996-04-01,3.930182933807373,3.9588704004774997,3.9062770034062693,3.945124322698064,31692800
1996-04-02,4.0019025802612305,4.016246024238028,3.92540265599003,3.930183609432928,54396800
1996-04-03,3.997119903564453,4.021026414907348,3.9540890002543545,3.982776463677066,46072000
1996-04-04,3.992340087890625,4.011465068949627,3.9588710792133206,4.001902578420126,28961600
1996-04-08,3.968433380126953,3.9732149169872883,3.8967149964065277,3.9206209297639774,73753600
1996-04-09,3.887151002883911,3.977994331613664,3.882369467872951,3.977994331613664,66942400
1996-04-10,3.887151002883911,3.9397443861173786,3.8728069814988793,3.882369467872951,51910400
1996-04-11,3.8680272102355957,3.9158396566930933,3.810652274486598,3.882370652348831,62465600
1996-04-12,3.8680272102355957,3.887152188818595,3.8441206951828324,3.8680272102355957,33737600
1996-04-15,3.9594686031341553,3.9636521922932753,3.8632457606503716,3.8632457606503716,50102400
1996-04-16,4.025808334350586,4.035370824455931,3.977995883823857,3.9875583739292026,80116800
1996-04-17,4.0521039962768555,4.054494326107468,3.9899472496108337,4.025806866252934,62630400
1996-04-18,4.169246673583984,4.17880916595459,4.035371780395508,4.054496765136719,133958400
1996-04-19,4.197933197021484,4.2887771457286785,4.188370706823258,4.269652165332226,169492800
1996-04-22,4.312683582305908,4.336590102413276,4.21705866917274,4.226621160486056,92758400
1996-04-23,4.3079023361206055,4.331808270957463,4.26008988279878,4.312683289628732,57139200
1996-04-24,4.264869689941406,4.327026154376638,4.255307201847367,4.32224461850564,69251200
1996-04-25,4.312683582305908,4.350933547559176,4.21705866917274,4.264871125739324,63896000
1996-04-26,4.34136962890625,4.355713652984326,4.298338723967944,4.312682164398059,54296000
1996-04-29,4.3079023361206055,4.341370761621828,4.2839958176356365,4.336589808113701,34267200
1996-04-30,4.331806659698486,4.331806659698486,4.279213272431171,4.307900733753678,28441600
1996-05-01,4.403526306152344,4.408307258643582,4.307901419847711,4.317463908478174,65014400
1996-05-02,4.269649982452393,4.408305727614197,4.250525011833676,4.40352477678341,87340800
1996-05-03,4.240963459014893,4.37961923466392,4.212275996779103,4.30311933536848,75300800
1996-05-06,4.274433135986328,4.2983396534031355,4.193152260794971,4.2457456652750105,75852800
1996-05-07,4.327025890350342,4.341369329792215,4.269650965287008,4.269650965287008,47366400
1996-05-08,4.370055675506592,4.374837209863854,4.236180884572035,4.31746229946333,77851200
1996-05-09,4.34136962890625,4.403526093831311,4.331807140736853,4.370057093414442,47776000
1996-05-10,4.393963813781738,4.404123666118963,4.365276347914767,4.374838836537091,43913600
1996-05-13,4.5374016761779785,4.546964165923719,4.398745283040711,4.398745283040711,95606400
1996-05-14,4.551743984222412,4.58999393366966,4.522458574852909,4.561306471584224,76832000
1996-05-15,4.49915075302124,4.580431606617417,4.489588265324753,4.551744143527955,56323200
1996-05-16,4.480027198791504,4.489589689521424,4.422652254411984,4.436995698682806,67092800
1996-05-17,4.475244998931885,4.513494956187713,4.451339067471007,4.508714003354749,35392000
1996-05-20,4.465681076049805,4.508712555972706,4.460900124751617,4.489587583484271,38457600
1996-05-21,4.403526306152344,4.470463726565587,4.403526306152344,4.465682190426361,42113600
1996-05-22,4.470462799072266,4.4848062372181134,4.3844004192535815,4.398743857399428,45646400
1996-05-23,4.532618522644043,4.556525030304696,4.470462653292468,4.470462653292468,51976000
1996-05-24,4.532618522644043,4.551743495313427,4.523056036309351,4.532618522644043,26443200
1996-05-28,4.484805107116699,4.557121394158426,4.480024156822098,4.542180012538235,43376000
1996-05-29,4.480027198791504,4.523058115252085,4.460902217331664,4.489589689521424,33569600
1996-05-30,4.52305793762207,4.52305793762207,4.460902042142642,4.484807976204547,33824000
1996-05-31,4.542182445526123,4.566088960747646,4.513494977449116,4.535010286682855,40259200
1996-06-03,4.527839183807373,4.570870095814232,4.5182766940671755,4.5421826265936405,31684800
1996-06-04,4.508713245391846,4.546963196217448,4.446556783476276,4.537400708511048,65852800
1996-06-05,4.623462200164795,4.63780563711547,4.508712369968123,4.513493321069076,50968000
1996-06-06,4.582821369171143,4.704743364026239,4.580431039367009,4.656930931464997,88136000
1996-06-07,4.637806415557861,4.637806415557861,4.499150639287821,4.499150639287821,70198400
1996-06-10,4.6139020919799805,4.637808027099734,4.5893976257144535,4.628245536322209,45819200
1996-06-11,4.671276569366455,4.714307481736777,4.613901630440653,4.618682583527106,65259200
1996-06-12,4.781244277954102,4.7955883026119555,4.695181880950927,4.6999634170528735,88844800
1996-06-13,4.766901969909668,4.814714424052954,4.733432960185307,4.786026951566982,62577600
1996-06-14,4.704743385314941,4.781243277759087,4.699962433861113,4.771680791203568,55944000
1996-06-17,4.766901969909668,4.781245414328593,4.680839552451753,4.709527024937725,57499200
1996-06-18,4.680838108062744,4.76211896320104,4.6664940844219025,4.76211896320104,74585600
1996-06-19,4.656931400299072,4.7095253732352385,4.64258796091061,4.685618862723913,73409600
1996-06-20,4.656931400299072,4.68502091543277,4.551744038074658,4.666493887774019,102228800
1996-06-21,4.73821496963501,4.747777461416667,4.647371005885181,4.680840018945069,56806400
1996-06-24,4.747776985168457,4.7860269484582405,4.704745484643389,4.742995447933173,48102400
1996-06-25,4.666495323181152,4.752557736928345,4.642589388964313,4.752557736928345,41145600
1996-06-26,4.609121799468994,4.666496759628359,4.551746839309629,4.66171580477255,71457600
1996-06-27,4.587603569030762,4.628243848187797,4.551743949870643,4.609118873608508,77582400
1996-06-28,4.594775676727295,4.6282440921814985,4.556525725552241,4.6091191165939716,52000000
1996-07-01,4.678446292877197,4.685618449675123,4.59477511849515,4.599556069987212,47862400
1996-07-02,4.652151107788086,4.690401063109476,4.637807082718564,4.680838574279129,38548800
1996-07-03,4.633025646209717,4.699963061030564,4.6139006705466175,4.652150621872816,44243200
1996-07-05,4.527839183807373,4.5947766119887525,4.527839183807373,4.5947766119887525,35331200
1996-07-08,4.601946830749512,4.618681475746467,4.51827564853246,4.532619087999638,64432000
1996-07-09,4.58999490737915,4.64258889085022,4.58999490737915,4.623463912069474,35571200
1996-07-10,4.570870876312256,4.589995859058332,4.518277465584623,4.589995859058332,77980800
1996-07-11,4.379621982574463,4.527840922280489,4.350934502339259,4.523059383750482,140915200
1996-07-12,4.298340320587158,4.405918352452752,4.226023393295999,4.405918352452752,139478400
1996-07-15,4.231401443481445,4.35093225763648,4.2027139780464795,4.2983388628296995,111832000
1996-07-16,4.413089275360107,4.422651765031908,4.111870558874355,4.217057945264165,182100800
1996-07-17,4.480027198791504,4.518277161711183,4.422652254411984,4.503933133792246,126208000
1996-07-18,4.585213661193848,4.589994613759181,4.432213840735208,4.484807237193867,98537600
1996-07-19,4.627645969390869,4.65215042708112,4.503931580074252,4.503931580074252,99208000
1996-07-22,4.580432415008545,4.647369840697605,4.508714036451426,4.628842809339829,144475200
1996-07-23,4.288777828216553,4.589996025570531,4.2170588484929254,4.589996025570531,257678400
1996-07-24,4.389183044433594,4.4274330056051285,4.188370748283037,4.188370748283037,192225600
1996-07-25,4.532618522644043,4.5421810089787344,4.403525248949624,4.436993659297122,100920000
1996-07-26,4.556527614593506,4.5708710604066765,4.523058601615811,4.5708710604066765,59304000
1996-07-29,4.470462799072266,4.5852126388305114,4.465681263925072,4.561306130390277,56748800
1996-07-30,4.5374016761779785,4.542182629226821,4.441776778720572,4.508714206940756,66976000
1996-07-31,4.508713245391846,4.57565065933665,4.499150757685445,4.551744148246683,56320000
1996-08-01,4.6139020919799805,4.623464582757506,4.489589711872152,4.508714693427203,96025600
1996-08-02,4.719088554382324,4.738213532143452,4.61390117669612,4.671276109979504,109289600
1996-08-05,4.656931400299072,4.733431300098647,4.637806425349178,4.723868812623699,55072000
1996-08-06,4.742994785308838,4.747776321876112,4.623463958551485,4.652151427011015,67388800
1996-08-07,4.771681785583496,4.786025810229883,4.699963413295511,4.757338344585092,76790400
1996-08-08,4.790804386138916,4.814710887474434,4.733429483310905,4.747773500841754,54379200
1996-08-09,4.762120246887207,4.8003702087095945,4.738214312572265,4.771682737342804,44313600
1996-08-12,4.790804386138916,4.824273371279102,4.742991967115573,4.752554450920242,66187200
1996-08-13,4.723869323730469,4.81471325639543,4.719088371299671,4.781244254787924,72508800
1996-08-14,4.776464462280273,4.786026953112017,4.733432961713364,4.738214498953297,52032000
1996-08-15,4.786026477813721,4.809932410694931,4.7573390081674285,4.7716824511665425,35556800
1996-08-16,4.752557754516602,4.7908077163235765,4.7334327736131145,4.786026762921754,47598400
1996-08-19,4.723869323730469,4.747775836828398,4.676056881182589,4.738213348318823,43131200
1996-08-20,4.719088554382324,4.747776021024016,4.71430701811804,4.733431995879169,25678400
1996-08-21,4.723869323730469,4.723869323730469,4.656931904163438,4.685619369692166,49345600
1996-08-22,4.781244277954102,4.786025814056047,4.723869346618652,4.747775859832414,50236800
1996-08-23,4.714305877685547,4.781243283656742,4.714305877685547,4.776462332197015,44006400
1996-08-26,4.699963092803955,4.733431508616667,4.695181557031886,4.719088068596346,31944000
1996-08-27,4.771681785583496,4.771681785583496,4.704744365745651,4.709525901843774,28038400
1996-08-28,4.805151462554932,4.8099324156769,4.776463992878925,4.781244946000895,32070400
1996-08-29,4.747776985168457,4.790807902045403,4.728652003523565,4.790807902045403,34182400
1996-08-30,4.685622215270996,4.752559675489153,4.685622215270996,4.752559675489153,28088000
1996-09-03,4.719088554382324,4.719088554382324,4.61390117669612,4.66649457371522,48524800
1996-09-04,4.719088554382324,4.728651043262888,4.702354198841337,4.719088554382324,27126400
1996-09-05,4.647369861602783,4.695182308738614,4.647369861602783,4.695182308738614,40372800
1996-09-06,4.685622215270996,4.695184709587876,4.6521537769860855,4.6664972266372375,41921600
1996-09-09,4.776464462280273,4.7812454158720845,4.676058016722898,4.685620507554642,41747200
1996-09-10,4.7573394775390625,4.786026950015736,4.728652005062389,4.771682921953338,38904000
1996-09-11,4.786026477813721,4.800369920812834,4.728651538521136,4.740604650873758,36387200
1996-09-12,4.919900417327881,4.953368540031525,4.788415921979918,4.80036873956723,95944000
1996-09-13,5.010743618011475,5.025087933390362,4.929463055184036,4.958150518645934,80137600
1996-09-16,5.02987003326416,5.0920268055362525,5.010745052149088,5.015526881075961,62409600
1996-09-17,5.12071418762207,5.149401658792793,5.058557416437409,5.082464226061107,75624000
1996-09-18,5.221117973327637,5.273712236194035,5.09680564062936,5.12549310202127,86049600
1996-09-19,5.268930435180664,5.288055409537036,5.192430537755174,5.221117999289732,75912000
1996-09-20,5.283273696899414,5.302398667445122,5.197211329443731,5.24024192952379,104849600
1996-09-23,5.268930435180664,5.283274749595843,5.211555512111546,5.26414977523947,46385600
1996-09-24,5.235462665557861,5.292837592482901,5.206775202095341,5.259368301462023,72520000
1996-09-25,5.18765115737915,5.2737135632106344,5.178088667842319,5.259369245257344,44067200
1996-09-26,5.048994064331055,5.206775712489396,5.039431575572852,5.192431395704096,92604800
1996-09-27,5.139839172363281,5.173307305106819,5.020307458745065,5.068119910733113,98372800
1996-09-30,5.044213771820068,5.1589636452950725,5.039431943443906,5.106369369637657,89574400
1996-10-01,5.053775310516357,5.120712724117264,5.005962872229996,5.039430995382521,69124800
1996-10-02,5.154180526733398,5.192430474983739,5.063337483286732,5.082462457411903,68760000
1996-10-03,5.125494956970215,5.168526748279453,5.1111518047312785,5.154182428744302,58294400
1996-10-04,5.216339111328125,5.22590160175467,5.1350573590544,5.149401678342314,45166400
1996-10-07,5.259368896484375,5.283275702389126,5.197213302264836,5.216338280070234,42432000
1996-10-08,5.178088188171387,5.268931246708019,5.163743871546878,5.268931246708019,48465600
1996-10-09,5.144618511199951,5.206775266451613,5.096806071504784,5.201993438834151,64955200
1996-10-10,5.115930080413818,5.206774282311993,5.1015869348642315,5.115930080413818,51739200
1996-10-11,5.245023727416992,5.249804386379759,5.13505456372665,5.149398875206068,36523200
1996-10-14,5.225900650024414,5.283275582134676,5.21633816133937,5.254588116079545,36091200
1996-10-15,5.3119611740112305,5.321523659322415,5.254586262144119,5.307179347707852,61206400
1996-10-16,5.278493881225586,5.3143532146578245,5.240243925564531,5.307181347971377,36427200
1996-10-17,5.182868957519531,5.3167438014407,5.182868957519531,5.288056334886164,49097600
1996-10-18,5.154180526733398,5.163743013795984,5.108758713186119,5.125493065545643,69646400
1996-10-21,5.125494956970215,5.201994881701113,5.10636997578749,5.154182428744302,71401600
1996-10-22,5.06812047958374,5.1015897833800965,5.020308022229177,5.092027291909183,113806400
1996-10-23,5.144618511199951,5.154180999138984,5.039431143870584,5.072900435305146,67443200
1996-10-24,5.225900650024414,5.254588116079545,5.120713274488932,5.158963229229108,81417600
1996-10-25,5.218729496002197,5.2737144032454095,5.206776965825317,5.225901947945343,53084800
1996-10-28,5.225900650024414,5.2641506047645885,5.211556333348857,5.228290688547683,51240000
1996-10-29,5.178088188171387,5.2545880973794885,5.158963210869361,5.235463120077463,66756800
1996-10-30,5.211556911468506,5.240244380705947,5.158963801514586,5.178088781006213,60526400
1996-10-31,5.2498064041137695,5.254588232209965,5.206775787728055,5.216338276624437,37028800
1996-11-01,5.2545905113220215,5.307183639415722,5.221121202019792,5.249808681151769,56531200
1996-11-04,5.278493881225586,5.2928381982464865,5.2306814366492675,5.249806414479795,36006400
1996-11-05,5.412369251251221,5.412369251251221,5.29044750575042,5.29761937313282,86417600
1996-11-06,5.52711820602417,5.52711820602417,5.3932433705841385,5.407587686600677,71438400
1996-11-07,5.488868236541748,5.5892749464679135,5.474525087864253,5.536680677626606,76742400
1996-11-08,5.488868236541748,5.488868236541748,5.4123683308059745,5.484087576081224,67369600
1996-11-11,5.493650436401367,5.536681052644384,5.469743630591688,5.484087947536697,38593600
1996-11-12,5.421930313110352,5.5797119376159685,5.412367825785642,5.507992699032738,81156800
1996-11-13,5.54624605178833,5.574933531366546,5.474527936491057,5.493652922876534,90409600
1996-11-14,5.723148345947266,5.723148345947266,5.555804260477829,5.555804260477829,114969600
1996-11-15,5.699242115020752,5.770961349444894,5.637086534662528,5.766179522411935,104041600
1996-11-18,5.75183629989624,5.804429392789299,5.68489889338961,5.7135863533210225,98585600
1996-11-19,5.962212085723877,5.962212085723877,5.747055513628899,5.756618002004322,104739200
1996-11-20,5.861806869506836,6.043494194989103,5.861806869506836,5.966994268470254,123857600
1996-11-21,5.75183629989624,5.914398572840916,5.737491986282667,5.909616745871148,130718400
1996-11-22,5.756618499755859,5.833118413373878,5.713587881993747,5.766180988958112,94424000
1996-11-25,5.8713698387146,5.876151668159767,5.756619939586627,5.78052675221979,75129600
1996-11-26,5.880931377410889,5.943088146348671,5.828338265813825,5.890493867455459,108238400
1996-11-27,5.947866439819336,5.957428926056988,5.8809290361557744,5.895273349160094,44446400
1996-11-29,6.000461578369141,6.01002406601013,5.947867312695768,5.947867312695768,17152000
1996-12-02,6.033930778503418,6.033930778503418,5.938305885024758,6.024368289155552,64502400
1996-12-03,5.9167938232421875,6.100871853298611,5.914403783123602,6.057841209141594,77563200
1996-12-04,5.861806869506836,5.938306796025685,5.818776244488104,5.933526134266378,102542400
1996-12-05,5.852242946624756,5.943087170784066,5.809212332135787,5.86658726298505,74950400
1996-12-06,5.847461700439453,5.909617285653586,5.671152753192443,5.699242560274332,110238400
1996-12-09,6.253865718841553,6.263428204650179,5.966991144582766,5.9956786020086446,94718400
1996-12-10,6.263429164886475,6.4690232249390505,6.253866677611839,6.454678910379192,125725600
1996-12-11,6.378180980682373,6.397305961134195,6.129556234808698,6.196493666390071,113558400
1996-12-12,6.196493148803711,6.521617789327363,6.196493148803711,6.50249281047303,78272800
1996-12-13,6.119994163513184,6.272994017601014,6.0614239068701865,6.206056581437588,74532000
1996-12-16,5.8713698387146,6.177369569722526,5.852244855526604,6.139119603346535,64883200
1996-12-17,6.110432147979736,6.129557131228499,5.842682382497057,5.861807365745819,68944800
1996-12-18,6.320805072784424,6.330367561548091,6.1199928087474,6.225180185147746,61796800
1996-12-19,6.492930889129639,6.512055869657266,6.349493535172431,6.425993457282941,94609600
1996-12-20,6.397305965423584,6.55030580914074,6.37818098495894,6.540743318908418,90414400
1996-12-23,6.406866550445557,6.483366449555355,6.339929138724484,6.435554012611731,36892800
1996-12-24,6.492930889129639,6.512055869657266,6.359056025436244,6.435555947546756,16246400
1996-12-26,6.540743350982666,6.588555802378738,6.512055880145023,6.521618370424237,27905600
1996-12-27,6.44511604309082,6.559865883620627,6.427186380508037,6.540740910198992,19079200
1996-12-30,6.387743949890137,6.550306295920275,6.387743949890137,6.531181314034376,27279200
1996-12-31,6.320805072784424,6.445117426712105,6.311242584020756,6.42599244918477,34367200
1997-01-02,6.244304656982422,6.359054512853462,6.177367241057649,6.359054512853462,54480800
1997-01-03,6.473803997039795,6.4833664844800305,6.272991760794838,6.29211673567531,44131200
1997-01-06,6.454677104949951,6.521614497149432,6.359052258950692,6.473802074149803,55948000
1997-01-07,6.502493858337402,6.512056349305546,6.37818147575154,6.46424389446483,36880800
1997-01-08,6.378180980682373,6.5204230227927935,6.359056000230552,6.502493353619211,50593600
1997-01-09,6.3016839027404785,6.406871342695176,6.292121408199143,6.406871342695176,47763200
1997-01-10,6.44511604309082,6.454678529801638,6.2443038221636575,6.272991282296109,66556800
1997-01-13,6.406866550445557,6.540741373887703,6.387741575668108,6.512053911721528,50361600
1997-01-14,6.531180381774902,6.626805277554915,6.44511797557289,6.44511797557289,63728000
1997-01-15,6.473803997039795,6.598116333762863,6.454679022159322,6.550303896561683,53058400
1997-01-16,6.578990936279297,6.665053317713183,6.502491041671398,6.502491041671398,58688000
1997-01-17,6.6650519371032715,6.712864361329264,6.540739634115693,6.550302118960891,65368800
1997-01-20,6.942366123199463,7.104928415340497,6.6268040266903965,6.655491490009402,146220800
1997-01-21,7.267493724822998,7.2722755543427695,6.856306579865906,6.932806513811412,114592000
1997-01-22,7.449179172515869,7.535241576306168,7.238804407695138,7.277054364935271,129236800
1997-01-23,7.248366832733154,7.630866401742819,7.22924185428267,7.5065540418146774,105048000
1997-01-24,7.339210033416748,7.4778655240641125,7.21967835123837,7.277053278532979,89817600
1997-01-27,7.353550910949707,7.450371070863056,7.30573848630114,7.382238365738847,53263200
1997-01-28,7.315303802490234,7.5543660182578884,7.24836638207529,7.52567855236577,64656800
1997-01-29,7.439620494842529,7.449182989051838,7.324870564330819,7.401370518005292,48933600
1997-01-30,7.736053466796875,7.745615955630988,7.496991245944067,7.516116223612292,79937600
1997-01-31,7.8029890060424805,7.898613871312609,7.716926627299364,7.793426519515467,86516000
1997-02-03,7.831677436828613,7.909372649495564,7.736052559700059,7.850802412254324,60804800
1997-02-04,7.889053821563721,7.898616311044403,7.688241542469371,7.83167888467962,56464000
1997-02-05,7.525681018829346,7.91774318118259,7.410931117652787,7.88905570588845,110099200
1997-02-06,7.430052280426025,7.525677148899977,7.343989898799469,7.516114662052582,102122400
1997-02-07,7.678679943084717,7.688242433673863,7.4587426595343445,7.525680093658371,62448000
1997-02-10,7.477867603302002,7.764742319541209,7.468305112760694,7.707367376293367,66804800
1997-02-11,7.535245418548584,7.544807912734559,7.277058075527249,7.516120430176633,88834400
1997-02-12,7.640427589416504,7.649990077012769,7.45874032508745,7.525677738261312,72001600
1997-02-13,7.649989128112793,7.7360515058040615,7.602176696062088,7.688239073753357,58292000
1997-02-14,7.487430095672607,7.688242397089114,7.468305114585322,7.602179982196326,57395200
1997-02-18,7.449179172515869,7.487429129756002,7.36311676872557,7.468304151135936,52545600
1997-02-19,7.458744049072266,7.506556510925293,7.382244110107422,7.44918155670166,56383200
1997-02-20,7.286616802215576,7.4587416085671245,7.277054312973823,7.410929162358361,75395200
1997-02-21,7.267493724822998,7.296181200052562,7.190993790877492,7.257931233079809,61131200
1997-02-24,7.6595540046691895,7.6691164940632826,7.190992024358589,7.210117003146777,68599200
1997-02-25,7.6117424964904785,7.7276876946939295,7.563930043623076,7.649992458784401,63941600
1997-02-26,7.669117450714111,7.678679941301037,7.525680091910232,7.6117425071925595,48849600
1997-02-27,7.353550910949707,7.669112913630253,7.343988426019994,7.669112913630253,56628800
1997-02-28,7.458744049072266,7.525681495666504,7.300963508605491,7.3535566329956055,78412000
1997-03-03,7.6117424964904785,7.659554949357881,7.391805213300427,7.420492685020869,53874400
1997-03-04,7.5830535888671875,7.659553498969252,7.544803633816155,7.592616077629946,63920800
1997-03-05,7.71693229675293,7.726494790305288,7.5926198805722755,7.611744867676991,46393600
1997-03-06,7.477867603302002,7.716929866834674,7.476672291984338,7.707367376293367,57018400
1997-03-07,7.4013671875,7.611741965439276,7.382242207687338,7.5256795562823,46032000
1997-03-10,7.649989128112793,7.659551614522933,7.339208903431063,7.43005194067955,45997600
1997-03-11,7.525681018829346,7.693025208360007,7.525681018829346,7.621305936476478,47577600
1997-03-12,7.554366111755371,7.611741044249715,7.477866201762912,7.477866201762912,43234400
1997-03-13,7.621303081512451,7.6595530342427525,7.496990735138974,7.516115711504124,45505600
1997-03-14,7.573490619659424,7.66911550122078,7.563928131503289,7.630865548596238,61327200
1997-03-17,7.688240051269531,7.707365026521445,7.496990298750388,7.535240249254217,83958400
1997-03-18,7.621303081512451,7.712147302894876,7.563928152417001,7.697802986973053,59012000
1997-03-19,7.4013671875,7.516117066375968,7.262711667506269,7.4778671067506455,111560000
1997-03-20,7.343991756439209,7.477866606165965,7.296179310108224,7.391804202770193,81410400
1997-03-21,7.1909918785095215,7.430054108513162,7.104929475708211,7.382241662512434,85829600
1997-03-24,6.894554615020752,7.152741819744136,6.70330483374417,7.1240543525526485,186269600
1997-03-25,6.908900737762451,6.990181332397982,6.798931501142223,6.932806383021254,89701600
1997-03-26,7.210115909576416,7.238803373407622,6.932803759208093,6.942366247151828,81270400
1997-03-27,7.1718668937683105,7.353554188410441,6.961492131551107,7.277054274876912,93919200
1997-03-31,7.014089107513428,7.229244613554297,6.980619798802429,7.1240571919285065,93825600
1997-04-01,7.133614540100098,7.171864484014843,6.865864932696876,6.894552390632936,86680800
1997-04-02,7.03799295425415,7.162305329804835,6.961493030838344,7.104930387242981,63331200
1997-04-03,7.277055740356445,7.296180722591285,6.932806060129334,6.961493533481593,92252800
1997-04-04,7.2053351402282715,7.401365556460755,7.1718658492836775,7.1718658492836775,94964000
1997-04-07,7.3344268798828125,7.46830168603452,7.26748947680696,7.315301907575426,76511200
1997-04-08,7.516118049621582,7.516118049621582,7.305743244161436,7.39180566457695,53339200
1997-04-09,7.4969892501831055,7.592614113068094,7.477864277606107,7.583051626779595,73762400
1997-04-10,7.4013671875,7.4778671067506455,7.305742288436692,7.4778671067506455,67913600
1997-04-11,7.267493724822998,7.439618576200385,7.262713062599581,7.30574369179575,60033600
1997-04-14,7.449179172515869,7.449179172515869,7.143179514594806,7.248366897005171,59107200
1997-04-15,7.430052280426025,7.573489583136952,7.334427411952074,7.487427201510396,84440000
1997-04-16,7.516118049621582,7.53524303193614,7.363118191105112,7.39180566457695,42710400
1997-04-17,7.506554126739502,7.649991466740894,7.458741680072372,7.53524159473978,71720800
1997-04-18,8.233302116394043,8.233302116394043,7.87949006261172,7.955989966132222,231764000
1997-04-21,8.233302116394043,8.558426706356176,8.118552261113289,8.185489676693729,155695200
1997-04-22,8.46280288696289,8.477147204317626,8.223740658517611,8.233303147655423,82300000
1997-04-23,8.807051658630371,8.85486409977386,8.443677105939868,8.462802082397262,102814400
1997-04-24,8.730555534362793,9.017430305480957,8.625368118286133,8.921805381774902,118163200
1997-04-25,8.69229793548584,8.826172711169889,8.663610483553542,8.682735451508407,58566400
1997-04-28,8.78792667388916,8.802270989866647,8.539301980177388,8.701864279912009,67224000
1997-04-29,9.103487968444824,9.113050455806636,8.912238221208588,8.97917563274127,73953600
1997-04-30,9.294739723205566,9.380802128050062,9.055677487526411,9.074802466380744,90204000
1997-05-01,9.256488800048828,9.428613591785274,9.122613962031593,9.332988707487248,72325600
1997-05-02,9.237370491027832,9.447745388339024,9.098714892357489,9.332995444351102,96192000
1997-05-05,9.194331169128418,9.237361773868157,8.835737348917368,9.151299397092988,111063200
1997-05-06,8.974394798278809,9.160862714561972,8.90267556081127,9.132175253034116,74770400
1997-05-07,8.83574104309082,9.10349077166933,8.807053572171695,8.902678475235447,70532800
1997-05-08,8.902680397033691,9.036555290222168,8.807055473327637,8.816617965698242,53834400
1997-05-09,8.93136215209961,9.06523695951866,8.854862262145865,9.026987014541788,58392000
1997-05-12,9.036552429199219,9.065239897228423,8.950490025111607,8.98873998248388,42976000
1997-05-13,9.007864952087402,9.122614824088515,8.94092752675342,9.055677398754533,49813600
1997-05-14,8.864425659179688,9.07480037816777,8.845300684726224,9.055675403714307,60744800
1997-05-15,8.960053443908691,9.017428385918778,8.864428540558544,8.87399103089356,41861600
1997-05-16,8.830960273742676,8.95049081746458,8.787928484241398,8.902678366516584,59913600
1997-05-19,8.807051658630371,8.960051470289532,8.807051658630371,8.883551564459951,45632000
1997-05-20,9.113055229187012,9.122617721557617,8.816617965698242,8.86443042755127,64876800
1997-05-21,9.2086763381958,9.404707934235274,9.160863896149094,9.227801315014483,76620000
1997-05-22,9.227803230285645,9.304303153438271,9.160865797527096,9.256490701467879,33655200
1997-05-23,9.399925231933594,9.409487719453363,9.24692543161728,9.285175381696357,28904800
1997-05-27,9.686798095703125,9.74417301038646,9.361673579164224,9.390361036505892,69036000
1997-05-28,9.629426002502441,9.734613376909122,9.552926093843038,9.734613376909122,52241600
1997-05-29,9.629426002502441,9.87326946135429,9.562488582425463,9.734613376909122,51111200
1997-05-30,9.485989570617676,9.610301933942301,8.988740117319168,8.988740117319168,83337600
1997-06-02,9.514678001403809,9.600740415486857,9.419053096867087,9.562490453672169,38939200
1997-06-03,9.237370491027832,9.447745388339024,9.227807995695505,9.438182893006697,41995200
1997-06-04,9.117831230163574,9.35211155982421,9.046111999584564,9.227799238476853,54639200
1997-06-05,9.2230224609375,9.294740554406749,9.141740709889765,9.200310962868922,35892000
1997-06-06,9.490772247314453,9.509897227996904,9.256490650306334,9.285178121330011,35964000
1997-06-09,9.572052955627441,9.648552879348738,9.371240655859033,9.552927974697116,48200000
1997-06-10,9.54814338684082,9.720268144434684,9.466861667662524,9.57204901952544,53135200
1997-06-11,9.715486526489258,9.74417398670527,9.45251872482369,9.548143592210396,49056800
1997-06-12,9.715486526489258,9.801548907137292,9.591174198886542,9.696361553011917,44614400
1997-06-13,9.916301727294922,9.949770440935744,9.682021315457217,9.696364466226663,50116000
1997-06-16,10.05017375946045,10.05017375946045,9.858924020935987,9.916298942493325,40612800
1997-06-17,10.265332221984863,10.322707157552548,10.011926256560924,10.059738702867328,53191200
1997-06-18,9.959327697753906,10.212733539319418,9.949765213166529,10.193608570144661,55657600
1997-06-19,9.89239501953125,10.002363644687952,9.791988883518608,9.82067635095079,65519200
1997-06-20,9.935426712036133,10.050176587439822,9.830239326249416,9.897176753568235,64240000
1997-06-23,9.796771049499512,10.059739525693983,9.791989804477794,9.935427155129323,35724800
1997-06-24,10.102771759033203,10.1075530045415,9.820678274043635,9.906740693192994,39319200
1997-06-25,9.978460311889648,10.193616379946684,9.930647852321417,10.164928904205746,49576000
1997-06-26,9.811113357543945,10.007144374921772,9.782425891586215,9.954550687332599,37312000
1997-06-27,9.753741264343262,9.944991093055876,9.734616281472,9.87805365300646,38198400
1997-06-30,9.667679786682129,9.849367141723633,9.653336631774437,9.782429695129395,38286400
1997-07-01,9.55770492553711,9.705922868451871,9.428610786496105,9.67245475255329,59377600
1997-07-02,9.820674896240234,9.830237383967829,9.490769653286133,9.61030016623314,53237600
1997-07-03,9.911521911621094,9.94977187558297,9.830240738202107,9.94977187558297,28764000
1997-07-07,9.906739234924316,10.078864047886322,9.897176745315317,9.99280164140532,39320000
1997-07-08,10.04061508178711,10.045396327064152,9.863709006536576,9.897177723475865,36007200
1997-07-09,10.002358436584473,10.145795699059393,9.906733594934526,10.136233214894398,48266400
1997-07-10,9.935426712036133,10.040614097822848,9.85892679510034,9.983239160121002,43780800
1997-07-11,9.925861358642578,10.026267470651968,9.825455246633188,9.964111306074727,38094400
1997-07-14,10.39920711517334,10.403988359823995,9.983238830566407,10.007145053819679,57424000
1997-07-15,10.592849731445312,10.652615302035729,10.45180298485193,10.561771634738296,75503200
1997-07-16,11.355448722839355,11.436729829487048,10.709981111225328,10.891668290790758,111217600
1997-07-17,11.436736106872559,11.532360990709286,11.207236385664412,11.51323601394194,131668000
1997-07-18,10.748233795166016,11.27417050222485,10.709983852834464,11.09248327614998,158927200
1997-07-21,10.39920711517334,10.786487931876348,10.231863552400435,10.776925442575038,127223200
1997-07-22,11.02554988861084,11.078143578452435,10.461363033946451,10.47092552300856,101384000
1997-07-23,10.81995964050293,11.235928040292482,10.786490918680782,11.111615644953076,95556000
1997-07-24,10.556987762451172,10.738675051841183,10.375300473061161,10.585675229196962,141855200
1997-07-25,10.59523868560791,10.882113379261554,10.499613787723362,10.59523868560791,90308800
1997-07-28,10.480489730834961,10.662177052811113,10.384864824531721,10.65261456218079,56404000
1997-07-29,10.705209732055664,10.714772224000333,10.413553727743295,10.461366187466634,79061600
1997-07-30,10.796052932739258,10.862990373420546,10.681303034428476,10.767365458161562,78324000
1997-07-31,10.815174102783203,10.872549031710435,10.77692415016505,10.862986543555897,42240800
1997-08-01,10.757796287536621,10.848639900631374,10.647827703264024,10.815171201070148,58912800
1997-08-04,10.829516410827637,10.86298511496706,10.66695413357901,10.729110298409367,46312800
1997-08-05,10.963391304016113,11.044672443208558,10.862985190896035,10.88211016482367,59333600
1997-08-06,10.9729585647583,11.063802230436037,10.882114899080563,10.963396073634328,43410400
1997-08-07,11.011205673217773,11.044674383470715,10.862987099240462,11.039893139148866,43947200
1997-08-08,10.70998764038086,10.949049864496503,10.70998764038086,10.925143642084938,66815200
1997-08-11,10.576114654541016,10.729114504877955,10.432677294850134,10.709989523585838,72696000
1997-08-12,10.403992652893066,10.690867450307397,10.38964891302235,10.662179970565964,60887200
1997-08-13,10.408764839172363,10.57610832533269,10.308358747476166,10.566545840409242,66731200
1997-08-14,10.423113822937012,10.461363781920268,10.260551497258177,10.403988843445385,45900800
1997-08-15,10.164921760559082,10.403983890393492,10.155359275365706,10.365733949619987,51078400
1997-08-18,10.241427421569824,10.241427421569824,10.021490138006701,10.174489987441918,69969600
1997-08-19,10.619147300720215,10.633491038632037,10.298803820689482,10.3083663126307,91013600
1997-08-20,10.753021240234375,10.76258373133285,10.480490243927857,10.633490101503446,51433600
1997-08-21,10.547425270080566,10.891674870917285,10.518737803344173,10.834299937444499,64412000
1997-08-22,10.499612808227539,10.518737786020305,10.260550585817988,10.346612985885427,72161600
1997-08-25,10.442235946655273,10.633485689268008,10.375298536740816,10.547423305092277,38856800
1997-08-26,10.327488899230957,10.47092624505361,10.308363919787936,10.403988817003038,34327200
1997-08-27,10.294018745422363,10.351393675726623,10.174487640621825,10.3466124315346,49371200
1997-08-28,10.102771759033203,10.231865387757242,10.097990513524906,10.212740405724052,43641600
1997-08-29,10.112332344055176,10.24142594844737,10.078863631805348,10.10276985484094,37857600
1997-09-02,10.494831085205078,10.518737306355886,10.17448772178424,10.184050210244564,50112800
1997-09-03,10.44701862335205,10.62392465953696,10.418331158024769,10.528299775112686,42872800
1997-09-04,10.571331024169922,10.595237245391473,10.384862498641823,10.403987475619063,44476000
1997-09-05,10.504396438598633,10.686083768897563,10.423115264517532,10.63827131355574,48398400
1997-09-08,10.65739631652832,10.695646280876561,10.537865177940072,10.537865177940072,42416000
1997-09-09,10.671738624572754,10.729113563414543,10.585676216310071,10.652613644958825,39465600
1997-09-10,10.337048530578613,10.643048117052725,10.332267287039956,10.623923142898095,53294400
1997-09-11,10.466144561767578,10.509175763711802,10.164926148158004,10.327488466613964,61779200
1997-09-12,10.552206993103027,10.585675705813369,10.375300940205515,10.47092583366363,48576000
1997-09-15,9.997579574584961,10.499610112763545,9.992798331364211,10.375297789024085,129003200
1997-09-16,10.432676315307617,10.480488764048715,10.021489256134172,10.07886419462349,102538400
1997-09-17,10.188830375671387,10.46136126793477,10.145799182156114,10.45179878048693,61609600
1997-09-18,10.117115020751953,10.33705230381178,10.054958832061134,10.270114869837048,61077600
1997-09-19,10.34183406829834,10.346615313822287,10.09799054657702,10.117115528672809,77435200
1997-09-22,10.198392868041992,10.394423860817296,10.188830380589538,10.327486448650118,43251200
1997-09-23,10.365737915039062,10.365737915039062,10.184050626860335,10.217519337840626,39946400
1997-09-24,10.131458282470703,10.408770495959756,10.107552057169924,10.375301780538663,60040000
1997-09-25,10.155362129211426,10.260549495898172,10.102768445868051,10.164924617092039,39272000
1997-09-26,10.20317554473877,10.231863011125101,10.069300701602554,10.222300522329657,36652000
1997-09-29,10.289237022399902,10.308361998277968,10.164924679192469,10.212737118887635,27505600
1997-09-30,10.121893882751465,10.384862311448362,10.11711263859334,10.284456184127729,43892800
1997-10-01,10.241427421569824,10.28923987451833,10.050177609775803,10.136240025083113,61466400
1997-10-02,10.188830375671387,10.298798981321523,10.155361669603954,10.231861569186657,28831200
1997-10-03,10.32270336151123,10.423109461831627,10.203172289701236,10.32270336151123,60284800
1997-10-06,10.337048530578613,10.423110914274458,10.2701111210374,10.39442345304251,41776800
1997-10-07,10.44701862335205,10.533081019333899,10.298800052494425,10.327487517821707,54548800
1997-10-08,10.63348388671875,10.638265129473568,10.423109205506687,10.451796662035605,71196800
1997-10-09,10.628706932067871,10.681300623589575,10.566550751178585,10.595238219281333,34672800
1997-10-10,10.442235946655273,10.614360715006734,10.423110972394,10.580892010049505,24893600
1997-10-13,10.461362838745117,10.54742523869823,10.447019105419598,10.480487816512476,19051200
1997-10-14,10.45658016204834,10.509173843704733,10.356174042522499,10.490048868556954,33361600
1997-10-15,10.384864807128906,10.403989788357505,10.317927372828812,10.384864807128906,45003200
1997-10-16,10.243815422058105,10.4517995391454,10.11711245417734,10.413549586577622,47327200
1997-10-17,10.117115020751953,10.298802341540505,9.973677662234676,10.184052454726682,87720000
1997-10-20,10.145794868469238,10.346607019494549,9.753733049800775,10.174482318615711,154052800
1997-10-21,10.59523868560791,10.651418313115082,10.351395196002313,10.41355137962727,115682400
1997-10-22,10.380078315734863,10.595234245816886,10.356172101281306,10.585671760035464,55775200
1997-10-23,10.375300407409668,10.499612762521489,10.09798823062176,10.09798823062176,66413600
1997-10-24,10.356176376342773,10.499613722275498,10.19361405095235,10.470926253088953,70030400
1997-10-27,9.85892391204834,10.423110634464297,9.839798938407121,10.317923279437593,96795200
1997-10-28,10.20317554473877,10.327487899079543,9.447738929898692,10.117113145579774,160057600
1997-10-29,10.011923789978027,10.332267101309702,9.954548868545489,10.23186098880276,85532800
1997-10-30,9.839800834655762,10.05017558525093,9.830238345992345,9.906738255299679,72097600
1997-10-31,9.944992065429688,10.059741973876953,9.916304588317871,10.021492004394531,46808800
1997-11-03,10.260549545288086,10.27011203321473,10.045393566938616,10.069299786755224,67714400
1997-11-04,10.27011775970459,10.322711472626727,10.188836567006742,10.25099277318745,49134400
1997-11-05,10.217521667480469,10.298802841250785,10.136240493710151,10.289240350218984,42512800
1997-11-06,10.102771759033203,10.212740405724052,10.078865531491713,10.193615423690861,40266400
1997-11-07,10.064518928527832,10.097987637553816,9.935425336570468,9.949769069010175,63628800
1997-11-10,9.959327697753906,10.136233662620395,9.925859001698084,10.069296270508751,36764800
1997-11-11,9.992806434631348,10.054962646904174,9.897181492673154,9.978462693337619,37013600
1997-11-12,9.882830619812012,10.021486685595537,9.868486888868889,9.95454927452763,45784000
1997-11-13,10.064518928527832,10.069300172674401,9.882831650958208,9.949769069010175,60094400
1997-11-14,10.198392868041992,10.241424061578034,10.050174312528958,10.069299287433866,46663200
1997-11-17,10.317928314208984,10.389647000359648,10.207959662111298,10.289240839748718,60094400
1997-11-18,10.25098991394043,10.365739801036778,10.231864932757706,10.322708593375648,36683200
1997-11-19,10.332269668579102,10.337050913219814,10.203176063279871,10.222301041842721,31720800
1997-11-20,10.47092342376709,10.490048398057075,10.317923629447206,10.346611090882185,53680800
1997-11-21,10.547425270080566,10.556987758992697,10.432675403134994,10.5426440256245,68220800
1997-11-24,10.365737915039062,10.566550180920816,10.365737915039062,10.49005027010872,39084000
1997-11-25,10.63348388671875,10.652608857738027,10.384859263468131,10.39442174897777,56463200
1997-11-26,10.829516410827637,10.853422628070081,10.576110508057718,10.633485429439586,63053600
1997-11-28,10.824738502502441,10.882113441561641,10.79605103297284,10.80561352281604,17392800
1997-12-01,11.0016450881958,11.015988823643253,10.834301507975526,10.85820773372128,49006400
1997-12-02,10.882111549377441,11.08292380116736,10.862986573016498,10.9825176752724,50167200
1997-12-03,11.068577766418457,11.097265224992329,10.786484423775395,10.839078097827493,57712000
1997-12-04,10.90601634979248,11.159422253579855,10.882110132454049,11.073359871161502,62630400
1997-12-05,10.949043273925781,11.073355555638475,10.872543408256432,10.872543408256432,48136000
1997-12-08,11.178548812866211,11.216798766032563,10.949049093868103,10.977736558742865,49952800
1997-12-09,11.03989315032959,11.121174303883338,10.977736974082607,11.092486837923191,51782400
1997-12-10,10.882111549377441,10.95861145482122,10.786486667572719,10.882111549377441,66434400
1997-12-11,10.638267517089844,10.786486075754917,10.623923785606127,10.738673637475861,70189600
1997-12-12,10.461362838745117,10.595237683116627,10.403987905443042,10.53786274981455,54308000
1997-12-15,10.413549423217773,10.480486839161323,10.174487223419385,10.437455643197612,84305600
1997-12-16,10.638267517089844,10.738673637475861,10.327486668275984,10.394424081866662,65401600
1997-12-17,10.375300407409668,10.738674983890375,10.365737918554913,10.700425028471354,51472000
1997-12-18,10.011923789978027,10.308360884046145,9.973673842356334,10.289235910235298,98774400
1997-12-19,9.844578742980957,9.959328568056986,9.658110277232412,9.849359985692459,138065600
1997-12-22,9.715486526489258,9.944986208217351,9.629424145841224,9.878048801046656,59063200
1997-12-23,9.433393478393555,9.811111109994007,9.409486678590744,9.72026807225303,67195200
1997-12-24,9.098711013793945,9.476428834760364,9.026991745725311,9.466866343504298,88411200
1997-12-26,9.237370491027832,9.237370491027832,9.0843705657106,9.093933061042927,32388800
1997-12-29,9.662896156311035,9.696364285680634,9.34255217663706,9.36167715550428,67815200
1997-12-30,9.964116096496582,10.021491045228808,9.658116369924711,9.672460690755928,77864800
1997-12-31,9.887614250183105,10.059739063048962,9.868489270975788,10.021489104634327,46147200
1998-01-02,10.031045913696289,10.059733366261675,9.906733619246287,9.91629610343475,39748000
1998-01-05,9.973676681518555,10.222301411834453,9.782426888967864,10.040614108911296,80377600
1998-01-06,10.031045913696289,10.174483176523214,9.887608650869364,9.92585858762321,67834400
1998-01-07,9.911521911621094,10.03583429449719,9.753740810278355,9.935428139097265,61492800
1998-01-08,9.983236312866211,10.107548642432553,9.753736627512964,9.839799009520432,77619200
1998-01-09,9.715486526489258,10.059736049081398,9.629424145841224,9.949767451586686,87534400
1998-01-12,9.906739234924316,9.944989193360318,9.514677160955303,9.533802140173304,78393600
1998-01-13,10.107548713684082,10.11711120064121,9.801549131055992,9.906736487584398,66945600
1998-01-14,10.031045913696289,10.136233239769368,9.887608650869364,10.107545787203982,54774400
1998-01-15,10.121893882751465,10.174487568490845,9.935425360584574,9.973675313849578,50622400
1998-01-16,10.3466157913208,10.356178282810008,10.121897241324463,10.126678487069066,72943200
1998-01-20,10.542646408081055,10.556990144690689,10.250990430351827,10.260552921424917,64956000
1998-01-21,10.480489730834961,10.590458373083685,10.375302333901399,10.499614712095608,85567200
1998-01-22,10.604799270629883,10.7004241513389,10.351393336750991,10.370518312892795,159139200
1998-01-23,10.576114654541016,10.666958315678574,10.457778832796038,10.61436461712525,63312000
1998-01-26,10.843860626220703,10.853423113545412,10.591650023031487,10.70042331635006,74277600
1998-01-27,11.106832504272461,11.159426201021061,10.829520285052572,10.891676472119098,97540800
1998-01-28,11.398484230041504,11.43673417712218,11.13073460047677,11.188109521097784,79387200
1998-01-29,11.341109275817871,11.484546576945416,11.283734355366853,11.393702952897971,73571200
1998-01-30,11.412832260131836,11.474988447556099,11.293301130469793,11.3698010534535,50071200
1998-02-02,11.847923278808594,11.867048255852676,11.513236180537165,11.608861065757575,98397600
1998-02-03,11.924422264099121,11.943547239663033,11.766641215696847,11.867047337407385,61374400
1998-02-04,11.996143341064453,12.086986993308464,11.862268485125911,11.924424668240235,61940800
1998-02-05,11.89095401763916,12.144359953680524,11.838360332800386,12.096547512918002,67014400
1998-02-06,12.096545219421387,12.106107705760849,11.86704554727426,11.886170519953188,50070400
1998-02-09,12.02483081817627,12.153924429345558,11.905299696723226,12.144361939629315,54681600
1998-02-10,12.18260669708252,12.201731668349526,11.991356984412466,12.029606926946476,48099200
1998-02-11,12.158703804016113,12.244766198224642,12.01526648033523,12.192172512874984,76460000
1998-02-12,12.144362449645996,12.158706184822742,11.967456382466112,12.091768753997922,76658400
1998-02-13,12.048739433288574,12.144364349425786,12.039176941674853,12.134801857812064,42203200
1998-02-17,11.809675216674805,12.125237388456398,11.771425256458853,12.125237388456398,85673600
1998-02-18,11.828797340393066,11.933984705586537,11.761859926179039,11.828797340393066,76608800
1998-02-19,11.847923278808594,11.938766919767982,11.80011083619839,11.895735721418799,73773600
1998-02-20,11.867048263549805,11.914860706191021,11.694923470041427,11.895735729134534,86092000
1998-02-23,12.488609313964844,12.498171801954097,12.144359746351725,12.383421946083057,120803600
1998-02-24,12.565109252929688,12.995421213646457,12.526859300865974,12.756359013248252,118302000
1998-02-25,12.9954252243042,13.00498771527131,12.708550495290861,12.765925441093529,94944400
1998-02-26,13.081486701965332,13.110174172802976,12.918924367218686,13.081486701965332,61388000
1998-02-27,12.966737747192383,13.157987566472507,12.938050274300364,13.091050129724463,47532400
1998-03-02,12.74680233001709,13.138864517211914,12.708552360534668,13.138864517211914,50093600
1998-03-03,12.928484916687012,12.938047405530716,12.632047762532206,12.64161025137591,50753600
1998-03-04,12.593802452087402,12.823302268981934,12.479052543640137,12.612927436828613,71513600
1998-03-05,12.249549865722656,12.45992464874053,12.125237493939366,12.125237493939366,92255600
1998-03-06,12.660736083984375,12.660736083984373,12.278236504407806,12.287798993897221,51404800
1998-03-09,12.177824020385742,12.622479549987577,12.163480293624392,12.622479549987577,52256000
1998-03-10,12.469484329223633,12.469484329223633,12.230422129660296,12.421671889310966,47406400
1998-03-11,12.345176696777344,12.545989021047154,12.20173932229891,12.545989021047154,39838800
1998-03-12,12.52685832977295,12.64160817706858,12.36429604610414,12.622483202519309,47962000
1998-03-13,12.603367805480957,12.698992750894318,12.479055376443588,12.612930300022294,32542400
1998-03-16,12.545988082885742,12.660737973887747,12.450363173717406,12.612925519303579,27979600
1998-03-17,12.29736614227295,12.498178497628885,12.192178718038889,12.498178497628885,53842400
1998-03-18,12.507731437683105,12.517293923491732,12.220856863424318,12.249544320850198,33887600
1998-03-19,12.545988082885742,12.59380053746991,12.43123819188374,12.469488155551074,30299200
1998-03-20,12.517300605773926,12.698987933130462,12.316488296590387,12.565113060341435,56310000
1998-03-23,12.83286190032959,12.947611783193938,12.402549839588286,12.421674820065677,55050000
1998-03-24,12.9954252243042,13.014550206238422,12.765925441093529,12.880675332698864,32281600
1998-03-25,13.588298797607422,13.913423469752848,13.34923653867696,13.846486037252319,124244800
1998-03-26,13.50223159790039,13.703043824214774,13.387481754292173,13.540481545769797,45441200
1998-03-27,13.435297966003418,13.674360207391379,13.397048007381345,13.674360207391379,38924000
1998-03-30,13.454425811767578,13.559613220388362,13.330113419761197,13.473550795153175,27463200
1998-03-31,13.69348430633545,13.731734262498398,13.540484481683658,13.55960945976513,38177200
1998-04-01,13.82735538482666,13.865605330566153,13.540480791780464,13.741293006912802,36835600
1998-04-02,13.97078800201416,14.066412834334587,13.750850887677181,13.875163169693735,41414800
1998-04-03,14.228981018066406,14.23854350530973,13.999481324226625,14.075981222173219,40987600
1998-04-06,13.76042366027832,14.171610746721662,13.626548794924675,14.171610746721662,74232000
1998-04-07,13.349234580993652,13.865608984556443,13.27273466935472,13.664796716504247,62630800
1998-04-08,13.607420921325684,13.616983409675173,13.253608852394516,13.272733829093498,36793200
1998-04-09,13.616983413696289,13.712608297219438,13.387483693240734,13.454421111706939,33619200
1998-04-13,13.559606552124023,13.61698147406531,13.272731942417593,13.588294013094668,33156400
1998-04-14,13.53092098236084,13.703045772242461,13.387483657459487,13.569170935667866,28476800
1998-04-15,13.98035717010498,13.98035717010498,13.597857657927007,13.655232584753703,40498400
1998-04-16,14.028176307678223,14.085551261901855,13.798676490783691,13.827363967895508,39695600
1998-04-17,14.095117568969727,14.114242558886918,13.81780521517046,13.999492619383773,37402800
1998-04-20,14.477603912353516,14.534978828782922,14.104666955562376,14.133354413777079,45535200
1998-04-21,14.515863418579102,14.534988403320312,14.248113632202148,14.487175941467285,51938400
1998-04-22,15.127859115600586,15.166109075437756,14.63060963771738,14.687984577473136,80154000
1998-04-23,14.458490371704102,14.898365078779756,14.403506033319644,14.879240091515596,64215200
1998-04-24,14.095117568969727,14.496742357230737,14.056867589135345,14.305492458058827,51436000
1998-04-27,13.81779956817627,13.851268286853513,13.54048732770768,13.693487184517936,58752000
1998-04-28,13.750859260559082,14.11423384463505,13.619375036057907,14.09510886652579,56668000
1998-04-29,13.846484184265137,13.999484009505634,13.7126093371797,13.779546760722418,50061600
1998-04-30,13.789109230041504,14.0186089675734,13.7221718065947,13.999483989445743,54473600
1998-05-01,13.712608337402344,13.846483174727053,13.48310861627427,13.798670732825371,35996000
1998-05-04,13.47354793548584,13.750860135719403,13.454422956159387,13.645672749423914,37899600
1998-05-05,13.425735473632812,13.703047673586767,13.310985597789797,13.406610494325644,50828000
1998-05-06,13.21535873413086,13.387483522274389,13.157983804749685,13.387483522274389,48110800
1998-05-07,12.756361961364746,13.196236511756634,12.727674490687015,13.186674021530724,78022000
1998-05-08,13.119731903076172,13.177106823935105,12.52685772086719,12.52685772086719,96274800
1998-05-11,12.89023208618164,13.186669174216975,12.861544626049188,13.177106687506157,51474400
1998-05-12,13.110176086425781,13.119738578100783,12.73723891110076,12.73723891110076,64147200
1998-05-13,13.30142593383789,13.578738192702952,13.234488492042876,13.569175701017949,80680400
1998-05-14,13.607420921325684,13.922983036858886,13.129296503851133,13.138858992200625,94774400
1998-05-15,13.683916091918945,13.798665912396254,13.578728756481414,13.789103427356478,48150800
1998-05-18,13.167548179626465,13.234485606828631,12.92848593961872,12.92848593961872,80395600
1998-05-19,13.234492301940918,13.301429763005649,13.09105488537364,13.129304863124915,52234400
1998-05-20,13.119731903076172,13.291856665652972,13.062356982217239,13.177106823935105,35698800
1998-05-21,13.21535873413086,13.368358545813996,13.081483898908116,13.129296340059097,36680000
1998-05-22,13.091048240661621,13.27273554275992,13.071923261493378,13.253610563591678,36129200
1998-05-26,12.794611930847168,13.18667403037238,12.775486950382524,13.052799167119868,44473600
1998-05-27,13.157981872558594,13.177106846210568,12.679857531259225,12.679857531259225,58574400
1998-05-28,13.205799102783203,13.215361593082104,13.01454929680517,13.119736690093088,30746800
1998-05-29,12.976297378540039,13.234484577670901,12.96673488968334,13.215359599957504,34091200
1998-06-01,12.813733100891113,12.945217302486078,12.718108227003867,12.832858075668563,42436800
1998-06-02,13.081486701965332,13.148424133919834,12.832861954705757,12.8615494255434,38570800
1998-06-03,12.899795532226562,13.224920104573266,12.871108069960677,13.13885771777561,36010800
1998-06-04,13.167548179626465,13.177110669226774,12.794611085214385,12.957173408419651,33717600
1998-06-05,13.196237564086914,13.23448752804079,12.966737780363664,13.138862618156102,34431600
1998-06-08,13.110176086425781,13.205801003175788,13.004988678000776,13.100613594750781,18886400
1998-06-09,13.320554733276367,13.39705468867207,13.043242394966953,13.052804889391416,35690400
1998-06-10,13.157981872558594,13.521356371946112,13.138856898906619,13.253606740818467,33290400
1998-06-11,13.052797317504883,13.33010949494638,13.024109850873003,13.224922117296156,41271200
1998-06-12,13.119731903076172,13.177106823935105,12.851982272401148,12.98585708773866,41323600
1998-06-15,13.14842414855957,13.358798934936525,12.938049362182618,12.957174342762341,42846000
1998-06-16,13.750859260559082,13.760421749613712,13.081485026734926,13.205797384445125,61138400
1998-06-17,13.932551383972168,14.133363723754883,13.731739044189453,13.76042652130127,76147600
1998-06-18,13.951671600341797,14.037734002263027,13.827359242011129,13.894296665727643,39228400
1998-06-19,14.487167358398438,14.496729845103651,14.152480323715965,14.209855243947247,91226800
1998-06-22,14.659297943115234,14.678422924123865,14.334173265968516,14.496735604541875,48969600
1998-06-23,15.41473388671875,15.433858866727086,14.57323476635197,14.659297176389481,124675200
1998-06-24,16.0554141998291,16.08410165819687,15.290415310021878,15.558164921454406,105724800
1998-06-25,15.53905200958252,16.351863960852988,15.510364528949443,16.198864064143255,88969600
1998-06-26,15.97891616821289,16.007603629915245,15.605979166082248,15.644229115018724,55680400
1998-06-29,16.43792724609375,16.476177222233584,16.1032399548702,16.141489931010035,65906000
1998-06-30,16.58135986328125,16.610047337093153,16.007610387043144,16.103235299749496,77010000
1998-07-01,16.734359741210938,16.84910963657924,16.399672546386718,16.696109776088168,53470400
1998-07-02,16.40923309326172,16.69610779768937,16.39010811296654,16.64829534695143,27321200
1998-07-06,16.49529457092285,16.53354452934818,16.122357476275898,16.35185722682787,35307600
1998-07-07,16.514423370361328,16.61004828854524,16.294486058538336,16.495298386724546,32422800
1998-07-08,16.810855865478516,16.849105821941492,16.3327314096913,16.543106170237674,41553600
1998-07-09,16.982982635498047,17.13598247906109,16.79173283104424,16.829982791935002,43690000
1998-07-10,17.317668914794922,17.327231404532522,16.810856958702082,17.002106753454097,45396800
1998-07-13,17.987045288085938,18.09223268743147,17.38460836456153,17.46110829135828,69223200
1998-07-14,17.824485778808594,18.16873550415039,17.671485900878906,18.092235565185547,56972400
1998-07-15,17.958354949951172,18.053979843188397,17.690605248886936,17.747980184829274,48690000
1998-07-16,17.958354949951172,18.187854693720517,17.8436050780665,18.06354233251212,65125200
1998-07-17,18.044422149658203,18.302609430018972,17.738422409971367,17.977484706601707,83108400
1998-07-20,17.90097999572754,18.28347956828582,17.872292527785667,18.082667292692722,45794800
1998-07-21,17.260284423828125,18.206970383916204,17.212472001601455,17.881845912774843,74605200
1998-07-22,17.86272430419922,17.939224194152963,17.116850377150215,17.13597534963865,71654400
1998-07-23,17.288978576660156,17.977477723518305,17.288978576660156,17.79579044865296,51029600
1998-07-24,17.41329574584961,17.690607979034475,17.21248343906057,17.40373325505013,60366400
1998-07-27,17.86272430419922,17.86272430419922,16.935163138510074,17.308100102034572,58998000
1998-07-28,17.17422866821289,17.88185278928625,17.135978715722437,17.747977955569667,78378400
1998-07-29,16.935163497924805,17.48022522541307,16.83953863345318,17.32722544225847,59738000
1998-07-30,17.355913162231445,17.384600622003727,16.944726238828714,17.126413484053177,72746400
1998-07-31,16.820423126220703,17.36787578339872,16.820423126220703,17.27942273398568,53705200
1998-08-03,16.590925216674805,16.963862440565478,16.428362837030154,16.696112638797818,73566400
1998-08-04,15.988479614257812,16.77260361447859,15.940667175219959,16.61960380955746,91412000
1998-08-05,15.959790229797363,16.2562273161507,15.529478330252196,15.931102769827685,120208800
1998-08-06,16.351858139038086,16.361420629177875,15.854608651769091,15.873733632048669,68308000
1998-08-07,16.198856353759766,16.4474810675719,16.0745439968537,16.437918578579126,54972400
1998-08-10,15.97891616821289,16.26579078523646,15.978916168212889,16.18929088736351,46763200
1998-08-11,15.82591438293457,15.969351673414339,15.605977204198922,15.739852008646707,60976400
1998-08-12,16.074542999267578,16.093667976066232,15.758980882089809,15.959793138475662,53760000
1998-08-13,15.902422904968262,16.21798511534947,15.873735431297243,15.93111037863928,51193200
1998-08-14,15.950240135192871,16.07455255830888,15.835490206162705,16.0171775937938,29566400
1998-08-17,16.418800354003906,16.428362846929943,15.75898834210742,15.835488285515709,54073200
1998-08-18,17.021230697631836,17.10729310003559,16.428356369961513,16.504856283209296,70591200
1998-08-19,16.916046142578125,17.250733318943436,16.868233688811653,17.17423339291708,55709600
1998-08-20,17.222036361694336,17.250723818154682,16.782162029302366,16.849099427709838,49970400
1998-08-21,16.92560577392578,17.116855556682005,16.638731099791446,17.002105687028273,59523600
1998-08-24,16.887361526489258,17.135986328125,16.829986572265625,16.877799034118652,26319200
1998-08-25,17.260284423828125,17.394159206062803,17.002097343804103,17.04034728158544,58026800
1998-08-26,17.222036361694336,17.403723585943194,16.963849253551224,17.021224166471914,44804400
1998-08-27,16.715227127075195,17.25072639430415,16.60047728409756,16.916039352286052,74874000
1998-08-28,16.103233337402344,16.77260764477655,16.026733416559576,16.56223286245894,72730000
1998-08-31,14.67841911315918,16.29447958880993,14.649731649094374,16.045854900248276,132690400
1998-09-01,15.49123764038086,15.567737579345703,14.458488464355469,14.573238372802734,140112400
1998-09-02,15.3860445022583,15.950231342303821,15.338232058186648,15.577294278544919,63438400
1998-09-03,15.185226440429688,15.41472608436565,15.051351648133707,15.108726559117699,67506800
1998-09-04,14.78360652923584,15.338230836283497,14.707106624815474,15.252168443810584,50890400
1998-09-08,15.601205825805664,15.61554956392317,15.156549944163027,15.299987325338071,60625600
1998-09-09,15.64422607421875,15.978913062359126,15.548601220464356,15.644226074218748,65480800
1998-09-10,15.41473388671875,15.472108826743758,15.099171716581207,15.299984006668735,60758000
1998-09-11,15.950240135192871,16.00761509970795,15.319115525526964,15.472115430900518,58989200
1998-09-14,16.217981338500977,16.38054365144586,16.045856536559338,16.0554190255561,45086800
1998-09-15,16.571796417236328,16.590921398675725,16.08410939053174,16.198859279168115,49367600
1998-09-16,16.55266761779785,16.600480060368035,16.237105496834634,16.504855175227668,42886800
1998-09-17,16.0554141998291,16.29447635289386,16.03628922758392,16.11278911656464,45178400
1998-09-18,16.122358322143555,16.256233183656015,15.959795990306995,16.179733262791753,47361600
1998-09-21,16.504854202270508,16.5335416661215,15.66335526264142,15.682480238542082,45872000
1998-09-22,16.705665588378906,16.8108529504122,16.332728577533583,16.59091573888804,43082000
1998-09-23,17.38459587097168,17.42284580688141,16.60047218482224,16.77259689641602,65263600
1998-09-24,16.849109649658203,17.537609022402464,16.676984806472138,17.30810923148771,63521600
1998-09-25,17.298542022705078,17.3081045113854,16.619605326402116,16.696105235844705,47878400
1998-09-28,17.030790328979492,17.499352218996336,16.79172814019539,17.288977492866323,41405200
1998-09-29,17.26985740661621,17.44198223126687,17.040357640415333,17.107295072223923,48743200
1998-09-30,16.83954429626465,17.375043717383797,16.834763051433228,17.18379392412696,38875600
1998-10-01,15.92154598236084,16.75348261927699,15.911983492281344,16.533545347448584,65442400
1998-10-02,15.931111335754395,16.093673696323314,15.452986745845799,15.816361434176331,65889600
1998-10-05,15.481674194335938,15.739861472437894,14.764487310719387,15.68248652174857,114937600
1998-10-06,14.93661117553711,15.854610325890222,14.898361210939063,15.682485485199013,76550000
1998-10-07,14.40110969543457,15.261733780819108,14.2863598173833,14.898359166990081,90710400
1998-10-08,13.951671600341797,14.056858980467746,13.42573469971205,13.856046709318207,144719200
1998-10-09,14.821856498718262,14.84098147484564,14.11423238200526,14.257669702960598,72661600
1998-10-12,15.26173210144043,15.452981877147703,15.070482325733156,15.185232191157521,51502800
1998-10-13,14.754922866821289,15.261734864191041,14.649735471140774,15.2234849021254,47995600
1998-10-14,15.3286714553833,15.510358765210052,14.668859646012466,14.668859646012466,62403200
1998-10-15,16.131914138793945,16.1606015972506,15.24260292663755,15.319102815855304,66253600
1998-10-16,16.074542999267578,16.294480232452084,15.91198069647903,16.21798032525747,68620000
1998-10-19,15.749420166015625,15.94066995552401,15.472107971228464,15.93110746604859,60177600
1998-10-20,15.338234901428223,15.816359430774488,15.24260999555897,15.797234449600639,94368400
1998-10-21,16.284914016723633,16.351851420198127,15.768539761348954,16.045851861457578,125377200
1998-10-22,16.829980850219727,16.849105828458615,16.10323167714206,16.217981546575373,81910800
1998-10-23,16.275354385375977,16.829978682879975,16.246666921711977,16.676978876671974,59882000
1998-10-26,16.38054084777832,16.523978158179183,16.170166125857058,16.342290898338092,59678400
1998-10-27,16.131914138793945,16.504851098730498,16.064976735728408,16.48572612642606,65434800
1998-10-28,16.170166015625,16.31360332504805,16.04585368079169,16.04585368079169,56808400
1998-10-29,16.3136043548584,16.44747918543754,16.131917084786703,16.131917084786703,52402800
1998-10-30,16.198856353759766,16.55266844649242,16.084106485846473,16.409231111600803,59322800
1998-11-02,16.189294815063477,16.3518571374829,16.06498245086039,16.27535722105023,48388400
1998-11-03,16.09367561340332,16.30405045802297,16.026738162842523,16.141488078089605,36546800
1998-11-04,16.141481399536133,16.418793579978402,16.045856509728456,16.189293844439973,67459600
1998-11-05,16.275354385375977,16.466604143135974,16.103229603391977,16.112792091279974,76727200
1998-11-06,16.724790573120117,16.79172798536245,16.20841625010783,16.227541225034212,74461200
1998-11-09,16.935163497924805,17.040350848843595,16.64828890450993,16.705663823192907,68956800
1998-11-10,17.145540237426758,17.35591496426635,16.83954063475099,16.849103122334604,72075600
1998-11-11,16.992542266845703,17.55672909506399,16.963854801004096,17.355916834172735,63899200
1998-11-12,16.63873291015625,17.002107536929778,16.600482949443247,16.868232674434267,38526800
1998-11-13,16.829980850219727,16.90648076317527,16.58135613311421,16.59091862223365,28368800
1998-11-16,16.64828872680664,17.097725585026005,16.44747651355969,17.030788180610354,42620400
1998-11-17,17.11685562133789,17.193355534729346,16.667418630163098,16.67698111933703,58744000
1998-11-18,16.791732788085938,16.992545082248697,16.696107886103672,16.763045317491258,41691200
1998-11-19,17.097732543945312,17.212482426790583,16.68654546374976,16.68654546374976,45220800
1998-11-20,17.38459587097168,17.403720838926542,17.021221479829258,17.250721095287627,48405200
1998-11-23,18.235660552978516,18.38866032688919,17.21247456495088,17.21247456495088,110870400
1998-11-24,18.618167877197266,19.134542332959285,18.149605871042837,18.159168360964358,101114800
1998-11-25,19.010231018066406,19.029355998969894,18.47473155276876,18.771168756772813,41394000
1998-11-27,19.593542098999023,19.60310458904246,19.0197926963929,19.14410506695756,26335600
1998-11-30,18.66598129272461,19.930620650287533,18.656418802308256,19.79435516185448,70900000
1998-12-01,19.813478469848633,19.851728428284634,18.379105028498586,18.398230007716588,86330800
1998-12-02,19.39272689819336,19.851726351405034,19.201477126021825,19.765663953927845,65759600
1998-12-03,18.685104370117188,19.727415719320245,18.665979391232728,19.41185356772666,51426800
1998-12-04,19.488357543945312,19.488357543945312,18.971983006470804,19.1154203779915,44352000
1998-12-07,20.435043334960938,20.463730808056344,19.392731812494514,19.536169177971544,89809200
1998-12-08,20.07166290283203,20.54022482862468,19.851725672357933,20.329850086432064,77585200
1998-12-09,20.444604873657227,20.473292345416333,19.889980419647816,20.215105099584367,44781600
1998-12-10,20.129037857055664,20.59759978341943,20.10035039217625,20.368100064384116,57015600
1998-12-11,20.50197982788086,20.607167224385844,20.00473031713002,20.042980279495467,51728800
1998-12-14,19.574413299560547,20.463724700077954,19.53616334685012,20.31072488923625,64077600
1998-12-15,20.176855087280273,20.19598006840566,19.775230483647206,19.7847929742099,51719600
1998-12-16,20.463720321655273,20.674095016550794,19.75609634791579,20.27247059902298,60024000
1998-12-17,20.55935287475586,20.63585279242937,20.23422822464344,20.530665405628294,46963600
1998-12-18,21.08529281616211,21.152230253673736,20.521105842849835,20.654980717873087,59648000
1998-12-21,21.486907958984375,21.754657590872032,21.07572102429976,21.209595840243587,48112000
1998-12-22,21.180912017822266,21.496474138178083,21.018349713396542,21.496474138178083,41350000
1998-12-23,21.965036392211914,22.003286346747764,21.324349653736423,21.477349471879826,34940000
1998-12-24,21.687721252441406,22.031970796130953,21.64947130314257,21.974595872182697,13832400
1998-12-28,21.78335189819336,21.974601695368015,21.6494770401711,21.878976796780687,23636400
1998-12-29,21.49646759033203,21.812029614567333,21.3625927921716,21.812029614567333,29651600
1998-12-30,21.2669677734375,21.93395113773483,21.24784280241822,21.553842338726675,34942800
1998-12-31,21.219165802001953,21.419978096658124,21.113978409563007,21.295665723775734,23834400
1999-01-04,21.572978973388672,22.223228339607832,21.32435421571664,21.36021355576549,69305200
1999-01-05,22.41446876525879,22.64396844544915,21.63990734461631,21.7068447513385,64281600
1999-01-06,23.14122772216797,23.179477685345105,22.452728384979498,22.87347797992801,69064800
1999-01-07,23.026473999023438,23.045598977427943,22.68222438774236,22.91172412859641,51150400
1999-01-08,22.930849075317383,23.33247362125705,22.490974572621553,23.284661175311854,50244800
1999-01-11,22.56747817993164,23.0934151714131,22.070228660712807,23.08385268065889,46463200
1999-01-12,21.75465965270996,22.663095989856092,21.572972385280735,22.663095989856092,57907200
1999-01-13,22.0032901763916,22.605727065184592,20.807978889103925,20.807978889103925,75346000
1999-01-14,21.687721252441406,22.271032979248695,21.64947130314257,22.223220542625146,59214000
1999-01-15,22.911714553833008,22.949964494657436,21.630341536214637,21.869403666367315,59344000
1999-01-19,23.810585021972656,24.23133431553362,23.08383624218554,23.16033611374208,102741600
1999-01-20,24.881608963012695,25.665733457619552,24.86009335188019,25.541421037742857,125481200
1999-01-21,24.221790313720703,24.986789613009158,24.135727892550754,24.74772733198152,80077200
1999-01-22,23.90622329711914,24.515831991195682,23.75322346801758,23.810598403930666,82160000
1999-01-25,24.7668514251709,24.986788715819134,24.346101825669926,24.73816395247765,103076400
1999-01-26,26.24903106689453,26.277718532541414,25.168469860862082,25.321469677645435,120203200
1999-01-27,25.799591064453125,26.688902394695578,25.780466089609202,26.39246528461476,98048000
1999-01-28,26.6219539642334,26.631516447697564,25.981267572134392,26.277704559523485,78838400
1999-01-29,26.77497673034668,26.7941017137255,26.143852278845653,26.736726763589044,79571600
1999-02-01,26.45940399169922,26.918403410420417,26.134279403438367,26.841903507300216,81729200
1999-02-02,25.6466064453125,26.402043398772488,25.43623159751352,26.392480905690718,91965600
1999-02-03,25.522275924682617,25.990837753198708,25.397963602831407,25.45533852060889,73749200
1999-02-04,24.336528778076172,25.76133930378672,24.307841317826966,25.72308935678778,89151600
1999-02-05,24.479976654052734,24.72860141694546,23.69585240185261,24.518226617574694,127945200
1999-02-08,25.283220291137695,25.331032734956036,24.72859594284496,24.87203327429998,109866800
1999-02-09,24.489540100097656,25.51272666421732,24.441727643830383,25.23541441786713,77293600
1999-02-10,24.575603485107422,25.14935298281421,24.269603752997135,24.460853585566063,73694000
1999-02-11,24.900724411010742,25.072849234128327,24.53734978442917,24.900724411010742,60366000
1999-02-12,24.135723114013672,25.044159602060937,24.04009822053501,24.738159942929226,62930400
1999-02-16,23.90622329711914,24.460847677612307,23.648036085510256,24.441722698974612,73666800
1999-02-17,22.949970245361328,23.581094427108766,22.720470542907716,23.39940716266632,101215600
1999-02-18,22.29973030090332,23.160354540646587,22.02958991453946,23.093417099777668,117035200
1999-02-19,22.605731964111328,22.83523178100586,22.299732208251953,22.5579195022583,73085600
1999-02-22,22.768285751342773,22.79697321764014,22.14672398156651,22.682223352450674,92514400
1999-02-23,23.78190803527832,23.810595499735832,23.026471471230476,23.399408509178144,95106800
1999-02-24,23.389842987060547,24.384341625921667,23.370718013236296,23.93490474105174,67696800
1999-02-25,23.4854793548584,23.523729321234388,22.89260487603054,23.313354506166437,70817200
1999-02-26,22.96910285949707,23.332477509230994,22.873477951672353,23.31335252766605,59273200
1999-03-01,23.217723846435547,23.342036206404106,22.87347423421492,22.883036723443272,58332000
1999-03-02,22.73003578186035,23.581097281475653,22.586598450464514,23.236847686125643,58569600
1999-03-03,22.89259147644043,23.05515373838675,22.500529550569897,22.796966616472005,76798400
1999-03-04,23.294219970703125,23.485469724157173,22.663095784304762,23.12209519259448,61696400
1999-03-05,23.70540428161621,23.77234168781682,23.42809217021368,23.676716821815948,47302800
1999-03-08,24.326969146728516,24.36282847624905,23.714969922911447,23.79146982588858,46726000
1999-03-09,24.75727653503418,25.206713382135995,24.44171449345205,24.46083946566915,90129600
1999-03-10,24.690353393554688,24.862478242928812,24.355666186438338,24.833790768033126,53114800
1999-03-11,24.69990348815918,25.178027829780536,24.37477893585666,24.632966080332192,62948400
1999-03-12,24.508655548095703,24.900717536964965,23.99228122129228,24.881592561898174,73395200
1999-03-15,25.378849029541016,25.397974009970213,24.154850282072573,24.566037361300253,60609600
1999-03-16,25.86652946472168,26.009966781531595,25.13021790509744,25.321467660843997,68554000
1999-03-17,25.570091247558594,25.923903280527803,25.512716323293315,25.866528356262524,44919600
1999-03-18,26.382898330688477,26.40202330229463,25.42664975038081,25.464899693593118,56231200
1999-03-19,26.191661834716797,26.641098894312158,25.99084953149334,26.602848931793403,91980400
1999-03-22,26.44028091430664,26.765405525911135,26.315968562810802,26.459405891459845,55719200
1999-03-23,25.484041213989258,26.641102747532486,25.436228753925487,26.421165431239142,69581200
1999-03-24,26.20121955871582,26.2872819587262,24.958096003010326,25.550970314192945,82634400
1999-03-25,27.530405044555664,27.549530022009336,26.392468886062396,26.478531284603903,109447600
1999-03-26,27.253087997436523,27.59733753003572,26.889713490804034,27.3774003286529,94687600
1999-03-29,28.266714096069336,28.343213998900374,26.88971584511061,27.578214970589972,79777000
1999-03-30,28.457962036132812,28.610961832026,28.22846234229303,28.5727118830527,67502400
1999-03-31,27.425216674804688,28.955214815658504,27.272216860719304,28.91696486213716,58752600
1999-04-01,28.36234474182129,28.41971968061122,27.62125178245138,27.922470211098506,41106000
1999-04-05,29.050827026367188,29.074733236889216,28.610952752761893,28.859577342190974,39848600
1999-04-06,28.783092498779297,29.26121695889191,28.53446777952074,29.12734211006038,39674800
1999-04-07,28.553586959838867,29.069961271905612,27.92246280064618,29.031711322863632,46910200
1999-04-08,28.936092376708984,28.955217355146996,27.84596860574242,28.534467829510778,38637000
1999-04-09,28.840463638305664,29.069963348955312,28.45796412055625,28.840463638305664,31816800
1999-04-12,28.457962036132812,28.649211780999295,27.960712699479952,28.037212597426546,37858800
1999-04-13,27.578218460083008,28.496217410210594,27.291343788168135,28.496217410210594,46746800
1999-04-14,26.27771759033203,27.88421560895495,26.27771759033203,27.78859072689406,52944000
1999-04-15,27.195711135864258,27.501710698574403,25.665713322313525,26.71758681912965,72594600
1999-04-16,26.50722312927246,27.27222235378249,26.277723361919453,27.253097373169737,44774000
1999-04-19,24.785972595214844,26.966220184608744,24.59472280667152,26.583720607522096,75389000
1999-04-20,25.43621253967285,25.703962145353618,24.479963947955827,25.168462933992085,108459400
1999-04-21,25.091976165771484,25.244976020440824,24.47997674709413,25.13022612943882,92732800
1999-04-22,25.9908504486084,26.08647535827951,25.512725900252835,26.00997543054262,55096400
1999-04-23,26.315963745117188,26.621963323548783,25.3979650098224,26.00996416668559,56592000
1999-04-26,26.927974700927734,27.214849431406368,26.545475060289554,26.679349934512917,48349800
1999-04-27,25.703968048095703,27.157466241291594,25.684843071869444,27.157466241291594,58665800
1999-04-28,25.130218505859375,26.468966828089325,25.00590616165231,26.105592283484054,55963400
1999-04-29,25.11109733581543,25.608346788009793,24.604285394155788,25.20672223046819,60880600
1999-04-30,24.881608963012695,25.62748348227288,24.44173424652592,25.32148367949947,58558600
1999-05-03,24.441728591918945,24.93897815638678,24.040103943694927,24.91985317313802,67180000
1999-05-04,23.887100219726562,25.03459902932111,23.791475318927017,24.63297444596302,66502200
1999-05-05,24.212221145629883,24.441720872128748,23.38984712567563,24.212221145629886,67028200
1999-05-06,23.848844528198242,24.82421828195775,23.714969699250858,24.690343453010367,74021000
1999-05-07,24.193090438842773,24.59471486510024,23.867965903301013,24.365215192953116,48011600
1999-05-10,24.384342193603516,24.632966859106922,23.944467785405177,24.441717116411994,46218000
1999-05-11,24.441728591918945,24.79075953620887,24.307853709177607,24.70947835740163,42786200
1999-05-12,24.632970809936523,24.785970628631784,24.25047126319838,24.709470719284152,60142600
1999-05-13,24.212221145629883,25.0154701883759,24.212221145629886,24.824220416293514,51737200
1999-05-14,23.523725509643555,24.460849534011466,23.44722558928699,24.13572487249607,84401000
1999-05-17,24.212221145629883,24.346095986087555,23.561971920549777,23.67672178379921,66850200
1999-05-18,24.078353881835938,24.556478462491935,23.84885408312106,24.422603579908255,63858400
1999-05-19,24.26960563659668,24.441730499267578,23.63848114013672,24.441730499267578,46510800
1999-05-20,24.001846313476562,24.47997074203187,23.98272133633435,24.346095902036385,42386200
1999-05-21,23.73409652709961,24.173970999398797,23.561971733591232,24.020971182946905,56568800
1999-05-24,23.638477325439453,23.829727141988318,23.275102673996614,23.829727141988318,38990000
1999-05-25,23.332473754882812,24.250472722288038,23.294223797907595,23.485473582783683,50791600
1999-05-26,24.020973205566406,24.020973205566406,23.1029742295575,23.619348653562508,52022800
1999-05-27,23.98272132873535,24.307845940049948,23.714971648829216,23.94447137446305,56702200
1999-05-28,24.690353393554688,24.74772834334606,23.90622907973924,24.097478912377156,41548000
1999-06-01,24.020973205566406,24.709472437573087,24.001848226899554,24.671222480239383,36046400
1999-06-02,24.001846313476562,24.0592212449032,23.332472113499126,23.887096450623286,42812600
1999-06-03,23.3707218170166,24.15484587143369,23.294221909268597,23.982721079000672,32934400
1999-06-04,24.34609031677246,24.384340262281924,23.485466542809572,23.542841461073763,35668200
1999-06-07,24.55647087097168,24.80509557605161,24.231346256636385,24.460845984402475,32392200
1999-06-08,24.288724899291992,25.130224029661164,24.173975017878014,24.441724741177296,41516400
1999-06-09,25.187604904174805,25.28322982788086,24.47998046875,24.518230438232422,53310800
1999-06-10,24.441728591918945,25.1876029386207,24.19310380968503,25.053728055879358,35277400
1999-06-11,23.90622329711914,24.632972485351566,23.734098489379885,24.479972656250002,34543000
1999-06-14,23.73409652709961,24.38434574702015,23.695846572986635,24.097471091172853,28369800
1999-06-15,23.772357940673828,24.135732679911804,23.466358160262903,23.887107858327926,36981000
1999-06-16,24.785972595214844,24.97722238375817,24.154848293021875,24.19309825073054,48325200
1999-06-17,25.359703063964844,25.397952993171426,24.63295440903976,24.690329302849634,44475200
1999-06-18,26.00997543334961,26.00997543334961,25.13022626428043,25.18760121008929,69116200
1999-06-21,27.214841842651367,27.233966819350346,25.971718357217537,25.971718357217537,56194400
1999-06-22,26.468984603881836,27.06185925902659,26.392484648379288,27.06185925902659,38751000
1999-06-23,26.315963745117188,26.736713165460632,26.029089140337568,26.29683877146521,33942000
1999-06-24,25.89521598815918,26.39246533505145,25.703966239354457,26.239465536007675,33559000
1999-06-25,25.9908504486084,26.44985001502974,25.818725611200396,26.124725322147956,24933000
1999-06-28,26.545467376708984,26.564592353205175,25.990843058319534,26.162967846785225,31701000
1999-06-29,26.927974700927734,26.947099682959642,26.31597527590665,26.526350078257646,38973200
1999-06-30,27.597341537475586,27.616466514286035,26.54546781290098,26.851467441868138,57610200
1999-07-01,27.903343200683594,27.998968091707184,27.04271918147128,27.501718658384515,47737800
1999-07-02,28.1519718170166,28.190221778724506,27.63559733395991,27.807722161645476,32094800
1999-07-06,27.406097412109375,28.438846372509868,27.31047250836859,28.22847158428014,45419400
1999-07-07,28.247594833374023,28.247594833374023,27.501720629920005,27.559095568647237,33834600
1999-07-08,28.324092864990234,28.457967713102953,27.75034351593574,28.094593125368437,37790400
1999-07-09,28.53445816040039,28.553583132357762,28.228458609082423,28.26670855299717,33884200
1999-07-12,28.821340560913086,28.99346535523838,28.266716223642696,28.51534092655701,43847800
1999-07-13,28.64921760559082,28.783092454215076,28.400592886717202,28.49621777859167,30845000
1999-07-14,29.050827026367188,29.06995199478481,28.304953258079948,28.68745262643238,37985200
1999-07-15,28.87870979309082,29.146459420311533,28.687460059361744,29.0699595268199,40926200
1999-07-16,30.42784309387207,30.56171795349313,29.06996951771562,29.222969357282544,115369800
1999-07-19,30.102724075317383,30.829473449435593,29.930599223552544,30.599973647082475,81181600
1999-07-20,28.553586959838867,29.60546055849335,28.24758736750302,29.509835685888394,92287400
1999-07-21,28.974334716796875,29.165584450901147,28.457960434715346,28.649210168819618,54050800
1999-07-22,27.865102767944336,28.916976928710938,27.53997802734375,28.878726959228516,60904200
1999-07-23,27.616456985473633,28.075456270550756,27.444332253569712,28.018081359916117,68833200
1999-07-26,26.81320571899414,27.4825796135482,26.813205718994137,27.195705087310746,50885000
1999-07-27,27.176597595214844,27.463472305931397,26.92797284592716,27.176597595214844,65513000
1999-07-28,27.539979934692383,27.692979823218455,27.04273029698266,27.291355115837522,62215200
1999-07-29,26.60285186767578,27.17660136877591,26.41160203397574,27.138351402035898,57968200
1999-07-30,26.258596420288086,27.11922048358959,26.162971524365698,26.813220816637944,51127400
1999-08-02,25.952594757080078,26.602843999335583,25.818719913086294,26.22034444506764,48050600
1999-08-03,25.933475494384766,26.335100114873025,25.81872560281669,26.27772516908899,55051200
1999-08-04,25.9908504486084,26.67934979824041,25.93347550280573,26.048225394411066,75573400
1999-08-05,26.239463806152344,26.430713542348787,25.93346422823803,26.124713964434477,76634000
1999-08-06,26.0482120513916,26.4498364662809,25.990837134978843,26.335086633455386,67205800
1999-08-09,25.6466064453125,26.25860600254591,25.608356472985413,26.201231044055277,39333600
1999-08-10,25.378849029541016,25.723098677266517,24.977224440527934,25.57009883383296,62743000
1999-08-11,25.76134490966797,25.914344730957755,25.187595579831264,25.703969976684295,66105200
1999-08-12,25.01546287536621,25.761336768439058,24.977212932131707,25.684836881970046,61062000
1999-08-13,25.914344787597656,26.20121945314302,25.32147047880391,25.378845411912984,65099800
1999-08-16,25.799591064453125,26.2824966792622,25.187591869447566,26.02909076258021,57321800
1999-08-17,25.8760929107666,26.162967555010134,25.378843527411146,26.14384257872723,51749000
1999-08-18,26.00997543334961,26.373350090139052,25.723100704305313,25.837850595923033,58361200
1999-08-19,25.6466064453125,26.048231154746926,25.43623159751352,25.876106279275028,71478200
1999-08-20,25.512723922729492,25.94303598289547,25.417099020470385,25.703973727247703,46072800
1999-08-23,26.449848175048828,26.507223116860217,25.665723970293225,25.79959883451979,60447000
1999-08-24,28.2093505859375,28.610975238347457,26.641101943193856,26.641101943193856,120450000
1999-08-25,29.165592193603516,29.375966956967215,28.515342925024814,28.64921777443808,81877600
1999-08-26,28.95520782470703,29.490707044714824,28.66833324256,29.184707490424657,61246000
1999-08-27,28.53445816040039,29.108207319121576,28.26670855299717,29.089082347164204,41948400
1999-08-30,28.228458404541016,28.591832869098116,28.018083714534274,28.419708122728967,33300800
1999-08-31,28.324092864990234,28.496217669706585,27.578218711219392,28.094593125368437,46882800
1999-09-01,28.266714096069336,28.591838683101255,28.037214387576213,28.247589120361575,36607200
1999-09-02,28.094593048095703,28.324092787086276,27.750343439609846,27.99896815684963,33340800
1999-09-03,29.33770751953125,29.509832270297732,28.610958571850556,28.6874584610801,52098000
1999-09-07,28.840463638305664,29.586337697917017,28.6874638312059,29.03171339718037,47028000
1999-09-08,28.228458404541016,28.97433230547401,28.171083489084634,28.668332756373296,42568200
1999-09-09,28.783092498779297,28.80699872178493,28.08981203161601,28.28584306026218,38475200
1999-09-10,29.069974899291992,29.165599816723873,28.76397516350997,29.089099882778367,34455000
1999-09-13,28.7257137298584,29.012588367639943,28.57271392304158,28.91696348837943,27870800
1999-09-14,29.08909034729004,29.242090165027264,28.649215871295514,28.668340848512667,40207800
1999-09-15,28.343225479125977,29.29947465183603,28.26672554530917,29.222974718019227,48413800
1999-09-16,28.763967514038086,28.783092492438378,27.731218680422355,28.419717902832843,45796000
1999-09-17,29.509845733642578,29.528970714675395,28.7065965302641,28.87872135955949,79773400
1999-09-20,29.854089736938477,29.949714623988246,29.069965663130354,29.375965301689618,48601800
1999-09-21,28.95520782470703,29.54808196114423,28.802208047561948,29.54808196114423,47082800
1999-09-22,29.39509391784668,29.56721873584318,28.668344686305904,28.993469342521514,48531600
1999-09-23,27.903343200683594,29.64371621731293,27.54474985934513,29.64371621731293,71073600
1999-09-24,27.826841354370117,27.960716192501106,27.195717117466877,27.597341631859848,70277000
1999-09-27,27.979843139648438,28.438842616990588,27.807718335645134,28.151967943651744,34132200
1999-09-28,28.190235137939453,28.362360047194173,27.2531106319971,27.922485279098783,46000600
1999-09-29,27.3869686126709,28.190217692092812,27.272218744182055,28.018092889359544,37484400
1999-09-30,27.712100982666016,28.056350684314044,27.17660144676909,27.539976131842003,47455400
1999-10-01,27.535184860229492,27.731215868958337,27.023591739888367,27.597341033728885,44239000
1999-10-04,28.324092864990234,28.343217843292052,27.616468667823025,27.692968581030293,29998000
1999-10-05,28.094593048095703,28.725717330319775,27.386968852874777,28.381467721833918,43397000
1999-10-06,28.668333053588867,28.763957913674222,28.171083781145033,28.247583669213316,35500200
1999-10-07,28.687467575073242,29.089092121124267,28.362342942555742,28.668342596689858,46036400
1999-10-08,29.050827026367188,29.127326900037676,28.190203447574216,28.610952752761893,35697000
1999-10-11,28.859600067138672,29.06997488538819,28.802225116706985,28.95522498452482,19943800
1999-10-12,28.324092864990234,28.859592257441097,28.266717930084788,28.763967365932015,27668600
1999-10-13,27.865102767944336,28.496227264404297,27.635602951049805,28.1519775390625,38098400
1999-10-14,27.750337600708008,28.22368071278073,27.444338013105437,27.80771252338349,42737800
1999-10-15,26.94709587097168,27.482595292112354,26.71759611905425,27.38697039548009,73788000
1999-10-18,26.889724731445312,26.927974695501423,26.02910054018284,26.67934992913671,75312800
1999-10-19,26.411598205566406,27.31047229366316,26.086473535403748,27.004472604098307,69945600
1999-10-20,28.228458404541016,28.266708348178607,27.616459306339586,28.018083714534274,88090600
1999-10-21,28.477096557617188,28.49622153851552,27.692972340785552,27.712097321683885,60801200
1999-10-22,28.36234474182129,28.725719354157505,28.075470047871647,28.63009445617429,43650600
1999-10-25,28.285850524902344,28.630100227030972,27.88422587241894,28.15197564074121,30492200
1999-10-26,28.266714096069336,29.146462978626296,28.233245388580755,28.878713318717654,52467600
1999-10-27,27.807714462280273,28.0372141689841,27.444339926665883,27.998964217866796,54416600
1999-10-28,27.501718521118164,27.807718170866348,27.329593718134806,27.539968477336686,70570400
1999-10-29,28.324092864990234,28.763967365932015,27.92246832065209,27.97984325555754,79452600
1999-11-01,28.266714096069336,28.821338391594377,28.190214193238294,28.534463755977974,53261200
1999-11-02,28.324092864990234,28.916967192346547,28.13284308197207,28.381467799895685,46349000
1999-11-03,28.1519718170166,28.61097135751144,27.99897197018499,28.438846529825874,44517000
1999-11-04,28.075471878051758,28.381471571545507,27.635597318654487,28.247596705641993,54239400
1999-11-05,28.018089294433594,28.419713782613186,27.692964708764396,28.09458919694399,70167400
1999-11-08,27.52084732055664,27.769472070499127,25.81872403248886,25.952598897842503,243819200
1999-11-09,27.195711135864258,27.501710698574403,26.449837201758275,27.463460753235633,109769800
1999-11-10,26.660207748413086,27.272206778505783,26.449833081818724,26.966207263459435,69385400
1999-11-11,27.425216674804688,27.67384137269343,27.00446718606989,27.00446718606989,69274600
1999-11-12,27.29132652282715,27.539951081199085,26.64107767785439,27.463451217084643,49414200
1999-11-15,26.6219539642334,27.080953170513286,26.60282899730507,27.00445330279997,47080400
1999-11-16,26.717594146728516,26.851468992130876,26.277719654692184,26.602844279240777,59165200
1999-11-17,26.00997543334961,26.641099837247065,26.00997543334961,26.4498500178842,66819000
1999-11-18,25.9908504486084,26.258600195687514,25.85697557506884,25.9908504486084,64493200
1999-11-19,26.315963745117188,26.48808850798496,25.818714430165844,25.83783940381782,58226000
1999-11-22,27.48259925842285,27.65472409720212,27.061849652517978,27.425224312163095,90596600
1999-11-23,27.425216674804688,27.960716024103522,27.042717139591232,27.31046681424065,70787400
1999-11-24,28.056352615356445,28.228477478027344,27.386978149414062,27.406103134155273,53771000
1999-11-26,27.884225845336914,28.57272524892548,27.84597587847088,28.03722571280104,28514200
1999-11-29,27.597341537475586,28.17109084178901,27.386966792560663,27.57821656066514,51460200
1999-11-30,27.860313415527344,28.4197190564432,27.40609516008284,27.463470097612674,64145600
1999-12-01,28.515329360961914,28.74482899364571,27.8077054935202,27.865080401691152,48864200
1999-12-02,29.012582778930664,29.146457584107008,28.419708641721137,28.477083558225285,55473800
1999-12-03,29.414203643798828,29.720203161549662,29.29467258217741,29.318578794501693,64100600
1999-12-06,29.203847885131836,29.739347387937134,28.993473080458322,29.146472938402695,49098200
1999-12-07,28.457962036132812,29.031711270732263,28.419712087159514,28.993461321758968,56859200
1999-12-08,28.075471878051758,28.859596092629495,28.056346897208396,28.496221456605664,40955800
1999-12-09,28.38145637512207,28.55358111055071,27.97983199245525,28.15195672788389,46258200
1999-12-10,28.7257137298584,28.802213633266813,28.22846435770373,28.57271392304158,36836000
1999-12-13,29.56721305847168,29.662837938997136,28.381464539955996,28.64443296140101,52691600
1999-12-14,30.198341369628906,30.944215538986427,29.16559251974926,29.43334222156991,144116200
1999-12-15,33.18185043334961,33.27747536255235,30.140977684702587,30.160102670543136,155571600
1999-12-16,34.788330078125,35.189954559510724,33.33483195501478,33.43045683153519,128660200
1999-12-17,35.26644515991211,35.84019426771979,34.76919593314545,35.68719450563774,105898800
1999-12-20,34.501468658447266,35.18996803300608,34.02334409278142,35.13259308512618,39433800
1999-12-21,35.45770263671875,35.68720233016029,33.85120478262793,34.38670406732487,57446000
1999-12-22,35.974090576171875,36.10796544806619,35.22821628990356,35.586809696763325,38565200
1999-12-23,35.935821533203125,36.490445708010405,35.725446846207255,35.878446618567885,31028400
1999-12-27,36.45222091674805,36.49047088623047,35.53422164916992,36.24184608459473,32202200
1999-12-28,35.95497131347656,36.35659599304199,35.821096420288086,36.33747100830078,24591000
1999-12-29,36.088844299316406,36.2227191854294,35.74459459216872,35.78284455962957,17449200
1999-12-30,35.993202209472656,36.70082626991394,35.84020241262049,36.06970210789874,22360000
1999-12-31,35.72544860839844,36.03144816821341,35.57244882849095,35.95494827825967,12517600
2000-01-03,35.66808319091797,36.2992074511326,34.27195982741287,35.91670789948737,53228400
2000-01-04,34.463218688964844,35.840217437913495,34.34846879321912,34.750093428329144,54119000
2000-01-05,34.82659149169922,35.61071573725643,33.46871779817333,34.004217282944104,64059600
2000-01-06,33.65996170043945,34.84571035125039,33.16271226622842,34.32933593880047,54976600
2000-01-07,34.099830627441406,34.34845530391742,32.83758226994778,33.23920674733211,62013600
2000-01-10,34.34845733642578,34.788331790065975,34.080707668992616,34.711831885085076,44963600
2000-01-11,33.468719482421875,34.96046812220982,33.25834467424665,34.11896888950893,46743600
2000-01-12,32.37858963012695,33.315713606427146,31.95784008974728,33.20096373177814,66532400
2000-01-13,32.9905891418457,33.23921387161034,31.05896624136662,31.938715285149172,83144000
2000-01-14,34.34845733642578,34.86483169504688,32.35945980692228,32.79933426056248,73416400
2000-01-18,35.28559112548828,35.64896577664507,34.195467172017906,34.21459215365774,81483600
2000-01-19,32.74198532104492,34.11898470370569,32.43598545823142,33.812984840892184,97568200
2000-01-20,32.43596267700195,33.56433637861936,32.39771272101492,32.76108730289172,56349800
2000-01-21,31.747467041015625,32.81846592914627,31.5944671998541,32.74196600856551,68416200
2000-01-24,30.98247528076172,32.340349197387695,30.848600387573242,31.761818408966064,63597600
2000-01-25,31.460575103759766,31.78569958811473,30.466076681026934,30.905950983389534,59823200
2000-01-26,30.408714294433594,31.670962812315743,30.33221438425892,31.345838194073373,49365000
2000-01-27,30.217464447021484,30.963338569447963,29.758464987066727,30.56649528636208,63654800
2000-01-28,30.064472198486328,30.676471632552207,29.75847248145339,30.026222233857208,58225400
2000-01-31,29.94972038269043,30.045345288126864,29.031721290500688,29.873220458341287,73194200
2000-02-01,31.49884033203125,31.59446522678544,29.892342100160803,30.140966826521705,70196600
2000-02-02,30.848583221435547,31.804831926377755,30.752958350941327,31.345832548005497,49915600
2000-02-03,31.709218978881836,31.881343810492172,30.638220026639747,31.231094446630905,49186000
2000-02-04,32.60808563232422,33.04796010126466,31.86699277704412,31.938711440458324,55365400
2000-02-07,32.6272087097168,32.703708612904876,31.90045962943002,32.684583637107856,40005800
2000-02-08,33.640846252441406,33.65997123609828,32.56984716765646,32.56984716765646,56229000
2000-02-09,31.823959350585938,33.48783222528604,31.785709399443405,33.48783222528604,55090000
2000-02-10,32.43596267700195,32.60808747894359,31.364963909365095,31.79049466972081,54527800
2000-02-11,30.580821990966797,32.09169437200894,30.33219742193455,32.09169437200894,115559000
2000-02-14,30.485212326049805,31.135461522464922,30.31308753876345,30.97768046745243,81028600
2000-02-15,30.160097122192383,30.59997171560419,30.026222245936612,30.52347178631518,71027600
2000-02-16,29.87322235107422,30.657346625334167,29.720222492682034,30.370471890848822,65202600
2000-02-17,30.485212326049805,30.504337302414957,29.724994515535077,30.140962751477097,80343400
2000-02-18,29.08909034729004,30.619088524662295,29.03171541563858,30.599963547445142,79063000
2000-02-22,28.706581115722656,29.720204566177884,28.400581583509755,29.108205501752085,66296200
2000-02-23,28.840463638305664,29.299463059604957,28.17108948224419,28.610963927656016,75847200
2000-02-24,28.993467330932617,29.337716943041315,28.15196827911135,28.84046750332875,69733200
2000-02-25,27.94157600402832,28.979105434704937,27.692951439995216,28.974324193088915,65301400
2000-02-28,28.018089294433594,28.19021407508199,26.966215634915606,27.616464806253997,76131800
2000-02-29,27.348722457885742,28.075471725997392,27.1957226119675,28.075471725997392,58437400
2000-03-01,27.788599014282227,28.792660575362625,27.214849550807717,27.425224354081703,106889800
2000-03-02,28.57271385192871,29.184713077672836,27.884214722966576,28.094589456816117,106932600
2000-03-03,29.414203643798828,30.25570231761362,28.725704728859455,28.993454306891433,101435200
2000-03-06,27.731216430664062,29.796713930327314,27.57821661587419,29.37596443965517,93609400
2000-03-07,28.419715881347656,29.834964182303057,28.132841225748585,29.414214687424423,135061000
2000-03-08,29.24209213256836,29.43334191760805,27.845968701778634,28.706592734457235,94290000
2000-03-09,30.599956512451172,30.599956512451172,29.069958686828613,29.165583550930023,88198800
2000-03-10,30.905967712402344,31.364967232883565,30.44696819192112,30.466093171941168,85589000
2000-03-13,29.987957000732422,30.67645601350434,29.83495722011644,29.873207165270436,61831800
2000-03-14,29.10822296142578,30.370471788925194,29.108222961425785,30.179221966576797,73489200
2000-03-15,29.18471336364746,29.567212883485567,28.668339011866017,28.936088675752693,53208000
2000-03-16,29.18471336364746,29.58633785947747,28.534464179922683,29.35683814757461,77300800
2000-03-17,30.408714294433594,30.44696424952093,28.91696604602742,29.146465776551445,81161600
2000-03-20,29.796716690063477,30.523465877626,29.528966989382546,30.217466219704935,47773000
2000-03-21,31.441463470458984,31.55621333713949,29.52896569245053,29.605465603570867,81648800
2000-03-22,31.594457626342773,32.32120665164606,30.944208498439835,31.46058280589217,93975800
2000-03-23,34.23371124267578,34.5397108962416,32.627213061455244,32.684587996498834,148224000
2000-03-24,34.17633819580078,35.18996210423807,33.526088896048556,34.463212886867936,112196800
2000-03-27,31.84309196472168,33.12446563537414,31.804842004403696,32.97624703914195,111434000
2000-03-28,31.919580459594727,32.87582912525065,31.32670628688805,31.70920575315042,81114400
2000-03-29,32.79933547973633,33.33483483450753,32.168211240184554,32.18733621714067,64363800
2000-03-30,31.63273048400879,33.23922949287018,31.364980649198557,32.493354953041674,64178400
2000-03-31,32.512451171875,33.12445025275735,31.862202148437497,32.435951286764706,64281400
2000-04-03,27.807714462280273,29.52896226255897,27.539964804459142,28.89783806912345,260118200
2000-04-04,27.100109100341797,28.15198348320616,25.99085975113938,28.018108561750694,181244400
2000-04-05,26.43071746826172,27.08096666791505,26.277717656578584,27.00446676207348,82887600
2000-04-06,26.315963745117188,26.92796290198038,26.091245304706483,26.88971295467643,66421400
2000-04-07,27.253087997436523,27.348712867602966,26.009964685272752,26.62196385433799,82613600
2000-04-10,26.33509635925293,27.119220506478324,26.315971380052307,27.119220506478324,60685400
2000-04-11,25.66572380065918,26.335098117367878,25.55097391779483,26.048223410207008,71961800
2000-04-12,24.288724899291992,25.16847399013249,24.097475096935362,25.130224029661164,153003800
2000-04-13,24.250473022460938,25.168472001229173,24.173973107563583,24.74772246929373,94316200
2000-04-14,22.682218551635742,24.32696627123159,22.414468922864327,24.212216430329555,151217800
2000-04-17,23.217723846435547,23.255973803348947,22.33797483742728,22.72047440656131,119772200
2000-04-18,24.652088165283203,25.07283753660689,23.21771530849791,23.408965022735952,91794600
2000-04-19,24.078353881835938,24.93897812701673,23.90622903279978,24.91985314379049,53715400
2000-04-20,24.154857635498047,24.441732429268807,23.714982951716213,24.059232704241126,52387400
2000-04-24,20.387229919433594,20.8079795050129,19.889980409203506,20.57847973106055,313645800
2000-04-25,21.228723526000977,21.266973478300077,20.693224193813563,21.03747376450547,159517400
2000-04-26,20.807985305786133,21.764234630500567,20.616735440843247,21.419984873603372,107091200
2000-04-27,21.36259651184082,21.40084646083248,20.616722506503496,20.635847480999324,77669800
2000-04-28,21.343477249145508,21.725976841424103,20.884477738411196,21.649476922968383,78082600
2000-05-01,22.471845626831055,22.64397040184508,21.936346326787422,22.299720851817032,107811000
2000-05-02,21.3817195892334,22.490968011572875,21.266969752439657,22.280593310784354,97716200
2000-05-03,21.592105865478516,21.6686057976857,21.056606340028207,21.534730916323124,55354800
2000-05-04,21.553852081298828,21.802476816930493,21.209602447347294,21.51560212197088,43317200
2000-05-05,21.764223098754883,21.974597838725273,21.381723571535993,21.49647342970166,36402200
2000-05-08,21.36259651184082,21.840720874236542,21.324346562849165,21.70684605276574,36187600
2000-05-09,20.750600814819336,21.553849878618795,20.65497592627178,21.47734996778075,60778400
2000-05-10,20.25335121154785,20.769725605043405,20.119476368789744,20.73147564996966,67740000
2000-05-11,20.769729614257812,20.846229539172207,20.11948025248547,20.387229989685846,58390800
2000-05-12,21.056604385375977,21.34347910452279,20.88447955388789,20.94185449771725,37886000
2000-05-15,21.228723526000977,21.24784850215053,20.807974050710868,21.113973669103675,33899600
2000-05-16,21.2669677734375,21.61121725178451,21.13309297630255,21.286092744456777,48410600
2000-05-17,20.712352752685547,21.15222728021257,20.57847789648167,21.075727362381784,53242000
2000-05-18,20.25335121154785,20.827100537654022,20.15772632386349,20.827100537654022,53640400
2000-05-19,19.909101486206055,20.17685116997828,19.736976689495343,20.004726373267566,66578000
2000-05-22,19.64134979248047,19.966474375218702,19.10585047973514,19.928224424308322,69955000
2000-05-23,19.335359573364258,20.062108993530273,19.297109603881836,19.545734405517578,57963200
2000-05-24,20.062091827392578,20.368091321423353,19.277968123938724,19.31621806069257,85482400
2000-05-25,18.818973541259766,19.813472143033657,18.70422370259355,19.756097223700547,94348800
2000-05-26,18.799850463867188,19.163224989618435,18.474725888195017,18.99110021426258,55822000
2000-05-30,19.39272689819336,19.622226624799197,18.971977399415987,19.10585223993606,68536400
2000-05-31,19.144105911254883,19.493136813233303,18.991106063812285,19.47401183230298,54968200
2000-06-01,19.756099700927734,20.195974137637645,19.526599994818216,19.698724774400358,94507200
2000-06-02,20.291589736938477,20.425464504288684,19.889965434887856,20.195964903116902,80463200
2000-06-05,20.463720321655273,20.922719655972774,20.195970709970062,20.200751953035873,64400000
2000-06-06,21.305225372314453,21.381725283884702,20.750601013430146,20.865350880785517,99019000
2000-06-07,21.572978973388672,21.64947889882622,20.540229979981767,21.190479346200927,76310600
2000-06-08,21.056604385375977,22.070228393028046,20.88447955388789,21.89810356153996,94765600
2000-06-09,21.056604385375977,21.324354123246334,20.903604535164344,21.305229141969882,35710200
2000-06-12,20.463720321655273,21.113969378605066,20.31072054354944,21.113969378605066,49260600
2000-06-13,20.769729614257812,20.80797957671501,20.234230139857058,20.425479952143043,44289200
2000-06-14,21.572978973388672,21.72597882426377,21.266979271638476,21.36260417843541,79992400
2000-06-15,22.1467227935791,22.24234767610751,21.611223451420024,21.668598380937066,65592600
2000-06-16,22.204097747802734,22.37622253654539,21.87897314684438,22.223222724329695,68710600
2000-06-19,22.54834747314453,22.586597426449273,22.031973103530536,22.20409789340187,46604800
2000-06-20,22.930849075317383,23.026473967207778,22.56747448613387,22.60572444289003,62275000
2000-06-21,24.690353393554688,25.14935299188568,23.542854397727204,23.561979380990998,160399600
2000-06-22,24.441728591918945,25.091978022376885,24.269603742680083,24.900728189889257,87315200
2000-06-23,23.772357940673828,24.499107419149777,23.561983091641316,24.46085744659841,49811600
2000-06-26,24.326969146728516,24.518218904171352,23.714969922911447,23.714969922911447,48287000
2000-06-27,24.116594314575195,24.51821880355702,23.98271948491459,24.250469144235804,31071200
2000-06-28,24.154857635498047,24.499107388022956,24.059232704241126,24.173982621749428,37459200
2000-06-29,23.61935043334961,24.15484987637292,23.58110047313366,23.94447509518519,38449000
2000-06-30,24.479976654052734,24.479976654052734,23.466352620720865,23.581102511286737,52356400
2000-07-03,24.479976654052734,24.499101635813712,24.288726836442947,24.38435174524784,15734800
2000-07-05,24.020973205566406,24.441722736237153,23.944473290898998,24.441722736237153,34824400
2000-07-06,24.7668514251709,24.996351206716884,24.020977135146445,24.13572702591944,47873200
2000-07-07,25.091976165771484,25.359725911442826,24.652101583597137,24.867257629225893,54153200
2000-07-10,24.30785369873047,24.881603195946763,24.288728715489924,24.69035336354133,52689800
2000-07-11,24.212221145629883,24.63297064421113,24.0209713735475,24.116596259588693,37164800
2000-07-12,24.575603485107422,24.785978300933245,23.619354322262776,23.944479037629954,58370200
2000-07-13,24.460840225219727,24.47996519803069,23.676716339970305,24.116590714622422,80843200
2000-07-14,24.154857635498047,24.40348245676604,24.001857745486973,24.3269825117605,51180600
2000-07-17,23.925352096557617,24.346101693779254,23.7149772979468,23.944477078249513,53992800
2000-07-18,24.020973205566406,24.32697286423604,23.695848568229916,23.753223504230476,70617200
2000-07-19,22.376224517822266,23.714972993247528,22.280599626720463,23.27509849417923,139924600
2000-07-20,22.89259147644043,23.02646628039622,22.376217232610948,22.47184209257937,54690600
2000-07-21,22.127601623535156,22.94997575474692,21.993726764965796,22.87347583556443,56100600
2000-07-24,21.592105865478516,22.070230441773433,21.419981018012344,22.051105458721636,56165600
2000-07-25,21.113975524902344,21.725974815479223,20.92272574659707,21.66859988198764,64188600
2000-07-26,20.750600814819336,21.26697521297613,20.57847601543374,21.133100369009554,85404600
2000-07-27,21.228723526000977,21.458223239795583,20.654974241514463,20.769724098411768,74337600
2000-07-28,21.324344635009766,21.974593709081812,21.30521966224294,21.706844090346266,75645600
2000-07-31,21.36259651184082,21.764220976253227,21.19047174137836,21.477346358815794,70283800
2000-08-01,21.018362045288086,21.43911178595809,20.8653621395899,21.400861809533545,47163600
2000-08-02,21.228723526000977,21.553848120543336,20.96097385990727,20.980098836056822,48269200
2000-08-03,21.49646759033203,21.53471753266358,20.84621857069565,20.865343541861428,54543400
2000-08-04,21.15222930908203,21.38172908458744,20.865354589700267,21.24785421554262,38107400
2000-08-07,21.41997528076172,21.764224883488247,21.34347536904471,21.477350214549475,52741800
2000-08-08,22.682218551635742,22.854343312988796,21.41997030171335,21.439095275197023,138038800
2000-08-09,22.72047996520996,22.91172979656695,22.376230268767387,22.56748010012437,63945600
2000-08-10,22.223230361938477,22.6631049732333,21.955480598541627,22.5866050408342,48986000
2000-08-11,22.16584587097168,22.242345770440092,21.91722119769935,22.16584587097168,35629600
2000-08-14,22.08935546875,22.45273014745671,21.84073068858225,22.127605434929652,53427000
2000-08-15,21.917226791381836,22.337976345841174,21.878976831885534,22.031976669870748,40714200
2000-08-16,21.725969314575195,22.108468774338842,21.59209450365792,21.99371893640975,44976200
2000-08-17,21.898086547851562,22.031961312772925,21.59208708517416,21.7642117829302,36112800
2000-08-18,21.725969314575195,21.859844125492472,21.419969746764277,21.76421926055156,54438800
2000-08-21,21.611228942871094,21.66860388696721,21.43910411058274,21.630353924236466,34119600
2000-08-22,21.802480697631836,22.165855375925698,21.486918477008217,21.66860581615515,54428200
2000-08-23,21.649477005004883,21.764226883123282,21.53472712688648,21.668601984691282,36726800
2000-08-24,21.764223098754883,21.78334807511583,21.400848547896935,21.611223287867325,42405400
2000-08-25,21.611228942871094,21.93635362608243,21.59210396150572,21.630353924236466,52729400
2000-08-28,21.821598052978516,22.070222745957235,21.458223501701923,21.4773484780849,56421600
2000-08-29,21.706838607788086,22.261462677943026,21.68771363985171,21.783338479533597,59400200
2000-08-30,21.41997528076172,21.70684994970049,21.324350391115463,21.630350037983487,53498800
2000-08-31,21.36259651184082,22.03197061919483,21.324346562849165,21.687721078269913,72575400
2000-09-01,21.477354049682617,21.61122891909293,21.324354198927978,21.419979105649627,37629800
2000-09-05,21.45822525024414,21.630350051716686,21.36260036053717,21.419975294361354,50755200
2000-09-06,21.24784278869629,21.630342208834836,21.209592846682433,21.43909249876556,62960800
2000-09-07,21.439102172851562,22.051101521229125,21.24785237648357,21.419977193214763,111711200
2000-09-08,21.209598541259766,21.687722944804847,21.171348588976162,21.534723135670422,56709600
2000-09-11,21.056604385375977,21.324354123246334,20.827104610058527,21.15222929175825,48495200
2000-09-12,20.846227645874023,21.209602256214946,20.693227809941003,21.037477440790298,46781200
2000-09-13,20.884471893310547,21.037471687400735,20.5593473308689,20.67409717643654,40744800
2000-09-14,20.138601303100586,21.037475245404224,20.100351348108944,21.0183502679084,78503000
2000-09-15,19.64134979248047,20.081224227949846,19.373600136107804,20.023849301584274,99915200
2000-09-18,19.277971267700195,19.775220526589287,19.029346638255646,19.66047069761488,69037800
2000-09-19,19.889984130859375,20.119483947753906,19.39273452758789,19.469234466552734,79311200
2000-09-20,19.660480499267578,19.88998027163257,19.335355821750507,19.85173030957174,67791400
2000-09-21,19.64134979248047,19.928224424308322,19.450100037928564,19.583974866114897,48952200
2000-09-22,19.354480743408203,19.430980667295195,18.665981428425305,18.7042313903688,84476600
2000-09-25,18.742488861083984,19.430988451899317,18.493864008845115,19.35448849736428,53484200
2000-09-26,19.182355880737305,20.157729908571405,18.493856566972056,18.646856414475444,155704800
2000-09-27,18.551225662231445,19.450099482978743,18.302600988407725,19.41184953315971,106155600
2000-09-28,18.76160430908203,18.933729119257094,18.551229541090287,18.60860447781531,52360400
2000-09-29,18.45560646057129,18.7616061531818,17.939231979291055,18.665981249241014,74053600
2000-10-02,18.09223175048828,18.60860622962484,17.824482020565622,18.512981326081032,58562400
2000-10-03,17.308103561401367,18.302602329570284,17.288978585090426,18.226102424326523,85374000
2000-10-04,16.96385383605957,17.30810340657713,16.676979193961607,17.250728478157534,136453400
2000-10-05,16.944726943969727,17.518476163291503,16.90647699601494,16.982976891924512,81099400
2000-10-06,17.002105712890625,17.365480300680186,16.753480994929344,17.07860562610948,61794000
2000-10-09,16.58135986328125,17.059484426813004,16.217985194997116,17.021234461730465,58323600
2000-10-10,16.696104049682617,17.002103665713456,16.46660433765949,16.504854289663346,62066200
2000-10-11,17.059478759765625,17.422853307339107,16.52397942649944,16.52397942649944,101205800
2000-10-12,16.63873291015625,17.403732124416308,16.466608086947737,17.231607301207795,90219600
2000-10-13,16.44747543334961,16.791724919163904,15.950226176062296,16.485725376217864,104521200
2000-10-16,15.41473388671875,16.466607787177225,15.166109146610383,16.370982887135547,119759000
2000-10-17,15.43386459350586,16.04586418085677,15.376489632191712,15.873739296914328,81276600
2000-10-18,15.83547306060791,16.294472279755965,14.821849784989288,15.185224166814832,110536400
2000-10-19,18.933727264404297,19.029352149578056,17.747978688249685,17.881853527492947,256993200
2000-10-20,19.94735336303711,20.234228051863145,18.704229711457614,18.76160464922282,160378600
2000-10-23,19.010231018066406,20.27247975769657,18.5703564572862,19.775230254205898,185170400
2000-10-24,18.818973541259766,19.2588479228136,18.417349105928,19.16322305725842,94427400
2000-10-25,18.742488861083984,19.411863463265558,18.493864008845115,18.95286373605534,167603800
2000-10-26,19.71784782409668,19.90909756050887,18.608599352905983,18.66597427382964,114826600
2000-10-27,20.712352752685547,21.171352259670268,19.775228759258408,19.794353738716104,124292400
2000-10-30,21.13309097290039,21.45821544940655,20.616716804331784,20.65496674274427,110057600
2000-10-31,21.075721740722656,21.266971484286383,20.80797209973344,21.113971689435402,104474000
2000-11-01,21.305225372314453,21.439100217562387,20.94185079235577,20.96097577024833,81309400
2000-11-02,21.515592575073242,21.678154830084903,21.305217892116968,21.534717546251084,77985200
2000-11-03,20.884471893310547,21.30522132705856,20.82709697052673,21.19047148149092,68711000
2000-11-06,21.2669677734375,21.458217483630282,20.884468353051933,21.01834315018688,74851400
2000-11-07,21.572978973388672,21.99372856329519,21.266979271638476,21.343479197076025,104331200
2000-11-08,21.24784278869629,22.146716426021875,20.807968455536958,21.764217005883328,206149400
2000-11-09,21.687721252441406,21.82159607498734,20.941847241114058,20.960972215763476,91058600
2000-11-10,20.616722106933594,21.5155958908166,20.444597339807064,21.400846046065578,93744400
2000-11-13,20.329843521118164,20.84621772156049,19.7082819835487,20.406343402665176,83364800
2000-11-14,21.056604385375977,21.362604085799244,20.59760483474108,20.807979628782075,84218600
2000-11-15,21.439102172851562,21.687726908129946,21.018352620841984,21.13310249866278,60422200
2000-11-16,21.094850540161133,21.87897463095588,21.094850540161133,21.24785036275523,92128600
2000-11-17,21.13309097290039,21.41996551099406,20.745810346473935,21.247840788137857,106525600
2000-11-20,20.55935287475586,20.96097744254179,20.062103409878045,20.846227566031523,80157200
2000-11-21,20.731475830078125,21.190475294950705,20.61672596385998,20.61672596385998,59487600
2000-11-22,20.884471893310547,21.266971378536017,20.195972819904703,20.215097794165978,76343200
2000-11-24,21.400848388671875,21.553848198421093,20.960973935642876,21.113973745392094,34439200
2000-11-27,21.630348205566406,22.10847261329334,21.61122322925733,21.859847921275335,85307600
2000-11-28,20.50197982788086,21.343478999920745,20.444604884332684,21.228729112824396,127446200
2000-11-29,19.909101486206055,20.540225740812012,19.35447714124931,20.444600853750504,98280400
2000-11-30,17.556732177734375,18.991105721666923,17.44198229421977,18.971980741081154,197200800
2000-12-01,17.327226638793945,18.551224988554225,17.155101870858907,17.767101045739047,109809800
2000-12-04,17.26985740661621,18.05398160780255,16.88735779628141,17.51848215333383,80407200
2000-12-05,18.32172966003418,18.512979447717207,17.824480212058305,18.11135489358285,101734400
2000-12-06,17.346349716186523,18.379098210865767,17.155099994949627,18.359973238742075,90560800
2000-12-07,16.2562255859375,16.523975183823527,15.98847598805147,16.351850442325365,145308400
2000-12-08,16.65785789489746,17.09773244321278,16.351858209112894,16.715232835982068,120939800
2000-12-11,17.767107009887695,17.97748179687237,16.829982958774135,16.9829828038539,95576200
2000-12-12,17.86272430419922,18.359973588898555,17.365475019499883,17.690599551803295,63106000
2000-12-13,17.51848793029785,18.512987245118254,17.384613022533564,18.512987245118254,98360400
2000-12-14,16.982982635498047,17.9727003735465,16.944732674607284,17.728856872867894,71201400
2000-12-15,15.051362037658691,15.911986296482887,14.61148741648188,15.620330297659132,116899800
2000-12-18,14.630607604980469,15.2999818091299,14.381982900582107,14.993982172947302,107187400
2000-12-19,13.712608337402344,14.687982152196653,13.61698345359898,14.515857361350598,120271800
2000-12-20,12.698980331420898,13.463979146566736,12.660730390663607,13.100604709372464,149037800
2000-12-21,13.291869163513184,13.80824393677197,12.335619583404322,12.469494524619563,163173000
2000-12-22,14.209857940673828,14.420232688113144,13.693483560595505,13.693483560595505,109551800
2000-12-26,14.343733787536621,14.860108203887938,14.037734133402505,14.34373378753662,66941600
2000-12-27,14.209857940673828,14.324607802913455,13.769983468755257,14.114233055474138,69003800
2000-12-28,13.6361083984375,14.15248276976683,13.425733654562586,13.80823318888061,77619200
2000-12-29,13.272733688354492,14.018607771705826,13.157983829377365,13.444858476820185,99977600
2001-01-02,13.272733688354492,13.769983077255382,13.119733876384988,13.502233406308749,82413200
2001-01-03,14.668853759765625,14.955728344376427,13.196230892096846,13.215355864404234,135962200
2001-01-04,14.821856498718262,15.452980710921748,14.3437320955338,14.630606737444477,112397000
2001-01-05,15.032236099243164,15.261735887017869,14.554111541379195,14.840986276097576,93414600
2001-01-08,14.974860191345215,15.223484945479939,14.286360872202907,14.974860191345215,79817600
2001-01-09,15.854609489440918,16.103234246211404,15.223485106869687,15.299985032029836,114965400
2001-01-10,16.179723739624023,16.46659827401452,15.529474795005562,15.605974670843029,90230200
2001-01-11,16.829980850219727,17.05948058908636,16.007606785947626,16.217981546575373,101854800
2001-01-12,16.37099266052246,16.829992454742715,16.064992797708957,16.79174247189103,73712000
2001-01-16,16.0841064453125,16.37098111437277,15.644231952753419,16.332731158498067,68462400
2001-01-17,16.198856353759766,16.791730671311775,16.084106485846473,16.409231111600803,72844200
2001-01-18,16.982982635498047,17.193357420397234,16.103233535010535,16.428358202582007,109788800
2001-01-19,18.66598129272461,18.799856158553578,18.015731944412483,18.359981599401255,209348800
2001-01-22,18.398225784301758,18.66597543189035,18.05397623740214,18.58947553257932,76673000
2001-01-23,18.532102584838867,18.646852446045298,18.034853186277658,18.283477885558263,70295200
2001-01-24,19.258852005004883,19.41185182232369,18.5894778042351,18.665977712894502,110455000
2001-01-25,18.914600372314453,19.58397450075834,18.838100471920864,19.201474998790406,85657400
2001-01-26,19.58397674560547,19.67960163205862,18.665977835655212,18.665977835655212,93080000
2001-01-29,19.736968994140625,19.77521893405175,19.430969474851622,19.450094444807185,84983800
2001-01-30,19.39272689819336,19.813476396970728,19.239727080456134,19.736976488102115,57276800
2001-01-31,18.685104370117188,19.50747846214896,18.665979391232728,19.27797871553544,81898800
2001-02-01,19.086727142333984,19.163227050720092,18.47472787524512,18.608602714920806,71792800
2001-02-02,18.608604431152344,19.392728564428033,18.58947945229196,19.124978860382676,71100000
2001-02-05,18.95285987854004,18.99110984802246,18.436485290527344,18.58948516845703,51399200
2001-02-06,19.144105911254883,19.52660552986137,18.87635617823034,18.991106063812285,96442000
2001-02-07,19.794353485107422,19.909103360383405,18.91460444132487,18.97197937896286,126061800
2001-02-08,19.048480987548828,19.7369803003518,18.971981063904053,19.507480529417474,88041200
2001-02-09,18.09223175048828,18.838105998129976,17.900981943400666,18.76160607529493,100575200
2001-02-12,17.97748565673828,18.1878604888916,17.499361038208008,17.996610641479492,71289400
2001-02-13,17.805360794067383,18.685110092163086,17.786235809326172,18.245235443115234,76070600
2001-02-14,17.86272430419922,18.053974029083577,17.250725184569266,17.633224634337985,61728400
2001-02-15,17.996601104736328,18.417350546079792,17.709726485638512,18.053976028555894,65627800
2001-02-16,17.537607192993164,17.8244819017117,17.174232561949687,17.441982290086987,66958400
2001-02-20,17.097732543945312,17.82448180196536,16.94473270015162,17.556732075326394,60730800
2001-02-21,17.212480545043945,17.767104918162026,16.88735591252645,16.90648089090983,63947200
2001-02-22,16.887361526489258,17.384611129760742,16.485736846923828,17.231611251831055,100816400
2001-02-23,17.365478515625,17.59497823169053,16.619604438412033,16.65785439108962,92620600
2001-02-26,18.226110458374023,18.34086036682129,17.55673599243164,17.633235931396484,87936800
2001-02-27,18.168729782104492,18.72335416492663,17.95357377152694,18.168729782104492,99148600
2001-02-28,18.053985595703125,18.383891582489014,17.805360794067383,18.226110458374023,84608400
2001-03-01,18.16394805908203,18.206979260064326,17.212480392917954,17.920104586849025,81781600
2001-03-02,17.346349716186523,17.786224075031388,17.269849827691765,17.59497435379449,79800800
2001-03-05,17.57585334777832,17.939227900126294,17.30810367762718,17.51847841846022,49383600
2001-03-06,18.187847137451172,18.359971873767744,17.862722635519866,17.93922251832723,66781800
2001-03-07,18.570350646972656,18.70422547141015,18.149601198740527,18.321725973017305,59743600
2001-03-08,18.130474090576172,18.541661002967928,17.881849445874177,18.4555986259557,54626000
2001-03-09,17.346349716186523,17.805349047155076,16.791725524599524,17.728849158660317,103794400
2001-03-12,15.892855644226074,16.829979502910884,15.797230760686807,16.73435461937162,114376000
2001-03-13,16.58135986328125,16.75348470615268,15.911985474336793,15.969360421960603,91035600
2001-03-14,16.52397918701172,16.90647870522958,15.969354885595816,16.064979765150284,90686200
2001-03-15,16.42835807800293,17.15988857449142,16.37098313710187,16.925607565812097,71638400
2001-03-16,16.696104049682617,16.868228833699966,16.06019859761853,16.064979841619014,112848800
2001-03-19,16.619598388671875,16.982972806836163,16.256223970507587,16.67697329680308,61036400
2001-03-20,16.122358322143555,17.17423223402718,16.10323334192749,16.69610772862553,91822800
2001-03-21,15.319108009338379,16.29448192753595,15.223483115397439,15.98848226692495,124988600
2001-03-22,16.52397918701172,16.543104162922614,15.4529805360017,15.472105511912593,126363200
2001-03-23,17.308103561401367,17.44197839557795,16.638729390518442,16.81085417731691,99519600
2001-03-26,17.15511131286621,17.594985961914062,17.002111434936523,17.480236053466797,63118600
2001-03-27,17.824485778808594,17.92011070251465,17.097736358642578,17.15511131286621,95135600
2001-03-28,17.002105712890625,17.72885488846975,16.94473077797648,17.556730083727327,78681600
2001-03-29,16.944726943969727,17.49935118931411,16.696102282263624,16.944726943969727,86985000
2001-03-30,16.734359741210938,17.193359322684152,16.485734967912947,17.059484444754464,91201600
2001-04-02,17.07859992980957,17.422849424475388,16.71522546321788,16.772600378995513,75924000
2001-04-03,16.332727432250977,16.92560161304697,16.141477696510332,16.92560161304697,94187600
2001-04-04,15.892855644226074,16.829979502910884,15.625105970316127,16.3327301085067,104046600
2001-04-05,17.365478515625,17.55672827901294,16.37097974600771,16.447479651362887,113364000
2001-04-06,17.193359375,17.49935909691324,16.84910968784761,17.250734322858733,92622000
2001-04-09,17.48787498474121,17.57049383713279,17.03193513549584,17.310394683051065,56295600
2001-04-10,18.26205825805664,18.38751806135669,17.680658486297794,17.73267903109321,109199400
2001-04-11,18.372220993041992,18.818980243883935,18.26818105557095,18.5588809838544,109879600
2001-04-12,19.027055740356445,19.06683601628431,18.16107628843441,18.22533709333199,87520000
2001-04-16,18.601716995239258,18.84345697278984,18.396696644881196,18.7883769483531,65857400
2001-04-17,18.812854766845703,19.005634836553856,18.372215774808588,18.51909543882096,85149200
2001-04-18,20.021560668945312,20.290839567243275,19.277981296964413,19.397320994416322,156696400
2001-04-19,20.820213317871094,21.113972657299914,20.119473945180715,20.13783317433511,159375600
2001-04-20,21.113975524902344,21.75657431308966,20.960975702258125,21.511775997614123,192919600
2001-04-23,20.884471893310547,20.951792176244883,20.47137291618536,20.84163213773262,92171200
2001-04-24,20.670278549194336,21.39855692005944,20.544817564455418,20.869176466124316,89176600
2001-04-25,21.325119018554688,21.355718520457405,20.578479032248175,20.67639883909228,76744000
2001-04-26,21.15375518798828,21.725975379999156,20.88447633359074,21.44139560910281,118737600
2001-04-27,20.538698196411133,21.322056585683306,20.260237382810452,21.27615616936986,121572400
2001-04-30,20.731475830078125,21.13233461566407,20.71005594843442,20.970155178277146,74368200
2001-05-01,21.47199821472168,21.511779669538512,20.68557908547731,20.703940654851397,83702800
2001-05-02,21.346534729003906,21.771874025675377,21.221073760766764,21.72597361450101,92864400
2001-05-03,20.97015380859375,21.475053653894026,20.850814142289014,21.190473910876914,66273400
2001-05-04,21.649477005004883,21.7412778413365,20.795737631652912,20.80797789880328,119538400
2001-05-07,21.842248916625977,22.07786989775668,21.63416911135084,21.673950550409824,109356200
2001-05-08,22.050334930419922,22.062575197069727,21.649476119655507,21.955475782124136,75084000
2001-05-09,21.54237174987793,21.817771849674994,21.377131689999686,21.79941028662745,76676600
2001-05-10,21.41997528076172,21.7994141891923,21.407735014735955,21.765754041269457,64334600
2001-05-11,21.236371994018555,21.41997128093684,21.006872301722805,21.40773101719674,51128800
2001-05-14,21.028289794921875,21.175168273963212,20.899770542112872,21.153748398495047,44968000
2001-05-15,20.890602111816406,21.205783818490453,20.807983205720426,21.034422369273152,61385600
2001-05-16,21.162939071655273,21.383256881054034,20.602959094776732,20.7161774826777,91893800
2001-05-17,20.859994888305664,21.462814552345844,20.67027660573723,21.1445746467503,106984800
2001-05-18,20.83551025390625,21.17516997402217,20.578471727651777,20.713112289742128,90605400
2001-05-21,21.049705505371094,21.416903964909714,20.73146575096188,20.82326653314197,103491600
2001-05-22,21.514829635620117,21.527069898921543,21.169050952073075,21.251669811118294,83455600
2001-05-23,21.328174591064453,21.909574390799396,21.27003624530539,21.539315095840966,93637400
2001-05-24,21.946292877197266,21.96465210712482,21.196592415734248,21.40161393315639,80781600
2001-05-25,21.698434829711914,22.001373808969586,21.530134099795486,21.927934551638735,52747600
2001-05-29,21.524019241333008,21.955479968282802,21.435281376738924,21.664781167348153,71210800
2001-05-30,21.172115325927734,21.5974546284596,21.006875244178445,21.28533369584697,86501800
2001-05-31,21.169052124023438,21.536250705028756,20.930372812910818,21.26391125162162,70682600
2001-06-01,21.524019241333008,21.634179327592843,21.02217988596824,21.29758010161783,57587600
2001-06-04,21.658658981323242,21.732098257634036,21.35878057454188,21.588280355781546,43736600
2001-06-05,22.2155818939209,22.362462804519215,21.572982871063125,21.652543461578585,89454200
2001-06-06,22.14212989807129,22.484850269710815,21.89427098419315,22.304309302687432,80022800
2001-06-07,22.54605484008789,22.56135575678759,22.05645585539493,22.06869612183627,66960000
2001-06-08,22.3961124420166,22.567471478376262,22.04727306966057,22.552170563876246,51867000
2001-06-11,22.06868553161621,22.292063866848547,21.882025643495496,22.292063866848547,47345600
2001-06-12,22.056447982788086,22.15742839394211,21.667827249410347,21.732086874347104,66714600
2001-06-13,21.63111686706543,22.1237765099538,21.61581595011922,22.04727659440706,55302400
2001-06-14,21.0833797454834,21.58827971617013,20.930379895856657,21.487299255114298,71972400
2001-06-15,20.814098358154297,20.899780234353134,20.318380343262167,20.658040193625066,108354400
2001-06-18,20.46525764465332,20.795737857525967,20.19903941866614,20.79267720705707,56846800
2001-06-19,20.59990119934082,21.068080400640653,20.456080956412354,20.872240765255004,63457400
2001-06-20,21.23944091796875,21.294518624368727,20.532580002799808,20.544820271308414,64108400
2001-06-21,21.371021270751953,21.588283146182498,21.0895020630123,21.159883032243616,69603800
2001-06-22,21.06195640563965,21.60663540744563,20.9854564933727,21.4199754347469,51092000
2001-06-25,21.06808090209961,21.361840362170092,20.737600634048064,21.144580834448984,49215600
2001-06-26,21.462818145751953,21.484238030744024,20.716178152441344,20.752898955824485,63077000
2001-06-27,21.768810272216797,21.888149923501253,21.22413138489972,21.3771311772738,69199800
2001-06-28,22.258403778076172,23.30186323126587,21.58214513886782,21.894265947481518,128975600
2001-06-29,22.337966918945312,22.46342785375142,21.84836811092778,22.21556663329311,94283800
2001-07-02,21.60357666015625,22.383876767846417,21.465877739783753,22.047277591141892,72810200
2001-07-03,21.563793182373047,21.664773615343115,21.398553110583425,21.51177380827033,28037400
2001-07-05,20.964038848876953,21.640297865344948,20.94261896453968,21.487298024480904,49242600
2001-07-06,20.214336395263672,20.930376799579435,20.094996716976393,20.899777301099224,67467800
2001-07-09,20.101119995117188,20.47443998324502,19.902219733538487,20.257178153097986,66476600
2001-07-10,19.730857849121094,20.272476185653165,19.691076401712262,20.165376778383205,66562600
2001-07-11,20.348979949951172,20.42547987457505,19.64517970957454,19.64824036024537,73822600
2001-07-12,21.90958023071289,22.047281510154722,21.52096160030808,21.634180006421893,128078000
2001-07-13,21.830015182495117,22.03197608386816,21.70761718303627,21.8483767500877,58934600
2001-07-16,21.781055450439453,22.080936138378075,21.465876180566386,21.86367432974331,55990800
2001-07-17,21.976900100708008,22.035040795381065,21.462820470620404,21.6219416345911,63241000
2001-07-18,21.59440040588379,21.878980242278956,21.38020153315307,21.603580024059017,57590800
2001-07-19,22.206396102905273,22.33797605524451,21.793297012637687,21.793297012637687,76549400
2001-07-20,21.169052124023438,21.236372408612464,20.78961327903906,20.817152122048217,124203600
2001-07-23,20.52952766418457,21.187427771694963,20.303088441574058,21.187427771694963,79999400
2001-07-24,20.29389190673828,20.804910641373045,20.104171328045357,20.501971713030308,67530200
2001-07-25,20.648860931396484,20.66109886504296,20.076640647836964,20.275540921182756,74065400
2001-07-26,20.376508712768555,20.59988940928383,20.042970327164586,20.538690433724415,77974000
2001-07-27,20.033788681030273,20.272467929915848,19.90526944464435,20.211268960567608,65396000
2001-07-30,20.134782791137695,20.465260719064396,20.05522220914024,20.08888236557791,42196400
2001-07-31,20.254112243652344,20.621310793059454,20.150071176079084,20.199032227782133,59031600
2001-08-01,20.33979034423828,20.443829070031928,20.122530945147474,20.440770755455368,55679000
2001-08-02,20.639678955078125,20.667220142231542,20.275540897414796,20.5662396803231,54198400
2001-08-03,20.46831512451172,20.61213532457208,20.195975639773042,20.593776093787152,43260400
2001-08-06,20.23575210571289,20.53869338160908,20.09805322364488,20.3581524089909,27831600
2001-08-07,20.303077697753906,20.51727886814406,20.192917629460048,20.20821854684228,31347800
2001-08-08,19.847137451171875,20.575415776449272,19.73391674041609,20.352037339710193,54996400
2001-08-09,19.893043518066406,20.058283655881976,19.67578398536243,19.88386389950877,45536200
2001-08-10,20.049097061157227,20.153138161440157,19.247379431493563,19.819597311977077,51756400
2001-08-13,20.143959045410156,20.19291777913019,19.813478838079057,19.963418024248966,32675400
2001-08-14,19.795120239257812,20.223517927760554,19.721678634435364,20.119479156150547,36481200
2001-08-15,19.33917808532715,19.905278137381277,19.33917808532715,19.801237042544756,39503000
2001-08-16,19.773700714111328,19.801239565475882,19.186180705114477,19.22902047474313,43905600
2001-08-17,18.935258865356445,19.623756917705776,18.81897867030678,19.51665750601269,52234200
2001-08-20,19.186176300048828,19.201476047503995,18.696576210412218,18.86793641687942,48371200
2001-08-21,18.598661422729492,19.339181304928523,18.577241537078336,19.186181454679556,47111800
2001-08-22,18.561941146850586,18.7118815085459,18.078462243692982,18.70576137467097,78107200
2001-08-23,18.090700149536133,18.82815930697273,18.0539805160075,18.564999404209313,51813200
2001-08-24,18.987274169921875,19.057653934967696,18.12435542660071,18.237574947126966,63399000
2001-08-27,19.066829681396484,19.388128929950366,18.840389532843993,18.941369930349904,44562800
2001-08-28,18.58641815185547,19.262677058081156,18.53745825745216,19.076017095888556,47422800
2001-08-29,18.436487197875977,18.75778674130911,18.219227628890355,18.68128679442996,48170000
2001-08-30,17.42361831665039,18.25593767445459,17.29509903379318,18.06621823282426,97632000
2001-08-31,17.45728302001953,17.76634337722889,17.227783240175373,17.396082845268506,57900800
2001-09-04,17.166580200195312,18.078460200463944,17.15740058406849,17.500119871257102,67189200
2001-09-05,17.66842269897461,17.86732179805112,16.94932272364702,17.19106276005785,89470600
2001-09-06,17.14209747314453,17.867316187347285,17.105377848542012,17.307337534799583,112356800
2001-09-07,16.952381134033203,17.552140169902824,16.924841118748574,17.169640606114132,89863800
2001-09-10,17.619464874267578,17.73268444662862,16.73818533199876,16.805504478304513,84471800
2001-09-17,16.190439224243164,16.860577946019063,16.156779080571596,16.530098976135015,127502000
2001-09-18,16.621904373168945,16.829984272098592,16.270004235106555,16.343444680086073,83182600
2001-09-19,16.48419952392578,16.738179773779308,15.48358060694265,16.664739349937342,126950200
2001-09-20,15.532543182373047,16.098643288534205,15.505003164589032,16.01908271835988,117983200
2001-09-21,15.211241722106934,15.48358121311084,14.534982802398984,14.663502090033914,184976600
2001-09-24,15.915046691894531,16.04968733072395,15.260207405103403,15.498888006984446,85580200
2001-09-25,15.69778060913086,16.2179802077441,15.34894122161843,15.994600620429933,84940600
2001-09-26,15.382597923278809,15.850776873561601,15.162277867947767,15.762036721575967,58524400
2001-09-27,15.287750244140625,15.508070481116105,14.687990896036975,15.330590030819938,81191200
2001-09-28,15.657999038696289,15.786519478240047,14.987860332055366,15.183699890126,116641200
2001-10-01,15.8477144241333,16.06497378951681,15.425434786251845,15.587614148116229,69999600
2001-10-02,16.2332820892334,16.386281922623528,15.777343239416629,15.798763122707559,80860800
2001-10-03,17.206356048583984,17.420555985618837,16.034378277442155,16.058857636571304,97199200
2001-10-04,17.270618438720703,17.870378591697232,17.20023866494863,17.417498118848854,101778000
2001-10-05,17.662302017211914,17.747981554630535,16.811622107556172,17.184942093102133,80844400
2001-10-08,17.760223388671875,17.946883397909946,17.362424000472323,17.380783235940818,60605800
2001-10-09,16.695348739624023,17.61640758161079,16.582127978382807,17.594987689980623,99477600
2001-10-10,16.98603630065918,17.05947671402476,16.217977862660312,16.40157714513061,86349200
2001-10-11,17.23390007019043,17.393020027117135,16.704520819587984,17.06253984720105,83742600
2001-10-12,17.25225257873535,17.331811937163156,16.692272919090428,17.04417282002204,63307000
2001-10-15,17.766345977783203,17.900985448106354,17.09008564037613,17.10538656177575,68437000
2001-10-16,17.88567543029785,18.02643495494663,17.50623544287968,17.70819511611794,66169000
2001-10-17,17.145153045654297,18.14577163443131,17.129853302833567,18.09069162644024,73710600
2001-10-18,17.365478515625,17.619458761706227,16.98297898884912,17.240018717534348,78348000
2001-10-19,17.717374801635742,17.751033772347775,17.022755667781183,17.56437502327031,91219600
2001-10-22,18.408939361572266,18.415059494802136,17.585800702539697,17.71738064874176,72323600
2001-10-23,18.491559982299805,18.80061913256186,18.17638069861821,18.50380024913888,80325000
2001-10-24,18.763898849487305,18.85569851300887,18.243699199803686,18.512979224456863,79141400
2001-10-25,19.143329620361328,19.15556871352375,18.228390578803687,18.546630346936386,75318200
2001-10-26,19.033170700073242,19.470750114473898,18.99645108389359,19.06989031625289,64509400
2001-10-29,18.24982261657715,19.033182298650917,18.21922311232975,19.002581627107258,55129400
2001-10-30,18.017257690429688,18.219217390000885,17.80611720863078,18.029496787906808,57395600
2001-10-31,17.79387664794922,18.583354984155054,17.778575734593204,18.14577547651732,64700000
2001-11-01,18.923025131225586,19.04848498564399,18.23758515789077,18.384466069338295,109671200
2001-11-02,18.78838348388672,19.284102708957246,18.516042749528804,18.950562963755697,83360000
2001-11-05,19.360597610473633,19.59315682623754,18.895478011649807,18.92913815924764,66401600
2001-11-06,19.822656631469727,19.8716176952786,19.020937888335585,19.186177976802504,68612000
2001-11-07,19.660480499267578,19.905281190293866,19.593160192505728,19.651300881907765,58899000
2001-11-08,19.712495803833008,20.214335015345405,19.479936596289203,19.724736069307937,74227800
2001-11-09,19.95423126220703,20.088871817260294,19.556432062986133,19.688010801422102,48013600
2001-11-12,20.1317195892334,20.33061985172723,19.47688044902957,19.79817871804977,57752800
2001-11-13,20.77738380432129,20.792682391295624,20.37958318950295,20.440784541178846,60159600
2001-11-14,20.180675506591797,20.912014466035572,20.131716777737054,20.878356653155937,88625600
2001-11-15,20.232696533203125,20.51727628469717,20.02767500522085,20.226575233184114,77922000
2001-11-16,20.11948013305664,20.38264005996744,19.87467944094674,20.306140135507146,59249000
2001-11-19,20.3612117767334,20.49279168592004,20.10417092257257,20.272471620808318,56005000
2001-11-20,20.012378692626953,20.746778360488822,19.899157975361653,20.33367694228439,65921800
2001-11-21,19.599279403686523,19.767577818050935,19.424858521377338,19.694138552411776,50785200
2001-11-23,19.801240921020508,19.83184042505112,19.467701190983316,19.700260456586232,15754600
2001-11-26,19.93281364440918,20.107233322038265,19.706374595376538,19.88691323775065,41983600
2001-11-27,19.504411697387695,19.911390489114144,19.201471631346806,19.825710989233972,90819000
2001-11-28,19.216785430908203,19.620706203498766,19.19536554027113,19.330005019603657,54536600
2001-11-29,19.84101676940918,19.859378336472247,19.262678767949396,19.314698149678478,54034400
2001-11-30,19.648231506347656,19.9144519645276,19.562552002912653,19.785932709375093,48234200
2001-12-03,19.819595336914062,19.96035722349179,19.52277648464768,19.53195726746134,47211800
2001-12-04,20.19597625732422,20.220456788847294,19.614576473907096,19.88997661706173,51005800
2001-12-05,20.838577270507812,20.859997154240418,19.95117775162848,20.345917610065598,74243000
2001-12-06,21.006874084472656,21.113973483048017,20.670274974125032,20.801854902258132,56026200
2001-12-07,20.755964279174805,21.06502235583922,20.36428495994604,20.884483618060575,42334800
2001-12-10,20.520334243774414,20.945673538624614,20.459135252198568,20.66109379207236,38367400
2001-12-11,20.59990119934082,20.84776022718365,20.523401268812282,20.703942318847787,54334000
2001-12-12,20.792673110961914,20.801855060559788,20.27247469415614,20.55093546716296,47884200
2001-12-13,20.278594970703125,20.881414630731115,20.21739597697714,20.54175484599039,53227800
2001-12-14,20.63661766052246,20.792675805029262,20.174557523750757,20.202096372337092,43000600
2001-12-17,21.10785675048828,21.147635864283114,20.550937484400414,20.553995799974757,57079800
2001-12-18,21.196584701538086,21.236366131358963,20.991565593321535,21.089485341618317,47255200
2001-12-19,21.263917922973633,21.386318266574563,20.945677963448166,20.997699685328413,56996200
2001-12-20,20.42854118347168,21.19047980358995,20.385701411069366,21.159880299672942,78585000
2001-12-21,20.66721534729004,20.81409386272323,20.501975266483768,20.811035547320976,84307600
2001-12-24,20.58460235595703,20.817162821910237,20.563182466631925,20.722303645555165,11701600
2001-12-26,20.710058212280273,21.135397576122617,20.621318025886886,20.630497642653054,29328000
2001-12-27,20.762075424194336,21.02523530538111,20.581536754441004,20.801856872140814,32406600
2001-12-28,20.76820182800293,21.068080246103285,20.716180101334732,20.878361913923392,28787200
2001-12-31,20.27248191833496,20.95486233692006,20.27248191833496,20.75902036377053,43006200
2002-01-02,20.51421356201172,20.53563344073023,20.046034545312992,20.394873904209756,48124000
2002-01-03,21.184358596801758,21.190477563101194,20.529517142333756,20.535638443225448,67590800
2002-01-04,21.0833797454834,21.392440095415296,21.012998787434427,21.19047917330363,52731400
2002-01-07,20.97933006286621,21.42608916110651,20.915070432426663,21.343470303281798,58508800
2002-01-08,21.230257034301758,21.37713790845062,20.807978314836248,21.01911884186515,47736400
2002-01-09,21.025238037109375,21.609698554977076,20.976279301588406,21.334298372070627,76304000
2002-01-10,21.199649810791016,21.35877089437252,20.847749838792264,20.954851555837735,50296600
2002-01-11,20.9946346282959,21.517893711138807,20.838574164594437,21.273093075316588,72993200
2002-01-14,20.951797485351562,21.126217201428013,20.72841670215574,20.899778102481363,50997800
2002-01-15,21.282276153564453,21.30369603524017,20.96097559383672,21.00993665743379,60717400
2002-01-16,20.76820182800293,21.37101931508826,20.76208052623369,21.068080246103285,61955400
2002-01-17,21.377140045166016,21.419979818034683,20.930380746255253,20.97015986832115,78958000
2002-01-18,20.22657585144043,20.762075224468084,20.01849600168029,20.53257549317052,107140400
2002-01-22,19.72473907470703,20.388757819400883,19.66047942211656,20.382638853027053,76837200
2002-01-23,19.504411697387695,19.801230465099273,19.351411923432742,19.5992719774662,80403000
2002-01-24,19.767581939697266,19.945062342040327,19.52278239103126,19.61458207586897,83886000
2002-01-25,19.522777557373047,19.844076958402457,19.43403737817276,19.642118402140348,48981200
2002-01-28,19.52889633178711,19.7063766778397,19.25043671462897,19.654357300939015,41622000
2002-01-29,19.06989288330078,19.73697203138874,18.968913633389768,19.55337275848015,58666000
2002-01-30,19.232078552246094,19.24737946939177,18.766960086879063,19.10967938615333,66100000
2002-01-31,19.495235443115234,19.525836105387718,19.008696002293853,19.296336391175668,69566200
2002-02-01,19.173938751220703,19.736978175316935,19.115799235737054,19.62987876066388,63462200
2002-02-04,18.702686309814453,19.18310535942088,18.58946683862763,19.09436640486649,70308400
2002-02-05,18.711875915527344,19.04235487491941,18.51297570958046,18.60477535567293,66772600
2002-02-06,18.482379913330078,18.938318752610396,18.43647949745533,18.85263922142667,66103000
2002-02-07,18.298782348632812,18.852642241661915,18.283482596655528,18.451782202998128,63314000
2002-02-08,18.558874130249023,18.56193361229651,18.00195501394988,18.396693566635257,61283000
2002-02-11,18.705753326416016,18.739413464597575,18.234513726465565,18.36303298065441,50899600
2002-02-12,18.402820587158203,18.6200800800282,18.36610095236376,18.50992117564487,44973800
2002-02-13,18.916902542114258,18.935262945487636,18.344683394217956,18.43954256007302,54168600
2002-02-14,18.87405776977539,19.27491771587862,18.763897713301468,18.971977560575326,57267000
2002-02-15,18.430360794067383,18.9903407750815,18.421181177098678,18.88018070227242,50179800
2002-02-19,18.032556533813477,18.402815769917694,17.93157610544187,18.332436001944682,52262600
2002-02-20,18.329381942749023,18.470141520342214,17.992781582548048,18.176382097374812,50492000
2002-02-21,17.76327896118164,18.442598539059215,17.751038695366766,18.27429896964068,59398400
2002-02-22,17.744918823242188,17.97747802536435,17.487879090740886,17.76327805373061,71347800
2002-02-25,18.078458786010742,18.326317740410932,17.714318477523026,17.729618225636035,51832200
2002-02-26,17.91628074645996,18.35998050888388,17.717381657991393,18.08458033433217,63276200
2002-02-27,17.8673152923584,18.405875206932212,17.744916160715814,18.07539510017613,65750000
2002-02-28,17.852022171020508,18.268181941077014,17.790821998842283,17.986661615975652,68068000
2002-03-01,18.77920150756836,18.794501259309058,18.008082113415632,18.069282287674657,62115600
2002-03-04,19.369781494140625,19.430981669867176,18.626202102209252,18.739422835857063,74464200
2002-03-05,19.302457809448242,19.547257287455704,19.076017562731344,19.2779772779995,55926400
2002-03-06,19.470752716064453,19.492172592305902,19.030112593850156,19.250432654957304,49835400
2002-03-07,19.192302703857422,19.54726233036669,18.929142759371945,19.483001502383377,58079200
2002-03-08,19.568679809570312,19.798178402744586,19.3299992649197,19.47076000515329,57701800
2002-03-11,19.688020706176758,19.889981640360237,19.277982205272227,19.434041547609304,43718200
2002-03-12,19.13722038269043,19.21677978635963,18.870999819032708,19.131100248978008,66407200
2002-03-13,19.002582550048828,19.28410290544243,18.95668329144844,18.996463582739167,44387400
2002-03-14,18.73330307006836,19.04542292184702,18.681282511123776,19.01482224973365,51819600
2002-03-15,19.121917724609375,19.12803669009527,18.65679813885105,18.66597775437587,69086800
2002-03-18,19.014816284179688,19.274916662708268,18.727177060333315,19.19841675736973,52296800
2002-03-19,19.042354583740234,19.277974411062047,18.818975020322476,19.02705483750808,36376400
2002-03-20,18.390575408935547,18.978095245241185,18.390575408935547,18.78837582095208,55235200
2002-03-21,18.776140213012695,18.846519998068132,18.30796108458925,18.42424012043939,46123400
2002-03-22,18.497671127319336,18.708810374864054,18.427291378137763,18.681270371506436,41341400
2002-03-25,18.124359130859375,18.59865835493772,18.09987976585137,18.506858693389656,47752400
2002-03-26,18.078458786010742,18.641496987263494,17.842838929723385,18.08457775141918,69357200
2002-03-27,18.18861198425293,18.323252527048403,17.928512845790827,17.992772468145617,47318400
2002-03-28,18.454833984375,18.558873882033673,18.255933802373047,18.344673955407497,43901200
2002-04-01,18.47625732421875,18.48237745667497,18.115177680372945,18.307957767208293,47010000
2002-04-02,17.527666091918945,18.081526084465356,17.475646692390118,18.0233865495867,76509400
2002-04-03,17.23695945739746,17.628638604336437,16.982979208038262,17.57661806102964,76931400
2002-04-04,17.273681640625,17.432801609429074,16.95850118611288,17.129861421893292,61763800
2002-04-05,17.096200942993164,17.53378055697584,17.087021326585276,17.408320741118324,50166000
2002-04-08,17.509288787841797,17.53682878485321,16.603529534630475,16.61576979270116,73389600
2002-04-09,16.790206909179688,17.573566733893717,16.768787018846954,17.542967224074523,63413000
2002-04-10,17.227787017822266,17.4756472546305,16.848347952297132,16.866707191640817,75636400
2002-04-11,16.76572036743164,17.273679717434195,16.676980192677366,17.102319500732424,58165800
2002-04-12,17.11455726623535,17.21553652455605,16.787137796326483,16.87587795811751,52297600
2002-04-15,17.04112434387207,17.365484474099546,16.952385310356675,17.13598467928766,47388800
2002-04-16,17.689836502075195,17.778575494946594,17.24613686853507,17.25837713213657,51921600
2002-04-17,17.328758239746094,17.833656895827872,17.264497434506406,17.732677631529867,55158600
2002-04-18,17.249195098876953,17.53683543615689,16.12005712774442,17.377715522773364,74794800
2002-04-19,17.503177642822266,17.741856961233452,17.39913773041044,17.576616894350696,104268600
2002-04-22,17.010522842407227,17.350182685645997,16.829982978311673,17.295102647969646,51465200
2002-04-23,16.520919799804688,17.080898490712947,16.309779317460738,17.044178863595004,68281400
2002-04-24,16.224103927612305,16.65556344977045,16.217983793652362,16.478083066820762,61220400
2002-04-25,16.44136619567871,16.661686386108087,16.18126687876345,16.18738701375275,57290400
2002-04-26,15.758981704711914,16.661680890188595,15.746741438770806,16.54540069834007,62776600
2002-04-29,15.985416412353516,16.19043554294286,15.740615847602127,15.749796627522446,70246000
2002-04-30,15.991537094116211,16.309776928649796,15.887497193106988,15.94257720936456,77384000
2002-05-01,16.141481399536133,16.276120824158777,15.50194208981054,15.960941560887395,76413000
2002-05-02,15.670243263244629,16.54540253093589,15.651884029595474,16.10782289709026,79009200
2002-05-03,15.165340423583984,15.814059241356121,15.150039509921498,15.685538803825365,71628000
2002-05-06,14.877703666687012,15.465223641586736,14.80120374899095,15.128623303346403,66299400
2002-05-07,15.137803077697754,15.388722697623425,14.795082628822083,15.049062898937303,88385400
2002-05-08,16.820796966552734,16.820796966552734,15.673298563354303,15.688598308604467,101242000
2002-05-09,15.948700904846191,16.82998019460665,15.881381777829036,16.646380877583884,83288200
2002-05-10,15.315285682678223,16.117004618578125,15.2969264466316,16.07416484474095,64408800
2002-05-13,16.123119354248047,16.190439643333775,15.223480903019736,15.437680867777686,64819000
2002-05-14,16.793262481689453,16.860581616391393,16.517862307421115,16.646382777845044,64832400
2002-05-15,16.75347900390625,17.270617935581125,16.48113953197996,16.673919617223923,70412000
2002-05-16,17.056421279907227,17.145160292694527,16.72288160933193,16.7412408415588,53406400
2002-05-17,17.145153045654297,17.258373710577914,16.91259391981077,17.200233053645366,54646200
2002-05-20,16.527040481567383,16.9982802198294,16.370981174634387,16.982980470882403,52115800
2002-05-21,15.970111846923828,16.70757051960032,15.95175262587579,16.508671565376112,63120000
2002-05-22,16.42911720275879,16.43829798401646,15.866077922945466,15.872198054685322,54169400
2002-05-23,16.77490234375,16.78102247741807,16.22104250339913,16.432183029411057,51412800
2002-05-24,16.29753875732422,16.68309892061144,16.230219636710547,16.566818741666545,35982000
2002-05-28,16.009902954101562,16.42912218335679,15.835483232174347,16.398522682676838,49602000
2002-05-29,15.927278518676758,16.132298852163007,15.774278722786883,15.80487938234234,45393200
2002-05-30,16.10782241821289,16.32814255382184,15.737563098211483,15.801822748665392,63213000
2002-05-31,15.578441619873047,16.346500202375125,15.569262004211202,16.187381416855196,66468000
2002-06-03,15.122505187988281,15.801824921320836,15.046005260083128,15.602925809145198,88439000
2002-06-04,15.293869972229004,15.676369724937702,15.067430772311555,15.146990207264457,88008400
2002-06-05,15.80794620513916,15.8354862278795,15.400967166083412,15.431566672552078,66969400
2002-06-06,15.881376266479492,15.954815500884422,15.29997668551181,15.758975986077164,78703400
2002-06-07,15.90585994720459,16.095579382849493,15.257141086186074,15.26632070115886,97834400
2002-06-10,16.16289710998535,16.30977676274624,15.746737510181653,15.804878175248641,71825400
2002-06-11,16.086400985717773,16.57906059301687,16.040500572787103,16.29142135156651,74368200
2002-06-12,16.99521827697754,17.06865752821153,16.064979201177405,16.089459729785972,136198600
2002-06-13,16.591297149658203,16.976856096356375,16.58517701814925,16.781016557252812,79771600
2002-06-14,16.906482696533203,16.998282369118495,16.217983401199273,16.263883821140002,109433600
2002-06-17,17.03805160522461,17.27061070276763,16.943191343606905,17.031931475381974,94486600
2002-06-18,17.1329288482666,17.224728552303212,16.93708800107951,16.99216805696079,77518400
2002-06-19,16.634143829345703,17.117622746915206,16.621903561230976,16.973803682103934,81247000
2002-06-20,16.55457878112793,16.860578397542834,16.49337979168167,16.63719881763546,86401200
2002-06-21,15.997664451599121,16.69228393278129,15.997664451599121,16.340384966959654,116820000
2002-06-24,16.572935104370117,16.71981474406772,15.866075743985775,15.939516147482381,104523200
2002-06-25,16.202678680419922,16.82997761251826,16.156778274558366,16.73817796809096,84025200
2002-06-26,16.563762664794922,16.64332206634937,15.621283109464294,15.621283109464294,112131400
2002-06-27,16.80550193786621,16.811622071568173,16.17514334141377,16.70758213322707,95812400
2002-06-28,16.738178253173828,17.07171786186729,16.52397830099802,16.6922778465305,89555600
2002-07-01,16.11394500732422,16.643324376239317,16.089465637023917,16.56070431279528,66473800
2002-07-02,15.740617752075195,16.193496983986613,15.70695877928027,16.02825810027129,82814200
2002-07-03,15.863022804260254,16.07110267147007,15.43768345335363,15.67942347074387,80936600
2002-07-05,16.784074783325195,16.7993756946004,16.233275828991466,16.245516091093375,35673600
2002-07-08,16.193504333496094,16.808564413420378,16.089465551154724,16.64944442178067,63199400
2002-07-09,16.282241821289062,16.747361450073274,16.208802555705077,16.312842488029126,85277200
2002-07-10,15.985416412353516,16.585175227944095,15.95175627633542,16.429114809550303,90673400
2002-07-11,16.190439224243164,16.239399114866576,15.682479921289335,15.924219891934365,129550600
2002-07-12,15.86914348602295,16.441362556974244,15.752863281553399,16.331202486139528,95733800
2002-07-15,15.850783348083496,15.869143749292594,14.687984785985538,15.725323524728383,136965600
2002-07-16,15.682479858398438,16.156779015778632,15.495819911365283,15.700840255044536,97154600
2002-07-17,15.911979675292969,16.309778933716117,15.657999439404541,16.0710996121214,98034800
2002-07-18,15.639644622802734,16.138424453279747,15.50194452637703,15.930344566968952,91053600
2002-07-19,15.165340423583984,15.572319279957092,14.935840726196613,15.26019955143477,112543400
2002-07-22,14.538043975830078,15.29692419340663,14.045385481974497,14.978684252783705,180069800
2002-07-23,13.161043167114258,14.320782009226349,13.148804069436345,14.225922873918973,168061600
2002-07-24,14.146368026733398,14.186148320301136,12.671449353861016,12.775489313525293,202307800
2002-07-25,13.105963706970215,13.987241733255566,12.986622879904203,13.907682349174086,163411400
2002-07-26,13.87708568572998,13.895446087635971,13.366066755956679,13.384427157862667,123538000
2002-07-29,14.764482498168945,14.779782246573136,14.244282881354573,14.336082539075703,112148600
2002-07-30,14.718581199645996,14.941961948625066,14.482962520353828,14.550281642739057,122690600
2002-07-31,14.681859970092773,14.687980101877383,14.18614096849723,14.568640450316956,93875600
2002-08-01,13.999484062194824,14.715523293707122,13.922984149286656,14.559463984984713,92002800
2002-08-02,13.58944034576416,14.030079289760561,13.402780428319117,13.926039393182785,85947600
2002-08-05,13.460927963256836,13.822006552690087,13.40584792122716,13.552727644207536,78941600
2002-08-06,13.975001335144043,14.458481269100632,13.72102227116744,13.739382667608677,88715800
2002-08-07,14.409524917602539,14.473784569982604,13.818945444289827,14.381984899825921,86349400
2002-08-08,14.966438293457031,14.993978300292254,14.201439400584979,14.415639324048287,88748000
2002-08-09,14.724700927734375,15.039881320253146,14.58394138708103,14.733881709808898,69049400
2002-08-12,14.831801414489746,14.917480931433042,14.5655809143373,14.568641564111486,56866600
2002-08-13,14.400343894958496,15.20818278114677,14.35750296359128,14.684923661769732,100122800
2002-08-14,15.211241722106934,15.217361854941355,14.446242627243828,14.458482892912674,96706000
2002-08-15,15.229599952697754,15.52641993278744,14.917480226347902,15.28773945540472,98745600
2002-08-16,15.299978256225586,15.370358016128739,14.969498165589174,15.12555859748827,69334000
2002-08-19,15.911979675292969,15.927279422290805,15.254080048723083,15.312220721529089,79848200
2002-08-20,15.618223190307617,15.82018292262642,15.52948300725794,15.722263123156461,70317600
2002-08-21,15.997664451599121,16.028265122950735,15.651885620047809,15.777345454348783,81203400
2002-08-22,16.288362503051758,16.355682804850428,16.095582381634916,16.172082300116635,72517600
2002-08-23,15.97929859161377,16.172077488376246,15.863018423275932,16.113937987855213,57929200
2002-08-26,15.942583084106445,16.110883844297764,15.66106393487035,16.064983424737193,55652400
2002-08-27,15.557021141052246,16.049680729116222,15.498881631933223,16.012961100582938,65470200
2002-08-28,15.110260963439941,15.501940087978255,15.085780434508363,15.446860065178072,68875000
2002-08-29,15.477463722229004,15.605983022108953,14.84710398777605,14.960323537760209,94275600
2002-08-30,15.018465042114258,15.446863899082468,14.993984507106623,15.34282395989233,58138400
2002-09-03,14.388099670410156,14.84709901740084,14.381979539041462,14.84709901740084,74452600
2002-09-04,14.752245903015137,14.871585604474966,14.427886953877403,14.519686634439097,80232000
2002-09-05,14.048443794250488,14.54110341434212,14.039264178344391,14.534983281306047,90438800
2002-09-06,14.632902145385742,14.770602211706626,14.52580274230058,14.61148226476871,69918400
2002-09-09,14.902186393737793,14.978686322691994,14.268767075380703,14.458486572344166,81653200
2002-09-10,15.235723495483398,15.244903111835377,14.795083233851175,14.853223916869913,83950000
2002-09-11,14.865461349487305,15.63657932574054,14.85016043542297,15.370359996622259,77443200
2002-09-12,14.427886009216309,14.77978495621171,14.388105722235544,14.733885702584237,63726800
2002-09-13,14.660442352294922,14.767541756794724,14.336082321487579,14.351383236955517,59549200
2002-09-16,14.62066650390625,14.727767108158137,14.397286844472974,14.565586459958721,50166200
2002-09-17,14.470730781555176,14.96339064494053,14.446250237321484,14.893009663916967,73343400
2002-09-18,14.611486434936523,14.761426809345187,14.277946697897429,14.296307101078984,83951800
2002-09-19,14.443188667297363,14.632908188525965,14.256528630007875,14.28406865464561,77777600
2002-09-20,14.522747993469238,14.687988140197604,14.47378807969377,14.599247931699436,130619200
2002-09-23,13.840361595153809,14.293240857424967,13.711842325060129,14.259580715077817,89783800
2002-09-24,13.965824127197266,14.22286388518907,13.656764987934954,13.717965152656062,104142200
2002-09-25,14.232051849365234,14.369752008933785,13.785292369251032,14.198392847956686,107116600
2002-09-26,14.13718318939209,14.534982476337937,14.060683281621891,14.41564280698378,100852200
2002-09-27,13.846484184265137,14.412583070736568,13.828123785009705,14.088224188296172,81011600
2002-09-30,13.384425163269043,13.782224473581133,13.191645057521605,13.730203926247876,115577000
2002-10-01,14.146368026733398,14.152488161689696,13.216128524711202,13.561908562315475,110636600
2002-10-02,13.956645965576172,14.323845824875585,13.81894587242687,14.106585159108386,103488600
2002-10-03,13.708786010742188,14.256525741275428,13.647585838692763,13.861785857217649,105221400
2002-10-04,13.393610000610352,13.944409350175105,13.369129458840307,13.889329298488981,107120400
2002-10-07,13.479283332824707,13.788343609710132,13.369123280362414,13.405844076047138,89790000
2002-10-08,13.766926765441895,14.069865809229091,13.503766841475677,13.693486325171431,115667600
2002-10-09,13.460927963256836,13.907687266567512,13.40584792122716,13.534367241098886,123142600
2002-10-10,14.192265510559082,14.265704780204242,13.234486183607675,13.463985944017058,118515000
2002-10-11,14.95419979095459,14.963380572510584,14.385040360907064,14.49214091889104,108828800
2002-10-14,15.082722663879395,15.094962929734415,14.639022948650949,14.764482755424895,76216200
2002-10-15,16.000722885131836,16.025202251524718,15.498883617468755,15.685542434014778,133374200
2002-10-16,15.425440788269043,15.685539998194889,15.385660510850013,15.419320655797199,95437400
2002-10-17,15.535608291625977,16.06498774781162,15.315288086121116,15.997667425619252,182602400
2002-10-18,16.263883590698242,16.27918334136298,15.648823575228814,16.09558283149765,152817200
2002-10-21,16.06803321838379,16.2149140054849,15.716134494045907,15.902794375662088,112378600
2002-10-22,15.810997009277344,15.890557550094556,15.615157473874525,15.73755776714914,87159000
2002-10-23,16.279184341430664,16.29754357643774,15.737564730093661,15.737564730093661,110866600
2002-10-24,15.676363945007324,16.33120309343567,15.575384654517883,16.328143610152548,95833400
2002-10-25,16.120059967041016,16.15677959435228,15.654940407680026,15.68248041998745,75425800
2002-10-28,15.89669132232666,16.370990822991367,15.762050650731231,16.34039130706334,79906600
2002-10-29,15.933393478393555,16.061913872215417,15.560073724072227,15.957873998091214,90517200
2002-10-30,16.251638412475586,16.337317924145193,15.79875915932856,15.97317883225357,94451200
2002-10-31,16.36180305480957,16.54540239355345,16.172082415171946,16.276122351739115,105973800
2002-11-01,16.217981338500977,16.291421767606323,15.881382192733515,16.0435616325838,105097800
2002-11-04,17.166580200195312,17.518480270806794,16.989101007065802,17.36548044311416,139964200
2002-11-05,17.34405517578125,17.380774796184184,17.007456126280374,17.068655104520037,76658200
2002-11-06,17.451154708862305,17.472574584894183,16.992155364243764,17.43891561348387,115407000
2002-11-07,17.139041900634766,17.325701895877234,16.982982574372464,17.19718258804901,73699600
2002-11-08,16.86057472229004,17.304274302833598,16.833034716124008,17.135974783950356,64522200
2002-11-11,16.481136322021484,16.860575118906183,16.468896059594062,16.851395505733453,58341200
2002-11-12,16.680036544799805,16.961556764593766,16.493377782058566,16.554576764048083,81398600
2002-11-13,16.940141677856445,17.11456139390052,16.557642095778025,16.597422379157084,107370200
2002-11-14,17.438922882080078,17.441982365375964,17.09620238813172,17.132923191459447,78337000
2002-11-15,17.34712791442871,17.417507727025033,17.035007984242895,17.31958788625653,77533600
2002-11-18,17.09008026123047,17.451159947438068,17.056421279716243,17.42668058203717,58086400
2002-11-19,16.78714370727539,17.074783004680498,16.618844105950103,16.99828307977844,76403400
2002-11-20,17.325698852539062,17.411379543337176,16.808559894221712,16.833039257809773,76435400
2002-11-21,17.699020385742188,17.747980284663207,17.37466032583038,17.43586049130567,82922200
2002-11-22,17.815298080444336,17.83977744281757,17.457277921456576,17.579678235210455,70002000
2002-11-25,17.8183650970459,17.943824946407965,17.61640531106559,17.766345700447765,61583000
2002-11-26,17.4113826751709,17.824481786128366,17.374661872239795,17.637821790098517,68650400
2002-11-27,17.772457122802734,17.93463653539282,17.56437730382505,17.62557628928075,55191800
2002-11-29,17.650047302246094,17.940746995629183,17.650047302246094,17.879546875870343,28393000
2002-12-02,17.65311622619629,18.041735852161143,17.445036408084466,17.946876724722042,63735000
2002-12-03,17.353240966796875,17.549080568392164,17.261441299461097,17.527660684923685,58457400
2002-12-04,17.301225662231445,17.576624729166536,17.080905474846272,17.175765814925196,83892000
2002-12-05,16.934024810791016,17.469524328990754,16.921784541652478,17.426684554302184,68435800
2002-12-06,16.97380256652832,17.056422619928327,16.59130296780393,16.79020205876293,71670200
2002-12-09,16.380165100097656,16.89730538855417,16.37404496544947,16.829985074720465,63862800
2002-12-10,16.527040481567383,16.670860689720392,16.364861041596384,16.389341573748396,63730200
2002-12-11,16.725940704345703,16.833040114171954,16.395461691670395,16.478080569367208,69186200
2002-12-12,16.575998306274414,16.84833893958591,16.42911863361304,16.829978542767286,55242000
2002-12-13,16.064979553222656,16.447479066394624,16.061920070727467,16.426059187040664,65245400
2002-12-16,16.670860290527344,16.692280171999432,16.117000520458806,16.217980962223784,60140400
2002-12-17,16.634143829345703,16.826923966615876,16.45666344357083,16.652503064221573,49549800
2002-12-18,16.380165100097656,16.646385704460226,16.153725954596453,16.47502543620003,62709400
2002-12-19,16.251638412475586,16.75347755333322,16.18125864684758,16.29447816831039,82686600
2002-12-20,16.230226516723633,16.438306433653143,16.20268649338601,16.367926633411745,98294600
2002-12-23,16.52397918701172,16.609658705557834,16.187380077898357,16.233279319706963,48798400
2002-12-24,16.468910217285156,16.594370096780104,16.377110504754143,16.3832306412291,18386000
2002-12-26,16.337324142456055,16.735123527427046,16.270003833494602,16.53316376783893,37228000
2002-12-27,16.208797454833984,16.523976635645937,16.187377578504766,16.30365657363603,40891600
2002-12-30,16.141481399536133,16.29142174036482,15.994601708867062,16.221040794245873,48019600
2002-12-31,15.820175170898438,16.214914825697267,15.685534637127695,16.138414946889533,58208800
2003-01-02,16.438297271728516,16.44747688529265,15.823237482425455,16.003777275393055,67025200
2003-01-03,16.459720611572266,16.46278009430549,16.18126099101009,16.39852045124406,55546800
2003-01-06,16.759605407714844,16.900365003830185,16.462785295096392,16.53010560945431,59456200
2003-01-07,17.074779510498047,17.13903915411459,16.73206024391382,16.80549950310531,80517400
2003-01-08,16.59742546081543,16.998284350191934,16.55764517005033,16.943204306762194,64566000
2003-01-09,17.07784652709961,17.111505519187645,16.686166051976333,16.744306751748166,61808000
2003-01-10,17.111495971679688,17.22777613904741,16.79937742696467,16.860576409193804,67730200
2003-01-13,17.25531768798828,17.365477733505614,17.06559825809503,17.295097963824176,60817800
2003-01-14,17.432798385620117,17.44197800050675,17.194117892904607,17.236958819399312,54206400
2003-01-15,17.218595504760742,17.539894811605844,17.19411497948325,17.441975045087254,59622600
2003-01-16,16.937082290649414,17.334882819515048,16.863643019099204,17.233902362013293,81371000
2003-01-17,15.74674129486084,16.217981023622805,15.700842048945166,16.19962062487894,155876000
2003-01-21,15.706961631774902,15.957881236006806,15.694721366374331,15.872200545498771,86159200
2003-01-22,15.605978012084961,16.034377875413423,15.578438004195334,15.786517804406792,86948000
2003-01-23,15.997664451599121,16.077225029817058,15.74674478299717,15.896685154379435,71374800
2003-01-24,15.254074096679688,15.92727320756937,15.20817487359576,15.921153077699095,103027000
2003-01-27,15.045999526977539,15.483579041244054,14.813440348370241,15.091899933149312,114838600
2003-01-28,14.938897132873535,15.208177049210489,14.8593377677694,15.205116400189802,86151200
2003-01-29,15.272440910339355,15.31222118758121,14.666561805876261,14.911361267180151,106884000
2003-01-30,14.761425971984863,15.352004316286749,14.746125053220057,15.348944832911517,87877400
2003-01-31,14.522747993469238,14.79508758680131,14.39116800632959,14.519688509550457,106858400
2003-02-03,14.859345436096191,15.02458438232361,14.52274507514483,14.666565303651987,80129800
2003-02-04,14.479898452758789,14.669617844821513,14.345259072471634,14.626778095061765,81854800
2003-02-05,14.369741439819336,14.850160735284758,14.299361669426501,14.635961941609127,101072000
2003-02-06,14.51050090789795,14.571701063196853,14.247342224515641,14.339141873816063,83312000
2003-02-07,14.253462791442871,14.672681941986513,14.20144224929885,14.651262062073066,75208000
2003-02-10,14.49826717376709,14.541106948134534,14.241227360266114,14.320786774477611,74081400
2003-02-11,14.21062183380127,14.5870012237097,14.075982422163621,14.473781691939498,84292000
2003-02-12,14.21062183380127,14.412581534905692,14.155541809200434,14.244281978534657,71315200
2003-02-13,14.378927230834961,14.418706353634224,14.115767287165806,14.201446834482727,73558200
2003-02-14,14.779781341552734,14.84098149871797,14.311602298736116,14.458481975555136,90446400
2003-02-18,15.275503158569336,15.293863559227274,14.932783850693978,15.067424454259957,57415500
2003-02-19,15.0606107711792,15.27549828205131,14.839582278797478,15.23866059033739,46902700
2003-02-20,14.821171760559082,15.26936882531938,14.79661367499745,15.20797185484059,50897200
2003-02-21,15.122010231018066,15.226384692267981,14.551021771173765,14.913262479567626,56853200
2003-02-24,14.778193473815918,15.042199613585582,14.636981268699502,15.005361901609508,62403700
2003-02-25,14.851865768432617,14.900983093861955,14.35455153102998,14.452787352938067,68113000
2003-02-26,14.495760917663574,15.02377172943651,14.477341486501494,14.778185169187575,57096000
2003-02-27,14.477348327636719,14.864147196425833,14.305437068702865,14.67381766867561,75434300
2003-02-28,14.551025390625,14.77819263446654,14.458929359340917,14.575583473530989,56585400
2003-03-03,14.45278549194336,14.808886348215538,14.366829305223002,14.747489406572212,50653500
2003-03-04,14.164219856262207,14.52646051456434,14.15808004514955,14.477343196712317,56605700
2003-03-05,14.391388893127441,14.458924476599579,14.15194093211934,14.164220554950377,55415900
2003-03-06,14.287014961242676,14.428227115792208,14.201058769345687,14.225618015901778,54607600
2003-03-07,14.465065956115723,14.606279292858707,14.059847724356283,14.090546784974073,66167600
2003-03-10,14.090543746948242,14.403665900392273,14.053704882149626,14.311571080494078,48413600
2003-03-11,13.998452186584473,14.28087771751716,13.973894106661804,14.158083804755202,53990700
2003-03-12,14.360687255859375,14.39138630742126,13.84495490011047,14.004586455085041,72379500
2003-03-13,15.146570205688477,15.189547720433222,14.391390863903652,14.563300922882634,80701300
2003-03-14,15.263221740722656,15.324617510906533,14.894841264373138,15.152707480712877,75451400
2003-03-17,15.920170783996582,15.932450409897404,14.937822961872827,15.054477065831477,100983800
2003-03-18,15.98770523071289,15.987705230712889,15.65616240589608,15.895609220897502,78108800
2003-03-19,16.15961456298828,16.227151321559152,15.803513676881678,15.950865646541374,73652100
2003-03-20,16.116640090942383,16.282411527215405,15.760539137679734,15.975427906435549,71798500
2003-03-21,16.313108444213867,16.45432062026638,15.98156676256668,16.423622728446098,85586800
2003-03-24,15.527231216430664,15.920169853903964,15.459694448971375,15.686861659617058,61105200
2003-03-25,15.650015830993652,15.809647362362794,15.3675916246821,15.717552563393763,63595100
2003-03-26,15.502671241760254,15.72983961284187,15.496531429455406,15.631603787013729,51673600
2003-03-27,15.373736381530762,15.508808718749904,15.09745072466288,15.312339438776869,60043300
2003-03-28,15.146570205688477,15.410576277462711,15.10359269094373,15.146570205688477,39584600
2003-03-31,14.864144325256348,15.171127904094845,14.7413515963506,14.888703573667149,71384000
2003-04-01,14.950098991394043,15.164987708766715,14.888702047709096,15.017634575503118,49803200
2003-04-02,15.791234970092773,15.963146196867601,15.410575985801302,15.410575985801302,68282500
2003-04-03,15.79737377166748,16.018402310374473,15.717558561050707,15.95700536395038,57394300
2003-04-04,15.404440879821777,15.840357135500179,15.306206197667496,15.8157990504865,55740600
2003-04-07,15.453557968139648,16.227156955738923,15.453557968139648,16.104363019529604,65627100
2003-04-08,15.705273628234863,15.85876535688104,15.471966715954215,15.539502280245243,54132100
2003-04-09,15.085163116455078,15.760526787140396,15.06674486311325,15.723689109408081,76875800
2003-04-10,15.097454071044922,15.220247983770236,14.907124560265272,15.171129481840477,51608900
2003-04-11,14.858007431030273,15.459695035241118,14.70451562356529,15.28164397647795,71565500
2003-04-14,15.201828002929688,15.275503411095459,14.7352127906983,14.900984215645536,51599600
2003-04-15,15.103590965270996,15.22024504271365,14.796607413826665,15.152708286660117,63399000
2003-04-16,15.300053596496582,15.803506214534746,15.103584396388891,15.717551232249832,86178700
2003-04-17,15.656164169311523,15.680723420308343,15.189548939817863,15.207968378065477,58356600
2003-04-21,15.478113174438477,15.723701001187552,15.39829795047971,15.723701001187552,41557800
2003-04-22,15.815797805786133,15.840355888867096,15.367601957348933,15.38602022689723,58844000
2003-04-23,15.791234970092773,15.95700638472749,15.637743179738276,15.809654406513106,55559300
2003-04-24,15.650015830993652,15.791227934149427,15.545641413215709,15.643876021589195,51703600
2003-04-25,15.484245300292969,15.74211145352611,15.453547422713603,15.551782036226328,53657400
2003-04-28,15.803516387939453,15.9263103025789,15.545650104036264,15.588627622845202,56287600
2003-04-29,15.840348243713379,16.116633864088836,15.766672858979339,15.932444231204615,65877300
2003-04-30,15.699137687683105,15.889467150218172,15.502668413963136,15.79737232454309,55566800
2003-05-01,15.791234970092773,15.932448307216474,15.557927964015686,15.680721864719054,42085800
2003-05-02,16.02454376220703,16.14119785524722,15.69300092021369,15.748258060545913,52695400
2003-05-05,15.877185821533203,16.202587558017072,15.864906201388786,16.116632559104204,50391500
2003-05-06,16.1903133392334,16.270128548928696,15.852630723324141,15.877189970029981,54299500
2003-05-07,15.957005500793457,16.17803404139593,15.864910665892213,16.030682071344067,49120000
2003-05-08,15.803516387939453,16.049103046168785,15.785096949428668,15.80965620077638,46401400
2003-05-09,16.184175491333008,16.270130523134487,15.895610162771785,15.901749975193246,58913600
2003-05-12,16.085939407348633,16.251709643820984,15.99998321212475,16.055240347965327,53900800
2003-05-13,15.957005500793457,16.085939206494686,15.89560855384284,15.987704559793444,44501900
2003-05-14,15.729837417602539,16.073658661344602,15.68072009706796,16.012261717914054,45021000
2003-05-15,15.834213256835938,15.969285607372969,15.699139735249508,15.871050957700692,45450200
2003-05-16,15.699137687683105,15.993841598263062,15.60090305082312,15.889467150218172,60620900
2003-05-19,15.201828002929688,15.6807228402052,15.189548377885558,15.5947666359458,55336300
2003-05-20,15.122010231018066,15.349178589402962,15.042195017614903,15.26322356403811,52677600
2003-05-21,14.753634452819824,15.171131227824926,14.667678235599931,15.122013891291992,108960900
2003-05-22,14.833442687988281,14.900979433004794,14.759767303469472,14.858001930193968,93157100
2003-05-23,14.870283126831055,15.066753587617818,14.753630217955296,14.85800467450947,76968000
2003-05-27,15.220243453979492,15.281639221020233,14.87028125818162,14.88870069092336,68486800
2003-05-28,14.986933708190918,15.269359124545792,14.919396966466024,15.214102003325253,91467000
2003-05-29,14.980799674987793,15.146571102575882,14.876425202548944,15.023777192277405,75451300
2003-05-30,15.109726905822754,15.293916521081577,15.048329977053475,15.183402283506677,85096700
2003-06-02,15.12814998626709,15.367597967677716,15.085172473745779,15.33689890798436,66310800
2003-06-03,15.27549934387207,15.300058587421232,15.085169890562808,15.195684144435665,61058200
2003-06-04,15.269363403320312,15.484250967116925,15.189547018724946,15.34303880489361,83484600
2003-06-05,14.790468215942383,15.05447426850626,14.741350892515339,15.023775209458504,115877900
2003-06-06,14.532601356506348,15.079031702750765,14.520321733410013,15.005356306271388,119629400
2003-06-09,14.581727027893066,14.722939261216455,14.489632144032159,14.56330758270089,73610000
2003-06-10,15.152704238891602,15.195681737245263,14.643111726464324,14.69836884464732,80655300
2003-06-11,15.27549934387207,15.324616659921206,14.993075069351823,15.146566828386527,75768600
2003-06-12,15.343039512634277,15.435134354373728,15.189547719385375,15.330759888122497,66177700
2003-06-13,15.134286880493164,15.502667328448302,15.03605225051168,15.471969445722525,55157500
2003-06-16,15.588627815246582,15.607047253984707,15.146571824977741,15.226387050743803,69658600
2003-06-17,15.93858528137207,16.049099546237095,15.674580413254773,15.742115997633942,122213900
2003-06-18,16.00613021850586,16.22715886121707,15.785101575794648,15.950873057828057,89957700
2003-06-19,16.00613021850586,16.202599602671423,15.969292501737291,16.01840984777868,63626900
2003-06-20,16.16575813293457,16.196456027940044,15.969288794380427,16.17189794614559,86048900
2003-06-23,15.828078269958496,16.110502681099575,15.650027181243662,16.049105713575504,52584500
2003-06-24,15.77895736694336,15.987706306755646,15.668443084566327,15.748258304588912,51820300
2003-06-25,15.508810043334961,15.957005772934362,15.435133471527823,15.742117040467036,60483500
2003-06-26,15.809653282165527,16.276268432184487,15.478110476474681,15.588624745038297,51758100
2003-06-27,15.735980987548828,16.17189836851945,15.674585195934359,15.932451502283971,76040300
2003-06-30,15.742118835449219,16.03682398523191,15.65616380108109,15.92630970044459,48073100
2003-07-01,16.055240631103516,16.085939691028205,15.588625459692762,15.711419357292737,60926000
2003-07-02,16.503440856933594,16.534139925211107,16.23943589604526,16.27013379327306,94069300
2003-07-03,16.27013397216797,16.54641973445486,16.21487681971059,16.386788090805737,39440900
2003-07-07,16.834976196289062,16.914791395813275,16.546412110564066,16.589389615773193,88960800
2003-07-08,17.006885528564453,17.068281288693235,16.730599923788684,16.736739734011376,61896800
2003-07-09,16.865678787231445,17.006892135111354,16.730606423008833,16.92093592965195,62300700
2003-07-10,16.521852493286133,16.834975815504887,16.325383233317307,16.730601374765303,55350800
2003-07-11,16.767438888549805,16.85339506715184,16.50957269484199,16.546411558978214,50377300
2003-07-14,16.82270050048828,17.0744269506447,16.607811753243922,16.96391267085906,60464400
2003-07-15,16.742881774902344,16.902513348812963,16.63850732930883,16.865674482568746,53567600
2003-07-16,16.896377563476562,16.957774517462713,16.699908247560472,16.920935642441325,49838900
2003-07-17,16.386789321899414,16.74289034723888,16.29469445123486,16.66307393389307,72805000
2003-07-18,16.50957489013672,16.718323797136268,16.423619871154305,16.64464840116543,63388400
2003-07-21,15.98770523071289,16.521855998185202,15.963145982482276,16.497297921004,48480800
2003-07-22,16.19645881652832,16.30697313125498,16.042966972974583,16.13506301594669,51791000
2003-07-23,16.23942756652832,16.36222026350648,16.049096953981135,16.221008135009495,49828200
2003-07-24,15.963143348693848,16.527993083258828,15.95086372660458,16.44203807073238,53556600
2003-07-25,16.50957489013672,16.546413759171443,16.006122057155203,16.135055756678128,54173000
2003-07-28,16.337669372558594,16.57711623228911,16.26399278515325,16.54027852411125,52658300
2003-07-29,16.251710891723633,16.51571696744514,16.110498720865444,16.503437342748914,62391100
2003-07-30,16.10435676574707,16.31310567360988,16.067519067609314,16.245568917816232,41240300
2003-07-31,16.214874267578125,16.57097521011638,16.15347731106128,16.331528367855178,64504800
2003-08-01,16.067522048950195,16.27627099554653,16.036824156647597,16.165756709577938,42649700
2003-08-04,16.07366180419922,16.214873981965944,15.809655715561721,16.055242366253747,51825600
2003-08-05,15.754398345947266,16.29469014074027,15.717560641636224,16.153476793957175,58825800
2003-08-06,15.748262405395508,16.079805338859522,15.613190009011905,15.680726792728603,56294900
2003-08-07,15.78508472442627,15.84648163419621,15.625454398492542,15.79122453250813,44258500
2003-08-08,15.705273628234863,15.950860159858955,15.656156321910045,15.889463234190695,33241400
2003-08-11,15.723698616027832,15.957005610789185,15.680721104180954,15.723698616027832,36433900
2003-08-12,15.79737377166748,15.821933018656857,15.625463726939243,15.785094148172792,38208400
2003-08-13,15.717557907104492,15.895607756172113,15.656160963234887,15.83421198335181,39636900
2003-08-14,15.735980987548828,15.785098323470198,15.668445382562979,15.754400427662963,37338300
2003-08-15,15.680719375610352,15.754394767497828,15.613182623839132,15.723696882719587,27607900
2003-08-18,15.77895736694336,15.858772586965944,15.63160420974099,15.693001163400396,45817400
2003-08-19,16.343801498413086,16.362219758314122,15.821929331983933,15.871046643468496,72952900
2003-08-20,16.23942756652832,16.288544879529407,15.963141948991513,16.14733157998331,56739300
2003-08-21,16.110498428344727,16.411342201642977,16.04296166479123,16.362224874799374,63802700
2003-08-22,16.09821891784668,16.546415845898416,16.09207910556658,16.442041379235608,65846300
2003-08-25,16.27013397216797,16.294693227060016,16.10436251479583,16.153479853530197,36132900
2003-08-26,16.313108444213867,16.374505398903942,15.938588074548973,16.153476830439477,47546000
2003-08-27,16.22101402282715,16.31924868448602,16.147337441058227,16.276271166391457,30633900
2003-08-28,16.276268005371094,16.31924551511898,16.110496606872704,16.27012819382864,46211200
2003-08-29,16.282413482666016,16.300831752653036,16.178038992223936,16.245574600592537,34503000
2003-09-02,16.73674201965332,16.761300092848778,16.251707485263903,16.392920797572362,74168900
2003-09-03,17.375268936157227,17.436665882044046,16.81041914188731,16.834978388661774,109437800
2003-09-04,17.4550838470459,17.479641920702726,17.184938010525368,17.252474762417812,59840800
2003-09-05,17.42438507080078,17.651553403780678,17.295452547172463,17.332290243773517,64024500
2003-09-08,17.706804275512695,17.755921577302722,17.39982084656282,17.43051872103827,46105300
2003-09-09,17.418243408203125,17.626991100087206,17.381404546945003,17.590153409878138,44315200
2003-09-10,16.9147891998291,17.301589038592848,16.871811700199583,17.209494229236874,54763500
2003-09-11,17.09284782409668,17.258619257706457,16.939356016172713,16.982333535023496,37813300
2003-09-12,17.39983558654785,17.436673301334626,16.853404994853,16.871823266721467,55777200
2003-09-15,17.412107467651367,17.56559924385831,17.39368803292878,17.41824727922556,41432300
2003-09-16,17.743650436401367,17.77434949659262,17.387549535528652,17.442806672823504,52060600
2003-09-17,17.498064041137695,17.774349731259637,17.479644604779757,17.657695643091547,47221600
2003-09-18,18.11203384399414,18.11817365700958,17.448949261971254,17.491926782029747,67268100
2003-09-19,18.394453048706055,18.40059285999659,18.124308378218124,18.27166033604316,92433800
2003-09-22,17.8480224609375,18.419012020954984,17.68839088289665,18.044491735126474,65678700
2003-09-23,18.173425674438477,18.240961256450152,17.7313686304749,17.878721759162268,57827800
2003-09-24,17.473506927490234,18.234827328607548,17.44894884706202,18.179570183832105,66336500
2003-09-25,17.33843421936035,17.780490197892934,17.326154593860952,17.479646399454843,56224500
2003-09-26,17.307737350463867,17.669978126777004,17.277038284899422,17.356854684317362,49864700
2003-09-29,17.70067024230957,17.749787560127057,17.252474570843845,17.442804031005455,47380300
2003-09-30,17.06828498840332,17.565599184797197,17.037587101684874,17.553319561690092,63333700
2003-10-01,17.510343551635742,17.577879142410648,17.074426262391498,17.209499786040137,58375900
2003-10-02,17.498064041137695,17.651555830972235,17.307734549636702,17.467366151590554,38143600
2003-10-03,17.854164123535156,18.087471118065157,17.7620692880904,17.90328144717565,57303000
2003-10-06,17.921701431274414,17.98923702144153,17.749790207745736,17.897142183177717,34047600
2003-10-07,17.891002655029297,18.03221599172713,17.75593030150248,17.81118743954741,52356800
2003-10-08,17.694530487060547,18.026073261662145,17.608575473370905,18.026073261662145,46989100
2003-10-09,17.768207550048828,18.019933958130043,17.68225136288869,17.940117582270574,62653300
2003-10-10,17.749784469604492,17.92783544759712,17.60243254180837,17.749784469604492,37604700
2003-10-13,17.66997528076172,17.86644458453137,17.498064054438565,17.792768010093038,39320300
2003-10-14,17.60857582092285,17.663832951113765,17.48578193804321,17.596296198425037,34851300
2003-10-15,17.948156356811523,18.065464899258842,17.719714707309084,18.028420530240467,57242100
2003-10-16,18.046945571899414,18.09633846589495,17.781458325066094,17.849373995917265,42232500
2003-10-17,17.861705780029297,18.083974183586147,17.781441666470045,18.077799930418635,49960000
2003-10-20,18.121028900146484,18.13337741355163,17.78145184721926,17.87406452013881,38794500
2003-10-21,18.121028900146484,18.170421776148018,18.009894634738266,18.121028900146484,44166800
2003-10-22,17.837018966674805,18.034590470534194,17.781451834011968,17.92345738282758,48798500
2003-10-23,17.849367141723633,17.954327148361727,17.349264134856966,17.73205862192364,67357900
2003-10-24,16.429319381713867,16.91707382436338,16.312010874193035,16.83681085245054,210558300
2003-10-27,16.61454963684082,16.73185819581616,16.558982486674577,16.61454963684082,65619100
2003-10-28,16.793594360351562,16.805941696162037,16.596021678336214,16.72567871410819,71752600
2003-10-29,16.509580612182617,16.824460565923324,16.4601877475342,16.768893445991505,73551500
2003-10-30,16.126787185668945,16.69480575245652,15.997130172075193,16.6762829854806,98729400
2003-10-31,16.139135360717773,16.324359507276377,16.120613770395156,16.28114089303171,69623700
2003-11-03,16.47254753112793,16.515766170069725,16.231757298383872,16.2688016778169,57772300
2003-11-04,16.09592056274414,16.435497656471,16.058876195696932,16.4169748841378,84026100
2003-11-05,16.114442825317383,16.250272951939795,16.052701430445683,16.145312933943654,61514400
2003-11-06,16.194704055786133,16.237922674217604,16.052699687334435,16.213226825522064,68189800
2003-11-07,16.114442825317383,16.355232969935937,16.07122420219294,16.287317317815152,57822100
2003-11-10,16.05270004272461,16.19470441432014,16.05270004272461,16.12678994568957,54579100
2003-11-11,15.929214477539062,16.10209010247426,15.848951509516308,16.058871490645174,64990700
2003-11-12,16.04035186767578,16.139137621966974,15.805735995638969,15.960088883921344,75877300
2003-11-13,15.861305236816406,16.009483887938842,15.713126585693972,15.966265261897203,78949500
2003-11-14,15.743992805480957,16.065047059044804,15.70694844626019,15.867475573042112,83146400
2003-11-17,15.527897834777832,15.706947721720287,15.336500613743985,15.676076442444574,103900200
2003-11-18,15.527897834777832,15.953912067831524,15.509376244831296,15.63903208493261,106868300
2003-11-19,15.651386260986328,15.768694809451015,15.54025197061129,15.614341890067754,78853300
2003-11-20,15.49703311920166,15.82426054992169,15.484684603199579,15.54025174758964,106845700
2003-11-21,15.503202438354492,15.669902640799767,15.48467967025216,15.639032538248141,70712900
2003-11-24,15.886002540588379,15.935395428806473,15.608167985968862,15.639038099497915,99463800
2003-11-25,15.682257652282715,16.021834809180884,15.669909135096729,15.97244191805635,85663800
2003-11-26,15.713128089904785,15.824261205670906,15.632863910184454,15.811913866776461,69758400
2003-11-28,15.87364673614502,15.898343757724724,15.68224952937752,15.74399090570798,33402600
2003-12-01,15.953916549682617,16.182358192403353,15.74399650211159,15.99096091760126,101914600
2003-12-02,15.842779159545898,16.108266295709086,15.811909055274409,16.02182906165372,85121700
2003-12-03,15.848958969116211,16.095923422677043,15.818088854028385,15.941570491999098,93121600
2003-12-04,16.176185607910156,16.194707203627186,15.842782753572541,15.879827122625857,87202400
2003-12-05,16.04035186767578,16.34905764424053,16.003307504221354,16.028003353984612,96610900
2003-12-08,16.200878143310547,16.262619530833685,15.935391001294375,16.126789420378,90504000
2003-12-09,16.287322998046875,16.42932860906223,16.207059981055213,16.324368554461092,103547100
2003-12-10,16.416973114013672,16.441668963509304,16.287316076899636,16.33053587435036,82853700
2003-12-11,16.429319381713867,16.528105121430702,16.22557364634553,16.416970869844537,79309000
2003-12-12,16.454011917114258,16.552797636954374,16.36140045196648,16.47870893588362,69154100
2003-12-15,16.509580612182617,16.73184909190989,16.472536258100998,16.700977815492887,88860600
2003-12-16,16.707155227661133,16.768896614542637,16.528106501085677,16.565150862166977,73978000
2003-12-17,16.694807052612305,16.719502899551273,16.577498541200097,16.694807052612305,53712300
2003-12-18,16.91707420349121,16.947945483856394,16.700979951410662,16.731851231775845,61177800
2003-12-19,16.89238166809082,17.0096890236165,16.787421649512627,16.972644657535714,76856400
2003-12-22,16.781248092651367,16.935600998319433,16.6515910395282,16.76889957756931,43894800
2003-12-23,16.76272964477539,16.880038213081853,16.676292372138796,16.77507816304334,39609000
2003-12-24,16.694807052612305,16.768895771048157,16.67011002805439,16.7565472587692,19924200
2003-12-26,16.79977035522461,16.824467386370106,16.670114474568546,16.70098458588115,12076900
2003-12-29,16.954116821289062,16.997336609362073,16.76889386859428,16.799763968170474,40426700
2003-12-30,16.991168975830078,17.009690571746624,16.91707905930608,16.923253317151353,34406600
2003-12-31,16.898557662963867,17.00969077263345,16.812119229728474,16.929427774935537,42198900
2004-01-02,16.947959899902344,17.145531551819527,16.873869941623433,17.028222941886224,44487700
2004-01-05,17.373958587646484,17.398655611985998,17.114645720176288,17.120819976261167,67333700
2004-01-06,17.435705184936523,17.460402216661556,17.330745155343696,17.404835072899516,46950800
2004-01-07,17.41717529296875,17.47891666942915,17.29369371766676,17.392479448955875,54298200
2004-01-08,17.386314392089844,17.583885959196866,17.287528608536334,17.528318808745585,58810800
2004-01-09,17.077606201171875,17.32457062646337,17.034387573948273,17.306049030578553,67079900
2004-01-12,17.022035598754883,17.12082134879447,16.886205486855214,17.08377698693438,55845200
2004-01-13,16.935596466064453,17.06525230687029,16.830636471194484,17.00968518149096,51555900
2004-01-14,17.1023006439209,17.1208222370023,16.960295090455265,16.991166374956094,43907000
2004-01-15,17.00351333618164,17.114646417379895,16.929423437763823,17.009686414899058,58504100
2004-01-16,17.17020606994629,17.213424667862377,16.997331678281938,17.108464711086818,63983400
2004-01-20,17.349260330200195,17.41100170485091,17.244300346579607,17.27517044509558,63068500
2004-01-21,17.472742080688477,17.472742080688477,17.194907658345215,17.36778209599379,53570600
2004-01-22,17.293697357177734,17.559184507496866,17.250478737845608,17.50979163145743,78425200
2004-01-23,17.583877563476562,17.756753190962524,17.423350447443642,17.460395981802762,127259100
2004-01-26,17.781452178955078,17.799974949408366,17.485094917416944,17.590054928080754,58299600
2004-01-27,17.441879272460938,17.732062326679294,17.423356498848126,17.68266944133108,63196200
2004-01-28,17.108478546142578,17.559190005959106,16.960299871623782,17.472751562608572,71336000
2004-01-29,17.231956481933594,17.256653509499813,17.022036458097098,17.17021509063714,63748400
2004-01-30,17.07142448425293,17.22577732982053,17.009683110502138,17.18873297661756,40528700
2004-02-02,16.91707420349121,17.164038558318005,16.818288461560492,17.046731225787113,62891800
2004-02-03,16.849164962768555,17.009690959931984,16.781249302539898,16.917079445377915,47993800
2004-02-04,16.676292419433594,16.93560541569832,16.676292419433594,16.805948328756195,60648000
2004-02-05,16.645418167114258,16.775075231026673,16.565155167640334,16.70715957004306,55527500
2004-02-06,16.719505310058594,16.78742095976554,16.62689380985219,16.688635202529497,47209600
2004-02-09,16.608373641967773,16.81211944540472,16.57750352960008,16.787423591034425,48108500
2004-02-10,16.682458877563477,16.7627218537613,16.55897610751563,16.58984738883708,37790600
2004-02-11,16.76272964477539,16.812122540227662,16.577506581234257,16.651595335602902,51515300
2004-02-12,16.639240264892578,16.762721857347874,16.626891752361356,16.725677497373184,44537000
2004-02-13,16.416973114013672,16.707156116896982,16.361405980624667,16.657763240286652,67541100
2004-02-17,16.663942337036133,16.731858003708304,16.41697788225471,16.497240888451394,43477000
2004-02-18,16.528112411499023,16.738032495391653,16.50958963552517,16.608375418813534,50334700
2004-02-19,16.336713790893555,16.657768172736066,16.318192192692262,16.620723798714057,61840600
2004-02-20,16.404621124267578,16.546625467228743,16.361402513594076,16.460188245881742,57821900
2004-02-23,16.429319381713867,16.52193086549604,16.34905523218212,16.50340809769204,50256800
2004-02-24,16.596017837524414,16.639237624525435,16.392272123566173,16.42931765528133,55426500
2004-02-25,16.484893798828125,16.66394258965165,16.42932664845751,16.608375439281037,64275700
2004-02-26,16.361408233642578,16.454019742837463,16.305841092601803,16.416975374683357,66602700
2004-02-27,16.379928588867188,16.435495721706307,16.268794323188946,16.342883048561735,58266500
2004-03-01,16.484893798828125,16.497241138539813,16.36141098075578,16.441673988169203,51912300
2004-03-02,16.293487548828125,16.47871168767303,16.26879170355346,16.42931881950483,66331000
2004-03-03,16.281143188476562,16.392276278937448,16.188530513330534,16.268794674774547,54998700
2004-03-04,16.281143188476562,16.312013295112518,16.182356256479526,16.25644616107253,44023200
2004-03-05,16.268798828125,16.423151755948542,16.176187306954752,16.194708904617173,59849800
2004-03-08,15.947749137878418,16.268803604641544,15.935400617398361,16.244106563681427,69367800
2004-03-09,15.879828453063965,16.03418137760719,15.768695336593103,15.929221341813022,81111700
2004-03-10,15.66373062133789,15.929216583039375,15.651382108434843,15.83660509150453,75155800
2004-03-11,15.490859031677246,15.916873417482902,15.478510515539268,15.546426176678823,90536300
2004-03-12,15.669903755187988,15.750167911720602,15.577292263327983,15.669903755187988,64137100
2004-03-15,15.534080505371094,15.70078197090466,15.472339090993529,15.620517778927967,68835300
2004-03-16,15.546426773071289,15.663735325643625,15.497033884243887,15.59581966189869,65453800
2004-03-17,15.51555347442627,15.719299261684851,15.50320613703121,15.589643386892668,56241400
2004-03-18,15.36737060546875,15.453809009203509,15.175973385804085,15.410589218526688,123231000
2004-03-19,15.206838607788086,15.398236943657231,15.163620008597798,15.29327698378717,86281600
2004-03-22,15.126583099365234,15.336503122300645,14.824051578692218,15.114234585635131,127605200
2004-03-23,14.91048526763916,15.225365227032633,14.885789423680999,15.219190971638392,91696300
2004-03-24,15.071025848388672,15.17598592868649,14.929021380226876,15.052503065646754,97584700
2004-03-25,15.55260181427002,15.583471929733838,15.175980281990467,15.188328799223763,85677900
2004-03-26,15.453805923461914,15.750163077500208,15.435283159727527,15.503198782468298,61584900
2004-03-29,15.62668514251709,15.682252273174756,15.43528790226236,15.589640781284983,51881600
2004-03-30,15.558771133422852,15.639034114719232,15.45381112550048,15.564944212460304,59010400
2004-03-31,15.392068862915039,15.55877025032153,15.355024502697702,15.55877025032153,70533200
2004-04-01,15.484678268432617,15.503201034858094,15.342673925360433,15.404415302493199,69051900
2004-04-02,15.960090637207031,15.99096074720709,15.706951966825075,15.73164781930128,98043800
2004-04-05,16.021839141845703,16.040360745013928,15.886007771306819,15.935400675788303,53800300
2004-04-06,15.929214477539062,15.990955856274407,15.842777253880888,15.910692888251653,48992000
2004-04-07,15.799568176269531,15.916876748894426,15.651389484457876,15.89217971144937,63268900
2004-04-08,15.731643676757812,15.960086434508755,15.657554961219438,15.94156366681471,45294600
2004-04-12,15.811911582946777,15.892174573454787,15.700777305613238,15.731647414819586,38786800
2004-04-13,15.713128089904785,15.910699643648135,15.68843105687719,15.855132496955399,56971500
2004-04-14,15.750160217285156,15.855120170815415,15.66989609996402,15.676070353420911,61079600
2004-04-15,15.57111930847168,15.885999349212279,15.497030579838075,15.762517742283233,73756900
2004-04-16,15.534080505371094,15.682259193305532,15.503210386992077,15.639040556527096,51768600
2004-04-19,15.762519836425781,15.80573846347375,15.472335607470685,15.484684123089894,44592100
2004-04-20,15.6390380859375,15.978614044940029,15.608167972435213,15.83660963863856,59902600
2004-04-21,15.713128089904785,15.737823945313028,15.558775166340373,15.657560943212049,49252000
2004-04-22,16.021839141845703,16.046535005276578,15.725480537337058,15.750177578387667,99207700
2004-04-23,17.00351333618164,17.114646417379895,16.880030564691605,16.917074925091022,258269000
2004-04-26,16.818286895751953,17.00968410572098,16.731849674014747,16.947943905976587,89391000
2004-04-27,16.80594253540039,16.898555213127626,16.750375399811695,16.768898170880966,80716800
2004-04-28,16.398456573486328,16.7009882048594,16.342889418987244,16.67629234598176,72842200
2004-04-29,16.349056243896484,16.633066146371704,16.244096241749833,16.36757901284671,77787300
2004-04-30,16.132959365844727,16.51575495204438,16.027999380726982,16.416969222241654,66172200
2004-05-03,16.268798828125,16.37375886614978,16.170013048527487,16.170013048527487,65916200
2004-05-04,16.256450653076172,16.386107727536174,16.065053348284117,16.268799170190345,55496400
2004-05-05,16.23792266845703,16.423146832893522,16.2070525631938,16.25027118160994,51841700
2004-05-06,16.126787185668945,16.262617277302486,16.07122006236003,16.151483030684656,62693900
2004-05-07,15.91687297821045,16.287319031171677,15.898350204514674,16.071225892817388,68290200
2004-05-10,16.00947380065918,16.083562490728834,15.81807664409099,15.824249720248048,64621400
2004-05-11,16.01566505432129,16.120625124678966,15.923053504622102,16.108276604020478,57917200
2004-05-12,16.01566505432129,16.052709438677017,15.700784843248256,15.97244640963632,64145600
2004-05-13,16.114442825317383,16.170009962939996,15.923045561072357,15.941567155200456,63861500
2004-05-14,15.966263771057129,16.1576610303496,15.8304324703303,16.05270101506938,43775300
2004-05-17,15.768694877624512,15.923047797675093,15.694604957847732,15.725475070810118,55149600
2004-05-18,15.947749137878418,16.034186425999366,15.830440548557329,15.867486109997502,58158600
2004-05-19,15.818085670471191,16.21940297394061,15.81808567047119,16.071224331626635,60052800
2004-05-20,15.886002540588379,15.97244097818455,15.799565280611553,15.898351057047739,52089900
2004-05-21,15.984781265258789,16.176179653084475,15.916866809931802,16.034174131686974,57809300
2004-05-24,15.904528617858887,16.15766736974339,15.892180098835352,16.083577433221773,56250500
2004-05-25,16.114442825317383,16.170009962939996,15.805737028578044,15.87365150307967,66615000
2004-05-26,16.139135360717773,16.145309616698285,15.960086647758601,16.04652387624793,50306900
2004-05-27,16.17000961303711,16.17000961303711,16.00330820377652,16.151486841690666,49071900
2004-05-28,16.194704055786133,16.26879395711082,16.06504820049172,16.139136924197377,37393000
2004-06-01,16.120622634887695,16.2194084296589,15.972443942730887,16.13296997601942,48369500
2004-06-02,16.132959365844727,16.225572017951222,16.05887065730208,16.126786288148498,54020000
2004-06-03,15.984781265258789,16.13295986454334,15.966259676359988,16.08356699811516,45933100
2004-06-04,16.021839141845703,16.200887978983687,16.01566488158305,16.07123204632719,48815300
2004-06-07,16.318185806274414,16.318185806274414,16.034175909606333,16.06504719055882,65218600
2004-06-08,16.423147201538086,16.45401730749425,16.20087867027273,16.225575697132903,58447700
2004-06-09,16.342876434326172,16.454010655026536,16.299657832413494,16.299657832413494,50385500
2004-06-10,16.528112411499023,16.540460928814927,16.287321034316637,16.287321034316637,48109200
2004-06-14,16.608373641967773,16.608373641967773,16.37993198416053,16.392279322536027,67377500
2004-06-15,16.923250198364258,17.040558720567095,16.65158879133313,16.663937304747968,114183400
2004-06-16,16.867691040039062,16.978825358074687,16.762730981629815,16.880039559291824,67431100
2004-06-17,17.145517349243164,17.238128837161653,16.84916011685641,16.8615074516583,105427500
2004-06-18,17.503618240356445,17.596229740307926,17.10230095548728,17.145519576956698,134218700
2004-06-21,17.503618240356445,17.695015497272056,17.361613861922898,17.423354076811144,116881700
2004-06-22,17.466567993164062,17.503612345144305,17.170209644465977,17.38012960171854,98932000
2004-06-23,17.472742080688477,17.52213494539075,17.287519132459636,17.411001883024717,58558400
2004-06-24,17.528305053710938,17.688832120419406,17.50978346984129,17.583872160556886,65503800
2004-06-25,17.639446258544922,17.676490618584722,17.44187476817402,17.583879129675733,71136500
2004-06-28,17.460403442382812,17.750586519807122,17.39248777799057,17.65797499957548,77024100
2004-06-29,17.59622573852539,17.64561860577439,17.398654269529384,17.398654269529384,55371700
2004-06-30,17.633268356323242,17.78144694346325,17.528308376563395,17.639442611323084,83544400
2004-07-01,17.676494598388672,17.80615165414829,17.44805295282156,17.719714402054706,78441400
2004-07-02,17.639446258544922,17.707361899967033,17.53448625708301,17.670317539927233,36690100
2004-07-06,17.299875259399414,17.49127254718203,17.250482372951666,17.48509828917365,69158900
2004-07-07,17.349260330200195,17.485090412336753,17.00968335843064,17.08377324353525,66255700
2004-07-08,17.06525421142578,17.380134231177642,17.009687079844923,17.213432836435064,59125100
2004-07-09,17.201080322265625,17.287517533093116,17.0652490736868,17.151687462132966,50249300
2004-07-12,17.219606399536133,17.28752204153739,17.034383420138685,17.083776293152603,45757300
2004-07-13,17.040563583374023,17.256657919323537,17.040563583374023,17.231960885446156,43274100
2004-07-14,17.367778778076172,17.50978426738311,16.880024479523485,16.917068826568592,87656300
2004-07-15,17.207265853881836,17.4110116826576,17.164046042525023,17.318398978798157,46759700
2004-07-16,16.966466903686523,17.41100391551936,16.824462548292775,17.398655403497575,66406300
2004-07-19,17.25665283203125,17.44805007767913,17.040558559786714,17.05290707308504,60354500
2004-07-20,17.485095977783203,17.58388173762001,17.194912955464968,17.287524458109583,89010700
2004-07-21,17.818498611450195,18.454431786452066,17.787627325816672,18.454431786452066,201518000
2004-07-22,17.90493392944336,18.090156912838275,17.799973924821174,17.948152547060907,124640700
2004-07-23,17.30604362487793,17.534485205309526,17.29986936897182,17.522136693497302,97372700
2004-07-26,17.69501495361328,17.725885060108958,17.411006205472027,17.509791959401078,72387600
2004-07-27,17.559181213378906,17.75675268047208,17.367782824215915,17.71970832479682,72968400
2004-07-28,17.6456241607666,17.77528121412415,17.46040114467778,17.4974455123717,62718800
2004-07-29,17.583877563476562,17.781449036249736,17.441873214623204,17.769101702415565,60148400
2004-07-30,17.590057373046875,17.787628908200826,17.4912716054699,17.565361519962252,59552900
2004-08-02,17.60857582092285,17.627097411782096,17.386307309660317,17.454222949794747,52267000
2004-08-03,17.330745697021484,17.54684002089249,17.287527067771148,17.52214298839554,53990900
2004-08-04,17.32457160949707,17.411010046468252,17.28135297982115,17.293701496191222,46217900
2004-08-05,16.997343063354492,17.4171819940526,16.99116880557109,17.386311882754843,55591700
2004-08-06,16.756549835205078,17.201086924646653,16.707156956113696,16.904728472479224,75628000
2004-08-09,16.781248092651367,16.842989490442438,16.731855209942353,16.83064097536038,51877500
2004-08-10,17.11465072631836,17.13317349999102,16.824467671162353,16.85533778299751,57632700
2004-08-11,16.923250198364258,16.984991587819383,16.79359434036564,16.91090168494942,53097300
2004-08-12,16.596017837524414,16.861504926722475,16.58367050457148,16.81211206205438,50279700
2004-08-13,16.682458877563477,16.82446323878522,16.65776185250632,16.67628462129919,43333200
2004-08-16,16.725683212280273,16.79359887678875,16.64541903102128,16.688638839648092,54347200
2004-08-17,16.700977325439453,16.904723033338055,16.65775871734259,16.805937306939867,56879700
2004-08-18,16.954116821289062,16.97881384304507,16.602192504597685,16.62688952635369,58844000
2004-08-19,16.74419593811035,16.947941631735183,16.67628031436252,16.886200262657034,46293000
2004-08-20,16.793594360351562,16.898554369264474,16.694808608153416,16.7503745633482,46494800
2004-08-23,16.867895126342773,16.923626152332613,16.793587879084587,16.886472528703518,39572200
2004-08-24,16.867895126342773,17.00412586704438,16.775010476723843,16.966972243415288,40835300
2004-08-25,17.059865951538086,17.134174419345225,16.83075043956104,16.849326670693053,53512700
2004-08-26,16.991748809814453,17.09082596593407,16.960786460344032,17.004132568509753,35465500
2004-08-27,17.004133224487305,17.121787794828,16.99794193544724,17.028903105019204,33248700
2004-08-30,16.905059814453125,16.960790876919337,16.62640568321523,16.905059814453125,36679600
2004-08-31,16.905059814453125,16.91744475746632,16.750251570067682,16.8988685240397,52106700
2004-09-01,16.96078872680664,17.041289665094173,16.805980502046175,16.861711557447386,48507500
2004-09-02,17.10321044921875,17.14036408649872,16.93601730981964,16.96697847737081,42161700
2004-09-03,16.787399291992188,17.103208118568816,16.781206823107233,17.00412979750222,46174400
2004-09-07,16.942214965820312,16.954598727975938,16.818367895518485,16.89886884554263,44893400
2004-09-08,16.880292892456055,17.010331264550064,16.80598440762141,16.905061600005407,53278100
2004-09-09,16.89267349243164,17.010326889947002,16.8307499678434,16.905057252474894,56904700
2004-09-10,17.0227108001709,17.035095740557104,16.83074894855645,16.929826109460226,52664500
2004-09-13,16.87409782409668,17.072252178377227,16.558288879052135,17.047483474638717,48239200
2004-09-14,16.991748809814453,17.035094917980175,16.886479183800752,16.948402701648728,55920000
2004-09-15,16.83693504333496,16.966973324871482,16.805972704093545,16.942204634570825,52605700
2004-09-16,16.880292892456055,16.936023960808715,16.824561824103395,16.85552300381341,35951500
2004-09-17,17.035093307495117,17.047478246112423,16.88028511805706,16.960784856884036,65283000
2004-09-20,17.035093307495117,17.121785515630748,16.923631222124875,16.991747203427302,51513600
2004-09-21,16.880292892456055,17.047486097514035,16.874100420295395,16.997947501322038,73874400
2004-09-22,16.79359245300293,17.177516090951617,16.762630107302087,16.892669597060188,68409000
2004-09-23,16.93601417541504,16.960782868653382,16.824552103110957,16.836937040276435,52155800
2004-09-24,16.898868560791016,17.004137033352606,16.836945026683534,16.960790913805322,49859800
2004-09-27,16.83693504333496,16.917434763177692,16.79978023624526,16.824550107638395,47813600
2004-09-28,16.88648223876953,16.942213296805846,16.744058948718095,16.84932741268327,62055100
2004-09-29,17.078447341918945,17.146563354850958,16.861715539847967,16.880292956400325,61529300
2004-09-30,17.121782302856445,17.208475675817468,17.041282579134634,17.08462867506888,71218000
2004-10-01,17.49332618713379,17.536672293135908,17.20228720319612,17.227055900443276,66302800
2004-10-04,17.412824630737305,17.623362669230158,17.38186228603785,17.61097891244306,62016200
2004-10-05,17.573833465576172,17.617180771259317,17.400448967216835,17.43141014732577,58017700
2004-10-06,17.666709899902344,17.679093656653055,17.480939375529502,17.58001651609128,56999600
2004-10-07,17.44379234313965,17.703870230790766,17.437599871874962,17.67290905556047,38401500
2004-10-08,17.332321166992188,17.542860355619137,17.319936230933543,17.400437134222233,49556600
2004-10-11,17.375680923461914,17.474758127643963,17.295181137974037,17.462374362941286,44691000
2004-10-12,17.35709571838379,17.43759546228178,17.220863747197118,17.233248686594603,56412900
2004-10-13,17.35709571838379,17.505711447875115,17.301364672187937,17.456172871378005,49500700
2004-10-14,17.214672088623047,17.43759628391024,17.214672088623047,17.363289006209765,41548700
2004-10-15,17.332321166992188,17.48712932444774,17.227051572678715,17.319936230933543,49828500
2004-10-18,17.5924072265625,17.61717711037707,17.32613688102121,17.381867938510926,50350700
2004-10-19,17.44998550415039,17.70387093057216,17.443793032640937,17.66671728260861,57026500
2004-10-20,17.771991729736328,17.80295291454161,17.412836552964965,17.474758922575536,69078100
2004-10-21,17.685285568237305,17.889632311842732,17.629554530791037,17.84009374312301,94988500
2004-10-22,17.177515029907227,17.549054887718512,17.078437891969905,17.524285012687855,101912800
2004-10-25,17.109403610229492,17.196097014827195,17.059865028070647,17.134173491855396,61529500
2004-10-26,17.276596069335938,17.276596069335938,17.10940291840053,17.158941498556253,76966600
2004-10-27,17.43140983581543,17.555256916224568,17.078447192070662,17.2518328684248,72392600
2004-10-28,17.344711303710938,17.672905121116052,17.27659531605691,17.406634821478885,63059600
2004-10-29,17.31993293762207,17.431394978770836,17.21466336332516,17.412818759307566,80010100
2004-11-01,17.38805389404297,17.51190090452337,17.313745451536203,17.437592462016603,72930900
2004-11-02,17.487140655517578,17.62956396919992,17.3571022859189,17.499525599601245,89417100
2004-11-03,17.629562377929688,17.741024502435405,17.53048519638975,17.741024502435405,79666700
2004-11-04,17.95775032043457,17.95775032043457,17.573825483558252,17.573825483558252,87867700
2004-11-05,18.14971923828125,18.180681597515473,17.97633475094256,18.087795700906046,95337700
2004-11-08,18.13113784790039,18.25498370633964,18.038251977704824,18.069214328134315,112802100
2004-11-09,18.434560775756836,18.50886805049115,18.174482952001075,18.224021528854895,100401000
2004-11-10,18.409791946411133,18.576985095735047,18.385023247118465,18.527446516056802,84097700
2004-11-11,18.564599990844727,18.626523510166397,18.46552283236721,18.50886894156451,87358900
2004-11-12,18.558412551879883,18.700837039258033,18.453142894822925,18.67606715237724,162269000
2004-11-15,18.903491973876953,18.979410035258443,18.772362452333468,18.8689844821816,104468000
2004-11-16,18.717140197753906,18.868974927253937,18.668827890917942,18.862073169134515,64522600
2004-11-17,18.751651763916016,18.87588080442308,18.675733724411465,18.80686452454404,58830700
2004-11-18,18.682634353637695,18.751650629340883,18.634323355558255,18.72404359250922,63249900
2004-11-19,18.53770637512207,18.682639408574733,18.52390285297144,18.655033680649794,85808600
2004-11-22,18.392765045166016,18.51009230616758,18.01317754471287,18.461781313350905,92410800
2004-11-23,18.309947967529297,18.42727523744471,18.22022641715967,18.30304620854887,70459700
2004-11-24,18.3858699798584,18.44798451219924,18.220231665741586,18.37206777429756,60069200
2004-11-26,18.358266830444336,18.510101643946438,18.323758020755342,18.33065978269314,24398700
2004-11-29,18.47559356689453,18.59982264509689,18.365168012131644,18.385871980914406,67079900
2004-11-30,18.50319480895996,18.64122737711836,18.42727808121136,18.461785565062893,75960400
2004-12-01,18.806867599487305,18.82757288174917,18.503196708194633,18.599820042373732,99889000
2004-12-02,18.696441650390625,18.910390963568844,18.57911435289749,18.820670708486443,96088300
2004-12-03,18.793071746826172,18.938006149049745,18.730957191069898,18.744760718210582,76498400
2004-12-06,18.862079620361328,18.93799766926479,18.682637797010738,18.703343078450647,55297400
2004-12-07,18.682634353637695,18.896583623579204,18.634323355558255,18.813765145836154,111656000
2004-12-08,18.882787704467773,18.882787704467773,18.572215018653605,18.6412313173208,95655000
2004-12-09,18.793071746826172,18.88279335686381,18.592925868793472,18.724055427499557,83006000
2004-12-10,18.689538955688477,18.75855524188965,18.66193323103371,18.689538955688477,70949200
2004-12-13,18.806867599487305,18.82757288174917,18.572212999357912,18.703343820930517,93812500
2004-12-14,18.793071746826172,18.862088066152786,18.661942188120086,18.668842635313627,127843200
2004-12-15,18.71023941040039,18.910385140745024,18.682632376490325,18.786156120901403,106303900
2004-12-16,18.744754791259766,18.827574611540058,18.641231003191688,18.737853029871708,88997500
2004-12-17,18.606719970703125,18.855178085449563,18.49629443445498,18.634327012953275,126184400
2004-12-20,18.599821090698242,18.737852364428267,18.55841052384053,18.641230341179615,85552800
2004-12-21,18.682634353637695,18.751650629340883,18.592914116686728,18.634323355558255,94646100
2004-12-22,18.613624572753906,18.737853649091484,18.48249505117662,18.523904304497005,63651900
2004-12-23,18.641225814819336,18.73784781460676,18.51699677716349,18.54460381503191,65801900
2004-12-27,18.530803680419922,18.703343749480858,18.510098398237155,18.64122921930882,55958500
2004-12-28,18.599821090698242,18.65503386346552,18.4962959899303,18.53080479564506,55075900
2004-12-29,18.5653133392334,18.63432963820574,18.51010056333081,18.530805847935437,47594900
2004-12-30,18.46868896484375,18.59291802394071,18.46178720418545,18.558409220649196,48355400
2004-12-31,18.441076278686523,18.56530529976567,18.413470560877737,18.461781554324997,54959500
2005-01-03,18.454877853393555,18.599812134856766,18.392763349391565,18.496287083936313,65002900
2005-01-04,18.52390480041504,18.70334665810925,18.399675720751627,18.544610085817762,109442100
2005-01-05,18.48249626159668,18.70334738227085,18.468692737460415,18.523905517628958,72463500
2005-01-06,18.46178436279297,18.675733644767146,18.385866323612177,18.530800642377685,76890500
2005-01-07,18.40657615661621,18.55841095616922,18.37206866647392,18.51009994341946,68723300
2005-01-10,18.49629783630371,18.537708407295188,18.31685729417985,18.35826654879486,70376600
2005-01-11,18.447980880737305,18.510095400850982,18.365162398169762,18.420375158673473,64712000
2005-01-12,18.48249626159668,18.53080727969709,18.372070701259595,18.475594499528547,72940600
2005-01-13,18.130502700805664,18.49628664188001,18.054584682978607,18.413468182773833,89861600
2005-01-14,18.02698516845703,18.254737983889772,17.971772404605947,18.220229183747765,92180800
2005-01-18,18.165016174316406,18.185721454121687,17.83373959568856,17.96487040170312,69146400
2005-01-19,17.930362701416016,18.123608042319027,17.888953455642582,18.089099240527673,58114100
2005-01-20,17.847543716430664,18.01318201132112,17.764723910797358,17.833740196095754,58380100
2005-01-21,17.702613830566406,18.033890503526656,17.69571206866601,17.909662738448926,76501000
2005-01-24,17.716413497924805,17.944166325555656,17.695708216730655,17.778528025131052,69010900
2005-01-25,17.95797348022461,18.075300797980745,17.77162986089843,17.77853162269308,67580700
2005-01-26,17.951072692871094,18.061498254826827,17.875154625385324,17.99248194951036,64974500
2005-01-27,18.02008819580078,18.05459568873422,17.84064633651865,17.909662638762004,93204100
2005-01-28,18.06839942932129,18.392774342468897,17.916563299288224,18.316857593828857,110466500
2005-01-31,18.137413024902344,18.30305133772264,18.05459321030405,18.185724034927894,71442100
2005-02-01,18.213327407836914,18.240934447926445,18.096000120208654,18.116705400275805,57981700
2005-02-02,18.261640548706055,18.28924759202633,18.13741280289365,18.23403482176206,79329500
2005-02-03,18.06839942932129,18.220234242977863,18.013186650139218,18.199530273519894,62545400
2005-02-04,18.165016174316406,18.199524973991874,18.040787128236936,18.061492408042216,61246500
2005-02-07,18.054588317871094,18.15121031173956,17.98557204380393,18.130506350982568,57763400
2005-02-08,18.109806060791016,18.178822353863367,18.0545932896084,18.075298572442993,61343700
2005-02-09,17.992475509643555,18.158113793291903,17.97177154692255,18.11670455147383,77874800
2005-02-10,17.985576629638672,18.033887638890903,17.94416738119051,18.01318367285496,71796400
2005-02-11,17.923465728759766,18.02699084541118,17.813040166283024,17.964876301970946,83835900
2005-02-14,17.951072692871094,18.02699076035686,17.882056387554627,17.895859911893226,58694000
2005-02-15,17.951061248779297,18.05490437673302,17.902601210430028,17.99952128712857,76551600
2005-02-16,17.85414695739746,17.951067065501228,17.771071635853204,17.90953006494782,57506600
2005-02-17,17.757230758666992,17.90261228407745,17.72261680141765,17.798767771453768,67024800
2005-02-18,17.639530181884766,17.75721940992965,17.58414709341876,17.750296358816776,77091100
2005-02-22,17.466461181640625,17.646456583439186,17.44569334479591,17.48030728649526,96419200
2005-02-23,17.445697784423828,17.549540956385414,17.424928621856484,17.47338868074272,83689400
2005-02-24,17.563379287719727,17.611839325147912,17.41107480387458,17.43184395724537,85236300
2005-02-25,17.48030662536621,17.570303662643063,17.411077424148612,17.535689722252854,62467700
2005-02-28,17.418012619018555,17.56339417496979,17.397243448043202,17.459549640531147,82728000
2005-03-01,17.501081466674805,17.591078533185073,17.397236970898383,17.438775297383998,56394800
2005-03-02,17.48723793029785,17.639541188503422,17.418008696408844,17.43877786270689,67739000
2005-03-03,17.4249267578125,17.521846865216872,17.40415759746695,17.514923811768355,52183600
2005-03-04,17.4249267578125,17.514923811768355,17.39723454401843,17.452617651169135,63058200
2005-03-07,17.63261604309082,17.854149829364985,17.418006631866408,17.424929686478503,80407400
2005-03-08,17.584157943725586,17.736462521314394,17.54262093185491,17.584157943725586,52871800
2005-03-09,17.521852493286133,17.70184797945034,17.50108464670732,17.57723561822605,62991800
2005-03-10,17.604923248291016,17.639537197184474,17.480310919574542,17.604923248291016,59132900
2005-03-11,17.369550704956055,17.63954329691312,17.348781536175522,17.61877544857056,60617900
2005-03-14,17.383386611938477,17.411077500284293,17.279542149439386,17.36261745535122,65550500
2005-03-15,17.24493408203125,17.473389600547744,17.231087972924158,17.376469477673364,71469400
2005-03-16,17.05108642578125,17.28646491478216,17.002626381652327,17.182621774443447,74841400
2005-03-17,16.988788604736328,17.08570873296764,16.98186554980013,17.058016513222857,60573200
2005-03-18,16.829551696777344,17.24492552071253,16.808783863864623,16.981856180467872,135904000
2005-03-21,16.753406524658203,16.864172739661115,16.718791257196393,16.857249686168753,71446200
2005-03-22,16.608028411865234,16.80186998766837,16.587259247174206,16.746486868930003,102113300
2005-03-23,16.73955726623535,16.88493740089294,16.587252758951564,16.608021915518584,79293300
2005-03-24,16.808788299560547,16.940322344175097,16.753405196449858,16.781096087786537,78820900
2005-03-28,16.753406524658203,16.940323687202216,16.73956041767348,16.891863633193122,49802000
2005-03-29,16.55956268310547,16.781095082274142,16.490333478255945,16.711865877424618,74231700
2005-03-30,16.72571563720703,16.74648479933132,16.61494941341924,16.64264162958496,59585700
2005-03-31,16.732637405395508,16.829557513652418,16.698023458285878,16.788020513033377,62382300
2005-04-01,16.698028564453125,16.857254882547874,16.684182453200233,16.7811025910948,64619600
2005-04-04,16.774181365966797,16.794950535112594,16.57341801264272,16.691107330259587,62196400
2005-04-05,16.940324783325195,16.961093945146146,16.698024497601697,16.767252396129827,73549600
2005-04-06,17.07877540588379,17.265693815424562,16.926472250204412,16.940317031312052,78020200
2005-04-07,17.376466751098633,17.39723459106291,17.051089840325638,17.07185900072735,77451500
2005-04-08,17.265705108642578,17.4803145412081,17.244935942740966,17.355702186673994,47956300
2005-04-11,17.28646469116211,17.383386098603335,17.210313760131974,17.328003003109984,47791800
2005-04-12,17.528764724731445,17.549533878922905,17.168773974701725,17.25184927103052,67517800
2005-04-13,17.334932327270508,17.61877095942778,17.300317054789357,17.466466401385983,60929300
2005-04-14,17.19646644592285,17.404152709297396,17.189543394418756,17.31415568061831,66754400
2005-04-15,16.933399200439453,17.238006926133682,16.898785256344862,17.016474514878727,100251600
2005-04-18,17.06493377685547,17.196469135128783,16.89186142349905,16.926476686432693,75766400
2005-04-19,17.05108642578125,17.168775670281704,16.926475449637095,17.10646952199104,65956200
2005-04-20,16.836484909057617,17.099555728507895,16.82263879846807,17.0718635073288,91923500
2005-04-21,17.501081466674805,17.577232424356534,16.940325943057548,16.947248997471817,93562300
2005-04-22,17.29339027404785,17.480308743857428,17.154933175269804,17.341850324642035,80087500
2005-04-25,17.300308227539062,17.501072744179435,17.21031120588311,17.355691314812795,75457900
2005-04-26,17.141090393066406,17.480312133441068,17.12724428437252,17.272625784783145,60464300
2005-04-27,17.300308227539062,17.411074402086527,17.051083674588796,17.071852827480303,47732800
2005-04-28,16.92647933959961,17.25185493955376,16.91955628592772,17.1826257232723,83623100
2005-04-29,17.514923095703125,17.514923095703125,17.161856627325257,17.22416146493983,98641200
2005-05-02,17.466461181640625,17.556459542758525,17.272620995424667,17.466461181640625,54376700
2005-05-03,17.556461334228516,17.584152226326143,17.369542860929386,17.397233753027013,67867800
2005-05-04,17.452611923217773,17.584147254694802,17.383384052328072,17.54261026807358,86864200
2005-05-05,17.466461181640625,17.53569038547657,17.362618036105328,17.44569334479591,59362300
2005-05-06,17.45953941345215,17.639534828490294,17.43877157507985,17.5356916753168,64322600
2005-05-09,17.383386611938477,17.535689798933443,17.341848298763963,17.466460597413114,61872400
2005-05-10,17.238008499145508,17.36262082195694,17.18262539127792,17.334929928241873,62235100
2005-05-11,17.24493408203125,17.286471088914894,17.0580155703984,17.231087972924158,59463300
2005-05-12,17.307239532470703,17.3833918089536,17.189550250832397,17.196473305097896,74540700
2005-05-13,17.514923095703125,17.57030620058959,17.300313729322735,17.328005941984657,77204300
2005-05-16,17.702436447143555,17.70938146157381,17.49409131274017,17.521870045835126,50577300
2005-05-17,17.681598663330078,17.709378716745384,17.535757356777292,17.577426112274395,39983200
2005-05-18,17.848278045654297,17.945505592677193,17.65382162698252,17.7093804145136,71182400
2005-05-19,18.001060485839844,18.091342999311294,17.848274184339814,17.882997922299825,52120800
2005-05-20,17.876056671142578,18.001064273502998,17.86911165716411,17.97328421758914,64444500
2005-05-23,17.952455520629883,18.10524189700444,17.876061670129435,17.876061670129435,75421100
2005-05-24,17.882991790771484,17.973274273287846,17.862156760363753,17.9177155168258,61287700
2005-05-25,17.8552188873291,17.89688896480096,17.709377590054903,17.83438517321894,35749000
2005-05-26,17.987180709838867,18.0566295499563,17.86911807902717,17.883008111975947,50579200
2005-05-27,18.105234146118164,18.119124172013052,17.92466778336195,17.93855780925684,54978000
2005-05-31,17.917722702026367,18.077455349956356,17.882998962047456,18.04967529827261,46131100
2005-06-01,17.924667358398438,18.056619952019947,17.785771076619884,17.869108580761868,54621000
2005-06-02,17.910776138305664,17.959389896321913,17.806602285841635,17.855216043857883,27212500
2005-06-03,17.660762786865234,17.92466663888921,17.598258998954822,17.848274150596467,79659500
2005-06-06,17.619094848632812,17.70937736609522,17.577424771687927,17.626038536831206,40756900
2005-06-07,17.716325759887695,17.938560914168562,17.57742812614915,17.591318154448206,54511400
2005-06-08,17.639938354492188,17.792726072185104,17.598269579042523,17.74411095542959,45369700
2005-06-09,17.716325759887695,17.785774576756967,17.605208182747262,17.639931928868894,52767900
2005-06-10,17.660762786865234,17.723266574775646,17.598258998954822,17.70243153726361,39459800
2005-06-13,17.577430725097656,17.70243834902041,17.542706973841867,17.612155800979643,49104100
2005-06-14,17.612154006958008,17.66771279808362,17.528815157956558,17.57742893461321,44243300
2005-06-15,17.542705535888672,17.646878105743344,17.438532966034,17.639933091136218,50764800
2005-06-16,17.389915466308594,17.521866741723088,17.327411672848754,17.51492172860246,65918800
2005-06-17,17.389915466308594,17.563536820446853,17.30657663348687,17.5496467942056,90821300
2005-06-20,17.43852424621582,17.556586786249706,17.31351669504754,17.348240426094094,50538900
2005-06-21,17.466304779052734,17.494084826473767,17.389912297896032,17.417691020691496,81084000
2005-06-22,17.410751342773438,17.542703959197055,17.382972611467714,17.438531398705134,60492700
2005-06-23,17.577430725097656,17.792722221687384,17.46631313152769,17.48020316188049,105159800
2005-06-24,17.389915466308594,17.63992931552214,17.389915466308594,17.51492172860246,57970700
2005-06-27,17.396865844726562,17.53576351130026,17.38297713777025,17.410755876309196,61636200
2005-06-28,17.410751342773438,17.501035199925482,17.382972611467714,17.424641370739288,53058100
2005-06-29,17.42464256286621,17.584373921523753,17.362138757369593,17.514925101569062,55859900
2005-06-30,17.251012802124023,17.459357836237068,17.237122779949708,17.403799072165228,82018200
2005-07-01,17.160730361938477,17.355186714132376,17.132951639982508,17.257959200348193,69718400
2005-07-05,17.348247528076172,17.49409017235234,17.098233648014983,17.126012379299127,61883500
2005-07-06,17.153785705566406,17.417689510049918,17.14684069431349,17.341295710893302,64214600
2005-07-07,17.11906623840332,17.160734994899542,17.014893684849827,17.070452468386748,80082900
2005-07-08,17.42464256286621,17.445477606240438,17.105178520925055,17.11212353538313,56104000
2005-07-11,17.563535690307617,17.626038155119875,17.438528111431648,17.466306837500905,61525400
2005-07-12,17.785781860351562,17.7927268773452,17.501042786745227,17.52882153009322,63384800
2005-07-13,17.82050132751465,17.883005140772884,17.695493700998174,17.730218777600655,44749200
2005-07-14,18.035789489746094,18.1260733542036,17.910783201816287,17.910783201816287,69506800
2005-07-15,17.910776138305664,18.12606620578858,17.882996091081772,18.0843974595783,56472800
2005-07-18,17.744102478027344,17.91078014944724,17.744102478027344,17.855220042556702,39668000
2005-07-19,18.167736053466797,18.23023983888445,17.882997175286654,17.910777224194785,113290100
2005-07-20,18.18857765197754,18.216356386281667,17.973286169146487,18.056625021311106,71424800
2005-07-21,18.36219596862793,18.389974698275918,18.05662199474469,18.264967103295234,112932100
2005-07-22,17.83439064025879,18.29275103595109,17.799665565054116,18.04968080802307,97558900
2005-07-25,17.841331481933594,17.98717278980014,17.813551428268042,17.841331481933594,45174600
2005-07-26,17.73716163635254,17.8760579519961,17.73021662187645,17.862167923043923,51476400
2005-07-27,17.862163543701172,17.91772232126223,17.730212274884757,17.78577105244581,57977300
2005-07-28,17.882991790771484,17.952440567505356,17.820488024173528,17.882991790771484,44738700
2005-07-29,17.785781860351562,18.056630899970628,17.771891826364293,17.903844499990278,59524400
2005-08-01,18.001060485839844,18.091342999311294,17.88994293481697,17.924666672776983,61346800
2005-08-02,18.619155883789062,18.68165968475808,17.966340467530827,17.987174184769856,137510100
2005-08-03,18.924732208251953,19.04973982560444,18.56359938581724,18.584434430251367,139422400
2005-08-04,18.973346710205078,19.098354332320454,18.78583527703201,18.86222911824167,91461400
2005-08-05,19.278919219970703,19.40392683216242,18.92473142696954,18.952511485068175,82212400
2005-08-08,18.841386795043945,19.33447207796261,18.806663057703133,19.306692028389424,77207200
2005-08-09,18.99417495727539,19.105292509468992,18.758049827707563,18.903891118227023,64761800
2005-08-10,18.716381072998047,19.09834749300792,18.646932271734695,19.035843704333473,62818800
2005-08-11,18.938617706298828,18.95945142112179,18.67471250511755,18.737216298838074,48646800
2005-08-12,18.785831451416016,18.8483352497452,18.68165889574268,18.806666492401046,52006500
2005-08-15,18.897274017333984,19.015686775316674,18.59079503195331,18.792792484656264,45976600
2005-08-16,18.625625610351562,18.90424353117426,18.597764482546815,18.82762443329492,46894600
2005-08-17,18.77189826965332,18.91120654664457,18.569899474466947,18.68134662748189,52413100
2005-08-18,18.681352615356445,18.8624546291925,18.66742138462553,18.730110594359367,40861900
2005-08-19,18.611692428588867,18.744036425296255,18.59776253042617,18.70224407369836,36043500
2005-08-22,18.744035720825195,18.925137675682787,18.646519794576818,18.660451020770832,41691700
2005-08-23,18.716175079345703,18.855483359211515,18.62562343530578,18.69527823951613,48296700
2005-08-24,18.67438507080078,18.91817626918539,18.653489555418343,18.69528191473837,63645000
2005-08-25,18.827627182006836,18.869419544092892,18.70224876719342,18.7370755141726,39306300
2005-08-26,18.785831451416016,18.86245188071629,18.71617796502132,18.848520652015313,36774600
2005-08-29,18.911203384399414,18.966926951589045,18.67437789170482,18.67437789170482,52307700
2005-08-30,18.932113647460938,18.96694040344653,18.77887273259095,18.84852757311771,55163200
2005-08-31,19.071413040161133,19.11320672197576,18.83458881931969,18.925139139474805,65210200
2005-09-01,18.94603729248047,19.07837997506058,18.911209221889614,19.07141436094241,75974500
2005-09-02,18.820653915405273,18.994790236616897,18.78582585403013,18.952996562966725,52047500
2005-09-06,18.80672836303711,19.008727194272474,18.79279713428534,18.84852072073732,46089000
2005-09-07,18.702245712280273,18.883347689811455,18.681348870373014,18.764934909447028,44656100
2005-09-08,18.53507423400879,18.7231404895605,18.472385039306566,18.667416908553516,52552300
2005-09-09,18.514190673828125,18.681361536766836,18.479363908924363,18.54205314859587,41515800
2005-09-12,18.53507423400879,18.632590168632266,18.472385039306566,18.542039847704032,40550500
2005-09-13,18.444528579711914,18.6395618409072,18.367909461269985,18.486322275467945,63422900
2005-09-14,18.32610511779785,18.555964996682718,18.31913950588563,18.472380310845292,54969600
2005-09-15,18.29824447631836,18.409691612713637,18.263416415848173,18.367899268704075,60357200
2005-09-16,18.158939361572266,18.388799303039445,18.089284552040244,18.347006948742226,187384300
2005-09-19,18.110187530517578,18.298255181418565,18.012671561260223,18.172876747484572,61832300
2005-09-20,17.998735427856445,18.263422127432975,17.894253870880316,18.158940570456846,61043400
2005-09-21,17.754945755004883,18.040529321726233,17.713153394365346,17.970874501623545,68281800
2005-09-22,17.650463104248047,17.83156509396158,17.518119087042944,17.754944663702556,71314900
2005-09-23,17.601703643798828,17.78977123205192,17.497222093176553,17.629564770639103,66396800
2005-09-26,17.601703643798828,17.75494316280783,17.55990996070592,17.692253966723467,56203700
2005-09-27,17.650463104248047,17.72708353450707,17.622600646497453,17.671359947560994,48797900
2005-09-28,17.88032341003418,18.019633044353718,17.678324573126364,17.685290187697856,71019400
2005-09-29,18.068389892578125,18.110182248849284,17.76190951329449,17.838529940254162,66807100
2005-09-30,17.92211151123047,18.075352338288237,17.838526813339705,18.047489886621435,57644500
2005-10-03,17.76190757751465,17.922112699556703,17.720115225798224,17.90818147279959,55341300
2005-10-04,17.399703979492188,17.68528749059457,17.239498854445475,17.66439197862191,151666300
2005-10-05,17.18377685546875,17.448463550389086,17.18377685546875,17.441499264794256,73684700
2005-10-06,17.22556495666504,17.37880577299805,17.08625669374516,17.176806998215344,81724600
2005-10-07,17.128053665161133,17.302190037252192,17.07929569354445,17.253432065635508,50768700
2005-10-10,17.037504196166992,17.19074507356632,16.960885086022582,17.183779458361325,48880900
2005-10-11,17.0026798248291,17.100195794216386,16.891232623084935,17.072334658058065,76567300
2005-10-12,16.926050186157227,17.20466936780889,16.905154677521658,17.058394164586296,71294400
2005-10-13,17.128053665161133,17.225569608394498,16.905159321453386,16.933020450139313,70192000
2005-10-14,17.18377685546875,17.225569211813003,17.065364072030825,17.211637983513235,53846700
2005-10-17,17.086257934570312,17.197705084421536,17.023568746709646,17.19073947148648,46924400
2005-10-18,17.114120483398438,17.29522244913156,17.030535778324648,17.058396903830932,69328200
2005-10-19,17.47633171081543,17.47633171081543,17.065369641730143,17.107162011714355,66574500
2005-10-20,17.267358779907227,17.504182961765483,17.23253071746135,17.44845939040682,58830600
2005-10-21,17.260395050048828,17.413634555860643,17.11411982893106,17.350945365175154,69431200
2005-10-24,17.483295440673828,17.483295440673828,17.1907462252414,17.337020168679942,51868000
2005-10-25,17.434537887573242,17.504191388889122,17.29522822783073,17.378814289387314,41310500
2005-10-26,17.490257263183594,17.64349678906029,17.36487886539582,17.39273999348474,58178100
2005-10-27,17.309154510498047,17.601703649467634,17.309154510498047,17.56687558021233,61566100
2005-10-28,17.78280258178711,17.831560541848408,17.4832878802051,17.4832878802051,106559300
2005-10-31,17.901216506958008,17.970869980983913,17.761906901796486,17.838527317490808,75122100
2005-11-01,18.082321166992188,18.179838443778635,17.838531296413947,17.838531296413947,71370400
2005-11-02,18.430593490600586,18.45845594860683,18.06142522190373,18.06142522190373,75067100
2005-11-03,18.416664123535156,18.555972431935643,18.284320101282805,18.52811130167761,73421600
2005-11-04,18.569908142089844,18.604734895454552,18.4236341836915,18.47935778620832,57464000
2005-11-07,18.813695907592773,18.862453884671165,18.59776715400766,18.61169705563346,77104800
2005-11-08,18.8415584564209,18.932110130852536,18.646526533439527,18.76493934177336,60091700
2005-11-09,18.77887535095215,18.911219433550333,18.764945443749,18.792806586711066,59562100
2005-11-10,18.86941146850586,18.911203812705946,18.555965565618518,18.7649299437283,73314800
2005-11-11,19.001760482788086,19.07837957938885,18.897277601737464,18.91120882968488,51945600
2005-11-14,19.0644474029541,19.113205366391437,18.946034636654204,19.057481789812357,67152200
2005-11-15,19.21115493774414,19.23909907541132,19.03650807467374,19.092395017558275,65081000
2005-11-16,19.378814697265625,19.476616508805368,19.169239006123394,19.197181809799144,86277000
2005-11-17,19.539485931396484,19.560444029681534,19.392783240749633,19.455656203155286,91351000
2005-11-18,19.609352111816406,19.73509808270351,19.49059217625081,19.644282288423934,75431200
2005-11-21,19.672224044799805,19.72811099193191,19.448676256271384,19.609351062719945,65794400
2005-11-22,19.497570037841797,19.616329923621123,19.462641208327057,19.60235785883545,104253300
2005-11-23,19.504562377929688,19.623322302115483,19.3788164190918,19.504562377929688,70541300
2005-11-25,19.392780303955078,19.51852620972373,19.190189381894623,19.42072309832072,44082500
2005-11-28,19.385801315307617,19.45566032527616,19.232112559336652,19.41374545227495,57517200
2005-11-29,19.33689308166504,19.413738096760227,19.281006161354707,19.413738096760227,62220400
2005-11-30,19.33689308166504,19.399766033570323,19.30196292369028,19.33689308166504,55904700
2005-12-01,19.48360252380371,19.63030657341976,19.37182864431041,19.37182864431041,61006100
2005-12-02,19.567434310913086,19.63030728696968,19.41374555413574,19.434702324521407,42319600
2005-12-05,19.455657958984375,19.574417861751805,19.357854823943793,19.51154489367201,47517300
2005-12-06,19.343887329101562,19.504562126680288,19.336901294539462,19.49059005755609,65980000
2005-12-07,19.385801315307617,19.385801315307617,19.24608329537053,19.32991437382274,55583200
2005-12-08,19.343887329101562,19.42771707894705,19.281014350492523,19.35785806577591,63931600
2005-12-09,19.35785484313965,19.44168591147905,19.30895394179568,19.35785484313965,48467000
2005-12-12,19.17622184753418,19.38579750378447,19.092390785564348,19.3508686718926,63757200
2005-12-13,18.95267105102539,19.162248020461526,18.861855296984317,19.064446234194303,104285500
2005-12-14,18.92473030090332,19.029518130727404,18.757069506694876,18.86185733651896,65076200
2005-12-15,18.80597496032715,18.938706954227953,18.729129911366176,18.917748850206813,79018100
2005-12-16,18.792009353637695,18.917755356109414,18.729136352401838,18.77803727948521,88542500
2005-12-19,18.743101119995117,18.771045257406723,18.617355166542513,18.736115085642215,68680100
2005-12-20,18.76405906677246,18.778029802912094,18.631327080072452,18.694200056275097,62960600
2005-12-21,18.67323875427246,18.798984685134833,18.659266688076737,18.771041885192954,75800900
2005-12-22,18.575439453125,18.70817143493002,18.456679539394145,18.659269196670458,91276900
2005-12-23,18.610363006591797,18.631321102752146,18.470646362870912,18.52653328684914,30689200
2005-12-27,18.484617233276367,18.757067155608475,18.47763253361986,18.63830727470714,37819000
2005-12-28,18.43572425842285,18.62434320893831,18.407781450448315,18.519555347246374,35444400
2005-12-29,18.351892471313477,18.51256726362491,18.3449064369804,18.44969428707699,34495500
2005-12-30,18.268056869506836,18.37983072626688,18.233128038937874,18.268056869506836,49044600
2006-01-03,18.750083923339844,18.86185778882581,18.233129462354864,18.337917294691756,79973000
2006-01-04,18.840900421142578,18.917745456317366,18.70118375008344,18.70118375008344,57975600
2006-01-05,18.854877471923828,18.952679300762306,18.79899052223756,18.833919366122732,48245500
2006-01-06,18.798982620239258,18.861855578764427,18.505575924604944,18.785010555578236,100963000
2006-01-09,18.76405906677246,18.910761789612103,18.694200056275097,18.812959974385674,55625000
2006-01-10,18.861862182617188,18.875834252170062,18.575441419032696,18.61735629524143,64921900
2006-01-11,19.064449310302734,19.13430697893713,18.791999339320046,18.868844373757423,70120700
2006-01-12,18.959657669067383,19.043488725921932,18.84089778245228,19.03650269347993,45994800
2006-01-13,18.994586944580078,19.036501804825978,18.868841031392996,18.88281309562476,41418000
2006-01-17,18.854877471923828,18.994595512364494,18.792004486970527,18.792004486970527,58566600
2006-01-18,18.743101119995117,18.847888970389015,18.65228533830702,18.680228143268817,52376200
2006-01-19,18.87583351135254,19.02952227305269,18.757073589713837,18.771045658718354,60367600
2006-01-20,18.44969367980957,18.868846398849442,18.344905833162045,18.868846398849442,79165900
2006-01-23,18.407785415649414,18.533531409746526,18.372855232594528,18.449700302865036,47925600
2006-01-24,18.358877182006836,18.47763709220723,18.316960979030434,18.400792052533532,63040700
2006-01-25,18.44270896911621,18.561468892491973,18.32394904574045,18.449695003720652,59072100
2006-01-26,18.5125675201416,18.66625628024952,18.379835530873503,18.554482394271066,69509300
2006-01-27,19.413742065429688,19.52551592889981,18.99458941119194,19.022532210834694,134520700
2006-01-30,19.560447692871094,19.68619364123151,19.406758940680447,19.434701744510676,103999200
2006-01-31,19.665239334106445,19.825914151374825,19.469635672197118,19.497578481419875,94841300
2006-02-01,19.58839225769043,19.60934902790914,19.392787296800517,19.532503983907784,68448800
2006-02-02,19.33689308166504,19.553454731311415,19.246076003379947,19.53948266812151,55073400
2006-02-03,19.239099502563477,19.350873390814186,19.099381476025165,19.197183295132074,75022700
2006-02-06,18.980621337890625,19.239099284319426,18.92473439439924,19.21814118084147,60170500
2006-02-07,18.819944381713867,18.9666470918712,18.72912727618341,18.82693041540465,72159500
2006-02-08,18.798982620239258,18.917742504959083,18.659264638527898,18.868841611094936,51795200
2006-02-09,18.624338150024414,18.882816048941,18.6173521168159,18.833913816481413,52861700
2006-02-10,18.645296096801758,18.785012762477876,18.519550164978543,18.59639519719264,52127000
2006-02-13,18.43572425842285,18.652287349362798,18.40079541534219,18.60338510361994,46707000
2006-02-14,18.617355346679688,18.63831344994118,18.40777964386409,18.449694517937242,58432900
2006-02-15,18.841657638549805,18.87670616808505,18.57529549890544,18.64539122101123,62808900
2006-02-16,18.792591094970703,18.855677111373566,18.624362163551304,18.820629918689622,48868500
2006-02-17,18.715484619140625,18.792588700614445,18.617350085592395,18.694455504030746,41513200
2006-02-21,18.603343963623047,18.729514724443195,18.463152446757917,18.729514724443195,50216100
2006-02-22,18.72950553894043,18.827640087404095,18.55426689728392,18.59632513389609,43043100
2006-02-23,18.687450408935547,18.84866965365495,18.603336601675363,18.736517019331465,47359100
2006-02-24,18.66641616821289,18.743521584521158,18.589312088869118,18.63837868580547,44753800
2006-02-27,18.960826873779297,19.108028077533493,18.694464637080767,18.75054096780494,51301500
2006-02-28,18.83464813232422,19.136057446339283,18.83464813232422,18.890724439229885,65036100
2006-03-01,19.02390480041504,19.065963033246753,18.890724407341782,18.911752186793027,53061200
2006-03-02,18.90474510192871,18.995869948731357,18.85567849378796,18.93979363414696,41850300
2006-03-03,18.876712799072266,19.037932080673194,18.74353101398381,18.792597635604512,45218800
2006-03-06,18.86268424987793,19.030913158399468,18.806607947037417,18.86969395485356,53054100
2006-03-07,18.967830657958984,18.99586948304621,18.792592012058122,18.855678031539615,51613900
2006-03-08,19.10101318359375,19.276251836654243,18.904745410858663,18.91876482397506,57547400
2006-03-09,18.9257755279541,19.220176534089763,18.9257755279541,19.115033604105218,45360700
2006-03-10,19.04493522644043,19.07998241924557,18.84165776466944,18.967829797911474,41297200
2006-03-13,19.00287628173828,19.12904830139602,18.883713967279817,19.05194288116861,40342600
2006-03-14,19.086999893188477,19.192142851359474,18.91877089272183,18.953819436755662,39821800
2006-03-15,19.178117752075195,19.24120377128319,18.932783381484647,19.065965126142046,57152000
2006-03-16,19.115034103393555,19.262233941823826,19.07998556783997,19.164100716203645,73793700
2006-03-17,19.27625846862793,19.388411138215453,19.115039173216527,19.17111550801029,120615000
2006-03-20,19.549623489379883,19.61971921721461,19.395413957715327,19.416443077155186,67094100
2006-03-21,19.44447898864746,19.78093685060073,19.402422090144476,19.44447898864746,73199600
2006-03-22,19.03091049194336,19.276244783858054,18.78557620002866,18.981843900953287,145696100
2006-03-23,18.82063865661621,18.99587737532406,18.68745685604795,18.981857956955754,73682900
2006-03-24,18.93277931213379,19.07296939593584,18.659407512299993,18.722492180984005,69157600
2006-03-27,18.93277931213379,19.13605540158433,18.925769607399015,18.93277931213379,59908600
2006-03-28,18.855684280395508,19.072979898975156,18.792598240007027,18.932789737973696,58520500
2006-03-29,18.939796447753906,19.06596850855353,18.869700709869115,18.890729832324052,53150300
2006-03-30,19.086999893188477,19.19915256016624,18.925780601528597,18.946809727948896,54612000
2006-03-31,19.072973251342773,19.304289543455106,19.072973251342773,19.136059269743456,62190500
2006-04-03,19.318307876586914,19.437470208826728,19.234194075573377,19.39541330831996,57605300
2006-04-04,19.374380111694336,19.486532714083186,19.255217804535622,19.346342629579365,45470000
2006-04-05,19.44447898864746,19.58467043294367,19.374383266499354,19.54261219747599,41539300
2006-04-06,19.318307876586914,19.43046050258147,19.185127468821353,19.388403602074703,51885500
2006-04-07,19.10101318359375,19.430461370040142,19.086993770477356,19.353357271829605,47249400
2006-04-10,19.12904930114746,19.234192210702524,19.065963288021496,19.08699106775373,39432000
2006-04-11,19.016897201538086,19.150078946329153,18.925773694237733,19.129051164548557,42953400
2006-04-12,19.065967559814453,19.065967559814453,18.904746969612408,18.995871825417684,32183000
2006-04-13,18.974838256835938,19.065963091284093,18.92577165534752,18.981847962329226,28160000
2006-04-17,18.813623428344727,18.960823267134025,18.736517986903706,18.946805189843328,35796200
2006-04-18,19.079986572265625,19.276254370803017,18.79960495790149,18.88372011069323,56272700
2006-04-19,18.946807861328125,19.05896051725672,18.897739904514886,19.00288418929242,45111100
2006-04-20,18.946807861328125,19.05896051725672,18.715492841354756,18.96082594059536,45648300
2006-04-21,19.03091049194336,19.199139376894035,18.925767605969728,18.960814788972826,58528000
2006-04-24,19.00287628173828,19.10100948059894,18.911751451112334,18.974837460941202,42318400
2006-04-25,19.00287628173828,19.072970659801857,18.939790271909413,18.988856871339742,49222500
2006-04-26,18.99587059020996,19.086994103124994,18.925774860371174,18.981851176849233,39190000
2006-04-27,19.10101318359375,19.36737534798118,18.88371762814889,18.904745410858663,96509600
2006-04-28,16.928056716918945,17.173391143504887,16.822913773229278,16.98413304268444,591052200
2006-05-01,17.02619171142578,17.523868947800057,16.88600022505734,17.047219498505477,174800900
2006-05-02,16.82992172241211,17.52386668260758,16.75281628117986,17.166379641846593,190533500
2006-05-03,16.241117477416992,16.836929130668707,16.22709806511348,16.815900012213444,211527100
2006-05-04,16.430377960205078,16.591597214621316,16.220090755476775,16.36729193248308,171257400
2006-05-05,16.682720184326172,16.78786445170762,16.486453737405917,16.584586960866044,131604300
2006-05-08,16.633651733398438,17.5238643639591,16.479442208302906,16.717766870609932,80693500
2006-05-09,16.556547164916992,16.822909307352266,16.465422324135265,16.647670668734012,75345900
2006-05-10,16.661685943603516,16.67570535208349,16.53551394121249,16.591590238168013,76563300
2006-05-11,16.276168823242188,16.675714154027283,16.227102204627812,16.6196364905079,92916700
2006-05-12,16.241117477416992,16.3813089265226,16.157002340560677,16.22008835896173,83115900
2006-05-15,16.290380477905273,16.3466754764733,16.20593865114255,16.255196607117245,67314800
2006-05-16,16.191864013671875,16.888515100506332,16.121494932317383,16.29741696461432,82095100
2006-05-17,15.994829177856445,16.24112026569349,15.994829177856445,16.10741915935136,98598300
2006-05-18,16.06519889831543,16.283341828467815,16.01594094720152,16.072235940214345,95476400
2006-05-19,15.875204086303711,16.114458161635387,15.847057258594544,16.037053378801218,100071200
2006-05-22,16.100379943847656,16.19889717098766,15.797795248296868,15.818905028115372,87322300
2006-05-23,16.03704833984375,16.4522229778087,16.022974259322037,16.262228259478363,79986300
2006-05-24,16.53666877746582,16.564816943034803,16.170750678139502,16.17778771953175,107356700
2006-05-25,16.705554962158203,16.832219032095455,16.564818150588984,16.58592793412619,83052700
2006-05-26,16.691482543945312,16.80407254130714,16.578892546583486,16.726667756982533,46861600
2006-05-30,16.290380477905273,16.719630680848137,16.283343435311938,16.571855470745415,52497500
2006-05-31,15.93853759765625,16.43111987873368,15.93853759765625,16.367787832818617,120202000
2006-06-01,16.05816078186035,16.072234864716393,15.917423979835156,16.00186579261459,80230800
2006-06-02,16.01593780517578,16.177785710563825,15.95260578268859,16.093343908699733,73935600
2006-06-05,15.832976341247559,15.99482422172425,15.825939301812307,15.987787182288997,63914100
2006-06-06,15.572623252868652,15.875209470901252,15.46707026434495,15.868172426042463,126601300
2006-06-07,15.509278297424316,15.75556793051565,15.488167182225986,15.586683035462519,73827500
2006-06-08,15.558548927307129,15.628916684399847,15.460031651455242,15.502253916325593,104126900
2006-06-09,15.42483901977539,15.614835077338109,15.403727899320144,15.58668691673111,52573800
2006-06-12,15.277061462402344,15.551500616520144,15.27002576553339,15.45298341204131,74309700
2006-06-13,15.136319160461426,15.50223700372247,15.101133978122402,15.29112993622073,113175300
2006-06-14,15.396690368652344,15.4389126082177,15.164473419755396,15.192621579465634,86081500
2006-06-15,15.530394554138184,15.572615459983565,15.34039846456637,15.488173648292802,121577300
2006-06-16,15.551507949829102,15.678172028046038,15.333365005221372,15.460027741259715,147506500
2006-06-19,15.868160247802734,15.903345445093313,15.565575604171986,15.579648340910179,129640900
2006-06-20,15.875204086303711,16.015942251385386,15.832983173650653,15.861131343538435,90598500
2006-06-21,16.241117477416992,16.2903754180921,15.854089650245504,15.910384631328233,91660300
2006-06-22,16.100379943847656,16.304450096614982,16.030012221548287,16.227043991471753,76590600
2006-06-23,15.832976341247559,16.093341431639743,15.832976341247559,16.07926735276924,60532600
2006-06-26,16.05816078186035,16.107418729678088,15.924459679084764,15.938533761940807,53644100
2006-06-27,16.0863037109375,16.29740951634243,16.072229632663042,16.107413486171204,84759100
2006-06-28,16.29741096496582,16.360742980652272,16.121488997431925,16.156672854067466,71906500
2006-06-29,16.51555061340332,16.628140543330073,16.33962868012054,16.40999772186922,121395500
2006-06-30,16.395931243896484,16.642222333073324,16.395931243896484,16.56481755923603,73048800
2006-07-03,16.677400588989258,16.6914733242523,16.50147864751122,16.557773615097076,25711400
2006-07-05,16.431110382080078,16.55073736164812,16.395925186808324,16.522589205430716,53093500
2006-07-06,16.522598266601562,16.614078482298897,16.480377351299012,16.501488480039637,44775200
2006-07-07,16.395931243896484,16.57185325871159,16.395931243896484,16.4592632766042,63168800
2006-07-10,16.53666877746582,16.64925875538493,16.45222562293728,16.487410829898508,50565100
2006-07-11,16.25519561767578,16.445191729594946,16.001867468450225,16.445191729594946,88676300
2006-07-12,15.931489944458008,16.10037484036439,15.91741720976586,16.037044178805107,77379300
2006-07-13,15.664094924926758,15.910385991536408,15.65705788391753,15.741501033849934,73099500
2006-07-14,15.685209274291992,15.868167009451712,15.642987019551802,15.678172231835294,67499400
2006-07-17,15.818903923034668,15.910384103118433,15.664093065741291,15.685204186263277,37053500
2006-07-18,16.001861572265625,16.015935651409755,15.818902569926113,15.896308663040768,65047300
2006-07-19,16.4663028717041,16.508523785996996,15.987794702455725,16.05816378772966,82188200
2006-07-20,16.079269409179688,16.501482434046242,16.03001146901126,16.49444539371101,76605200
2006-07-21,16.797035217285156,16.994067022534036,16.18482599139975,16.944809071221815,175483800
2006-07-24,16.888513565063477,16.965919681733794,16.740739715614836,16.895550606777,59586700
2006-07-25,17.043323516845703,17.092582806125353,16.81814356313803,16.888512634216276,60075800
2006-07-26,17.148876190185547,17.261466156506007,16.958880118702922,16.972954200037545,54942100
2006-07-27,16.797035217285156,17.31072719836761,16.726666140191192,17.296653114513116,85386800
2006-07-28,17.064430236816406,17.08554135534502,16.93072917049129,16.944803249510365,51705800
2006-07-31,16.930734634399414,17.184062769784948,16.895550767675193,16.937771676179956,40254400
2006-08-01,16.88147735595703,17.029252554872524,16.782961451465727,16.902588482138825,49168700
2006-08-02,17.09961700439453,17.169986069296304,16.909622273991513,16.97295429818528,46462000
2006-08-03,17.036287307739258,17.226283406278277,16.994066399901183,17.022214566578874,43155300
2006-08-04,17.092571258544922,17.233307963442627,16.994054088721292,17.16997597647654,45690400
2006-08-07,17.043323516845703,17.226282564777787,17.022213735047107,17.08554576479969,36862400
2006-08-08,17.12776756286621,17.25443162897009,17.029251663531404,17.162951429149082,58171300
2006-08-09,17.198139190673828,17.338876018876153,17.127770105483332,17.233323062179743,44405700
2006-08-10,17.21221160888672,17.310728863164208,17.127769781995884,17.14888090980791,31753400
2006-08-11,17.191102981567383,17.205177067723696,17.029255017305985,17.191102981567383,30255500
2006-08-14,17.26146697998047,17.31072492482328,17.134802926282756,17.254429938977445,47831900
2006-08-15,17.38859748840332,17.40978500589136,17.26146699499149,17.3391568043158,48994500
2006-08-16,17.445093154907227,17.46628066434863,17.282647948840932,17.381527932342237,52373600
2006-08-17,17.445093154907227,17.480406568723158,17.381527932342237,17.445093154907227,45674800
2006-08-18,18.21493911743164,18.222000723152412,17.642852061372295,17.692291384140766,128414800
2006-08-21,18.448020935058594,18.455082544516234,18.05250344936936,18.123131668036812,88398300
2006-08-22,18.094877243041992,18.539832633513097,18.094877243041992,18.37032575394692,89312400
2006-08-23,18.130184173583984,18.32794280243187,18.024242580212793,18.116058268569038,44648500
2006-08-24,18.179628372192383,18.264382477903848,18.01012150789027,18.23613066029309,35933300
2006-08-25,18.257322311401367,18.36326394937742,18.14431771794411,18.158442281785504,33115900
2006-08-28,18.32794761657715,18.363261041269734,18.144314844509957,18.250256465708507,34190900
2006-08-29,18.250255584716797,18.349134246779514,18.10193624450198,18.306757869769882,42711200
2006-08-30,18.222003936767578,18.285569176428922,18.10899936561869,18.257318707202074,30283100
2006-08-31,18.151378631591797,18.34913597433593,18.1372527222184,18.27144616702396,26380500
2006-09-01,18.250255584716797,18.342071292757787,18.10899919852371,18.285569007704698,31594600
2006-09-05,18.087812423706055,18.335009088977777,18.052497652152386,18.144314711071132,44222400
2006-09-06,18.087812423706055,18.16550222688254,18.01718422771951,18.01718422771951,50160400
2006-09-07,17.96068000793457,18.151375712444732,17.932428193731294,17.995993428568017,51266900
2006-09-08,18.080759048461914,18.214952557219103,17.98187898284643,18.03131968921492,36866800
2006-09-11,18.299701690673828,18.327953517220145,17.953624898208833,17.960687854845414,55608200
2006-09-12,18.313817977905273,18.349131395405628,18.165498660738624,18.292629119132744,52248800
2006-09-13,18.349138259887695,18.43389237956412,18.236133665066482,18.236133665066482,37706700
2006-09-14,18.596328735351562,18.71639623679317,18.34913077978114,18.356193732468352,74324500
2006-09-15,18.963600158691406,19.02716540575471,18.709339170438184,18.77290441750149,126057700
2006-09-18,18.921220779418945,19.097790582823208,18.836466681051792,18.885906010465675,49135000
2006-09-19,18.970664978027344,19.027167275734307,18.87178494669938,18.885910857906378,43039100
2006-09-20,19.196666717529297,19.2319801347186,19.062473307393017,19.076599213116946,71676400
2006-09-21,18.998916625976562,19.246114698872546,18.963603192900475,19.2390517428331,58495100
2006-09-22,18.829397201538086,18.963590582811587,18.702266771607423,18.949464680125907,47712500
2006-09-25,19.03422737121582,19.203734238866264,18.921222792782192,18.93534735474577,67903900
2006-09-26,19.210792541503906,19.295545281245786,18.984782092244377,19.0059709507401,54766500
2006-09-27,19.38030433654785,19.401491853354813,19.1542951764679,19.196671557202677,66233900
2006-09-28,19.352052688598633,19.436806797936296,19.253174016972086,19.40149202441191,44179700
2006-09-29,19.31674575805664,19.366185110495447,19.217865706057708,19.31674575805664,34283500
2006-10-02,19.32379913330078,19.415614835570942,19.17547980240818,19.295547318989563,52908100
2006-10-03,19.330856323242188,19.408546095192968,19.21785044681149,19.330856323242188,39386200
2006-10-04,19.733440399169922,19.747564958766972,19.330861487560814,19.344986047157867,82191200
2006-10-05,19.719318389892578,19.85351183599192,19.62043971756721,19.719318389892578,81967200
2006-10-06,19.684003829956055,19.77581954224045,19.52862152853828,19.606312679247168,36452200
2006-10-09,19.578054428100586,19.72637372642941,19.507427602070088,19.634556697197198,33366300
2006-10-10,19.556875228881836,19.599251611929986,19.380305394540123,19.556875228881836,34598500
2006-10-11,19.450925827026367,19.542741511470343,19.36617174766852,19.39442220937421,37219600
2006-10-12,19.93120002746582,19.98064070673933,19.4509312671815,19.47918173678845,120174900
2006-10-13,20.037134170532227,20.263143216356966,19.994756464099957,20.015945317316092,129751900
2006-10-16,20.093645095825195,20.199586713344686,20.008890993537154,20.11483261105664,49744800
2006-10-17,20.086584091186523,20.136023427685842,19.89588835287125,19.94532768937057,40122600
2006-10-18,20.143089294433594,20.27021980502214,19.9594564843747,20.128963382785738,40630800
2006-10-19,19.98063850402832,20.09364306423978,19.860570990413564,20.023014877327462,44730800
2006-10-20,20.079519271850586,20.121895649612057,19.89588650538987,20.11483269546502,48887800
2006-10-23,20.093645095825195,20.263151953280527,19.902949376017666,19.987702131184953,48525000
2006-10-24,19.97358512878418,20.07952678639575,19.867642124051347,20.07952678639575,61409600
2006-10-25,19.994766235351562,20.100707858964547,19.874698702691287,19.973578718901464,40717100
2006-10-26,20.023019790649414,20.06539617434703,19.804073569903956,20.008893880376558,69964200
2006-10-27,20.015954971313477,20.333781187247013,19.95238972812677,20.121896594251048,89060100
2006-10-30,20.1501522064209,20.36909844800203,20.001832828683238,20.023021696108923,47296800
2006-10-31,20.277278900146484,20.376158922303194,20.171337270162283,20.241965472525386,61861700
2006-11-01,20.3479061126709,20.47503660131595,20.270216306259584,20.32671859597729,75895900
2006-11-02,20.31965446472168,20.38321970536333,20.185461029242553,20.277276739546732,58674400
2006-11-03,20.29140281677246,20.432659207622734,20.206650059958925,20.37615692070678,41124500
2006-11-06,20.369089126586914,20.517407089329414,20.312586853096374,20.319649805672746,60446200
2006-11-07,20.446779251098633,20.53153198360137,20.34083631478962,20.383214028161383,56511200
2006-11-08,20.467973709106445,20.644543533402643,20.241964549546644,20.326718657941996,77403300
2006-11-09,20.66573143005371,20.764610095953046,20.482098659725814,20.559789809858596,89407500
2006-11-10,20.6516056060791,20.686920377702698,20.58804036427743,20.602166272926866,37855100
2006-11-13,20.729299545288086,20.806989359070187,20.59510608930668,20.61629495513142,47271800
2006-11-14,20.715118408203125,20.849770601917264,20.60172751404156,20.750553907457416,63012500
2006-11-15,20.637165069580078,20.807251427769803,20.630077969023063,20.644250818410875,63943200
2006-11-16,20.88521385192871,21.005691898449545,20.644257758887047,20.651344861826704,64328500
2006-11-17,20.835596084594727,20.93481412926816,20.750553591132995,20.771813538635396,49356700
2006-11-20,21.182859420776367,21.26081617931962,20.906469242997627,20.920643444864815,85703800
2006-11-21,21.204126358032227,21.26082182884007,21.111996724866977,21.197039255215415,66446600
2006-11-22,21.204126358032227,21.26082182884007,21.133256681590762,21.239560520389634,43907200
2006-11-24,21.090734481811523,21.14742995010699,21.005690603505034,21.019864808510548,20456700
2006-11-27,20.89229393005371,21.07655448934911,20.785990125155735,21.041120338291858,72722100
2006-11-28,20.828514099121094,20.849775403570092,20.644253515742264,20.793079943432485,52602300
2006-11-29,20.956071853637695,21.104898228996518,20.856855171215763,20.863942270206746,58775100
2006-11-30,20.807254791259766,20.956079871836,20.78599348615183,20.8497760497492,53297400
2006-12-01,20.637165069580078,20.76472882442771,20.481251560778166,20.715120472254817,72257000
2006-12-04,20.78599739074707,20.920649644938525,20.672606445657433,20.715127712134375,55123400
2006-12-05,20.644256591796875,20.835604305170072,20.57338826986007,20.80725724674067,45606000
2006-12-06,20.5450382232666,20.64425494745667,20.45999570302554,20.62299499325965,48564100
2006-12-07,20.44581413269043,20.60172626477673,20.41746573500601,20.52376952287058,46831100
2006-12-08,20.835596084594727,20.835596084594727,20.410379562107885,20.424553761593526,108854900
2006-12-11,20.934818267822266,21.0836433366642,20.630079677268217,20.686775134692716,107712000
2006-12-12,20.856863021850586,20.998600999843436,20.708036590472698,20.948992639959616,68529400
2006-12-13,20.941911697387695,20.977347216102434,20.77891236648037,20.977347216102434,46002500
2006-12-14,21.310436248779297,21.317523353608774,20.92065494524728,20.934829154906232,85866500
2006-12-15,21.395469665527344,21.423816719220614,21.282078747301522,21.360034158752793,102783700
2006-12-18,21.182859420776367,21.44507674841421,21.104904013959406,21.395468393605338,56986800
2006-12-19,21.25373077392578,21.381295897454553,20.92773221533127,21.055295987133647,53822100
2006-12-20,21.324602127075195,21.430905954531177,21.23955825407451,21.253732458195707,31202100
2006-12-21,21.246644973754883,21.360035901230745,21.182862408083903,21.352948799297693,32270500
2006-12-22,21.005687713623047,21.16160124378053,20.99151486229397,21.140339939197307,37971700
2006-12-26,21.25373077392578,21.260817875424756,20.83560124757098,20.92773221533127,37098300
2006-12-27,21.27499008178711,21.352945487507018,21.197033324340932,21.25372877928553,31248400
2006-12-28,21.246644973754883,21.282080483420142,21.12616694434597,21.161602454011227,26690600
2006-12-29,21.161596298217773,21.367116787585548,21.140334998603418,21.161596298217773,41739800
2007-01-03,21.161596298217773,21.437986434573986,20.835596462761398,21.19703044584895,76935100
2007-01-04,21.126161575317383,21.23955247397594,20.86394562906677,21.04820617731846,45774500
2007-01-05,21.005687713623047,21.08364447870179,20.87103683977519,20.99860061209531,44607200
2007-01-08,21.211219787597656,21.331697867965588,20.927742349004593,21.012784904718984,50220200
2007-01-09,21.23246955871582,21.388383088896145,21.06947027873312,21.260817964830935,44636600
2007-01-10,21.019861221313477,21.182860495880064,20.85686194674689,21.119077935966814,55017400
2007-01-11,21.756906509399414,21.792340668983567,21.012776992593317,21.090733765750304,99464300
2007-01-12,22.11833381652832,22.24589892238363,21.714378549137308,21.721465649654405,103972500
2007-01-16,22.08289909362793,22.288420948121196,21.990769492744647,22.153768745236853,62379600
2007-01-17,22.040386199951172,22.281342295744164,21.976603624492636,22.153777144827085,58519600
2007-01-18,21.969512939453125,22.23173030155463,21.827773605604776,22.075816763976153,56364300
2007-01-19,22.047468185424805,22.047468185424805,21.74981668628322,21.77816374005908,75826900
2007-01-22,21.771072387695312,22.054550980460533,21.62224734304707,22.012028380510085,56143900
2007-01-23,21.78525733947754,21.941169561065745,21.629345117889336,21.70730055282005,49171200
2007-01-24,22.03329849243164,22.18212359660065,21.72147272671469,21.813603711727872,58527800
2007-01-25,21.579723358154297,22.30967699229396,21.579723358154297,22.02619978720448,97378700
2007-01-26,21.686038970947266,22.13251564355286,21.686038970947266,22.12542854059383,96103700
2007-01-29,21.63642692565918,21.81360041435094,21.501774695770038,21.721469443264414,57605900
2007-01-30,21.600990295410156,21.714381214147767,21.360034255161143,21.664772856165857,61900400
2007-01-31,21.87029266357422,22.040379025522782,21.508858637536182,21.551379890091763,73968400
2007-02-01,21.657686233520508,21.926990685270066,21.523035359372134,21.8561210215609,55355800
2007-02-02,21.395469665527344,21.856120439785535,21.352947057397884,21.841946237075714,60401700
2007-02-05,20.984432220458984,21.27499668621621,20.842692863233985,21.239561171046613,99102100
2007-02-06,20.913557052612305,21.08364342560329,20.708035173752574,20.970252510275966,79281100
2007-02-07,20.81433868408203,21.048207597308743,20.72929482848767,21.005684993648448,65145500
2007-02-08,20.736385345458984,21.119079379367655,20.693864086519454,20.722211141903657,48749000
2007-02-09,20.537948608398438,20.83560009627637,20.502514454587907,20.800165942465842,69823100
2007-02-12,20.50959587097168,20.615899654664958,20.431639132124502,20.474160375256623,52774400
2007-02-13,20.630496978759766,20.76561608985636,20.594938604043136,20.651832003589746,50348100
2007-02-14,20.907840728759766,21.114075185620734,20.730052965153963,20.744276311781547,55588600
2007-02-15,20.950511932373047,21.085631028762613,20.779835821550353,21.03585066599097,63858100
2007-02-16,20.43848991394043,20.580720728438425,20.374486183057687,20.559385699339654,109340300
2007-02-20,20.502492904663086,20.52382793299164,20.24647799037451,20.36026209529976,53978200
2007-02-21,20.87229347229004,20.900738822424813,20.438490692322368,20.445602368959467,68604900
2007-02-22,20.900733947753906,21.007407716017283,20.73716949248958,20.843841904339648,57754400
2007-02-23,20.552270889282227,20.822509124341348,20.545159214000318,20.779839072649885,63787100
2007-02-26,20.673171997070312,20.687395351308673,20.495384138331953,20.594944905173044,63481900
2007-02-27,19.819782257080078,20.602047401812673,19.762890221892015,20.417147948348187,87143300
2007-02-28,20.033126831054688,20.090018865621165,19.85533905348282,19.87667407510016,86333300
2007-03-01,19.97623634338379,20.14691246029982,19.720221489803137,19.7842252031983,80175700
2007-03-02,19.741561889648438,20.02602216198069,19.741561889648438,19.926461405767796,63254700
2007-03-05,19.59221839904785,19.848233309288222,19.49265764791593,19.54954969947896,56454300
2007-03-06,19.79133415222168,19.869561203690754,19.663326743058835,19.769999131890202,49361800
2007-03-07,19.634885787963867,19.841118938211498,19.592215737777472,19.741558200603215,52044700
2007-03-08,19.42864990234375,19.80556051375888,18.916621544168386,19.713110101330063,72175200
2007-03-09,19.407320022583008,19.54243779571194,19.222420518054825,19.499769096640353,80125000
2007-03-12,19.513988494873047,19.54243383635316,19.293530655439426,19.32908902780608,36516400
2007-03-13,19.001964569091797,19.485547729195538,18.994852892453373,19.37887529244645,75169500
2007-03-14,19.485546112060547,19.485546112060547,19.009074668138314,19.073078396158728,75730300
2007-03-15,19.400205612182617,19.53532336626651,19.34331356930169,19.428650955416433,51757100
2007-03-16,19.43576431274414,19.542436732828094,19.34331524371496,19.44998766379891,65055300
2007-03-19,19.79133415222168,19.79133415222168,19.343309576564742,19.442870291952282,49412000
2007-03-20,19.798450469970703,20.026018647903854,19.741558425487415,19.86245418956607,47902400
2007-03-21,20.282033920288086,20.282033920288086,19.599328016812922,19.84111954966732,72808200
2007-03-22,20.1042423248291,20.30336376870919,19.919342872359657,20.28203010338667,47934900
2007-03-23,19.926464080810547,20.104251944437163,19.77000989271432,20.068693557863586,50519800
2007-03-26,20.06868553161621,20.06868553161621,19.698887954043723,19.869564072095613,47491500
2007-03-27,19.71310806274414,20.02601492747715,19.66332770262111,19.940677554812837,58979800
2007-03-28,19.656213760375977,19.912228561649318,19.48553767833139,19.61354507896806,46947000
2007-03-29,19.734447479248047,19.80556287658207,19.549547988744944,19.798451201207328,42629900
2007-03-30,19.819782257080078,19.87667429226814,19.556655746577093,19.73444352609143,47061000
2007-04-02,19.727333068847656,19.862452169407856,19.599325642676227,19.834005471852784,41977600
2007-04-03,19.819782257080078,19.954899992893534,19.73444352609143,19.812670583129933,39821300
2007-04-04,20.267812728881836,20.466935587860416,19.841121663306886,19.919348742979455,63244200
2007-04-05,20.303363800048828,20.37447918286425,20.12557602121683,20.139799369062537,30131200
2007-04-09,20.317590713500977,20.424263128237875,20.18958327325136,20.32470238867188,31384600
2007-04-10,20.196697235107422,20.36737338929321,20.068689780364704,20.267812638454874,38643100
2007-04-11,19.990461349487305,20.31759026159284,19.905122605747902,20.125579105489166,44050200
2007-04-12,20.296247482299805,20.353139500450364,19.940672029755625,19.954894016983737,43762100
2007-04-13,20.34602928161621,20.410032976157922,19.983342131350774,20.218021892532786,36002900
2007-04-16,20.431385040283203,20.44560839775144,20.061585884593203,20.338935929567715,30740100
2007-04-17,20.516706466674805,20.545151801125748,20.31047202715074,20.36025237974955,33170200
2007-04-18,20.33892250061035,20.38870286246722,20.16824639292403,20.346034174648924,41778400
2007-04-19,20.402936935424805,20.545166421720307,20.09714157308941,20.154033638890375,43648800
2007-04-20,20.63760757446289,20.694499614621037,20.410039413830305,20.609160876177203,60311500
2007-04-23,20.46693229675293,20.616273399662504,20.38870522965937,20.594938375069727,41739100
2007-04-24,20.474048614501953,20.594943045369632,20.331817797789775,20.474048614501953,34236700
2007-04-25,20.616275787353516,20.62338746304142,20.40293094237019,20.52382671623766,39475000
2007-04-26,20.694494247436523,20.872281996372553,20.55937517844953,20.687382574709535,68760300
2007-04-27,21.419879913330078,21.86079300421107,21.334541151900492,21.455436939351138,128298800
2007-04-30,21.29186248779297,21.597657651593888,21.29186248779297,21.42698020858778,67788800
2007-05-01,21.619003295898438,21.633226650100347,21.26342757933296,21.29187428773678,73539300
2007-05-02,21.768342971801758,21.8252350247984,21.547885079577924,21.61188880875084,80686700
2007-05-03,22.02434539794922,22.045680415692388,21.711439942859872,21.76122029451441,82036800
2007-05-04,21.7327823638916,21.832344463743425,21.54077255246226,21.818121112848395,104385900
2007-05-07,21.839462280273438,21.875020669718225,21.675897758069,21.704344469624832,59889100
2007-05-08,21.867895126342773,22.003014207732075,21.746999391712976,21.818114769097505,60551700
2007-05-09,21.889236450195312,21.995908868785378,21.739893979038513,21.832344403186386,51735000
2007-05-10,21.746999740600586,21.995902887233093,21.711442729544384,21.81811511912602,55398600
2007-05-11,21.967458724975586,22.031462437383507,21.725667223970802,21.739890572597716,43425300
2007-05-14,22.02434539794922,22.03856874311133,21.91056134947803,21.931896367221196,70188500
2007-05-15,22.045753479003906,22.181310274681064,22.00294657119267,22.045753479003906,75013900
2007-05-16,22.167037963867188,22.181307384880924,21.981539573109306,22.117096351126005,45833600
2007-05-17,22.102834701538086,22.216987388170626,22.088565275507175,22.138508266615357,41045600
2007-05-18,21.995824813842773,22.10997754243919,21.81746100530989,22.09570811116267,58453000
2007-05-21,22.15277671813965,22.23125720187083,21.924471340893373,21.924471340893373,41836400
2007-05-22,21.895925521850586,22.0671544896648,21.874521390571232,22.045750358385447,39999500
2007-05-23,21.81745147705078,22.002949920209836,21.81031676452844,22.002949920209836,46322500
2007-05-24,21.524934768676758,21.974410764882588,21.375108529403313,21.788913685107467,64046400
2007-05-25,21.746097564697266,21.874519620367042,21.532061712452144,21.603407450136107,47726500
2007-05-29,21.967273712158203,21.995811196235817,21.68189070653992,21.753236457944492,42373100
2007-05-30,22.195587158203125,22.209855225064786,21.767513853780393,21.79605134831123,57376800
2007-05-31,21.895925521850586,22.23124874705257,21.838849199245846,22.202711266153635,85290500
2007-06-01,21.824586868286133,22.04575752012771,21.796048017309253,21.967278401555916,39469400
2007-06-04,21.917339324951172,21.945878181022707,21.689033919609113,21.70330334764488,41434500
2007-06-05,21.81745147705078,21.853123678855216,21.639087746414067,21.845990327140147,44265000
2007-06-06,21.61054801940918,21.781777019793186,21.582009172274947,21.667624352870515,38217500
2007-06-07,21.132532119750977,21.610546897987014,21.11112798551101,21.41791377224852,71971400
2007-06-08,21.439321517944336,21.446456231012355,20.982710768049913,21.10399816859154,61346200
2007-06-11,21.417917251586914,21.582011558329224,21.353706199243003,21.36084091181536,48467400
2007-06-12,21.29662322998047,21.574870129649558,21.239546907976376,21.375102322231808,56981800
2007-06-13,21.681896209716797,21.6961656357809,21.296631231637562,21.38224506640745,64435600
2007-06-14,21.774646759033203,21.910202228208732,21.6176857893243,21.65335935553424,59065700
2007-06-15,21.75324058532715,22.031487571710844,21.710433670685184,22.017219507368377,100933000
2007-06-18,21.767513275146484,21.917338179267592,21.703302213149588,21.89593539914028,45412600
2007-06-19,21.731842041015625,21.874533607624976,21.67476568653341,21.746111469838084,46802600
2007-06-20,21.41077995300293,21.767507373691135,21.375106394449837,21.717565752523925,46861600
2007-06-21,21.560611724853516,21.61768807601948,21.339441034186358,21.38938267135563,56564800
2007-06-22,21.039785385131836,21.47499332091371,21.011247896009085,21.40364755689594,86219900
2007-06-25,21.039785385131836,21.239553252220148,20.96130490863156,21.025515960166828,53905800
2007-06-26,21.06119155883789,21.26095808443296,21.046922132493275,21.082594337547423,48340300
2007-06-27,21.31089973449707,21.367976075473525,20.947037550469414,20.947037550469414,53468600
2007-06-28,21.282358169555664,21.382241413324948,21.17534021397327,21.303762304994997,46055200
2007-06-29,21.02552604675293,21.35371617435459,20.718741427674917,21.310909239731043,71193900
2007-07-02,21.218151092529297,21.260958010607116,21.039787346263104,21.168209461303945,47316000
2007-07-03,21.417917251586914,21.56060742061216,21.24668823227225,21.253822944844604,35202600
2007-07-05,21.39651107788086,21.560605369008748,21.28235840919997,21.439317988434407,47838500
2007-07-06,21.382240295410156,21.432183275490793,21.161069683995585,21.339433387576673,57541000
2007-07-09,21.31089973449707,21.367976075473525,21.268091458159244,21.303765021774097,33831400
2007-07-10,20.925636291503906,21.39651650955093,20.81861830754913,21.189615255346023,66013500
2007-07-11,21.039785385131836,21.153938063237366,20.840017518043528,20.861421655491036,48017000
2007-07-12,21.453584671020508,21.482123514947798,21.004108765621528,21.08972257578944,54302400
2007-07-13,21.275224685668945,21.417916208552516,21.161072011684976,21.360839871560533,42173000
2007-07-16,21.425058364868164,21.57488329122577,21.203886291472145,21.232425150287508,48023200
2007-07-17,21.960145950317383,22.03149036349217,21.41078525970382,21.417919973182794,77539600
2007-07-18,22.060022354125977,22.095694549615086,21.760371285273536,21.767505996532762,64414400
2007-07-19,22.4809627532959,22.716402802154622,22.067158989822776,22.152772810785684,121159300
2007-07-20,22.231252670288086,22.259791517030255,21.967275141958602,22.224117958602545,98292600
2007-07-23,22.252660751342773,22.48810083548709,22.202719121495093,22.37394814989029,48910600
2007-07-24,21.97441291809082,22.459562523951217,21.9102018607971,22.1242391720453,59729300
2007-07-25,21.910198211669922,22.331136690129604,21.66762480994753,22.109966063402247,54950100
2007-07-26,21.389379501342773,21.781780548159578,21.054056158040286,21.57487795534224,87025300
2007-07-27,20.96843147277832,21.40363923943839,20.947028704455192,21.353697632275445,69214600
2007-07-30,20.975574493408203,21.039785545432693,20.654520594093032,20.982709205945064,67499600
2007-07-31,20.683061599731445,21.20388345620114,20.67592688598162,21.196748742451312,66554000
2007-08-01,20.90423011779785,21.08259386064871,20.561772058117967,20.65452196645254,80006300
2007-08-02,21.06119155883789,21.253824732068047,20.70446406506682,20.82575146738128,47938300
2007-08-03,20.661659240722656,21.246693571404876,20.618852315338756,21.011253440581985,61535500
2007-08-06,21.075464248657227,21.075464248657227,20.51183406803488,20.72587005311742,59530500
2007-08-07,21.08259391784668,21.253824308958542,20.725866431177145,20.925634313602735,49163000
2007-08-08,21.403648376464844,21.41078308922054,20.840018316030424,21.203880501727202,52898600
2007-08-09,20.90423011779785,21.474994911405023,20.633117827419785,21.146804916939608,72964500
2007-08-10,20.483287811279297,20.725862565839396,20.162233949637127,20.61884461195867,76576200
2007-08-13,20.42621421813965,20.68305843054811,20.29065876008611,20.6473862280724,55492300
2007-08-14,20.240062713623047,20.683954367692007,20.18994604612269,20.59804047071333,42944100
2007-08-15,20.11835289001465,20.75555294516669,20.082554290211363,20.21858623830995,48117700
2007-08-16,19.91072654724121,20.297343259603686,19.695940395202314,19.960843225011818,81447400
2007-08-17,20.22574806213379,20.22574806213379,19.91788689968685,20.111195262001498,76747700
2007-08-20,20.232912063598633,20.39758157793146,20.104039794789504,20.175635651414286,49952000
2007-08-21,20.096878051757812,20.27586699253311,19.953687718483923,20.11835721625866,50786200
2007-08-22,20.204265594482422,20.275861424245882,20.053915580998336,20.240064192152587,44763500
2007-08-23,20.261547088623047,20.28302625263528,20.11835675860645,20.247229011525437,33886600
2007-08-24,20.626684188842773,20.648163352340045,20.096877112771345,20.19711047793759,45158900
2007-08-27,20.397573471069336,20.59804151682873,20.333137362274417,20.48348873798817,32789500
2007-08-28,19.99663734436035,20.39757204221677,19.982317906614153,20.261540114781347,43924400
2007-08-29,20.46916961669922,20.48348905567058,19.917883506493514,20.139829348242188,45753700
2007-08-30,20.368932723999023,20.712591005938275,20.27585775248842,20.34745356928659,33690700
2007-08-31,20.569400787353516,20.705432712070287,20.304498022226703,20.5479229967402,42511900
2007-09-04,20.626684188842773,20.834312005918196,20.3904188526815,20.404738295013015,45689600
2007-09-05,20.390424728393555,20.56941371238348,20.347467754597695,20.512137292129808,47669800
2007-09-06,20.69828224182129,20.769878095535397,20.44053771468143,20.447697436610575,45430800
2007-09-07,20.361772537231445,20.640994714185027,20.275857285935256,20.490644731387434,52160900
2007-09-10,20.390424728393555,20.58373315884129,20.34030803136879,20.52645673858762,37247600
2007-09-11,20.712596893310547,20.726916333855677,20.46201214607878,20.4978093818646,34380800
2007-09-12,20.712596893310547,20.884426083121095,20.6195218953442,20.626681615616764,42364700
2007-09-13,20.877273559570312,20.948869421399174,20.734081835912594,20.848636034185258,35288600
2007-09-14,20.791357040405273,20.84147372779944,20.676802856333495,20.748398709286864,33496600
2007-09-17,20.569400787353516,20.676793837150242,20.490646612476834,20.61235909973358,39536500
2007-09-18,20.712596893310547,20.741234408823797,20.24006627993728,20.54792742377256,77462400
2007-09-19,20.526451110839844,20.69828032449036,20.261546886309553,20.66964280500387,94242200
2007-09-20,20.347455978393555,20.462008752602838,20.29017959128891,20.39041292732784,67168900
2007-09-21,20.512128829956055,20.626681623205233,20.36177880090789,20.540767711056855,135636100
2007-09-24,20.819988250732422,21.199445200450093,20.61952019634965,20.626679916032273,104459800
2007-09-25,21.16364860534668,21.16364860534668,20.841469382593143,20.862947178097162,75621000
2007-09-26,21.120695114135742,21.371279905554495,21.10637567106558,21.24956737061266,60337000
2007-09-27,21.113527297973633,21.278196733416767,21.07773006959964,21.263878661413205,43407100
2007-09-28,21.092058181762695,21.25672906116855,20.92738866793422,21.113537348357557,45819100
2007-10-01,21.314006805419922,21.328326250711537,21.05626225248064,21.09205950013222,43875100
2007-10-02,21.26388168334961,21.371274749310583,21.17080669142702,21.26388168334961,33700900
2007-10-03,21.08489418029785,21.371276163672324,20.97034138694806,21.271041445308498,37633900
2007-10-04,21.27104949951172,21.314007837466665,21.07774244102459,21.16365638577942,37868000
2007-10-05,21.364116668701172,21.47150974290206,21.28536111035124,21.399913904909127,45012300
2007-10-08,21.364116668701172,21.371276389058167,21.192287476864344,21.235244433429294,30265400
2007-10-09,21.55026626586914,21.757892703207546,21.478670424671485,21.50014958670391,63603100
2007-10-10,21.643333435058594,21.743568129009375,21.500143161035123,21.507302879572798,32251500
2007-10-11,21.41423225402832,21.929719803261726,21.328318345277896,21.693454505832626,50788400
2007-10-12,21.60038185119629,21.765051321708114,21.442872100999374,21.50014849794162,31121100
2007-10-15,21.507307052612305,21.714933468183705,21.478668172904833,21.55026400659657,47150500
2007-10-16,21.707778930664062,21.89392759647201,21.64334280151603,21.650502523152177,56286200
2007-10-17,22.25190544128418,22.359298534461715,21.94404423941858,22.015640090062696,86092400
2007-10-18,22.309179306030273,22.359295986096004,21.92972229676858,22.352136265289882,49208600
2007-10-19,21.60038185119629,22.25906109882061,21.557424894883862,22.25906109882061,75200200
2007-10-22,21.84380340576172,21.97983533895769,21.564581185770287,21.564581185770287,58785100
2007-10-23,22.123027801513672,22.28053890772946,21.986995854939202,21.986995854939202,49956200
2007-10-24,22.37360954284668,22.409406771884534,21.83664291381836,22.087227613813592,77979200
2007-10-25,22.90342140197754,23.06809224163369,22.545443571939295,22.602719970122333,169588700
2007-10-26,25.07993507385254,25.795890995857167,24.743437647695828,25.781571549678464,288121200
2007-10-29,24.750581741333008,25.26607058206737,24.664667844928456,24.951048409994808,114655600
2007-10-30,25.466537475585938,25.480856913638718,24.59307087244122,24.607390310494,107297300
2007-10-31,26.35433578491211,26.490366413006406,25.423590996288027,25.43075208422473,185635800
2007-11-01,26.53331184387207,26.841172927720052,26.032142447062316,26.153853571249268,152078800
2007-11-02,26.53331184387207,26.84833128102079,26.075098029173713,26.647864614758284,96389800
2007-11-05,26.297046661376953,26.561949446503448,26.225452199825025,26.3185244536118,75485400
2007-11-06,26.067934036254883,26.246922872738683,25.68131749397317,26.196806217015453,100966700
2007-11-07,25.430744171142578,25.888955334939997,25.380627495799356,25.803041424516472,74897800
2007-11-08,24.872297286987305,25.702805625033164,24.628872288017636,25.48801677270709,133742400
2007-11-09,24.149187088012695,24.72911222796587,24.091912048288304,24.471367721320014,125136900
2007-11-12,23.89859390258789,24.134857783032125,23.64084950126449,23.85563559198288,84865200
2007-11-13,24.753398895263672,24.904246000420272,23.977611825755748,24.092543344948908,104311500
2007-11-14,24.37268829345703,24.96171266076987,24.243389994272892,24.868329946873878,84063100
2007-11-15,24.250585556030273,24.494815508617,24.09973836948157,24.250585556030273,64014100
2007-11-16,24.48761558532715,24.609729102273736,24.214652251904774,24.322401729361328,71113800
2007-11-19,24.394243240356445,24.59537550095615,24.32959407448229,24.394243240356445,63026200
2007-11-20,24.839597702026367,25.11974308750761,24.49480043046737,24.58818313902224,100009400
2007-11-21,24.58818817138672,24.947349557600692,24.552272580802104,24.710304467595105,89518700
2007-11-23,24.501991271972656,24.739036372291533,24.214661054426823,24.68157197289279,33467200
2007-11-26,23.6830997467041,24.688749859275287,23.654366181726292,24.487620384797765,80335000
2007-11-27,23.74774742126465,24.13563956361308,23.47478405131446,23.89859451774367,84178400
2007-11-28,24.207469940185547,24.34395023515908,23.63281246110882,23.977606948554858,88585000
2007-11-29,24.12846565246582,24.372695541310225,23.927336122894307,24.121283629345836,53633600
2007-11-30,24.135637283325195,24.509165348971194,23.841125138898196,24.365500286771482,71027800
2007-12-03,23.647180557250977,24.164373747239342,23.47478465404384,24.063809013671264,61770600
2007-12-04,23.539432525634766,23.877045033024466,23.43886779752294,23.517883723948895,54801500
2007-12-05,24.530715942382812,24.796494516072542,23.726192721197236,23.805208639365734,84894700
2007-12-06,24.818042755126953,24.861143093204685,24.32958321764455,24.60972856469237,49209700
2007-12-07,24.80368423461914,24.92580052974214,24.581005930863384,24.86115137119088,40771000
2007-12-10,24.968900680541992,25.105383773683982,24.76058913975041,24.882702707104645,36083500
2007-12-11,24.49480438232422,25.13411392383738,24.372690831591104,24.947348476595934,55070700
2007-12-12,24.760578155517578,25.20593735092282,24.372683336850287,24.861142869946217,63345400
2007-12-13,25.29932403564453,25.464537912572688,24.624099006252585,24.767764081028535,73913200
2007-12-14,25.363977432250977,25.744687615042835,25.148478413886526,25.177211981692967,71126200
2007-12-17,24.703107833862305,25.234667635689657,24.681559037903966,25.16283374885753,58121200
2007-12-18,24.95452308654785,25.141285717626985,24.573810325213845,24.882689197530734,52791800
2007-12-19,24.990447998046875,25.241859853084083,24.695935793495984,24.91861408219074,58469100
2007-12-20,25.514827728271484,25.70877522482589,25.198766663618485,25.349613803099405,59345000
2007-12-21,25.902721405029297,25.902721405029297,25.680040348409005,25.787789865524896,83240500
2007-12-24,26.27625274658203,26.37681751319302,25.89553974988909,25.9530068966293,29622600
2007-12-26,26.29779815673828,26.319346963887845,26.046383532529315,26.15413304864516,30252400
2007-12-27,25.83806800842285,26.25469374328015,25.816516464421134,26.111028657397647,33311100
2007-12-28,25.945819854736328,26.02483580447306,25.622574033169748,25.93145306931291,33447200
2007-12-31,25.572290420532227,25.852438612496798,25.514826021795088,25.787789451302512,35229700
2008-01-02,25.29932403564453,25.830881250077145,25.14129217937265,25.70876771763679,63004200
2008-01-03,25.40708351135254,25.608215812846375,25.04073999037033,25.299336706444716,49599600
2008-01-04,24.695940017700195,25.284964527553754,24.48762573636111,25.277779764647345,72090800
2008-01-07,24.86115264892578,24.997632995022208,24.602556001430205,24.81805229428184,80164300
2008-01-08,24.02789878845215,24.932984332634327,23.99198319562138,24.932984332634327,79148300
2008-01-09,24.73902702331543,24.810860920647592,23.95605535358437,23.963240113409086,74305500
2008-01-10,24.660018920898438,24.78213246121632,24.264939254732198,24.674382963137607,72446000
2008-01-11,24.358320236206055,24.595368019029266,24.221839923182106,24.52353411202979,55187900
2008-01-14,24.703107833862305,24.832406089977535,24.480429635139203,24.753390184553496,52792200
2008-01-15,24.422977447509766,24.695940903880587,24.422977447509766,24.444526256633893,61606200
2008-01-16,23.86986541748047,24.171562407029942,23.352672144072177,24.00634575788147,120778500
2008-01-17,23.783668518066406,24.279310267177,23.683103763770113,24.09254754351018,94247800
2008-01-18,23.711837768554688,24.42297864659249,23.683106935040023,23.819587299834005,117062000
2008-01-22,22.957592010498047,23.367035715590028,22.627164237999875,22.655897802612817,108521400
2008-01-23,22.936050415039062,23.02224839578301,22.296743472501337,22.61280456201875,137597400
2008-01-24,23.884235382080078,23.9632513360593,23.072529773272073,23.237743704235776,155640400
2008-01-25,23.66155242919922,25.141298407659136,23.611270051598627,25.069467222568022,196992300
2008-01-28,23.503528594970703,23.776489352260295,23.288029510541982,23.71902493921474,81019000
2008-01-29,23.417316436767578,23.625630655286546,23.237735780840882,23.59689709269427,68023000
2008-01-30,23.1300048828125,23.5609976563305,23.02225531934039,23.38860164299739,106432600
2008-01-31,23.417316436767578,23.517883905840538,22.78519313074595,22.921674812875906,103642200
2008-02-01,21.872926712036133,23.884229719309698,21.729261624334384,22.31110262635201,291138900
2008-02-04,21.686166763305664,22.066876988839258,21.628700991333115,21.901663065679696,119998600
2008-02-05,20.881641387939453,21.506582761272618,20.752343078277978,21.485032586298416,137534100
2008-02-06,20.486560821533203,21.08276852300409,20.321346952833327,21.03248616036427,138315600
2008-02-07,20.199237823486328,20.673330763865675,20.0412059299652,20.35726834691544,164964900
2008-02-08,20.515295028686523,20.888823145127677,20.285431993981742,20.321348949461715,124872000
2008-02-11,20.263879776000977,20.55120991048115,20.04838354523247,20.486560767232273,156814100
2008-02-12,20.35726547241211,20.558396322087837,20.192051579870522,20.42191462516174,84365900
2008-02-13,20.802623748779297,20.867272898323726,20.493746153290278,20.558395302834708,88986200
2008-02-14,20.472192764282227,20.860087600617828,20.443459204512976,20.74515473163238,69113500
2008-02-15,20.41472816467285,20.57275864202999,20.29261326895864,20.335712240948475,68166100
2008-02-19,20.31377410888672,20.796920369657432,20.24166245981051,20.768075159860825,68261200
2008-02-20,20.349830627441406,20.37867583919656,20.13349704093934,20.299352882285284,93056200
2008-02-21,20.263296127319336,20.883453001037765,20.162339269641457,20.638275597745086,98776500
2008-02-22,19.96042823791504,20.47241832528335,19.614293978109817,20.36425154102113,125705400
2008-02-25,20.0758056640625,20.364250871077573,19.816204290041313,19.938793674949626,109974300
2008-02-26,20.465221405029297,20.811357283499348,19.95323095785592,20.0037087342909,108923500
2008-02-27,20.378679275512695,20.68154717293535,20.26330115986746,20.328201521844857,75199500
2008-02-28,20.14071273803711,20.385891589785725,20.046967154795507,20.205613103230316,83002900
2008-02-29,19.61429786682129,20.068599000958027,19.484497149806344,19.967643499019985,117411400
2008-03-03,19.462862014770508,19.75130727032573,19.376329125811676,19.643140471419454,76544300
2008-03-04,19.89552879333496,19.92437262858408,19.441226353277067,19.484494169273763,86925600
2008-03-05,20.277725219726562,20.486847553522388,19.974857300623576,20.010912448562802,106489800
2008-03-06,19.881113052368164,20.31378173381552,19.830635291692207,20.23445875251569,91127700
2008-03-07,20.097442626953125,20.241664564687497,19.700829203498845,19.715251809896916,77597600
2008-03-10,20.22723960876465,20.378674207523396,20.01090603958391,20.068595083059794,72175100
2008-03-11,21.114212036132812,21.157478477944746,20.465208531876836,20.479631137619275,98740700
2008-03-12,20.645488739013672,21.26564708470056,20.580589758465873,21.22238063919686,75993800
2008-03-13,20.638280868530273,20.905092247054974,20.306567752156216,20.580591810302042,84552200
2008-03-14,20.162336349487305,20.91950648304004,19.931580208927834,20.710382871023587,105214900
2008-03-17,20.407522201538086,20.717601389209978,19.67198709113878,19.68640832338599,84490100
2008-03-18,21.215173721313477,21.258440175761223,20.67433822676138,20.67433822676138,83695300
2008-03-19,20.638280868530273,21.337760871474526,20.638280868530273,21.186326233990645,61442100
2008-03-20,21.042102813720703,21.070946653122377,20.616645523075533,20.724812327809015,60170200
2008-03-24,21.034887313842773,21.20074313970917,20.955564364334816,21.150265399264203,48294700
2008-03-25,21.01325798034668,21.179115217725325,20.86903602988923,21.15027000238449,49149000
2008-03-26,20.59500503540039,20.962773154388,20.465204361002986,20.933929324196967,45868100
2008-03-27,20.22723960876465,20.544530035589645,20.191184472372953,20.53731873322825,47894400
2008-03-28,20.126283645629883,20.501263106970846,20.068594603532446,20.35703981401963,49244000
2008-03-31,20.465221405029297,20.61665610975049,20.075820432947836,20.104664287160862,46780600
2008-04-01,21.272855758666992,21.301700969047598,20.645486187042202,20.789709488114553,65796200
2008-04-02,21.027677536010742,21.33054537605268,20.9122994422248,21.32333407326414,49499400
2008-04-03,20.912303924560547,21.14306016159264,20.768080588707654,20.912303924560547,38961400
2008-04-04,21.027677536010742,21.0997891884808,20.7248096959688,21.006043627645113,43860800
2008-04-07,21.027677536010742,21.337756678841224,20.93393335059043,21.308911467687054,44428600
2008-04-08,20.73202133178711,20.912299778150476,20.58058809704127,20.86903333613958,44733500
2008-04-09,20.832975387573242,20.941143548277786,20.5805866803701,20.710385997468016,45839300
2008-04-10,20.99163055419922,21.20075291466413,20.768084207137125,20.789718123909044,65591600
2008-04-11,20.393096923828125,20.91950962035276,20.34261780702215,20.818554137571404,54373700
2008-04-14,20.234455108642578,20.41473357882931,20.14071090932833,20.364255827243518,43418100
2008-04-15,20.371469497680664,20.53732537942041,20.212824920636,20.277725287476027,34310000
2008-04-16,20.87624168395996,20.948351951965602,20.465205729085717,20.6022177140438,54107400
2008-04-17,21.070940017700195,21.157474259485923,20.84018387349174,20.998829754196386,48743300
2008-04-18,21.633413314819336,21.705524967618476,21.352179381859603,21.640624617640785,73658900
2008-04-21,21.9362850189209,22.066085741732394,21.719951397845485,21.770429151068708,54411700
2008-04-22,21.81369400024414,22.138195783471833,21.611781626745188,22.094927962097792,67387500
2008-04-23,22.67902946472168,22.686239392325767,21.84974749787937,21.95791566775648,98351500
2008-04-24,22.931421279907227,23.147754897949227,22.46990882786264,22.808831862905933,115416700
2008-04-25,21.510828018188477,21.914651425261,21.344972147924935,21.669472584255914,145194900
2008-04-28,20.905080795288086,21.518027562826642,20.782491441780376,21.48918236180606,97473000
2008-04-29,20.6527042388916,20.840194041390742,20.515693571054978,20.768082367288645,84428900
2008-04-30,20.566164016723633,21.06373150271391,20.55895271433627,20.724808542999696,74733600
2008-05-01,21.200742721557617,21.26564306525402,20.537318055761776,20.55174066000881,71699400
2008-05-02,21.08536148071289,21.359385418708303,20.811338918132517,21.3377515155776,66024200
2008-05-05,20.96999168395996,21.799272375170624,20.90509132439068,21.582938760216738,119687700
2008-05-06,21.417083740234375,21.532461856140884,20.86182569779952,20.912303451581668,93582000
2008-05-07,21.063735961914062,21.734372096344323,20.969991761863277,21.40987167270798,88775000
2008-05-08,21.106996536254883,21.193529402672183,20.912295523693285,21.114207837692177,69589900
2008-05-09,21.19353485107422,21.308912952901924,20.876245758755758,21.06373414266418,51621200
2008-05-12,21.62620735168457,21.676685108482722,21.164694860483486,21.200750008077677,64278800
2008-05-13,21.553829193115234,21.807147096242076,21.37288704489375,21.713057786577682,70934700
2008-05-14,21.662399291992188,21.901242928502654,21.517644987237027,21.633447878849413,66730400
2008-05-15,22.03875732421875,22.096658764623953,21.669635123955864,21.69858515391885,53355800
2008-05-16,21.70581817626953,22.060464592390794,21.655154599749196,22.053226741390898,81538200
2008-05-19,21.322214126586914,21.6334347262606,21.21364915426502,21.618960408968594,59615000
2008-05-20,20.81558609008789,21.213658286798776,20.721495394551717,21.206420434797597,75767600
2008-05-21,20.446462631225586,21.025476950006734,20.403036902436757,20.85177265437239,60125100
2008-05-22,20.605684280395508,20.77215204887058,20.395792178243074,20.468169288821986,52203100
2008-05-23,20.30170249938965,20.5043581426879,20.229326765799,20.453694576982993,48890700
2008-05-27,20.5839786529541,20.6274043809061,20.301707970068612,20.345135078499613,47334500
2008-05-28,20.395795822143555,20.67806508530496,20.294468677517166,20.670827234906103,52318500
2008-05-29,20.489883422851562,20.75767834356041,20.3668427371981,20.417506305323872,47699200
2008-05-30,20.497119903564453,20.77215265570336,20.410268472715348,20.540545618989004,63399200
2008-06-02,20.120763778686523,20.526075133253308,19.939821653408842,20.439222305709322,77028400
2008-06-03,19.766117095947266,20.489885586700886,19.73716707416612,20.200378466495206,86616700
2008-06-04,19.932580947875977,20.004956678225316,19.68649959934823,19.744401011914842,79567400
2008-06-05,20.48264503479004,20.48264503479004,19.976007986367446,20.062859420735357,76063400
2008-06-06,19.896398544311523,20.388561410614834,19.896398544311523,20.258282842419366,78500800
2008-06-09,20.05562400817871,20.20037825701989,19.75887904048524,20.012198285717886,66787100
2008-06-10,20.18590545654297,20.475413995824667,19.773357582689286,19.802308988809063,77433900
2008-06-11,19.628604888916016,20.222094915489013,19.621367037314023,20.15695563155012,59330800
2008-06-12,20.43922233581543,20.66359018495616,19.679265960721334,19.83125668354861,113996300
2008-06-13,21.039953231811523,21.401837536123324,20.62740534577272,20.721494657482996,131969100
2008-06-16,20.938617706298828,21.06889622469962,20.72872423099121,21.003756965499225,74718900
2008-06-17,20.844528198242188,21.076135232849023,20.837291729469445,21.01823381931696,44256700
2008-06-18,20.598461151123047,20.88796980032402,20.598461151123047,20.66360045914531,49677800
2008-06-19,20.938617706298828,21.126797635046806,20.504356438455687,20.663584971790815,62037800
2008-06-20,20.431989669799805,20.931390449559956,20.33790034805214,20.916914744528253,97480400
2008-06-23,20.243803024291992,20.562261528429058,20.113525863056555,20.482646557275103,57145300
2008-06-24,20.070104598999023,20.272760320655543,19.91087599086265,20.20762103085449,65218300
2008-06-25,20.518836975097656,20.75044267110572,20.091813455403226,20.12800132772492,64280200
2008-06-26,20.084579467773438,20.41027590322627,20.084579467773438,20.287235180997325,67049100
2008-06-27,19.997732162475586,20.200387931817662,19.874691406174946,20.033921432257824,73450200
2008-06-30,19.91086769104004,20.25103832227312,19.8963919925675,20.07009623280218,57830500
2008-07-01,19.447660446166992,19.816781170972142,19.136439766389547,19.737167573699892,100327800
2008-07-02,18.731128692626953,19.541750042543164,18.731128692626953,19.469372914437965,84669000
2008-07-03,18.803512573242188,18.890365434253845,18.52848104425082,18.7962747197846,37074500
2008-07-07,18.839696884155273,19.10025263768408,18.419911157408777,18.89759831610379,71527600
2008-07-08,18.70941925048828,18.962738545579747,18.46333780731133,18.767320685325267,65553200
2008-07-09,18.26067543029785,18.70941242186221,18.22448756441237,18.66598670670392,54255800
2008-07-10,18.419910430908203,18.57913901736672,18.07973832370827,18.23896829064576,57830600
2008-07-11,18.275163650512695,18.557433063163202,18.000132092094194,18.210024342904187,69532600
2008-07-14,18.202787399291992,18.680474758664996,18.14488594301889,18.441631078978492,51216200
2008-07-15,18.926546096801758,19.2811924979787,18.043549019206846,18.043549019206846,92719300
2008-07-16,19.72992706298828,19.751640612305437,18.76007728114781,18.912067984931813,82060400
2008-07-17,19.918109893798828,20.20037917331625,19.6213649126449,19.96153561822946,96526100
2008-07-18,18.71664810180664,19.15814581244838,18.173821893568427,19.078532240632114,150277000
2008-07-21,18.557424545288086,18.941022360635372,18.477810946237824,18.571900247107735,77575600
2008-07-22,18.67322540283203,18.774553924259266,18.441619720390513,18.485046821207366,88657200
2008-07-23,19.129207611083984,19.42595267771658,18.709421806056458,18.716659658959603,79408800
2008-07-24,18.412673950195312,18.9410247077747,18.412673950195312,18.88312327379996,81092600
2008-07-25,18.93378448486328,18.9772102097863,18.45609736927334,18.557424520920023,58682300
2008-07-28,18.456098556518555,18.897597826486592,18.340295695621858,18.861408569657,59707800
2008-07-29,18.897602081298828,18.95550352478374,18.38372556245084,18.470578417917864,66368200
2008-07-30,18.98444366455078,19.17262360294649,18.745600162063646,18.962731497356504,51977700
2008-07-31,18.615324020385742,19.02063534596811,18.608086170234763,18.709414691869735,60461000
2008-08-01,18.412673950195312,18.781796109463937,18.14487895526272,18.760082554043752,82720200
2008-08-04,18.296873092651367,18.49228959098847,18.17383235937581,18.376486710314914,60588300
2008-08-05,18.969970703125,19.020635655005044,18.456095758365045,18.557422901167563,84297600
2008-08-06,19.55622100830078,19.657548134822182,19.093008328891756,19.346327525673814,95550000
2008-08-07,19.824020385742188,20.084577508689264,19.346333247325195,19.469373957552538,82565800
2008-08-08,20.3596134185791,20.431990566434607,19.679271817983455,19.795074702360555,80814100
2008-08-11,20.193143844604492,20.555028147842847,20.019439544707566,20.164193818194533,68743800
2008-08-12,20.352373123168945,20.526077417105416,19.961537426452622,20.106291694972523,62813000
2008-08-13,20.200374603271484,20.627398041588265,20.091809626516735,20.316177429207027,51165200
2008-08-14,20.200374603271484,20.46816950104654,19.94705540385802,20.135235341122918,49732300
2008-08-15,20.12800407409668,20.374085504801613,19.961537629937173,20.251044789449146,47267400
2008-08-18,20.041152954101562,20.30170871181222,19.939824411206093,20.10629223864899,38078200
2008-08-19,19.85221290588379,20.16467475446726,19.81588071297217,20.012077881057277,40332900
2008-08-20,19.830419540405273,20.04114881140406,19.743220313312356,20.012083326362884,41497200
2008-08-21,19.750486373901367,19.786818575490113,19.51795695737024,19.692354019768587,43614200
2008-08-22,20.230083465576172,20.259148956580503,19.779556574136734,19.78682329338406,47930400
2008-08-25,20.09927749633789,20.23007562009464,19.953945939722736,20.062945300176324,51381300
2008-08-26,19.815885543823242,20.14287951769758,19.743219754300725,20.04114824395685,44774400
2008-08-27,20.02661895751953,20.19375072383931,19.71415696803313,19.866755296240765,33975300
2008-08-28,20.302745819091797,20.353611459187178,20.055682950641597,20.062949668653044,48372600
2008-08-29,19.830419540405273,20.186480394564025,19.830419540405273,20.113814602984043,50735500
2008-09-02,19.69235610961914,20.171948428607468,19.663289236475705,20.10654935001953,66079200
2008-09-03,19.54702377319336,19.750487719512524,19.50342485111952,19.619689567306256,57127700
2008-09-04,19.147369384765625,19.539762566068045,19.147369384765625,19.43076453714988,66141900
2008-09-05,18.638702392578125,19.052895563482263,18.62416895844493,18.914832097170592,82305200
2008-09-08,18.98023223876953,19.132829147848994,18.653236882192623,19.045629924100272,62110800
2008-09-09,18.965702056884766,19.3290296771853,18.929368463263785,19.03836785814185,85735700
2008-09-10,19.212759017944336,19.517954180212186,19.074694176779616,19.270891363805617,75064900
2008-09-11,19.86675453186035,19.953952385208368,18.91483654789933,18.96570219334982,72913300
2008-09-12,20.070209503173828,20.157407317435418,19.576083935743945,19.72141408817468,75628500
2008-09-15,19.4888858795166,19.97574476000645,19.423486821989282,19.561551652989664,82349400
2008-09-16,18.885759353637695,19.249086778030843,18.544232073662425,18.95842511571315,111729700
2008-09-17,17.85391616821289,18.79856866064868,17.80305053130955,18.696836000857346,106972100
2008-09-18,18.35530662536621,18.420705690374596,17.44698781801031,18.021044583547297,132291300
2008-09-19,18.282636642456055,19.18368852598434,17.076389654346883,19.161889766646972,134926100
2008-09-22,18.45704460144043,19.1255675422478,18.398912232065225,19.05290173403254,105207700
2008-09-23,18.48611068725586,19.016568708330222,18.41344488215329,18.645974349693557,92181300
2008-09-24,18.689571380615234,18.958434416398816,18.5006408609266,18.587840095392437,80250300
2008-09-25,19.3362979888916,19.532493866668585,18.704107267653566,18.762239636251373,96203500
2008-09-26,19.910354614257812,20.0266193494605,18.9947687850479,19.016568942642767,100744300
2008-09-29,18.17363929748535,20.09927451399475,18.17363929748535,19.576083482583606,134383100
2008-09-30,19.39443016052246,19.39443016052246,18.558776850671364,18.725907235444588,107192700
2008-10-01,19.24182891845703,19.61242322820638,19.096498713408213,19.169163122940237,88957000
2008-10-02,19.07469367980957,19.27815757801526,18.67503398567399,19.02382805175425,93819800
2008-10-03,19.125566482543945,19.96121976575527,19.06743411638972,19.16190007763092,114289400
2008-10-06,18.100975036621094,18.885762342052846,17.541450381882285,18.624166111580813,146374600
2008-10-07,16.88019371032715,18.318970140715777,16.814794655674547,18.15183983926326,145941200
2008-10-08,16.7203311920166,17.65771539191103,16.34973698731924,16.640398701008042,171598600
2008-10-09,16.204410552978516,17.37432587913355,16.037280188094886,17.272594593723483,131948700
2008-10-10,15.623085975646973,16.240743140253215,15.005428811040728,15.833816637800462,228467500
2008-10-13,18.529708862304688,18.529708862304688,16.44420768640018,16.611339447134196,144935400
2008-10-14,17.51239013671875,18.696837471741077,17.14906254627224,18.631438394581924,165674900
2008-10-15,16.466012954711914,17.621395270987442,16.335214747437654,17.279867696648797,113280200
2008-10-16,17.57778549194336,17.57778549194336,15.485018237944224,16.669466708155237,161147800
2008-10-17,17.388870239257812,18.246324143449712,16.938343118314624,17.12727375703366,133673100
2008-10-20,17.962915420532227,17.984715574728835,16.720335737005463,17.58505578301765,93484300
2008-10-21,16.97466278076172,18.173643362146016,16.909263713960343,17.65771754471123,100385600
2008-10-22,15.644886016845703,16.756667519150067,15.187092492144728,16.742135469369895,150054800
2008-10-23,16.218948364257812,16.415145655596056,15.179830916783244,15.659423371619939,154774100
2008-10-24,15.957344055175781,16.611334701686676,15.223423682508226,15.30335479464939,153919700
2008-10-27,15.390557289123535,15.957347455565666,15.2742925685208,15.74661816921751,117683900
2008-10-28,16.78573226928711,16.86566338392281,15.5068191892859,15.724815154269878,134088800
2008-10-29,16.71308135986328,17.417936900867854,16.495085200868072,16.807545992498333,111701800
2008-10-30,16.444210052490234,17.352529245062243,16.26981293383462,17.214465725700567,95323000
2008-10-31,16.226205825805664,16.647665663385638,16.07360894360565,16.3715373777923,93055200
2008-11-03,16.43694496154785,16.6476742966268,16.13901498687466,16.335212268006355,61923500
2008-11-04,17.098190307617188,17.19265483484856,16.618598184168793,16.80752723863154,72123000
2008-11-05,16.0445499420166,16.96013584188529,16.022749782739343,16.952869122126202,81179700
2008-11-06,15.172562599182129,16.044549544898878,15.158030546008717,15.891952591690222,95509700
2008-11-07,15.623085975646973,15.652152847385961,15.259758394817974,15.492287824790976,71256300
2008-11-10,15.477755546569824,15.964614596734368,15.397824415278665,15.877416746964952,67106800
2008-11-11,15.405091285705566,15.477755699235198,15.107162755082573,15.470490366670111,78014500
2008-11-12,14.751100540161133,15.259759752988007,14.736568488982964,15.179827234576251,90162300
2008-11-13,15.441422462463379,15.441422462463379,13.61751780763777,14.642101493091852,148413700
2008-11-14,14.576708793640137,15.506828323133078,14.278780152549693,14.940036539944124,96624500
2008-11-17,14.038976669311523,14.707499433849437,13.915445243712629,14.344171874556759,97289000
2008-11-18,14.353559494018555,14.382821885406775,13.717086085678448,14.265769529105585,108966500
2008-11-19,13.380562782287598,14.594982195357657,13.3512989914308,14.360876054626335,103010500
2008-11-20,12.824559211730957,13.782925729714755,12.802611375609594,13.256190221167136,139532800
2008-11-21,14.397449493408203,14.41208138243423,13.153766833670685,13.18303061172274,157231900
2008-11-24,15.136348724365234,15.319243218488728,14.53645500690005,14.551085505945498,125289900
2008-11-25,14.624239921569824,15.311923438021081,14.302345301792272,15.260713215746588,92948100
2008-11-26,14.990028381347656,15.129028548737091,14.434029107163783,14.434029107163783,79678300
2008-11-28,14.792508125305176,14.858350263467655,14.646193348013123,14.799824073475945,28650800
2008-12-01,13.614665985107422,14.594980541751193,13.607350038222117,14.54376891355406,79639900
2008-12-02,14.009716987609863,14.12676934400445,13.578085900139515,13.892664631215276,79689800
2008-12-03,14.536449432373047,14.55839587021219,13.607345423634388,13.643923750282106,80961500
2008-12-04,13.980453491210938,14.57303117304414,13.746348796924936,14.192610347142361,78719200
2008-12-05,14.536449432373047,14.616922030072766,13.512239541752379,13.83413411867241,91996200
2008-12-08,15.370452880859375,15.546031421230724,14.73397945106081,14.887611545994616,107225000
2008-12-09,15.0704984664917,15.54602361566074,14.968076656169837,15.08513035301961,80484900
2008-12-10,15.07781982421875,15.333870953537923,14.851029687716053,15.231450501810254,61499000
2008-12-11,14.229190826416016,14.719348079132702,14.126768970746332,14.712032132629574,83564300
2008-12-12,14.16334342956543,14.521816302497276,13.680502303136937,14.009711400952582,78112600
2008-12-15,13.929241180419922,14.221872004509871,13.819503400434083,14.148713949643923,59925900
2008-12-16,14.712031364440918,14.76324159191476,13.899979484858441,14.053610167279967,97688700
2008-12-17,14.382824897766113,14.668139901585278,14.265772516949307,14.492561330360067,78922700
2008-12-18,14.119454383850098,14.646191419803603,13.89266560191137,14.529139055230436,80759200
2008-12-19,13.987761497497559,14.485232992790024,13.980445555532093,14.207234174968551,113530400
2008-12-22,14.03166389465332,14.112137907588728,13.819505640686904,14.07555817653897,58575400
2008-12-23,14.104825019836426,14.316981924432394,13.907298615458744,14.104825019836426,47511400
2008-12-24,14.024346351623535,14.229188636056545,13.97313612935876,14.090188464642221,16880400
2008-12-26,13.99508285522461,14.141398974996651,13.965820468494561,14.046294473906578,23101000
2008-12-29,13.870712280273438,14.053606702083206,13.636607643616726,14.009712431553497,58512800
2008-12-30,14.14871883392334,14.258455256417454,13.899982198737048,13.907298146286564,43224100
2008-12-31,14.221870422363281,14.397448897284596,14.097502161538973,14.126764543005685,46419000
2009-01-02,14.872979164123535,14.924189395629814,14.170665025681734,14.287717382088701,50084000
2009-01-05,15.011978149414062,15.121714550269987,14.675451605365312,14.777873455488345,61475200
2009-01-06,15.187554359436035,15.363132853170264,15.07781797527387,15.180238414442046,58083400
2009-01-07,14.27308464050293,14.843715890607214,14.251136801715585,14.770557823356807,72709900
2009-01-08,14.719348907470703,14.770559140500366,14.302348305570172,14.360874485514673,70255400
2009-01-09,14.280400276184082,14.851030118503791,14.199926264421439,14.755925609908521,49815300
2009-01-12,14.243816375732422,14.47792239638153,14.119448119133121,14.419394844689027,52163500
2009-01-13,14.499872207641602,14.624240493186793,14.280399419208418,14.280399419208418,65843500
2009-01-14,13.96582317352295,14.397454275541408,13.907296993353034,14.28771786214459,80257500
2009-01-15,14.075562477111816,14.119456772408697,13.548826747425798,13.951194144291918,96169800
2009-01-16,14.41939926147461,14.565715394776483,14.009716041753048,14.360873087228672,79634100
2009-01-20,13.519566535949707,14.353566739823941,13.439093872478184,14.236512929058813,89873000
2009-01-21,14.177976608276367,14.229188224433594,13.504925002179597,13.804873172462186,68340900
2009-01-22,12.517297744750977,13.300085838797235,12.488033960305787,13.204979934724411,222436600
2009-01-23,12.58314037322998,12.795297237540874,12.25392976177882,12.414876396613776,117020600
2009-01-26,12.897721290588379,13.029405571864155,12.605090329628037,12.648986020302955,92476500
2009-01-27,12.91966438293457,13.146453119824137,12.751401816705988,13.007454336613035,61695000
2009-01-28,13.197668075561523,13.395193079354257,12.992825728791129,13.02208812383014,64145500
2009-01-29,12.868453025817871,13.139136018044077,12.846505190485805,13.007453192173244,49192800
2009-01-30,12.50998306274414,13.014772232439077,12.50998306274414,12.978192498186294,62370900
2009-02-02,13.044034004211426,13.263506817795257,12.436824398230435,12.458772237738465,88871700
2009-02-03,13.534191131591797,13.614665147002055,12.875771301562152,13.058665776313392,86865100
2009-02-04,13.62929630279541,13.899980752465963,13.534191785295805,13.563455572449021,75618000
2009-02-05,13.929241180419922,14.002397839912032,13.351294081890167,13.541504466392091,75195200
2009-02-06,14.382824897766113,14.580351313659895,13.943877772015862,14.017035858869978,86746000
2009-02-09,14.221870422363281,14.4632909998018,14.090186217328876,14.368185120444203,52196400
2009-02-10,13.753664016723633,14.485241919642425,13.680507342731046,14.082874631186735,83953200
2009-02-11,14.053613662719727,14.258456018937894,13.841456753935189,13.856088649816714,58599000
2009-02-12,14.090190887451172,14.134085171886618,13.563455288103386,13.878032621160585,75323200
2009-02-13,13.96582317352295,14.243822180486502,13.929244834182079,14.097507427748813,47416000
2009-02-17,13.324986457824707,13.62698990549715,13.177667086058888,13.619623796414693,75853300
2009-02-18,13.347076416015625,13.59015224355352,13.258684567392402,13.420734650770743,54946900
2009-02-19,13.192399024963379,13.538597714860474,13.118739340639717,13.479670248389871,49195600
2009-02-20,13.258689880371094,13.398643111380807,13.008247848013221,13.08927362464116,69413800
2009-02-23,12.676782608032227,13.369181391041675,12.639953468433033,13.273424785118802,70803400
2009-02-24,12.64731502532959,12.77990212807263,12.05067446792703,12.544192347614388,122674500
2009-02-25,12.492632865905762,12.698879680132675,12.12433588653437,12.52946340680779,105894600
2009-02-26,12.09487247467041,12.581024359607131,12.09487247467041,12.558926035767666,83219500
2009-02-27,11.895992279052734,12.168532664856416,11.859163142701032,11.999116389732192,93428000
2009-03-02,11.630817413330078,11.969650628449633,11.579256066182756,11.756038429948436,80602100
2009-03-03,11.697111129760742,11.962284678909532,11.520328763661551,11.807600635425747,80476600
2009-03-04,11.873891830444336,12.080137180626691,11.704474903197983,11.873891830444336,69285100
2009-03-05,11.247787475585938,11.69710943320236,11.247787475585938,11.682377220262195,89708500
2009-03-06,11.255155563354492,11.505597623290107,10.953152150774747,11.306717618469365,92821400
2009-03-09,11.15939712524414,11.593987631677543,11.122567992810671,11.196226960148282,66479100
2009-03-10,12.139069557189941,12.242193679128698,11.233059216579674,11.321450417921836,95184200
2009-03-11,12.603120803833008,12.669414360523024,12.102236777704524,12.249554699839168,84522200
2009-03-12,12.529463768005371,12.551562093183636,12.139068452838501,12.529463768005371,93694100
2009-03-13,12.264287948608398,12.558925222685515,11.918089327185454,12.507363875339687,82965800
2009-03-16,11.969650268554688,12.49263123668587,11.96228416133493,12.389508545491845,67028900
2009-03-17,12.44843578338623,12.44843578338623,11.977016168991126,12.021211406605348,62481000
2009-03-18,12.492632865905762,12.684147463771865,12.227459996118565,12.544195623168601,70710700
2009-03-19,12.625219345092773,12.853564471956826,12.463169188396284,12.794637014527066,58994600
2009-03-20,12.566292762756348,13.000883318417939,12.433705623070912,12.757807363975143,81725500
2009-03-23,13.501769065856934,13.693283690081914,12.75044278734547,12.794639442510856,71600000
2009-03-24,13.207130432128906,13.413375849645336,13.140836860801043,13.288156220405524,50044100
2009-03-25,13.17029857635498,13.487034184459224,12.905125722429307,13.243958248811543,73927100
2009-03-26,13.870060920715332,13.906890048003113,13.347080007534869,13.38390913482265,63775100
2009-03-27,13.354449272155762,13.715381586621424,13.295521805395545,13.656454119861207,47670400
2009-03-30,12.875662803649902,13.08190962976262,12.720978737771535,13.067177412552805,49633000
2009-03-31,13.531230926513672,13.840600429064217,13.096640401384539,13.133469535402368,92423300
2009-04-01,14.223626136779785,14.26045667039744,13.391275746197593,13.428104874874046,96438900
2009-04-02,14.208894729614258,14.65084987487573,13.995281858455556,14.363578749467544,99082300
2009-04-03,13.811139106750488,14.105776460039488,13.575429224119288,14.091044241139608,81858400
2009-04-06,13.818497657775879,13.818497657775879,13.45756692180058,13.656447553340323,47476100
2009-04-07,13.818497657775879,14.098402639062922,13.72273969224595,13.818497657775879,65815200
2009-04-08,14.135232925415039,14.451968428411611,13.965815313503223,13.973181418798601,56408900
2009-04-09,14.488801002502441,14.51089932365441,14.15733320992923,14.326750862211796,55759600
2009-04-13,14.429877281188965,14.621391899189124,14.267827099008041,14.50353696579543,44444700
2009-04-14,14.253095626831055,14.400413598810145,13.99528741969052,14.319389205951241,63796300
2009-04-15,13.870060920715332,14.1794303667326,13.634351134214777,14.149965940949455,72725500
2009-04-16,14.555093765258789,14.569825978554661,13.987916197838457,14.113137200970982,67688700
2009-04-17,14.142597198486328,14.503527881554371,13.995277921546382,14.503527881554371,61398500
2009-04-20,13.708016395568848,13.958458497305172,13.67855195774494,13.91426184056931,62937200
2009-04-21,13.973182678222656,14.05420843883385,13.67854546455612,13.693277676474711,60928300
2009-04-22,13.833231925964355,14.135235268429343,13.77430447877463,13.818499712931633,59401000
2009-04-23,13.936355590820312,13.951087804892708,13.604887798897709,13.936355590820312,86116300
2009-04-24,15.402172088623047,15.615784907341608,14.36357522333128,14.599284950923623,168478500
2009-04-27,15.026511192321777,15.33588060238168,14.938120735128082,15.136999966284389,68219600
2009-04-28,14.68031120300293,14.930753148443465,14.577188544859478,14.916020938725588,76685200
2009-04-29,14.916025161743164,15.387444766656564,14.77607193968153,14.812902474403668,79301600
2009-04-30,14.923392295837402,15.542131272343536,14.739243824375848,15.173834329420425,87439900
2009-05-01,14.908655166625977,14.989680916941944,14.628750200443088,14.871826046450108,63224500
2009-05-04,14.87183666229248,15.026520763377082,14.717151156266,15.004423837474642,54313400
2009-05-05,14.577194213867188,14.908660631780213,14.466704002954785,14.835000959485743,66835500
2009-05-06,14.577194213867188,14.78343961036203,14.444607084725419,14.776073502638445,59639100
2009-05-07,14.23099136352539,14.724509243955525,14.0984042605828,14.702410925151389,68727200
2009-05-08,14.304656028747559,14.466706208548445,14.098409195866934,14.334119059192442,67597600
2009-05-11,14.23099136352539,14.532994695809686,14.002647688980439,14.142600898191075,63762600
2009-05-12,14.65085220336914,14.776073222412526,14.341482709552624,14.370947139888182,71966800
2009-05-13,14.547730445861816,14.731878932518294,14.4888029863294,14.67295147298588,49281700
2009-05-14,14.77607536315918,14.901296400344492,14.584560753055666,14.606659079008923,54539500
2009-05-15,14.893928527832031,15.100175330812274,14.71714615596671,14.82763496276486,61289900
2009-05-18,15.173824310302734,15.173824310302734,14.908650236908537,14.997042063020073,46073800
2009-05-19,15.055230140686035,15.373977246802033,15.010754227744945,15.203485068974707,51368300
2009-05-20,15.107122421264648,15.33691775443047,14.988519016859627,15.12936108978963,47450700
2009-05-21,14.692010879516602,14.995932287767275,14.462216954370419,14.92921769435965,58232800
2009-05-22,14.640117645263672,14.95145184921117,14.43256103801077,14.77354679179313,37318700
2009-05-26,15.077472686767578,15.159013059710615,14.41774105510597,14.48445564862952,44991700
2009-05-27,14.921805381774902,15.270204141681338,14.877329455737726,15.010758647713452,42892900
2009-05-28,15.159005165100098,15.292432868795657,14.862495386585318,15.062639062923772,45480800
2009-05-29,15.485164642333984,15.522229073933007,15.047814246509994,15.24054504923442,46134900
2009-06-01,15.863213539123535,15.937340989288277,15.462927570415555,15.566705152328083,57317100
2009-06-02,15.863213539123535,16.293151053442816,15.714960052657567,15.833563407375747,48935700
2009-06-03,16.107833862304688,16.130072522517338,15.781675329033906,15.79649968864543,56039600
2009-06-04,16.181962966918945,16.23385176551262,15.996645021162264,16.137487055819186,42330000
2009-06-05,16.411758422851562,16.537774694799023,16.167138767172826,16.27832926268791,59579200
2009-06-08,16.345048904418945,16.545192706643906,16.033714572246,16.293160084700837,49000600
2009-06-09,16.367280960083008,16.545186018861074,16.219026037502758,16.35245518505224,50887700
2009-06-10,16.715675354003906,16.767565557807483,16.39692972810572,16.433992745530503,61297200
2009-06-11,16.923242568969727,17.241989809159794,16.73051164667191,16.745337428509675,65124600
2009-06-12,17.293867111206055,17.33093012724611,16.856516735388933,16.975120083353225,50963500
2009-06-15,17.360586166381836,17.449539407319623,17.064077719695547,17.219744124006922,69089600
2009-06-16,17.38282585144043,17.872065170684863,17.37541296310474,17.397650214247925,105295600
2009-06-17,17.553321838378906,17.657099469798045,17.175272934669515,17.419892647203334,86483100
2009-06-18,17.419878005981445,17.560719968719958,17.271623159534276,17.508831196622346,58852200
2009-06-19,17.842411041259766,18.042554755835035,17.60520430422108,17.820173793327186,115459000
2009-06-22,17.25680923461914,17.753461432332237,17.23457057005389,17.753461432332237,71291600
2009-06-23,17.301284790039062,17.538491551679357,17.2049186594578,17.330934928312185,56752700
2009-06-24,17.39764976501465,17.60520639146288,17.316110823155288,17.38282540258994,54287700
2009-06-25,17.634857177734375,17.731221891694855,17.197506693273567,17.36799887159184,57724300
2009-06-26,17.30869483947754,17.56072733585342,17.28645617902193,17.47177410789457,65126400
2009-06-29,17.686742782592773,17.812759025070473,17.45694754322174,17.494011975634905,62854900
2009-06-30,17.620037078857422,17.968434435561672,17.5162580297758,17.768290641473083,66452400
2009-07-01,17.82017707824707,18.012906527220434,17.76087396919196,17.82758855301502,54908400
2009-07-02,17.323522567749023,17.820174729720126,17.2049177791337,17.612618116973003,65422200
2009-07-06,17.1975040435791,17.256805723155708,16.952884438592648,17.204915516395555,49207700
2009-07-07,16.70085334777832,17.153028162279124,16.648963136665667,17.10855225233196,52842500
2009-07-08,16.72308921813965,16.81945533126064,16.307977460481908,16.537771292452355,73023400
2009-07-09,16.63414764404297,16.908417551112198,16.582258819130654,16.78981411877992,46981200
2009-07-10,16.59708023071289,16.708272165844992,16.419175113911393,16.448826673643737,43229200
2009-07-13,17.219741821289062,17.264219142742103,16.41175552845239,16.61931212030909,67584000
2009-07-14,17.130794525146484,17.212333474926165,16.945476545130152,17.197509111061485,45448700
2009-07-15,17.879472732543945,17.879472732543945,17.464359592595063,17.605201601287128,67238700
2009-07-16,18.11668586730957,18.11668586730957,17.686748216277056,17.738637023733126,64555100
2009-07-17,18.005491256713867,18.124094622093434,17.864649230126766,18.087030186747544,52860100
2009-07-20,18.183401107788086,18.183401107788086,17.9017169802092,18.116686520406983,47798000
2009-07-21,18.405776977539062,18.405776977539062,18.064792660797583,18.30199938789837,52028400
2009-07-22,18.3835391998291,18.457666659075123,18.168571123265693,18.309413154446766,66192500
2009-07-23,18.946901321411133,19.065504661931442,18.413186289069742,18.479900844845332,106060500
2009-07-24,17.38282585144043,17.708984455027466,16.90841089500349,17.501429237083695,215135700
2009-07-27,17.130794525146484,17.38282709107782,16.975126686723492,17.375414202213488,80950000
2009-07-28,17.39764976501465,17.456951456305024,16.975125037837756,17.041839617272405,70288400
2009-07-29,17.642269134521484,17.723809488933007,17.301284768552975,17.590380332210085,73626900
2009-07-30,17.64968490600586,18.109274141594934,17.575557427509036,17.938781930757074,67820000
2009-07-31,17.434711456298828,17.842410342893444,17.419885682348283,17.62002938908977,54258200
2009-08-03,17.664508819580078,17.686747484940536,17.419889156070663,17.65709593112659,46902900
2009-08-04,17.620037078857422,17.63486285927826,17.44213195540009,17.55332248082789,49218300
2009-08-05,17.64968490600586,17.97584496307346,17.63486054139774,17.671923573714125,53310300
2009-08-06,17.390230178833008,17.775691730687626,17.24938959992956,17.73862871810531,59686000
2009-08-07,17.464365005493164,17.657095862947898,17.419889088807885,17.605207057837756,46169700
2009-08-10,17.360586166381836,17.456950881355954,17.27163292544405,17.390236304118567,35261900
2009-08-11,17.145620346069336,17.345764120822825,17.086318643979126,17.286462418732615,33615800
2009-08-12,17.442127227783203,17.716397021907802,17.07149130090704,17.145617355191188,61972300
2009-08-13,17.50884437561035,17.679336587650774,17.345763638994242,17.51625585103466,38954500
2009-08-14,17.56072425842285,17.642263171410278,17.42729514679917,17.508835473649942,46330200
2009-08-17,17.234575271606445,17.494020773521758,17.219749491185173,17.28646408921666,42474400
2009-08-18,17.577482223510742,17.629662817039364,17.34639612853489,17.361305275775795,38878900
2009-08-19,17.62965202331543,17.681832584896597,17.331476370127582,17.331476370127582,41821300
2009-08-20,17.644561767578125,17.793650310200576,17.547655210143134,17.592381204204383,39505900
2009-08-21,18.196184158325195,18.203638726432395,17.719103173972247,17.838373420060485,69011400
2009-08-24,18.36763572692871,18.43472542088369,18.099278372922342,18.196184918738673,54180900
2009-08-25,18.36763572692871,18.501815114838667,18.233456339018755,18.337818875067356,43980300
2009-08-26,18.300548553466797,18.449637098747832,18.203641994303744,18.3303668312485,41079000
2009-08-27,18.404911041259766,18.47200074422656,18.11418852113241,18.196187362939323,45495600
2009-08-28,18.39745330810547,19.00125910915889,18.345272752952066,18.688174356424987,55808000
2009-08-31,18.375093460083008,18.524182010507882,18.106736059857543,18.315458324275816,49592800
2009-09-01,17.89055633544922,18.442181651841263,17.816012066355448,18.151460566370588,62608500
2009-09-02,17.786190032958984,17.994912219471004,17.7265549194108,17.75637176527826,40771300
2009-09-03,17.972558975219727,17.994921265408397,17.711654689111445,17.823470405496714,34120000
2009-09-04,18.35272979736328,18.48690777651329,17.95019159447219,17.95764616361614,44999700
2009-09-08,18.501813888549805,18.516723024399088,18.19618371270679,18.352726795497347,53737100
2009-09-09,18.47199249267578,18.598717272580586,18.38999368749823,18.442174228315544,49900300
2009-09-10,18.63599967956543,18.673271110198986,18.375095399688725,18.48691111340333,46256000
2009-09-11,18.531633377075195,18.762719310658852,18.494360535004578,18.583813934160517,54303500
2009-09-14,18.63599967956543,18.70308939215698,18.367640829199225,18.375095399688725,42806800
2009-09-15,18.78508186340332,18.837262417287274,18.531632240126875,18.613629644024464,44716600
2009-09-16,18.78508186340332,18.896897539128,18.598721929924373,18.82235328137373,50055800
2009-09-17,18.859628677368164,18.919263811787612,18.68072327410983,18.68072327410983,42428800
2009-09-18,18.829809188842773,18.993805430117746,18.710538936676695,18.978896293143595,68016500
2009-09-21,18.859628677368164,18.911810664072217,18.71054155222643,18.71799612175558,28878700
2009-09-22,19.209980010986328,19.247251424546132,18.85216932228436,18.93416671647859,61376700
2009-09-23,19.165258407592773,19.567796620543103,19.113077844094853,19.32180151990025,60599900
2009-09-24,19.336711883544922,19.463436726559507,19.12798819451684,19.32180274393996,56302900
2009-09-25,19.045982360839844,19.24725140622308,19.023620081450563,19.150344877971865,50158900
2009-09-28,19.254709243774414,19.50070431153267,19.083258437539712,19.083258437539712,44358000
2009-09-29,19.195079803466797,19.351621519393305,19.150353802032644,19.314350088500504,39050300
2009-09-30,19.172704696655273,19.37397371620679,18.919255136141455,19.20252296109836,63533400
2009-10-01,18.546545028686523,18.986354705776805,18.486909890529223,18.941628707612292,75958100
2009-10-02,18.606182098388672,18.703090096588152,18.21109980026247,18.23346209075928,51219700
2009-10-05,18.36763572692871,18.68072049144743,18.278183749531102,18.621085365911178,60804900
2009-10-06,18.717994689941406,18.792537535903314,18.38254619585822,18.397455333776062,48795300
2009-10-07,18.71054458618164,18.770179730271053,18.546546873575267,18.628545729878454,38472700
2009-10-08,19.135433197021484,19.30688395131553,18.79998483269566,18.963982442727442,60521300
2009-10-09,19.045982360839844,19.2248891268338,18.97889267904543,19.06089149497489,39520000
2009-10-12,19.172704696655273,19.29942947691218,19.045979916398363,19.127978721803746,29145800
2009-10-13,19.239803314208984,19.33671129688735,19.02362648375083,19.07580704897129,37749000
2009-10-14,19.351619720458984,19.530526553192242,19.24725858620943,19.48579913410202,45365500
2009-10-15,19.910701751708984,19.910701751708984,19.306895748780374,19.306895748780374,65620100
2009-10-16,19.754148483276367,19.851055001181454,19.455972941476332,19.71687707373129,56500900
2009-10-19,19.649789810180664,19.81378602284017,19.567790992944257,19.746696339976438,48143200
2009-10-20,19.657249450683594,19.761610574600144,19.336710088009983,19.69452087442131,54604700
2009-10-21,19.81378936767578,19.940514187609768,19.672155410852252,19.724335968152094,61672700
2009-10-22,19.821243286132812,19.918149829109915,19.478340257985792,19.798879581531864,61600000
2009-10-23,20.887218475341797,21.87865311220095,20.782855961800195,21.76683745366153,281761000
2009-10-26,21.37921714782715,21.63266683454696,20.954316620624468,20.969224338456247,124149700
2009-10-27,21.312124252319336,21.5283010575788,21.200308565335916,21.41648537059538,69685800
2009-10-28,20.887218475341797,21.446298189852147,20.835037929477615,21.0512146797454,73542400
2009-10-29,21.03631591796875,21.177949913584314,20.760503919038065,20.924500204299175,65225500
2009-10-30,20.671051025390625,21.170495886289128,20.61887045246024,20.894683880281672,73371800
2009-11-02,20.782869338989258,20.909594212719064,20.43251300423704,20.648691315464305,62428900
2009-11-03,20.521961212158203,20.678502910619805,20.44741693687534,20.60395863533694,50294800
2009-11-04,20.917041778564453,21.163036872023405,20.58904926849497,20.64122983046904,63898400
2009-11-05,21.222671508789062,21.423940604698497,21.081038964390846,21.259944353483576,52681700
2009-11-06,21.259946823120117,21.34194424734589,21.021406276620034,21.155584267665976,38908500
2009-11-09,21.61029815673828,21.617752724847225,21.26739655460773,21.334486245774748,57518000
2009-11-10,21.625207901000977,21.826476980161196,21.476119378257067,21.54320907131047,65881100
2009-11-11,21.707210540771484,21.84138852861588,21.632666266315415,21.677392262263545,49693400
2009-11-12,21.886117935180664,21.98302450550986,21.617759091478412,21.625213661782798,55352400
2009-11-13,22.08738136291504,22.2066530428419,21.893568259841256,21.968111104801807,53037600
2009-11-16,22.02029037475586,22.214103453959282,21.893565563391498,22.072470928527046,54129500
2009-11-17,22.462045669555664,22.462045669555664,22.065215681944757,22.087678241729737,75648900
2009-11-18,22.54441261291504,22.566873750232986,22.319791243044257,22.462051301152542,59431200
2009-11-19,22.29732894897461,22.462050135855353,22.237430205736278,22.454562614438228,51967700
2009-11-20,22.177532196044922,22.289842164819238,22.035272140611458,22.20748085460533,42647100
2009-11-23,22.41712188720703,22.469533098394447,22.23742569395087,22.3422481163257,41832700
2009-11-24,22.39466094970703,22.454559685131283,22.274863478858528,22.424611031468405,37341400
2009-11-25,22.3048095703125,22.357220775920094,22.147574525391466,22.319783180415925,32033500
2009-11-27,21.87802505493164,22.00530999729642,21.526120298086873,21.79566521794122,29357900
2009-11-30,22.020288467407227,22.050238542328767,21.71330733995231,21.825617264711735,44172000
2009-12-01,22.46953010559082,22.49947875309534,22.020288968237377,22.102650248046665,49904200
2009-12-02,22.29732894897461,22.454562614438228,22.19999259865064,22.387176349782766,36308600
2009-12-03,22.33476448059082,22.611797052600032,22.282353260288748,22.34225200179092,43095200
2009-12-04,22.44707489013672,22.73908251037068,22.334764926092276,22.499486111484213,58810700
2009-12-07,22.3048095703125,22.52194191184372,22.222448288301564,22.297322051211665,38082700
2009-12-08,22.140085220336914,22.267370178587033,21.997825225093106,22.102649055950817,37402200
2009-12-09,22.244909286499023,22.31978304896817,21.90049197847848,22.065213113432012,44713300
2009-12-10,22.364713668823242,22.432098500725516,22.2074785861217,22.244914762522807,45940200
2009-12-11,22.3497371673584,22.462047117325326,22.304813472991327,22.43958455609254,43744200
2009-12-14,22.54441261291504,22.581848793844124,22.387177511195617,22.394665033001186,34651200
2009-12-15,22.477012634277344,22.619271177512267,22.372188821038375,22.379676338276724,49473200
2009-12-16,22.536922454833984,22.76902989126061,22.49199875735432,22.514459892044854,55737800
2009-12-17,22.162546157836914,22.43208966355452,22.14008360398627,22.42460357370233,43691200
2009-12-18,22.73159408569336,22.798980347061907,22.312301475378266,22.342251559585893,94118000
2009-12-21,22.85139274597168,23.09098771960672,22.73908278059259,22.76154391680919,40129100
2009-12-22,23.076007843017578,23.158369133489483,22.866362999050395,22.911286690172165,36321000
2009-12-23,23.1508846282959,23.173347190831024,22.978675933155678,22.993649546747182,28362700
2009-12-24,23.210777282714844,23.210777282714844,23.031081113833352,23.120928484224994,11083900
2009-12-28,23.33806037902832,23.345547897311192,23.128414151402158,23.210775424415665,25384000
2009-12-29,23.502788543701172,23.58514984140873,23.38299107145301,23.472839889688387,29716200
2009-12-30,23.180830001831055,23.42791387044164,23.06103254146746,23.323090021549714,42006200
2009-12-31,22.821441650390625,23.203296658261756,22.821441650390625,23.19580913715464,31929700
2010-01-04,23.173343658447266,23.285653597805982,22.903798661507654,22.92626122061874,38409100
2010-01-05,23.180830001831055,23.28565385072298,22.941235081103866,23.098470140392568,49749600
2010-01-06,23.038576126098633,23.2706835745521,22.85139237745259,23.120936004395798,58182400
2010-01-07,22.798980712890625,22.98616445789597,22.604309446713227,22.933751809691614,50559700
2010-01-08,22.95621109008789,23.12093224801922,22.641742386329216,22.67169246673406,51197400
2010-01-11,22.664203643798828,23.031083539077738,22.551893704933587,22.993645940723756,68754700
2010-01-12,22.51445198059082,22.76153437205348,22.39465454400881,22.574350698881826,65912100
2010-01-13,22.724105834960938,22.85139083255895,22.469535839764912,22.656719575756192,51863500
2010-01-14,23.180830001831055,23.28565385072298,22.656716469764923,22.694152640591657,63228100
2010-01-15,23.105960845947266,23.39047949651465,22.993649461785214,23.2706820196338,79913200
2010-01-19,23.285655975341797,23.390478405699508,22.971187256170165,23.02359847134902,46575700
2010-01-20,22.903791427612305,23.165848822080452,22.694145226418208,23.068512524773297,54849500
2010-01-21,22.46953010559082,23.001131094655346,22.46204258669014,22.918771242944263,73086700
2010-01-22,21.683368682861328,22.611801500940334,21.593521266982023,22.462053903676257,102004600
2010-01-25,21.95290184020996,22.20747176016586,21.788180715337734,21.89300311952023,63373000
2010-01-26,22.08767318725586,22.34973061238529,21.78069208093506,21.86305335320096,66639900
2010-01-27,22.2149715423584,22.32728152713919,21.72829398957568,21.975376527332994,63949500
2010-01-28,21.83311653137207,22.364719222487988,21.63095770116888,22.342256654210207,117513700
2010-01-29,21.09935188293457,22.402150571701963,20.71000935210331,22.38717552941646,193888500
2010-02-01,21.271556854248047,21.323968064956624,20.904676951189618,21.256581814588916,85931100
2010-02-02,21.30899429321289,21.338944374313225,21.069399356804077,21.241609466934072,54413700
2010-02-03,21.436275482177734,21.556074357246622,21.054422012520096,21.15924442159488,61397900
2010-02-04,20.844785690307617,21.338950751354226,20.822323122769536,21.249101909300798,77850000
2010-02-05,20.979549407958984,21.174220627045127,20.642618177214064,20.96457436923737,80960100
2010-02-08,20.754926681518555,21.024471647544182,20.642616755040606,20.97206044372769,52820600
2010-02-09,20.972063064575195,21.21914550494348,20.777391834573155,20.942112985452553,59195800
2010-02-10,20.957096099853516,21.144279882197434,20.844786116066945,20.987046190516025,48591300
2010-02-11,21.054424285888672,21.264069126674816,20.739955596611086,20.912164266713525,65993700
2010-02-12,20.91216468811035,21.009499590708383,20.650107203748632,20.822315877321213,81117200
2010-02-16,21.325891494750977,21.34093655952608,21.07765366506716,21.160398651777534,51935600
2010-02-17,21.506433486938477,21.55156725807016,21.333419501953095,21.461299715806792,45882900
2010-02-18,21.792282104492188,21.83741730933881,21.44625414266151,21.506432981013656,42856500
2010-02-19,21.641836166381836,21.75467131124107,21.581657326805132,21.65688123497019,44451800
2010-02-22,21.61174964904785,21.769720026131267,21.551570799391538,21.69449610536664,36707100
2010-02-23,21.310850143432617,21.68696821969142,21.130313639001585,21.574133083769098,52266200
2010-02-24,21.536521911621094,21.656881024380855,21.34846286042547,21.453776904743172,43165900
2010-02-25,21.513957977294922,21.551569217528133,21.077660990616174,21.265720061335923,48735300
2010-02-26,21.566606521606445,21.70200923333176,21.446248874467575,21.551561457020007,40370600
2010-03-01,21.829891204833984,21.852457368789832,21.461295700865225,21.641832186394222,43805400
2010-03-02,21.40864372253418,22.04052230904615,21.243152258362695,21.875030844874665,93123900
2010-03-03,21.40864372253418,21.52148031173597,21.325898707836856,21.44625639719372,48442100
2010-03-04,21.536521911621094,21.55156698006315,21.26571785354755,21.408641699417004,42890600
2010-03-05,21.506433486938477,21.57413486102436,21.37855327308478,21.559089792388225,56001800
2010-03-08,21.536521911621094,21.76219363392186,21.438731836301116,21.453776904743172,39414500
2010-03-09,21.664400100708008,21.897594335453096,21.476341067074166,21.483863600592706,50271600
2010-03-10,21.792282104492188,21.897596147690958,21.664401893646787,21.70953709849341,44891400
2010-03-11,21.95025634765625,21.95777888313246,21.70201841604903,21.732107123176938,35349700
2010-03-12,22.017946243286133,22.100691220794573,21.844932321942082,22.05555746626486,31700200
2010-03-15,22.03299903869629,22.09317787744726,21.82237238567955,21.950252597372447,37512000
2010-03-16,22.093177795410156,22.183445335813083,21.965297584192108,22.130789031448597,36723500
2010-03-17,22.28875160217285,22.469289501159164,22.11573766998527,22.190961555433518,50385700
2010-03-18,22.27371597290039,22.35646098531414,22.19096952570985,22.288759607572207,43845200
2010-03-19,22.258668899536133,22.49186171588835,22.078132386736673,22.38654910878283,81332100
2010-03-22,22.266189575195312,22.341413474610892,22.10821924294494,22.190965675779733,37718200
2010-03-23,22.476821899414062,22.491866971023406,22.123271325256525,22.258674100186603,42026600
2010-03-24,22.303796768188477,22.45424453977281,22.266185542680535,22.356453057810107,33987700
2010-03-25,22.57460594177246,22.99585776365968,22.416635611829424,22.439203211757437,73168700
2010-03-26,22.311321258544922,22.717529416610375,22.258664964301566,22.634782991498582,55595500
2010-03-29,22.258668899536133,22.43168287828853,22.22857876334789,22.34893643854753,33336000
2010-03-30,22.394071578979492,22.46177295043334,22.19096746461795,22.288757537397583,34954800
2010-03-31,22.03299903869629,22.35645940024732,21.94273006318149,22.29628056149635,63760000
2010-04-01,21.935211181640625,22.221061789390074,21.529004311124204,22.078136485515348,74768100
2010-04-05,22.017946243286133,22.13830387854949,21.837409790391096,21.912632236348554,34331200
2010-04-06,22.055564880371094,22.25114646211398,21.799804460767064,21.92768467056908,47366800
2010-04-07,22.0781307220459,22.236099620793322,21.920160388521918,21.93520545548164,58318800
2010-04-08,22.506906509399414,22.552040278354482,22.04051944760821,22.055564515518782,63713800
2010-04-09,22.822843551635742,22.875499849447234,22.491859263536565,22.52947192967085,54752500
2010-04-12,22.80780029296875,22.93568049840832,22.7250538556912,22.755143990983626,37068800
2010-04-13,22.905590057373047,22.943201288854006,22.66487329765477,22.679918364157757,41374600
2010-04-14,23.18391227722168,23.319314980868338,23.063554637263813,23.16134611646473,68941200
2010-04-15,23.22152328491211,23.28170210061108,23.101164218738024,23.18391062836516,52745400
2010-04-16,23.071081161499023,23.304273949923765,23.018424864252452,23.161350124476353,88703100
2010-04-19,23.34941291809082,23.50738183533142,23.13878626032663,23.146308794687144,64970300
2010-04-20,23.590124130249023,23.65030295977409,23.41710873993505,23.484810102497807,52199500
2010-04-21,23.56756019592285,23.695440407896218,23.492336288624987,23.56756019592285,55343100
2010-04-22,23.61269760131836,23.718011661658046,23.24410197707174,23.349416037411427,84847600
2010-04-23,23.289226531982422,23.755613496514588,23.056033767104513,23.409585615391002,126766600
2010-04-26,23.40206527709961,23.529945470107997,23.21400625413295,23.319318847865805,63649300
2010-04-27,23.20648193359375,23.507376060209154,23.131258043245808,23.281705823941692,68730900
2010-04-28,23.251615524291992,23.319316881633682,23.03346782212816,23.259138056749553,64557900
2010-04-29,23.319318771362305,23.64278051936802,23.071080919251767,23.266662474668628,52665200
2010-04-30,22.973295211791992,23.37950203094952,22.958250142807,23.371979496457026,63214800
2010-05-03,23.214004516601562,23.36445086284833,23.003377910124435,23.071079268107212,43989500
2010-05-04,22.664878845214844,22.9808181452258,22.379029685574867,22.95825197472443,82085600
2010-05-05,22.454248428344727,22.634784924645025,22.333890764144527,22.394069596244627,66833800
2010-05-06,21.799802780151367,22.476815012590396,20.994910347769014,22.258667280202697,128613000
2010-05-07,21.220579147338867,21.777235109646632,20.551089494660594,21.762190043686648,173718100
2010-05-10,21.769716262817383,22.175923069082604,21.59670084453469,21.82237256781688,86653300
2010-05-11,21.72458267211914,22.303804939721605,21.491389832026297,21.574136280191453,63789400
2010-05-12,22.145830154418945,22.25114274438612,21.754667056288824,21.79980081844955,47146800
2010-05-13,21.995389938354492,22.363985564887095,21.950256160658665,22.010435009178742,45188800
2010-05-14,21.762195587158203,21.9728208251446,21.54404637949878,21.965299725025222,63334000
2010-05-17,21.769716262817383,21.98786401706913,21.401120693044174,21.905119009831356,46053300
2010-05-18,21.611034393310547,21.91328633030596,21.45990770418738,21.815054991251547,52690600
2010-05-19,21.339008331298828,21.679042683539745,20.998975420308927,21.550585421721067,61746700
2010-05-20,20.48514175415039,21.03675163118839,20.432247853783828,20.893181443585796,87991100
2010-05-21,20.28112030029297,20.485140856697893,19.97886842483232,20.122437164894485,117596300
2010-05-24,19.85041618347168,20.296238352223117,19.84285970453086,20.288681873282297,73711700
2010-05-25,19.699281692504883,19.895745743475928,19.177896381899053,19.381916908820955,98373600
2010-05-26,18.8983211517334,20.107330379050097,18.55828681112056,19.82018994892126,176684100
2010-05-27,19.64639663696289,19.91842412852118,19.442376018294173,19.442376018294173,136433600
2010-05-28,19.49526596069336,19.737068926844085,19.389478153862324,19.52549187193124,67496900
2010-06-01,19.56327247619629,19.880637332367236,19.283690008409234,19.291246486086013,76152400
2010-06-02,19.993982315063477,20.00909527094618,19.442372396601968,19.69173040366339,65718800
2010-06-03,20.296234130859375,20.34912803119285,19.956199855500326,20.06198765616728,67837000
2010-06-04,19.487709045410156,20.077099845220516,19.35925181753471,19.721954069918105,89832200
2010-06-07,19.10988998413086,19.517929575442192,19.07210760634718,19.510373099885456,80456200
2010-06-08,18.9738826751709,19.087226964065124,18.626291889144344,19.079670485972063,87355000
2010-06-09,18.73208236694336,19.283692332574173,18.70185645259327,19.057002298701274,87794000
2010-06-10,18.890766143798828,19.004110452411407,18.72452792058379,18.98899749359611,78930900
2010-06-11,19.389482498168945,19.434819933933063,18.71697167620533,18.920992299020504,68057700
2010-06-14,19.26857566833496,19.616164968983046,19.245906236933745,19.540603080146955,50972400
2010-06-15,20.084651947021484,20.137545833815224,19.449922422995947,19.457478898430814,81641500
2010-06-16,19.888195037841797,20.0846591458145,19.820188175803136,20.001539327489283,48698000
2010-06-17,19.92597198486328,20.15266050222787,19.676614039262056,20.06954070661065,47995500
2010-06-18,19.978870391845703,20.04687725067627,19.774849815353996,19.925976488588763,52075600
2010-06-21,19.608606338500977,20.318897763855837,19.56326748400995,20.235779413123048,54625300
2010-06-22,19.472604751586914,19.986433891611522,19.465048271145225,19.767300282556384,55985400
2010-06-23,19.125003814697266,19.480151002707093,19.056996967684768,19.480151002707093,61466200
2010-06-24,18.890766143798828,19.434819689889846,18.837872229196364,19.238355549044208,85243400
2010-06-25,18.535619735717773,18.97388544022766,18.3693800759461,18.928546565062092,156256700
2010-06-28,18.36937713623047,18.596067152027196,18.22580837826843,18.520503813428288,73784800
2010-06-29,17.613744735717773,18.286256791441684,17.462619516047162,18.233361451243784,119882100
2010-06-30,17.38705062866211,17.893322907317206,17.341713221375887,17.606182631587345,81050500
2010-07-01,17.500396728515625,17.621297454969074,17.175475485703103,17.447502840848532,92239400
2010-07-02,17.58351707458496,17.742198742605307,17.41727748951558,17.651523915522365,62485100
2010-07-06,17.999116897583008,18.203137462820262,17.81776576445568,17.908442051644688,73592000
2010-07-07,18.3618221282959,18.376935085475786,17.840438076848027,17.999119803484096,79965300
2010-07-08,18.4449405670166,18.603623722992488,18.11246274027017,18.58851076694701,50758100
2010-07-09,18.339149475097656,18.44493726598185,18.248473196303667,18.384486893869372,53806100
2010-07-12,18.76230239868164,18.8076398182237,18.45249405618483,18.4600505329836,49854200
2010-07-13,18.988994598388672,19.11745184623097,18.81519992226405,18.996551076644202,61928700
2010-07-14,19.22324562072754,19.35170289877539,18.98144402469657,19.268583059670544,72808100
2010-07-15,19.27613067626953,19.33658104748135,18.875646066209644,19.268574199711736,56934700
2010-07-16,18.807641983032227,19.37436483691629,18.800085505363683,19.276133509726712,65064800
2010-07-19,19.064556121826172,19.11745002332042,18.822754605709186,18.860535552133445,38181800
2010-07-20,19.253463745117188,19.253463745117188,18.664072909629365,18.78497366774229,45530700
2010-07-21,18.981435775756836,19.381918954672212,18.875646542528703,19.34413801218039,73297300
2010-07-22,19.52548599243164,19.63883024294201,19.245902162672408,19.276128064808688,73016400
2010-07-23,19.502824783325195,19.661507953900983,19.079672063874675,19.52549421947915,108520100
2010-07-26,19.72195053100586,19.797513847005956,19.495260583005567,19.54059943735585,67249900
2010-07-27,19.767292022705078,19.82774239972785,19.616165359522814,19.75217906813672,60672100
2010-07-28,19.608606338500977,19.789957432713944,19.517930070769303,19.69928116498227,69704800
2010-07-29,19.66905975341797,19.956198670137304,19.344138452097006,19.74462164012001,69446200
2010-07-30,19.502824783325195,19.52549421947915,19.155235409803577,19.457487352268235,83534800
2010-08-02,19.895748138427734,19.933529081479488,19.457482569274678,19.63883369017416,55044600
2010-08-03,19.767292022705078,19.910862208603163,19.623721836806993,19.797517931841803,56877700
2010-08-04,19.442378997802734,19.827750856150814,19.223246828105566,19.75974397283931,78531900
2010-08-05,19.170347213745117,19.329028933521958,19.049445002783084,19.261022070403065,64922100
2010-08-06,19.306360244750977,19.31391672330627,18.90587697007668,19.02677774445959,55982100
2010-08-09,19.351696014404297,19.44237086003271,19.170344881896785,19.306357150339405,57096500
2010-08-10,18.94365882873535,19.147679435745307,18.80008861181157,19.14012295682816,87257700
2010-08-11,18.784975051879883,18.815199523009788,18.558285032776855,18.648961328668232,76746900
2010-08-12,18.505388259887695,18.648958438947833,18.407156942373245,18.45249436266833,70240500
2010-08-13,18.4373836517334,18.641404229756354,18.316482888738488,18.399602703766533,45263500
2010-08-16,18.5129451751709,18.596064982055545,18.361818515608025,18.40715737822727,40909700
2010-08-17,18.771230697631836,18.961146029411708,18.68766893692721,18.771230697631836,52912600
2010-08-18,18.85479736328125,18.95355416531433,18.543336277987862,18.748445221651096,46818900
2010-08-19,18.566129684448242,18.79402758210745,18.391406417374053,18.702869002619565,54064600
2010-08-20,18.406597137451172,18.5357396457795,18.38380822058923,18.467369997315135,49560100
2010-08-23,18.444576263427734,18.71805333692406,18.414189116962092,18.566121951412523,51643000
2010-08-24,18.26226043701172,18.497755061253507,18.231873286044205,18.300242926782,66522500
2010-08-25,18.30784034729004,18.398998905465035,18.133118570005333,18.23187391618477,47404800
2010-08-26,18.095129013061523,18.376204286220496,18.072340105061276,18.300237878696013,49105300
2010-08-27,18.178695678710938,18.24706531364901,17.85963786531293,18.140711743223683,60939400
2010-08-30,17.958391189575195,18.09513044414578,17.92800549352552,18.034357603107612,45453100
2010-08-31,17.82924461364746,18.02675666375225,17.715295744070445,17.9280013631691,66074600
2010-09-01,18.155908584594727,18.19389252691723,17.882431444568905,17.98118679672893,65235900
2010-09-02,18.186298370361328,18.19389515992523,18.011575108270456,18.140717632977907,48837100
2010-09-03,18.452173233032227,18.57371892222237,18.38380360174541,18.41418929957349,64189100
2010-09-07,18.20148468017578,18.45976964699769,18.1710989805762,18.307838251121797,51928700
2010-09-08,18.178695678710938,18.38380458352515,18.034359621737345,18.28504780019728,65512400
2010-09-09,18.239471435546875,18.39140285491033,18.224277858928765,18.376210727231435,46028900
2010-09-10,18.11792755126953,18.25466685677139,18.0723482657487,18.216682911387895,58284300
2010-09-13,19.075096130371094,19.21183539923868,18.300241239414078,18.383804447930707,114680400
2010-09-14,19.01432228088379,19.257413657641862,18.907968716847957,19.02191906752484,87160400
2010-09-15,19.082693099975586,19.158658073238577,18.930760255571627,19.067499525747394,56201900
2010-09-16,19.24222183227539,19.27260898159989,19.029516133820973,19.037112921152097,44548300
2010-09-17,19.15865707397461,19.394153115411804,19.05230495780227,19.29539633701842,70341600
2010-09-20,19.318191528320312,19.386561176940294,19.07510008831116,19.204242596933433,49838700
2010-09-21,19.10548210144043,19.310591007660207,19.052306040332855,19.310591007660207,52675700
2010-09-22,18.695261001586914,18.968738024990223,18.505345717780266,18.90796519212964,94299400
2010-09-23,18.558521270751953,18.680066933233405,18.50534522453364,18.61929410199268,46201800
2010-09-24,18.824405670166016,18.83959779346692,18.672472845646606,18.718052113426907,51948800
2010-09-27,18.786415100097656,18.98392712259294,18.68006302988415,18.877575052379434,43603300
2010-09-28,18.748443603515625,18.915568590073015,18.497755399209975,18.839602160205423,56041200
2010-09-29,18.61170196533203,18.733247658170104,18.5357355450735,18.71045729741086,44318900
2010-09-30,18.604108810424805,18.86239382036449,18.505353459066328,18.695268822319672,61262700
2010-10-01,18.520544052124023,18.854795469453272,18.459771198876805,18.81681297952593,62672300
2010-10-04,18.16349983215332,18.224272672390896,18.064744510119315,18.201482313949754,98143400
2010-10-05,18.49775505065918,18.573721479095344,18.163503634903524,18.277452553088214,78152900
2010-10-06,18.558521270751953,18.642084457059923,18.330622066895288,18.474958084443983,50489700
2010-10-07,18.634492874145508,18.80161784447839,18.444577542383097,18.702862509495095,50096100
2010-10-08,18.664880752563477,18.725653607864007,18.512949338781723,18.702864692713284,41327800
2010-10-11,18.68006706237793,18.794015940624753,18.611697445642115,18.794015940624753,27587800
2010-10-12,18.862388610839844,18.93835502494818,18.558524403345334,18.725649355232605,50141500
2010-10-13,19.249820709228516,19.4017535744657,18.907972486914442,19.00672928400037,75336500
2010-10-14,19.16625213623047,19.24981533366961,18.991530404256615,19.211832852436608,51949100
2010-10-15,19.401752471923828,19.409347810708798,19.166256399294788,19.26501319076867,68954800
2010-10-18,19.614459991455078,19.71321679933776,19.33338604365834,19.43973819158799,48330500
2010-10-19,19.067506790161133,19.27261577356801,18.95355783791494,19.196649322424033,66150900
2010-10-20,19.227031707763672,19.295401357073207,19.067503492000956,19.189049213231396,56283600
2010-10-21,19.310588836669922,19.401748823276392,19.029513539493895,19.295395264079037,50032400
2010-10-22,19.28020668029785,19.401753843536774,19.1966449073038,19.386560267014506,25837900
2010-10-25,19.1358642578125,19.25740992261744,19.120670687477226,19.17384673471206,50912400
2010-10-26,19.67522621154785,19.728402267559083,19.037110641535374,19.08269136006402,69304200
2010-10-27,19.78917694091797,19.834757663663815,19.462523788206674,19.591666271441927,64805500
2010-10-28,19.963905334472656,20.039870327577077,19.690426722690766,19.910727810784447,80730300
2010-10-29,20.26017189025879,20.662792999470472,20.11583580221093,20.624809055805617,114193200
2010-11-01,20.47287368774414,20.677981148302084,20.28295835278896,20.419696176847914,61912100
2010-11-02,20.807119369506836,20.82990972664851,20.526045542786495,20.556431236703336,54402100
2010-11-03,20.533645629882812,20.883089135272684,20.480468121335743,20.8602987744668,110255300
2010-11-04,20.617198944091797,20.837501328169097,20.51844365225814,20.822307760521344,93599300
2010-11-05,20.39690589904785,20.655190853218027,20.153814518402726,20.639997279692977,110953700
2010-11-08,20.366525650024414,21.931429478594566,20.19180384212581,20.267770286541545,71670800
2010-11-09,20.47287368774414,20.594419386200336,20.29055369112083,20.366520114890708,58538600
2010-11-10,20.465274810791016,20.571626923845955,20.366518035292394,20.518450867318485,52277300
2010-11-11,20.26776695251465,20.29815265591888,19.96390267377648,20.26776695251465,62073100
2010-11-12,19.95630645751953,20.146221818290126,19.82716395423796,20.108237876772478,64962200
2010-11-15,19.90312385559082,20.131021634137635,19.880333498160642,20.00187917324411,51794600
2010-11-16,19.727336883544922,19.903133713205975,19.605044324206457,19.903133713205975,65339200
2010-11-17,19.54389190673828,19.80376387817977,19.52860497716129,19.796120413391275,58299700
2010-11-18,19.750259399414062,19.933698165180054,19.574464097785203,19.65089582347308,59514000
2010-11-19,19.6356143951416,19.7426199994057,19.566824661588388,19.719689602273956,52423200
2010-11-22,19.666183471679688,19.673826936096628,19.44452883495551,19.605037214185938,53350500
2010-11-23,19.1999454498291,19.566823026221797,19.177015054613847,19.543892631006543,69742500
2010-11-24,19.391033172607422,19.459821461972084,19.230523276510386,19.261097145421175,56825900
2010-11-26,19.29930877685547,19.421601309903235,19.238162510331588,19.268734914672535,21356500
2010-11-29,19.345170974731445,19.42924765033309,19.05472653022736,19.253452290295293,56603600
2010-11-30,19.306949615478516,19.46745799657403,19.108223911854218,19.146439776541207,75282100
2010-12-01,19.903125762939453,20.063634136265552,19.53624677363089,19.543890237766664,74123500
2010-12-02,20.55280303955078,20.621592755119927,20.02541716397618,20.05598956098378,91759200
2010-12-03,20.65216636657715,20.682738763224442,20.46872761316852,20.491656546193585,52622000
2010-12-06,20.514591217041016,20.62159681439367,20.453444953147798,20.583380946151127,36264200
2010-12-07,20.537519454956055,20.736243698348986,20.522232526128363,20.698027834121525,57860500
2010-12-08,20.812681198120117,20.82032466411809,20.484019449417683,20.5069498474116,41666800
2010-12-09,20.698026657104492,20.89675234703843,20.64452386709183,20.850893021004964,47148300
2010-12-10,20.896760940551758,20.942620285444264,20.7209655702619,20.782111849399342,37625800
2010-12-13,20.827959060668945,20.98082539837924,20.766812817153117,20.843245986008263,47943900
2010-12-14,21.110767364501953,21.210129491842146,20.835608461341632,20.87382432773974,64070500
2010-12-15,21.286558151245117,21.3935637206552,21.04197315954118,21.04197315954118,69634200
2010-12-16,21.393573760986328,21.393573760986328,21.141345187686724,21.217778397925866,57680200
2010-12-17,21.324779510498047,21.470002433474882,21.21013044829188,21.340066440883383,87456500
2010-12-20,21.25598907470703,21.393568527915797,21.156626946190634,21.36299612600378,52811000
2010-12-21,21.454715728759766,21.508218527829282,21.21777413666251,21.286563866278154,38153000
2010-12-22,21.54643440246582,21.706942788859834,21.385924558229966,21.408854952504186,42252300
2010-12-23,21.63050651550293,21.64579344283979,21.370634582142827,21.378278045811257,24902500
2010-12-27,21.454715728759766,21.554079319467668,21.30949280425541,21.49293305512509,21652800
2010-12-28,21.408857345581055,21.531149879696372,21.370640017518767,21.378283483131227,23042200
2010-12-29,21.378278732299805,21.492929233166226,21.309489014916625,21.355349798399864,19502500
2010-12-30,21.286558151245117,21.401207183876142,21.23305536654007,21.34006093595016,20786100
2010-12-31,21.332416534423828,21.340059997308572,21.118403947175445,21.24833990053313,24752000
2011-01-03,21.385927200317383,21.538793598680776,21.340067863945173,21.439430002391966,53443800
2011-01-04,21.47000503540039,21.531151306510054,21.286566222071396,21.35535595930003,54405600
2011-01-05,21.401206970214844,21.408850433359476,21.225411691412905,21.324773796610057,58998700
2011-01-06,22.027957916259766,22.05088830730362,21.29420289695595,21.431782327535824,88026300
2011-01-07,21.85980987548828,21.966815469879183,21.592294431669135,21.89038227766773,73762000
2011-01-10,21.56936264038086,21.706942085887025,21.431784652716487,21.599936498423027,57573600
2011-01-11,21.485292434692383,21.592298046999893,21.439431636981624,21.55408217341639,50298900
2011-01-12,21.821598052978516,21.852171920709335,21.454720387262217,21.492937721925742,52631100
2011-01-13,21.54643440246582,21.699299324101762,21.408854952504186,21.65343999339516,67077600
2011-01-14,21.63050651550293,21.69165276700874,21.332418721642306,21.462354688322357,62688400
2011-01-18,21.90567398071289,21.966820256236858,21.508222460885996,21.52350939422754,53322700
2011-01-19,21.760452270507812,21.920962164062427,21.607587301902115,21.752808803401184,50005900
2011-01-20,21.66872787475586,21.821592803106714,21.500574558375448,21.783376935479478,58613600
2011-01-21,21.416494369506836,21.729869076150255,21.416494369506836,21.70693868620992,58080300
2011-01-24,21.691654205322266,21.82923364479326,21.393566391696265,21.41649678422201,52047800
2011-01-25,21.745155334472656,21.745155334472656,21.492926884247094,21.508212352562644,42436600
2011-01-26,21.997386932373047,22.15789530646536,21.783374309074905,21.791017773247166,74628800
2011-01-27,22.066179275512695,22.51713205255574,21.77573343380278,21.97445915238275,146938600
2011-01-28,21.21013069152832,22.11203918481919,20.98083256448641,22.089108788978223,141249400
2011-01-31,21.19484519958496,21.32478120248607,20.957903591180123,21.225419062781473,65029000
2011-02-01,21.393573760986328,21.447076570801055,21.10312931148827,21.248350807316182,62810700
2011-02-02,21.35535430908203,21.48529030737963,21.309493515912067,21.347710843553703,45824000
2011-02-03,21.133697509765625,21.37828256752093,21.049622307313452,21.37828256752093,60340100
2011-02-04,21.225412368774414,21.278915154652726,21.02668669419669,21.1719095828961,40412200
2011-02-07,21.554080963134766,21.66108656943381,21.24070615225152,21.24834816026541,68980900
2011-02-08,21.61522674560547,21.66108608186681,21.439429950559965,21.47764727897943,34904200
2011-02-09,21.378278732299805,21.599934812277098,21.332419406658243,21.546432022721664,52905100
2011-02-10,21.019046783447266,21.35535194017813,20.858538398683198,21.34770847549768,76672400
2011-02-11,20.827959060668945,21.25598276527975,20.69037964829797,21.217766909772894,83939700
2011-02-14,20.812681198120117,20.843255062112007,20.598669981545193,20.797394266124172,56766200
2011-02-15,20.728107452392578,21.012581392064277,20.720420275459283,20.78961659952919,44116500
2011-02-16,20.774232864379883,20.812674602949087,20.451317274440257,20.797297320938075,70817900
2011-02-17,20.920316696166992,21.0433335096239,20.689663287159842,20.735793675669548,57207300
2011-02-18,20.804988861083984,20.920315559320507,20.751169833004177,20.858807889163792,68667800
2011-02-22,20.44362449645996,20.835736309643014,20.38980548677057,20.58970571308691,60889000
2011-02-23,20.44362449645996,20.651213362225935,20.32060919818191,20.3974941262202,60234100
2011-02-24,20.582021713256836,20.804986441724974,20.374432800695963,20.482070844338626,64494200
2011-02-25,20.412870407104492,20.720410126315205,20.374428675432185,20.689655567810906,53006300
2011-02-28,20.435941696166992,20.651219262893807,20.382122671099903,20.520515287820107,51379900
2011-03-01,20.11302947998047,20.589715077451814,20.10534083703398,20.451322437332433,60055000
2011-03-02,20.051523208618164,20.27448947032169,20.020770101134904,20.074589139074707,48658200
2011-03-03,20.14377784729004,20.297546259481557,20.128400566133415,20.18990822430167,68271500
2011-03-04,19.95156478881836,20.174529483626145,19.83623665494529,20.159152203581986,70437200
2011-03-07,19.774736404418945,20.197602965195763,19.644032408027375,20.08996343104708,64980400
2011-03-08,19.920812606811523,20.00538619069239,19.720912341748402,19.813174566569195,50549800
2011-03-09,19.905441284179688,19.97463760689655,19.728606888996044,19.84393360470456,39789100
2011-03-10,19.536394119262695,19.767047537833644,19.490263728840237,19.697852685429297,66549500
2011-03-11,19.74398422241211,19.874688224914788,19.497953503926773,19.536395253768074,49905800
2011-03-14,19.751672744750977,19.805491780782816,19.490264741345975,19.597902813409654,54473400
2011-03-15,19.521013259887695,19.58252092467687,19.22116357734776,19.282671242136935,76067300
2011-03-16,19.05970573425293,19.436440349115884,18.975132148675698,19.390308502551026,100725400
2011-03-17,19.05201530456543,19.39030668219905,19.028949383448417,19.26729136915806,62497000
2011-03-18,19.067401885986328,19.359564519283087,19.067401885986328,19.267302249173838,85486700
2011-03-21,19.474882125854492,19.66709375420539,19.33648951880851,19.359555442135623,46878100
2011-03-22,19.451820373535156,19.57483572474095,19.39800134068995,19.451820373535156,30895600
2011-03-23,19.63634490966797,19.690163942630658,19.359559635621384,19.398001383035115,43969000
2011-03-24,19.843935012817383,19.89006687554128,19.605592921246007,19.682477892660312,38696700
2011-03-25,19.697853088378906,19.951572440580637,19.674787159466494,19.93619515463903,57029800
2011-03-28,19.536394119262695,19.774736180647167,19.51332819082213,19.728605790224712,48973200
2011-03-29,19.597900390625,19.620966317412307,19.45181912055587,19.482573689605612,40763500
2011-03-30,19.690162658691406,19.77473479077864,19.605589060145604,19.682474016418283,41999300
2011-03-31,19.521013259887695,19.74397946128496,19.48257151931636,19.682471796495786,63233700
2011-04-01,19.590213775634766,19.628656990925194,19.459509776564744,19.628656990925194,63114200
2011-04-04,19.644027709960938,19.728601295181416,19.536389668013662,19.567144232260507,35433700
2011-04-05,19.820865631103516,20.12840397401319,19.790111063583304,19.851618732165235,73651100
2011-04-06,20.105344772338867,20.2283601506436,19.882379949083663,19.97464074958272,65581400
2011-04-07,20.14377784729004,20.18990822430167,19.96694204690534,20.136089206711727,46134700
2011-04-08,20.043832778930664,20.20529134482053,19.95925917458556,20.120717740475424,39887600
2011-04-11,19.974637985229492,20.18222695731195,19.836245337174518,20.136096563446554,34286300
2011-04-12,19.713233947753906,19.874692558501952,19.64403760978461,19.859315268628983,36920400
2011-04-13,19.70553970336914,19.890064196492897,19.651720670565823,19.720916988872563,38144700
2011-04-14,19.54408073425293,19.55945801828448,19.290361413566416,19.54408073425293,55239900
2011-04-15,19.50564193725586,19.65172175824761,19.359560649805367,19.574836792933734,65080400
2011-04-18,19.28267478942871,19.436444712918775,19.005889513730065,19.298052075069453,58045100
2011-04-19,19.336484909057617,19.351862187609804,19.121208875159017,19.221158252832225,38892400
2011-04-20,19.805492401123047,19.99001544463695,19.613280714155383,19.63634664451667,61608600
2011-04-21,19.62096405029297,19.905436448840643,19.497948721225047,19.82855296801699,46892300
2011-04-25,19.690162658691406,19.69785130096453,19.482573716692748,19.651719447325785,33525100
2011-04-26,20.136091232299805,20.328302866718396,19.736290680759126,19.790109703762987,69200000
2011-04-27,20.282182693481445,20.28987133925895,20.089970948421517,20.220674993720635,52689000
2011-04-28,20.5358943939209,20.658911213510336,20.297552330537396,20.34368272134676,80200000
2011-04-29,19.928504943847656,20.482073996066713,19.49795123656617,20.412877681232008,319317900
2011-05-02,19.728601455688477,19.990009388080036,19.590208848368434,19.943879007792805,89825600
2011-05-03,19.843935012817383,19.874689587966646,19.597904277458692,19.682477892660312,71892900
2011-05-04,20.036142349243164,20.18222361650435,19.828554877981894,19.874685264211227,73292300
2011-05-05,19.828556060791016,20.05152082958183,19.74398245894349,20.028454901861966,55600000
2011-05-06,19.890056610107422,20.159151671486867,19.797794398735828,20.04382500711595,55993000
2011-05-09,19.859312057495117,19.959261492590045,19.73629669132036,19.836246126415286,38696400
2011-05-10,19.736291885375977,19.874684505237585,19.413376261185054,19.513325671941505,120798700
2011-05-11,19.497943878173828,19.72859719627012,19.382615752667654,19.72090855680584,78600000
2011-05-12,19.46719741821289,19.521016450392274,19.298051679012165,19.490263346200617,77400000
2011-05-13,19.24423599243164,19.467200802574048,19.18272830689661,19.43644769303598,66812300
2011-05-16,18.890562057495117,19.27498538456326,18.836743026338958,19.190411783341514,91350900
2011-05-17,18.975688934326172,19.114988678834045,18.782217394969837,18.88282194596402,82882100
2011-05-18,19.107250213623047,19.1459439322274,18.766739880835907,18.983428542804223,53931100
2011-05-19,19.130460739135742,19.25428237684637,18.960206356301224,19.231066742319598,37783600
2011-05-20,18.952470779418945,19.24654832972156,18.91377706409679,19.13046423161385,45451500
2011-05-23,18.704832077026367,18.766742922470026,18.59648846651771,18.735786761712703,52692500
2011-05-24,18.689355850219727,18.797700947544815,18.604229351836388,18.72805105500409,47691800
2011-05-25,18.720314025878906,18.813179575199175,18.69709690051319,18.704835942301763,34904200
2011-05-26,19.091772079467773,19.37037157602415,18.820911621823598,18.84412873856021,78016600
2011-05-27,19.161420822143555,19.269764408375345,19.076292875206775,19.09950999057244,50251000
2011-05-31,19.354894638061523,19.393588358830577,19.114990321937558,19.316199441221638,60196300
2011-06-01,18.906038284301758,19.42454204748897,18.85960553006622,19.339414101331613,74033500
2011-06-02,18.7435302734375,19.076301700611143,18.712575581366483,18.952479980184393,51487800
2011-06-03,18.503612518310547,18.681605928435577,18.44944073923513,18.61195607646139,60697700
2011-06-06,18.58100700378418,18.76673950630573,18.39527450126263,18.488140014488046,54778700
2011-06-07,18.61969757080078,18.70482550691104,18.495875923406114,18.642914683213707,41112600
2011-06-08,18.52684211730957,18.588752974570845,18.464931260048296,18.4958859506433,42205000
2011-06-09,18.542312622070312,18.60422493502676,18.433969026538097,18.581007817668095,42878700
2011-06-10,18.348834991455078,18.588740696443754,18.333358394415722,18.588740696443754,49327200
2011-06-13,18.604223251342773,18.720305875489057,18.34110184937352,18.41075171907542,47572500
2011-06-14,18.7435302734375,18.921525288113376,18.72031462340207,18.805441133650874,42894500
2011-06-15,18.372058868408203,18.581008504143508,18.31788706864072,18.573269464738033,49410200
2011-06-16,18.573270797729492,18.650659721267555,18.30241030338175,18.37979922691981,57184100
2011-06-17,18.77447509765625,18.805429771023817,18.557786479801482,18.743518948218234,83320400
2011-06-20,18.936994552612305,19.08403334212624,18.69709024682592,18.704829285860416,54338400
2011-06-21,19.161420822143555,19.238809730625114,18.882821342038206,18.975688327430206,49708700
2011-06-22,19.076295852661133,19.200117535129625,19.02986309075317,19.037602130416314,44287300
2011-06-23,19.060813903808594,19.076291979992682,18.728044122274262,18.913776608271537,59470400
2011-06-24,18.80543327331543,18.991167252393407,18.72030679864797,18.96795013599098,101387200
2011-06-27,19.50193214416504,19.7031412501423,18.75126161189546,18.75126161189546,92044200
2011-06-28,19.966262817382812,20.059129808285622,19.47097613542316,19.579319728084148,81032100
2011-06-29,19.826969146728516,19.896617560981724,19.625758516466227,19.896617560981724,66051000
2011-06-30,20.121047973632812,20.121047973632812,19.857926458968834,19.919837316767932,52535400
2011-07-01,20.136518478393555,20.25260110856836,19.997218731755495,20.066868605074525,52906200
2011-07-05,20.14425277709961,20.23711826895912,20.0436467721697,20.198424560029387,37805300
2011-07-06,20.376419067382812,20.407375217030587,20.09008058742273,20.097819624834674,48744200
2011-07-07,20.71693229675293,20.8020587683209,20.39963909782613,20.500243646432157,51946500
2011-07-08,20.833011627197266,20.8794443748964,20.51571847845737,20.538935590342156,58320700
2011-07-11,20.60858917236328,20.74014988742233,20.500245575045525,20.60085160918699,43999800
2011-07-12,20.538936614990234,20.732408128804064,20.384158813510965,20.54667417660074,47319300
2011-07-13,20.60858917236328,20.86397156323428,20.51572365353972,20.585373530692795,40861800
2011-07-14,20.484766006469727,20.902665238989776,20.39963953308545,20.60085011066132,46382300
2011-07-15,20.724672317504883,20.840754948650627,20.48476654025684,20.48476654025684,49132400
2011-07-18,20.577627182006836,20.81753140916656,20.322244881850924,20.60858185192892,44501900
2011-07-19,21.312822341918945,21.39020976539591,20.72466877185701,20.747884408471908,86730600
2011-07-20,20.941362380981445,21.16579011131152,20.879451537454344,21.111618307734176,49795400
2011-07-21,20.97232437133789,21.134839827251167,20.62407485713608,20.925891594801435,81737400
2011-07-22,21.30508804321289,21.320564645708426,20.647284464851133,20.78658421980666,76380600
2011-07-25,21.599163055419922,21.73846280327992,21.041965540050676,21.09613733620273,108482400
2011-07-26,21.7307186126709,21.784890395980405,21.498553405324333,21.52950807747103,74636500
2011-07-27,21.150312423706055,21.66107726129598,21.049707854635116,21.57594929634067,71488700
2011-07-28,21.45211410522461,21.722974433729146,21.057432165301435,21.119344447080792,83761400
2011-07-29,21.204477310180664,21.44438157051861,21.09613373636427,21.29734428493078,104394800
2011-08-01,21.103872299194336,21.428904489402306,20.701451211113902,21.28960476844597,61838400
2011-08-02,20.740148544311523,21.243175730301708,20.709193865398532,20.879448289596763,63883100
2011-08-03,20.833011627197266,20.89492244948626,20.492501366572583,20.763361767613343,64581200
2011-08-04,20.074607849121094,20.794322230061642,20.066868810220893,20.53120081173777,92949500
2011-08-05,19.873401641845703,20.1984339668692,19.525152195009433,20.097827915084913,112071700
2011-08-08,18.944725036621094,19.811477828158246,18.875075192833727,19.362624099345283,134257200
2011-08-09,19.796009063720703,19.826965220432907,18.596486036467883,19.122727415938208,126268900
2011-08-10,18.728052139282227,19.41681058753778,18.650663201304127,19.308466960011167,127819900
2011-08-11,19.494192123413086,19.641229426061884,18.88282136920685,18.960210277799757,90690100
2011-08-12,19.424549102783203,19.610281663256913,19.07629962935051,19.447764750297928,64787100
2011-08-15,19.741832733154297,19.796004518892932,19.463233290989354,19.53288315153059,56529400
2011-08-16,19.741832733154297,19.928737477379606,19.50820068883251,19.640591734998793,54251500
2011-08-17,19.663955688476562,20.014403017673477,19.414749358997376,19.663955688476562,50923700
2011-08-18,19.212268829345703,19.53935250786822,18.713856170792113,19.134391480099982,105714200
2011-08-19,18.729429244995117,19.173329661464948,18.620401854311364,19.009787090052527,77397900
2011-08-22,18.6749210357666,19.072094271146195,18.52695567219581,19.01758055978988,54721000
2011-08-23,19.251209259033203,19.274572912454314,18.713858598831358,18.713858598831358,59670600
2011-08-24,19.391393661499023,19.41475732148982,19.01758401397127,19.19670095107155,45329700
2011-08-25,19.1343936920166,19.5938684717556,19.079879986858934,19.531566882234397,48192000
2011-08-26,19.663955688476562,19.734045154315947,19.01757621436984,19.08766568020922,71957000
2011-08-29,20.123430252075195,20.139006018887894,19.75740864429803,19.88201180802587,38863200
2011-08-30,20.427152633666992,20.58290734898201,20.01440516324018,20.0377673307665,57341400
2011-08-31,20.715299606323242,20.80096336783958,20.45051746624627,20.473881120507347,59300800
2011-09-01,20.411584854125977,20.917787134333178,20.411584854125977,20.606277581778706,60510800
2011-09-02,20.092281341552734,20.24803605924018,19.983253930403766,20.07670705809365,43894400
2011-09-06,19.866439819335938,19.928741413048133,19.554931850774963,19.625021329374576,54929300
2011-09-07,20.24803924560547,20.24803924560547,19.913167589650794,20.006620732047082,41961000
2011-09-08,20.419361114501953,20.76202053596579,20.20909421725956,20.248032146463427,65811900
2011-09-09,20.045564651489258,20.38822429525656,19.858659796358296,20.2480452825614,64529200
2011-09-12,20.162384033203125,20.193535591316504,19.679546765550096,19.81193791675587,55046100
2011-09-13,20.279184341430664,20.39599961824987,20.100065999228594,20.1857312287432,48792300
2011-09-14,20.63742446899414,20.87105509524293,20.162373845516,20.380430185965555,66739200
2011-09-15,21.019018173217773,21.050169709992304,20.48945393114697,20.816537640344404,67808300
2011-09-16,21.12026023864746,21.237075536620246,20.894416041897923,21.06574504656553,89681500
2011-09-19,21.190351486206055,21.2682288586205,20.71530233671387,20.871055596155426,52324900
2011-09-20,21.01123046875,21.416191537960692,20.972292532835798,21.268224707790047,49211900
2011-09-21,20.24024200439453,21.073526073597844,20.224666240296784,21.06573819154897,72750700
2011-09-22,19.515995025634766,19.97546989747894,19.157761185423972,19.702899831664833,96278300
2011-09-23,19.515995025634766,19.58608451356946,19.22785067335867,19.391391821614718,64768100
2011-09-26,19.811927795410156,19.87422939442077,19.258999804477074,19.617235112828574,51057600
2011-09-27,19.991044998168945,20.18573768358727,19.81971596974025,19.983257112505736,55620700
2011-09-28,19.92095947265625,20.536189193865,19.866445747564356,20.19352958350332,60736200
2011-09-29,19.819717407226562,20.380431847159453,19.53935944456641,20.232464979601325,63407300
2011-09-30,19.383604049682617,19.858654696169854,19.375816163712145,19.625024058605156,54060500
2011-10-03,19.103248596191406,19.73405253942585,19.095460709807345,19.251213981326217,64592500
2011-10-04,19.734052658081055,19.772990604848033,18.892980233582186,18.924130293918278,83485400
2011-10-05,20.162384033203125,20.372652594304302,19.593881466126348,19.79636213769918,94061300
2011-10-06,20.512821197509766,20.55954702551631,20.014408404407185,20.170161659558097,55111400
2011-10-07,20.442731857299805,20.645212427275727,20.403793914583677,20.512821342498675,52741600
2011-10-10,20.980072021484375,21.003434179529226,20.614049034659587,20.699714241854572,41815300
2011-10-11,21.026805877685547,21.081319581187994,20.808749578288744,20.917778470680652,38826200
2011-10-12,20.99565315246582,21.26822313993297,20.948927335735917,21.166983622787022,52489800
2011-10-13,21.1669921875,21.18256796117464,20.73088092232281,20.839908367270226,43823500
2011-10-14,21.237075805664062,21.416192697183963,21.042383144780572,21.268225859004115,50947700
2011-10-17,21.01123046875,21.353889949265742,20.909990944140848,21.112471478746194,39453300
2011-10-18,21.26822280883789,21.33831227553509,20.871049659349406,20.98007854387111,52487900
2011-10-19,21.1280460357666,21.392828162499317,21.034594394206266,21.31495228966139,42880000
2011-10-20,21.057954788208008,21.291585341337548,20.559540663938517,21.229283761477216,76300200
2011-10-21,21.15141487121582,21.17477853002383,20.871056907069427,21.143626984946486,76620600
2011-10-24,21.174768447875977,21.33830952550136,21.057953180231173,21.07352745996689,56897800
2011-10-25,20.878843307495117,21.20592708059317,20.808753821446437,21.08911176564115,53554600
2011-10-26,20.707508087158203,21.073529694017793,20.325910713524962,21.050167529244188,63029900
2011-10-27,21.22150421142578,21.338319533860734,20.754241436298557,21.12805106224537,74512400
2011-10-28,21.01123046875,21.174773067441144,20.863265123966396,21.135833646139897,57712100
2011-10-31,20.73866081237793,21.02680659333843,20.730874413372867,20.83990182408854,46799000
2011-11-01,20.24024200439453,20.497236170460848,20.139002508532425,20.39599667459874,61182600
2011-11-02,20.255828857421875,20.403795726580775,20.014410323290203,20.32591834884517,53533100
2011-11-03,20.660791397094727,20.70751723266535,20.232466533970186,20.43494713529292,65836100
2011-11-04,20.442731857299805,20.559547170835486,20.24803917294457,20.543971399594113,36549200
2011-11-07,20.871055603027344,20.886631374592827,20.349279138682295,20.411580739556896,42589700
2011-11-08,21.15141487121582,21.182566416293167,20.785393128881584,21.034599547950634,47822500
2011-11-09,20.403783798217773,20.832106897278216,20.294754938972893,20.707503759901122,62950900
2011-11-10,20.466094970703125,20.637423993646816,20.341491774855484,20.61406033740516,32514400
2011-11-11,20.956716537475586,21.089107597692706,20.691934417041345,20.699722301217296,37903000
2011-11-14,20.839906692504883,21.026811505417662,20.754241429566246,20.933358356267565,34199200
2011-11-15,20.98113441467285,21.13806197361779,20.714358462409724,20.83989991093683,43874200
2011-11-16,20.455434799194336,20.8006746281696,20.431896706323375,20.769288508911604,53262800
2011-11-17,20.039579391479492,20.431896906615055,19.96111558913787,20.408357316940805,70977500
2011-11-18,19.85125732421875,20.00818486294908,19.733562418456962,19.992491809761663,47626200
2011-11-21,19.61587905883789,19.812037849426268,19.537415243287978,19.804191318214,61882500
2011-11-22,19.45110321044922,19.58448972951431,19.341253288024202,19.529565516588082,49204500
2011-11-23,19.200014114379883,19.451098521848166,19.200014114379883,19.30986401032607,49099700
2011-11-25,19.066633224487305,19.35694888357821,19.066633224487305,19.129403975564696,26164600
2011-11-28,19.513866424560547,19.592328700427483,19.37263193348489,19.568790616296194,46766700
2011-11-29,19.490327835083008,19.64725538794176,19.419710585953776,19.474634780482724,40917100
2011-11-30,20.07096290588379,20.078809435341817,19.72572309259297,19.90619027698264,81350900
2011-12-01,19.835575103759766,20.11019618093789,19.77280435803725,20.055271965502264,48545400
2011-12-02,19.788488388061523,20.10234349375418,19.74141072083645,20.078803911855616,52293800
2011-12-05,20.16512107849121,20.243583385045852,20.008193472236798,20.227891821678462,56818400
2011-12-06,20.133739471435547,20.298513644592813,20.094508309364862,20.251434454220504,46175300
2011-12-07,20.086652755737305,20.21219421386417,19.882647512138092,20.141576956596282,62667000
2011-12-08,19.929729461669922,20.180812431805517,19.906191368577552,19.99250020420382,60522200
2011-12-09,20.16512107849121,20.298509094835694,20.008193472236798,20.023886532176753,53788500
2011-12-12,20.016033172607422,20.063110839791516,19.843414061884374,19.937569396252563,38945900
2011-12-13,20.212188720703125,20.478964620862836,20.125878430483272,20.204342194631156,54581100
2011-12-14,20.078815460205078,20.290667329422803,20.06312239658015,20.18081738062125,47926400
2011-12-15,20.05526351928711,20.306346396434368,20.039571961894406,20.18080495786074,46213900
2011-12-16,20.4005069732666,20.533894963339314,20.110191407847548,20.141577521545724,101408100
2011-12-19,20.031728744506836,20.494663436946563,19.97680304655568,20.416199650731443,52258300
2011-12-20,20.42404556274414,20.47896976246579,20.25142493896501,20.290657579174905,60767600
2011-12-21,20.212188720703125,20.549581858938748,19.961105872687355,20.408347382786925,64132500
2011-12-22,20.251428604125977,20.290661251436305,19.992499118167686,20.25927513358804,35794100
2011-12-23,20.42404556274414,20.43189209078612,20.18865421120138,20.329888722812598,23205800
2011-12-27,20.4318904876709,20.510352768790025,20.345580182553363,20.36911826826027,21287200
2011-12-28,20.259279251098633,20.51820878968195,20.212201561330605,20.486824162027524,29822500
2011-12-29,20.416202545166016,20.43974063676701,20.290661068052525,20.36127833600042,22616900
2011-12-30,20.369115829467773,20.49465875668571,20.32988469360535,20.40050193541523,27395700
2012-01-03,21.004676818847656,21.15375637364048,20.706514716117375,20.832056181507287,64731500
2012-01-04,21.498992919921875,21.553917115701964,21.012520188807848,21.04390480215129,80516100
2012-01-05,21.71870231628418,21.75793347718689,21.41269507083906,21.483310861149363,56081400
2012-01-06,22.056081771850586,22.11885248763466,21.600993708273062,21.600993708273062,99455500
2012-01-09,21.76577377319336,22.048242839803873,21.7500807146989,22.00901019356773,59706800
2012-01-10,21.844236373901367,22.087472780967232,21.773619111112513,21.914853636690225,60014400
2012-01-11,21.750076293945312,21.954081523191434,21.47545530897181,21.522532978314107,65582400
2012-01-12,21.969772338867188,21.985465392572223,21.69514988531695,21.8677704829284,49370800
2012-01-13,22.16594123840332,22.16594123840332,21.805009816239064,21.914858249667724,60196100
2012-01-17,22.173782348632812,22.47978947928124,22.103165088241283,22.283630755209725,72395300
2012-01-18,22.15024185180664,22.283629838551118,21.94623660757554,22.213012581064497,64860600
2012-01-19,22.063936233520508,22.315019186956867,21.993318965794977,22.095320854413828,74053500
2012-01-20,23.311498641967773,23.335038224180696,22.558249970019123,22.6131741652772,165902900
2012-01-23,23.32720184326172,23.499822528096068,23.02904115506933,23.185967281696424,76078100
2012-01-24,23.021190643310547,23.201656331182388,22.89564916508905,23.123192533150835,51703300
2012-01-25,23.19380760192871,23.264424863802237,22.809336674268582,22.809336674268582,59231700
2012-01-26,23.146732330322266,23.3036599278009,23.068268531582948,23.233042658592762,49102800
2012-01-27,22.934877395629883,23.170268759753277,22.887799721434117,23.107498028634826,44187700
2012-01-30,23.2330379486084,23.240884476548867,22.62102223840134,22.730870636423564,51114800
2012-01-31,23.17027473449707,23.30366275959107,22.934883309675065,23.272276637652404,50572400
2012-02-01,23.452739715576172,23.57828119608847,23.350737823874617,23.37427741268536,67409900
2012-02-02,23.499820709228516,23.67243988412955,23.31150697733497,23.46058805817877,52223300
2012-02-03,23.72735595703125,23.852897404165905,23.609661037414025,23.648892178429065,41838500
2012-02-06,23.69597053527832,23.71166209320585,23.515503401677293,23.570429092425808,28039700
2012-02-07,23.813674926757812,23.923523358821356,23.578283505313962,23.656747312461913,39242400
2012-02-08,24.056903839111328,24.06475036702316,23.711664093851667,23.74305020549899,49659100
2012-02-09,24.143217086791992,24.166755176818913,23.91567223938272,24.07259982356652,50481600
2012-02-10,23.931358337402344,24.166748148649663,23.821509958363183,24.041206716441504,44605300
2012-02-13,23.99412727355957,24.143208274462015,23.876432376666823,24.03335840699988,33319800
2012-02-14,23.891464233398438,24.05732160912488,23.57554434647318,23.95464821078349,59644000
2012-02-15,23.733503341674805,24.002035619960612,23.717708477276982,23.95464801391748,43311300
2012-02-16,24.712852478027344,24.91819923343112,23.930948843732196,23.93884702762073,94705100
2012-02-17,24.681257247924805,24.736543023132253,24.44431778091448,24.64176783889788,70036500
2012-02-21,24.831327438354492,24.965593579807877,24.602284576759075,24.625979133400797,50829900
2012-02-22,24.69705581665039,25.02087382010811,24.625973668923134,24.839220112104908,49253200
2012-02-23,24.776037216186523,24.949792747885116,24.483810428885903,24.641771098738875,35034700
2012-02-24,24.862911224365234,24.878707590726602,24.673359347302057,24.862911224365234,35575400
2012-02-27,24.76024055480957,24.878710302584583,24.562790473043027,24.673362036776428,34568400
2012-02-28,25.17093849182129,25.21832609229222,24.783934984297264,24.807629537745058,45230600
2012-02-29,25.068267822265625,25.273616134126392,24.9655944195477,25.186737596609362,59323600
2012-03-01,25.502656936645508,25.58163577552414,25.15514432116533,25.21832829612311,77344100
2012-03-02,25.3367977142334,25.621123321111497,25.273612237472026,25.518451440648306,47314200
2012-03-05,25.11565399169922,25.31310410643404,24.973491174487002,25.28151136499255,45240000
2012-03-06,24.926095962524414,25.257812134359842,24.87081018495592,24.910301102093744,51932900
2012-03-07,25.147253036499023,25.210437028794743,24.902415254656265,25.012986864567473,34340400
2012-03-08,25.28150749206543,25.439468162224887,25.19463047925986,25.30520355094132,36747400
2012-03-09,25.265716552734375,25.399982691287583,25.21043076152273,25.352593579027747,34628400
2012-03-12,25.30521011352539,25.431578079855043,25.131453030003378,25.249922810134304,34073600
2012-03-13,25.802776336669922,25.818572705425083,25.39208280043289,25.463164953406466,48951700
2012-03-14,25.88176155090332,25.968640083945832,25.660618385231228,25.69220811400605,41986900
2012-03-15,25.9449405670166,26.016022719783056,25.73169712156651,25.897554473738477,49068300
2012-03-16,25.747493743896484,26.023925712102063,25.668514903180405,25.992332970675772,65626400
2012-03-19,25.431570053100586,25.75538805291947,25.39208064099565,25.70010227340276,44789200
2012-03-20,25.265716552734375,25.392086012335774,25.068266437592882,25.352593579027747,41566800
2012-03-21,25.202531814575195,25.392085245036945,25.131449654758235,25.24202123384027,37928600
2012-03-22,25.27361297607422,25.344695133083405,25.1077556140026,25.123550477229855,31749500
2012-03-23,25.28150749206543,25.360489333569753,25.052466177401264,25.352589642994726,35912200
2012-03-26,25.739601135253906,25.755397508464984,25.392089963160544,25.423679696732574,36758300
2012-03-27,25.684307098388672,25.826471398845648,25.589531902367074,25.78698198490741,36274900
2012-03-28,25.423673629760742,25.8264735183959,25.30520537822348,25.684309206271656,41344800
2012-03-29,25.36838150024414,25.423667273041556,25.123543860816582,25.320995416617013,37038500
2012-03-30,25.478954315185547,25.59742555585284,25.305200311815337,25.589528879137795,31749400
2012-04-02,25.502656936645508,25.6369215653091,25.23412466646875,25.44737114686055,35853600
2012-04-03,25.226226806640625,25.423675412808503,25.005082138223887,25.399982363409258,42752100
2012-04-04,24.649669647216797,25.028774982350914,24.52330170431366,25.00508042814731,49455900
2012-04-05,24.89450454711914,24.981381551316936,24.52329746095098,24.602277788205342,50368600
2012-04-09,24.562795639038086,24.799735184420733,24.46012073132735,24.657570854621188,31056400
2012-04-10,24.065217971801758,24.633875231619612,23.930951841725292,24.531200334630395,54131300
2012-04-11,23.97044563293457,24.112609964891615,23.875668909488237,24.03362961309049,43014000
2012-04-12,24.468021392822266,24.515410511833768,24.025733493690225,24.073121106276684,38304000
2012-04-13,24.3337459564209,24.610176352881936,24.262663811433075,24.396929917918467,39749200
2012-04-16,24.546987533569336,24.63386602834453,24.302149919522346,24.475905402648568,38124800
2012-04-17,24.831327438354492,24.965593579807877,24.641775504495282,24.69706129690111,34361500
2012-04-18,24.594390869140625,24.728657035040005,24.515412012138164,24.70496398050932,40552900
2012-04-19,24.491708755493164,25.020875044226894,24.436422972650398,24.586483952816597,54781200
2012-04-20,25.605331420898438,25.97653862953604,25.3131060719975,25.392087931734164,106045000
2012-04-23,25.36838150024414,25.66850641889344,25.297299361954796,25.518445465993118,61398200
2012-04-24,25.210424423217773,25.684304881701173,25.13934227912404,25.43946571585634,40871100
2012-04-25,25.431570053100586,25.52634524472223,25.1709360165043,25.210425428609234,62495500
2012-04-26,25.36048698425293,25.45526217242925,25.210424512145224,25.368383661247243,40308100
2012-04-27,25.2578125,25.447365892156668,25.178832171005467,25.368384056737657,41419100
2012-04-30,25.289400100708008,25.360482231731776,25.210419787745575,25.257807372953366,35697200
2012-05-01,25.28150749206543,25.542143049755918,25.23412140001202,25.31310022866716,43832300
2012-05-02,25.11565399169922,25.218328894959228,24.989286038782918,25.15514491850108,37385300
2012-05-03,25.084064483642578,25.194636073450646,24.965594707930375,25.17883970164237,31501300
2012-05-04,24.468021392822266,24.934003851460055,24.420633780235807,24.83922862628714,57927200
2012-05-07,24.20737648010254,24.373235309906228,24.14419252265932,24.246867395019787,48641400
2012-05-08,24.08890724182129,24.310051850616368,23.828273223724132,24.073110875530695,46328300
2012-05-09,24.29425811767578,24.349543899261093,23.772990024979176,23.84407217456731,50309300
2012-05-10,24.278461456298828,24.499606086392394,24.049420148723843,24.37323815674594,43839200
2012-05-11,24.61018180847168,24.91030682193525,24.238976140687587,24.238976140687587,43459300
2012-05-14,24.231077194213867,24.515405828262843,24.19948445424187,24.341648771266357,40528900
2012-05-15,24.016427993774414,24.48546793453449,23.96872945365063,24.358270816664902,61822800
2012-05-16,23.769990921020508,24.103883834990576,23.64279376487093,24.095933823192514,60083700
2012-05-17,23.62689208984375,24.016433542863062,23.618942078601364,23.84153784445937,48484000
2012-05-18,23.269147872924805,23.698437814025926,23.18964928640699,23.682539309769897,56205300
2012-05-21,23.65073585510254,23.6825358916437,23.10219735524115,23.13399739178231,38787900
2012-05-22,23.65869140625,23.7540885056017,23.45199566924191,23.60304284557658,39504900
2012-05-23,23.141948699951172,23.372492912578977,22.768305831164753,23.332744380980515,65171000
2012-05-24,23.11015510559082,23.293000828022763,22.863710805082132,23.181703695465878,52575000
2012-05-25,23.102201461791992,23.340697229317097,23.06245292535921,23.213500093160828,29507200
2012-05-29,23.499691009521484,23.62688813549191,23.229396737756996,23.35659386372742,37758800
2012-05-30,23.324804306030273,23.436101454957704,23.14990856967146,23.332754318997935,41585500
2012-05-31,23.205551147460938,23.38839684953725,23.00680542355811,23.292998234887698,39134000
2012-06-01,22.617259979248047,23.022699849819947,22.609309969743403,22.863704208654898,56634300
2012-06-04,22.696760177612305,22.87960738886395,22.513914482670142,22.752410251833794,47926300
2012-06-05,22.664958953857422,22.855754636693575,22.569560354284697,22.664958953857422,45715400
2012-06-06,23.332744598388672,23.34864461769992,22.903453174840667,22.95910172612075,46860500
2012-06-07,23.237348556518555,23.610991469912598,23.189650009644016,23.56329140672859,37792800
2012-06-08,23.571243286132812,23.595093319615795,23.094253230640312,23.221450376597033,42551100
2012-06-11,22.975004196166992,23.698438472595118,22.911405628447252,23.634839904875374,46361900
2012-06-12,23.285045623779297,23.292994116977823,22.92730277747485,23.13399847574972,35337900
2012-06-13,23.15785026550293,23.404296046196343,23.094251696748707,23.229398844890117,32984600
2012-06-14,23.324804306030273,23.420201429022377,22.959111291067387,23.316854293062608,39458900
2012-06-15,23.865385055541992,23.91308360104523,23.4440436073867,23.523542194098376,62314400
2012-06-18,23.72228240966797,23.87332953781323,23.618933815981027,23.841529503968303,58679900
2012-06-19,24.405969619750977,24.73191240709195,23.88922964909459,24.000528258746776,75725800
2012-06-20,24.588815689086914,24.68421276603127,24.358269973237856,24.588815689086914,36257100
2012-06-21,23.960777282714844,24.755759955838062,23.89717872951735,24.612662832066423,48456600
2012-06-22,24.405969619750977,24.429818130433524,23.873331147409285,24.08797532509807,45098100
2012-06-25,23.746145248413086,24.103886724350506,23.54739947856678,24.08798669884843,42217200
2012-06-26,23.865385055541992,24.064130764166475,23.801786489434534,23.84948503493777,38421300
2012-06-27,23.98462677001953,24.246970985604857,23.873329683501233,24.000526787039025,33781700
2012-06-28,23.777936935424805,23.889234049267703,23.388395520665206,23.833585492346256,45328400
2012-06-29,24.31851577758789,24.398014334057518,23.960773031629,24.20721870831572,55227200
2012-07-02,24.294673919677734,24.34237397937383,24.016429636687935,24.34237397937383,30589100
2012-07-03,24.45366859436035,24.45366859436035,23.98462866930666,24.032327207833198,20938100
2012-07-05,24.405969619750977,24.469568175419724,24.151573880766815,24.31852103709051,28801900
2012-07-06,24.000532150268555,24.405973577012304,23.8097364523261,24.334425000745206,38294800
2012-07-09,23.8494873046875,24.03233301010914,23.67459161032457,23.94488592108246,30680800
2012-07-10,23.642791748046875,24.02438318394434,23.459946041218036,23.913086060884975,37534100
2012-07-11,23.293001174926758,23.64279411771322,23.141955497438513,23.618944081963097,39184900
2012-07-12,22.760360717773438,23.19760224096201,22.688813648766914,23.17375220708676,63523600
2012-07-13,23.364545822143555,23.436094401007438,22.831907244106592,22.863707286405862,39085000
2012-07-16,23.404293060302734,23.475841630561835,23.086300257100785,23.436091582468283,27900600
2012-07-17,23.579185485839844,23.738182623767013,23.213494191440066,23.56328546878531,33771300
2012-07-18,24.207225799560547,24.207225799560547,23.420191527897813,23.531490146082554,41090400
2012-07-19,24.382123947143555,24.485471049946007,24.151578193978132,24.254926813090027,46663200
2012-07-20,23.94487953186035,24.684212167329193,23.889229469298506,24.644463638951326,64021700
2012-07-23,23.2770938873291,23.515588089631848,23.06244819547113,23.50763808071387,55151900
2012-07-24,23.17374610900879,23.34069326958484,22.975000427943,23.24529467549721,47723300
2012-07-25,22.919353485107422,23.316844875078978,22.879604952633994,23.24529630357935,45579500
2012-07-26,23.18169593811035,23.451990183564646,23.12604739045374,23.237344485766968,45301400
2012-07-27,23.65869140625,23.730239988918555,23.197601382557966,23.436095647246773,44242600
2012-07-30,23.56328582763672,23.706382950688617,23.420188704584817,23.650734406459346,28905000
2012-07-31,23.428146362304688,23.618942083230543,23.31684923750867,23.43609637354863,37620900
2012-08-01,23.380435943603516,23.57123156768447,23.221438832048307,23.52353304074144,31721800
2012-08-02,23.205551147460938,23.47584545327355,23.030653939988344,23.221449652977917,39520500
2012-08-03,23.65073585510254,23.801782996054644,23.43609015737732,23.475840203053767,35859400
2012-08-06,23.809738159179688,23.936935300259734,23.698439523502504,23.84948669715113,27471800
2012-08-07,24.05617904663086,24.127727617962723,23.746136248398987,23.90513189422922,28002900
2012-08-08,24.111833572387695,24.22313070367455,23.936937863749826,24.016434948206328,26257600
2012-08-09,24.246971130371094,24.3662182261111,24.087973991845026,24.159522552550847,24920800
2012-08-10,24.183380126953125,24.342377315109434,24.04823297191313,24.246978698953736,27810300
2012-08-13,24.159530639648438,24.21517920186749,23.97668493055453,24.127732111084523,23049100
2012-08-14,24.11151695251465,24.319582007309116,24.01548786652016,24.247559429635846,34551400
2012-08-15,24.16752052307129,24.231540382315227,24.023475458183967,24.095497990627628,24351000
2012-08-16,24.63167953491211,24.759719329557072,24.215549439138602,24.29557469238039,35787200
2012-08-17,24.727699279785156,24.743704629660357,24.479622462136255,24.743704629660357,32589900
2012-08-20,24.59966278076172,24.687690690341235,24.471623017566625,24.663682662359264,23737700
2012-08-21,24.647682189941406,24.775721978484892,24.49563589501769,24.615673005982874,28822700
2012-08-22,24.439613342285156,24.615667631504852,24.383594611467924,24.47962519508598,33437400
2012-08-23,24.215545654296875,24.327580075511772,24.07150052624657,24.31957739880292,28355600
2012-08-24,24.455617904663086,24.511635110814282,24.15152384569043,24.207541051841627,22943300
2012-08-27,24.559656143188477,24.775722335497402,24.479630892606984,24.751715828771243,34691100
2012-08-28,24.511634826660156,24.647677265602137,24.4236084435949,24.567653558516337,23947900
2012-08-29,24.527633666992188,24.607658879187166,24.359582095101302,24.527633666992188,23346800
2012-08-30,24.2635555267334,24.49562852764119,24.18353030137367,24.431608652624252,23982100
2012-08-31,24.663681030273438,24.775715434066825,24.31157094161015,24.48762674911893,36590100
2012-09-04,24.319581985473633,24.53564971829944,24.12752228730229,24.36759805478257,48556700
2012-09-05,24.319581985473633,24.431617954173014,24.175536830256426,24.18353950847458,33650000
2012-09-06,25.087814331054688,25.095817006729416,24.375591459546907,24.407602162245826,48371700
2012-09-07,24.767719268798828,24.863748340986653,24.59166342586351,24.83974183611699,42649100
2012-09-10,24.583662033081055,24.72770717524254,24.415610384795762,24.67168995914744,40524000
2012-09-11,24.639673233032227,24.735702280841135,24.49562813496467,24.55964800895534,25191800
2012-09-12,24.63167953491211,24.951779021524516,24.591666145113837,24.759719329557072,32775800
2012-09-13,24.75971221923828,24.9517718560514,24.32757689164303,24.71969884093077,45047300
2012-09-14,24.975784301757812,25.007795012023447,24.655684830874847,24.81573532949367,51422800
2012-09-17,24.975784301757812,25.015797689589856,24.839743362192895,24.959780472979674,36488500
2012-09-18,24.951778411865234,24.975784918802884,24.831741298112853,24.887758516106985,34542700
2012-09-19,24.847747802734375,24.959783777140675,24.839746650463454,24.87975851723757,48871900
2012-09-20,25.16783905029297,25.191845550475275,24.73570373076006,24.767714432808848,45543000
2012-09-21,24.959779739379883,25.295884555517116,24.879754492422517,25.151839416264785,102348900
2012-09-24,24.63167953491211,24.863751090323074,24.519643569831704,24.807733870960245,46825900
2012-09-25,24.319581985473633,24.80773467229754,24.295575477173966,24.76772280756156,54266400
2012-09-26,24.14352035522461,24.48762778295119,24.039488622503576,24.23154826269541,54672000
2012-09-27,24.135513305664062,24.32757291105149,23.919445677220438,24.143515980016133,47129900
2012-09-28,23.815425872802734,24.215550632373304,23.799420516094756,24.151530731896205,54229300
2012-10-01,23.59935760498047,23.99147967736859,23.54334038411856,23.85543720112334,54042700
2012-10-02,23.735393524169922,23.919450492256335,23.607353761470296,23.751398876095966,43338900
2012-10-03,23.895448684692383,23.999480439938715,23.743400864235742,23.807420758161484,46655900
2012-10-04,24.031494140625,24.031494140625,23.663378559976646,23.983478069439435,43634900
2012-10-05,23.8874454498291,24.20754491198944,23.799417525352023,24.191539557292767,41133900
2012-10-08,23.831424713134766,23.94345912674671,23.647366214030907,23.719388773168415,29752000
2012-10-09,23.431299209594727,23.799413141686756,23.351273977206002,23.751398612795263,45121100
2012-10-10,23.191225051879883,23.4553072678446,23.167218549017743,23.32726749806501,47227100
2012-10-11,23.167213439941406,23.40728757374587,23.10319356916994,23.383279549823776,41488500
2012-10-12,23.367284774780273,23.463313854943163,23.04718377062475,23.183226239484434,46464700
2012-10-15,23.615358352661133,23.783409982450646,23.407293339811382,23.503323932801457,42440200
2012-10-16,23.59935760498047,23.799419980261437,23.463315128735218,23.567348418640005,47739400
2012-10-17,23.679380416870117,23.71939227725554,23.27925570759736,23.447307352841694,44206100
2012-10-18,23.60735511779785,23.791412096459002,23.415295462713896,23.727392211431017,59238500
2012-10-19,22.919139862060547,23.2712499875619,22.807105446546018,23.24724195865689,90470800
2012-10-22,22.40697479248047,23.071181484203407,22.270932384471962,22.991156268959458,83374000
2012-10-23,22.446996688842773,22.56703532863983,22.214925139701535,22.222927817444987,64414800
2012-10-24,22.32695770263672,22.567033435738796,22.302951197774718,22.53502272745002,53320400
2012-10-25,22.310956954956055,22.567038095074683,22.294953123861994,22.559035416350202,54084300
2012-10-26,22.575027465820312,22.679060708589994,22.27893613931544,22.294941488411407,57790000
2012-10-31,22.8391170501709,23.111200423358436,22.807106343705016,22.847118200432874,69464100
2012-11-01,23.62335777282715,23.655366948508423,23.06318269803911,23.07918804905689,72047900
2012-11-02,23.60735511779785,23.823422802150223,23.471312671319076,23.679377679248642,57131600
2012-11-05,23.711389541625977,23.7994174658831,23.47131532719427,23.703388390652268,38070800
2012-11-06,23.895448684692383,24.16753361546546,23.695386325380102,23.863437974552177,43401500
2012-11-07,23.271255493164062,23.87144262059404,23.247247458579135,23.631368380163966,57871800
2012-11-08,23.0551815032959,23.503322202450786,23.04717882727302,23.303259880941976,49841800
2012-11-09,23.07118797302246,23.359278218385043,23.05518262020133,23.11119982872084,43291200
2012-11-12,22.58302879333496,23.215226307729385,22.575026119264322,23.15920911558892,61112300
2012-11-13,21.856891632080078,22.026324160921035,21.58257098061658,21.800414122466428,131689200
2012-11-14,21.655187606811523,22.01825954754408,21.622913861458905,21.977917365853305,76086100
2012-11-15,21.509960174560547,21.76007556108419,21.485754864033623,21.687461168400393,50955600
2012-11-16,21.39700698852539,21.54223578646289,21.251778190587896,21.518030473840938,64083300
2012-11-19,21.566436767578125,21.622914284152372,21.356662035375983,21.622914284152372,57179300
2012-11-20,21.55030059814453,21.6229149900812,21.348594295853115,21.590642781940993,47070400
2012-11-21,21.743934631347656,21.921435579514593,21.518023074583443,21.550295274751715,66360300
2012-11-23,22.34906005859375,22.4055375799158,21.94564743326821,21.969851205893637,57845700
2012-11-26,22.098939895629883,22.252237101757743,21.921438920411234,22.219964896671083,85198700
2012-11-27,21.848825454711914,22.09087238918567,21.81655324826729,22.0747370554118,45018600
2012-11-28,22.07473373413086,22.098937500598502,21.59870683424305,21.792344660467414,53018400
2012-11-29,21.743934631347656,22.074732762279474,21.671320257348324,21.873026509813897,69551400
2012-11-30,21.477680206298828,21.889159564312056,21.372792104141404,21.824613631790722,83690200
2012-12-03,21.324392318725586,21.63905368432906,21.300187006411054,21.606781473473436,53173800
2012-12-04,21.27597999572754,21.485753181613564,21.25177468709599,21.380866588670553,49777500
2012-12-05,21.51802635192871,21.727801071110648,21.187228170614027,21.284046324761498,68283800
2012-12-06,21.566436767578125,21.768143063284384,21.46961860742139,21.63098272064825,39182300
2012-12-07,21.348594665527344,21.639052238303602,21.275981811230263,21.639052238303602,46162100
2012-12-10,21.735872268676758,21.76007604084034,21.39700560831353,21.429277817497308,47031100
2012-12-11,22.042455673217773,22.179615965604704,21.82461258432741,21.82461258432741,52282800
2012-12-12,21.977922439575195,22.28451693561654,21.84883050615691,22.211902530706602,43966300
2012-12-13,21.87302589416504,22.20382401578605,21.743934019332283,22.042458402796836,45080100
2012-12-14,21.630985260009766,21.88916910259967,21.542235525930167,21.873033766610618,42077500
2012-12-17,21.864961624145508,21.961779779262322,21.526095003443,21.61484626138077,42046100
2012-12-18,22.236103057861328,22.29258057811867,21.897236397420247,21.985987665765798,50486900
2012-12-19,22.034393310546875,22.373259918108015,21.98598423486579,22.34098771395288,53519900
2012-12-20,22.33292007446289,22.33292007446289,21.90530219715921,22.07473627642928,52607300
2012-12-21,22.14734649658203,22.17961869581816,21.784274637072212,22.14734649658203,98776500
2012-12-24,21.832693099975586,21.985990344276434,21.784284010842708,21.945649693148567,20842400
2012-12-26,21.671329498291016,21.945650241729933,21.542237564778258,21.808489870010472,31631100
2012-12-27,21.75200653076172,21.856894667952986,21.437345196981788,21.695529013303467,39394000
2012-12-28,21.421205520629883,21.703594609865576,21.421205520629883,21.55029741189819,28239900
2012-12-31,21.55030059814453,21.598711218700284,21.275981442813407,21.45348243482695,42749500
2013-01-02,22.284507751464844,22.373257457302575,21.9052990067975,21.98598181665629,52899300
2013-01-03,21.985990524291992,22.308720352648947,21.913376120549525,22.292583476506795,48294400
2013-01-04,21.57450294494629,22.05859831172969,21.566434509295277,22.002120801069363,52521100
2013-01-07,21.534164428710938,21.687460104503813,21.49382224647842,21.59871038138607,37110400
2013-01-08,21.421205520629883,21.614844896429073,21.34859113942937,21.58257115416363,44703100
2013-01-09,21.542236328125,21.58257697794548,21.429279738612795,21.558371664714905,49047900
2013-01-10,21.348594665527344,21.76814415089372,21.211435854935207,21.501891888814477,71431300
2013-01-11,21.647117614746094,21.727800433432275,21.203364420317246,21.372796954551138,55512100
2013-01-14,21.695526123046875,21.848823320652123,21.59063953872543,21.703594558594176,48324400
2013-01-15,21.953712463378906,22.018259955279436,21.647119571335928,21.647119571335928,48244500
2013-01-16,21.816547393798828,21.96984302634346,21.79234209128819,21.905297091878232,41077400
2013-01-17,21.985990524291992,22.163491545164014,21.832693278735984,21.937581434762752,51685900
2013-01-18,21.985990524291992,22.018264276576293,21.816557941491045,21.864967031020285,52167700
2013-01-22,21.90529441833496,22.1473427972099,21.78427099834563,22.026317838324292,58650600
2013-01-23,22.276445388793945,22.300649161121527,21.9456471632095,21.9456471632095,50387700
2013-01-24,22.29258155822754,22.647585108320698,22.16348963799313,22.349060619865035,101739300
2013-01-25,22.494285583496094,22.776674707316143,22.098941425706794,22.252238642448578,81847700
2013-01-28,22.51848793029785,22.776671710483946,22.39746447569771,22.599170746330184,56056500
2013-01-29,22.599170684814453,22.695988832672338,22.268372524989374,22.44587348865997,49242600
2013-01-30,22.470075607299805,22.744396218807825,22.39746123725965,22.59916747872752,43580500
2013-01-31,22.14734649658203,22.566894320030944,22.107004323916197,22.42166711512355,50530000
2013-02-01,22.53463363647461,22.6314518225557,22.228039123124066,22.32485884810248,55565900
2013-02-04,22.139278411865234,22.607236849907224,22.123141542543927,22.48621340779054,50540000
2013-02-05,22.18769073486328,22.31678263057256,22.074735710841857,22.284510426093636,35410400
2013-02-06,22.05860710144043,22.219972800966666,21.985992690543362,22.09087931800726,41889600
2013-02-07,22.01018524169922,22.098934939958074,21.86495650413468,22.066662742108438,38028300
2013-02-08,22.228029251098633,22.357121134472028,22.034391426038543,22.06666516633021,33318500
2013-02-11,22.4781494140625,22.52655849269388,22.187691864480488,22.308715330507372,32247700
2013-02-12,22.494285583496094,22.591105283253253,22.38939898608135,22.494285583496094,35990900
2013-02-13,22.615306854248047,22.679852797116713,22.49428186483472,22.534624040938052,41715600
2013-02-14,22.62337875366211,22.639514087677494,22.486218411701508,22.52655905508531,32663200
2013-02-15,22.599170684814453,22.720194139085166,22.494282562588914,22.62337599122728,49650900
2013-02-19,22.818811416625977,22.851352356830525,22.615435195259835,22.680515524031502,38781400
2013-02-20,22.672393798828125,22.940850490559342,22.63985284146034,22.88390381516572,44110200
2013-02-21,22.363256454467773,22.56663274257858,22.15174492863598,22.56663274257858,49078500
2013-02-22,22.582904815673828,22.582904815673828,22.355122798285368,22.517824460939703,31425900
2013-02-25,22.265634536743164,22.8188166831568,22.265634536743164,22.75373633936474,48011800
2013-02-26,22.265634536743164,22.45274033119062,22.24122882595697,22.273768222034104,49923300
2013-02-27,22.623579025268555,22.77814544668686,22.233096904289905,22.306312495928154,36394700
2013-02-28,22.615440368652344,22.753736292882685,22.566630498817457,22.68052071231146,35840200
2013-03-01,22.737468719482422,22.76187288002863,22.387661269699944,22.550361362680203,34849700
2013-03-04,22.900165557861328,22.900165557861328,22.534089236954582,22.65611467725683,38157500
2013-03-05,23.0628719329834,23.21743835009828,22.90830551586852,23.014062057129536,41432200
2013-03-06,22.85135841369629,22.965248631324513,22.59917226681757,22.94897815690967,51448500
2013-03-07,22.89203643798828,23.005928224119643,22.78628144190709,22.867632274390044,29196700
2013-03-08,22.77814292907715,23.0465995515329,22.745601980106585,22.98151920522962,37667800
2013-03-11,22.672393798828125,22.753743088971085,22.509692115265704,22.729338922583494,36627500
2013-03-12,22.704931259155273,22.737472213734886,22.48528447065724,22.64798614027907,39255200
2013-03-13,22.713058471679688,22.79440927774364,22.574762566862233,22.672383844466495,29093400
2013-03-14,22.89203643798828,22.908306914812485,22.721201086248342,22.778146203494988,55914800
2013-03-15,22.810686111450195,22.908305864644174,22.761874683215208,22.802550873411032,92710300
2013-03-18,22.859495162963867,23.005926339107592,22.62357792325721,22.680523035838004,44809400
2013-03-19,22.92458152770996,22.95712093559109,22.80255603278862,22.875771640069093,51901600
2013-03-20,23.038463592529297,23.176759518045888,22.924573377976035,23.05473406650485,35447800
2013-03-21,22.86762809753418,23.07100436577511,22.81881667597715,22.86762809753418,34233200
2013-03-22,22.981515884399414,23.05473145736568,22.859490446668183,22.93270601963445,28720900
2013-03-25,22.908306121826172,23.062872543029556,22.74560446249229,23.022196352377076,44154000
2013-03-26,22.908306121826172,23.05473730489906,22.86763148281171,22.973386475232118,27824300
2013-03-27,23.079139709472656,23.144220053545325,22.84322249243561,22.892032362580665,36047400
2013-03-28,23.27438735961914,23.31506200436597,22.98966019147663,23.038470075500474,55453800
2013-04-01,23.27438735961914,23.31506200436597,23.071011032608524,23.298791525811943,29201100
2013-04-02,23.428943634033203,23.469619815457968,23.20116322460517,23.25810832696218,28456500
2013-04-03,23.233707427978516,23.55097550222227,23.217438503678263,23.388273846115833,35062800
2013-04-04,23.266246795654297,23.27438203306949,22.997790167504505,23.09540991321104,45263200
2013-04-05,23.347597122192383,23.41267746849352,22.86762898635728,22.95711349274769,50927300
2013-04-08,23.25811004638672,23.372000259520405,23.160488755388002,23.372000259520405,34759500
2013-04-09,24.087890625,24.258725980415665,23.331330504414957,23.37200514571256,77733800
2013-04-10,24.6329288482666,24.665468237306378,24.01466494013634,24.05533956434542,71116700
2013-04-11,23.5428409576416,23.754352496154254,23.372004058534525,23.673001665705076,130923200
2013-04-12,23.42081642150879,23.607922252854657,23.31505987221723,23.469626301068995,62886300
2013-04-15,23.33946990966797,23.575385664259393,23.193038692234072,23.306928949510045,56332900
2013-04-16,23.567249298095703,23.705545268881863,23.347604034078646,23.510304172178753,52797300
2013-04-17,23.45334815979004,23.624185009880907,23.26624238958761,23.469618631539188,52840700
2013-04-18,23.42081642150879,23.57538129872246,23.184899158964615,23.550977134761403,56906600
2013-04-19,24.218048095703125,24.60039494826416,24.087887399016903,24.09602263651453,99790700
2013-04-22,25.08035659790039,25.36508362995958,24.624794277588183,24.64919843211719,137904000
2013-04-23,24.89325523376465,25.137306131966767,24.714283126887842,24.974606050377947,59126900
2013-04-24,25.8369197845459,25.967080464436794,24.893254079518055,24.909524552413842,90946600
2013-04-25,25.98335075378418,26.715504960907897,25.657949056355605,25.796243420079772,110700200
2013-04-26,25.861328125,26.015892978322178,25.58473626418219,25.950812631755507,47799300
2013-04-29,26.528406143188477,26.585351261233235,25.845061623375184,25.869465787315455,59116400
2013-04-30,26.927019119262695,26.935155908565626,26.259945147111775,26.48772869845599,75165200
2013-05-01,26.61788558959961,26.91074789708818,26.520262751586476,26.78872090120947,54330900
2013-05-02,26.975833892822266,26.98396757985869,26.349434479625316,26.544677104538177,46059500
2013-05-03,27.244287490844727,27.268691651088886,26.910750519979775,27.032774424476287,46784600
2013-05-06,27.455806732177734,27.585967469591804,27.049054039849175,27.187348465668038,40978300
2013-05-07,27.097862243652344,27.488344409256985,27.040917121789775,27.374454165531848,43078300
2013-05-08,26.837539672851562,27.040915986184466,26.560947762587762,26.902618479414436,51595700
2013-05-09,26.569080352783203,26.84567225162799,26.512135235663052,26.72364522735559,46417800
2013-05-10,26.593482971191406,26.617890236593457,26.29248692629108,26.57721249534869,36394900
2013-05-13,26.87007713317871,26.902618087624376,26.479594989659383,26.528406421327883,36027600
2013-05-14,27.468097686767578,27.468097686767578,26.870075036381323,26.919228738823907,56870100
2013-05-15,27.730253219604492,27.771216213681353,27.386186569630258,27.402571142253464,46303900
2013-05-16,27.91866683959961,27.976011266057068,27.484483592802874,27.55821258753916,59382900
2013-05-17,28.565845489501953,28.565845489501953,27.935053554397815,27.959631973972623,60666700
2013-05-20,28.737871170043945,28.75425261024578,28.410186115354097,28.451145965931257,54020800
2013-05-21,28.549455642700195,28.893525327832435,28.442960636025084,28.754258059434164,48702400
2013-05-22,28.35284423828125,28.541262067836332,28.14804184202095,28.50030221359159,66047500
2013-05-23,27.976009368896484,28.303691337141046,27.77120696685489,28.041544512530734,51102700
2013-05-24,28.074316024780273,28.08250674653957,27.771209319095625,27.78759076261422,33174400
2013-05-28,28.6887264251709,28.819799862934303,28.18900796712377,28.197198689780183,48212100
2013-05-29,28.57402992248535,28.688718759252644,28.32007383747461,28.459341085718055,38412200
2013-05-30,28.6969051361084,28.87713220948406,28.51668118776869,28.54944718971667,51131000
2013-05-31,28.59040641784668,28.90170370833044,28.500292892956708,28.52486817245923,56165700
2013-06-03,29.15567398071289,29.188443119432897,28.533075970218082,28.606801844782495,51252600
2013-06-04,28.664146423339844,29.278553647868073,28.48391930413314,29.1802462419171,65529500
2013-06-05,28.492103576660156,28.582217115867586,28.20538152012382,28.344645626145457,46025100
2013-06-06,28.639556884765625,28.76243953195421,28.254530631976746,28.541252642036074,37618500
2013-06-07,29.22120475769043,29.3113183131588,28.721489529701778,28.877138227760216,40757300
2013-06-10,29.057361602783203,29.204819560947893,28.787020971135867,29.0901276073472,35994500
2013-06-11,28.541257858276367,28.81978920111115,28.4101844690033,28.713291095753,39435900
2013-06-12,28.67232894897461,28.89351586158529,28.54944628917895,28.787017764764773,37372700
2013-06-13,28.442964553833008,28.68872686275833,28.336466407451688,28.66415156937699,45654900
2013-06-14,28.180809020996094,28.41837740915407,28.057926341747624,28.303688575208216,53192600
2013-06-17,28.67232894897461,28.803402327739917,28.369222346524058,28.41837291041364,49670100
2013-06-18,28.655948638916016,28.811597322726406,28.590413502325017,28.647757918730758,28616500
2013-06-19,28.336469650268555,28.746074587031593,28.336469650268555,28.639576428462657,30816200
2013-06-20,27.435338973999023,28.1234753660398,27.337031542966383,28.06612780208532,54493700
2013-06-21,27.25510025024414,27.631935867611773,27.074873161487353,27.574591453013927,85338500
2013-06-24,27.62374496459961,28.016965144251323,26.681652802388324,26.9847594382589,56109000
2013-06-25,27.582786560058594,28.16442776854816,27.41075328890269,27.918665506177334,44073400
2013-06-26,28.139854431152344,28.24635257657186,27.76301868586764,27.951436558509993,48665900
2013-06-27,28.361038208007812,28.492111631628024,28.262733921551884,28.279118490134024,28993100
2013-06-28,28.29549217224121,28.500294513166462,28.131649674493865,28.16441879905048,65545500
2013-07-01,28.14804458618164,28.664147550082845,28.123469296246252,28.467535855489146,31055400
2013-07-02,27.803979873657227,28.213584779353614,27.550026832149424,28.189009485023806,37630000
2013-07-03,27.861318588256836,28.156234559793987,27.525442759569923,27.574596463171712,15994400
2013-07-05,28.025163650512695,28.049742067032074,27.509063779161757,27.926859359546384,26085900
2013-07-08,28.123470306396484,28.336463451906237,27.83674503835849,28.139851750250557,32396900
2013-07-09,28.139854431152344,28.34465687424672,27.967821128962015,28.328275428831976,25318500
2013-07-10,28.426576614379883,28.516690179481788,28.115276059947018,28.131660628605268,29658800
2013-07-11,29.237586975097656,29.303125237457746,28.590413821991703,28.672333524905465,53638300
2013-07-12,29.22120475769043,29.27035845841043,28.901713515601916,29.147478894165328,35501200
2013-07-15,29.630802154541016,29.671765124094915,29.14747161417758,29.213006740399337,34142600
2013-07-16,29.712736129760742,29.84380955647586,29.458779998296517,29.499739858200552,36378500
2013-07-17,29.27855682373047,29.811041267725123,29.07375439333935,29.770081406654317,37285100
2013-07-18,29.032794952392578,29.40143999711883,28.852570916666664,29.26217582746528,49547100
2013-07-19,25.72318458557129,26.76357972992203,25.411885583230124,26.542395858219585,248428500
2013-07-22,26.222900390625,26.222900390625,25.88702611051254,25.96894739073145,79040700
2013-07-23,26.067249298095703,26.247476410633563,25.977135741826775,26.140978287312407,65810400
2013-07-24,26.181936264038086,26.37035408406597,26.124591845987702,26.247474527545037,52803100
2013-07-25,25.714990615844727,25.927985314022987,25.60030176394813,25.903410024341383,63213000
2013-07-26,25.903409957885742,25.903409957885742,25.567532562087496,25.60849398231578,38633600
2013-07-29,25.837865829467773,25.887017957110732,25.723175448276915,25.780519857613363,28870700
2013-07-30,26.091825485229492,26.313010884737142,25.84606167325015,26.034481064523128,45799500
2013-07-31,26.083637237548828,26.255670526284757,25.977139100458334,26.190133812120806,43898400
2013-08-01,25.944366455078125,26.28843452783722,25.887022036704643,26.26385924140185,42557900
2013-08-02,26.124591827392578,26.132784110325115,25.862445023624165,25.96075085629642,29199900
2013-08-05,25.96894645690918,26.214708726210038,25.919792753034287,26.132787448936952,30984000
2013-08-06,25.870635986328125,25.944364966440233,25.70679346107497,25.846059138784714,36331500
2013-08-07,26.26386260986328,26.29662862096736,25.600301665675712,25.83787321514202,38078600
2013-08-08,26.943801879882812,27.09125985042024,26.25566572572032,26.411317541863415,59034400
2013-08-09,26.78816032409668,26.95200290445025,26.599742450453125,26.845504758464834,26800700
2013-08-12,26.927417755126953,27.00934058734429,26.591541955627157,26.591541955627157,25493700
2013-08-13,26.58917808532715,26.853172158978357,26.572678062341748,26.820172113007555,39464100
2013-08-14,26.68817138671875,27.521405123475617,26.15193487558359,26.51492588990849,48519600
2013-08-15,26.226194381713867,26.54793705258853,25.442460378753925,26.39943995109892,33338000
2013-08-16,26.23443603515625,26.39118310990369,26.118939018778576,26.22618759701113,32866300
2013-08-19,25.896190643310547,26.374680254315468,25.887940632522522,26.20143474835289,27902500
2013-08-20,26.08594512939453,26.316939202739814,25.87969952189104,25.93744804022736,22979600
2013-08-21,26.077686309814453,26.40767728214688,26.019937810979847,26.077686309814453,37409100
2013-08-22,26.721179962158203,26.803680092028447,26.481934306121747,26.556182849475885,31169900
2013-08-23,28.66813850402832,29.03938121478707,28.049401701783104,29.014629602697745,225493800
2013-08-26,28.17314910888672,28.602137170574757,28.074148958905187,28.379394700761267,72786800
2013-08-27,27.43890953063965,28.13189477885779,27.348164122433648,27.65340668800066,58522300
2013-08-28,27.24091911315918,27.719407266713112,27.224419087580344,27.546161718722452,44257400
2013-08-29,27.678150177001953,27.719398654604557,27.05941357179152,27.166662131203985,45284700
2013-08-30,27.554405212402344,27.62040214827652,27.29865961162914,27.529653607774506,42790200
2013-09-03,26.300432205200195,26.45717926594303,25.81369414815537,26.193185210078482,154507000
2013-09-04,25.73944664001465,25.962190649993786,25.665198112178686,25.89619213342057,142320600
2013-09-05,25.76419448852539,25.937441573871954,25.533200472768264,25.656947491713684,71644900
2013-09-06,25.69819450378418,25.896190037478807,25.68169448259414,25.830191526247265,75434900
2013-09-09,26.118938446044922,26.226187021925742,25.73944735853753,25.755945807994827,49628500
2013-09-10,26.721179962158203,26.72943154867431,26.226191771169415,26.316938766968512,56881200
2013-09-11,27.00992202758789,27.166667532464686,26.836673351920364,26.869673399386343,39087500
2013-09-12,26.968669891357422,27.04291842324116,26.88617292129001,26.99342150002379,32860200
2013-09-13,27.249164581298828,27.282164628858332,26.820173404198496,27.034670566277537,40899000
2013-09-16,27.05941390991211,27.63690204473593,27.00166541113544,27.537905067841237,52839700
2013-09-17,27.16666030883789,27.612151389999134,27.1419118533479,27.57089976810661,84716500
2013-09-18,27.488399505615234,27.554399575043615,27.084160095064245,27.21615708686448,64099900
2013-09-19,27.752405166625977,27.785405215225634,27.48841107194442,27.620408119285198,42026600
2013-09-20,27.051164627075195,27.620401160238018,26.968664526362215,27.562652663267457,102904900
2013-09-23,27.00992202758789,27.19966757993067,26.81192488984975,26.844924937315728,39826100
2013-09-24,26.770679473876953,27.117170570829142,26.523185383617093,27.117170570829142,40685000
2013-09-25,26.820175170898438,27.059420810877832,26.729429754718833,26.80367829308975,28907500
2013-09-26,27.034666061401367,27.22441158266398,26.886169019185896,26.927417498233034,28504000
2013-09-27,27.447158813476562,27.843149901089614,27.11716466693698,27.125416251482047,55348000
2013-09-30,27.455406188964844,27.480157794585217,26.976918156753943,27.224412183556634,39839500
2013-10-01,27.702909469604492,27.727657933623078,27.471912266218382,27.51316075526869,36718700
2013-10-02,27.983396530151367,28.074145081572123,27.463659976290305,27.521408482274868,46946800
2013-10-03,27.93389892578125,28.049395934925275,27.5709047289772,27.95039894809575,38703800
2013-10-04,27.950397491455078,28.04114603592671,27.735900359602617,27.793648861165057,33008100
2013-10-07,27.471906661987305,27.8101492384916,27.38940970071595,27.719400692858706,35069300
2013-10-08,27.232662200927734,27.49665941150091,27.059416686818835,27.480159389148994,41017600
2013-10-09,27.282161712646484,27.513155726756395,27.1914131650869,27.282161712646484,35878600
2013-10-10,27.85140037536621,27.958648952893338,27.438909235554725,27.48016086718199,42875100
2013-10-11,28.15665626525879,28.164904706332027,27.785413475787347,27.785413475787347,30033300
2013-10-14,28.42064094543457,28.461889431140616,27.867901166388773,27.96690130855257,27757900
2013-10-15,28.453636169433594,28.866127250685093,28.43713614853667,28.60213006339151,47097800
2013-10-16,28.577381134033203,28.7918782550967,28.511384198591692,28.544381092783876,35111600
2013-10-17,28.808374404907227,28.866126049171225,28.35463486382832,28.42063494466885,31359200
2013-10-18,28.84136962890625,28.866121228616542,28.32163324083828,28.725872653780037,41811700
2013-10-21,28.86612892150879,29.039374430368454,28.80012883410089,28.857877337054113,27433500
2013-10-22,28.527883529663086,28.956871467306634,28.47838346898557,28.890874533460348,40438500
2013-10-23,27.85140037536621,28.45364020890171,27.77715184431784,28.338140046226073,58600500
2013-10-24,27.818401336669922,28.13189231293724,27.694652745419862,27.900898299465027,53209700
2013-10-25,29.47661781311035,29.93860904363929,29.262123795364143,29.600366419501718,113494000
2013-10-28,29.344623565673828,29.476620623114254,29.097129476355292,29.377623616798456,38383600
2013-10-29,29.303375244140625,29.468372353656378,29.088878057652714,29.394123811727194,31702200
2013-10-30,29.31987953186035,29.526125161971258,29.229130951082183,29.31162794430312,36997700
2013-10-31,29.212627410888672,29.443621481782493,29.15487889316522,29.41887301620335,41682300
2013-11-01,29.31161880493164,29.443615841163563,29.196121791610906,29.427115818252375,40264600
2013-11-04,29.649852752685547,29.68285278887578,29.32811026747243,29.361110303662663,28060700
2013-11-05,30.227346420288086,30.285094920834293,29.50961280845863,29.526112829622868,51681900
2013-11-06,31.49781608581543,31.530816124329668,30.573837036814904,30.7223340630721,88948800
2013-11-07,30.936840057373047,31.357579697447754,30.8790915410306,31.316331206782877,60437400
2013-11-08,31.16783332824707,31.16783332824707,30.804842213767778,31.07708476286274,36737800
2013-11-11,31.01108741760254,31.16783293497895,30.813090264075186,31.093584395788444,26872500
2013-11-12,30.82134437561035,31.019338398303223,30.68934731146236,30.837844402011136,31651600
2013-11-13,31.481327056884766,31.481327056884766,30.44185065725363,30.50784761026517,44957600
2013-11-14,31.365827560424805,31.45657611734977,31.118333498757092,31.24207895606208,46183700
2013-11-15,31.217323303222656,31.36582033542911,31.11832633077069,31.308071839244047,50601300
2013-11-18,30.6893310546875,31.00282509612154,30.582082513423323,30.81307646655547,53277500
2013-11-19,30.539714813232422,30.947020048261447,30.48152518016105,30.631148417374593,44275000
2013-11-20,30.82234001159668,31.096647200405993,30.639466438440625,30.68933874317426,32229900
2013-11-21,31.088333129882812,31.196391893394658,30.971957031530557,30.980271195446516,23064700
2013-11-22,31.229642868041992,31.321079647505666,31.030147322779904,31.19639255352347,27982000
2013-11-25,31.28782081604004,31.5455059270266,31.229634366933986,31.52888077429292,30646800
2013-11-26,31.046777725219727,31.296151980784046,31.046777725219727,31.229651333720128,34465300
2013-11-27,31.25457000732422,31.387568056128526,31.16313642514669,31.229633864087038,26002100
2013-11-29,31.695133209228516,31.82813127728846,31.43744806508309,31.43744806508309,22090400
2013-12-02,31.961139678955078,32.23544689573786,31.636956981427662,31.661893136337433,42950400
2013-12-03,31.84474754333496,31.99437072450358,31.653563072046875,31.70343535182096,52109800
2013-12-04,32.36845016479492,32.40170049058987,31.68683434062641,31.761645988202254,51983600
2013-12-05,31.58707046508789,32.31856140582232,30.905454987673068,32.29362208870052,116305000
2013-12-06,31.886316299438477,32.04425050724104,31.57875887543394,31.936188590889852,36457300
2013-12-09,32.177249908447266,32.31024797605916,31.894628618406497,32.0525660037059,30286000
2013-12-10,31.678504943847656,32.335184227693674,31.60369333972692,32.094124262090894,37828600
2013-12-11,31.26289176940918,31.83644539976745,31.080018218748116,31.636949863522997,39853400
2013-12-12,30.93870735168457,31.287826105340454,30.905457040596144,31.287826105340454,36012800
2013-12-13,30.49816131591797,31.12990480511848,30.439974832823907,31.104965475988518,40066100
2013-12-16,30.664400100708008,30.755836879860922,30.37346777697102,30.531402014010453,31734200
2013-12-17,30.356843948364258,30.847275009074007,30.198909704412678,30.70596275212816,45687700
2013-12-18,30.40671730041504,30.423339286260905,29.533914010059043,30.22384374686625,63192100
2013-12-19,30.132402420043945,30.381773392094,29.991093365221026,30.348523083574275,34160100
2013-12-20,30.589588165283203,30.697650100531483,30.08253197403106,30.090846138009493,62649100
2013-12-23,30.439958572387695,30.66439338911555,30.38177212037571,30.597895945783492,25128700
2013-12-24,30.82234001159668,30.897148468697136,30.456592865284566,30.523093499495776,14243000
2013-12-26,31.121585845947266,31.163150331121418,30.897150943891937,30.92209026918143,17612800
2013-12-27,30.996898651123047,31.27120583312806,30.8971477022806,31.237958687771933,14563000
2013-12-30,30.996898651123047,31.07171027729254,30.67271599469681,30.938712183093962,16290500
2013-12-31,31.096635818481445,31.237948028995085,30.938701626423715,31.0883248277094,17503500
2014-01-02,30.888830184936523,31.08832886956251,30.83895472104902,31.046764397527582,30632200
2014-01-03,30.6810302734375,30.938715495818116,30.423345051056884,30.92209033589759,31134800
2014-01-06,30.032665252685547,30.664405482645087,30.016040092564893,30.63115516240378,43603700
2014-01-07,30.265409469604492,30.331910106389316,30.09916104856732,30.198912003744557,35802800
2014-01-08,29.725107192993164,30.040978921554615,29.57548708043811,29.92460596127549,59971700
2014-01-09,29.533918380737305,29.849790064269357,29.425859602125595,29.82485391088587,36516300
2014-01-10,29.957849502563477,30.04928628520469,29.71678947031384,29.84147656862907,40548800
2014-01-13,29.076730728149414,29.941219778279464,28.95204681977483,29.916283630789376,45901900
2014-01-14,29.741724014282227,29.824849798974906,28.78580127224985,28.86892388601807,41623300
2014-01-15,30.556344985961914,30.581284312795933,29.79991760445116,29.841482092199453,44812600
2014-01-16,30.664400100708008,30.755836879860922,30.182283225526067,30.49815169960494,38018700
2014-01-17,30.240468978881836,30.61452707983309,30.049284431934403,30.61452707983309,46267500
2014-01-21,30.0659122467041,30.60621884959683,29.974478622900378,30.60621884959683,31567300
2014-01-22,29.866416931152344,30.19059962737284,29.716793660446715,30.14072414682927,21904300
2014-01-23,29.974472045898438,30.03265850779037,29.525602336225525,29.999408195016592,43954000
2014-01-24,30.59790802001953,31.213023089997773,30.365158949202705,31.129900460300732,76395500
2014-01-27,29.949541091918945,30.664407161623046,29.90797977480422,30.64778200059211,44420800
2014-01-28,30.149030685424805,30.24877845035315,29.716786142836273,30.024343601071166,36205500
2014-01-29,30.47321891784668,30.656092496367798,29.841478728930337,29.90797619416765,52745900
2014-01-30,30.639461517333984,30.656086673216564,30.115780205267615,30.581275057207083,35036300
2014-01-31,31.454082489013672,31.495643802981654,30.390097630993335,30.714280319238593,93162300
2014-02-03,30.323589324951172,31.578761617534067,30.282028021491463,31.370951929311328,64063100
2014-02-04,30.215532302856445,30.913773095438415,30.132409682447165,30.730902696353056,54697900
2014-02-05,29.774972915649414,30.31527939228436,29.758347759499568,30.165656157860045,55814400
2014-02-06,30.074220657348633,30.132407120873605,29.66691224174938,29.75834901898132,35351800
2014-02-07,30.390094757080078,30.41503090891772,29.932910833891988,30.190596029604848,33260500
2014-02-10,30.589588165283203,30.589588165283203,30.165657759192996,30.448279086894626,26767000
2014-02-11,30.897136688232422,30.97194828773347,30.63945475622491,30.656079908438873,32141400
2014-02-12,31.146516799926758,31.25457555374633,31.005204564350453,31.04676586742907,27051800
2014-02-13,31.26289176940918,31.470701469369704,31.03014592014919,31.03014592014919,37635500
2014-02-14,31.27120018005371,31.40419825020946,31.030143357906738,31.080015652387573,31407500
2014-02-18,31.33819007873535,31.63968040764244,31.329816767243962,31.514061567065195,32834000
2014-02-19,31.4135799407959,31.61457466886321,31.162338926738872,31.17071543753904,29750400
2014-02-20,31.61458396911621,31.71507976536191,31.321469898939686,31.46383867739578,27526100
2014-02-21,31.80718994140625,32.117053723565824,31.706694184027945,31.77369029071264,38021300
2014-02-24,31.564329147338867,31.807196875761864,31.43871022190517,31.564329147338867,32085100
2014-02-25,31.438705444335938,31.698319767602005,31.279583690382943,31.49732823957039,30736500
2014-02-26,31.380075454711914,31.60619326793337,31.14558113283299,31.47219788173199,41041800
2014-02-27,31.706682205200195,31.731805336377587,31.179074087565752,31.363318902070137,33903400
2014-02-28,32.08354949951172,32.20916836714415,31.673186864628242,31.80718224025722,41215000
2014-03-03,31.639694213867188,31.932811359186818,31.396829738228302,31.756939794114057,29717500
2014-03-04,32.16729736328125,32.22592014400749,31.882556773452986,31.991429021102544,26802400
2014-03-05,31.91604995727539,32.05004531391084,31.765304781722847,32.03329549499375,20520100
2014-03-06,31.949565887451172,32.02493851366292,31.731821325193724,31.941189376370463,23582200
2014-03-07,31.740182876586914,32.12541914245501,31.564311368515458,32.058419864198946,26591600
2014-03-10,31.67319679260254,31.832315352693417,31.589450854597395,31.815568720854593,19006600
2014-03-11,31.840686798095703,32.016555156751004,31.589445829344953,31.715064716369206,25216400
2014-03-12,32.05005645751953,32.18405186074436,31.64807024784503,31.656443562864276,30494100
2014-03-13,31.731809616088867,32.2007950277612,31.522441642169355,32.17566869849367,32169700
2014-03-14,31.57270050048828,31.941187094137508,31.41357874835351,31.530827532185388,27195600
2014-03-17,31.865812301635742,32.167302764394115,31.648070964478297,31.740193405288075,20479600
2014-03-18,33.12202072143555,33.41513787153472,32.00818449622573,32.04168095205498,64063900
2014-03-19,32.887516021728516,33.12200708953725,32.586025680430886,33.055011010749546,35597200
2014-03-20,33.775245666503906,34.043236438018624,32.862401102687535,32.87077441661525,59269800
2014-03-21,33.63288116455078,34.286108414358075,33.50725906510967,34.101866715134534,80721800
2014-03-24,33.91762161254883,34.034867200797805,33.38163995500913,33.7836261981639,46098400
2014-03-25,33.78363800048828,34.32799635861905,33.46539758213319,34.051628922880845,43193100
2014-03-26,33.323001861572266,34.0934743418693,33.163880183688285,33.900856221795046,41977500
2014-03-27,32.96290969848633,33.473768304259615,32.946159869396666,33.281150061783386,35369200
2014-03-28,33.75012969970703,34.03487038122071,33.23089781978313,33.32302027478799,43472700
2014-03-31,34.32798385620117,34.75509323486408,33.833875173989696,33.858998315469094,46886300
2014-04-01,34.68809127807617,34.83046318987575,34.394977334227605,34.4619766326515,32605000
2014-04-02,34.62947082519531,34.8890883320465,34.4787255882756,34.704843443655164,28666700
2014-04-03,34.34474182128906,34.57923626639053,34.093500739476625,34.57923626639053,30139600
2014-04-04,33.390010833740234,34.662968774840934,33.19739263928915,34.54572319514918,51409600
2014-04-07,33.33138656616211,33.724999447421574,33.28114028835183,33.46538196482669,37559600
2014-04-08,33.34814453125,33.44026698932743,32.82891263400814,33.2895217296922,35918600
2014-04-09,33.89250183105469,33.95949794753831,33.39839309251385,33.44026606465399,27398700
2014-04-10,32.96290969848633,34.07674617797118,32.736791797830776,33.86737810640529,45960800
2014-04-11,32.837276458740234,33.32301175375738,32.661408104903884,32.661408104903884,34330200
2014-04-14,32.81214904785156,33.004767200021384,32.57765793994078,32.75352627087387,32006600
2014-04-15,33.289520263671875,33.465388660600304,32.7032890792075,32.946156786224634,33968700
2014-04-16,33.83386993408203,33.85061656267297,33.423507250157186,33.54912932750413,30615800
2014-04-17,33.507259368896484,33.66638112225823,33.08852329323333,33.507259368896484,36688400
2014-04-21,33.4486198425293,33.62449133430913,33.32300099948785,33.60774151629671,22221200
2014-04-22,33.49050521850586,33.616124096181416,33.35650983216406,33.46537888720914,27056700
2014-04-23,33.23927307128906,33.490517306729465,33.05503134525677,33.490517306729465,24602800
2014-04-24,33.38163375854492,33.47375618784109,32.91264829790175,33.28113801508641,42381600
2014-04-25,33.423500061035156,34.06835374295593,33.28950469821405,33.741740245748325,56876800
2014-04-28,34.22747039794922,34.579210203134075,33.57424343865042,33.61611638827447,50610200
2014-04-29,33.92599105834961,34.495472303200856,33.82549530770007,34.42009969153812,29636200
2014-04-30,33.83386993408203,33.91761585584524,33.64124856356281,33.83386993408203,35458700
2014-05-01,33.49888610839844,33.80037659452646,33.457013139703484,33.69988083071803,28787400
2014-05-02,33.23927307128906,33.783631321805714,33.21414992562629,33.75850817614294,43416600
2014-05-05,33.021522521972656,33.19739088220184,32.912650263148855,33.09689513274263,22460900
2014-05-06,32.71166229248047,32.954526780310175,32.61953984774734,32.90428049751219,27112400
2014-05-07,33.013145446777344,33.08851805625547,32.25104603747732,32.84565359878349,41744500
2014-05-08,33.19739532470703,33.41513987149341,32.636290520878106,32.94615432008658,32120400
2014-05-09,33.11365509033203,33.37326945544165,32.971283139885216,33.11365509033203,29647600
2014-05-12,33.473758697509766,33.515631660865026,33.20576789839329,33.2811405103137,22782600
2014-05-13,34.08941650390625,34.15688844510969,33.60869018316903,33.667726523102424,27004800
2014-05-14,33.93761444091797,34.11472347830632,33.777370173266036,33.988215184606325,18818700
2014-05-15,33.39785385131836,34.072560569316764,33.321949506405545,33.811111555230376,37793200
2014-05-16,33.59183883666992,33.60027122406988,33.119544711259195,33.45689490034641,29867100
2014-05-19,33.52436447143555,33.583400830735584,33.279783430198094,33.40629175283548,24537400
2014-05-20,33.46531295776367,33.68459030483232,33.279768359847935,33.46531295776367,21320900
2014-05-21,34.03038024902344,34.03038024902344,33.51592117363796,33.566521912427774,22398700
2014-05-22,33.81953811645508,34.030383125204146,33.608693107706,33.97978238213766,20201800
2014-05-23,33.83640670776367,34.04725172027982,33.735202002583,34.04725172027982,18020000
2014-05-27,33.89545440673828,33.95449077263711,33.57497219678481,33.95449077263711,26160600
2014-05-28,33.74364471435547,33.89545342720558,33.58340361400949,33.853285055245124,25711500
2014-05-29,34.02195739746094,34.030389783875464,33.659303654073504,33.861716317663756,19888200
2014-05-30,34.527976989746094,34.55328057816357,33.946045931975576,34.114722580054405,34567600
2014-06-02,34.40148162841797,34.65449506334411,34.3087092849223,34.53642234152794,18504300
2014-06-03,33.97978973388672,34.308707503940454,33.946053753050386,34.24123554226779,18068900
2014-06-04,34.005088806152344,34.0472571719597,33.61713469314054,33.91231647103211,23209000
2014-06-05,34.75569534301758,34.7894313212849,34.07255947792411,34.23280054883394,31865200
2014-06-06,34.98340606689453,35.135214741861304,34.78099664509867,34.98340606689453,24060500
2014-06-09,34.80628967285156,34.98339868385507,34.59544469292194,34.90749436239084,15019200
2014-06-10,34.671356201171875,34.71352456245077,34.46051117753764,34.603884249333845,15117700
2014-06-11,34.46049880981445,34.637607793966026,34.38459449985827,34.51953513786498,18040000
2014-06-12,34.22437286376953,34.47738630104713,33.979791813597004,34.41834993959037,29818900
2014-06-13,34.77256393432617,35.05931332008427,34.46051417304942,34.66292361167866,26310000
2014-06-16,35.000274658203125,35.09304698530854,34.61232057870758,34.61232057870758,24205300
2014-06-17,35.15209197998047,35.34606906742883,34.02196222297305,34.82317417007931,22518600
2014-06-18,35.12678527832031,35.20268962211743,34.73039556990868,35.093049299468255,27097000
2014-06-19,35.00870132446289,35.22798191947783,34.856895888919304,35.05930528113694,19828200
2014-06-20,35.15209197998047,35.27860031482273,34.899078527536545,34.95811489253211,47764900
2014-06-23,35.413536071777344,35.42196845820554,35.16051943756947,35.19425541776254,18743900
2014-06-24,35.21112060546875,35.3713616727723,35.05087953816519,35.27859256048492,26509100
2014-06-25,35.44725799560547,35.46412598054408,34.96653168519209,35.16894428721627,20049100
2014-06-26,35.185813903808594,35.37135531225902,34.94123293671563,35.362922928018264,23604400
2014-06-27,35.63282012939453,35.666556115856,35.00871724882039,35.09305721497406,74640000
2014-06-30,35.1689567565918,35.599079264691994,35.1689567565918,35.56534328285346,30793100
2014-07-01,35.31233215332031,35.5484808243293,35.16052344240043,35.30389976593166,26917000
2014-07-02,35.33763885498047,35.33763885498047,35.02558580109237,35.19426251885119,20208100
2014-07-03,35.25328826904297,35.41353255040596,35.050878842491585,35.34606059672895,15969300
2014-07-07,35.413536071777344,35.5231731815446,35.177387427666005,35.21112340785908,21952400
2014-07-08,35.236427307128906,35.421971999500386,35.09305420283493,35.31233166153174,31218200
2014-07-09,35.14365005493164,35.41353466854207,35.02557734617459,35.405099065207985,18445900
2014-07-10,35.16051483154297,35.421963817929225,34.62075208812335,34.89063345983316,21854700
2014-07-11,35.49787139892578,35.49787139892578,34.98340898170019,35.168953648172376,24083000
2014-07-14,35.540042877197266,35.80149191038019,35.45570613990744,35.607514840821366,21881100
2014-07-15,35.801483154296875,35.81835114107744,35.447261866384,35.700278450852984,28748700
2014-07-16,37.17619705200195,37.3701740925842,35.82678693625963,35.852087310219105,63318000
2014-07-17,37.55570602416992,38.55089456637613,37.319560681015574,38.331617207338375,82180300
2014-07-18,37.69065856933594,37.81716688149781,37.31957245342915,37.656925807700794,43407500
2014-07-21,37.81717300415039,38.08705444436587,37.29427811588796,37.58102754827198,37604400
2014-07-22,37.80873107910156,38.07861245123709,37.60631844138005,37.95210415050618,43095800
2014-07-23,37.842472076416016,38.331634180682535,37.63162700745433,38.331634180682535,52362900
2014-07-24,37.446075439453125,37.95210218164591,37.37860349129965,37.893065835631404,30725300
2014-07-25,37.53042221069336,37.66536292590736,37.36174551236575,37.36174551236575,26737700
2014-07-28,37.08342742919922,37.53885027988546,37.04969144996615,37.412345183621525,29684200
2014-07-29,37.015968322753906,37.18464506024412,36.80512320520143,37.03283631822704,27763100
2014-07-30,36.7545166015625,37.19307154528262,36.50993553188887,37.16777116470971,31921400
2014-07-31,36.40028762817383,36.84727808408654,36.3328188882436,36.58583229315193,31537500
2014-08-01,36.14727020263672,36.47618791415632,35.92798958346389,36.44245193932363,31170300
2014-08-04,36.577396392822266,36.66173633860007,36.105105565426435,36.240046261430955,34277400
2014-08-05,36.332828521728516,36.653310751541476,36.121983425526956,36.52680562416505,26266400
2014-08-06,36.04606246948242,36.40871290815229,35.59906888357141,36.04606246948242,24634000
2014-08-07,36.45933151245117,36.644876215752,35.97017259089534,36.13041369641109,30314900
2014-08-08,36.43402099609375,36.5352257073573,36.18943999473706,36.45932136959969,28942700
2014-08-11,36.43402099609375,36.644866021282674,36.282212320578545,36.48462174310564,20351600
2014-08-12,36.70389938354492,36.76293572841354,36.265341380778395,36.29907735420032,21431100
2014-08-13,37.17619705200195,37.26053377669343,36.70390302890617,36.838843718756415,22889500
2014-08-14,37.33644485473633,37.46294996460668,37.1171641833764,37.176203762004384,19313200
2014-08-15,37.775001525878906,37.86777386655634,37.44608374874275,37.597892448534864,41611300
2014-08-18,38.04488754272461,38.04488754272461,37.68223374018851,37.90151121237187,26891100
2014-08-19,38.46918869018555,38.47767373986808,38.044864984733685,38.16367510428693,28139500
2014-08-20,38.1467170715332,38.5286092071164,38.10428533143157,38.47768917659389,24770500
2014-08-21,38.37586212158203,38.401320524656676,38.04488993227131,38.053374987517834,22285500
2014-08-22,38.31644821166992,38.58801523980068,38.24855483597006,38.486175176250896,18294500
2014-08-25,38.33342361450195,38.56255893314538,38.22310171974884,38.52861547794007,16910000
2014-08-26,38.197635650634766,38.52861100850431,38.138230564248175,38.45223257781664,14873100
2014-08-27,38.078819274902344,38.18914437622047,37.98546751512038,38.10428090587353,21287900
2014-08-28,38.087310791015625,38.17217426855202,37.85817551686637,37.976985680350985,17657600
2014-08-29,38.55405807495117,38.56254312594069,38.07032923521234,38.265517781305775,21607600
2014-09-02,38.265525817871094,38.579524567764835,38.06184894067826,38.55406617211603,22976800
2014-09-03,38.15520477294922,38.28250323942408,37.79028595554473,37.79028595554473,33684500
2014-09-04,38.40978240966797,38.41827069712912,37.951515244093045,37.96848858168221,26475500
2014-09-05,38.9614143371582,38.97838767901081,38.282496849723636,38.282496849723636,36939400
2014-09-08,39.436668395996094,39.71672051565531,39.02931779818783,39.05477619888374,45736700
2014-09-09,39.68275451660156,39.860972946769834,39.394214245535316,39.4366492091626,40302400
2014-09-10,39.75065231323242,39.83551577530954,39.27540850853329,39.73367897335029,27302400
2014-09-11,39.88645935058594,39.88645935058594,39.43667690875009,39.66581227647839,29216400
2014-09-12,39.63185119628906,39.9034182215769,39.54698447755267,39.81006644963403,38244700
2014-09-15,39.24147033691406,39.640332547050924,39.1226569417804,39.49606399467533,37667600
2014-09-16,39.68275451660156,39.75913291886419,39.28389240463734,39.36875585722551,27910600
2014-09-17,39.479095458984375,39.623364028924264,39.232986823674025,39.25844522134945,38311900
2014-09-18,39.61487579345703,39.7421742462778,39.42817225927568,39.5384973692314,35556600
2014-09-19,40.3277473449707,40.370179091186934,39.5469896177862,39.725208131629934,202522400
2014-09-22,39.93737030029297,40.208937362240164,39.8694769161388,40.141043978085996,38686100
2014-09-23,39.51304244995117,39.86947296947341,39.436664019005775,39.7591478498113,33430300
2014-09-24,39.95435333251953,39.979811739081896,39.3263523261853,39.57246104740652,26582700
2014-09-25,39.071746826171875,39.96282639920175,39.063258534974075,39.784611132062686,33077400
2014-09-26,39.385746002197266,39.563961271081716,38.83412361298205,38.978395428746545,27078800
2014-09-29,39.41120529174805,39.51304536541243,38.83412449032182,39.020828054705206,26091000
2014-09-30,39.34331130981445,39.445148136212886,39.04628264659538,39.35179636312501,33033100
2014-10-01,38.95292282104492,39.48756843268013,38.9104878547881,39.26692149987831,38088400
2014-10-02,38.834129333496094,39.12266977019435,38.732292484465844,38.893537669210055,25119400
2014-10-03,39.11417770385742,39.29239296704938,38.70682714341817,39.020825926756544,32453200
2014-10-06,39.11417770385742,39.29239296704938,38.969905892701206,39.13963610221785,20604000
2014-10-07,38.638938903808594,38.97839936799146,38.545587114291564,38.91899427235969,25723700
2014-10-08,39.699737548828125,39.79308931187051,38.47768605154763,38.59649620911648,33031000
2014-10-09,38.91049575805664,39.71671172068901,38.817147230398085,39.46211805810354,34422800
2014-10-10,37.36597442626953,39.13964906668808,37.29808426237588,38.69835167070491,51978100
2014-10-13,37.043479919433594,37.81574933285647,36.90769639302962,37.18774849990392,37100200
2014-10-14,37.11135482788086,37.66297699842896,36.96708630664005,37.23016496003994,38115700
2014-10-15,36.67854690551758,36.82281543021456,35.72805935080785,36.49184341489006,60218700
2014-10-16,36.271209716796875,36.5597501087939,35.82991245625233,36.092991211935065,49040400
2014-10-17,37.02650833129883,37.28958710519191,36.31364397451069,36.66158947976831,40683300
2014-10-20,37.408382415771484,37.45929919260125,36.33059972932073,36.542761599000016,34527900
2014-10-21,38.087310791015625,38.17217426855202,37.501741789078366,37.64601358569122,36433800
2014-10-22,37.662986755371094,38.248552517279904,37.535688302318064,38.18914743581093,33570900
2014-10-23,38.206119537353516,38.571038304425876,37.79028074324755,37.86665916513093,45451900
2014-10-24,39.14812088012695,39.80158002385805,38.34190488527252,39.74217494145833,61076700
2014-10-27,38.9614143371582,39.12265622875706,38.791684155966074,38.791684155966074,30371300
2014-10-28,39.45363235473633,39.46211740717112,38.84260498474293,38.9189834059921,29049800
2014-10-29,39.56395721435547,39.63185058830304,39.32633688020748,39.41120036030769,30276100
2014-10-30,39.08022689819336,39.30936217130599,38.84260657229914,39.30936217130599,30073900
2014-10-31,39.8440055847168,39.86097892524678,39.445140175596265,39.83551729578496,35849700
2014-11-03,40.25983810424805,40.276811443516294,39.65729912822581,39.793082605038336,23130400
2014-11-04,40.370174407958984,40.5059579224999,40.09860737887715,40.141039120170994,21530800
2014-11-05,40.61627960205078,40.65022628714642,40.107089037618444,40.565359574407324,22449600
2014-11-06,41.329132080078125,41.464915544613916,40.55686301853087,40.616268081931956,33037800
2014-11-07,41.31217956542969,41.51585324622694,40.981207406133066,41.51585324622694,28000600
2014-11-10,41.490386962890625,41.711037185391234,41.20184660546734,41.28671332078841,36370100
2014-11-11,41.47340393066406,41.54129728705943,41.28670367524362,41.456430591565216,23445200
2014-11-12,41.39704132080078,41.5158515024981,41.17639430298214,41.21034099413413,22722100
2014-11-13,42.10140609741211,42.13535277687523,41.337621996159505,41.42248869481732,26210400
2014-11-14,42.07597351074219,42.47483590837997,41.914728303071016,42.21175707453419,29081700
2014-11-17,41.974124908447266,42.186286886234406,41.702557835866514,41.93169316035681,30318600
2014-11-18,41.62397766113281,42.12783798788026,41.58981686595437,41.95703726974079,23995500
2014-11-19,41.179901123046875,41.63252030127722,40.932240220419565,41.55566013348781,26177500
2014-11-20,41.589820861816406,41.589820861816406,40.880998953648934,40.99201991976916,21510600
2014-11-21,40.97493362426758,41.88871367619972,40.62479363481463,41.8630947099174,42884800
2014-11-24,40.641868591308594,40.99200853389217,40.47106790420028,40.98346996552522,35434200
2014-11-25,40.53939437866211,40.96639451913168,40.522313982113026,40.70165325924964,28008000
2014-11-26,40.77851104736328,40.983472536300326,40.37712989614408,40.556472420621134,27163600
2014-11-28,40.82975769042969,41.1628173039284,40.658956969782125,40.949317217557144,21534400
2014-12-01,41.52150344848633,41.658143398342894,40.744363122848334,40.88954490205721,31191600
2014-12-02,41.384849548339844,41.88870980442002,41.16281092632674,41.70937054151494,25773500
2014-12-03,41.06032943725586,41.419007942313655,40.82974900211067,41.36776675969736,23534800
2014-12-04,41.709373474121094,41.89725457670915,41.16281382050402,41.32507269962393,30320400
2014-12-05,41.3506965637207,41.82039937583159,41.316539024637734,41.69229801657355,27313400
2014-12-08,40.73581314086914,41.29091135640754,40.522313075411496,41.21405120253269,26663100
2014-12-09,40.641868591308594,40.923686955947986,40.18070771344179,40.23194889689993,24330500
2014-12-10,40.052608489990234,40.701647173040655,39.88180780779211,40.63332885481263,30431800
2014-12-11,40.28318786621094,40.76997097729383,39.86472959259444,40.20633097566083,29060400
2014-12-12,40.09531784057617,40.761437083663736,39.85619552279247,39.9501360843054,34248400
2014-12-15,39.85618591308594,40.71018607329179,39.753706806031815,40.308808213266445,29247800
2014-12-16,38.566646575927734,39.57436701177732,38.5410276139534,39.19860811922827,47801400
2014-12-17,39.06196975708008,39.24130901343492,38.344609473908555,38.47270754655395,34970900
2014-12-18,40.582096099853516,40.582096099853516,39.574375449154815,39.779336961904015,40105600
2014-12-19,40.70164108276367,41.07739992117228,40.28317963688119,40.676022124480596,64551200
2014-12-22,40.97493362426758,41.094493143921866,40.74435315446892,40.80413291429606,26566000
2014-12-23,41.376319885253906,41.675218721095874,41.103040018840396,41.30799828977404,23648100
2014-12-24,41.111576080322266,41.538576252752286,41.06033814459244,41.538576252752286,11437800
2014-12-26,40.8895378112793,41.342156955860375,40.83829661731146,41.342156955860375,13197800
2014-12-29,40.52230453491211,40.80412286788876,40.36004243440116,40.73580455537239,14439500
2014-12-30,40.15509796142578,40.66749688253341,40.001377633542916,40.51377655465055,16384700
2014-12-31,39.66831588745117,40.51377438783606,39.66831588745117,39.907434936812116,21552500
2015-01-02,39.93305206298828,40.49669212317483,39.74517421476114,39.84765333722618,27913900
2015-01-05,39.56584167480469,39.90743989378617,39.49752007635652,39.599999216275656,39673900
2015-01-06,38.98512268066406,39.92452189268475,38.89118210791134,39.608542631587355,36447900
2015-01-07,39.48043441772461,39.676854100469185,38.848476005025134,39.2669343376432,29114100
2015-01-08,40.641868591308594,40.77850848944481,39.8988893488024,39.924508311655394,29645200
2015-01-09,40.3002815246582,40.83830273984657,40.05262386106649,40.65896342070155,23944200
2015-01-12,39.7963981628418,40.59916023702987,39.59143998993311,40.4966778928241,23651900
2015-01-13,39.59144592285156,40.915145451898624,39.3352465394476,40.1123865151657,35270600
2015-01-14,39.24985122680664,39.488973515238165,38.95949100765958,39.24985122680664,29719600
2015-01-15,38.83993148803711,39.608533026210004,38.78015173037394,39.47189311472954,32750800
2015-01-16,39.48897933959961,39.52313687919715,38.57519592811523,38.69475871884193,35695300
2015-01-20,39.61707305908203,39.839114959536516,38.916793079653424,39.540212902425104,36161900
2015-01-21,39.215702056884766,39.40358321253079,38.83994300334614,39.232782458102896,39081100
2015-01-22,40.249046325683594,40.25758489766426,39.35234641105165,39.608545921267414,35898000
2015-01-23,40.29172897338867,40.47106823030902,39.96720799104316,40.44544926724959,26211600
2015-01-26,40.14656066894531,40.2490430709472,39.48898317374277,40.13802209765512,42525500
2015-01-27,36.431663513183594,36.892824594329184,35.96196385990727,36.679324455771436,169164000
2015-01-28,35.17627716064453,36.542679827447365,35.15065818977271,36.49998045674328,84507100
2015-01-29,35.87656021118164,35.97050078909692,34.83468179787974,34.95424134877066,63585300
2015-01-30,34.50161361694336,35.5093342372253,34.458910995501356,35.483712012809576,78004900
2015-02-02,35.253135681152344,35.329995847923875,34.356435907319835,34.663876574405954,50352500
2015-02-03,35.52642059326172,35.8082423306805,35.05672095531723,35.55204282432473,52082400
2015-02-04,35.73138427734375,36.04736357871007,35.321464391252775,35.816783031955076,41614800
2015-02-05,36.252315521240234,36.414574415003784,35.7484551842607,36.05589583160452,36548200
2015-02-06,36.2181510925293,36.542672105258326,35.996112457137315,36.44873155490894,34616600
2015-02-09,36.17546081542969,36.49998190965424,36.047359440465094,36.07298167010999,31381100
2015-02-10,36.38042068481445,36.525602466591444,36.02174203175383,36.4999834935881,29670700
2015-02-11,36.19253158569336,36.42311204462391,36.04734984884712,36.42311204462391,38262500
2015-02-12,36.79887390136719,36.79887390136719,36.30355215228472,36.43165350332403,33268800
2015-02-13,37.46498107910156,37.46498107910156,36.850103261691665,37.046522881201234,40264900
2015-02-17,37.48219680786133,37.8434279543945,37.146763667733154,37.81762666705266,33695700
2015-02-18,37.43920135498047,37.58541634865898,37.31879093720865,37.52521113977307,27111700
2015-02-19,37.41338348388672,37.439184767424244,37.02634782614199,37.138158856365216,27603400
2015-02-20,37.7230224609375,37.7402244150403,37.232778252288156,37.421993185544416,29721100
2015-02-23,37.972442626953125,38.00684325127981,37.542403653968094,37.585406895079196,32518800
2015-02-24,37.920833587646484,38.10144915372237,37.77461864301121,37.97243944121247,25271700
2015-02-25,37.834815979003906,37.92082242870143,37.67139913126858,37.800412086750605,29759800
2015-02-26,37.895023345947266,38.04123497509297,37.74880843586563,37.83481817148304,28957300
2015-02-27,37.71442413330078,38.0154534429349,37.55101047214236,37.955248237195605,33807700
2015-03-02,37.740234375,38.00685653161401,37.45640697880532,37.559615449722415,31924000
2015-03-03,37.22416687011719,37.697212294219646,37.0607532660232,37.46499088991567,31748600
2015-03-04,37.03495407104492,37.16396378231306,36.88013979277381,36.99194755301886,25748700
2015-03-05,37.07796096801758,37.189772020235935,36.8285375749678,37.04355706257547,23193500
2015-03-06,36.432899475097656,37.07795788427166,36.25228390795375,36.98334879264293,36248800
2015-03-09,36.854331970214844,37.095155982328016,36.28668076034357,36.28668076034357,32108000
2015-03-10,36.149078369140625,36.73393168907332,36.149078369140625,36.42430307488104,39159700
2015-03-11,36.10606002807617,36.441489792895304,35.985649679775555,36.38988723272985,32215300
2015-03-12,35.28040313720703,35.82225324476279,35.1427907760272,35.54702852240312,59992500
2015-03-13,35.59001922607422,35.66742635701363,34.92775894602288,35.00516607696228,58007700
2015-03-16,35.74483871459961,35.81364324053068,35.50401467149882,35.66743157234164,35273500
2015-03-17,35.86525344848633,35.97706450774824,35.39221120213745,35.58142613211468,31673400
2015-03-18,36.553306579589844,36.83713382905733,35.54701712624827,35.633023594060965,44194800
2015-03-19,36.37270736694336,36.63073016721961,36.3125021562435,36.34690279025919,33879100
2015-03-20,36.880149841308594,36.966156338921074,36.544719907307304,36.604925111823555,71904500
2015-03-23,36.86293411254883,37.09515550646305,36.794126315417344,36.8801360618317,26246100
2015-03-24,36.897342681884766,37.129560824258725,36.76832968639988,36.79413097312215,25513300
2015-03-25,35.65884017944336,36.923156140614495,35.64163822231217,36.914553521579975,43469900
2015-03-26,35.443817138671875,35.787849685466654,35.19439370629254,35.45241975685738,37495600
2015-03-27,35.237403869628906,35.63303904259131,35.116993450113206,35.3664136272795,34401400
2015-03-30,35.22880172729492,35.72764865025395,35.18579847416277,35.34921214844009,35049700
2015-03-31,34.97076416015625,35.28899203607877,34.867555740034234,35.073972580278266,34887200
2015-04-01,35.022377014160156,35.05677764045563,34.669745167368504,34.919165292462225,36865300
2015-04-02,34.65254211425781,35.03957785600181,34.506327153626934,34.97077004371973,37487500
2015-04-06,35.736228942871094,35.9340464266024,34.55792337415151,34.6955356793966,39223700
2015-04-07,35.71903991699219,36.04587049054073,35.52982497941132,35.787847734976026,28809400
2015-04-08,35.624420166015625,35.85664156093595,35.29759297103416,35.658824064730425,24753400
2015-04-09,35.6760368347168,35.79644723580299,35.478219278512725,35.478219278512725,25723900
2015-04-10,35.8824462890625,36.080263786170065,35.61582099421159,35.80503915706942,28022000
2015-04-13,35.91685485839844,36.17488087612234,35.59862692572596,35.60722954281655,30276700
2015-04-14,35.82223892211914,36.149066098661486,35.598616874025765,35.951248613616535,24244400
2015-04-15,36.346893310546875,36.51890955951308,35.84804979757564,35.91685432859989,27343600
2015-04-16,36.260887145996094,36.41570144333591,35.96846050445834,36.080271559412004,22509700
2015-04-17,35.796443939208984,35.899655657152685,35.40080886323597,35.839447181217,42387600
2015-04-20,36.905948638916016,37.12956748615047,35.84805304131438,35.89105628721285,46057700
2015-04-21,36.673728942871094,37.11237060263017,36.57911982876865,36.983357577774555,26013800
2015-04-22,36.974754333496094,37.0951647274711,36.59631791707503,36.69952635749115,25064300
2015-04-23,37.275779724121094,37.50800117205779,36.811336828247704,36.88874397755993,46309500
2015-04-24,41.17192840576172,41.40414983389224,39.26255768713883,39.271157022579146,130933700
2015-04-27,41.30953598022461,41.39554572940302,40.61287505702996,40.62147439147957,59248200
2015-04-28,42.28143310546875,42.32443634801679,41.02572004981816,41.09452458170761,60730800
2015-04-29,42.19541931152344,42.41043876795631,41.71377454797666,41.902992719537274,47804600
2015-04-30,41.83417510986328,42.60824628390147,41.79977121747586,41.88578094844441,64725500
2015-05-01,41.851383209228516,42.040601364243244,41.62776443770439,41.78257869527349,38937300
2015-05-04,41.49015808105469,42.03200477934387,41.43855222748284,41.601965842388616,34039500
2015-05-05,40.9397087097168,41.42135353817283,40.690288600153124,41.12892690677755,50369200
2015-05-06,39.804412841796875,41.085930635855114,39.580793982647045,40.91391436215812,52433000
2015-05-07,40.16564178466797,40.501071667429116,39.7011988942585,39.79580799574233,32971700
2015-05-08,41.06871032714844,41.26652780516897,40.870892849127905,40.89669413032395,35364900
2015-05-11,40.74188995361328,41.20633281557959,40.74188995361328,40.896704240935385,24609400
2015-05-12,40.72468566894531,41.00851293975766,39.92481299057539,40.29464673566844,29928300
2015-05-13,40.96549987792969,41.558952282387864,40.9138940371758,41.44714126788906,34184600
2015-05-14,41.90300369262695,41.98901018534791,41.30954773766525,41.30954773766525,32980900
2015-05-15,41.54176712036133,42.066415230066866,41.32674761841232,42.03201132233009,28642700
2015-05-18,41.29233169555664,41.47295051815018,40.94830256110512,41.26653041273025,24136500
2015-05-19,41.1884651184082,41.387568265908875,40.84219676485761,41.171151370504695,28574800
2015-05-20,41.1884651184082,41.49144745107015,40.92010697929351,41.02398616445478,25047900
2015-05-21,41.049949645996094,41.20577005403164,40.69502611708388,40.92875672913719,22410700
2015-05-22,40.599796295166016,40.98934392496722,40.53054132846269,40.94606122190693,25720600
2015-05-26,40.331451416015625,40.58249579886355,39.98518307400058,40.53921308167658,29581900
2015-05-27,41.21442413330078,41.35293078081114,40.357411981527385,40.530546116480075,27335600
2015-05-28,41.07590866088867,41.569338693025166,41.02396744088442,41.119191359763086,19283700
2015-05-29,40.565185546875,41.17980876976464,40.331454891214165,41.05861583029456,36519600
2015-06-01,40.88548278808594,41.35294411248422,40.35742499225751,40.7383208724013,28837300
2015-06-02,40.61711502075195,40.98935228707484,40.35741544715114,40.62577354448555,21498300
2015-06-03,40.5565185546875,41.326965356104495,40.530549588010935,41.006666023217036,28002200
2015-06-04,40.1323356628418,40.82486882697127,39.9938290300159,40.50457285773488,27745500
2015-06-05,39.94188690185547,40.27084138573109,39.68218738395726,40.08905205342819,25438100
2015-06-08,39.58696746826172,40.192935272933326,39.5350262385154,40.08039759294573,22121600
2015-06-09,39.51772689819336,39.76876799017173,39.35324794225673,39.61294755942113,24406100
2015-06-10,40.3487663269043,40.539214250730595,39.55235043820682,39.638919177336845,28417400
2015-06-11,40.201602935791016,40.61712299558809,39.93324808802659,40.39205086821213,27347800
2015-06-12,39.79472732543945,40.22756098074418,39.73413087787749,40.01114415309182,23931000
2015-06-15,39.37055969238281,39.517724892738805,38.972353412788344,39.34459072266219,33254500
2015-06-16,39.673545837402344,40.028469404710826,39.21473978532576,39.2580225028493,27070300
2015-06-17,39.79472732543945,39.88129273559691,39.26666973760629,39.586965717899346,28704100
2015-06-18,40.4439811706543,40.513232844085664,39.96786146843053,40.0111474793665,32658300
2015-06-19,39.90726852416992,40.53920867499332,39.812047877613104,40.504581184103955,63837000
2015-06-22,40.01980972290039,40.44398826779152,39.959213259667315,40.10637845770449,20318100
2015-06-23,39.742801666259766,40.06309777202098,39.49175725530043,39.93324960591996,25896500
2015-06-24,39.509063720703125,40.037121418037664,39.43115351450197,39.53503268868371,34890900
2015-06-25,39.51772689819336,39.87265047884533,39.38787543848126,39.84667820554703,20616000
2015-06-26,39.180110931396484,40.06309220774007,38.98100779588659,39.517724041792796,49835300
2015-06-29,38.409671783447266,39.15414647293008,38.40101656014953,38.98967081219362,34081700
2015-06-30,38.219215393066406,38.71264552574034,38.03742273714001,38.70398700284632,35945400
2015-07-01,38.478919982910156,39.154139557717365,38.17593438484227,38.487575204679246,28343900
2015-07-02,38.43564987182617,38.738632266976566,38.141322701282746,38.504901575463215,21752000
2015-07-06,38.42696762084961,38.504877803253734,38.04607523035079,38.05473044961418,23034000
2015-07-07,38.34906005859375,38.51353895616159,37.50070651570757,38.38368754252999,36435800
2015-07-08,38.29712677001953,38.8684671150819,38.11533410848135,38.47025760613738,39785900
2015-07-09,38.53950881958008,39.14547659360586,38.52219507720692,38.73861190348337,32424700
2015-07-10,38.61742401123047,39.07622668564228,38.582796521998866,38.96368899676913,25465800
2015-07-13,39.4224967956543,39.49174847505938,38.911752863787115,38.937721830781605,28178300
2015-07-14,39.49174880981445,39.78607587986432,39.223394009238525,39.344586925919174,22880300
2015-07-15,39.61294937133789,39.72548708808526,39.32728077006836,39.543697677981015,26629600
2015-07-16,40.392032623291016,40.41800158334204,39.79472342630864,39.82934760562387,26271700
2015-07-17,40.35741424560547,40.49592090088615,40.04577344565916,40.29681779031137,29467100
2015-07-20,40.61711502075195,40.79890769430584,40.2015950425388,40.38338771609269,30631900
2015-07-21,40.92876052856445,40.972046547683156,40.23622715204028,40.49592675545439,42781900
2015-07-22,39.4224967956543,40.6257740328687,39.12816972809932,39.33592806857384,59152400
2015-07-23,39.915916442871094,40.019795585680534,39.04159069263794,39.18875583868819,33934000
2015-07-24,39.768760681152344,40.09771523030793,39.647567768900075,39.74279171488663,32333200
2015-07-27,39.258018493652344,39.82935889249046,39.171453067445704,39.768762433693944,39701400
2015-07-28,39.249366760253906,39.50906636421418,38.773250269283466,39.4571284247779,34328900
2015-07-29,40.071746826171875,40.495922025005186,39.18010711218369,39.301303328395306,40945900
2015-07-30,40.582496643066406,41.032644176146135,39.76011179036804,40.045780371552276,39777900
2015-07-31,40.42667770385742,41.006673412543186,40.25354352287695,40.9374217215069,31201500
2015-08-03,40.52189636230469,40.6863719964557,40.210255537800116,40.66905825039884,24125900
2015-08-04,41.15385055541992,41.30101250545652,40.40937567291275,40.46997215848791,33403900
2015-08-05,41.1884651184082,41.90696749397501,41.153837622601195,41.53473016969904,26959700
2015-08-06,40.35741424560547,41.35293310073851,40.1063732032124,41.30099186666108,27368000
2015-08-07,40.461307525634766,40.49593172201269,40.04578414649944,40.15832186594276,19163000
2015-08-10,40.9720458984375,41.11055257154755,40.54786735451697,40.643091311453794,23079900
2015-08-11,40.17562484741211,40.63442752348678,39.734135916015994,40.5305483576746,29237400
2015-08-12,40.461307525634766,40.599814217926536,39.569667598137755,39.98518767501305,30181400
2015-08-13,40.452640533447266,40.772936573162944,40.244882189621705,40.73831238403158,22627200
2015-08-14,40.68637466430664,40.7729400980077,40.27085463847424,40.27950986094049,21473400
2015-08-17,40.96339797973633,41.075935712731656,40.31414716226089,40.52190887684762,21099700
2015-08-18,41.18994140625,41.32936142478379,40.69325738247115,40.81524948318379,23574100
2015-08-19,40.61484146118164,41.024389301032556,40.34471366748736,40.76297380595727,31485500
2015-08-20,39.78702926635742,40.49284504499558,39.78702926635742,40.144293304524346,36238200
2015-08-21,37.5301628112793,39.630178768776595,37.5301628112793,39.47333082804771,70053100
2015-08-24,36.318946838378906,37.19903501203617,34.611050916329354,35.24715490798959,88753700
2015-08-25,35.26459503173828,37.678307446720716,35.1948833418731,37.094483678226986,70616600
2015-08-26,37.21647262573242,37.329752450048446,35.77870404771723,36.606508687770194,63408000
2015-08-27,38.25341033935547,38.29697847752067,37.40817449800001,37.66958665102705,50943200
2015-08-28,38.27954864501953,38.47125243221201,37.80900479865747,37.8177204202766,28246700
2015-08-31,37.92227554321289,38.279539491344664,37.55629597554612,37.95713137328304,34441700
2015-09-01,36.44094467163086,37.11190460188569,36.30152464222957,36.74592494718501,49688900
2015-09-02,37.78288269042969,37.8003106179851,36.49324596766509,36.911506256883015,37671500
2015-09-03,37.904850006103516,38.323110021079756,37.71314625272623,37.82642604554327,28285200
2015-09-04,37.12932586669922,37.50401775181909,36.77206189763551,37.3036017032258,37138800
2015-09-08,38.24468231201172,38.34053417930555,37.64343422267059,37.730570470736915,32469800
2015-09-09,37.5301628112793,38.6890944484388,37.390742788857565,38.523530886538566,33469500
2015-09-10,37.721866607666016,38.15755459345832,37.251322785241804,37.57373096399815,31366600
2015-09-11,37.88743209838867,37.983284000397724,37.4168882107275,37.591164094013415,27132500
2015-09-14,37.504024505615234,37.852572917400565,37.34717655689934,37.84386061982111,23656000
2015-09-15,38.323123931884766,38.593251743875236,37.53888736564962,37.63473595309495,28882200
2015-09-16,38.60194396972656,38.67165562329393,38.201111933818,38.31439170884767,23372200
2015-09-17,38.55838394165039,39.2119158728648,38.41025163277873,38.5932397757503,32768200
2015-09-18,37.88743209838867,38.331835766969554,37.75672767895123,37.90486001912086,63143700
2015-09-21,38.436405181884766,38.75010114955046,37.99200145301289,38.00942937610947,26177200
2015-09-22,38.25341033935547,38.38411475385106,37.739298331320065,37.800294389558516,28085900
2015-09-23,38.227256774902344,38.48866885939303,37.91356094389951,38.27954052141448,17145200
2015-09-24,38.262123107910156,38.45382690703758,37.70444295485137,37.86129091340365,27905600
2015-09-25,38.28825378417969,38.97664150581833,38.13140586471683,38.75879754256826,29384600
2015-09-28,37.721866607666016,38.41896672012659,37.65215493440219,38.192410430090234,27613800
2015-09-29,37.85257339477539,37.9658532089512,37.5127372762837,37.79157733884282,32763600
2015-09-30,38.567100524902344,38.601956362876486,38.04427625143286,38.23598003625498,34958900
2015-10-01,38.87208557128906,38.99407768471395,38.12270164706671,38.99407768471395,28657900
2015-10-02,39.7086067199707,39.7086067199707,38.2708348938296,38.57581850872649,41839000
2015-10-05,40.63228225708008,40.85883865735706,39.821901943258645,39.8654700982307,34369300
2015-10-06,40.73681640625,41.11150824553507,40.27498832137827,40.37084018594441,27017200
2015-10-07,40.78040313720703,41.25965935468842,40.03973473964818,41.041815317284495,27711500
2015-10-08,41.346778869628906,41.40777490453517,40.518971264999415,40.57125500521961,33772700
2015-10-09,41.05051803588867,41.42520992836081,40.8849544921239,41.34678596658675,28600600
2015-10-12,40.954673767089844,41.01566982379882,40.518985748291016,40.937245847453596,19769100
2015-10-13,40.85881042480469,41.06794207781713,40.571258141451786,40.571258141451786,19987800
2015-10-14,40.67583084106445,41.041807155586504,40.54512311500055,40.649690625465894,24697800
2015-10-15,40.963401794433594,40.980829720761996,40.54514153466319,40.963401794433594,27189400
2015-10-16,41.39906692504883,41.42521046200041,40.8675304262165,40.97209460191718,26450300
2015-10-19,41.49492263793945,41.72148225092925,40.97209838710004,41.32064677964781,29387600
2015-10-20,41.62562942504883,41.66048526072913,40.97209746420262,41.338073766739484,30802200
2015-10-21,41.12894821166992,41.81733605524403,41.0505242380471,41.75633667661679,25144300
2015-10-22,41.85219192504883,42.65385964458731,41.033099609117635,41.416503886440246,56637100
2015-10-23,46.069664001464844,47.11531622516447,45.52941162676747,45.57297977691396,135227100
2015-10-26,47.272151947021484,47.33314800619154,45.74724381969821,45.7733840381894,64633300
2015-10-27,46.784183502197266,47.37671954005568,46.68833491951572,47.045599001985984,50999900
2015-10-28,47.036865234375,47.036865234375,46.06092527015756,46.65346107944116,47000800
2015-10-29,46.49662780761719,46.90617562579917,46.37463568918917,46.65347576674918,30202100
2015-10-30,45.86923599243164,47.04559568646897,45.851808072071535,46.461771988531346,46619800
2015-11-02,46.39206314086914,46.49662733788881,45.85180758752307,46.05222368349239,30285000
2015-11-03,47.18500900268555,47.394137369139585,46.09578906563404,46.12192928043193,36596900
2015-11-04,47.40285110473633,47.82111114504435,47.1065831606804,47.21114733974858,37087800
2015-11-05,47.38542556762695,47.664265608504536,47.05430177257151,47.48127745493528,31468500
2015-11-06,47.85596466064453,47.90824841329456,47.01944456245647,47.13272436451383,32851200
2015-11-09,47.19373321533203,47.81240949801547,46.670908843156,47.53356938965008,32513100
2015-11-10,46.6273193359375,47.16757474540937,46.418190997590656,47.11529099880515,55283700
2015-11-11,46.749332427978516,47.22858865234368,46.583768829790294,46.79290057127785,36516300
2015-11-12,46.46177291870117,47.036881005954505,46.34849309611061,46.60119296033725,35361100
2015-11-13,46.04350280761719,46.43562262843474,45.77337508126836,46.24391886624943,36848200
2015-11-16,46.8538818359375,46.95844601163216,46.05221429151788,46.25263367064919,32165200
2015-11-17,46.4678955078125,46.95915296368724,46.362623184604686,46.643342686944656,31551300
2015-11-18,47.23988342285156,47.353926792891045,46.47667730799916,46.49422269926994,29710000
2015-11-19,47.318824768066406,47.95044531798565,47.17846501768884,47.36268990904224,28149200
2015-11-20,47.538143157958984,47.634641126124244,46.73107532683292,47.59077932598754,37147600
2015-11-23,47.538143157958984,47.775000894426206,47.1521546317388,47.59077932598754,28235900
2015-11-24,47.59077835083008,47.75745452651062,47.00302287887177,47.301284452266174,24600000
2015-11-25,47.099510192871094,47.57322558261945,47.099510192871094,47.45041122522697,21005100
2015-11-27,47.31005859375,47.441647337275406,47.18724421789469,47.19601523912403,9009100
2015-11-30,47.67851257324219,48.213635343929674,47.371476563720606,47.845192132503776,56241400
2015-12-01,48.44170379638672,48.45047481629736,47.63463276055717,47.731130711775506,39952800
2015-12-02,48.43294143676758,49.090878525699566,48.30135602684583,48.52943941190817,47274900
2015-12-03,47.546913146972656,48.9241942923564,47.310055432319075,48.678565557059585,38627800
2015-12-04,49.047019958496094,49.32773953391356,47.45919714105749,47.47674253282624,43963700
2015-12-07,48.959285736083984,49.09964549337523,48.50311568827728,48.941740348117506,30709800
2015-12-08,48.94173812866211,49.21368326370865,48.23993937403169,48.66101862680994,32878000
2015-12-09,48.23118591308594,49.01193757518246,47.81887750195735,48.57331274511099,36373200
2015-12-10,48.48557662963867,48.82770337354492,48.257489902740495,48.590845624738826,31775800
2015-12-11,47.42409896850586,48.33643570886511,47.38023382579313,47.99430901292532,39549500
2015-12-14,48.37153244018555,48.43293963181545,47.0907490912748,47.66096255234213,46768900
2015-12-15,48.424163818359375,49.038239020335,48.327665856363694,48.82769770812255,39843000
2015-12-16,49.24000930786133,49.345278297893394,48.03817523143522,48.72243203274579,37503300
2015-12-17,48.86278533935547,49.81898718399178,48.713651222296015,49.44176972762073,41280900
2015-12-18,47.48550033569336,49.125955409692345,47.39777340745483,48.92418849440393,84684200
2015-12-21,48.09958267211914,48.55574938171482,47.57323106295079,48.143444469606344,37246300
2015-12-22,48.55575180053711,48.66979515683746,47.810091166787394,48.23994483503283,28322200
2015-12-23,48.96806716918945,49.0207033442812,48.634711419824306,48.86279816544725,27279800
2015-12-24,48.83646774291992,49.090870847327935,48.62592978139923,49.00314725443441,9558500
2015-12-28,49.08209991455078,49.08209991455078,48.231167006908656,48.555748316924905,22458300
2015-12-29,49.60845184326172,49.87162598836374,49.17860152043127,49.380368476557514,27731400
2015-12-30,49.397911071777344,49.810215982088636,49.38036568357081,49.538270830988964,21704500
2015-12-31,48.66979217529297,49.29263839322824,48.617156011046376,49.161053002272666,27334100
2016-01-04,48.073265075683594,48.073265075683594,46.8363435909206,47.65218577730053,53778000
2016-01-05,48.29256820678711,48.59083307121448,47.84517258336613,48.18729923888338,34079700
2016-01-06,47.41532516479492,47.72236443522965,47.05565307678438,47.6521828832078,39518900
2016-01-07,45.76609802246094,46.924070269481504,45.678374424045195,46.23104246409853,56564900
2016-01-08,45.906455993652344,46.73984012460232,45.74855085703352,45.941543421225106,48754000
2016-01-11,45.880149841308594,46.36263641448357,45.143260100779784,46.064371439830445,36943800
2016-01-12,46.30122375488281,46.581943304223955,45.66960644208573,46.283678364743864,36095500
2016-01-13,45.301170349121094,47.43288721732948,45.00290534112037,47.19602941570169,66883600
2016-01-14,46.59071350097656,46.86265865767891,45.239748699206416,45.61696618731679,52381900
2016-01-15,44.73094940185547,45.590653431952155,44.16073594023292,45.01166894856292,71820700
2016-01-19,44.35372543334961,45.336243703942536,43.91510078710128,45.1607931761551,43564500
2016-01-20,44.55549240112305,45.07306961792626,43.07293895401461,43.84491926897069,63273000
2016-01-21,44.28354263305664,45.24851883541557,44.12563749715137,44.73971265384516,40191200
2016-01-22,45.871368408203125,45.90645918465548,44.96779931997846,45.09938805845447,37555800
2016-01-25,45.432743072509766,46.187178022917145,45.30992870317658,45.564328462606504,34707700
2016-01-26,45.76609802246094,46.00295575391236,45.22220435011364,45.432745671328504,28900800
2016-01-27,44.932716369628906,45.792420399777825,44.75726581631585,45.625740868231986,36775200
2016-01-28,45.66960906982422,45.80119448377598,44.959035787296415,45.49415850478068,62513800
2016-01-29,48.32765579223633,48.32765579223633,47.37145408517792,48.01184556290475,83611700
2016-02-01,47.994300842285156,48.32765646079564,47.81007932143988,48.14343493995036,44208500
2016-02-02,46.49422073364258,47.59955356544227,46.1871847654874,47.52060098128222,56313800
2016-02-03,45.75733184814453,46.83634828587111,44.96780599300746,46.71353389650337,57559800
2016-02-04,45.616973876953125,46.32754717475529,45.06430575644033,45.70469748813999,46987100
2016-02-05,44.002830505371094,45.61696956219884,43.47648219515287,45.564333392600645,62009000
2016-02-08,43.34490203857422,43.4852618388916,42.27465646962817,43.46771644554673,59290500
2016-02-09,43.230865478515625,44.07302775978653,42.69574260958001,43.0027820219153,46740500
2016-02-10,43.60806655883789,44.204596414284985,43.44139037874918,43.76597171742335,38237000
2016-02-11,43.590518951416016,43.95896541818173,42.55536445177806,42.70449858127202,48878600
2016-02-12,44.301090240478516,44.45899538429843,43.643153256709034,44.08177791255535,34243300
2016-02-16,45.140464782714844,45.140464782714844,44.29225956183697,44.97259188602066,37291200
2016-02-17,46.31559371948242,46.624837603039126,45.45855428158075,45.493897017496174,40789000
2016-02-18,46.11235046386719,46.78384856276179,46.03283104085248,46.23604996558646,27176000
2016-02-19,45.78544998168945,46.191881189674376,45.52922029255946,45.91798350929948,33559100
2016-02-22,46.518802642822266,46.82804308861647,46.191887462447745,46.191887462447745,25008300
2016-02-23,45.21998596191406,46.271406846509784,45.04327569152394,46.244901485615095,28895300
2016-02-24,45.379032135009766,45.502728332950575,44.354116447183415,44.78705313997625,33014500
2016-02-25,46.032840728759766,46.032840728759766,44.71635634569084,45.70592897443941,26939500
2016-02-26,45.32600784301758,46.545304922296594,45.149297584061976,46.474619470527216,35975900
2016-02-29,44.954917907714844,45.6352501923256,44.76053629197813,45.370183127059995,31654000
2016-03-01,46.456947326660156,46.465781322108,44.9902546677198,45.03443475636166,33024500
2016-03-02,46.78386306762695,46.79269706382668,46.08585940147404,46.30674638161348,29289900
2016-03-03,46.25373458862305,46.801536753293576,45.75011251854737,46.801536753293576,24427800
2016-03-04,45.971004486083984,46.342096423950416,45.688269376504024,46.297919695041365,33034200
2016-03-07,45.08744430541992,45.7677765332281,44.68985048165307,45.555726943281435,38407800
2016-03-08,45.635257720947266,46.05936037668322,44.70752958040229,44.88423986290935,33835100
2016-03-09,46.686676025390625,46.69551002230339,45.820799397811214,45.84730475901761,28251600
2016-03-10,45.98866271972656,46.77501972935668,45.202305710096454,46.766185734284754,38387800
2016-03-11,46.889896392822266,46.889896392822266,46.28024943025164,46.82804829678474,32275700
2016-03-14,46.97823715209961,47.34932899846792,46.501123878865414,46.57180595359852,24083600
2016-03-15,47.34933853149414,47.34933853149414,46.59832406260409,46.60715805979899,21104800
2016-03-16,48.02084732055664,48.24173438895013,47.18147915703673,47.22565589662159,31691700
2016-03-17,48.29473114013672,48.59513757999541,47.71158962399549,47.89713388584316,28223900
2016-03-18,47.26097869873047,48.56862918751181,47.22563597378476,48.52444909609579,67625500
2016-03-21,47.58788299560547,47.64973106930161,46.76618330739424,47.04891832156722,23925700
2016-03-22,47.773441314697266,47.932480228410554,47.2344764816098,47.36701003319362,23124100
2016-03-23,47.68509292602539,47.92365132193647,47.48187726368674,47.808789123060336,20129000
2016-03-24,47.897125244140625,48.003153406467725,47.47302270623432,47.57021350313381,19950000
2016-03-28,47.30516052246094,47.96782151956892,47.11961625218305,47.8971360620527,17025100
2016-03-29,48.338897705078125,48.47143121881244,47.22562899748552,47.41117322033974,23924300
2016-03-30,48.639305114746094,49.160598445121835,48.50677496866454,48.53328032378738,23008300
2016-03-31,48.798362731933594,49.11644059746424,48.471450868124265,48.55097033450693,26360500
2016-04-01,49.098758697509766,49.13410142397984,48.21521075856524,48.63931336480246,24399200
2016-04-04,48.975067138671875,49.17828277931542,48.59514121950014,48.975067138671875,18928800
2016-04-05,48.20637512207031,48.86019868718238,48.118018308901256,48.76300787793031,19272300
2016-04-06,48.701148986816406,48.77183442166605,47.89712070297039,48.02965420807996,21188700
2016-04-07,48.11802291870117,48.515620189883045,47.914807284645576,48.48027746122952,19225100
2016-04-08,48.082672119140625,48.8425238053061,47.99431868280548,48.30355908044605,22167200
2016-04-11,47.98548889160156,48.72766928143254,47.97665152491324,48.144527787313045,21414200
2016-04-12,48.28589630126953,48.40075510680895,47.49953580295401,48.038500585986974,24944300
2016-04-13,48.904380798339844,48.98390025372203,48.4979495243723,48.70116516135607,20818000
2016-04-14,48.91321563720703,49.107597267085275,48.656985919725344,48.78951946200014,20877100
2016-04-15,49.16945266723633,49.408007686060415,48.69233588865118,48.86020881275996,28793800
2016-04-18,49.88510513305664,49.99996728423442,48.780670446066544,49.02806610787001,23786000
2016-04-19,49.823272705078125,50.159021899081516,49.19595441479755,50.03532571457191,29596800
2016-04-20,49.11642837524414,49.920456837273555,49.02807493256883,49.734912585374715,36195700
2016-04-21,49.284297943115234,49.681895149294604,48.96622017817174,49.301969304552934,38909100
2016-04-22,45.750099182128906,46.324406539768034,44.857717481216184,45.86496132775014,126834100
2016-04-25,46.041683197021484,46.05935456008739,45.61758059484323,45.750110762135755,33226900
2016-04-26,45.44969177246094,46.2537200322205,45.140451430425315,46.17420060563035,33532600
2016-04-27,45.00792694091797,45.502714957709955,44.66334381352275,45.48504359598871,43369300
2016-04-28,44.08904266357422,44.8577284121155,43.788636235223805,44.72519487560556,43134800
2016-04-29,44.062530517578125,44.3982796456944,43.603085229226274,43.603085229226274,48411700
2016-05-02,44.71635437011719,44.840050521937414,43.98300808365822,44.17738967678563,33114500
2016-05-03,43.98301315307617,44.5396492708916,43.82397426227177,44.47780118785297,26460200
2016-05-04,44.062530517578125,44.230406766870054,43.70027603240211,44.036025160518385,24257600
2016-05-05,44.12438201904297,44.442459810293556,43.93883776430274,44.062533934129554,25390700
2016-05-06,44.521976470947266,44.521976470947266,43.87698693260794,44.10670789498138,24787300
2016-05-09,44.2392463684082,44.69869171498108,44.17739828045301,44.61033826660738,17951600
2016-05-10,45.0786018371582,45.149283897032426,44.345255664470486,44.46895516756733,22891000
2016-05-11,45.10513687133789,45.750126680557706,45.06096013353608,45.17582234819603,24039100
2016-05-12,45.51155471801758,45.77662180694311,44.99026127784836,45.23765700281432,24102800
2016-05-13,45.13164138793945,45.85615060560606,45.096298652817,45.449715892635325,22592300
2016-05-16,45.79428482055664,45.9091436096479,44.840051563547426,44.88422828015694,20032000
2016-05-17,44.940155029296875,46.025624160483844,44.80669787985031,46.01672837480445,27803500
2016-05-18,45.207069396972656,45.50067779734903,44.75330633178812,44.913457602554175,24907500
2016-05-19,44.771114349365234,45.03803208045857,44.32625033286197,44.90457491193345,23842400
2016-05-20,45.03801345825195,45.571852093751446,44.84227567987299,44.91345212818124,23905800
2016-05-23,44.5130729675293,45.091397294061686,44.46858726411333,45.020217453362854,26118700
2016-05-24,45.90105438232422,46.00782076111802,44.84227959035089,45.10919723435639,34757900
2016-05-25,46.37260818481445,46.701809887542375,46.07899979978153,46.194661960591084,24040200
2016-05-26,46.16798400878906,46.24805966217778,45.69642926885709,46.203573942304686,24335200
2016-05-27,46.55055618286133,46.55055618286133,46.06120659313168,46.194663720853185,17721400
2016-05-31,47.15557861328125,47.15557861328125,46.337030575926995,46.4971784751133,37653100
2016-06-01,47.02210998535156,47.111084796314074,46.657321745510274,46.657321745510274,25324800
2016-06-02,46.69292068481445,46.92425184393767,46.12349536088445,46.83527701579695,22840800
2016-06-03,46.07900619506836,46.63953229721058,45.909955731274835,46.6039457626604,23368300
2016-06-06,46.38151168823242,46.577249498494666,46.16797552044186,46.2569503378722,18243300
2016-06-07,46.35482406616211,46.915353615668366,46.35482406616211,46.47938882808562,20866800
2016-06-08,46.30144119262695,46.65733031975293,46.15018568321538,46.28364622716426,21149400
2016-06-09,45.92774963378906,46.265847159517385,45.81208745960074,46.265847159517385,20305700
2016-06-10,45.80318069458008,46.31032520215664,45.41170173607729,45.42059751952523,25833200
2016-06-13,44.61095428466797,45.126998071767545,43.65004996233565,44.112708856066924,83217800
2016-06-14,44.33512878417969,44.57535225401278,44.10379770309681,44.39740944584627,42577100
2016-06-15,44.2105712890625,44.59315449839416,44.2105712890625,44.29064692343522,33757600
2016-06-16,44.8333854675293,44.904565324112504,44.050424015325895,44.05932319441998,31188600
2016-06-17,44.602054595947266,44.8689722513436,44.32623776208051,44.851177288444894,45710500
2016-06-20,44.54867935180664,45.224874512181664,44.51308941830419,45.05582402506648,35607900
2016-06-21,45.545166015625,45.75870218642098,44.62874744446898,44.664337371942025,34097800
2016-06-22,45.367225646972656,45.785395438497964,45.331635717553596,45.447301291144306,28816800
2016-06-23,46.18577194213867,46.31923247547677,45.50958027853013,45.62524245377797,29028800
2016-06-24,44.33512878417969,45.32272358805326,44.05931200105518,44.31733382455474,133503000
2016-06-27,43.08951187133789,43.730116887884826,42.74251861872222,43.68562778859215,50216300
2016-06-28,43.9881477355957,44.01484188150436,43.303056820680375,43.52548880367719,38140700
2016-06-29,44.96684646606445,45.1269977509885,44.308446362038666,44.406316968830296,31304000
2016-06-30,45.527366638183594,45.64303219423651,44.93125068399157,45.12699187207467,28527800
2016-07-01,45.51847839355469,46.0167272302735,45.438402748261346,45.49178764313775,21400400
2016-07-05,45.527366638183594,45.625237232225146,45.144786834086034,45.224862466116214,24806400
2016-07-06,45.71421432495117,45.85657063410851,44.83338232863622,45.18037562007958,28167500
2016-07-07,45.71421432495117,45.918851307237205,45.43839749106541,45.74980085670891,19585200
2016-07-08,46.532752990722656,46.586137868795014,45.86545728800472,46.025608528180335,28391000
2016-07-11,46.790794372558594,47.00433058008143,46.684027965818615,46.710718718992894,22269200
2016-07-12,47.3424186706543,47.5114691364365,46.9687345981635,47.102191740892025,27317600
2016-07-13,47.60932540893555,47.920732125155155,47.31571704717371,47.653814506996675,25356800
2016-07-14,47.8139762878418,48.036408250971974,47.67161996720018,47.902947715476905,24545500
2016-07-15,47.77838134765625,48.04529899660676,47.3424132522715,48.00081328745535,32024400
2016-07-18,48.00971221923828,48.34780974023074,47.64492394981351,47.77838448005961,31433900
2016-07-19,47.23564910888672,47.95632984982708,47.093292796434056,47.78727939538552,53336500
2016-07-20,49.74468231201172,50.572129456660285,49.406584789865285,49.958218482325854,89893300
2016-07-21,49.64680862426758,50.02939183486483,49.61121869908596,49.8069598935428,32776700
2016-07-22,50.331905364990234,50.385290259078,49.629019532692524,49.89594060908885,32157200
2016-07-25,50.474266052246094,50.48316523238467,50.056092830845174,50.242938279284736,25610600
2016-07-26,50.500953674316406,50.97251176519132,50.27852170123811,50.287420880825074,28079000
2016-07-27,49.993804931640625,50.53653944431957,49.92262847101708,50.36749238055165,32327500
2016-07-28,50.011592864990234,50.153949160268056,49.575628195595215,49.82475086382094,37550400
2016-07-29,50.42977523803711,50.500951701739865,49.869245737442284,50.056087772959756,30558700
2016-08-01,50.34081268310547,50.492064816410455,49.94933018458806,50.35860425663533,26003400
2016-08-02,50.34081268310547,50.62552537618558,50.10058571193606,50.581036260231855,35122000
2016-08-03,50.68778991699219,50.81235125627523,50.26072101343237,50.429768060453355,22075600
2016-08-04,51.061485290527344,51.17715087160272,50.420880095700916,50.53654567677629,26587700
2016-08-05,51.56862258911133,51.7910545396103,51.114862903472,51.29280914267962,29335200
2016-08-08,51.6576042175293,51.68429496901522,51.40847809217091,51.6576042175293,19473500
2016-08-09,51.78216552734375,52.04908322404313,51.62201423051559,51.755471381843954,16920700
2016-08-10,51.62199401855469,51.88891161074575,51.44404782574687,51.74655533530776,15756900
2016-08-11,51.87113571166992,52.00459625382506,51.630908772216216,51.630908772216216,18162300
2016-08-12,51.55082702636719,51.773258974279784,51.266114404562444,51.63090266337741,21655200
2016-08-15,51.71098709106445,52.049084659698735,51.568630755962026,51.61311647429852,19283900
2016-08-16,51.424495697021484,51.58564515977009,51.27230087953476,51.576693929704724,20523500
2016-08-17,51.531925201416016,51.63935702620059,51.236483414263255,51.514019328085894,18856400
2016-08-18,51.56773376464844,51.65726313170142,51.272295391363976,51.406584319149225,14214300
2016-08-19,51.58563995361328,51.6841205503759,51.20962685527911,51.415539277966325,17271000
2016-08-22,51.630401611328125,51.70202510357958,51.2633397515296,51.56773276320614,15221900
2016-08-23,51.827369689941406,52.086999761074985,51.791557939054734,51.836324335261345,18732400
2016-08-24,51.88108825683594,51.96166299019344,51.675175808299336,51.74679589617456,18151500
2016-08-25,52.078041076660156,52.18547632098766,51.72888507058645,51.81841444085937,18552600
2016-08-26,51.95269775390625,52.55253251666553,51.64830475829615,52.17651603258439,20971200
2016-08-29,52.01537322998047,52.46300984440439,52.01537322998047,52.08699672758254,16417200
2016-08-30,51.827369689941406,52.095950991198386,51.57669426412777,51.90794442183815,16930200
2016-08-31,51.44239807128906,51.74679110074269,51.29915449361655,51.61250216772262,20860300
2016-09-01,51.55878829956055,51.764700744008174,51.039528158190976,51.039528158190976,26075400
2016-09-02,51.630401611328125,52.09594406537436,51.40658332083643,51.630401611328125,18900500
2016-09-06,51.57669448852539,51.74679518318235,51.21858380849368,51.72888930766111,16278400
2016-09-07,51.6214485168457,51.782597953391615,51.39763023444259,51.45134785168988,17493400
2016-09-08,51.415531158447266,51.73783000051993,51.191712897585205,51.59458645017604,20146100
2016-09-09,50.323299407958984,51.49610838157044,50.323299407958984,50.84255943778866,35113900
2016-09-12,51.0753173828125,51.218560907739075,49.78612565847331,50.13528153703216,29303000
2016-09-13,50.60978698730469,50.71722221768775,50.18005631135991,50.58292988730683,30130200
2016-09-14,50.36807632446289,50.69932991735487,50.1621638672363,50.4844628142681,24062500
2016-09-15,51.2006721496582,51.34391572245166,50.11739241695791,50.269590634098805,26847000
2016-09-16,51.25438690185547,51.59459164889995,50.80675033502704,51.59459164889995,44607000
2016-09-19,50.96788787841797,51.70201140348561,50.89626440514543,51.27228080943591,20937100
2016-09-20,50.8604621887207,51.343907030559755,50.80674457731833,51.343907030559755,17384000
2016-09-21,51.710975646972656,51.791550367089314,51.102193046886384,51.48715735944816,33707300
2016-09-22,51.76469802856445,51.925847483625894,51.59459734386464,51.85422398573354,19822200
2016-09-23,51.415531158447266,51.845261809478934,51.37076818931398,51.80945006809406,19955300
2016-09-26,50.941036224365234,51.1558998367413,50.87836738615592,51.10218564124506,21688700
2016-09-27,51.88108825683594,51.9795688659614,50.74409075954519,50.96790908384975,28065100
2016-09-28,51.95269775390625,51.979558269680844,51.63039888617839,51.81840883581691,20536400
2016-09-29,51.388694763183594,52.0780522789909,51.21859063067267,51.75575672226932,25463500
2016-09-30,51.56773376464844,51.719931981040425,51.33496424070299,51.54087666213062,29910800
2016-10-03,51.406578063964844,51.522964519373666,51.08428262737968,51.39762683594682,19189500
2016-10-04,51.24543380737305,51.567729254990205,51.00370966026328,51.27229090754218,20085900
2016-10-05,51.603538513183594,51.89002561850848,51.26333379491191,51.29019430898315,16726400
2016-10-06,51.69307327270508,51.80050509463519,51.28124502744689,51.69307327270508,16212600
2016-10-07,51.74679946899414,51.907948946835596,51.40659463630697,51.79156245390636,20089000
2016-10-10,51.961647033691406,52.27499122541669,51.80944884399945,51.8452605845382,18196500
2016-10-11,51.2006721496582,51.94375053147163,50.93209087756999,51.82736406132814,26497400
2016-10-12,51.12905502319336,51.2722986042581,50.49341184566835,51.12905502319336,22177500
2016-10-13,50.95895004272461,51.29915482257703,50.42178747680715,50.76199225665957,25313700
2016-10-14,51.406578063964844,51.693068588477885,51.13799682587934,51.13799682587934,27402500
2016-10-17,51.22753143310547,51.44239507952013,50.914183777222966,51.35286912938004,23830000
2016-10-18,51.6214485168457,51.88107854408034,51.39763023444259,51.50506205374121,19149500
2016-10-19,51.50506591796875,51.78260183844161,51.38868286132845,51.45135171188745,22878400
2016-10-20,51.25438690185547,51.49611105776634,50.72617561639008,51.47820518526969,49455600
2016-10-21,53.4119987487793,54.11926539342565,53.25980394471921,53.96706717416935,80032200
2016-10-24,54.61166763305664,54.61166763305664,53.65372553959415,53.6626767693066,54067000
2016-10-25,54.60270690917969,54.9429082222418,54.43260283745285,54.47736580862462,35137200
2016-10-26,54.28041458129883,54.790720027467515,54.13717100720229,54.44156402905696,29911600
2016-10-27,53.805912017822266,54.45946438709225,53.79696078949615,54.26250321195906,28479900
2016-10-28,53.600013732910156,54.18194276807116,53.34038706071528,53.72535145366564,33574700
2016-10-31,53.64476013183594,54.09239666196886,53.64476013183594,53.859627168985845,26434700
2016-11-01,53.53732681274414,53.73428797331697,53.04492732650766,53.68952500460376,24533000
2016-11-02,53.206077575683594,53.653714100186946,53.089691123057946,53.5552335183649,22147000
2016-11-03,53.009124755859375,53.39409250074316,52.919598802945266,53.29561190341993,21600400
2016-11-04,52.561485290527344,53.07179070770171,52.391384623201226,52.50777108779068,28697000
2016-11-07,54.09239959716797,54.18192895717007,53.51942535393801,53.51942535393801,31664800
2016-11-08,54.137168884277344,54.414701377158416,53.85068174731852,54.208788960919016,22935400
2016-11-09,53.868595123291016,54.24461170125891,53.00018230752097,53.71640029508273,49632500
2016-11-10,52.55254364013672,54.1550836743189,51.594601477848286,54.146129028766694,57822400
2016-11-11,52.83901596069336,52.92854189985208,51.934788265290216,52.1317494296742,38767800
2016-11-14,52.03327941894531,52.8927443193843,51.281249765558925,52.839026695857996,41328400
2016-11-15,53.06078338623047,53.61960506165331,52.56505736432195,52.57407250265308,35904100
2016-11-16,53.76381301879883,53.772824718307,53.006703044209736,53.12387232915416,27332500
2016-11-17,54.6561279296875,54.93553879524673,54.05224425549369,54.44882442489254,32132700
2016-11-18,54.394737243652344,55.10678187180228,54.34967186782706,54.78230566463179,27686300
2016-11-21,54.85441589355469,54.953561788530955,54.45783231364962,54.529939669366165,19652600
2016-11-22,55.08876037597656,55.21494481583103,54.80935295580398,54.96257593612209,23206700
2016-11-23,54.43980407714844,55.07072619228413,54.30460451632355,54.989607143442726,21848900
2016-11-25,54.55696105957031,54.55696105957031,54.19643470911682,54.34965763444951,8409600
2016-11-28,54.629085540771484,54.99862714298942,54.268555638880244,54.385728372735095,20732600
2016-11-29,55.061729431152344,55.35015203011212,54.54797646186346,54.6651492171498,22366700
2016-11-30,54.3136100769043,55.142827308921476,54.277559844590975,54.85440482081131,34655400
2016-12-01,53.35822296142578,54.21447890516187,53.123877492225766,54.17842522708987,34542100
2016-12-02,53.40328598022461,53.601577762590985,52.997690715506046,53.250063012590836,25515700
2016-12-05,54.27756881713867,54.61105672946935,53.68269690729062,53.80888133691477,23552700
2016-12-06,54.034210205078125,54.49388253467379,53.89901064082001,54.46684399712927,19907000
2016-12-07,55.3140869140625,55.32310205244294,53.89901275590672,54.08828940268141,30809000
2016-12-08,54.98960876464844,55.50336504796897,54.83638580024606,55.25099275620659,21220800
2016-12-09,55.854862213134766,55.87288904532105,55.097752452644166,55.142817813976535,27349400
2016-12-12,56.03514099121094,56.15231371753224,55.62954917549554,55.71967992603946,20198100
2016-12-13,56.76521682739258,57.16179697395388,56.098240970072766,56.33258300252535,35718900
2016-12-14,56.494815826416016,57.188833596610934,56.359616264562945,56.7832383493194,30352700
2016-12-15,56.40467071533203,56.91842341833124,56.152298493351026,56.51282827431428,27669900
2016-12-16,56.15231704711914,56.73817727519682,55.99007893590587,56.73817727519682,42453100
2016-12-19,57.34205627441406,57.4772558355993,56.26047009973515,56.38665796136628,34338200
2016-12-20,57.269962310791016,57.504304360846554,56.81028647353108,57.40515845719173,26028400
2016-12-21,57.269962310791016,57.4141735965794,56.89140553667882,57.17081640713619,17096300
2016-12-22,57.278968811035156,57.77469484602954,57.15278437721127,57.54035281725203,22176600
2016-12-23,56.99957275390625,57.26996851426518,56.60298909632909,57.188849442330635,12403800
2016-12-27,57.03561019897461,57.74765484410808,56.972517983660794,56.972517983660794,11763200
2016-12-28,56.774234771728516,57.143776396956085,56.63002348964625,57.143776396956085,14653300
2016-12-29,56.69310760498047,56.96350329044143,56.53988120564972,56.657053930047624,10250600
2016-12-30,56.008094787597656,56.77421981542867,55.90894891260928,56.747177843352674,25579900
2017-01-03,56.40467071533203,56.639012666171375,55.999075571315075,56.59394730311767,20694100
2017-01-04,56.15231704711914,56.5579123251523,55.99007893590587,56.3145551583324,21340000
2017-01-05,56.15231704711914,56.476793269545674,55.908959880299236,56.05317115268126,24876000
2017-01-06,56.63903045654297,56.918441296466035,55.91797410639881,56.15231613084521,19922900
2017-01-09,56.45876693725586,56.85535051856547,56.36863618055893,56.56692453294576,20382700
2017-01-10,56.44074249267578,56.84633779155467,56.13429309333041,56.5398883922093,18593000
2017-01-11,56.954490661621094,56.99054433814223,56.26948799905868,56.43172610513596,21517300
2017-01-12,56.43172836303711,57.14377303061405,55.83685642970817,56.83732364445866,20968200
2017-01-13,56.51284408569336,56.66606705059862,56.19737957952194,56.44073673401952,19422300
2017-01-17,56.359622955322266,56.51284937283061,55.90896228000188,56.49482253322562,20664000
2017-01-18,56.33258819580078,56.51285316568101,55.99008509685518,56.485811185324565,19670100
2017-01-19,56.15231704711914,56.76521581430971,56.06218629123085,56.098239968893346,18451700
2017-01-20,56.54890060424805,56.62100452127879,56.21540924339354,56.48580494922773,30213500
2017-01-23,56.7471809387207,56.89139219067896,56.39566622696416,56.512838943638826,23097600
2017-01-24,57.2519416809082,57.45023350972831,56.729173564298335,56.96351907804367,24672900
2017-01-25,57.396141052246094,57.77469435047073,57.18883756441814,57.63949821750533,23672700
2017-01-26,57.92791748046875,58.17127808466101,57.27896847627181,57.79272478540179,43554600
2017-01-27,59.28889846801758,59.40607460727654,58.486723271473316,58.9373838033087,44818000
2017-01-30,58.703041076660156,59.297916306530055,58.405610338259514,59.20778557136215,31651400
2017-01-31,58.27042007446289,58.72108069858629,57.918905337769466,58.45969671141047,25270500
2017-02-01,57.306007385253906,58.24338232123214,57.206861496489395,58.009036868103706,39671500
2017-02-02,56.936458587646484,57.15277718861343,56.55790533378874,57.00856593405798,45827000
2017-02-03,57.396141052246094,57.41416789096173,56.84633450535685,57.23390294207327,30301800
2017-02-06,57.36008071899414,57.36909585643984,56.90942011819969,57.2338963008945,19796400
2017-02-07,57.17080307006836,57.48626410967943,56.99053814531883,57.45021387534349,20277200
2017-02-08,57.08969497680664,57.51331711548723,56.98153737651709,57.296998476640006,18096400
2017-02-09,57.738643646240234,58.08115016120651,57.07166777075589,57.25193272892694,22644400
2017-02-10,57.68455505371094,57.95495415613914,57.66652821766456,57.909885346889496,18170700
2017-02-13,58.33350372314453,58.45968812925178,57.80172068894877,57.90086656182367,22920100
2017-02-14,58.551143646240234,58.6871628646141,58.05240881827765,58.40606155333965,23108400
2017-02-15,58.51487350463867,58.5511457587287,58.179367261199744,58.487671043627415,17005200
2017-02-16,58.50579833984375,59.158685017069345,58.433260756548805,58.70529225990984,20546300
2017-02-17,58.59648513793945,58.65995985015068,58.30631403665605,58.46046592085119,21248800
2017-02-21,58.47859573364258,58.89571623898895,58.44232348297449,58.587412485646844,20655900
2017-02-22,58.36072540283203,58.38792786560956,58.079624063163486,58.3335229400545,19292700
2017-02-23,58.59648513793945,58.6962321025892,58.2065670720063,58.41512387574684,20273100
2017-02-24,58.59648513793945,58.75970681480042,58.16122502690196,58.51487084039659,21796800
2017-02-27,58.24283218383789,58.52393345799229,58.079610526988006,58.52393345799229,15871500
2017-02-28,58.016136169433594,58.21562662825006,57.81664225150494,58.10681679536125,23239800
2017-03-01,58.88665771484375,58.931992842859366,58.05240972430215,58.15215669145142,26937500
2017-03-02,58.04334259033203,58.71436193245727,57.925459505159466,58.65995701554087,24539600
2017-03-03,58.260963439941406,58.2881658957213,57.68968765478054,58.0252007519213,18135900
2017-03-06,58.279109954833984,58.54207862024225,57.861992850334566,58.00707841416107,18750300
2017-03-07,58.39698791503906,58.74156391643372,58.206563789145356,58.206563789145356,18521000
2017-03-08,58.93199920654297,59.01361351494398,58.260979742718355,58.27004953659084,21510900
2017-03-09,58.69622802734375,59.12241139790099,58.469531654010964,59.11334852408916,19846800
2017-03-10,58.87759017944336,59.1768310923647,58.71436849223401,59.04081186665271,19538200
2017-03-13,58.67809295654297,59.113353070838976,58.55114353117013,58.95013139275608,20100000
2017-03-14,58.40605545043945,58.53300486279672,58.170289291108475,58.514865279189046,14280200
2017-03-15,58.71436309814453,58.868514977951094,58.260970332907895,58.5330087593397,24833800
2017-03-16,58.614620208740234,58.7234369705182,58.30631642770689,58.71436717748044,20674300
2017-03-17,58.82318115234375,59.15868737836976,58.65088968391436,58.85945340455124,49219700
2017-03-20,58.87759017944336,59.10428658288828,58.68716603073665,58.859457511186854,14598100
2017-03-21,58.22469711303711,59.39445125807779,58.152152611432,59.11334996213856,26640500
2017-03-22,58.968257904052734,59.068004859036215,58.14308672527244,58.14308672527244,20680000
2017-03-23,58.82318115234375,59.15868737836976,58.73249706271267,58.886655864150676,19269200
2017-03-24,58.92293167114258,59.34911509428635,58.723437731078405,59.26750771056471,22617100
2017-03-27,59.03172302246094,59.1405397515578,58.35163403160718,58.60553281461024,18614700
2017-03-28,59.204036712646484,59.3672584085644,58.623694442321806,58.90479578375938,20080400
2017-03-29,59.36725616455078,59.394458626471284,58.89572376384438,59.049882578436076,13618400
2017-03-30,59.584877014160156,59.829712984210936,59.26750345874678,59.32190837732489,15122800
2017-03-31,59.72088623046875,60.02012706899929,59.34910090049624,59.530462129101174,21040300
2017-04-03,59.439796447753906,59.793442264019504,59.113353091474146,59.67555571311443,20400900
2017-04-04,59.60301208496094,59.675549664829695,59.194954471856626,59.294701427178296,12997400
2017-04-05,59.448848724365234,60.16521002192814,59.340038903819305,60.119874902775194,21448600
2017-04-06,59.60301208496094,59.90224603270183,59.3763157170888,59.48512554600399,18103500
2017-04-07,59.55767059326172,59.81156942070379,59.34004401520055,59.71182246446238,14108500
2017-04-10,59.42164611816406,59.684614714187504,59.2674942606335,59.49419061049265,17952700
2017-04-11,59.37632751464844,59.49420715880293,58.805048126438976,59.4851373651832,18791500
2017-04-12,59.14961242675781,59.403511222144196,59.040795692353655,59.321896941785255,17108500
2017-04-13,58.89571762084961,59.720895776904676,58.89571762084961,59.20402829964999,17896500
2017-04-17,59.37632751464844,59.38539039004267,58.950137151452644,58.97733961408633,16689300
2017-04-18,59.294708251953125,59.58487935949896,59.086151443711536,59.24030333123356,15155600
2017-04-19,58.977333068847656,59.62114997988838,58.84131385254897,59.53047280843083,26992800
2017-04-20,59.39445877075195,59.62115517827391,59.068015390462314,59.3581865153614,22299500
2017-04-21,60.21056365966797,60.48259518166686,59.3491132111092,59.54860714484333,32522600
2017-04-24,61.23521423339844,61.353100757821885,60.84529625199995,61.18987911634756,29770000
2017-04-25,61.5888557434082,61.697672469664134,61.29868472494851,61.57072308147695,30242700
2017-04-26,61.507266998291016,61.942520198568346,61.31684285839157,61.73396339125105,26190800
2017-04-27,61.90622329711914,62.00597022376462,61.28054620606,61.79741349948562,34971000
2017-04-28,62.078521728515625,62.695136018389704,61.38030008117816,62.486579270501316,39548800
2017-05-01,62.940006256103516,63.066955715769566,62.114827850047504,62.27804957222195,31954400
2017-05-02,62.84024429321289,63.21202278845779,62.686085484721076,63.21202278845779,23906100
2017-05-03,62.6407356262207,62.91276708891946,62.305222545513146,62.91276708891946,28928000
2017-05-04,62.395912170410156,62.640748145818556,62.241760285582515,62.59540610052817,21749400
2017-05-05,62.568199157714844,62.59540161565014,62.105736618141975,62.47752199185577,19128800
2017-05-08,62.513797760009766,62.61354472353562,62.04226540184669,62.54100021947596,18566100
2017-05-09,62.60446548461914,62.82209204573587,62.27802218383223,62.44124383422569,22858400
2017-05-10,62.84929275512695,63.07598910114108,62.49564700880278,62.5591217089578,17977800
2017-05-11,62.078521728515625,62.32335763735163,61.77021804269005,61.987844580815334,28789400
2017-05-12,62.005985260009766,62.214548953086904,61.697681534322655,62.214548953086904,18714100
2017-05-15,62.05133056640625,62.09667260761793,61.27149450148956,61.78836194747163,31530300
2017-05-16,63.300758361816406,63.328116745035416,62.16077934182588,62.224617888630156,34956000
2017-05-17,61.54060745239258,63.01801525651334,61.495005525502144,62.82649968775239,30548800
2017-05-18,61.750370025634766,62.13340122771921,61.23053997769779,61.467657513316965,25201300
2017-05-19,61.73213577270508,62.10604521050916,61.49501822807408,61.558856764181044,26961100
2017-05-22,62.42523193359375,62.47083386555189,61.55885088941245,61.914523693476596,16237600
2017-05-23,62.6349983215332,62.69883685892896,62.36140061390638,62.67147847974203,15425800
2017-05-24,62.71707534790039,62.8173940465262,62.42524103131956,62.80827922510854,14593900
2017-05-25,63.492279052734375,63.72938969807999,62.84477175281924,62.89948852360972,21854100
2017-05-26,63.802330017089844,64.03944754593508,63.40105526948686,63.65641635479302,19827900
2017-05-30,64.2127456665039,64.2127456665039,63.6290699698543,63.64731353174845,17072800
2017-05-31,63.69290542602539,64.51369172437724,63.665547042393634,64.32217608107511,30436400
2017-06-01,63.930023193359375,64.39513659004388,63.337232700781854,64.0577002892524,21603600
2017-06-02,65.44390869140625,65.53510560911589,64.05769049385609,64.24009128715417,34770300
2017-06-05,65.91814422607422,66.47445453169455,65.48951101113269,65.63543166212538,33316800
2017-06-06,66.13700103759766,66.22820489967907,65.9090052981497,65.9363706315008,31511100
2017-06-07,66.01848602294922,66.36503725343756,65.61721105026017,66.24648190145308,22301800
2017-06-08,65.6171875,66.13701763810451,65.20679784913627,66.12790281591076,24588300
2017-06-09,64.13066101074219,65.7357534576508,62.55292694770976,65.69927329318925,49187400
2017-06-12,63.638187408447266,63.78410806212282,62.13341371734683,63.15483741943652,47761700
2017-06-13,64.43163299560547,64.58666851428691,63.80236218016926,63.8570789613788,25258600
2017-06-14,64.08507537841797,64.84202332844484,63.319012603365486,64.66875120049633,25510700
2017-06-15,63.74763107299805,64.03034365622236,62.744450881604614,63.173077167890476,26068700
2017-06-16,63.838802337646484,63.86616071110225,63.127456796287355,63.592570018667274,48345100
2017-06-19,64.63225555419922,64.69609410350438,64.15802036689225,64.29481924622618,23798300
2017-06-20,63.756744384765625,64.63224736047933,63.720264224375995,64.5866454205225,21512200
2017-06-21,64.08507537841797,64.4042751592382,63.78412612129404,64.03035859673756,19891100
2017-06-22,64.0759506225586,64.3768998330398,63.57435700862221,64.33130484133326,22965700
2017-06-23,64.94231414794922,64.97879430601382,63.76585514241068,63.92089059577624,27617300
2017-06-26,64.32215881347656,65.3982990140028,64.24008368461479,65.11558651519711,19607000
2017-06-27,63.11833953857422,64.00296411899713,63.09098116315953,63.939125590403606,25215100
2017-06-28,63.656429290771484,63.69290249534902,62.73532432289908,63.11835559187906,25806200
2017-06-29,62.46172332763672,63.373706467888475,62.09692867996018,63.27338776583045,28918700
2017-06-30,62.86300277709961,63.273392437360656,62.689723741137094,62.726203904386026,24161100
2017-07-03,62.169898986816406,63.4740353651623,62.03310010223013,63.22780293921125,16165500
2017-07-05,62.99979019165039,63.32810464329852,62.21548421914413,62.25196437575819,21176300
2017-07-06,62.534671783447266,62.72618737161655,62.12428223135277,62.26107411013236,21117600
2017-07-07,63.34633255004883,63.692883553509766,62.65322358524948,62.65322358524948,16878300
2017-07-10,63.820579528808594,64.06681190098273,63.10922687589481,63.346344426866075,15014500
2017-07-11,63.82970428466797,64.4589749395462,63.61083025779375,63.83882606516936,17460000
2017-07-12,64.8875961303711,65.00615142337098,64.34040768577988,64.46808475758854,17750900
2017-07-13,65.4530258178711,65.69926515802618,65.03351441532884,65.20679343559507,20269800
2017-07-14,66.3741226196289,66.82099234810775,65.62629682675731,65.88165095731665,25868100
2017-07-17,66.89395141601562,66.98514832410953,66.31940463293377,66.39236494256014,21803900
2017-07-18,66.84835815429688,66.93043328632162,66.26468957808221,66.65683559714925,26435300
2017-07-19,67.35908508300781,67.52324235042062,66.98516860139192,67.03077054818222,22416200
2017-07-20,67.68738555908203,67.76034587564048,66.8301192342171,67.6509054008028,42361000
2017-07-21,67.29521942138672,67.75121087406623,66.72978751522827,66.98514161546841,46717100
2017-07-24,67.1219482421875,67.25874708546239,66.69331511360268,67.05810970970964,21394800
2017-07-25,67.66002655029297,67.76946006623366,67.03075600211925,67.30435370772834,22018700
2017-07-26,67.5323486328125,67.83329775576857,67.31346768790806,67.79681759828449,16252200
2017-07-27,66.72067260742188,67.86976605697963,65.95460334983933,67.26786095833663,36844200
2017-07-28,66.61125946044922,66.85749188404334,66.1552678214466,66.27382314275039,18306700
2017-07-31,66.30116271972656,66.97603516367855,66.03669376706335,66.84835809760725,23600100
2017-08-01,66.19174194335938,66.95780448714997,66.10965983773633,66.66597014315171,22132300
2017-08-02,65.89991760253906,66.17350842775946,65.15209154766093,66.1643936041019,26499200
2017-08-03,65.7995834350586,66.06405937454475,65.52598571617524,65.8360635947683,18214400
2017-08-04,66.28294372558594,66.61125825636353,65.88166886399551,66.02758952562117,22579000
2017-08-07,66.02757263183594,66.48356414592612,65.89989556452095,66.39236723468376,18705700
2017-08-08,66.38325500488281,66.69332593928371,65.43479168420113,65.74486261860203,22044600
2017-08-09,66.09142303466797,66.12790319729196,65.70839176393548,65.89078561917584,22213400
2017-08-10,65.1247329711914,65.8360788557249,65.07000924000224,65.57160285493259,24734500
2017-08-11,66.1187744140625,66.30116824998424,65.0061539244549,65.30711001581673,21443700
2017-08-14,67.11283111572266,67.2313933684554,66.52916250464644,66.62948119947629,20096600
2017-08-15,67.13117218017578,67.4703992425036,66.9661403408179,67.4703992425036,19181400
2017-08-16,67.52543640136719,67.93801263598763,67.08534902214734,67.2412105334527,18150400
2017-08-17,66.3793716430664,67.72713069400973,66.3793716430664,67.46124563678721,22977500
2017-08-18,66.46186828613281,66.78276155655475,65.94843905345773,66.26016194616798,18761500
2017-08-21,66.15015411376953,66.45271366360217,65.73757100173879,66.4435432846816,17734800
2017-08-22,67.076171875,67.14951392736431,66.33352501210375,66.33352501210375,14343700
2017-08-23,66.67276000976562,67.06700240071527,66.49855776877966,66.8928001597293,13766500
2017-08-24,66.6452407836914,66.80110222985492,66.07679628039376,66.69107868229608,17098300
2017-08-25,66.76445007324219,67.25037532986865,66.45272707651995,66.80112460137734,12794300
2017-08-28,66.77361297607422,67.01198688983081,66.51689830282852,66.98448274554737,14569700
2017-08-29,66.9753189086914,67.07617210035009,66.05847679903074,66.24184242298281,11478400
2017-08-30,67.85548400878906,68.0388496260238,66.77361007922428,66.93864193271551,16897800
2017-08-31,68.55228424072266,68.72648648700455,67.66295323405566,67.87382301065436,27652800
2017-09-01,67.79130554199219,68.52477500803124,67.51625012038383,68.49727086486038,21736200
2017-09-05,67.48876953125,67.74548428370635,66.91116133822321,67.2412181664154,21556000
2017-09-06,67.29621124267578,67.8829896244961,67.2503663398976,67.60793419772718,16535800
2017-09-07,68.15802764892578,68.39640851606262,67.47956656009677,67.5529155953618,17471200
2017-09-08,67.82797241210938,68.24971888136366,67.69960810021105,68.14886570448229,14703800
2017-09-11,68.54312133789062,68.70815320527926,68.13053817194377,68.13053817194377,17910400
2017-09-12,68.46976470947266,68.98319402010613,68.18554591179338,68.54311375240593,14394900
2017-09-13,68.95570373535156,68.97404449724559,68.35059149692066,68.69898902844444,13380800
2017-09-14,68.55228424072266,69.21241170563253,68.32307370401509,68.76316101227182,15733900
2017-09-15,69.04737091064453,69.12071995169404,67.91048875417536,68.60729065424658,38578400
2017-09-18,68.90985870361328,69.65249859974604,68.79983512846566,68.97403737371178,23307000
2017-09-19,69.16658020019531,69.41412452498429,68.7723377607528,68.95570340911863,16093300
2017-09-20,68.70814514160156,69.267419349062,68.13053017605571,69.0840467429563,21587900
2017-09-21,68.03885650634766,68.98320282100698,67.947173688459,68.8640158572468,19186100
2017-09-22,68.22223663330078,68.3139194612635,67.70880020579706,67.83715756393514,14111400
2017-09-25,67.16783142089844,68.07550283342542,66.85610157526482,67.92880478961013,24149200
2017-09-26,67.16783142089844,67.6720902078811,66.92028022069707,67.54373291701658,18019600
2017-09-27,67.70878601074219,68.00217519568507,67.08533311836982,67.43373758451757,19565100
2017-09-28,67.72711944580078,67.81880224462822,67.21368318145862,67.42455991421598,10883800
2017-09-29,68.29554748535156,68.34139237585597,67.73627339694913,67.79128866454406,17079100
2017-10-02,68.40559387207031,68.77233213374625,68.12137504187297,68.49727668875167,15304800
2017-10-03,68.08468627929688,68.6531238208279,68.02050762154502,68.46058784757231,12190400
2017-10-04,68.47892761230469,68.50643175166444,67.58041942184214,67.92881684531388,13317700
2017-10-05,69.65248107910156,69.79000876470425,68.72646879065535,68.96484964603677,21195300
2017-10-06,69.67998504638672,69.70748918445008,69.25823860786821,69.37742553779236,13959800
2017-10-09,69.94586181640625,70.18424264317913,69.55161956229827,69.65247271997342,11386500
2017-10-10,69.94586181640625,70.25758467107647,69.80833414730853,69.98253632782884,13944500
2017-10-11,70.0650405883789,70.10171509553867,69.6341238729355,70.01003232511277,15388900
2017-10-12,70.70685577392578,70.86271723120484,70.01922429127785,70.12924085173405,16876500
2017-10-13,71.04610443115234,71.39450896506533,70.86273877800436,71.13778725772634,15335700
2017-10-16,71.19278717041016,71.33947826224976,70.91773175515496,70.98191041938786,12380100
2017-10-17,71.13777923583984,71.1652903761659,70.8260562616496,71.02776265433764,16824000
2017-10-18,71.15612030029297,71.37616045918868,70.93608014139726,71.21112859127926,13300700
2017-10-19,71.43116760253906,71.44950136579442,70.91773129704269,71.11943766760022,15092800
2017-10-20,72.2563247680664,72.40302286388679,71.71539127836671,71.80707409077935,22866400
2017-10-23,72.27466583251953,72.74225027628225,72.21048716406483,72.42135693400874,20627200
2017-10-24,72.30216979980469,72.61389276154979,71.9354315545544,72.33884432382474,17517200
2017-10-25,72.09129333496094,72.5222102502992,71.52285569766387,72.04545542595808,20410800
2017-10-26,72.21051025390625,72.81562260783252,72.20133987120893,72.61391615820627,32120700
2017-10-27,76.84054565429688,79.03179804140771,76.65718000485415,77.35398206364854,71066700
2017-10-30,76.91387176513672,77.31728446749565,76.19873615273612,76.73966955367281,31756700
2017-10-31,76.26293182373047,77.344805861906,76.19875315176034,77.344805861906,27086600
2017-11-01,76.26293182373047,76.7947019600262,75.98787637531527,76.72135290778873,22307400
2017-11-02,77.06057739257812,77.43647899712913,76.20791400304812,76.41878375817558,23992900
2017-11-03,77.14310455322266,77.50984284364533,76.4646432626589,77.08809625789213,17633500
2017-11-06,77.44564819335938,77.65651794526605,77.08808035756142,77.19809692553024,19860900
2017-11-07,77.26227569580078,77.83989065823789,76.95055275952333,77.72069671617326,17939700
2017-11-08,77.52816009521484,77.57400499485834,76.85886932809703,77.14308812002791,18034200
2017-11-09,77.09725952148438,77.26229140216518,76.00622202777066,77.1156002831995,21178400
2017-11-10,76.89553833007812,77.10640806542524,76.30876003049183,76.82218929389256,19397800
2017-11-13,76.95055389404297,76.95972427317153,76.51963700934768,76.70300961717001,14196900
2017-11-14,77.06057739257812,77.10641529828204,76.07955667515756,76.55631146518682,18801300
2017-11-15,76.46163940429688,77.11586562480947,76.19441905562338,76.91314625477582,19383100
2017-11-16,76.66434478759766,76.8670641392362,76.42477376300553,76.57220154505617,20962800
2017-11-17,75.92720031738281,76.59064298608128,75.7797654887478,76.59064298608128,22079000
2017-11-20,76.0469741821289,76.10225871934998,75.78897030165922,75.9271886747904,16315000
2017-11-21,77.14349365234375,77.25406272097841,76.24047308805132,76.24047308805132,21237500
2017-11-22,76.58142852783203,77.30937219532184,76.51692754615976,77.24487121364956,20553100
2017-11-24,76.71964263916016,76.87628686731495,76.27734519663441,76.48928099890452,7425600
2017-11-27,77.28172302246094,77.38308270319419,76.75649878142455,76.76570818507004,18265200
2017-11-28,78.21236419677734,78.37822482212476,77.41991976790386,77.46599489775285,21926000
2017-11-29,76.79337310791016,78.24926074235921,76.64594527522533,78.05575775753971,27381100
2017-11-30,77.55815887451172,77.88066377949264,76.7933565069286,76.95000777227335,33054600
2017-12-01,77.64109802246094,78.14788947056192,76.6827926464967,77.03293984864357,29532100
2017-12-04,74.71089935302734,77.79774436018909,74.36074511138561,77.78852792486158,39094900
2017-12-05,75.18083190917969,76.18521245487102,74.61875589710107,74.95047023714997,26152300
2017-12-06,76.27734375,76.60906506808323,75.03339232222753,75.14396843828168,26162100
2017-12-07,76.0101318359375,76.29578507656103,75.55862494796352,76.05620698025484,23184500
2017-12-08,77.54895782470703,77.93596375237738,76.78415537472961,77.06058516731682,24489100
2017-12-11,78.5348892211914,78.66389117031758,77.51208303163466,77.66872725127658,22857900
2017-12-12,78.85741424560547,79.29049534123449,78.39669087239686,78.60861968722759,23924100
2017-12-13,78.64546966552734,79.24441139019012,78.47960898839119,79.00483329430901,22062700
2017-12-14,78.03730773925781,79.12461491003197,77.88987292216619,78.71917619310902,19306000
2017-12-15,80.0276107788086,80.2487559252327,78.21236041963692,78.56251451739234,53936700
2017-12-18,79.59455871582031,80.6265814897175,79.4563473430448,80.27643429521952,22283800
2017-12-19,79.08776092529297,79.56691004927576,78.57174606475832,79.56691004927576,23524800
2017-12-20,78.80213928222656,79.52087380130367,78.05576950982149,79.42872348315991,23674900
2017-12-21,78.78367614746094,79.33654264423436,78.69153290301186,79.29047453704928,17990700
2017-12-22,78.79288482666016,78.90345389708602,78.2492277867795,78.69152515871764,14145800
2017-12-26,78.69153594970703,78.81132146912067,78.35059819895855,78.60860210543667,9891200
2017-12-27,78.97721099853516,79.22600559221654,78.5257039971453,78.92192643553119,14678000
2017-12-28,78.98638916015625,79.17989206698341,78.82974495416451,79.15224979887644,10594300
2017-12-29,78.82054901123047,79.29048878144725,78.78369030081345,78.90347583710863,18717400
2018-01-02,79.19831085205078,79.530032099961,78.78366280720186,79.3641714760059,22483800
2018-01-03,79.56688690185547,79.71432168485381,79.21673983735049,79.29966663022901,26061400
2018-01-04,80.26720428466797,80.77400266606287,79.76962233659265,79.788048173153,21912000
2018-01-05,81.26238250732422,81.46510189562147,80.56208108322825,80.77401690646994,23407100
2018-01-08,81.34529876708984,81.62173553888103,80.7187148437651,81.27158135726832,22113000
2018-01-09,81.29003143310547,81.75997123260069,80.95831004876538,81.68625380717387,19484300
2018-01-10,80.92144775390625,81.26238555885257,80.54365826795846,80.95830646498804,18652200
2018-01-11,81.1610107421875,81.20707884989791,80.38699201381512,81.20707884989791,17808900
2018-01-12,82.56161499023438,82.7274756615193,81.50194998091834,81.70466936027546,24271500
2018-01-16,81.40979766845703,83.65812940016168,81.0965092298183,83.02232905929264,36599700
2018-01-17,83.05919647216797,83.18819843455458,81.77838625270105,82.08246531978938,25621200
2018-01-18,83.02230834960938,83.54753244754842,82.61687676721532,82.74587868389668,24159700
2018-01-19,82.9301986694336,83.49228168948838,82.61691018223193,83.05920063829075,36875000
2018-01-22,84.4136962890625,84.42291272050421,82.69058917348575,82.93016718042864,23601600
2018-01-23,84.68095397949219,85.04953406917957,84.34923260178161,84.68095397949219,23412800
2018-01-24,84.60723114013672,86.0907608093647,84.38608591251119,85.27989028801774,33277500
2018-01-25,85.0771713256836,85.91568412591765,84.70859125774419,85.20617329495036,26383200
2018-01-26,86.67127227783203,86.67127227783203,85.30753513131914,85.80511718101879,29172200
2018-01-29,86.5422592163086,87.95207132810575,86.35797271636518,87.66642514416966,31569900
2018-01-30,85.4549560546875,86.3026922729121,84.86523079075367,85.97097093318936,38635100
2018-01-31,87.54664611816406,87.90600974077398,86.16447617579365,86.38562139815055,48756300
2018-02-01,86.85552215576172,88.52333755454673,86.22893844863682,87.34388752468263,47227900
2018-02-02,84.57036590576172,86.58833616363468,84.31236198842406,86.2842571053098,47867800
2018-02-05,81.08732604980469,85.91570576889288,81.08732604980469,83.44622783071827,51031500
2018-02-06,84.15571594238281,84.29393433228431,78.55331917499957,80.06449096974278,67998600
2018-02-07,82.57083129882812,84.56115232113189,82.19303481422433,83.38170178494006,41107600
2018-02-08,78.3321762084961,82.8196165810151,78.10181456210134,82.66297234868574,55628700
2018-02-09,81.25318145751953,81.94426657752676,77.2448891674939,79.52086395419738,63499100
2018-02-12,82.12852478027344,82.72746641687618,81.02279178199062,81.76916120432757,35720300
2018-02-13,82.7735366821289,82.93018089215079,80.90300150459629,81.9442334671917,26407700
2018-02-14,84.06961822509766,84.23625799322191,81.84776406757696,81.94034014695663,34960900
2018-02-15,85.7823257446289,85.83786999146425,83.89374365808764,84.43994758691144,27823900
2018-02-16,85.17129516601562,86.55995758720066,84.98614300176521,85.5878910671302,30596900
2018-02-20,85.8378677368164,86.15262787808722,84.25479317565834,84.68990859938256,30911700
2018-02-21,84.69914245605469,86.43034403791293,84.69914245605469,86.07855212347783,26922500
2018-02-22,84.92135620117188,85.84713133573425,84.57881685866644,85.21760396170768,24392800
2018-02-23,87.07841491699219,87.08767464685971,85.50459986852339,86.65255916344303,26329200
2018-02-26,88.33743286132812,88.36520497621926,87.25427800196532,87.39314563952242,30199800
2018-02-27,87.2080078125,88.7262783456035,87.2080078125,88.63370225223929,25869100
2018-02-28,86.8099365234375,88.60594265357362,86.68032856178894,87.80051569495394,31167300
2018-03-01,85.95821380615234,87.55054805607966,85.02317900811767,87.01359682052681,37135600
2018-03-02,86.14334869384766,86.23592476201043,84.11589960450695,84.78245859624094,32830400
2018-03-05,86.68958282470703,87.27281861534665,85.41201568483294,85.48607232745911,23901600
2018-03-06,86.39331817626953,87.47647317418956,86.04152623747822,87.33760551886851,22175800
2018-03-07,86.89324951171875,86.96731321321059,85.56939086574118,86.24520978142344,26716100
2018-03-08,87.42092895507812,88.04119647745566,86.80991409678215,87.2728015725449,25887800
2018-03-09,89.37432861328125,89.37432861328125,87.94863411790283,88.21710974330884,36937300
2018-03-12,89.58724212646484,89.99458537976568,88.91143034323676,89.33728598845917,26073700
2018-03-13,87.40245819091797,90.02239718357382,86.99511475804883,89.80021306705689,35387800
2018-03-14,86.88400268554688,88.32821682669058,86.5599827722822,88.05974116624145,32132000
2018-03-15,87.18949127197266,87.55980269091918,85.9396964132431,86.5877360990724,27611000
2018-03-16,87.57831573486328,88.30041912247334,86.9487884369027,87.65237943182403,49081300
2018-03-19,85.9952392578125,86.93027398627349,85.27313588729713,86.78214659585868,33344100
2018-03-20,86.21744537353516,86.80994096081582,86.09709713531096,86.14338872245348,23075200
2018-03-21,85.61568450927734,87.06915113635932,85.3657212764912,86.03228047978293,24457100
2018-03-22,83.12532806396484,84.9398459973719,83.0049798712084,84.49547094324481,38604700
2018-03-23,80.70907592773438,83.74561721695746,80.61649982757098,82.85687394180219,44068900
2018-03-26,86.81917572021484,87.0228473440953,83.6900588584313,83.8844707549256,56396800
2018-03-27,82.82910919189453,88.07825293891327,81.94036583761921,87.89310072210337,56569000
2018-03-28,82.75502014160156,84.45844967972664,82.27362028743053,83.15310364264964,52501100
2018-03-29,84.4954833984375,85.43977787898963,81.8385135978767,83.486392011782,45867500
2018-04-02,81.94962310791016,84.13445329190336,81.01459517845815,83.75488910718927,48515400
2018-04-03,83.05128479003906,83.36605200222188,81.36637436182357,82.93093656770353,37213800
2018-04-04,85.476806640625,85.87489016940229,81.21824309332774,81.32933157189642,35560000
2018-04-05,85.52310180664062,86.16188889040008,84.6158461574931,85.5786531159481,29771900
2018-04-06,83.53268432617188,85.59715869419725,82.8383530514982,84.6991557821895,38026000
2018-04-09,84.0325927734375,86.25445416308663,83.89373217535532,84.2825559761907,31533900
2018-04-10,85.9859848022461,86.35629623788552,84.83802570855673,85.53235700171696,26812000
2018-04-11,85.04167938232422,86.3655377174142,84.68988747750582,85.18054702423468,24872100
2018-04-12,86.63404083251953,87.17099211838554,85.56939799002078,85.56939799002078,26758900
2018-04-13,86.17115783691406,87.18950915050664,85.57866227034732,87.06916091648986,23346100
2018-04-16,87.1801986694336,87.6338333415562,86.48586766939714,87.0876226153821,20288100
2018-04-17,88.93919372558594,89.37430905557619,87.83751934225758,87.94861487218124,26771000
2018-04-18,89.28173065185547,89.54094648515266,88.43001240417678,89.07805905052147,21043300
2018-04-19,88.97624969482422,89.86499298589067,88.26339887828613,89.28175718762625,23552500
2018-04-20,87.94865417480469,88.97626533073765,87.06917045829866,88.79111309455904,31154400
2018-04-23,88.27265167236328,89.14288249993845,87.60609249065493,88.63370338527143,22331800
2018-04-24,86.20817565917969,89.30952068062423,85.55087621774123,89.09658931022155,34524800
2018-04-25,85.45829010009766,86.37481245816404,83.57896793378647,86.37481245816404,33729300
2018-04-26,87.26354217529297,88.08748125352814,86.1896399240955,86.60624285799871,42529000
2018-04-27,88.70775604248047,90.63336964699688,86.93952954851477,90.3556343348273,48272800
2018-04-30,86.57844543457031,89.24468104778946,86.23591332150002,89.17987710236261,41523600
2018-05-01,87.94865417480469,88.21712986143723,85.90269159367921,86.29151552751733,31408900
2018-05-02,86.56922912597656,88.10601207562239,86.27298138489404,87.93937227981951,27471000
2018-05-03,87.08766174316406,87.88382887929866,85.58790356654002,86.06005083636482,31142500
2018-05-04,88.09675598144531,88.29116789179794,86.02301481147784,86.39332623919367,22531300
2018-05-07,89.07807922363281,89.53170703463394,88.04120859252691,88.10601256552708,24242000
2018-05-08,88.6985092163086,89.02253614866979,88.00417789799761,88.73554106752425,23484600
2018-05-09,89.74464416503906,89.77241628909086,87.9949297187385,88.88367300391468,27327400
2018-05-10,90.64263916015625,90.67966394688055,89.84647204662383,90.22603614692474,22388100
2018-05-11,90.44822692871094,90.60561406799187,89.83721901874483,90.54081009173632,16778300
2018-05-14,90.75371551513672,91.3647303609583,90.08715643355033,90.65187970749979,19454100
2018-05-15,90.0964126586914,90.58707222381544,89.18915015221724,90.02234897181556,24594000
2018-05-16,90.32887268066406,90.56131959590319,89.83608635535184,90.5241272382189,17384700
2018-05-17,89.42699432373047,90.69150634781325,89.10156999997055,89.96627297094305,17246700
2018-05-18,89.59434509277344,90.12432380839593,89.26892081014863,89.26892081014863,17865800
2018-05-21,90.74728393554688,91.12850032204015,90.00345798395541,90.18941269842387,19422500
2018-05-22,90.654296875,91.27725290487975,90.37535773943632,90.82165893759483,15441200
2018-05-23,91.73283386230469,91.79791870051038,89.55712752538568,89.91974406591963,21251200
2018-05-24,91.40743255615234,91.99320338583229,90.01275091400798,91.79794880717819,26649300
2018-05-25,91.45390319824219,92.03037402801758,90.98900942724408,91.39811821571153,18363900
2018-05-29,91.12848663330078,91.93739732281857,90.403253424609,90.97041734665734,28671000
2018-05-30,92.00250244140625,92.28144162637878,91.03552934592926,91.40743880093511,22158500
2018-05-31,91.90022277832031,92.96948016742815,91.68637555672953,92.31863154469362,34140900
2018-06-01,93.71330261230469,93.77838746719351,92.20704399295569,92.30932120688342,28655600
2018-06-04,94.53150939941406,94.70817132426096,93.76908380430405,94.15030014871749,27281600
2018-06-05,95.01500701904297,95.14517672911549,94.40134373408637,94.83834508663719,23514400
2018-06-06,95.29395294189453,95.39623017094038,94.74538152584698,95.28466017104905,21122900
2018-06-07,93.79700469970703,95.47992569243613,93.33211073036996,95.44273332364288,28232200
2018-06-08,94.49430847167969,94.79184021123255,93.48084342229266,93.99222233111242,22165100
2018-06-11,93.95504760742188,94.45712671057944,93.60172375014882,93.91785524909223,23490900
2018-06-12,94.19676208496094,94.32693175741727,93.67608339513562,94.00150757627644,18325200
2018-06-13,93.76908874511719,94.84764588921975,93.49944945909155,94.5780066031941,29492900
2018-06-14,94.29906463623047,94.86623568752414,93.90855551381364,94.51291892348752,25691800
2018-06-15,93.09964752197266,94.40135182802267,93.0438625253635,94.38275919372553,65738600
2018-06-18,93.77838897705078,94.0108359044986,92.43949240496174,92.9880708424716,23586000
2018-06-19,93.77838897705078,93.90855868892417,92.51387712423718,92.65334669944934,28653100
2018-06-20,94.71748352050781,95.32183990137338,94.0201426868465,94.25258963140027,26180800
2018-06-21,94.03871154785156,95.26603082107604,93.7969648003891,94.91271410841244,23198200
2018-06-22,93.36000061035156,93.69471770721542,92.63476013494476,93.36000061035156,38923100
2018-06-25,91.48181915283203,93.08105527023329,90.46835387710554,92.97877804688429,35433300
2018-06-26,92.12336730957031,93.05315501250813,91.8165356651087,91.88162052056566,26897200
2018-06-27,90.69149780273438,92.99736744558666,90.56132808549518,92.58826566014243,31298400
2018-06-28,91.7049560546875,92.1512572610091,90.43115147681641,90.54272145810906,26650700
2018-06-29,91.68634796142578,92.89507457552814,91.42600859068763,91.98387968422878,28053200
2018-07-02,92.98807525634766,93.03456038781337,91.11919988471612,91.21217724136517,19564500
2018-07-03,92.09547424316406,93.56453341348339,91.9931970289769,93.42507093388012,14670300
2018-07-05,92.755615234375,92.90437756528652,92.0768671485132,92.51386846621259,18977400
2018-07-06,94.05733489990234,94.30837447838604,92.67194600508442,92.87650045096184,19234600
2018-07-09,94.6988754272461,95.07079192442248,94.14100422834011,94.5129207255165,18212000
2018-07-10,94.94993591308594,95.31255259989855,94.70818909063811,94.83835881955966,19293100
2018-07-11,94.81977081298828,95.1544879224706,94.00155294128903,94.04804517262414,19644600
2018-07-12,96.87460327148438,97.07915774384696,95.51711379292756,95.55429906634012,24335900
2018-07-13,98.02751922607422,98.18558143537373,96.78159999733631,97.0419465166569,24635200
2018-07-16,97.54402923583984,98.39013233870051,97.18140551322291,97.99962321430328,21786900
2018-07-17,98.510986328125,99.02237230899114,96.99543520239179,97.26507443832884,25901700
2018-07-18,97.73927307128906,98.60397580539276,97.36735662013503,98.5016986039825,29493900
2018-07-19,97.06980895996094,97.91591183121479,96.59561538515729,97.56259516210106,40171600
2018-07-20,98.80854034423828,100.60303097228325,98.63188549676605,100.49146098308343,56004000
2018-07-23,100.38917541503906,100.5472376157387,98.6783624211726,98.83643171558916,29707000
2018-07-24,100.1009292602539,101.17947911036718,99.7290128281157,100.9470322269953,26316600
2018-07-25,103.04837799072266,103.34590978684614,100.04516043827711,100.37988459563071,30702100
2018-07-26,101.92332458496094,103.2064289861863,101.8117475134,102.96468221132929,31372100
2018-07-27,100.11954498291016,102.44401435278296,98.6876709998224,102.44401435278296,37005300
2018-07-30,97.97175598144531,99.98009420600603,97.40458478102666,99.66396971723178,34668300
2018-07-31,98.63186645507812,99.22692992832042,97.9810109042895,99.01307566744453,27655200
2018-08-01,98.81784057617188,98.97590279060569,98.01822254657809,98.58539363951596,23628700
2018-08-02,100.01725006103516,100.50073648316047,97.47892683715742,97.99961270758043,26104300
2018-08-03,100.45426177978516,100.4635616428242,99.31991967540115,100.23111472286737,18659600
2018-08-06,100.53795623779297,100.80759556170672,100.0079774545744,100.52866346690224,20265900
2018-08-07,101.23529052734375,101.43984497311962,100.57514205743293,100.9377587226837,16080200
2018-08-08,101.80245971679688,102.04420652030689,101.12371862540793,101.6536973641337,15487500
2018-08-09,101.96981811523438,102.42541920803674,101.90473325822224,102.00701047548665,13677200
2018-08-10,101.34686279296875,101.98841859806979,100.77039184536221,101.7373719379357,18183700
2018-08-13,100.61231994628906,101.88613157028514,100.51004273811408,101.57000008309423,18472500
2018-08-14,101.86752319335938,102.04418510042446,100.45424921798724,100.93773562980198,16788300
2018-08-15,100.48614501953125,101.72751586921657,99.70211420397867,101.26083306408262,29982800
2018-08-16,100.46749114990234,101.60619853134858,100.15015020544196,101.08351597764174,21384300
2018-08-17,100.4114761352539,100.71015285186701,99.58078129464202,100.20613455739216,18061500
2018-08-20,99.74880981445312,100.71017548961672,99.38479770678956,100.34616338195315,17914200
2018-08-21,98.9181137084961,100.19682033700623,98.7967715932539,99.79547274562324,22881900
2018-08-22,99.92613983154297,100.1874811150356,98.731432752139,98.79676807301216,18000600
2018-08-23,100.39280700683594,100.97149627323734,99.74878955080843,100.01013079337203,18167700
2018-08-24,101.1768798828125,101.32621474587384,100.3928487084328,100.49551954223273,17234000
2018-08-27,102.2968978881836,102.33423337749112,101.27953250836546,101.98888544215892,19662300
2018-08-28,102.91293334960938,103.1369391874439,102.47425020646293,102.61425652549094,19151500
2018-08-29,104.55561065673828,104.56494630655786,102.92222086801776,103.09022695969816,20818000
2018-08-30,104.49031066894531,105.10633558700167,104.0142991824655,104.22896935377598,22798700
2018-08-31,104.84496307373047,105.26497475941264,104.08893207008204,104.24760963937531,23222700
2018-09-04,104.26629638671875,104.49963784505114,102.87558328894231,103.46360120037407,22634600
2018-09-05,101.2608642578125,103.99562662319029,100.89685212735408,103.61295030802331,32872400
2018-09-06,101.49419403076172,101.7275354783078,100.34615809660384,101.03684678745583,23477600
2018-09-07,100.99950408935547,101.47552260224334,100.08480966805836,101.01817539159478,22498600
2018-09-10,102.0915298461914,102.33420690340094,101.13950003869957,101.58751155245527,20727900
2018-09-11,103.82760620117188,104.15428279628077,101.63419806713713,101.64353371871616,24301800
2018-09-12,104.26629638671875,104.39696703370359,103.1462602351298,104.00495509274909,18891100
2018-09-13,105.38634490966797,106.15170464628771,104.64898501008045,104.64898501008045,26055600
2018-09-14,105.81568908691406,106.15170136294101,104.94765856068051,105.80635343451989,19122300
2018-09-17,104.6676254272461,106.12367359042614,104.40628417959992,106.11434506087801,20736500
2018-09-18,105.66633605957031,106.12368328472937,104.27562308126143,104.71430612460435,22170900
2018-09-19,104.25695037841797,105.76900544178172,103.64093269253937,105.51699982506216,21728400
2018-09-20,106.00234985351562,106.21702711313235,104.47163056560328,104.79830715978902,23714500
2018-09-21,106.64637756347656,107.60774319145763,105.94635321832345,106.40370046327237,71229700
2018-09-24,107.02904510498047,107.24372235322873,104.74230194576158,105.49832589812904,27334500
2018-09-25,106.82371520996094,107.43040441693338,106.17036198461588,107.15039894364953,22668000
2018-09-26,106.38504791259766,107.39307766786222,106.16103497052406,106.8423952075521,19352000
2018-09-27,106.786376953125,107.25305981972336,106.59036388266011,107.13171771695792,19091300
2018-09-28,106.74906921386719,106.93573956061688,106.1050444118514,106.58106305338556,21647800
2018-10-01,107.90641021728516,107.97174553209278,107.08505095670142,107.10371513763992,18883100
2018-10-02,107.47706604003906,108.12108355628027,106.81437722128915,107.61707232479253,20787200
2018-10-03,107.4957504272461,108.43845199270024,107.271744602144,107.72909190535735,16648000
2018-10-04,105.27434539794922,107.11307744209563,104.19163748770417,106.97307112666505,34821700
2018-10-05,104.65829467773438,105.62899587231642,103.26758176134007,105.12497753353256,29068900
2018-10-08,103.4636001586914,104.56497211577215,102.05421577066913,104.21963131836752,29640600
2018-10-09,104.77964782714844,105.54500750652726,103.41693459903571,103.7342755563561,26198600
2018-10-10,99.08612060546875,104.07029075351335,98.74077268245179,103.82761364217667,61376300
2018-10-11,98.85276794433594,101.67152931745561,97.25670627854218,98.33007829291792,63904300
2018-10-12,102.2688980102539,103.82761730287837,99.98215447896732,101.74621540219216,47742100
2018-10-15,100.4301528930664,102.18488505382922,99.82346373367534,101.65286686319732,32068100
2018-10-16,103.60359954833984,103.98628292872301,101.69019688845523,102.24088639078445,31610200
2018-10-17,103.33292388916016,104.35962481540459,102.25022329525272,104.2382898284628,26548200
2018-10-18,101.27018737792969,103.16491877660584,100.6448340128425,102.76357120538263,32506200
2018-10-19,101.41952514648438,103.47292693458171,100.99950628913572,101.67153076408117,32785500
2018-10-22,102.32488250732422,103.1742487404669,101.02750471115179,102.03554140949186,26545600
2018-10-23,100.89683532714844,101.7088660865852,98.10607375131454,100.5888229231191,43770400
2018-10-24,95.50196838378906,101.26083245548685,94.82060835914221,101.18616861908517,63897800
2018-10-25,101.08351135253906,101.98887012849471,99.07677360992521,99.45012132592565,61646800
2018-10-26,99.83280944824219,101.5035351573074,97.77940744748936,98.64743796402009,55523100
2018-10-29,96.9300308227539,101.4568532444607,94.85795773742856,100.90617087510755,55162000
2018-10-30,96.81804656982422,97.42472869942351,93.43925949608366,96.75271124258968,65350900
2018-10-31,99.69279479980469,100.93417297279792,98.36741712628583,98.4140882628105,51062400
2018-11-01,98.8620834350586,100.16879670973111,98.49807141782321,99.91679112895834,33384200
2018-11-02,99.08612060546875,100.1688212727114,97.98474863372994,99.3847973882615,37680200
2018-11-05,100.34616088867188,100.56083103861846,98.84344135498159,99.28212442793685,27922100
2018-11-06,100.54216003417969,101.58752511989901,99.19811107137991,100.22481197528948,24340200
2018-11-07,104.4996566772461,104.76099801831288,102.11024199204415,102.14757748662761,37901700
2018-11-08,104.30361938476562,104.73296676216317,103.51959559673931,104.35029051924995,25644100
2018-11-09,102.2688980102539,104.02362328090153,101.51287393487654,103.4636051835473,32039200
2018-11-12,99.74880981445312,102.6329068399439,99.03011413038776,102.12888843217522,33621800
2018-11-13,99.81414794921875,101.49420223474324,99.53413534112312,100.38350169693449,35374600
2018-11-14,98.39866638183594,101.48270657158741,97.92996739528002,101.33271946303562,39495100
2018-11-15,100.5640640258789,101.05151502834465,97.40503710018935,98.41742158265718,38505200
2018-11-16,101.51081085205078,102.06387213335724,100.11409010183993,100.37656034732623,33502100
2018-11-19,98.0705795288086,101.76392271759103,97.06756397334888,101.4920764443832,44773900
2018-11-20,95.34273529052734,96.52385859424842,93.13047577323685,95.42710481668217,64052500
2018-11-21,96.65509796142578,97.89246290233412,95.83955921445816,97.114420929549,28130600
2018-11-23,96.61762237548828,97.31129497054062,95.6146066894253,95.77396265081383,13823100
2018-11-26,99.80477142333984,99.95475139225752,98.03308968283626,98.2299424149167,32336200
2018-11-27,100.43280792236328,100.61091580747848,98.76424084637321,99.617269195117,29124500
2018-11-28,104.1636734008789,104.36052613223978,101.1077537697491,101.13587456683214,46788500
2018-11-29,103.2918930053711,104.1636734744591,102.2045078388615,103.42312815970438,28123200
2018-11-30,103.94806671142578,104.023060270063,102.51384887344103,103.76995879760723,33665600
2018-12-03,105.07295227050781,106.31969349166759,103.79809740169719,105.92598799607401,34732800
2018-12-04,101.72642517089844,105.58850740522232,101.4358340870158,104.93233168297799,45197000
2018-12-06,102.3544921875,102.40135779747597,98.42679219148012,99.19545828252336,49107400
2018-12-07,98.25804901123047,102.59819877628212,97.77060524297202,101.59518329486507,45044900
2018-12-10,100.85464477539062,101.22023656556001,97.38627512592001,98.23931071668359,40801500
2018-12-11,101.79206848144531,104.00432883549908,100.71406625829452,102.92632661234829,42381900
2018-12-12,102.25138092041016,104.30427778489279,102.21388414022962,103.94806910084702,36183000
2018-12-13,102.59818267822266,103.9292929419452,101.8295167957974,102.72004896499985,31333400
2018-12-14,99.39229583740234,102.42009412943469,98.8954761064601,101.47332027037257,47043100
2018-12-17,96.44888305664062,99.17671476590411,95.34275309147561,98.81113010512561,56957300
2018-12-18,97.46125030517578,97.96744597484319,96.10201920557508,97.25502164511377,49319200
2018-12-19,97.19877624511719,100.18907024314294,95.00526176277968,97.16127947641822,68198200
2018-12-20,95.15528106689453,97.77999139882252,92.59618116269047,96.59887496775582,70334200
2018-12-21,92.08061981201172,96.55200566546407,91.35881925980705,95.26776767566125,111242100
2018-12-24,88.23726654052734,91.83687839078392,88.09666256932024,91.56503212681886,43935200
2018-12-26,94.26475524902344,94.38662158511157,88.07792891736563,89.18405901543325,51634800
2018-12-27,94.8459243774414,94.85530035939107,90.36516334385736,93.08361881517945,49498500
2018-12-28,94.10539245605469,95.9989405781642,93.28985355374657,95.69896632756647,38196300
2018-12-31,95.21150207519531,95.98954402948614,94.15224504888805,94.94903181393533,33173800
2019-01-02,94.7896957397461,95.38025395124085,92.74616765403161,93.31798105084482,35329300
2019-01-03,91.30259704589844,93.91793919535824,91.1151130923746,93.83356962832713,42579100
2019-01-04,95.54896545410156,96.0926579367155,92.7367718358921,93.4773170135673,44060600
2019-01-07,95.67084503173828,96.8050958417353,94.65846054835745,95.27713955754686,35656100
2019-01-08,96.364501953125,97.46125572247769,95.34273457650848,96.5894754348896,31514400
2019-01-09,97.74246215820312,98.31427536903374,96.7769436010956,97.3581327921073,32280800
2019-01-10,97.11444091796875,97.25505206214952,95.97081410124231,96.7582322175867,30067600
2019-01-11,96.364501953125,96.9644360056826,95.27711701300305,96.73008654290922,28314200
2019-01-14,95.66145324707031,96.43011919634279,94.92090808895274,95.52084213951771,28437100
2019-01-15,98.4361572265625,98.47365400144065,95.50209717040966,96.0926624350173,31587600
2019-01-16,98.78300476074219,99.60791962878204,98.38929929287569,98.67052157094011,29853900
2019-01-17,99.47665405273438,99.95472176675871,98.20179251178132,98.42676597436791,28393000
2019-01-18,100.9671401977539,101.1452481106909,99.27982804744428,100.73279069200707,37427600
2019-01-22,99.06421661376953,100.3953199993991,98.29555057330101,100.06723214403672,32371300
2019-01-23,100.02974700927734,100.33909008824098,98.74550908107595,99.47668558183904,25874300
2019-01-24,99.5516586303711,100.30157984506438,98.74549582769838,100.17034470525986,23164800
2019-01-25,100.4609375,101.12648919234792,99.55166033593434,100.52655507102645,31225600
2019-01-28,98.50178527832031,99.81414393161727,98.10807982786501,99.60791522372756,29476700
2019-01-29,96.49575805664062,98.39867496373712,95.773957549396,98.31430541987365,31490500
2019-01-30,99.72038269042969,99.72038269042969,97.79872135080103,98.07056759091769,49471900
2019-01-31,97.8924789428711,98.63302426281855,96.72073137683643,97.30192074423027,55636400
2019-02-01,96.34576416015625,97.58312921950115,95.94268273883591,97.28316214910781,35535700
2019-02-04,99.12047576904297,99.17672451977278,96.336402192552,96.4301477265083,31315100
2019-02-05,100.50780487060547,100.55467047495264,99.32668150366837,99.42041986414117,27325400
2019-02-06,99.39229583740234,100.30157292313963,98.92359689850917,100.30157292313963,20609800
2019-02-07,98.67988586425781,98.9798529429015,97.76123981481496,98.60489945843136,29760700
2019-02-08,99.05484008789062,99.15795443497828,97.73311269160706,97.854971850993,21461100
2019-02-11,98.66114807128906,99.90788923602798,98.39867775277135,99.5516733879427,18914100
2019-02-12,100.19847869873047,100.43282821522142,98.87675114464692,99.4954301492576,25056600
2019-02-13,100.12347412109375,101.03275128932158,100.02973575516673,100.77028100401435,18394900
2019-02-14,100.20783996582031,100.57342458571573,99.04546853722407,99.65477146919734,21784700
2019-02-15,101.44522857666016,101.52022214482083,100.63906559838352,101.15463743976287,26606900
2019-02-19,101.39834594726562,101.8576761437431,101.03276127776206,101.04213726081538,18038500
2019-02-20,100.87116241455078,101.61487038956706,100.06155662819498,101.53955655308681,21607700
2019-02-21,102.99874114990234,103.06463896734542,100.60758048760252,100.63582138331763,29063200
2019-02-22,104.46731567382812,104.68383397614542,103.38470261527333,103.6012280999134,27763200
2019-02-25,105.05096435546875,105.6063948400185,104.74030739468577,105.21100803006074,23750600
2019-02-26,105.77587127685547,106.60430199682602,104.65560121297533,104.74033108131144,21536700
2019-02-27,105.59698486328125,105.7758534133096,104.38257629259203,105.14511624954515,21487100
2019-02-28,105.46519470214844,106.2653844329929,105.18277859955055,105.47461072693179,29083900
2019-03-01,105.93590545654297,106.39719016225068,105.12629962397334,106.27481055772668,23501200
2019-03-04,105.68171691894531,106.61370223872365,104.3072718181879,106.39717676931946,26608000
2019-03-05,105.15452575683594,105.80409497330382,104.71207316459721,105.6722993616034,19538300
2019-03-06,105.20159912109375,106.05827778292782,104.90035098137321,105.31456986685977,17687000
2019-03-07,103.92131042480469,105.01333960616623,103.43178480778555,104.87212794549728,25339000
2019-03-08,104.03426361083984,104.22254100503572,102.42446818880175,102.7633732442121,22818400
2019-03-11,106.21833038330078,106.33129396386413,104.47673908715748,104.48614793065558,26491600
2019-03-12,106.96200561523438,107.31031945826858,106.04884531328435,106.20888179156066,26132700
2019-03-13,107.79045104980469,108.26115170941083,107.11264095080033,107.4421299760602,35513800
2019-03-14,107.8751449584961,108.44940018468888,107.6303858520324,107.82807921447777,30763400
2019-03-15,109.11782836914062,110.37930266638477,107.87517175539405,108.58122273193808,54681100
2019-03-18,110.68054962158203,110.71820653514352,109.2496228178546,109.36258637621722,31207600
2019-03-19,110.75588989257812,111.4995979527598,110.13456144394902,111.17010167600726,37588700
2019-03-20,110.63348388671875,111.79141071157414,109.87095108883979,110.51110429641791,28113300
2019-03-21,113.17526245117188,113.74010177981484,110.22867186317619,110.27574479986383,29854400
2019-03-22,110.1910171508789,112.58216996128607,110.18160112750273,112.49744729786472,33624500
2019-03-25,110.7652816772461,111.09477069956468,109.50380018595521,109.72973448949911,27067100
2019-03-26,111.00064086914062,111.75375766853598,110.00275051601595,111.66903499131207,26097700
2019-03-27,109.92745971679688,111.2830802950319,108.75070773772455,110.97241604879902,22733400
2019-03-28,110.07804107666016,110.68995328463801,109.3249172541765,110.55815769305153,18334800
2019-03-29,111.02888488769531,111.38661483880622,110.10630834323075,111.15126448568313,25399800
2019-04-01,112.04558563232422,112.13031548871919,111.17949811318842,111.97968782504915,22789100
2019-04-02,112.20564270019531,112.4786499864095,111.57489826126859,112.08325591328916,18142300
2019-04-03,112.93991088867188,113.37295460860682,112.16796213881888,112.83635617495682,22860700
2019-04-04,112.36566162109375,113.1846833514219,111.44308517144864,113.06229658368981,20112800
2019-04-05,112.86463165283203,113.18471191576891,112.37510600532865,112.39393087617252,15826200
2019-04-08,112.90225982666016,112.98698249736907,111.68785127024483,112.7892890833929,15116200
2019-04-09,112.29035186767578,112.53511822970172,111.63137379567016,111.6784395537721,17612000
2019-04-10,113.14702606201172,113.29764653722329,112.535113772345,112.74222321029269,16477200
2019-04-11,113.27884674072266,113.76837237139881,112.89286866961424,113.47654019824516,14209100
2019-04-12,113.86247253417969,113.89072060339574,113.3164652954629,113.57064045983786,19745100
2019-04-15,113.95663452148438,114.45557608006776,113.50475872027701,113.85307980000607,15792600
2019-04-16,113.69303131103516,114.52146904786115,113.06229416673129,114.51205302385489,14071800
2019-04-17,114.63443756103516,114.70975139169649,113.47651793948653,114.13549600196768,19300900
2019-04-18,116.14067077636719,116.28187521312026,114.19197054364047,115.02981705254143,27991000
2019-04-22,116.50784301757812,116.73377734978536,115.38757301724895,115.43464596169012,15648700
2019-04-23,118.08939361572266,118.22118923680357,116.57373679096959,116.82791200810485,24025500
2019-04-24,117.68458557128906,118.47535926312798,117.223293735394,118.41887748008874,31257000
2019-04-25,121.58197784423828,123.67188997730464,121.28073688374248,122.43865651488102,38033900
2019-04-26,122.27859497070312,122.87168229272164,121.4595805657378,122.09972645360918,23654900
2019-04-29,122.1656494140625,122.55161302579747,121.77026259605644,122.28802181379342,16324200
2019-04-30,122.947021484375,123.04115300015069,121.80791953572614,122.20330637713096,24166500
2019-05-01,120.38639831542969,122.99407681376249,120.21694579039679,122.88111325195528,26821700
2019-05-02,118.81424713134766,120.49935617726769,118.16467799111174,120.48053131308637,27350200
2019-05-03,121.34661102294922,121.84555251836639,119.79330476206823,119.89685947043647,24911100
2019-05-06,120.64057159423828,121.02654957713668,118.72011925082056,118.98371046727704,24239800
2019-05-07,118.1646957397461,119.7274254474102,116.94087827914305,119.04961531793286,36017700
2019-05-08,118.1552963256836,118.96490213579317,117.43982922277497,118.08939851241063,28419000
2019-05-09,118.1458511352539,118.41885834636929,116.32894652372966,117.00675653997183,27235800
2019-05-10,119.68036651611328,120.43349056643108,116.56432994301181,117.59046128201172,30915100
2019-05-13,116.12184143066406,118.19292846650755,115.83000934482526,116.83730838357883,33944900
2019-05-14,117.4210205078125,118.50362656304151,116.45137086151183,116.61141458632586,25266300
2019-05-15,119.07453155517578,119.72650520754055,116.88239630499172,117.41153737152452,24722700
2019-05-16,121.82415771484375,122.24936799326858,119.49029510787909,119.76431294141372,30112200
2019-05-17,121.01155853271484,123.26983552571461,120.86981698016024,121.23832194829606,25770500
2019-05-20,119.26351165771484,120.55800085950153,118.82886496429883,119.54697313138195,23706900
2019-05-21,119.90605163574219,120.50132730390918,119.60368836174972,120.40684013245699,15293300
2019-05-22,120.63359069824219,121.17218262454435,119.54697038520943,119.64146474983585,15396500
2019-05-23,119.22572326660156,119.32966130985099,117.86508503417885,119.2446178158703,23603800
2019-05-24,119.28240966796875,120.3973754648012,119.02729361337266,119.91548878290767,14123400
2019-05-28,119.20684814453125,120.94543531693554,119.102910084343,119.98165455117399,23128400
2019-05-29,118.0540542602539,118.4792500590906,117.20365545367274,118.46979918098754,22763100
2019-05-30,118.80052185058594,118.82886727761367,117.90287581089494,118.35642427006309,16829600
2019-05-31,116.863525390625,117.75172072461169,116.52336578224327,117.38321568368308,26646800
2019-06-03,113.23515319824219,117.51549352995335,112.45090316944838,117.02414869304401,37983600
2019-06-04,116.37215423583984,116.48553593338511,114.00048854044849,114.59576407928371,29382600
2019-06-05,118.89501953125,118.9328158402676,117.36430145612704,118.06351515068052,24926100
2019-06-06,120.77534484863281,120.91707920991507,118.6776964866006,119.47140458443587,21459000
2019-06-07,124.15804290771484,124.96120195774685,121.19110076875786,122.06985244614272,33885600
2019-06-10,125.29190826416016,126.69033571808814,124.72497081152589,125.10291950140318,26477100
2019-06-11,124.81945037841797,126.84150590668762,124.04463691296623,126.50134635904335,23913700
2019-06-12,124.24309539794922,124.69663675072029,123.50608529301388,124.15804467982619,17092500
2019-06-13,125.02734375,125.66985941895751,124.30922104020203,124.70607149770262,17200800
2019-06-14,125.15018463134766,126.41632878352816,124.38482905305676,124.97065393168528,17821700
2019-06-17,125.52808380126953,126.3595734978721,125.22571342591365,125.32020777266563,14517800
2019-06-18,127.7108154296875,127.78640805178749,126.20844991222374,126.79427471122557,25934500
2019-06-19,128.21157836914062,128.4383417724038,126.4351881485629,127.55960474912793,23744400
2019-06-20,129.40216064453125,130.0730361822741,128.23995466954864,129.87460373882877,33042600
2019-06-21,129.42105102539062,130.13915927516527,128.93916430199394,129.05254602095368,36727900
2019-06-24,130.18641662597656,130.77224144342003,129.44940655957384,129.44940655957384,20628800
2019-06-25,126.0761489868164,130.00687873484404,125.41473158157572,129.68562091198686,33327400
2019-06-26,126.54859161376953,128.25884760846046,126.23679188066,126.94545647336321,23657700
2019-06-27,126.75646209716797,127.2856104139043,126.15173558157244,126.74701842676492,16557500
2019-06-28,126.57695770263672,127.18168427484626,125.82104588292012,127.15333884316603,30043000
2019-07-01,128.2021484375,129.16593636647931,127.5312873317599,129.09980183194182,22613500
2019-07-02,129.0525665283203,129.06201020046169,127.88090238088543,128.61791250687543,15237800
2019-07-03,129.884033203125,130.14860012419848,128.77850391843435,129.2604049958164,13629300
2019-07-05,129.5060272216797,129.76115038877552,128.23988388808138,128.44775988826152,18141100
2019-07-08,129.4115447998047,129.5438282139205,127.90916566071921,128.88239672553067,16779700
2019-07-09,128.93914794921875,129.4210346114999,128.3155197383966,128.50449405196866,19953100
2019-07-10,130.25254821777344,130.94231099971086,129.46829106337688,129.57222910595513,24204400
2019-07-11,130.77223205566406,131.54704558759445,130.27144357002823,130.58325771694038,22327900
2019-07-12,131.24465942382812,131.4619935843096,130.40371146188022,131.19742665815627,18936800
2019-07-15,131.24465942382812,131.84938588615228,130.82892169545588,131.75490593699246,16651500
2019-07-16,129.52499389648438,131.3864207470772,128.9958599645466,131.30138445469115,22726100
2019-07-17,128.75962829589844,130.32812820846664,128.71238110901845,130.11080845019936,20211000
2019-07-18,128.90133666992188,129.09031097210885,127.24778629460957,128.0792905256103,30381800
2019-07-19,129.09031677246094,132.91710783940832,128.9296878874938,132.49191203592878,48992400
2019-07-22,130.80056762695312,131.51869024492225,129.76120163340238,129.8367942467579,25074900
2019-07-23,131.61317443847656,132.2746062221928,130.42262317985842,132.05727204511243,18034600
2019-07-24,132.96435546875,132.98325722522608,131.19742331035286,131.24465607481943,20738300
2019-07-25,132.46359252929688,132.86044298471703,131.64154618719934,132.69035597935493,18356900
2019-07-26,133.5502166748047,133.8714745336586,132.56754133659862,132.633675875624,19037600
2019-07-29,133.25729370117188,133.71083501999496,131.68877921871126,133.7013913488302,16605900
2019-07-30,132.61474609375,133.4367922394661,132.09505594848665,132.41631370453487,16846500
2019-07-31,128.75962829589844,132.74704864924013,127.63521157011394,132.5958634183511,38598800
2019-08-01,130.4509735107422,133.17225011020852,129.38324759707035,129.44939654505467,40557500
2019-08-02,129.3549041748047,130.6966551540663,127.80529151335256,130.4793209654459,30791600
2019-08-05,124.92337799072266,126.54856856290036,123.57218358282371,125.95330021757428,42749600
2019-08-06,127.26676177978516,128.2021901637688,125.86833383207053,126.42581339272267,32696700
2019-08-07,127.82418060302734,128.17378381938138,124.56432669283133,126.41629523212022,33414500
2019-08-08,131.23521423339844,131.32970859927931,128.43834536642652,129.07143166575963,27496500
2019-08-09,130.12026977539062,131.69822781528148,128.9391621630935,130.97066148911756,23466700
2019-08-12,128.3060760498047,130.26199718020206,127.78640023361685,129.5155435115889,20484300
2019-08-13,130.96119689941406,131.15017120363208,127.55960175222855,128.55173487164225,25154600
2019-08-14,127.01736450195312,129.80458180039324,126.7234768011751,129.2736860227523,32527300
2019-08-15,126.73294830322266,127.58618603509724,125.37726908581494,127.40605758728512,28074400
2019-08-16,129.05563354492188,129.36848592022596,127.71890461384724,127.8705932441445,24449100
2019-08-19,131.21717834472656,131.34990231260173,129.77616493220503,130.68628247322587,24355700
2019-08-20,130.1269073486328,131.50156574634494,130.10795711816388,131.02754959977517,21170800
2019-08-21,131.57745361328125,132.24108808373978,130.82851413645133,131.3499350207411,14970300
2019-08-22,130.6199188232422,131.96612325930042,129.207345167504,131.45419206591475,18697000
2019-08-23,126.45805358886719,131.16030111636837,125.89871789012216,130.0605799533312,38508600
2019-08-26,128.4110107421875,128.51529490516833,126.9415573423048,127.97492385396171,20312600
2019-08-27,128.68592834472656,129.614996083556,127.66205157576418,129.3021436431097,23102100
2019-08-28,128.5153045654297,128.70490820351174,126.6097641340852,127.87064930278471,17393300
2019-08-29,130.9422607421875,131.2456381239468,129.79514937375578,130.11747699250273,20168700
2019-08-30,130.69578552246094,131.9471811347557,129.1884170367622,131.918741311692,23940100
2019-09-03,128.9703369140625,130.07005810273623,128.64800933091516,129.51072239095203,18869300
2019-09-04,130.47772216796875,130.53460180542584,129.3874760753369,130.16486969612632,17995900
2019-09-05,132.77195739746094,133.08480986514482,131.54898734507594,131.8808045136029,26101800
2019-09-06,131.8712921142578,132.89515421707276,131.0180544074798,132.75295516552185,20824500
2019-09-09,130.3734130859375,132.4875211802793,129.3685011074385,132.33583253217452,25773900
2019-09-10,129.00827026367188,129.77617430942365,127.51985222668347,129.69085485230204,28903400
2019-09-11,129.0461883544922,129.18840191899935,128.06971596802455,128.8471096163427,24726100
2019-09-12,130.3734130859375,131.22663641633173,129.7571833776966,130.6862654979689,27010000
2019-09-13,130.1837921142578,130.88532670281202,129.47276794532397,130.61987883700928,23363100
2019-09-16,129.24525451660156,129.59602186383637,128.61007456568873,128.77123833241356,16731400
2019-09-17,130.25021362304688,130.3734625045782,129.3400958552599,129.8425665007988,17814200
2019-09-18,131.3214569091797,131.46365598805835,129.43486715637002,130.22173581309485,23982100
2019-09-19,133.73895263671875,134.97138332251706,132.79092013021048,133.00896355627552,35772100
2019-09-20,132.19363403320312,134.28877743906952,131.0654732150478,133.68203730987156,39167300
2019-09-23,131.9092559814453,132.37379716524313,131.24563605161242,131.9945754440318,17139300
2019-09-24,130.2406768798828,133.37866135491427,129.76666074852884,133.06580897232172,29773200
2019-09-25,132.11781311035156,132.68663841102725,128.96086306984094,130.3544720372509,21382000
2019-09-26,132.2884063720703,132.89514639936903,131.2455796351193,132.1936118318875,17456600
2019-09-27,130.5724639892578,133.06579317320654,129.5485875312008,132.86670005671382,22477700
2019-09-30,131.804931640625,131.9850600950664,130.61989124648443,130.87586402204983,17280900
2019-10-01,129.94683837890625,132.96157517182417,129.88046915179973,132.4022393969112,21466600
2019-10-02,127.65258026123047,129.2831974452462,126.63819292961166,129.1694381654685,30521700
2019-10-03,129.1978759765625,129.64345243653574,126.29689866070535,127.93699093725833,24132900
2019-10-04,130.9422607421875,131.06550961175594,129.330608182623,129.6434606828761,22897700
2019-10-07,129.99415588378906,130.99906758722452,129.89936135403994,130.0131205760676,15303700
2019-10-08,128.61956787109375,130.60095232940938,128.5721633528058,129.9562971713428,25550500
2019-10-09,131.05599975585938,131.49208654426303,129.8519945981063,130.3165356661089,19749900
2019-10-10,131.8712921142578,132.41166297597547,131.0654589132715,131.29299186157715,17654600
2019-10-11,132.4211883544922,133.70103816754528,132.25054942786093,132.83832501847482,25446000
2019-10-14,132.2979736328125,132.99950861221032,132.26953380747648,132.43069763965792,13304300
2019-10-15,134.21295166015625,134.42150547625283,132.54440540477424,132.781413500975,19695700
2019-10-16,133.11325073242188,133.6631113345784,132.27897747869082,133.47349325630978,20751600
2019-10-17,132.43063354492188,134.07072536412065,131.7954536434498,133.62514902840033,21460600
2019-10-18,130.26919555664062,132.72459713177858,129.46336185915015,132.49706404328134,32273500
2019-10-21,131.2361297607422,131.30249897819127,129.8899253699337,131.2550944608459,20078200
2019-10-22,129.28317260742188,132.73400993405252,129.17888846571768,131.7480626117979,27431000
2019-10-23,130.10797119140625,130.30704989363718,128.56267375737644,129.76667895032685,29844600
2019-10-24,132.6676788330078,133.12273041162297,131.46367343072163,132.14625803155877,37029300
2019-10-25,133.41664123535156,133.80533812409965,131.96615232449295,132.09887632725676,25959700
2019-10-28,136.6968231201172,138.09990731985667,136.052153428888,136.89590186556083,35280100
2019-10-29,135.40745544433594,136.99066765293801,135.2368021077296,136.5924958219565,20589500
2019-10-30,137.09500122070312,137.46473337321166,135.36957486510985,136.06164911059338,18496600
2019-10-31,135.91941833496094,137.39834675784823,135.5591758126091,137.3699069393949,24605100
2019-11-01,136.25119018554688,136.91480983844255,135.5401660290536,136.76312121325967,33128400
2019-11-04,137.0380859375,137.46469762316522,136.6683538811466,137.30353385150622,16912000
2019-11-05,136.9528045654297,137.4837005410274,136.43138370874252,137.43629601481393,18250200
2019-11-06,136.5735626220703,137.0096639465713,135.75825407560794,136.8674503889646,16575800
2019-11-07,136.76315307617188,137.35094301924218,136.2986264438318,136.36498119166887,17786700
2019-11-08,138.37481689453125,138.40325670955812,136.28913402038296,136.4977023077978,16732700
2019-11-11,138.51702880859375,138.81091656832922,137.2087393327877,137.78703973498028,14362600
2019-11-12,139.42713928222656,139.90115550694483,138.4696172501663,138.6781855463085,18641600
2019-11-13,139.65463256835938,139.796846089565,138.67816047921045,139.1142616920867,16919200
2019-11-14,140.36566162109375,140.6974787162004,139.36074968618794,139.37971438283478,19729800
2019-11-15,142.1764373779297,142.19540207865438,140.56478499620616,141.1904754618396,23485700
2019-11-18,142.52720642089844,142.7262996162305,141.23788160750365,142.27124805439362,21534000
2019-11-19,142.5746307373047,143.46578374960322,142.3945022179043,143.0391719470304,23935700
2019-11-20,142.3272705078125,143.48780686274873,141.22382184684986,142.98364109552813,25696800
2019-11-21,142.19410705566406,142.49851672263713,141.26187785189973,142.1180046389208,18576100
2019-11-22,142.29876708984375,142.97416706632748,141.56630843618657,142.75538165777107,15901800
2019-11-25,143.85879516601562,143.97295603742444,142.6126490589348,142.68875146819056,22420900
2019-11-26,144.6198272705078,144.99081750151112,143.94444187011723,143.9824858231459,24620100
2019-11-27,144.8957061767578,145.06692574483765,144.1346964501677,144.9052135366334,15184400
2019-11-29,144.0015106201172,144.87666666333718,143.90637896789778,144.6864178739506,11977300
2019-12-02,142.2606964111328,144.4295643986985,141.0906526450898,144.41053516651246,27418400
2019-12-03,142.0323944091797,142.14654077640378,139.50204349199936,140.3011116077233,24066000
2019-12-04,142.5460662841797,142.85996875923578,141.9277396618309,142.82192481273057,17574700
2019-12-05,142.62217712402344,142.99318186615466,142.19411371047912,142.73633801200708,17869100
2019-12-06,144.35345458984375,144.46760094700966,142.94559629627884,143.63050346937538,16403500
2019-12-09,143.9824981689453,144.7910737618993,143.55443471416834,143.70663956943915,16687400
2019-12-10,143.763671875,144.4866229593481,143.41169643290638,143.91586217193395,16476100
2019-12-11,144.30589294433594,144.46760512668308,143.00267361215245,144.15368812034419,18856600
2019-12-12,145.7708282470703,145.9610770055347,143.65903364350095,144.25831650691129,24612100
2019-12-13,146.99798583984375,147.3404395060628,145.3808491718859,145.5425613871763,23845400
2019-12-16,147.94920349121094,148.3011644203768,147.27381822091698,147.54967674363215,24144200
2019-12-17,147.15017700195312,148.12046471846037,146.92186974070066,147.87312822334042,25425600
2019-12-18,146.84579467773438,147.90169237078092,146.6650532099522,146.7792141193729,24129200
2019-12-19,148.12045288085938,148.17752606284813,146.25598001726866,146.49379461892275,24958900
2019-12-20,149.7376251220703,150.76498618901212,148.67220558132243,149.68055192641603,53477500
2019-12-23,149.7376251220703,150.41301062405256,149.60444949385868,150.41301062405256,17718200
2019-12-24,149.7090301513672,150.02294712012164,149.4616937132308,149.8041472686857,8989200
2019-12-26,150.9361572265625,150.99323040385892,149.72805508527134,149.88025990142853,14520600
2019-12-27,151.2120361328125,151.77327508472027,150.50809971708105,151.67814344217118,18412800
2019-12-30,149.90878295898438,151.2690897936485,149.09070028979409,151.24055320757606,16348400
2019-12-31,150.01344299316406,150.08003804670892,148.82437002315635,149.12877967070276,18369400
2020-01-02,152.7911376953125,152.89577671233235,150.61276208742146,151.04082551521063,22622100
2020-01-03,150.8886260986328,152.15380170810275,150.35592363465673,150.60326014654098,21116200
2020-01-06,151.2786407470703,151.34523581046366,148.8814652208115,149.4236895425469,20813700
2020-01-07,149.89930725097656,151.8874339140462,149.65198528111424,151.55450216789137,21634100
2020-01-08,152.28697204589844,152.96237197756489,150.25127940622974,151.18350868587726,27746500
2020-01-09,154.18946838378906,154.3131366188501,153.18113681650973,153.95165378716467,21385000
2020-01-10,153.47601318359375,155.2643834620675,153.32380836945768,154.88388594177735,20725900
2020-01-13,155.32147216796875,155.35000875909117,153.39992611376826,153.87555531921038,21626500
2020-01-14,154.22752380371094,155.6258747654675,153.83750438933242,155.42610412162335,23477400
2020-01-15,155.22633361816406,155.9492992679197,154.64607994777714,154.69363125416567,21417900
2020-01-16,158.07061767578125,158.13721273567788,156.03492513756743,156.33933481414817,23865400
2020-01-17,158.95530700683594,159.307268019974,157.36669248011586,159.25970219021264,34371700
2020-01-21,158.38446044921875,159.99208882663612,158.31786542054678,158.5556799257258,29517200
2020-01-22,157.62353515625,159.32629604947206,157.60450592147876,159.2406717505281,24138800
2020-01-23,158.5937957763672,158.66989818737443,157.2144740501068,158.08963000411373,19680800
2020-01-24,156.9956817626953,159.3643204314718,156.43444278382523,159.34529119903766,24918100
2020-01-27,154.37020874023438,155.41659876422113,152.39158956809186,153.2952821260526,32078100
2020-01-28,157.39517211914062,157.68053793802162,155.12166583342602,155.79705095817337,24899900
2020-01-29,159.8494873046875,160.52488729117346,157.61403832403553,159.6592384894273,34754500
2020-01-30,164.35841369628906,165.56651584401405,162.46540438725938,165.56651584401405,51597500
2020-01-31,161.93267822265625,163.99690676083935,161.31436620287238,163.81617989670656,36142700
2020-02-03,165.8804473876953,165.99459375290948,162.09442843750818,162.12296502881173,30107000
2020-02-04,171.34066772460938,171.83532618385004,167.71637534499953,168.50592160194358,36433300
2020-02-05,171.1313934326172,175.22180776823546,169.71402759792846,175.06009556968283,39186300
2020-02-06,174.67958068847656,174.86032210279942,171.28358131001283,172.1492299180586,27751400
2020-02-07,174.9269256591797,176.58212068098362,173.58564768539304,173.9376232019867,33529100
2020-02-10,179.50245666503906,179.6356322600572,174.3181013028354,174.63201831574622,35844300
2020-02-11,175.4501190185547,181.40499196770674,174.55593371146628,181.35742613997917,53159900
2020-02-12,175.70692443847656,176.79135830419105,172.986325159221,176.5345145026917,47062900
2020-02-13,174.75567626953125,177.15283683880781,173.95660823138869,174.1563788696869,35295800
2020-02-14,176.3157501220703,176.37282330362197,173.7473408318349,174.31810167745414,23149500
2020-02-18,178.1041259765625,178.55121863549235,176.45845282574476,176.5630918419848,27792200
2020-02-19,178.63829040527344,179.49675565565298,177.86566876899207,179.3822975035221,29997500
2020-02-20,175.91021728515625,178.60963297738593,172.743421214159,178.32347311107588,36862400
2020-02-21,170.34927368164062,175.03271382255443,169.07110912832576,174.7179393481353,48572600
2020-02-24,163.00457763671875,166.49569679653965,155.69803151876323,160.02854926687735,68311100
2020-02-25,160.31471252441406,166.77231230559676,159.91407987736636,166.1618445618228,68073300
2020-02-26,162.31776428222656,165.2651774725865,160.44821363038548,161.87899842819465,56206100
2020-02-27,150.8810272216797,159.32266379801655,150.69025881613402,155.783864027851,93174900
2020-02-28,154.5343475341797,156.15591587021606,144.9862454270017,145.37733024003168,97012700
2020-03-02,164.81687927246094,164.94088529079474,154.82046595157254,157.68203581689798,71030800
2020-03-03,156.91896057128906,166.9249225999731,154.7727829950037,165.7802974702272,71677000
2020-03-04,162.68023681640625,162.82330947641486,157.97771647661318,160.71529466057675,49814400
2020-03-05,158.59776306152344,162.9854953002358,158.04452440985344,158.38791341590039,47817300
2020-03-06,154.1145782470703,155.58351062954785,148.80159136403765,155.10658245209902,72821100
2020-03-09,143.6698760986328,150.4708782982367,143.07848966551825,144.03234626328836,70419300
2020-03-10,153.49459838867188,153.59952319416868,145.53943804182967,150.8619594798835,65354400
2020-03-11,146.541015625,150.42320498839098,144.17544043039595,149.87951421502953,56371600
2020-03-12,132.64329528808594,146.38837226502318,132.18544819947115,138.59536565886447,93226400
2020-03-13,151.50106811523438,154.43894862787204,134.23625525895997,140.69386947918466,92727400
2020-03-16,129.1712646484375,142.45849523329102,128.77064660556167,133.53992981317504,87905900
2020-03-17,139.80677795410156,140.69385766362416,128.77064938704584,133.53993269767716,81059800
2020-03-18,133.9214630126953,139.26306588210693,128.78972431779513,131.63221295705998,81593200
2020-03-19,136.12489318847656,143.22157466077158,132.5860785020876,136.18212226051716,85922700
2020-03-20,131.01217651367188,140.31227599852807,129.5909253014249,139.26302818348762,84866200
2020-03-23,129.70541381835938,134.08362658703234,126.40507819849284,130.68788493248408,78975200
2020-03-24,141.49510192871094,142.6969707073253,134.75134250691278,137.11690309012602,82516700
2020-03-25,140.14064025878906,147.2087226877982,137.77507945408,142.03882054333977,75638200
2020-03-26,148.9065704345703,149.4311945319734,141.52371431628413,141.55232885298807,64568100
2020-03-27,142.79234313964844,147.742861674162,142.3154147961261,144.74775225902962,57042300
2020-03-30,152.83645629882812,153.18939317810145,143.08803957541994,145.4059189450811,63420300
2020-03-31,150.4327392578125,157.17649823097136,149.33579537324835,152.04474477660588,77927200
2020-04-01,145.0911407470703,150.47089186122017,143.86067202910272,145.94007261341795,57969900
2020-04-02,148.0957794189453,148.30562904799265,143.42188761859504,144.85267260499177,49630700
2020-04-03,146.7317657470703,150.11795966237685,145.16744147090267,147.94316773099004,41243300
2020-04-06,157.6439208984375,158.81716071307395,150.30875961543,152.92233254493476,67111700
2020-04-07,155.9459991455078,162.15559951060627,155.7266016785545,161.76451486571867,62769000
2020-04-08,157.51036071777344,158.9792936241454,155.95556964727277,158.02543692905505,48318200
2020-04-09,157.51986694335938,159.6469629321234,155.79338895104223,158.683573075527,51385100
2020-04-13,157.87281799316406,157.93006162140637,154.8109461209719,156.76635527701671,41905300
2020-04-14,165.68490600585938,165.73260175183552,160.24792572263806,161.20178242336806,52874300
2020-04-15,163.94886779785156,165.56088768947924,161.43068709838636,163.30023777807486,40940800
2020-04-16,168.8707733154297,169.09970414895645,164.92180740395108,166.2572154341446,50479600
2020-04-17,170.35877990722656,171.69417321031753,167.75474113415606,171.21724495139998,52765600
2020-04-20,166.98214721679688,170.50188067672113,166.91538481798173,168.47970918298162,36669600
2020-04-21,160.07626342773438,165.65631726303855,158.44516181144516,165.49416334522977,56203700
2020-04-22,165.51318359375,165.9710306374352,162.93777396031504,163.48146459568588,34620200
2020-04-23,163.51010131835938,166.98213885982287,163.0236396780882,166.07597797475438,32790800
2020-04-24,166.4956817626953,166.50521508953827,162.83287570674943,164.12057345602702,34277600
2020-04-27,166.0187530517578,168.73723577485046,165.30336056336014,168.44154254173102,33194400
2020-04-28,161.9744110107422,167.56401210037632,161.57379292571434,167.48770181446167,34392700
2020-04-29,169.2427978515625,169.48126204143713,163.94890448010514,165.22706904470533,51286600
2020-04-30,170.94065856933594,172.07573576963108,168.09815524104735,171.6941989272274,53875900
2020-05-01,166.51475524902344,170.3969440799021,165.98058332194304,167.68799480298716,39370500
2020-05-04,170.5877227783203,170.7403433381187,165.78029158225254,166.43845501102263,30372900
2020-05-05,172.41909790039062,175.1757426383778,171.5987807177355,172.28555857087446,36839200
2020-05-06,174.11697387695312,175.7003792944064,173.24897544988573,173.67820800036017,32139300
2020-05-07,175.12808227539062,176.0342431587368,174.1551444420004,175.67177298351953,28316000
2020-05-08,176.15823364257812,176.4634747473145,174.89915047228297,176.44439353959424,30877800
2020-05-11,178.12319946289062,178.85765861803685,174.41269760570697,174.6988429624145,30892700
2020-05-12,174.08834838867188,178.409317263946,173.8880466699136,178.18040101393655,32038200
2020-05-13,171.45571899414062,175.55730516891745,168.39383299079088,174.12652030943923,44711500
2020-05-14,172.19970703125,172.35232755928115,167.57349733883103,169.34767095178304,41873900
2020-05-15,174.70838928222656,178.42842443314447,168.83262876539936,170.7975711556123,46610400
2020-05-18,176.3776397705078,177.60810846674812,175.47147884788774,177.17887587758048,35264500
2020-05-19,175.1566925048828,177.9896477775563,175.02315316277384,176.4920859259728,26799100
2020-05-20,177.58621215820312,177.76795196863398,175.9410085835654,176.77317024687463,31261300
2020-05-21,175.45321655273438,178.5523247036514,175.3193052829855,177.33754880256504,29119500
2020-05-22,175.5297393798828,176.4384386338719,174.6019203696662,175.22366273267104,20826900
2020-05-26,173.6741180419922,178.3897213651275,173.22455564626833,178.23667574206536,36073600
2020-05-27,173.9036407470703,174.07582069099803,168.9202157733847,172.36365410439458,39517100
2020-05-28,173.511474609375,176.14188569664367,172.53584173284602,172.88018704080682,33810200
2020-05-29,175.28103637695312,176.2566838857437,172.56454250840076,174.78364544763582,42130400
2020-06-01,174.8793182373047,175.041923737436,173.5688997628599,174.60192122307836,22622400
2020-06-02,176.8688507080078,176.95493338896287,173.4636662169493,176.23754852387248,30794600
2020-06-03,177.29931640625,177.854095904641,175.5967237987073,176.78280561546418,27311000
2020-06-04,174.96539306640625,177.75840986334956,174.3723595519527,176.28538595494675,28761800
2020-06-05,179.0592803955078,179.56623125864076,174.0949742119662,174.67844788777276,39893600
2020-06-08,180.1688232421875,180.35056308169897,176.4192933264842,177.8540630970701,33211600
2020-06-09,181.54623413085938,182.4070902953503,179.11668208356556,179.82450720664235,29783900
2020-06-10,188.28004455566406,189.8869942338778,182.70357115121254,182.81836265373434,43872300
2020-06-11,178.1697235107422,187.2470247261597,177.97842378371163,184.73140485500232,52854700
2020-06-12,179.57579040527344,183.38270879064902,177.1271043944174,182.25401564409069,43373600
2020-06-15,180.72360229492188,182.52185174111463,176.00798473503326,176.55320425253194,32770200
2020-06-16,185.15225219726562,187.074838319926,183.13400892422672,184.5018156842018,42556700
2020-06-17,185.79310607910156,187.7826550387028,185.26702096558634,186.54874499107336,25687800
2020-06-18,187.7826690673828,187.94527455184777,185.56355154831002,185.56355154831002,23061600
2020-06-19,186.66354370117188,190.62350773479815,185.91746457854902,189.95395141901264,44441100
2020-06-22,191.8478546142578,192.02957985760585,186.74006316475052,187.27570820778914,32818900
2020-06-23,193.12957763671875,195.08085808140584,192.67044080660077,193.3017430015885,30917400
2020-06-24,189.23651123046875,194.41124959334832,188.0121758692827,192.83300912477796,36740600
2020-06-25,191.62782287597656,191.88608548875828,186.96960894574713,189.1982861262588,27803900
2020-06-26,187.79222106933594,191.19740541352508,186.40527997569464,191.04435981271772,54675800
2020-06-29,189.81048583984375,189.8965685268457,185.13313677470367,187.26615717007454,26701600
2020-06-30,194.66001892089844,195.51131518498798,189.14094761780814,189.2748588977132,34310300
2020-07-01,195.7982635498047,197.37651920325007,192.99568667298786,194.3061051830812,32061200
2020-07-02,197.2904052734375,198.97387782843097,196.08520390857598,196.73562587192674,29315800
2020-07-06,201.53733825683594,201.94864654263486,199.040838097948,199.74866315512804,31897600
2020-07-07,199.19386291503906,205.33467556896318,198.94517475103743,201.29818891994498,33600700
2020-07-08,203.57473754882812,203.9860312826391,199.61477287303487,200.93476596337777,33600000
2020-07-09,204.9999237060547,206.97033863660073,202.27385514588218,206.92251005576313,33121700
2020-07-10,204.378173828125,204.77034774324105,201.90080814133785,204.33034524904664,26177600
2020-07-13,198.0652313232422,206.41558899005096,197.5200116944499,205.1529843308914,38135600
2020-07-14,199.28956604003906,199.767822723989,193.24439454919855,197.16610519568243,37591800
2020-07-15,198.99301147460938,202.1399482620508,196.11391182662243,200.44691571125904,32179400
2020-07-16,195.05215454101562,196.75474673452177,193.51216782720027,196.46778987820716,29940700
2020-07-17,194.057373046875,196.12343015093595,192.6321633422723,195.57822529972975,31635300
2020-07-20,202.39822387695312,203.06778028034094,194.18176338498193,196.08523014161685,36884800
2020-07-21,199.67213439941406,204.63644033959972,198.98344371434592,204.36861780598804,37990400
2020-07-22,202.5417022705078,203.06778753311468,199.32781682422421,200.10259030404728,49605700
2020-07-23,193.73216247558594,201.74774715672945,193.35912293956693,198.1799572768316,67457000
2020-07-24,192.54611206054688,194.03827033266543,188.92091882190928,191.7043757654099,39827000
2020-07-27,194.9852294921875,195.1000064103244,192.12524965499563,192.7087233142477,30160900
2020-07-28,193.2348175048828,195.79826609743196,192.9669949532802,194.75567012189074,23251400
2020-07-29,195.18609619140625,195.75043551973067,193.225241062325,193.69393782047123,19632600
2020-07-30,195.0330352783203,195.56869492931756,190.89134597384654,192.25915284158472,25079600
2020-07-31,196.0947265625,196.18082382561548,190.35564851313316,195.51125304367181,51044000
2020-08-03,207.1233673095703,208.17553769511278,201.28864539449287,202.3216814288709,78983000
2020-08-04,204.01470947265625,205.43035962454596,201.16430400722945,204.85644582294373,49280100
2020-08-05,203.67987060546875,205.65028495397712,202.36945252995633,205.55462782055793,28806400
2020-08-06,206.94166564941406,206.96078540752478,202.3503987271577,203.10603783911577,32656800
2020-08-07,203.23992919921875,206.31990300040553,201.75733075780226,205.50687550334305,27820400
2020-08-10,199.19386291503906,202.66601031003486,197.37649377335492,202.4651361272099,36716500
2020-08-11,194.53562927246094,198.61992949774503,194.30606088559605,198.15124744300508,36446500
2020-08-12,200.09298706054688,201.13558288533866,195.8460663631491,196.3625770393475,28013100
2020-08-13,199.62428283691406,202.1590513317306,199.09819770816105,200.33210779153006,22588900
2020-08-14,199.81558227539062,200.47557865465978,198.48602964006278,199.68167102417888,17958900
2020-08-17,201.13558959960938,202.00602009313567,199.83473109567723,200.4851676452597,20184800
2020-08-18,202.29298400878906,203.1251458308976,200.11213505791383,201.3747249054153,21336200
2020-08-19,201.065673828125,203.36686345626708,200.63420534488392,202.7819794050471,27627600
2020-08-20,205.7447052001953,206.14741001293135,200.30816828249235,200.91221818634094,26981500
2020-08-21,204.24900817871094,207.3460103876092,204.08600960250743,205.05441807189857,36249300
2020-08-24,204.89141845703125,206.6460708350552,203.68328899285845,205.94611770309248,25460100
2020-08-25,207.5569305419922,207.6911655095596,204.32569370307428,204.32569370307428,23043700
2020-08-26,212.04421997070312,212.9455181391844,208.41027833727762,208.90887161504648,39600800
2020-08-27,217.25067138671875,221.63249606861132,210.36629707415054,213.71260314885245,57602200
2020-08-28,219.48472595214844,221.14348979856285,217.25066101319578,218.78477287577354,26292900
2020-08-31,216.24391174316406,219.28338679296542,215.07414347409025,217.6533863849085,28774200
2020-09-01,217.91226196289062,218.08484351953646,215.18918659263025,216.22471982405065,25725500
2020-09-02,222.1118927001953,223.27207784363668,217.988955284057,218.58342233595312,34080800
2020-09-03,208.3527374267578,219.86822383650065,206.1090897704254,219.82987726251335,58400300
2020-09-04,205.4283447265625,209.36911775904642,196.74138882603222,206.24335217978393,59664100
2020-09-08,194.31556701660156,201.38210582163182,193.8745008771497,197.9974531917492,52924300
2020-09-09,202.59022521972656,205.99405853242104,198.18921986500675,199.05217155822652,45679000
2020-09-10,196.91395568847656,205.8981590864597,195.705841025255,204.61332200974817,35461500
2020-09-11,195.62916564941406,200.03976880285725,192.95404894109103,198.66864072960442,33620100
2020-09-14,196.9523468017578,200.5862889601672,195.62916294789403,195.83052273759688,30375800
2020-09-15,200.1835479736328,201.14237328805027,198.40971528975524,199.838370275222,21823900
2020-09-16,196.60716247558594,201.97657624532405,196.2140405277088,201.94781265211503,26328100
2020-09-17,194.55528259277344,195.9168130252524,191.72675033928823,191.813041121579,34011300
2020-09-18,192.13902282714844,195.2647883886692,188.16948622524788,194.44979557058838,55225300
2020-09-21,194.2004852294922,194.36349841827462,188.29413203216168,189.0707782458869,39839700
2020-09-22,198.87954711914062,199.53155594788726,193.7594233959086,196.61671876733763,33517100
2020-09-23,192.33078002929688,199.53156801783254,191.79384015579785,199.33979123685637,30803800
2020-09-24,194.82374572753906,197.10575498266016,190.9980269111035,191.62127223255618,31202500
2020-09-25,199.2631072998047,200.43286086089412,194.20049558420504,195.16891862918936,29437300
2020-09-28,200.81642150878906,203.81755010191583,199.49323759453853,202.19713261400415,32004900
2020-09-29,198.72616577148438,201.42047768776106,198.29469722712864,200.73012216458557,24221900
2020-09-30,201.66976928710938,203.25182551081647,198.03581244692208,199.1768171334635,33829100
2020-10-01,203.7120361328125,205.17903771787337,202.61897584138453,204.69962505267665,27158400
2020-10-02,197.7002410888672,202.30260662222756,197.0769957074911,199.43571298113767,33154800
2020-10-05,201.71771240234375,201.74647599676422,198.4576969397012,198.68782032558104,21331600
2020-10-06,197.43177795410156,201.52595263148683,196.38666158711658,200.22196389283806,28554300
2020-10-07,201.19036865234375,201.4588386382245,198.20842058083093,198.53441775932657,25681100
2020-10-08,201.90943908691406,202.4943231215223,199.74249911518376,201.84231429138708,19925800
2020-10-09,206.92413330078125,206.972077502924,202.53271065990162,202.53271065990162,26458000
2020-10-12,212.28395080566406,214.64266787262275,207.88294545944655,209.78141577203766,40461400
2020-10-13,213.683837890625,215.93708352416328,211.35388446631572,213.54960291440455,28950800
2020-10-14,211.76620483398438,214.9878591649075,210.1074407817,213.81809086060994,23421700
2020-10-15,210.61558532714844,211.286760163365,207.1158639310317,208.16099470869122,22733100
2020-10-16,210.61558532714844,213.13728611397025,210.28958821105957,211.08540039724295,26057900
2020-10-19,205.39959716796875,213.1469088650928,204.92018442406638,211.34431226625483,27625800
2020-10-20,205.8118438720703,208.41984984684413,204.3160787516439,206.91450174044525,22753500
2020-10-21,205.95570373535156,207.98840894984195,204.3448694172439,204.3448694172439,22724900
2020-10-22,206.04200744628906,207.16383150568075,202.98335181479032,205.1215285452284,22351500
2020-10-23,207.3268280029297,207.37477220269963,204.38324140765587,206.17624036102944,18879600
2020-10-26,201.43002319335938,207.4322643762984,199.531553173154,205.0447987142182,37111600
2020-10-27,204.4695281982422,205.83105858814426,201.6697596264064,202.8778744322452,36700300
2020-10-28,194.334716796875,200.24108452138293,193.77861096334297,199.11926060668324,51195600
2020-10-29,196.29071044921875,198.8220085768547,194.99629048248485,195.66747987590986,31432600
2020-10-30,194.1333465576172,195.87840087796087,191.4006887848639,195.1209353795148,36953700
2020-11-02,193.99913024902344,196.82766203875832,191.88011983803784,195.87841969764497,30842200
2020-11-03,197.9303436279297,199.55076108579857,194.75663352075043,195.4949332623124,27512000
2020-11-04,207.48020935058594,209.33074981660755,203.6736716791737,205.20779803554873,42311800
2020-11-05,214.0961151123047,214.89194194247165,212.04422936084907,212.89758337359194,36080100
2020-11-06,214.50843811035156,215.12208583391666,209.05271877417096,213.1085464685072,25231900
2020-11-09,209.39788818359375,218.72725565955997,208.90889247401392,215.19878504738315,44395000
2020-11-10,202.3217315673828,207.58568799886555,201.08485330495418,205.66803730141643,44045100
2020-11-11,207.63365173339844,209.06229227392265,203.4627552217062,203.64493439599147,29440800
2020-11-12,206.56932067871094,210.0882077008986,205.62967600078795,208.26644552097468,21593900
2020-11-13,207.5952606201172,208.4677951552141,205.34202994142674,207.45144267719485,18621100
2020-11-16,208.28565979003906,208.7746701597939,205.6872508716212,206.0228310191519,24953300
2020-11-17,205.62969970703125,208.71710400471295,205.26534137683592,207.20217276240635,24154100
2020-11-18,202.91873168945312,206.85059099540263,202.77452254000343,205.38935669345682,28372800
2020-11-19,204.20692443847656,204.79333979305358,201.81319330215703,203.20714178040058,24792700
2020-11-20,202.2554168701172,205.04328452616463,201.880496534734,203.99543213609604,22843100
2020-11-23,201.98622131347656,204.08192585772954,200.11161984755833,202.79373968820798,25683500
2020-11-24,205.5912322998047,205.96615259759372,200.7845542928597,201.48632517460484,33979700
2020-11-25,205.60089111328125,206.96598624387408,204.24541872912,206.79295283395507,21012900
2020-11-27,206.9082794189453,207.90807676542295,205.76428758442702,206.54298182630274,14512200
2020-11-30,205.79315185546875,206.45646120377745,202.6880268091678,205.82199075457697,33064800
2020-12-01,207.8504180908203,208.91750140694066,205.10099713830965,206.2161355089851,30904500
2020-12-02,207.0428924560547,207.1390319063243,204.57226700738835,206.57184728866721,23724500
2020-12-03,205.95652770996094,208.01378514224515,205.38932860314128,206.31221715941817,25120900
2020-12-04,206.07191467285156,207.0524811628778,204.93753095520978,205.93732826589252,24666000
2020-12-07,206.00462341308594,207.2062930539194,204.75489872167418,206.08153203035755,24620000
2020-12-08,207.65809631347656,208.56175411856142,204.6587339551668,205.69697815661644,23284100
2020-12-09,203.6108856201172,206.90825972929352,203.04370112937298,206.84097386421712,32440600
2020-12-10,202.38038635253906,204.84140328420904,202.2265691271052,203.58205592220745,26733300
2020-12-11,205.014404296875,205.07209674891865,201.0248678229062,201.92852554365294,30979400
2020-12-14,205.9180908203125,207.85038484162237,204.6491354053555,204.86063041931797,28798400
2020-12-15,205.850830078125,207.09094674879418,204.03390608646302,206.85061280985042,27000600
2020-12-16,210.80166625976562,211.59957655691537,206.417978331805,206.44681722589814,35023300
2020-12-17,210.93624877929688,212.34941323916237,209.49424542586814,211.36884685156218,32515800
2020-12-18,210.1383514404297,211.19582649894002,207.66772650382657,210.1383514404297,63354900
2020-12-21,213.9837188720703,215.33920578615155,208.87902843906147,209.1385931961624,37181900
2020-12-22,215.281494140625,216.90615363299253,213.27230628019683,214.07982465441432,22612200
2020-12-23,212.47439575195312,214.9161816910204,212.26290074910276,214.48358361021448,18699600
2020-12-24,214.1375274658203,214.96427675569586,212.6474541950329,212.85894922282563,10550600
2020-12-28,216.2620391845703,217.2906605353665,214.3970459791994,215.77174869458827,17933500
2020-12-29,215.48336791992188,218.39621360154018,214.93541425812904,217.5598563272588,17403200
2020-12-30,213.10890197753906,216.90618992435643,212.90702968461719,216.52164682313952,20272300
2020-12-31,213.82025146484375,214.37782784460788,211.1861867746787,213.12808869471013,20942100
2021-01-04,209.27317810058594,214.37786849670263,206.50452649503688,213.92603952860762,37130100
2021-01-05,209.4750213623047,210.0710594090714,207.36008597617078,208.85976716508725,23823000
2021-01-06,204.04347229003906,208.1195403388213,203.745460613917,203.96656368510168,35930700
2021-01-07,209.8499298095703,210.85933506628487,205.44702591896962,205.76425374048165,27694500
2021-01-08,211.1285400390625,212.05142875790764,208.63868411663802,210.22488214133165,22956200
2021-01-11,209.0808868408203,210.44598164507218,208.3502623900818,210.0229916301851,23031300
2021-01-12,206.61985778808594,208.70596899227266,205.072121521782,208.12916175268282,23249300
2021-01-13,207.97532653808594,208.37908570333695,205.65850437357804,205.74503572020168,20087100
2021-01-14,204.7837371826172,209.05207008476174,204.5145643571503,207.5619967995437,29480800
2021-01-15,204.42800903320312,206.21609383211361,203.8319856565053,205.2643809782016,31746500
2021-01-19,208.0714874267578,208.59060221597767,204.40880100018782,205.48549221860986,30480900
2021-01-20,215.6660614013672,217.05999532298677,208.88864134315253,209.28279252622593,37777300
2021-01-21,216.27169799804688,217.55027626529116,213.82028897946032,216.01213324650223,30709400
2021-01-22,217.2137908935547,221.17450381399632,217.06959641111914,218.30010489062968,30172700
2021-01-25,220.65536499023438,220.89569889665592,215.55067516485178,220.26121386318684,33152100
2021-01-26,223.3471221923828,225.12558441420293,221.1841168940043,222.89529324543827,49169600
2021-01-27,223.89508056640625,231.1435600205835,221.2417992926183,228.79789854562574,69870600
2021-01-28,229.69192504882812,233.25848684590053,226.0003995892036,226.5002982458668,49111200
2021-01-29,222.99143981933594,228.81713192909436,222.4050244440305,226.865621593154,42503100
2021-02-01,230.3840789794922,233.1238914058092,223.44323452371898,225.97155193690466,33314200
2021-02-02,230.2494659423828,232.94120834182525,229.46117844093249,231.97026474390756,25916300
2021-02-03,233.6045684814453,235.61375651700394,230.00916778453657,230.30719416490047,27158100
2021-02-04,232.65280151367188,233.83525475261754,231.0762118638934,233.2776783965133,25296100
2021-02-05,232.83547973632812,233.8737239461473,231.12430353926055,232.8643186308661,18054800
2021-02-08,233.0950164794922,234.25822420309325,231.49919605210994,233.74871756898446,22211900
2021-02-09,234.3447723388672,235.296485150231,232.04718094927526,232.51822598316113,23565000
2021-02-10,233.4315185546875,236.41165012771697,231.57613320998735,235.5272231317253,22186700
2021-02-11,235.0369873046875,235.67145776354957,232.7874504582539,235.31576822325206,15751100
2021-02-12,235.51763916015625,235.81565088107706,233.34501108331926,234.49861099316243,16561100
2021-02-16,234.27748107910156,236.6135341978641,233.5276404900709,235.5560591780429,26728500
2021-02-17,235.2989044189453,235.40489550586014,232.15773674713387,232.52389044785886,21653500
2021-02-18,234.90379333496094,235.0386897154469,232.08059954957508,232.98633869109634,16925600
2021-02-19,232.1865692138672,234.97122722072862,231.42535672780738,234.86523616707225,25262600
2021-02-22,225.96202087402344,229.25735887983205,223.9289305447046,228.76595385617136,36446900
2021-02-23,224.76727294921875,226.27040833152452,220.3927484877867,221.9344340967485,30228700
2021-02-24,226.0006103515625,226.62691184556778,220.65290597795175,221.6260859908562,26339700
2021-02-25,220.64328002929688,226.0391502353063,219.57373913394193,223.6206454640999,39542200
2021-02-26,223.9097137451172,226.79071832129497,221.1732210595006,223.09069051024048,37819200
2021-03-01,228.30349731445312,228.8141775442121,224.65163525341808,227.30139726551226,25324000
2021-03-02,225.3453826904297,228.65036608626744,224.94069354651947,228.37092841617996,22812500
2021-03-03,219.26539611816406,225.0659701891596,218.97632822975632,223.69773120014005,34029500
2021-03-04,218.46563720703125,224.01569334198643,216.08566807744373,218.47528211448403,44727800
2021-03-05,223.1581268310547,224.7672531409502,218.20548172968094,221.15394159707046,41872800
2021-03-08,219.10159301757812,224.8636168253928,218.85107535727434,222.9365171850772,35267400
2021-03-09,225.25868225097656,226.80036788855628,223.22559148393768,224.39149326896538,33080500
2021-03-10,223.9482421875,228.36130202469465,223.58208855958944,228.36130202469465,29746800
2021-03-11,228.48658752441406,230.45222280853406,225.76936980823757,226.39568605118393,29907600
2021-03-12,227.15682983398438,227.2242853666872,224.72868060089712,225.48024815118112,22653700
2021-03-15,226.2510986328125,226.61725221705547,223.3604495848346,226.3956399067722,26034900
2021-03-16,229.04542541503906,231.30975858381365,227.33993818218457,227.66754157982132,28092200
2021-03-17,228.3998260498047,229.85479558056207,224.72870385827406,227.54226736123874,29562100
2021-03-18,222.3101806640625,225.6536991895375,221.93439688149968,224.08310852525122,34833000
2021-03-19,221.9536895751953,223.99641032914968,220.99013983048442,222.59926613983933,46430700
2021-03-22,227.3881072998047,228.26492638484754,221.7513354679177,221.87660163832476,30127000
2021-03-23,228.92015075683594,232.26366955659853,228.42874567858755,228.83343480819252,31638400
2021-03-24,226.87742614746094,229.32483599524002,226.7425297732149,229.18030941662,25620100
2021-03-25,223.87115478515625,228.3034897022799,223.12923203238185,226.72326863404157,34061900
2021-03-26,227.86024475097656,228.0818717832289,223.10995145759244,223.10995145759244,25479900
2021-03-29,226.66542053222656,228.1685556044546,223.42789318335048,227.9662037127621,25227500
2021-03-30,223.39901733398438,225.3261168505075,222.6763550152882,225.0177738706146,24792000
2021-03-31,227.1761474609375,230.38477015809215,223.91934433177798,224.4203943599418,43623500
2021-04-01,233.5163116455078,233.98844166156687,229.37304435678317,229.7777335288069,30338000
2021-04-05,239.99134826660156,240.8489069737812,233.85352623404805,233.9113368678305,36910600
2021-04-06,238.8254852294922,240.3093456462805,237.8812104188087,238.5845977480093,22931900
2021-04-07,240.79110717773438,241.78356236987554,238.17989525757417,238.7772914734949,22719800
2021-04-08,244.01895141601562,244.87651002538544,242.8145143409119,243.5564516959041,23625200
2021-04-09,246.5242156982422,246.6591120785743,243.2385074384209,243.6528267842257,24326800
2021-04-12,246.58203125,248.27788829668532,245.3390437825906,245.42577443800744,27148700
2021-04-13,249.06796264648438,249.74245922592584,247.46846655097832,247.88281528674034,23837500
2021-04-14,246.273681640625,249.39557347884994,245.85936229769126,248.0948048163931,23070900
2021-04-15,250.04119873046875,250.45551812968904,248.33572599552357,248.52841833215172,25627500
2021-04-16,251.23593139648438,251.4864637201999,248.2104007251918,250.01223390218613,24878600
2021-04-19,249.308837890625,251.94898404216053,248.42238864092639,250.70599670606254,23209300
2021-04-20,248.846435546875,250.71572492285813,247.47818159133195,248.42247118911308,19722900
2021-04-21,251.081787109375,251.1781479677926,247.87317930102822,249.5015807711074,24030400
2021-04-22,247.79611206054688,252.23806247127882,246.32186735766558,250.7252822460007,25606200
2021-04-23,251.63099670410156,251.97788988464308,247.89241918659303,248.4801997906317,21462600
2021-04-26,252.01641845703125,252.8739918255724,250.68674453877372,252.12242421733816,19763300
2021-04-27,252.42115783691406,253.596689841561,250.63858471602703,252.04535927725757,31014200
2021-04-28,245.2812042236328,247.18904317617995,243.72988865050584,246.74578915157034,46903100
2021-04-29,243.30596923828125,246.76512440088285,239.92391453120058,246.1484530801518,40589000
2021-04-30,242.98797607421875,243.85517969639238,240.50203058408832,240.63692696496827,30945100
2021-05-03,242.67967224121094,245.07891672423915,241.96664004037495,244.16353258039422,19626600
2021-05-04,238.7580108642578,242.0533642895755,236.80200584495051,241.82210703263627,32756100
2021-05-05,237.4861602783203,240.40571548657812,236.859858684147,239.9817511509384,21901300
2021-05-06,240.6272735595703,240.75253973117884,235.77098931679225,237.4668315740508,26491100
2021-05-07,243.25779724121094,245.0307254048169,242.01480972352581,242.95908444287628,27032900
2021-05-10,238.17022705078125,242.55438148087032,238.11241641652208,241.72572808374886,29299900
2021-05-11,237.25486755371094,237.61139098411766,233.7282863940429,235.6361109168277,33641600
2021-05-12,230.28839111328125,235.4722934925469,229.3922968996712,233.34284206791918,36684400
2021-05-13,234.17149353027344,236.64782343406685,232.62017785153265,232.9863314597455,29624300
2021-05-14,239.10487365722656,240.09732876118926,236.54184239891873,236.62855835108564,23901100
2021-05-17,236.2431182861328,237.60172694867597,234.64363689109996,237.56319142820627,24970200
2021-05-18,234.21969604492188,237.4283187651107,234.04624942898002,237.29342237609092,20168000
2021-05-19,234.79916381835938,234.90539963544057,230.43387234833128,231.1195642014023,25739800
2021-05-20,238.044189453125,239.4638797125495,235.51386397092458,235.61044735401606,21800700
2021-05-21,236.77902221679688,239.83087433126383,236.36374609780898,239.09689073799095,21863100
2021-05-24,242.19699096679688,242.56399008801017,239.0389034036192,239.30931915507537,21411500
2021-05-25,243.10479736328125,244.0995440791207,242.23560606830273,243.15308904334714,17704300
2021-05-26,242.88267517089844,244.28304548417626,242.16799661550857,242.8247163124464,17771600
2021-05-27,240.77728271484375,242.87301199859237,240.7193385919879,242.57362420613572,24426200
2021-05-28,241.13462829589844,243.45249649735703,241.01874004361903,242.4094580171836,18270200
2021-06-01,238.93264770507812,242.6895105857164,238.50771922855193,242.63156646330611,23213300
2021-06-02,238.83609008789062,240.73866745632938,237.42605251919264,239.6376848701333,19406700
2021-06-03,237.30050659179688,237.9089346282766,234.68325068647783,236.82727168648836,25307700
2021-06-04,242.20663452148438,243.03720136663765,239.0388946321911,239.2803383111711,25281100
2021-06-07,245.1232452392578,245.3936609443304,241.26014689644853,241.42432680763184,23079200
2021-06-08,243.92572021484375,247.24798750204266,243.86776135481398,246.42707312197177,22455000
2021-06-09,244.91082763671875,246.78443310382474,244.54384323411264,245.12329927133203,17937600
2021-06-10,248.43589782714844,248.64836946011133,244.98808948598523,245.58686514076032,24563600
2021-06-11,249.06362915039062,249.64307033984085,247.82740935129092,249.16018303323085,18999700
2021-06-14,250.99522399902344,251.0531681285007,248.01095396540734,249.0733121276695,19150500
2021-06-15,249.51756286621094,251.09178050392276,248.8608430765851,250.87930886926642,18038900
2021-06-16,248.57107543945312,251.66153652750884,245.71237609134732,250.52192955390896,27220000
2021-06-17,251.9705810546875,252.79149533913872,247.24795870273104,247.30590281945928,27565500
2021-06-18,250.5509490966797,253.32271805483876,249.89422930673348,250.74411584577345,37202200
2021-06-21,253.64141845703125,254.50094262852164,249.09262779573734,250.9275938620824,26696100
2021-06-22,256.4228820800781,256.69329785095465,253.41930706163052,253.72836207780614,24694100
2021-06-23,256.1910095214844,257.6976154925299,255.37976241962147,256.88636839066703,19518700
2021-06-24,257.5624694824219,258.68277172504975,256.3842231128569,257.0506100457399,21446900
2021-06-25,255.94964599609375,258.1033345712172,255.69856457106022,257.1182548119853,25611100
2021-06-28,259.5229797363281,259.69681210956895,256.80915517490627,257.07957091320475,19590000
2021-06-29,262.11126708984375,262.3527107827182,258.8083338762617,259.66785809687894,19937800
2021-06-30,261.62841796875,262.0726661761428,260.3729223714224,261.42561348954416,21656500
2021-07-01,262.30438232421875,262.5361587924696,260.3728331605251,260.38247086463474,16725300
2021-07-02,268.14727783203125,268.4853047938374,263.1735451666211,263.4826000730209,26458000
2021-07-06,268.156982421875,269.8084487566481,264.9119643981238,268.5143143127748,31565600
2021-07-07,270.34930419921875,271.0833024012596,267.66445171709097,269.83744478808626,23260000
2021-07-08,267.92523193359375,269.1903944407324,265.46248874918336,267.4230102236361,24618600
2021-07-09,268.4273986816406,268.53361974213453,265.89707390763294,266.28337785876886,23916700
2021-07-12,267.82861328125,270.19474331558087,267.1139200511895,269.60563496956865,18931700
2021-07-13,271.3634338378906,273.1694281307899,267.89630558810615,268.02183156391163,26120100
2021-07-14,272.841064453125,273.95169964474775,270.948124511582,272.6865369391352,23113700
2021-07-15,271.41168212890625,272.8410393972171,270.25274061696695,272.3484848336769,22604200
2021-07-16,271.1412353515625,274.37658635189194,269.895377789731,272.4160649742224,26186800
2021-07-19,267.5292053222656,270.7741935151418,265.0568249449031,269.38347586873806,32935600
2021-07-20,269.76019287109375,271.3537152113503,266.80492468426036,268.5143352713567,26259700
2021-07-21,271.76898193359375,271.88487017645934,267.7996622499302,269.3545452968825,24364300
2021-07-22,276.3468017578125,276.6172175095201,273.7198932527501,274.1255021437583,23384100
2021-07-23,279.7559814453125,280.06500696204523,276.6944625563651,277.5346818630906,22768100
2021-07-26,279.1571960449219,279.7753060682077,276.8297046974641,279.10891909383747,23176100
2021-07-27,276.7331237792969,279.66905799664846,273.2659957297597,279.52419766900096,33604100
2021-07-28,276.4240417480469,280.2195293269949,274.11582601839666,279.09922711416823,33566900
2021-07-29,276.6944580078125,278.74189570390115,276.2888196561791,276.44334714855825,18168300
2021-07-30,275.1589050292969,276.8490109491029,274.1931302179792,275.4100159116341,20944800
2021-08-02,275.0718994140625,276.95514200007204,274.0288464519692,276.5591709193791,16267400
2021-08-03,277.2932434082031,277.399493957448,274.2800308832114,275.6514440057943,17879000
2021-08-04,276.7041320800781,277.74715583824053,274.9077757253848,276.42404915109404,16191300
2021-08-05,279.611083984375,279.71733452870075,276.30815097455206,277.0614540709244,13900200
2021-08-06,279.5531921386719,279.591831386844,277.77616987319374,278.6357236746368,16589300
2021-08-09,278.4617919921875,281.57158754551716,277.9595997842777,279.8332049639728,16117600
2021-08-10,276.63653564453125,279.3503604705102,275.43898432576697,278.91575002193525,18616600
2021-08-11,277.1290588378906,278.7805253038503,276.0763384903963,277.3801402153559,13955900
2021-08-12,279.89111328125,280.04564074232496,276.53987449400444,276.81995735927154,14561300
2021-08-13,282.8271484375,282.8754253869532,279.3986303062148,279.57249216508205,18249000
2021-08-16,284.5172424316406,284.72971405197063,280.09397764652635,283.1554965204036,22507600
2021-08-17,283.0492248535156,283.3872518796963,281.1176755303159,282.38286745226713,20075300
2021-08-18,281.3172912597656,285.2748692446949,280.8721630295269,282.584876135129,21813000
2021-08-19,287.16168212890625,287.83903054796286,279.2949260524418,279.34329542686044,29850500
2021-08-20,294.5059509277344,295.93804471105017,288.40993310312365,290.01619207467786,40817600
2021-08-23,294.7864990234375,295.5122166623576,292.0771649832797,293.4318320033586,22830200
2021-08-24,292.8222351074219,295.75413329406643,292.2223132288288,295.1445257304872,18175800
2021-08-25,292.23199462890625,294.7284503679531,290.6934767445652,294.447831273216,20006100
2021-08-26,289.40655517578125,292.6384146370942,289.27110321955627,291.2450342127576,17666100
2021-08-27,290.0161437988281,291.1289050222775,287.2196974474057,289.3097679469551,22605700
2021-08-30,293.7608642578125,294.3704718901261,291.31277757201053,291.37083262941843,16348100
2021-08-31,292.106201171875,294.64137014097446,291.73849949919145,294.56397325018554,26285300
2021-09-01,292.0577697753906,295.3089998877313,291.7287813494764,293.06410642082034,18983800
2021-09-02,291.39984130859375,293.5382811968724,290.4612452351726,292.41586380657077,16285600
2021-09-03,291.39013671875,292.8028586720251,290.53862336734346,291.24496957921906,14747900
2021-09-07,290.4612731933594,291.34181429788396,288.5453971793564,291.264417395407,17180400
2021-09-08,290.4902648925781,290.87730841628627,287.83898574917305,290.0741938428301,15046800
2021-09-09,287.6260986328125,292.3577919400871,287.3841927466621,291.08052177412657,19927000
2021-09-10,286.1359558105469,290.2096722757966,285.8166530274544,288.75823692995704,19633400
2021-09-13,287.3744812011719,288.8743152780517,284.55869339622853,287.91634797502445,23652900
2021-09-14,290.08392333984375,291.63212719803187,288.4486368903836,289.86135925357155,21853400
2021-09-15,294.9510192871094,295.4348310648799,292.04814862048624,293.44152890282754,28356300
2021-09-16,295.3381042480469,295.4251868367225,291.02251085299673,293.9253819269781,19550800
2021-09-17,290.1612854003906,294.641387411537,289.83229691858133,294.32208461521674,41372500
2021-09-20,284.77154541015625,289.0484536899997,280.14630689197935,286.73581966615035,38278700
2021-09-21,285.25543212890625,287.90674093489395,284.5490857833115,286.1166313271891,22364100
2021-09-22,288.9129943847656,290.49991100417634,284.97478941737245,287.12291464027965,26626300
2021-09-23,289.861328125,291.1579402272472,287.8970533651699,289.17432362572237,18604600
2021-09-24,289.6581115722656,290.09352444599716,287.31644962082186,288.5743779360535,14999000
2021-09-27,284.6458740234375,286.8713966997441,283.4556862535076,286.55209387487736,23571700
2021-09-28,274.340576171875,281.36553151644847,273.59551678332315,280.4172499523184,43186200
2021-09-29,274.8050842285156,277.48539079265004,273.8471463773085,275.8694760240385,26353700
2021-09-30,272.7925109863281,278.51114158071726,272.50220613254754,276.4597838772863,32343600
2021-10-01,279.739990234375,280.59150373187396,272.1828522383653,272.9859668378756,30086300
2021-10-04,273.9438781738281,278.43366544147926,271.1764891050376,278.09499130654007,31350700
2021-10-05,279.4110412597656,280.9979288416882,274.8535121725335,274.8535121725335,24993000
2021-10-06,283.6201171875,284.12330031930634,276.26620202244555,276.52744974351896,28002600
2021-10-07,285.30377197265625,287.0358261668495,284.4038892769978,285.62307470902675,20430500
2021-10-08,285.30377197265625,287.0358261668495,284.24906598588615,286.62941133649093,17685700
2021-10-11,284.7038879394531,288.322790569449,283.2717944538559,283.43630345045904,19298600
2021-10-12,283.39764404296875,285.87475844055797,282.8848046449413,285.77799016121577,17974100
2021-10-13,286.716552734375,287.65514882778945,283.9878470364655,285.3618855710783,23416300
2021-10-14,292.9479675292969,293.45112103777825,288.1872476816614,289.52257262171236,27262900
2021-10-15,294.36077880859375,294.5930285619211,290.7902452200599,292.5513273292696,25384800
2021-10-18,297.3410949707031,298.231292237954,292.8900200458531,293.7415336263761,22729300
2021-10-19,298.2506408691406,299.28597570650606,297.27333155744253,298.3667509795345,17682100
2021-10-20,297.4572448730469,299.67311171014865,296.199316177386,299.1989559537641,16537100
2021-10-21,300.6986999511719,300.9502619908337,296.44113276271713,297.2249349952262,16918100
2021-10-22,299.1505432128906,301.0180498454364,297.83455964059056,300.35038713771274,17449300
2021-10-25,298.15386962890625,299.382740991033,296.5379251966183,299.344027778111,17554500
2021-10-26,300.0696716308594,302.2855374351402,298.6085804098941,300.9308706116033,28107300
2021-10-27,312.7068786621094,315.54200824120716,305.7690056361716,305.7690056361716,52588700
2021-10-28,313.8487243652344,314.35187801269495,310.95550968613065,313.82935299410144,26297900
2021-10-29,320.88330078125,321.2510024364737,313.41324616991966,313.6358102058513,34766000
2021-11-01,318.7062683105469,320.757626183613,315.8033967098977,320.6318303561923,27073200
2021-11-02,322.3444519042969,322.6540985408013,319.31578533683205,319.615746287968,26487100
2021-11-03,323.1863098144531,324.0571652224182,319.94476457358155,323.089541540339,21500100
2021-11-04,325.54730224609375,325.64407051672566,318.8416774576779,322.1122501101373,23992200
2021-11-05,325.1795654296875,327.82118833215054,323.592678174856,327.5502549213487,22570100
2021-11-08,326.0794982910156,326.7181334708356,323.61206968994304,326.3794592729646,20897000
2021-11-09,325.07318115234375,327.7534880662082,323.6991425589229,326.1955986145931,21307400
2021-11-10,320.08990478515625,323.7959200537568,319.23842074290917,323.7378649947293,25500900
2021-11-11,321.6671142578125,322.9637263705038,319.80929343616174,320.52532546851364,16849800
2021-11-12,325.8182678222656,326.311765380492,322.98313734325006,323.1089331545261,23831000
2021-11-15,325.1893310546875,326.94072773532577,323.21537027386427,326.6117391934443,16723000
2021-11-16,328.5179138183594,329.6403607923408,324.64741923064287,324.81189871408384,20886800
2021-11-17,328.7408142089844,331.71686021606945,327.65509790786484,328.5663304284938,19053400
2021-11-18,330.82501220703125,331.968919377058,326.8020338448508,327.82958890843764,22463500
2021-11-19,332.6087341308594,334.53784815102716,331.72661169602117,332.1531473880695,21963400
2021-11-22,329.4290771484375,338.9679380324036,329.1576480718076,334.07248166492263,31031100
2021-11-23,327.3448791503906,329.0607250462627,323.3509815757989,326.73415634565987,30427600
2021-11-24,327.56787109375,327.8102195501021,323.69029579211673,325.98775442496617,21661300
2021-11-26,319.5897521972656,327.58725133037314,318.07750018241677,324.11683442028453,24217200
2021-11-29,326.32708740234375,328.65362694624383,324.4949186520059,324.6888092738123,28563500
2021-11-30,320.471923828125,327.4418682918144,318.9208876812045,325.057167596262,42885600
2021-12-01,319.9775390625,328.8959751540694,319.3086844600099,324.87299621520316,33337600
2021-12-02,319.4056091308594,323.2831850038461,317.767330957838,320.1908158784547,30766000
2021-12-03,313.12396240234375,322.5173925388993,308.29636967858346,321.82910150534224,41779300
2021-12-06,316.20660400390625,317.4280498054881,309.45963062816094,314.03517109758695,30032600
2021-12-07,324.6694030761719,325.52244481876284,319.996917592964,321.4897924137154,31021900
2021-12-08,324.7179260253906,325.23170368841147,320.675539821201,325.04751645227583,24761000
2021-12-09,322.9051208496094,326.191350856802,321.9551041573975,324.17502451883644,22214200
2021-12-10,332.05621337890625,332.50212631447465,324.5434102333168,324.7275974513125,38095700
2021-12-13,329.0122375488281,333.26789037242565,328.70202444433016,330.2530603832701,28899400
2021-12-14,318.29083251953125,324.39803266364254,314.190285119209,323.0214801231553,44438700
2021-12-15,324.4076232910156,324.93110421678887,314.56828231856264,318.5524765632328,35381100
2021-12-16,314.9560546875,326.453081085924,313.1335895234271,325.4351997973671,35034800
2021-12-17,313.8896789550781,314.97542478636836,307.54016183647593,311.0590658211169,47750300
2021-12-20,310.1188049316406,312.9203379086466,307.850426764206,310.25450469368167,28326500
2021-12-21,317.2729187011719,317.6994543581608,310.01213871076055,313.39534333476564,24740600
2021-12-22,323.00201416015625,323.3994395700716,315.78001878131556,318.2519610473349,24831500
2021-12-23,324.44647216796875,326.09445376045846,322.54646825855775,322.5658454879959,19617800
2021-12-27,331.96893310546875,331.9980137373936,325.1637693995328,325.1928500314576,19947000
2021-12-28,330.8056945800781,333.2873407939797,329.9041652817156,332.64753721927053,15661500
2021-12-29,331.48431396484375,333.7623663617742,329.2837704931634,330.85418415269606,15042000
2021-12-30,328.93475341796875,332.62814190201897,328.4500564559301,331.4454801313024,15994500
2021-12-31,326.0265197753906,328.973455535573,325.57090352022,328.14949449804215,18000800
2022-01-03,324.504638671875,327.65516914441747,319.6867493505216,325.08628098351727,28865100
2022-01-04,318.9402770996094,324.94082734218637,316.1387146989663,324.5821267708263,32674300
2022-01-05,306.6968994140625,316.0903302827256,306.3091477042737,315.88673622865014,40054300
2022-01-06,304.27337646484375,308.9458623840181,301.95651073409414,303.5657082342745,39646100
2022-01-07,304.42840576171875,306.81310597977955,300.59928881417596,304.53502486859134,32720000
2022-01-10,304.6513977050781,305.08763677546057,295.36461754386573,300.0176962380316,44289500
2022-01-11,305.33966064453125,306.9197476411043,300.4054499000885,303.78862469419647,29386800
2022-01-12,308.5289611816406,313.51165962850143,307.3753801663885,309.8861361997385,34372200
2022-01-13,295.4712829589844,311.0591552352973,294.69577958297845,310.6617001404381,45366000
2022-01-14,300.7060241699219,301.3070437036342,294.45342117089507,294.9381181604768,39846400
2022-01-18,293.38702392578125,300.31818359101004,292.50487202896295,294.7635761210545,42333200
2022-01-19,294.04620361328125,304.30240641930027,293.4355103792751,296.9156305153396,45933900
2022-01-20,292.36920166015625,302.11159837189933,291.9232887564094,299.6105751651282,35380700
2022-01-21,286.9696044921875,294.80229226203056,286.56244613750937,293.42576982919087,57984400
2022-01-24,287.2992248535156,288.01656677151595,267.6011364861104,283.2568694279383,85731500
2022-01-25,279.66046142578125,285.9615223318833,276.4420958772445,282.5977240186681,72848600
2022-01-26,287.62890625,299.05807061963816,284.0615431721603,298.5636701771585,90428900
2022-01-27,290.6630554199219,297.8947254313369,288.81150957189453,293.3967532426776,53481300
2022-01-28,298.8254089355469,299.03867680247816,285.4380799369417,291.04117616789154,49743700
2022-01-31,301.46209716796875,302.81924258293594,296.99317632807,299.49422892037853,46444500
2022-02-01,299.3100891113281,301.1228510865205,295.7911842966343,300.90958323158276,40950400
2022-02-02,303.86614990234375,305.47534704194504,299.4263396418428,300.15338493833775,36636000
2022-02-03,292.0298767089844,301.7044372994963,290.77935044731777,300.01767200268654,43730000
2022-02-04,296.576416015625,299.34886877974515,290.7891323929672,291.02177749665327,35096500
2022-02-07,291.73907470703125,298.4181825772787,290.7211934712144,296.799311504928,28533300
2022-02-08,295.23858642578125,296.20798026867743,290.7696950101349,292.02989517247903,32421200
2022-02-09,301.6850891113281,302.3830539530496,297.98202662954105,300.38610474159356,31284700
2022-02-10,293.1253356933594,299.6590411901458,291.496761022089,294.7345331364793,45386200
2022-02-11,286.0099792480469,294.9768726571542,285.2150691647002,293.9105334701713,39175600
2022-02-14,285.9711608886719,287.6773033830827,282.4328795604881,284.778795906753,36359500
2022-02-15,291.2738342285156,291.59372125137065,287.92941288996394,290.8279212445617,27058300
2022-02-16,290.93377685546875,292.26458771929816,285.2802319066826,289.836092086114,29982100
2022-02-17,282.4147033691406,288.31106987595297,281.7055717749834,287.8836521540953,32461600
2022-02-18,279.6946716308594,285.4550557395537,278.12101131803615,284.6682255831421,34264000
2022-02-22,279.4906921386719,283.2014403886753,276.36278873938284,276.848487840858,41736100
2022-02-23,272.2537841796875,283.35688900587667,272.08866307378963,281.88034465353195,37811200
2022-02-24,286.16424560546875,286.7179497975743,263.75407783291644,264.7157823888698,56989700
2022-02-25,288.8064270019531,289.11728157354844,283.30830905134627,286.69850928615546,32546700
2022-02-28,290.244140625,290.584135999086,284.61973550343583,285.8922650550983,34627500
2022-03-01,286.513916015625,291.39032439377746,283.7939832206837,287.9224256437058,31217800
2022-03-02,291.60406494140625,292.8474536090081,285.2996993116975,286.9121944404564,31873000
2022-03-03,287.4561767578125,294.4599496832263,285.6396371693534,294.2268235947487,27314500
2022-03-04,281.56951904296875,287.20364741070586,278.9564846846294,285.872836378718,32356500
2022-03-07,270.93267822265625,281.4043497373508,270.5635421598178,280.27752425674123,43157200
2022-03-08,267.9601745605469,275.8381990028326,262.2774896883556,269.8543830881321,48159500
2022-03-09,280.2484130859375,281.3169571583642,272.74921692953006,275.3331399974986,35204500
2022-03-10,277.4216003417969,278.4027219816775,272.55488601450895,274.925099925405,30628000
2022-03-11,272.0595703125,281.2295740286953,271.43786107661583,279.7238886481978,27209300
2022-03-14,268.53338623046875,277.2371079233456,267.93112394283185,272.3218342049007,30660700
2022-03-15,278.93701171875,279.5878616136347,270.75785475687104,272.3315152360356,34245100
2022-03-16,285.969970703125,286.1448152890781,275.10002093883594,280.8409590240361,37826300
2022-03-17,286.77618408203125,287.1550139730886,281.0934985584017,284.9013926296288,30816600
2022-03-18,291.837158203125,292.3908622996214,284.3574097450835,286.92188561378543,43390600
2022-03-21,290.6035461425781,291.55552723764225,286.4653795115505,290.3412792491695,28351200
2022-03-22,295.3633728027344,296.2764896012802,290.22466735470084,291.22520644527026,27599700
2022-03-23,290.92401123046875,294.55706032967873,289.20464724341764,291.91485627785227,25715400
2022-03-24,295.4022216796875,295.49936743623834,289.78754082983255,290.58409453093765,24484500
2022-03-25,294.9942626953125,296.7622149202099,290.7298390811115,296.49994802102367,22566500
2022-03-28,301.8134460449219,301.9105621534724,295.62561433366324,295.62561433366324,29578200
2022-03-29,306.3887634277344,306.7870403167867,300.21065437950557,304.93166587278824,30393400
2022-03-30,304.883056640625,306.913305177859,302.668269699275,304.78594052626613,28163600
2022-03-31,299.4918212890625,306.1264885845464,299.083850585326,304.9219344786806,33422100
2022-04-01,300.570068359375,301.2597528365468,296.8010382958622,300.52148065861917,27110500
2022-04-04,305.9613037109375,306.0972840487811,300.8517395010584,301.22087557405337,24289600
2022-04-05,301.98834228515625,305.86421245270554,301.0072204052596,304.30996906857746,23156700
2022-04-06,290.93377685546875,298.2192637550214,288.223567428313,296.4610352881738,40110400
2022-04-07,292.75030517578125,294.96509214612985,287.87389631112285,288.17502741691453,31411200
2022-04-08,288.47613525390625,292.50743200328867,287.80586809966695,291.8468883177177,24361900
2022-04-11,277.1011047363281,284.2408589427509,276.8485316772578,283.444334820197,34569300
2022-04-12,273.9925842285156,282.4243138069995,272.46748188240565,280.96721645218093,30966700
2022-04-13,279.3935546875,280.3260886895071,273.2543107477834,274.6434327492474,21907200
2022-04-14,271.82635498046875,280.06382268306834,271.33096203916773,279.85011388563913,28221600
2022-04-18,272.4966125488281,274.381127429491,270.3789715863415,270.9326756753933,20778000
2022-04-19,277.13995361328125,277.9850951288017,270.44703400541835,271.38929164584124,22297700
2022-04-20,278.1696472167969,281.4141441423702,277.2079722331008,281.12270681916686,22906700
2022-04-21,272.7782897949219,284.91104220868584,272.0497412420752,280.32604213031544,29454600
2022-04-22,266.19232177734375,275.10005879858863,265.56091870024625,273.62351415029184,29405800
2022-04-25,272.69091796875,273.06974787105423,263.0254935218385,265.4734360848462,35678900
2022-04-26,262.4912414550781,270.39840795008814,262.27753265009284,269.56301966815096,46518400
2022-04-27,275.1194763183594,282.64781447342403,271.1756008951554,274.03151477330016,63477700
2022-04-28,281.34613037109375,282.65752417283454,273.4097922009412,277.03311899565534,33646600
2022-04-29,269.58245849609375,281.58895747620693,268.5916428545901,280.3552626033105,37073900
2022-05-02,276.3336486816406,276.7902070239769,268.31961348692494,269.76698732669024,35151100
2022-05-03,273.7206726074219,276.00346504859033,272.13728828344694,275.83831425721644,25978600
2022-05-04,281.6861267089844,282.5603793648833,268.8150975432188,274.5074780995146,33599300
2022-05-05,269.417236328125,278.15981816909357,266.4933189150037,277.3729881749835,43260400
2022-05-06,266.87225341796875,271.262962860932,263.5111941095832,266.9499522347346,37780300
2022-05-09,257.01251220703125,264.56998870833337,255.78857068346935,262.33578479754385,47726000
2022-05-10,261.7918395996094,265.92028233912083,257.4885522823345,263.9192042299002,39336400
2022-05-11,253.09779357910156,263.598605933196,251.8835458078629,258.08107117542045,48975900
2022-05-12,248.04656982421875,252.4470030791801,242.86901493975182,250.31963836207385,51033800
2022-05-13,253.6515350341797,255.51663292916277,248.04657716876847,249.9893738888767,34925100
2022-05-16,254.0206298828125,258.21707723117356,248.46423098027537,252.52466835085852,32550900
2022-05-17,259.1884460449219,260.6552370055629,254.9531349481772,258.498732055345,28828800
2022-05-18,247.38775634765625,256.65701201678286,246.11226298137035,256.07280955033957,31356000
2022-05-19,246.4724578857422,250.88315432611523,245.24565080755949,247.21243463588505,32692300
2022-05-20,245.9077606201172,251.7302626962446,239.94896148794473,250.4644858725116,39199300
2022-05-23,253.78465270996094,254.6122702385757,246.75482134503355,248.76057484466799,33175400
2022-05-24,252.7817840576172,254.44673552078478,246.82298537784575,251.09737007756888,29043900
2022-05-25,255.60543823242188,257.6111772266234,250.3574216489595,251.34082862582082,28547900
2022-05-26,258.8964538574219,260.07457534711045,254.54418800054896,255.36205967458054,25002100
2022-05-27,266.0430603027344,266.1404323228601,260.5126742393116,261.40845522519186,26910800
2022-05-31,264.7091369628906,267.53274712702495,261.846572049841,265.3517566080413,37827700
2022-06-01,265.24462890625,270.3758094780556,262.9273119661562,267.95140413651416,25292200
2022-06-02,267.3478088378906,267.41597223525304,254.70970880591457,257.48464843811894,44008200
2022-06-03,262.90789794921875,266.2475773225022,261.34031820797634,263.19026792194273,28059000
2022-06-06,261.6712646484375,266.9582341386828,260.18156524196615,264.89407859128573,22400300
2022-06-07,265.32257080078125,265.9359818654596,258.9353582624585,259.6169327151611,22860700
2022-06-08,263.28759765625,265.8093753438602,262.5086512555536,264.5533447009521,17372300
2022-06-09,257.8156433105469,265.5270199603348,257.6598540218745,260.72687950108036,26439700
2022-06-10,246.3264617919922,253.71652916101232,245.87857126759548,253.71652916101232,31422800
2022-06-13,235.8790740966797,242.46103100477805,235.16830583030963,238.65401348457019,46135800
2022-06-14,238.05032348632812,239.2673994308343,235.14880373766889,237.43691245609412,28651500
2022-06-15,245.12884521484375,248.57561287293495,239.92949994824272,241.76971832268623,33111700
2022-06-16,238.51768493652344,240.90315090086327,236.61904936722786,239.50107698603435,33169200
2022-06-17,241.1270751953125,243.90201423414308,237.60242808712968,238.2547789970656,43084800
2022-06-21,247.0566864013672,248.04007841973456,242.93809069276986,243.66833626220972,29928300
2022-06-22,246.46273803710938,250.39633558962288,243.77542499352128,245.25539341920145,25939900
2022-06-23,252.0418243408203,252.5384008649408,246.9495972945259,248.83850165297127,25861400
2022-06-24,260.6490173339844,260.9216411791488,254.8265148455369,254.9141407550072,33923200
2022-06-27,257.91302490234375,261.2331820993187,256.34541555511356,261.14555619251996,24615100
2022-06-28,249.7245330810547,259.87980811002035,249.56874378715275,257.0269890927544,27295500
2022-06-29,253.4049835205078,255.06993526197783,249.02349481802761,250.80529596472903,20069800
2022-06-30,250.06529235839844,252.69418842670288,246.23881251252155,250.27949892480672,31730900
2022-07-01,252.74285888671875,252.9278568169159,247.90377835039504,249.63690825299287,22837700
2022-07-05,255.92669677734375,256.0532774105967,248.03030865151615,249.41290493216803,22941000
2022-07-06,259.1982727050781,260.931388004354,255.48862686947203,256.8030750923202,23824400
2022-07-07,261.33056640625,261.97318613341645,258.0395879764146,258.1369600042467,20859900
2022-07-08,260.6100158691406,261.03842893672055,256.3551235383612,257.81561452862957,19658800
2022-07-11,257.5430603027344,259.50984467063,255.27441371197682,258.6530183040146,19455200
2022-07-12,246.98855590820312,258.93537917511645,245.40148390506837,258.87696189888334,35868500
2022-07-13,246.06356811523438,246.8717083934276,241.57499105873987,243.60020738417253,29497400
2022-07-14,247.38775634765625,248.41983449573837,239.46215743721774,243.97021203255457,25102800
2022-07-15,249.95819091796875,253.5120467410003,248.0595554117343,248.98453016021938,29774100
2022-07-18,247.55325317382812,253.96967414471678,246.6282784047325,252.90838746077426,20975000
2022-07-19,252.69418334960938,252.87918127659822,246.99826179190453,250.7955329257847,25012600
2022-07-20,255.36203002929688,257.89355427718823,252.09054371296133,253.05445848227944,22788300
2022-07-21,257.8642578125,257.9129586685057,250.25997125528832,252.9472838954083,22404700
2022-07-22,253.5023193359375,258.3414148476746,252.24631825964894,258.2537889386617,21881300
2022-07-25,252.0126190185547,254.61230650318151,250.0458348430974,254.1254760892175,21056000
2022-07-26,245.26513671875,253.0349601923591,242.99652024774517,253.01546796056851,39348000
2022-07-27,261.66162109375,262.9371144972868,252.0321302315407,254.2812845363284,45994000
2022-07-28,269.1296081542969,270.5219360852605,260.8145358961352,262.64502310982516,33459300
2022-07-29,273.3455505371094,274.5723727749365,269.3438185156599,270.3856428060759,32152800
2022-08-01,270.6874084472656,273.87126809501024,268.5745517499676,270.5024105455488,21539600
2022-08-02,267.58148193359375,270.5706278744579,265.2057470824451,268.7303946053114,22754200
2022-08-03,275.0299377441406,276.03280707158194,269.3242706194743,269.470343494758,23518900
2022-08-04,276.1788635253906,276.324906693937,272.7905431600439,274.3775852099381,18098700
2022-08-05,275.4583740234375,276.1788734901075,271.33977823922174,271.7973999930235,16774600
2022-08-08,272.9366149902344,278.389121660764,271.96295414598876,276.5683509224571,18739200
2022-08-09,274.8644104003906,275.6238645762856,270.29793922937904,272.27449902360144,23405200
2022-08-10,281.54376220703125,282.1766357881288,279.3822340293261,280.57984751757147,24687800
2022-08-11,279.4600830078125,283.53972371193976,278.96353625690085,283.1892201230609,20065900
2022-08-12,284.2213439941406,284.2213439941406,279.382248352061,280.8816943899118,22619700
2022-08-15,285.740234375,286.43152521881507,282.4687186563289,283.335291025511,18085700
2022-08-16,285.00030517578125,286.2952909554267,282.77064286260065,284.29926806185404,18102900
2022-08-17,284.2489013671875,286.22962671486226,282.44379979769025,282.7072354649564,18253400
2022-08-18,283.1268615722656,284.8246178924502,282.0632923944146,283.146365402589,17186200
2022-08-19,279.2043762207031,282.22913697161744,278.628700655416,281.88762644255945,20570000
2022-08-22,271.0083312988281,275.6039997944986,270.4911968802227,275.23321855533953,25061100
2022-08-23,269.7301330566406,272.0913771117212,268.71536804172104,269.7301330566406,17527400
2022-08-24,269.09588623046875,270.5009361638899,268.4323689230805,268.7251050290327,18137000
2022-08-25,272.0816345214844,272.2474915307141,267.8567175355643,270.5985095814994,16583400
2022-08-26,261.5827941894531,273.5354566259213,261.47547845229536,272.306030389581,27549300
2022-08-29,258.792236328125,260.90954849813465,257.4457275056932,259.39718266241346,20338500
2022-08-30,256.5870361328125,260.5679908317506,254.33310821600745,260.1972394314792,22767100
2022-08-31,255.1234588623047,260.62654622481557,254.9868427257154,258.9483235878994,24791800
2022-09-01,254.0794219970703,254.55754869576876,249.21055155068686,252.58656018980582,23263400
2022-09-02,249.84478759765625,258.314095365784,248.29338440657236,255.3479051299607,22855400
2022-09-06,247.1029815673828,251.5718002743736,245.82478096491684,249.98138951217098,21328200
2022-09-07,251.8254852294922,252.547513988765,247.07369747772898,248.5177698846934,24126700
2022-09-08,252.24501037597656,254.10865308849986,248.60555172295273,251.25954605317858,20319900
2022-09-09,258.04083251953125,258.7921615950818,253.97206636776454,254.1769607625356,22084700
2022-09-12,260.177734375,260.95833424847086,258.7239099148687,259.3288562062833,18747700
2022-09-13,245.8735809326172,254.07943798746075,245.48328099504454,252.55730545197812,33353300
2022-09-14,246.09799194335938,248.0591988641248,243.79527444125134,247.37619258985976,23913000
2022-09-15,239.42401123046875,245.29787987720312,238.09702127641052,243.7074542260417,31530900
2022-09-16,238.79954528808594,239.34595028666865,236.1845879383292,238.3311853849411,39791800
2022-09-19,238.58489990234375,239.1898462068976,235.00398165238354,236.58465548733815,26826900
2022-09-20,236.56512451171875,237.59939325821156,233.82333267549006,236.19435819350156,26660300
2022-09-21,233.15005493164062,241.6486469790511,233.10126558486104,238.34093174988556,28625600
2022-09-22,235.13082885742188,237.94092906165116,231.8036091135331,232.09631547778918,31061200
2022-09-23,232.14508056640625,235.27717233231257,229.49110062617243,233.72575432183234,34176000
2022-09-26,231.68649291992188,235.58940293714832,231.14983981486918,231.29620787356728,27694200
2022-09-27,230.6717071533203,235.93087699176158,228.8080643354065,234.15504606241936,27018700
2022-09-28,235.2186279296875,236.4480391799153,229.03250446546224,231.06201938613802,29029700
2022-09-29,231.7352752685547,234.12580460416743,228.7202809445972,233.0915358630107,27484200
2022-09-30,227.24693298339844,234.701490625269,227.0810610919514,232.50610370980218,35694800
2022-10-03,234.89662170410156,235.74549978528202,228.9641972732562,229.69599282969966,28880400
2022-10-04,242.83909606933594,244.28316878554827,239.03374939886044,239.14108003314513,34888400
2022-10-05,243.1512908935547,244.49779961267382,238.17508955877648,240.01921394484737,20347100
2022-10-06,240.7997589111328,244.2635941648011,240.10700079345034,241.9120875535179,20239900
2022-10-07,228.55441284179688,235.46256526438881,227.51037728003038,235.05274661637694,37769600
2022-10-10,223.6855010986328,228.86661108653493,221.2266639406999,227.39326810761332,29743600
2022-10-11,219.93873596191406,223.5001353267126,218.67028725375982,222.0950853661984,30474000
2022-10-12,220.27047729492188,222.32926286096713,218.52393166705397,219.92896672359288,21903900
2022-10-13,228.55441284179688,230.36926657051526,213.81116985788702,214.51369484245026,42551800
2022-10-14,223.01229858398438,231.48162192093224,222.7976373202271,229.82287308491303,30198600
2022-10-17,231.76455688476562,233.15985498185077,229.43256870498456,230.09607116127958,28142300
2022-10-18,232.71099853515625,238.00919148115057,229.65696682991847,237.33595204197528,26329600
2022-10-19,230.74002075195312,233.79405240224958,228.60317527704407,231.28642573599177,19985700
2022-10-20,230.4180450439453,235.45280255812088,229.16911502485962,230.04727871505503,21811000
2022-10-21,236.24310302734375,237.1017478662147,228.80806532768457,229.0422452533088,26299700
2022-10-24,241.24862670898438,241.824302366333,235.44305100550176,237.84333234120828,24911200
2022-10-25,244.57586669921875,244.94663303718434,239.86310093391776,241.25838415797844,34775500
2022-10-26,225.70529174804688,232.51586550821546,224.47586557326218,225.55892369044773,82543200
2022-10-27,221.24618530273438,228.01773575985806,220.29972854498547,225.43204924774528,40424600
2022-10-28,230.1448516845703,230.85714351335133,220.56321491759144,220.7486055336188,40647700
2022-10-31,226.49562072753906,229.2178937981287,225.53939709423386,228.08604636794266,28357300
2022-11-01,222.63174438476562,230.01800878902966,221.81213684879617,228.90568002209392,30592300
2022-11-02,214.7576446533203,225.68579048716293,214.69908849269902,223.89045532706174,38407000
2022-11-03,209.04962158203125,215.06010669058617,208.78617098234167,214.74786673711404,36633900
2022-11-04,216.0163116455078,216.21145416874165,208.2495141580714,212.2695216011054,36789100
2022-11-07,222.3390350341797,222.86593625575733,215.9089939667199,216.6017670874102,33498000
2022-11-08,223.3147430419922,226.02726423874347,220.3582899758322,223.14887115740464,28192500
2022-11-09,219.06056213378906,223.08056930959873,218.88493834107902,221.85114320695158,27852900
2022-11-10,237.08229064941406,237.42380126848497,229.29598848576202,229.71554421186798,46268000
2022-11-11,241.11204528808594,241.97069033132314,236.05776863142341,237.09205238278707,34620200
2022-11-14,235.6869659423828,237.98968329468502,233.40376730762415,236.11628839782514,31123300
2022-11-15,236.0968017578125,241.00471025327306,234.20388788622643,239.69723888018083,31390100
2022-11-16,236.52734375,238.55279918620644,235.2455407121908,237.56452743157445,24093300
2022-11-17,236.47840881347656,238.0146254847292,232.51558732216645,232.66235295874085,23123500
2022-11-18,236.02828979492188,238.49405671182296,233.88542217086078,238.26899618839067,27613500
2022-11-21,236.8404083251953,239.40401380150684,235.9989173392521,236.23374231089764,26394700
2022-11-22,239.7563018798828,240.03027434117138,235.52928752687384,238.34729211875336,19665700
2022-11-23,242.2514190673828,242.93635021206475,239.01266149508874,239.8345788687071,19508500
2022-11-25,242.16331481933594,243.34726380782502,241.4196626311513,241.98718116883774,9200800
2022-11-28,236.556640625,241.34139349791928,235.61731088144492,240.78366926212917,24778200
2022-11-29,235.15744018554688,237.56448586876186,233.08307318531638,236.20440308326351,17956300
2022-11-30,249.64866638183594,249.83457943435548,234.6975363093542,235.39226167449928,47594200
2022-12-01,249.20835876464844,250.60757398456622,245.5194955651915,248.40600029951568,26041500
2022-12-02,249.5312957763672,250.54890564202378,244.3160097552262,244.4432165873255,21528500
2022-12-05,244.81503295898438,248.357131161687,242.7210920017534,246.58607459514585,23435300
2022-12-06,239.84432983398438,246.4392716289712,238.533173950974,245.42166189613354,22463700
2022-12-07,239.1104736328125,240.86195621878957,236.99697418329282,239.56057972367816,20481500
2022-12-08,242.07525634765625,243.38642715920767,237.8286688296212,239.57035707306187,22611800
2022-12-09,240.1378936767578,242.9656924353559,238.9050176716509,239.4333888365886,20609700
2022-12-12,247.07528686523438,247.10463998852305,241.8502218945569,242.12419433216994,30665100
2022-12-13,251.390380859375,258.23972140913565,247.62323758485567,256.05770645555435,42196900
2022-12-14,251.68394470214844,256.93836328433855,248.83657203555336,251.5958853241002,35410900
2022-12-15,243.65060424804688,248.72890334765495,242.01654910193713,248.25923846820703,35560400
2022-12-16,239.423583984375,244.46273549809166,238.26897314614723,243.20050650303634,86102000
2022-12-19,235.2748565673828,239.93241792766776,233.57231567315546,239.58994491104272,29696400
2022-12-20,236.59579467773438,237.68190498867048,233.2885368978721,234.24744039254352,25150800
2022-12-21,239.16917419433594,240.3335644481044,234.94216046535638,236.48815622889643,23690600
2022-12-22,233.0635223388672,236.78173925420134,228.83649302112826,236.0674400389706,28651700
2022-12-23,233.59185791015625,233.72884412102013,228.9049586888203,231.02825242239908,21207000
2022-12-27,231.85995483398438,233.78754110682124,230.75427086340844,233.56249554010833,16688600
2022-12-28,229.48228454589844,234.5605842229197,229.13003211366635,231.7914916171134,17457100
2022-12-29,235.82281494140625,236.7132328912707,230.57817587734075,230.57817587734075,19770700
2022-12-30,234.65841674804688,234.7954029631969,231.56642511422905,233.0830678086328,21938500
2023-01-03,234.42356872558594,240.46077124140547,232.29048067163205,237.84823891620616,25740000
2023-01-04,224.1691436767578,227.8579921549362,221.0967257126789,227.28069416142324,50623400
2023-01-05,217.52528381347656,222.6525101847704,216.9871183182412,222.31003716133554,39585600
2023-01-06,220.08889770507812,220.90103567706186,214.62900736635714,218.20044363304228,43613600
2023-01-09,222.2317657470703,226.26310248726838,221.5370552058609,221.576187729577,27369800
2023-01-10,223.9245147705078,226.3315603384629,222.43722523551887,222.85796326790341,27033900
2023-01-11,230.69557189941406,230.87169062751605,226.13586459822005,226.311983326322,28669300
2023-01-12,233.37660217285156,234.73668494527053,228.53314279943885,230.1965511287431,27269500
2023-01-13,234.0811309814453,234.2181172124819,229.86389601484052,231.8991306833696,21333300
2023-01-17,235.17701721191406,235.72496209284455,231.9871717644744,232.84823653758127,29831300
2023-01-18,230.7347412109375,237.16334455855807,230.45098934917795,236.370780294962,30028700
2023-01-19,226.938232421875,230.4509772666671,225.71513580011168,228.74842139423623,28623000
2023-01-20,235.0498046875,235.5586170347546,229.46269305633442,229.80516606379726,35389800
2023-01-23,237.3590087890625,239.89326123728026,234.49206273479518,235.91086666584914,31934000
2023-01-24,236.8306427001953,238.69953795471773,235.2650879547733,237.28074883436128,40234400
2023-01-25,235.43141174316406,238.0635179347867,225.93039107535145,229.4333414223457,66526600
2023-01-26,242.662353515625,242.9656790686591,236.79149012411796,238.40597158463132,33454500
2023-01-27,242.81890869140625,244.4529638450001,241.5175322068459,243.63104656960752,26498900
2023-01-30,237.48622131347656,240.31401998539118,236.98718835759996,239.24746842953175,25867400
2023-01-31,242.4764404296875,242.61342664492787,237.72104048580297,238.21027910171549,26541100
2023-02-01,247.3101348876953,249.6878275342772,240.18682141552847,242.66236776319857,31259900
2023-02-02,258.9050598144531,258.99311917464655,251.7132467911275,253.24946308292516,39940400
2023-02-03,252.78958129882812,258.51367868054353,251.5664848437929,253.9539715128819,29077300
2023-02-06,251.24362182617188,252.74069099759944,249.2964614286362,251.8992147983209,22518000
2023-02-07,261.8013610839844,262.98531015234266,254.48234077073667,254.92266746149838,50841400
2023-02-08,260.9892578125,270.8033838180028,260.4804305117884,267.3200070611244,54686000
2023-02-09,257.9461364746094,268.0831750785003,257.14377806067694,267.9070265007635,42375100
2023-02-10,257.4372863769531,258.4059689826727,255.0498002777638,255.9010704295472,25818500
2023-02-13,265.48040771484375,268.6898113331747,261.400145164768,261.8796192378384,44630900
2023-02-14,266.31219482421875,269.0519194736593,263.4843809353684,266.8014335016731,37047900
2023-02-15,264.1835632324219,265.566675446504,261.10343462754037,263.20263513184307,28922400
2023-02-16,257.1502380371094,261.65269341898556,256.90500606684026,258.98456838503563,29603600
2023-02-17,253.1382598876953,255.12954239341835,251.11755074141655,254.44291080193668,30000100
2023-02-21,247.85108947753906,250.61731377289414,246.791685383644,249.62656685950031,28397400
2023-02-22,246.7132110595703,249.4892392663738,245.56552702514333,249.2440072512969,22491100
2023-02-23,249.91104125976562,251.94155452190677,245.70285158085764,250.68596782653108,29219100
2023-02-24,244.46688842773438,246.21293914937976,243.3682538076719,245.19278056900376,24990900
2023-02-27,245.38894653320312,247.99821854657074,244.63362779927607,247.64508387583098,21190000
2023-02-28,244.66305541992188,246.69358352674163,243.9862127176486,244.3197396069621,22491000
2023-03-01,241.57315063476562,246.14426388843702,241.10229440260224,245.9775079191277,27565300
2023-03-02,246.32086181640625,246.60532438654516,240.92575713440505,241.84783196580932,24808200
2023-03-03,250.42111206054688,250.744820108994,246.5954987021246,247.38024412553207,30760100
2023-03-06,251.97100830078125,255.159024778159,251.09798284876422,251.53939752130754,24109800
2023-03-07,249.30282592773438,252.7753191610681,248.55732609380195,251.4118149774813,21473200
2023-03-08,248.86141967773438,249.68539556928397,246.02653848093868,249.19493159082262,17340200
2023-03-09,247.5078125,254.60972314289623,246.78192023805317,250.94106122623708,26653400
2023-03-10,243.84890747070312,247.9688024073323,242.87779825224976,246.291423774854,28333900
2023-03-13,249.07725524902344,252.99116366046172,241.0434519121512,242.68160000285428,33339700
2023-03-14,255.81622314453125,256.09088178887293,250.98024029023756,251.85326561713225,33620300
2023-03-15,260.37750244140625,261.3976758325825,254.26631088820125,255.02164452493233,46028000
2023-03-16,270.9323425292969,271.28546226233277,258.25873880453594,260.15192277848104,54768800
2023-03-17,274.1007385253906,277.926352222168,271.05006642858564,272.95306938413273,69527400
2023-03-20,267.0380554199219,272.1879277131166,264.70344185731915,271.6974636851933,43466600
2023-03-21,268.5585021972656,269.7552357131241,264.3797387846606,269.6375291272283,34558700
2023-03-22,267.0968933105469,275.680013304396,266.98897566413984,268.1857090207041,34873300
2023-03-23,272.3644714355469,275.6996206406408,269.95139694314116,272.63913007748295,36610900
2023-03-24,275.218994140625,275.27784742962956,270.02987629936445,271.9524869231275,28172000
2023-03-27,271.10894775390625,276.09204996781233,270.26533391348664,275.15036725328554,26840200
2023-03-28,269.9808654785156,270.87351368720647,266.86149121075977,270.53018284762516,21878600
2023-03-29,275.1601257324219,275.778115168562,273.1001709238038,273.63966935521813,25087000
2023-03-30,278.6325988769531,279.034782967191,276.1116365553152,278.80918867585996,25053400
2023-03-31,282.80157470703125,283.75307621343984,277.6026674672018,278.31875579612426,32766000
2023-04-03,281.75201416015625,282.77215792187604,278.5345709015765,281.05553359321647,24883300
2023-04-04,281.702880859375,284.91053440736965,280.22170001439565,281.75194521809124,25824300
2023-04-05,278.91705322265625,281.67345840201926,277.52415228002326,280.3982640251811,22064800
2023-04-06,286.0386047363281,286.5094310076184,276.65111679037716,277.80860462136076,29770300
2023-04-10,283.8708190917969,284.076805626708,279.28005247919805,283.694229269178,23103000
2023-04-11,277.43585205078125,280.52579918788547,276.26857527576567,280.30017497191614,27276600
2023-04-12,278.0832824707031,281.53616835496916,276.58246375618245,279.35850689315987,27403400
2023-04-13,284.31219482421875,284.37104811494265,277.76942120916596,278.18139424423316,24222700
2023-04-14,280.6827697753906,282.9781378461247,278.27948405144895,281.52635353888274,20987900
2023-04-17,283.2919921875,286.0386085271272,280.702357854445,284.40044560842966,23836200
2023-04-18,282.8702087402344,286.1955691018291,281.53616100019883,286.0091903829201,20161800
2023-04-19,282.94866943359375,283.5372022349438,279.11323768855965,280.5355652058813,17150300
2023-04-20,280.65325927734375,283.5175818371463,279.6429047659269,279.80967567591784,23244400
2023-04-21,280.30999755859375,280.810250487239,277.6614799588713,279.57430155150945,21676400
2023-04-24,276.39605712890625,279.5154307545352,273.4042388617488,276.70996125679454,26611000
2023-04-25,270.16717529296875,276.2293025282691,270.11811093666,274.17916681026793,45772200
2023-04-26,289.7366943359375,293.85660384994554,287.14706002026827,291.0413453207768,64599200
2023-04-27,299.0162658691406,299.3792343711165,289.6189889013241,290.3252582511895,46462600
2023-04-28,301.3999938964844,303.0381271482286,297.5253157175753,298.2119773989559,36469600
2023-05-01,299.7323913574219,302.7144211983591,299.33020723943775,301.11550358691363,21294100
2023-05-02,299.5852355957031,303.2833235211519,298.11384353910654,301.8904224714807,26404400
2023-05-03,298.5944519042969,302.7241500523143,298.2903666449146,300.7721130771422,22360800
2023-05-04,299.5852355957031,301.8904224714807,297.61356066048836,300.39939269537876,22519900
2023-05-05,304.72528076171875,306.0201129213296,298.46695525914686,299.8893128499304,28197100
2023-05-08,302.7634582519531,304.28391479928877,300.2522846595883,304.2152426463564,21318600
2023-05-09,301.14495849609375,304.12698861690245,300.468115640786,302.1258866996641,21340800
2023-05-10,306.3536682128906,307.0305110314142,301.80217716217044,302.7340409435867,30078000
2023-05-11,304.1955261230469,305.1862728469726,300.4189777877927,304.185737200557,31680200
2023-05-12,303.07733154296875,304.7252834320708,300.7525369252092,304.62718464295926,19774700
2023-05-15,303.5579833984375,303.98959413162356,301.7236527501709,303.2048636724934,16336500
2023-05-16,305.7945251464844,307.72695475671816,303.92094882910635,303.92094882910635,26730300
2023-05-17,308.68475341796875,309.10746737687026,305.4799275878983,307.0037079063203,24315000
2023-05-18,313.12823486328125,313.63945175242833,308.4094989697135,309.2057852767407,27276000
2023-05-19,312.9512634277344,313.35432671083794,311.0146096045722,311.37834159149793,27546700
2023-05-22,315.7431945800781,317.1293303008465,312.6268717902356,313.2068809214525,24115700
2023-05-23,309.9234313964844,317.2571435018196,309.91359107162907,314.612676200923,30797200
2023-05-24,308.5372619628906,311.14239768103363,307.3182318525054,309.4023704280069,23384900
2023-05-25,320.4029541015625,321.36634580570205,314.5831525784272,317.76829739796784,43301700
2023-05-26,327.2549743652344,327.75632087129475,318.39748274598566,318.5350972767318,36630600
2023-05-30,325.60333251953125,330.0566483520898,324.9250103065404,329.55530193451835,29503100
2023-05-31,322.8311462402344,330.2533305472488,321.78906193921273,326.66512243856624,45950600
2023-06-01,326.9501953125,327.8841260635335,319.2232608919035,320.41277005822946,26773900
2023-06-02,329.7224426269531,331.7869004521861,326.9206805784931,328.59191548486876,25873800
2023-06-05,330.25335693359375,332.8290019187476,328.99502541409146,329.5455435788118,21307100
2023-06-06,328.0315856933594,329.6929804213879,326.54716679509426,329.6536491257751,20396200
2023-06-07,317.9059753417969,328.8278959178741,317.04086678111935,326.03597374540885,40717100
2023-06-08,319.7541809082031,321.1108258006109,317.8765087746091,318.4565179675529,23277700
2023-06-09,321.25823974609375,324.40405344263496,318.91852262119164,319.48869141586215,22529000
2023-06-12,326.23260498046875,326.4783730978262,319.6558477599043,323.0179388047992,24260300
2023-06-13,328.63128662109375,331.27575382243526,324.7973101956696,328.80823245588505,22951300
2023-06-14,331.629638671875,333.3008737465053,327.1763219152769,328.68042148204876,26003800
2023-06-15,342.2075500488281,343.9180866324939,331.4920655861422,331.76732469157105,38899100
2023-06-16,336.53515625,345.52045224652784,336.16161394464854,345.3729973890222,46552000
2023-06-20,332.3276062011719,336.28938669423195,330.17467528796925,333.5662870008195,26375400
2023-06-21,327.9136047363281,332.0130295621335,326.44883656163114,330.6760355897967,25117800
2023-06-22,333.9595031738281,334.36256644173795,327.69733703781395,328.4641322789384,23556800
2023-06-23,329.3489074707031,332.23914275155624,327.8055065902251,328.7000760810229,23146900
2023-06-26,323.0376281738281,330.4204822178402,322.9294745987564,328.07095455300293,21520600
2023-06-27,328.9065856933594,330.4598271003862,323.72577422605696,326.2424375190833,24354100
2023-06-28,330.1648864746094,332.2588355814836,328.1594102876184,328.99502786561385,20259500
2023-06-29,329.37835693359375,330.4204111551237,326.98949848240625,329.0441159569695,16997000
2023-06-30,334.7754821777344,336.928413125334,331.49202397478524,332.0327017922602,26832800
2023-07-03,332.2686462402344,335.1293906566377,330.87270016823766,333.44834517518075,12508700
2023-07-05,332.4259338378906,335.8666873183972,329.06384295177827,329.417734623584,18172400
2023-07-06,335.49310302734375,337.183988734617,329.8207861493633,331.5903044472357,28161200
2023-07-07,331.51165771484375,336.00430553625574,331.29538059868645,333.5761156416205,21214800
2023-07-10,326.212890625,329.55536067649837,322.0446733856095,328.93602028459145,32791400
2023-07-11,326.84210205078125,327.2254847097536,321.4646944933152,325.45596628174627,26698200
2023-07-12,331.49200439453125,335.86665829831014,329.9879049173375,330.9021549914973,29995300
2023-07-13,336.8595886230469,337.92129360338816,333.2811907244009,333.81205821506575,20567200
2023-07-14,339.39593505859375,345.48115613970265,338.48168484795,341.70616139811665,28352700
2023-07-17,339.87762451171875,341.116275309023,336.40738021266617,339.82845289215857,20363900
2023-07-18,353.4046936035156,360.57129992405726,336.3779021410324,339.97592078654986,64738600
2023-07-19,349.0693359375,356.3244150776322,346.4740403920073,355.6264420712178,39732900
2023-07-20,340.9983215332031,351.91043126765385,339.52371292046627,347.58491867049014,33778400
2023-07-21,337.9508361816406,344.37029866601915,334.0775279750363,343.23977124553153,69405400
2023-07-24,339.26806640625,341.0474548667673,336.5154759718877,339.9955603075345,26678100
2023-07-25,345.0387878417969,345.933387393559,339.2288259183692,341.23427216529524,41637700
2023-07-26,332.0523376464844,338.8355608783581,327.47121688450346,335.66022637997355,58383700
2023-07-27,325.1216735839844,335.55205632911367,323.479929635845,334.7164688714893,39635300
2023-07-28,332.6421813964844,334.25443442734047,327.5302232519615,328.02175941976105,28484900
2023-07-31,330.23370361328125,331.9835713371964,327.7170105936494,331.2167760424693,25446000
2023-08-01,330.6465759277344,332.8093472638062,328.0512803254377,329.5160486388289,18311900
2023-08-02,321.9561767578125,327.9824147290401,320.8354599405336,327.9824147290401,27761300
2023-08-03,321.1304016113281,324.2958956222293,320.43242867753213,320.4815702922133,18253700
2023-08-04,322.2314758300781,329.46690442388586,321.70060832431494,326.2620787423008,23741500
2023-08-07,324.5220031738281,325.5050755362961,321.9758493551546,322.8114668634499,17741500
2023-08-08,320.5307312011719,323.1850385754183,317.5323725014756,321.42533064951436,22327600
2023-08-09,316.77545166015625,321.5728200955336,315.6154033490083,320.9436693175295,22373300
2023-08-10,317.4635314941406,322.70332366781076,315.7431549645052,320.50122130920715,20113700
2023-08-11,315.5760803222656,316.95237568031445,313.8065320039268,314.83877602320496,24355500
2023-08-14,318.5548095703125,318.57446021923187,314.6618210129477,315.9496735414383,18836100
2023-08-15,316.4117126464844,319.5870477442435,315.467971410383,317.5324297401616,16966300
2023-08-16,315.64324951171875,319.6035867530306,315.0521512600074,316.03730499135764,20698900
2023-08-17,312.175537109375,317.0914448901851,311.51547084312125,315.78120358070635,21257200
2023-08-18,311.7814636230469,313.6532496991234,306.9246328799907,309.8209872544114,24755000
2023-08-21,317.1012878417969,317.97805902911256,312.3331473900361,313.20991857735174,24040000
2023-08-22,317.6726989746094,321.23895106672995,316.68754513415576,320.66757506765094,16084600
2023-08-23,322.1452941894531,324.31264458594995,318.6578413021839,319.012512305478,21166400
2023-08-24,315.2196350097656,328.03649444705104,315.2097738519858,327.90841965393514,23281400
2023-08-25,318.1849670410156,320.52960769740787,314.0670015423209,316.697375267024,21684100
2023-08-28,318.8943176269531,321.30792655371766,316.94370215408395,320.8252107812668,14808500
2023-08-29,323.53436279296875,324.09590767397725,317.1013096869728,317.1013096869728,19284600
2023-08-30,323.9087219238281,324.913567962967,321.6034656708571,323.79050827975385,15222100
2023-08-31,322.89398193359375,325.99721003341494,321.9285204975252,324.31260564742706,26411000
2023-09-01,323.7806701660156,327.06121928059684,321.9285761050108,326.3913218734916,14942000
2023-09-05,328.5980529785156,329.8787710157391,323.7806663099435,324.11561500950705,18553900
2023-09-06,327.9380187988281,329.4945486553449,325.2780913747757,328.4305957244297,17535800
2023-09-07,325.0120849609375,328.1350055862109,324.14514483010225,326.37160197842854,18381000
2023-09-08,329.3073425292969,331.16929760056996,324.5687552625587,325.189406952983,19530100
2023-09-11,332.9228820800781,333.395766733697,330.45013638799065,332.2332623849475,16583300
2023-09-12,326.8444519042969,331.7899430173362,326.5587789605408,330.8343426682216,17565500
2023-09-13,331.0707702636719,331.8490501523294,326.2533840096043,326.39128990249543,16544400
2023-09-14,333.671630859375,335.79953678134956,331.573248286681,334.1149320662403,20267000
2023-09-15,325.3174743652344,332.39087111470906,324.7559295090808,331.91801655332216,37679800
2023-09-18,324.1746826171875,325.494785002062,321.5147555316382,322.93337930199704,16834200
2023-09-19,323.770751953125,324.4997861225163,319.69223133844173,321.32759006020507,16505900
2023-09-20,316.0077209472656,324.6967832309126,315.7516014458076,324.61798416842623,21436500
2023-09-21,314.78619384765625,320.5197962034768,310.3234483172927,314.5202131437501,35560400
2023-09-22,312.3036193847656,316.6777047127133,311.45637147338414,316.54962990690495,21447900
2023-09-25,312.8257141113281,312.95378890256507,310.3234152969044,311.88980607113865,17836000
2023-09-26,307.50592041015625,311.190385987701,305.41736910779923,310.4515206404709,26297600
2023-09-27,308.14630126953125,309.6338632362447,305.092318122323,307.66355540766017,19410100
2023-09-28,308.983642578125,310.7963219055671,304.85584588034675,306.3729610383482,19683600
2023-09-29,311.06231689453125,314.72709028665287,310.30375928067184,313.0326245233169,24147300
2023-10-02,317.0224304199219,317.11112070459063,310.50071811094256,311.58439313158186,20570000
2023-10-03,308.73736572265625,316.6185961714055,306.5897075763458,316.0668823806455,21033500
2023-10-04,314.2246398925781,315.2886228065035,309.3382855829603,309.36783899365224,20720100
2023-10-05,314.61871337890625,315.2295340089772,310.2249357059366,314.3527326674706,16965600
2023-10-06,322.40142822265625,324.30276775869294,311.60412139660474,311.8504098359206,25673600
2023-10-09,324.92340087890625,325.3962554141024,318.3819658733118,319.92866439936114,19891200
2023-10-10,323.5146179199219,326.1843758633674,322.8053060973105,326.04643992295536,20557100
2023-10-11,327.48486328125,327.87891881705485,324.25355978443383,326.29280544996425,20063200
2023-10-12,326.2434997558594,328.6768305739905,323.8397223458632,325.66226268620113,19313100
2023-10-13,322.86444091796875,328.8738545851508,321.5147550613679,327.44539972348696,21072400
2023-10-16,327.7015380859375,331.14957600318263,325.6918161389676,326.13511726105344,22158000
2023-10-17,327.1301574707031,328.50936673162636,322.5491984669727,324.6968264635894,18338500
2023-10-18,325.2091064453125,330.60776009184275,323.4259804727019,327.553777299333,23153600
2023-10-19,326.4012145996094,331.878668167694,325.9972978715386,327.2188791514026,25052100
2023-10-20,321.8201904296875,326.9922476443287,320.6183016458001,326.7952048674921,25027700
2023-10-23,324.4308776855469,327.79025596929597,319.57407635184484,320.63802929650694,24374700
2023-10-24,325.62286376953125,326.9134127609565,322.73637053310733,326.38142132445483,31153600
2023-10-25,335.6123352050781,341.06023414202036,332.60759828291276,339.8977298889024,55053800
2023-10-26,323.02215576171875,336.5581619448028,322.08624744671806,335.48434770494157,37828500
2023-10-27,324.91363525390625,331.72105293709785,323.52456451933614,325.52442591779226,29856500
2023-10-30,332.3022766113281,334.41052049619503,326.9036221397968,328.46018221758897,22828100
2023-10-31,333.09033203125,333.9671333314319,329.7211229204908,333.81936627648764,20265300
2023-11-01,340.93218994140625,342.2621536122384,334.6074891841975,334.74542515005817,28158800
2023-11-02,343.1488037109375,343.65121174149834,339.6514894286655,342.0848206936706,24348100
2023-11-03,347.562255859375,349.12867689079525,342.17346325846154,344.43933508440006,23637700
2023-11-06,351.23687744140625,352.2318923839863,348.10409562346064,348.2026170147718,23828300
2023-11-07,355.1774597167969,357.0787991287098,352.3205200201419,354.06423123344223,25833900
2023-11-08,357.8078918457031,358.46792809184456,355.1972100806517,356.31043874613977,26767800
2023-11-09,355.3351745605469,359.3743116994497,355.01005692647374,356.9212579619861,24847300
2023-11-10,364.18182373046875,364.60543265510057,355.70949491528955,356.12324268113645,28042100
2023-11-13,361.2362060546875,362.99963986206404,360.4677872552205,362.75335139986936,19986500
2023-11-14,364.7729187011719,366.4280000793841,361.89628618895415,365.5019530209893,27683900
2023-11-15,364.9210205078125,368.33656292908665,362.3938800199408,366.51032306456335,26860100
2023-11-16,371.33746337890625,371.5151437395558,365.4243947338304,366.19437308883926,27182300
2023-11-17,365.0986633300781,369.56058551454436,362.2852703283084,368.81033934726474,40157000
2023-11-20,372.59112548828125,374.00274740716367,366.2338561414442,366.4510310616974,52465100
2023-11-21,368.2773132324219,371.38684030809384,366.35235211982354,370.8439180073763,28423100
2023-11-22,372.9958801269531,374.9109599374389,370.1528738051793,373.14394709672723,23345300
2023-11-24,372.5812683105469,373.1143395355948,370.32070891042537,372.4825469539782,10176600
2023-11-27,373.7461242675781,375.75007453622237,371.36711114799243,371.93964684936924,22179200
2023-11-28,377.7835998535156,378.07973380889825,373.3019152003715,373.4894767472904,20453100
2023-11-29,373.9830322265625,379.3629996146164,372.591142464095,378.82995852513955,28963400
2023-11-30,374.0422668457031,375.2071005292818,370.64645702621425,373.6276491974568,30554400
2023-12-01,369.69879150390625,373.3018950187399,366.5398888981319,371.91988642578656,33040500
2023-12-04,364.3977966308594,364.77288959280634,358.23793933360014,364.3583020623017,32063300
2023-12-05,367.7343444824219,368.28714793242324,360.92299258913255,361.742346716279,23065000
2023-12-06,364.0621643066406,369.3730544542741,363.3020670287441,368.7412919393215,21182100
2023-12-07,366.1844787597656,366.67805534247157,361.61395478382457,363.49942094482424,23118900
2023-12-08,369.4223937988281,369.6494197796378,363.4994739427989,364.45701385787805,20154400
2023-12-11,366.530029296875,366.82619337920636,361.3968499172915,363.7462797263503,27708800
2023-12-12,369.5704345703125,369.60992913503406,365.70078061680414,366.08578484040567,24838300
2023-12-13,369.5605773925781,372.7885879751983,366.00681947505166,371.1893743181654,30955500
2023-12-14,361.22900390625,368.9584312025777,359.45213999645404,368.51420016236455,43277500
2023-12-15,365.96734619140625,367.6158752980434,361.57450204697403,362.13718664647274,78502300
2023-12-18,367.8626708984375,368.2081805782412,363.943671095841,364.70379841651464,21802900
2023-12-19,368.46484375,368.46484375,365.0887662696819,366.7175631601881,20603700
2023-12-20,365.8587646484375,371.19926781243174,365.7699244632415,370.18250108115,26316700
2023-12-21,368.7412414550781,369.6000599811611,365.28620500497976,367.77382040386084,17708000
2023-12-22,369.7678527832031,370.3601507609569,367.921881017533,368.8794208793357,17107500
2023-12-26,369.8468322753906,372.0975404317787,368.7017309150492,370.18246075808156,12673100
2023-12-27,369.26446533203125,370.241737520185,368.0206424558139,368.8893422344082,14905400
2023-12-28,370.4588928222656,371.62372649746874,369.3532859355964,370.5477330050664,14327000
2023-12-29,371.20916748046875,372.31477445203035,368.6820572238906,371.16967290990425,18730800
2024-01-02,366.10552978515625,371.0709095466851,362.0581953380122,369.0571084332548,25258600
2024-01-03,365.83905029296875,368.4648819106026,363.7759033345844,364.2694800267969,23083500
2024-01-04,363.2132263183594,368.3069415042415,362.4531290415486,365.9081659597394,20901500
2024-01-05,363.025634765625,367.2802631804361,361.7916931110851,364.22996302547705,21004600
2024-01-08,369.8764953613281,370.3799532157685,364.2694714991835,364.5557242835835,23134000
2024-01-09,370.9623107910156,371.1597233564073,366.42140002965635,367.23087288667983,20830000
2024-01-10,377.8526306152344,379.23466923624073,371.48551036356565,371.5348559748048,25514200
2024-01-11,379.68878173828125,385.66104720244766,375.49338017859446,381.04117695037814,27850800
2024-01-12,383.4794616699219,383.68675543751164,379.7085286566561,380.53773385254453,21661200
2024-01-16,385.25628662109375,388.967992467666,382.6403365432814,388.6027505865881,27202300
2024-01-17,384.4666442871094,385.0984068116101,379.86650572773016,382.9957953292044,22234100
2024-01-18,388.81011962890625,388.9285732213275,385.1082942380826,386.68774576327377,23392100
2024-01-19,393.54840087890625,393.54840087890625,388.4448053024204,390.67578129578703,29331100
2024-01-22,391.4161071777344,395.473292185036,388.53360670954675,394.88099426685784,27016900
2024-01-23,393.77545166015625,394.24929609694567,388.8692984754516,390.6659247403921,20525900
2024-01-24,397.3884582519531,400.4190263282457,395.3055791013252,396.38157265965583,24867000
2024-01-25,399.66876220703125,401.7812847845524,397.3588270396622,399.12583992803854,21021200
2024-01-26,398.7408447265625,400.9520887119918,397.2601147041947,399.1751946098328,17803300
2024-01-29,404.4564514160156,404.71312091427023,399.13568066698633,400.8434667217464,24510200
2024-01-30,403.3409423828125,407.7436374380847,401.228450095284,406.963808061775,33477600
2024-01-31,392.472412109375,409.98453286629814,392.1071701932433,401.7319152692152,47871100
2024-02-01,398.5927429199219,402.75853089052634,396.6381686159988,396.6677820088373,30657700
2024-02-02,405.9371643066406,407.34878623666043,398.3755667288363,398.62235504354715,28256700
2024-02-05,400.4387512207031,405.8779758304878,398.8000730412909,404.6341529667765,25352300
2024-02-06,400.2807922363281,402.72894332826615,397.7339499122829,400.6657964934495,18382600
2024-02-07,408.7308349609375,408.977623299913,402.16627116929635,402.2057657386807,22340500
2024-02-08,408.7900695800781,410.22145402375685,407.23038050312016,408.73084278763224,21225300
2024-02-09,415.1473388671875,415.41388955817405,409.75748988702503,409.9154380417315,22032800
2024-02-12,409.92529296875,415.3348738248099,409.4218351407045,415.1571934592156,21202900
2024-02-13,401.1001892089844,404.8020145742647,398.20783688703966,399.73791265447613,27824900
2024-02-14,404.9769287109375,405.32307733535373,400.111169801605,403.5725956832902,20401200
2024-02-15,402.0792541503906,404.6209371351609,399.83428294066107,403.64185769437967,21825500
2024-02-16,399.6067810058594,403.7901722944783,398.99361896429224,403.4637923812322,22296500
2024-02-20,398.3507995605469,400.0320454973026,393.62348186339256,398.7958219344355,24307900
2024-02-21,397.74749755859375,397.8563009238514,392.8421710254568,395.7596706387702,18518900
2024-02-22,407.1131591796875,408.28014704114486,404.06711743971994,405.6692584327785,27009900
2024-02-23,405.81756591796875,411.27671814639945,404.46266976176094,411.0888399370884,16295900
2024-02-26,403.0484313964844,407.61750865515694,402.87039227350954,406.9252114178632,16193500
2024-02-27,402.9891052246094,403.8198438215264,399.39910723637763,403.4934639055569,14835800
2024-02-28,403.2264099121094,404.7889830292892,400.85286699100425,403.6813316781892,13183100
2024-02-29,409.08123779296875,409.6350635504339,401.4463196436388,404.13634340042967,31947300
2024-03-01,410.92071533203125,411.28663268034427,406.35163783892614,406.7373238991448,17823400
2024-03-04,410.3471374511719,412.7503489287205,407.77578628129385,408.8834378175513,17596000
2024-03-05,398.2123107910156,409.6844709938999,396.22448391124544,409.39765868898735,26919200
2024-03-06,397.6584777832031,400.69464990996806,393.9992743713947,398.52878394681863,22344100
2024-03-07,404.6308288574219,405.26375963919287,397.80685051788544,401.64409335772916,18718500
2024-03-08,401.74298095703125,405.89670410960423,399.87379648400184,403.4637944607813,18002200
2024-03-11,400.06170654296875,401.20892561066205,396.8376560715736,399.31010315335084,16120800
2024-03-12,410.70306396484375,410.9898762320502,402.3066446512747,403.1274836738165,22457000
2024-03-13,410.5251159667969,413.571157465626,406.9153492946695,413.49205243943396,17115900
2024-03-14,420.5335998535156,423.1049509734387,413.38327169789596,415.6084741741532,34157300
2024-03-15,411.8305969238281,417.942479135497,408.2405987740766,414.66896146964007,45079900
2024-03-18,412.72064208984375,416.09306343618266,409.2196486698743,409.6844699154105,20106000
2024-03-19,416.76556396484375,417.0227081134529,410.970132443708,413.2250029233721,19837900
2024-03-20,420.54345703125,421.26539222387987,416.02381676802577,417.3490447100486,17860100
2024-03-21,424.6378479003906,426.07187931857345,422.45221307253894,425.092769724827,21296200
2024-03-22,424.0147705078125,425.1224219595106,421.374213954432,424.9642119074724,17648500
2024-03-25,418.1995849609375,422.69945686878276,416.96336138975573,420.5533594694659,18060500
2024-03-26,417.0028991699219,421.2950634803322,416.7062176065533,420.9192467125738,16725600
2024-03-27,416.7853698730469,419.7721054619498,414.3920578406214,419.7622060149696,16705000
2024-03-28,416.0831604003906,417.2204799799258,414.5007882900106,416.32050565351443,21871200
2024-04-01,419.8907165527344,423.17413325734867,417.5666104461178,419.27755455465604,16316000
2024-04-02,416.79522705078125,417.72486953541625,413.2348973416725,415.4798683479255,17912000
2024-04-03,415.816162109375,418.59519021361444,414.47113520321466,415.1040961428757,16502300
2024-04-04,413.27447509765625,423.9455650411732,412.96789407723793,420.30610003731573,19370900
2024-04-05,420.83026123046875,421.809370796235,413.7096317572202,415.3810083958257,16554800
2024-04-08,419.9104919433594,422.5708472466926,418.63470088049553,420.48411653092035,14272400
2024-04-09,421.5818786621094,423.0257792491063,416.9732338650976,421.74011889073387,12496900
2024-04-10,418.5951843261719,419.3566871510799,415.0744221472326,417.5369697470064,16216600
2024-04-11,423.2136535644531,424.6377853261897,417.70503488754406,421.1269229662574,17966400
2024-04-12,417.2501525878906,420.4940018672189,415.14362290023075,419.3764509864425,19253800
2024-04-15,409.08123779296875,422.1159721682041,408.8735304979892,421.8983956076828,20273500
2024-04-16,410.01080322265625,413.7887093494547,409.1701954171728,410.0009339582446,16765600
2024-04-17,407.301025390625,414.26344459371984,405.8076577445542,412.6514043206412,15855500
2024-04-18,399.8144836425781,407.3505281111276,399.4980333365914,406.1044050559459,21029900
2024-04-19,394.7212219238281,401.0111429150955,393.3860944801934,399.5771115531844,30565800
2024-04-22,396.5409240722656,398.41010845767454,391.38835306759285,395.6706179149051,20286900
2024-04-23,403.0780944824219,403.70115595190015,398.61779046162303,399.78477819553336,15734500
2024-04-24,404.5516357421875,407.9240568237566,402.2967654513749,405.04612510579756,15065300
2024-04-25,394.6421203613281,395.4827584021969,383.7534537964164,389.6873267702122,40586500
2024-04-26,401.8419189453125,408.4482908369005,401.2880931688465,407.6274516193231,29694700
2024-04-29,397.8167419433594,401.84189310160997,394.79046908042733,400.7836784898605,19582100
2024-04-30,385.03912353515625,397.727739119863,384.88091347817664,397.0651100086482,28781400
2024-05-01,390.5872802734375,397.29255516859246,386.0083037107917,388.2829428234783,23562500
2024-05-02,393.455322265625,395.5222843363775,390.30047747836124,393.2773133250789,17709400
2024-05-03,402.17816162109375,402.66275162231983,397.43104480975535,397.8464292259782,17446700
2024-05-06,408.9822998046875,409.36798584093685,401.89130855665024,404.25498236640857,16996600
2024-05-07,404.8285827636719,410.0998567263718,404.5813380609886,410.08995728026827,20018200
2024-05-08,406.0153503417969,407.68672686794355,402.2275447730789,403.6714754994307,11792300
2024-05-09,407.7757873535156,408.17137287732766,404.5912740877817,406.0450742782524,14689700
2024-05-10,410.1690673828125,410.8020283165112,407.2614672287658,408.3889175739522,13402300
2024-05-13,409.1602783203125,413.73925463493686,406.2922460610267,413.403005491002,15440200
2024-05-14,411.9690246582031,412.8887677392151,407.01423099397886,407.47905225770086,15109300
2024-05-15,419.1718444824219,419.8951120945601,413.4155159621218,414.0397012631118,22239500
2024-05-16,417.1011657714844,421.49026736821406,416.46709338675123,417.9036811134131,17530100
2024-05-17,416.328369140625,419.01335772051186,414.1685137971008,418.63686307177926,15352200
2024-05-20,421.4110107421875,422.8277941720161,416.1104241550555,416.32839316238903,16272100
2024-05-21,425.0767822265625,428.9704718767671,420.92548463230116,422.8871751734283,21453300
2024-05-22,426.5431213378906,428.41567724259045,423.1844517072994,426.1171006588035,18073700
2024-05-23,423.0556640625,429.5947037930371,421.4902723328989,428.97051846736764,17211700
2024-05-24,426.1864318847656,427.078112153027,420.48954709195647,423.24386583453116,11855300
2024-05-28,426.3450012207031,426.8403825578059,422.6593628632313,425.6613725566471,15718000
2024-05-29,425.2056579589844,426.9592971219993,421.7577927427551,421.7577927427551,15517100
2024-05-30,410.83953857421875,420.3805569661453,410.4134876792539,420.3805569661453,28394500
2024-05-31,411.2952575683594,412.9002880435022,400.7733642440467,412.9002880435022,47995300
2024-06-03,409.7001647949219,412.58328776743826,405.14268074171713,411.6916074194493,17484700
2024-06-04,412.2265930175781,412.59317033367023,405.8956056320702,408.62020272112443,14348900
2024-06-05,420.0932922363281,420.1626226445845,412.45449022904074,413.95055154632206,16988000
2024-06-06,420.5985412597656,421.3812522043053,416.69493407447,420.09327287817626,14861300
2024-06-07,419.93475341796875,422.3422993904052,419.09259912200673,422.2630516824485,13621700
2024-06-10,423.9176330566406,424.1256847583601,419.97441684803016,420.7769322189121,13982900
2024-06-11,428.6831970214844,428.8219183123646,421.3218374300627,421.5497237355039,14551100
2024-06-12,436.9858093261719,439.304190496973,429.24795478740447,431.2988409046944,22366200
2024-06-13,437.5009460449219,439.29425421053884,435.3113691126584,436.7777086804944,15960600
2024-06-14,438.4818420410156,439.04658401937843,432.6858743754039,434.23146172147676,13582000
2024-06-17,444.22821044921875,446.7744775208605,436.64888280555135,438.5016039811507,20790000
2024-06-18,442.2170104980469,445.9819268194956,440.7804227549636,445.55587588842855,17112500
2024-06-20,441.58294677734375,442.40526651332897,437.1938450442549,442.17738020784964,19877400
2024-06-21,445.625244140625,446.4178422030527,442.3854610099622,443.24741971766383,34187100
2024-06-24,443.53472900390625,448.5677899641911,442.286358388998,445.64502805126915,15913700
2024-06-25,446.784423828125,447.25008347754516,442.62320865306464,444.10935261048957,16413400
2024-06-26,447.9832458496094,449.40994649209836,444.0499168986336,444.85243223057404,16507000
2024-06-27,448.6668701171875,451.9562093572158,447.5968295279366,448.00304584092294,14806300
2024-06-28,442.82135009765625,451.1734714446709,442.28632983499693,448.88481228887935,28362300
2024-07-01,452.5110168457031,453.1450891922846,441.5432675183624,444.5155553424217,17662800
2024-07-02,455.0374755859375,455.3446095932429,448.92445663899935,449.0136518862479,13979800
2024-07-03,456.5137023925781,456.76139305889615,453.65041401249385,453.957548019874,9932800
2024-07-05,463.240966796875,464.0236777303131,454.7303195449201,455.36439189726417,16000300
2024-07-08,461.9331970214844,463.37973235023577,460.16964060410885,462.24033104325304,12962300
2024-07-09,455.2950439453125,463.0130626647768,453.76926110791277,462.6861243174569,17207200
2024-07-10,461.9430847167969,462.1511364069266,454.6213342335764,456.9595498058476,18196100
2024-07-11,450.49981689453125,460.4866917201194,447.3788901655864,458.703330934161,23111200
2024-07-12,449.36041259765625,452.1444533788556,446.4872068013202,450.13320629785255,16324300
2024-07-15,449.7666015625,453.0361364302562,447.2599732817251,449.1126945889487,14429400
2024-07-16,445.3676452636719,450.10348983727977,442.5340784087055,450.024242123689,17175700
2024-07-17,439.4230041503906,440.74073530043466,435.1230982249808,438.5016022168758,21778000
2024-07-18,436.3021545410156,440.5426175824252,430.38730015927666,440.23548357189634,20794800
2024-07-19,433.0722351074219,437.0650374995757,428.00945262308335,429.09929755421246,20940400
2024-07-22,438.848388671875,440.49305821693935,434.85561660140024,437.7090177284673,15808800
2024-07-23,440.7407531738281,444.2480612797599,439.00691860605986,439.79951659991235,13107100
2024-07-24,424.9381103515625,437.4019218843712,423.64021365061654,436.3814375263218,26805800
2024-07-25,414.53509521484375,425.8297836093588,413.65333216081086,424.83902093903856,29943800
2024-07-26,421.34161376953125,424.9579215661057,413.41551271082733,414.33694493801545,23583800
2024-07-29,422.7881774902344,428.15809438761096,420.77693042040073,427.5933523925366,15125800
2024-07-30,419.01336669921875,425.0867165408092,413.5046983714735,423.7690154776861,32687600
2024-07-31,414.485595703125,417.8839046232563,408.4022980048962,416.6157295335089,42891400
2024-08-01,413.2569885253906,423.5113878535516,409.2741336141255,416.9030180044247,30296400
2024-08-02,404.7166442871094,411.1665191178448,400.60498514306653,408.6796950737874,29437900
2024-08-05,391.4998474121094,397.3354538191348,382.01824178124633,385.57510623229217,40709200
2024-08-06,395.9186706542969,401.92272047285906,394.8189385631437,396.30508262297985,24946500
2024-08-07,394.7495422363281,406.2919206772892,393.79841858999345,404.865250325625,20650900
2024-08-08,398.9701843261719,402.1108847615145,396.24558724095715,398.72249368206144,20203000
2024-08-09,402.2694396972656,404.2806866644843,398.5441926988125,400.2978317019802,19276700
2024-08-12,403.05218505859375,404.98418448253045,400.50591757780563,403.29987574188414,16762900
2024-08-13,410.1856384277344,411.1169577013194,405.7866500141935,405.8064543815787,19414300
2024-08-14,413.0093078613281,413.8613794713292,408.6400711388976,410.9683392009438,18267000
2024-08-15,417.89263916015625,417.972029702109,414.5477559984779,416.671793760154,20752100
2024-08-16,415.35174560546875,418.20035477297347,414.1904506066069,417.4658786225156,22775600
2024-08-19,418.3889465332031,418.60730840360986,413.356718626676,415.83808974940047,15234000
2024-08-20,421.63458251953125,422.68668148594463,418.4981559756192,418.557706461252,16387600
2024-08-21,420.9794921875,423.22263097030424,418.57751173597626,420.9199114166435,16067300
2024-08-22,412.4534912109375,423.60975624910697,411.5204932561933,421.19784052472494,19361900
2024-08-23,413.68426513671875,416.1358609497773,409.01927543893964,413.87285176004434,18493800
2024-08-26,410.4088134765625,414.1705802586453,408.2748405512739,413.2673576122786,13152800
2024-08-27,410.7562255859375,411.27233984867695,407.19298047026894,409.7835172509794,13492900
2024-08-28,407.5404052734375,411.9076124558987,404.2749123464537,411.78851148667684,14882700
2024-08-29,410.0416259765625,418.90507669309693,407.54041469455717,411.84807149198764,17045200
2024-08-30,414.0316467285156,414.37901443017955,409.05896964037805,412.50311373853776,24308300
2024-09-03,406.3890380859375,416.7512462836699,403.99699269665393,414.79592463376775,20313600
2024-09-04,405.8530578613281,408.1756176150405,401.356814564364,402.8853476688359,15135800
2024-09-05,405.3468322753906,410.0217264889614,403.10366332769695,404.58255066568705,14195500
2024-09-06,398.70672607421875,407.5900165631096,397.81340823350934,406.01186815612465,19609500
2024-09-09,402.6967468261719,405.6049064318399,399.1533416913916,404.2054095225525,15295100
2024-09-10,411.1135559082031,413.2276585385216,404.6619913629379,405.1582655587275,19594300
2024-09-11,419.8876953125,420.83059814465895,406.527971667463,412.4038716868024,19266900
2024-09-12,423.81817626953125,424.18541433930886,416.62220020874884,420.1556701684846,17395700
2024-09-13,427.3814392089844,428.61218961071086,422.2896607454525,422.6568988304725,15874600
2024-09-16,428.1258544921875,430.29953807017074,425.02910810442387,427.3913783153956,13834700
2024-09-17,431.9074401855469,438.5575267353336,429.0488958810436,436.949603136594,18874200
2024-09-18,427.59979248046875,432.78089656665435,427.20277916114134,431.75857288155333,18898000
2024-09-19,435.42108154296875,438.21014026162374,433.64441133789575,437.9421630848395,21706600
2024-09-20,432.02655029296875,435.966968827051,430.98438654289276,433.96203187473805,55167100
2024-09-23,430.2796936035156,433.2076933933247,427.182947247431,431.04394501505726,15128900
2024-09-24,425.9720458984375,430.1208912889201,422.92491478511505,429.7734932617357,17015800
2024-09-25,428.8901062011719,429.8925898519273,425.3765064150849,426.6270968939567,13396400
2024-09-26,428.0960693359375,432.05632795663564,425.9323209856426,431.847901263487,14492000
2024-09-27,424.8305358886719,428.6320130497984,424.2846464096371,428.30445513023994,14896100
2024-09-30,427.09356689453125,427.21269814697155,422.20031052363777,425.01914436125503,16807300
2024-10-01,417.5552062988281,425.28716713975047,415.68921038228643,425.257391898111,19092900
2024-10-02,414.021728515625,419.66933146547984,413.6048448503053,419.4310992466512,16582300
2024-10-03,413.4361267089844,416.4236768512481,411.20289276743637,414.51800085029123,13686400
2024-10-04,412.959716796875,416.62222309915006,411.87784259208183,415.1234652064613,19169700
2024-10-07,406.48828125,414.0018496365578,405.95229663138974,412.90013544904184,20919800
2024-10-08,411.6197509765625,412.5626841012525,405.1285060524599,407.83814388099404,19229300
2024-10-09,414.3492431640625,417.247497795826,411.2127866111198,412.7611596791307,14974300
2024-10-10,412.7413635253906,414.24012144932607,410.0714056441615,412.13592348125917,13848400
2024-10-11,413.2177429199219,414.0217046730069,410.1706121672714,413.039091483719,14144900
2024-10-14,416.0167541503906,420.8802352901763,414.40880028614094,414.65693738807056,16653100
2024-10-15,415.6197204589844,419.3318721896264,412.1656713035286,419.0340894861109,18900200
2024-10-16,413.0192565917969,413.2574585271856,407.421299078938,412.0763537374333,15508900
2024-10-17,413.6147766113281,419.35170523704693,412.49319205621896,419.2127339196968,14820000
2024-10-18,415.0440673828125,416.52295489433874,413.1582313681452,414.0316788587722,17145300
2024-10-21,415.659423828125,415.8380752730999,410.6669065146117,413.01924141063614,14206100
2024-10-22,424.32440185546875,427.37150260733677,414.92496672704124,415.37159535996557,25482200
2024-10-23,421.4360656738281,427.86776005710016,419.3814831724278,427.6493981928425,19654400
2024-10-24,421.5650939941406,422.80577949754775,419.2524392532927,422.1605988036373,13581600
2024-10-25,424.9595947265625,429.29702642206786,423.3913815699701,423.5799681906594,16899100
2024-10-28,423.4112243652344,428.72136443906953,423.12337684387694,428.44345209470936,14882400
2024-10-29,428.7312927246094,429.94220298203743,422.62709584345464,424.8107144355948,17644100
2024-10-30,429.3069763183594,435.2324917274877,428.880187758029,434.18039280239805,29749100
2024-10-31,403.3220520019531,413.05894946974416,403.2724064074055,412.2648925685448,53971000
2024-11-01,407.3121032714844,412.4038816750557,404.46349406157685,405.96225191647693,24230400
2024-11-04,405.41632080078125,407.3617375208185,402.5478716062057,406.74633205416956,19672300
2024-11-05,408.39398193359375,411.808351068097,405.0391632836315,405.32701081903,17626000
2024-11-06,417.0489807128906,417.31698816741806,407.4609595048601,409.346825702744,26681800
2024-11-07,422.2598571777344,423.66928922885575,416.75122569160607,418.14078738908074,19901800
2024-11-08,419.3913879394531,423.3218709209174,418.6370415012291,422.15067113853826,16891400
2024-11-11,414.8951721191406,421.6444892164841,412.90014011467326,419.37154486777723,24503300
2024-11-12,419.87774658203125,421.27724345465793,414.09120276331856,415.1333664626366,19401200
2024-11-13,422.0315856933594,426.13078508233804,415.0936518803662,418.4981158636683,21502200
2024-11-14,423.7090148925781,424.9794756745813,416.87034165331505,421.83308381585454,30246900
2024-11-15,411.9075927734375,419.64945830467593,410.5577414665236,416.69168340974903,28247600
2024-11-18,412.6619567871094,415.28226896658396,409.0292257942814,411.77857411978533,24727000
2024-11-19,414.6767883300781,414.825664526232,408.4832659585283,410.03163897887276,18133500
2024-11-20,412.3939208984375,414.18052617467214,407.52050466835993,413.76364252316546,19191700
2024-11-21,410.61370849609375,417.48594978990576,408.047821251109,417.2074811714516,20780200
2024-11-22,414.7211608886719,415.11896888171356,408.81361962204943,409.1219230929671,24814600
2024-11-25,416.5013732910156,418.778836873561,412.58290247238904,416.09361024787086,27691100
2024-11-26,425.6510925292969,426.69537265560376,416.5610569682543,417.29700327286355,23458900
2024-11-27,420.6784362792969,424.895286183322,419.7137359172663,422.78684605590655,18332400
2024-11-29,421.1458435058594,422.55809676444443,415.51677094971404,417.7942649272981,16271900
2024-12-02,428.6247863769531,430.63373653101576,419.00761775180223,419.2662066130162,20207200
2024-12-03,428.84356689453125,430.1066156030698,425.40245343840513,427.4909833141871,18302000
2024-12-04,435.0295715332031,437.2672755840065,430.26573974460115,430.6635477279166,26009400
2024-12-05,440.20111083984375,442.22997089475297,433.7863778049247,435.5268141893356,21697800
2024-12-06,441.14593505859375,443.6621076103015,439.3557536946216,439.88285607578405,18821000
2024-12-09,443.58251953125,445.8798931073043,438.09269688925554,440.18122659952354,19144400
2024-12-10,440.9072570800781,447.16289170564096,439.1867306857862,441.96149226752044,18469500
2024-12-11,446.5363464355469,447.8889300799693,441.62334015579273,441.62334015579273,19200200
2024-12-12,447.10321044921875,453.66714837494953,446.65565750056305,446.65565750056305,20834800
2024-12-13,444.8257141113281,448.9629838704377,443.14494732322726,445.98933356109154,20177800
2024-12-16,449.12213134765625,449.7089034526842,442.8466168869823,444.82573215231423,23598800
2024-12-17,451.9764404296875,452.80192160914675,447.1131792784758,448.5453123373024,22733500
2024-12-18,434.999755859375,450.17634202962637,434.6317523490202,448.8536235978926,24444500
2024-12-19,434.6416931152344,440.7580781855559,433.9355816606558,439.2066057877418,22963700
2024-12-20,434.21405029296875,441.31501544447383,426.28760397482347,430.74310199904505,64263700
2024-12-23,432.8714294433594,435.25830776300677,430.4646409959487,434.35327712310794,19152500
2024-12-24,436.9291076660156,437.1976515770788,431.817212852652,432.27469051669533,7164500
2024-12-26,435.7157897949219,438.5303413291557,434.24389716434194,436.6804901261448,8194200
2024-12-27,428.1772155761719,432.8415878431465,424.020065946368,432.22498090820386,18117700
2024-12-30,422.5083312988281,425.21346797282456,419.5943507529856,423.7316203926744,13158700
2024-12-31,419.1965637207031,424.3979934566231,418.36115784079396,423.77143145899026,13246500
2025-01-02,416.2925109863281,423.74159992080814,412.5829142901712,423.2045424399656,16896500
2025-01-03,421.0364685058594,421.712745134401,417.2472919522773,418.77885425500915,16662900
2025-01-06,425.5118713378906,431.9465149926899,423.15482788109534,425.66104554069966,20573600
2025-01-07,420.0617980957031,428.29654775990844,418.50037065706186,426.655570865203,18139100
2025-01-08,422.2398681640625,424.6367016726728,419.2363827431032,421.14587335814815,15054600
2025-01-10,416.6604919433594,422.38899347611215,412.7519459369572,422.30944402253056,20201100
2025-01-13,414.9101257324219,416.21296436365594,410.03690951971083,412.97077003054903,17604800
2025-01-14,413.3984375,417.4461724776856,408.4754763868852,415.5267269300622,16935900
2025-01-15,423.98028564453125,425.8102267141552,415.98421438422275,416.83953041233667,19637800
2025-01-16,422.25970458984375,427.1428756329152,422.07077084126166,426.35721474684357,15300000
2025-01-17,426.6854248046875,432.1056536473427,425.83013912279745,431.7177703608077,26197500
2025-01-21,426.1582946777344,428.5451728718131,423.27414892860577,427.8490165052251,26085700
2025-01-22,443.7616271972656,444.8257568157961,433.6173558153904,435.1688283301516,27803800
2025-01-23,444.2687683105469,444.3085582129765,439.08724891108926,439.58451646364995,18389300
2025-01-24,441.6332702636719,444.20911262497947,438.98780315861995,442.727264983927,15549500
2025-01-27,432.1851806640625,432.82169771122886,421.185624630697,421.6928472557325,35647800
2025-01-28,444.7561340332031,445.9296782334323,429.02258057650255,432.22498499378844,23491700
2025-01-29,439.9127197265625,444.4378728714111,437.9932741704639,444.2489087647689,23581400
2025-01-30,412.7221374511719,420.5491243253889,410.9021514578089,416.4814791520961,54586300
2025-01-31,412.7917785644531,418.39101660852566,412.64260435429605,416.69036991112364,34161900
2025-02-03,408.6744079589844,413.1398611878705,406.4267487485119,409.350684594608,25679100
2025-02-04,410.116455078125,411.65800277159144,407.5008227766752,410.43471361041793,20532100
2025-02-05,411.0314636230469,411.5684907814938,408.1572423104593,410.0965981017129,16316700
2025-02-06,413.547607421875,415.914605901032,411.73754619066034,411.73754619066034,16309800
2025-02-07,407.5107727050781,416.36212936115334,405.86979579790295,414.2040051086223,22886800
2025-02-10,409.96728515625,413.1895693646485,408.6744015876666,411.44913283343,20817900
2025-02-11,409.1915588378906,410.23580864154656,407.0632389741584,407.40140764567894,18140600
2025-02-12,406.8046569824219,408.5053035519359,402.1601645834243,404.98464070295296,19121700
2025-02-13,408.2964782714844,408.75395595267076,404.1392981832616,404.7758152621338,23891700
2025-02-14,406.1979675292969,406.6753553081934,403.66191514014076,405.5614808415711,22758500
2025-02-18,407.4013977050781,408.3561429609082,404.2785427328027,405.7703454735141,21423100
2025-02-19,412.5033264160156,413.21939292620334,405.4222411212721,405.65099512827777,24114200
2025-02-20,414.6857604980469,417.8547165109783,411.10822380495836,413.84867949906476,23508700
2025-02-21,406.793212890625,416.59905745325864,406.4743466307379,415.8915301727366,27524800
2025-02-24,402.59783935546875,407.9491968592537,397.93408950529806,407.09219625426255,26443700
2025-02-25,396.51898193359375,400.5250489764073,395.32316508227535,399.7078876937612,29387400
2025-02-26,398.3426513671875,402.1992147309307,392.8816600835235,396.6286198264506,19619000
2025-02-27,391.16766357421875,404.33180773998396,390.8089276067015,399.8773203400045,21127400
2025-02-28,395.6121520996094,396.24994544118493,385.2283339547379,391.29719366600983,32845700
2025-03-03,387.14166259765625,397.4358274187669,384.8197626823639,397.4358274187669,23007700
2025-03-04,387.26123046875,391.21745294280987,379.67765721488945,382.06932141422595,29342900
2025-03-05,399.628173828125,400.27594221038044,387.4605594414927,387.9887187604894,23433100
2025-03-06,395.5125427246094,400.7542663515353,391.3171323240562,392.91158534383527,23304600
2025-03-07,391.9449462890625,393.42976525122566,384.20192438386283,390.9583919892802,22034100
2025-03-10,378.8406066894531,385.0589401894391,375.9108079261914,384.50088617849997,32840100
2025-03-11,379.12957763671875,384.6603029891263,375.60185546191633,377.6845980126396,30380200
2025-03-12,381.9397888183594,383.883033194115,377.634805186652,381.62092254273574,24253600
2025-03-13,377.45538330078125,383.9826683121219,376.139987768004,381.8301614244045,20473000
2025-03-14,387.21142578125,388.87564310802037,378.19284770158055,378.46189966674945,19952800
2025-03-17,387.3509521484375,391.3470139725856,384.23181056492524,385.35789354291256,22474300
2025-03-18,382.18890380859375,386.02554767204197,379.77731994813644,385.7266010485673,19486900
2025-03-19,386.4740295410156,388.32755958105986,382.66728002942375,384.1919687568245,19185500
2025-03-20,385.49737548828125,390.4302074924951,381.9497337537801,384.4011872193827,18470500
2025-03-21,389.9020690917969,390.38038369901005,381.47140919973003,381.8899648927027,39675900
2025-03-24,391.7157287597656,394.02768406346627,388.45708885622673,394.02768406346627,21004500
2025-03-25,393.7885437011719,394.98436068056907,391.2773006739415,392.552857032296,15775000
2025-03-26,388.6165466308594,393.93800963918454,387.2214116418782,393.6290879777552,16108400
2025-03-27,389.2243957519531,390.87863801869304,386.05543991632794,388.7759758195498,13766800
2025-03-28,377.48529052734375,387.77945533191945,375.6217855831935,386.7330813092454,21632000
2025-03-31,374.087158203125,375.761320171641,365.96541986866765,371.2470435423123,35184700
2025-04-01,380.8635559082031,381.52126893067276,371.93466141936483,373.34971607028785,19689500
2025-04-02,380.813720703125,383.74348886180815,375.3128595122782,376.6581801475031,16092600
2025-04-03,371.8150329589844,376.16989155085776,368.06810346654436,373.4892252977989,30198000
2025-04-04,358.59112548828125,373.2899337218873,358.2323895120423,362.86624500843976,49209900
2025-04-07,356.61798095703125,369.7123913004176,343.5933653790687,349.66222551139305,50425000
2025-04-08,353.3294372558594,372.35317854006513,349.0343982710952,366.98190125867967,35868900
2025-04-09,389.13470458984375,391.865215467322,351.8744910293168,352.3129663406882,50199700
2025-04-10,380.0264587402344,382.56759631800514,366.5234683324548,380.7339860356081,38024400
2025-04-11,387.1018371582031,388.6962597846969,377.57501903009035,379.31894538802237,23839200
2025-04-14,386.4640197753906,393.28027643878613,382.8765082652718,391.8552468593249,19251200
2025-04-15,384.3912658691406,390.5298901348079,382.82670753665025,387.16161616456134,17199900
2025-04-16,370.32025146484375,380.2855448116978,366.72279516422714,379.34883521582236,21967800
2025-04-17,366.5035400390625,373.02085009277744,365.61664478749583,372.45282110026085,21120200
2025-04-21,357.87359619140625,363.21500903617533,354.43558836453434,361.5607667541322,20807300
2025-04-22,365.5469055175781,366.4935901583944,358.611039306251,362.1188421014038,19485000
2025-04-23,373.0906066894531,379.06978228856406,371.7253360485286,374.75479353400954,20545500
2025-04-24,385.9557800292969,387.10181303671203,373.8878249819962,374.3960646492269,22232300
2025-04-25,390.4900207519531,390.79894240871675,383.2651831703409,385.65684745985266,18973200
2025-04-28,389.8023986816406,391.3769015704532,385.2980972626593,390.59960994479576,16579400
2025-04-29,392.67242431640625,393.7287429695286,389.02512333213684,389.9419132819562,14974000
2025-04-30,393.88818359375,395.2833185411371,383.10572919383554,388.94537633492024,36461100
2025-05-01,423.9235534667969,435.47332427713997,423.4252888222868,429.6137271918364,58938100
2025-05-02,433.769287109375,437.91485278651635,428.49763841940904,430.2415647531947,30757400
2025-05-05,434.65618896484375,437.97461808249534,430.6102521137275,431.367624097433,20136100
2025-05-06,431.8061218261719,436.2107948487266,429.6735648726689,430.6999888667604,15104200
2025-05-07,431.8459777832031,436.5994115910065,429.6137314736212,432.3342674079582,23295300
2025-05-08,436.6492614746094,442.1301726837614,434.147963172883,436.41007376009867,23491300
2025-05-09,437.20733642578125,439.2103397565405,434.3672216715751,438.47291776294395,15324200
2025-05-12,447.70074462890625,447.8103482497994,438.2536363054134,444.3922601902366,22821900
2025-05-13,447.5812072753906,449.1058959658508,443.8142971336702,446.22591154405814,23618800
2025-05-14,451.36798095703125,452.32464056421765,446.5846525094385,446.5846525094385,19902800
2025-05-15,452.3863220214844,455.44129747226026,449.6907411096269,450.0301794411029,21992300
2025-05-16,453.5244445800781,453.6142932166669,447.99355872232604,451.30808680840903,23849800
2025-05-19,458.11688232421875,458.83570185482216,450.0601197660991,450.14000552921704,21336500
2025-05-20,457.4180603027344,457.58776423526933,453.57437286704067,454.8422775622727,15441800
2025-05-21,451.8272399902344,457.02868069868646,451.06847756848606,453.8239575485261,19216900
2025-05-22,454.11346435546875,459.49463285512667,453.1550484484722,454.2033434579146,18025600
2025-05-23,449.441162109375,452.94541128469075,448.17325738802526,449.24150862772166,16883500
2025-05-27,459.93389892578125,460.19348195260824,455.3713920868909,455.7308170830738,20974300
2025-05-28,456.609375,461.7609101640183,456.1800880198718,460.4630558858422,17086300
2025-05-29,457.9272155761719,460.9622349154345,454.56275123248776,460.79250051058557,13974800
2025-05-30,459.60443115234375,460.9222720478794,454.79236501090486,458.96549737927586,34770500
2025-06-02,461.2118225097656,461.35157690062545,456.1401731404802,456.3897628439735,16626500
2025-06-03,462.2101745605469,463.3782677615003,460.1036216507913,460.7126363614999,15743800
2025-06-04,463.1086730957031,464.9256933509807,462.2600620562611,463.2384646092932,14162700
2025-06-05,466.91241455078125,468.8791825139859,463.26841119380083,464.1968775224098,20131700
2025-06-06,469.6080017089844,472.56313512848675,468.0106215882427,469.31846913564885,15285600
2025-06-09,471.97412109375,472.6529977632414,467.8508943889836,468.92913895110996,16469900
2025-06-10,470.1471252441406,472.02401413852874,466.19360257943936,470.4166711436691,15375900
2025-06-11,471.8443298339844,474.68965849935887,468.88919632531986,469.24859086789724,16399200
2025-06-12,478.0840759277344,479.6315503555016,472.7428502291372,474.2403884361742,18950600
2025-06-13,474.18048095703125,478.3935562569989,471.98410990605987,475.62811338522215,16814500
2025-06-16,478.3536376953125,479.90108160832807,474.2204177457221,474.4300645574067,15626100
2025-06-17,477.25543212890625,477.9542649832925,473.30190948641297,474.6197503672441,15414100
2025-06-18,479.4518127441406,480.2105751696819,473.68130019053103,477.21549881727225,17526500
2025-06-20,476.6164855957031,482.666537493529,476.0873566497709,481.4385756672578,37576200
2025-06-23,485.2023620605469,486.94948990747275,471.7345120072702,477.425138713905,24864000
2025-06-24,489.30560302734375,491.0427680081874,486.0010379300524,488.1475336634371,22305600
2025-06-25,491.4620666503906,493.7483167920849,488.58681895090325,491.2324636297239,17495100
2025-06-26,496.6335754394531,497.2226034494893,492.0011761864687,492.1709105807123,21578900
2025-06-27,495.1260681152344,498.4805390751374,492.22084033701867,496.73341116664807,34539200
2025-06-30,496.5936584472656,499.9381665482639,494.51705506439515,496.22427056302723,28369000
2025-07-01,491.242431640625,497.2325843953567,490.1742108879921,495.655190908974,19945400
2025-07-02,490.2840270996094,492.69007550131784,487.8979653734086,489.1858263089447,16319600
2025-07-03,498.02130126953125,499.3091926553608,492.6301698307581,492.99955771280014,13984800
2025-07-07,496.90313720703125,497.9314455400232,494.41723357438383,496.56369887519327,13981600
2025-07-08,495.804931640625,497.3823555722493,493.2990413573122,496.42390920841734,11846600
2025-07-09,502.68365478515625,505.94827712953634,498.919822567675,499.47890106455674,18659500
2025-07-10,500.656982421875,503.6121159415126,496.93309312638246,502.22438258392543,16492100
2025-07-11,502.49395751953125,504.20114253320645,496.9829974553982,497.6519112557523,16459500
2025-07-14,502.1944274902344,503.14288052756655,500.20770324807717,500.6968893054946,12058800
2025-07-15,504.9898376464844,507.465747883617,501.9648118083004,502.19441482497484,14927200
2025-07-16,504.7901611328125,505.88836188358,501.06630238508603,504.35088083250554,15154400
2025-07-17,510.8601989746094,512.5274410723513,504.7901605415637,504.85005963085433,17503100
2025-07-18,509.212890625,513.7953843002441,506.59719545986655,513.6356127696338,21209700
2025-07-21,509.2228698730469,511.24956741731427,504.7202620876888,505.8783619126309,14066800
2025-07-22,504.44073486328125,510.3610256433726,504.44073486328125,510.13139215337156,13868600
2025-07-23,505.0397644042969,505.95826791167354,499.87826643817476,505.9183250285286,16396600
2025-07-24,510.0415344238281,512.826933461713,506.4673929575042,507.93498157135946,16107000
2025-07-25,512.866943359375,517.4393829887753,509.52240467312413,511.6289272082179,19125700
2025-07-28,511.65887451171875,514.1547714605564,509.2827757416266,513.2362984451797,14308000
2025-07-29,511.728759765625,516.7704593446111,510.7204076628311,514.6839236482208,16469200
2025-07-30,512.3976440429688,515.1032182392812,508.6038929137552,514.3244691518986,26380400
2025-07-31,532.6243896484375,554.5383762548963,531.0270400328567,554.3187056451394,51617300
2025-08-01,523.2498168945312,534.9206337229102,520.0051507892547,534.1219588686084,28977600
2025-08-04,534.7609252929688,537.3666271513684,527.2632409127965,527.4030257699867,25349000
2025-08-05,526.8838500976562,536.4181643311854,526.374677366439,536.2983661514853,19171600
2025-08-06,524.0784912109375,530.8274067099719,523.1700114791388,530.0287318260303,21355700
2025-08-07,519.9852294921875,527.2233308658066,516.7005900083886,525.9354090023164,16079100
2025-08-08,521.1832275390625,523.7989228282858,518.5575389118288,521.7423060527517,15531000
2025-08-11,520.9136962890625,526.7241518809952,518.8670119786243,521.4427947726738,20194400
2025-08-12,528.3713989257812,530.1085334795151,521.8421543429575,522.8904188907295,18667000
2025-08-13,519.7256469726562,531.825750889051,518.5176108745642,531.236692379076,19619200
2025-08-14,521.6224975585938,525.0868343553949,519.2863720398742,521.7023833261101,20269100
2025-08-15,519.3162841796875,525.2365445998882,518.2281072023833,521.9120536418995,25213300
2025-08-18,516.2512817382812,521.9619254356152,513.176380682391,520.7339636806648,23760600
2025-08-19,508.933349609375,514.314487646487,507.7153506663982,514.1547770514178,21481000
2025-08-20,504.8900146484375,510.161347905157,503.6121166003689,509.0331975839143,27723000
2025-08-21,504.239990234375,507.6300048828125,502.7200012207031,503.69000244140625,18443300
2025-08-22,507.2300109863281,510.7300109863281,502.4100036621094,504.25,24324200
2025-08-25,504.260009765625,508.19000244140625,504.1199951171875,506.6300048828125,21638600
2025-08-26,502.0400085449219,504.9800109863281,498.510009765625,504.3599853515625,30835700
2025-08-27,506.739990234375,507.2900085449219,499.8999938964844,502.0,17277900
2025-08-28,509.6400146484375,511.0899963378906,505.5,507.0899963378906,18015600
2025-08-29,506.69000244140625,509.6000061035156,504.489990234375,508.6600036621094,20961600
2025-09-02,505.1199951171875,506.0,496.80999755859375,500.4700012207031,18128000
2025-09-03,505.3500061035156,507.7900085449219,502.32000732421875,503.7900085449219,16345100
2025-09-04,507.9700012207031,508.1499938964844,503.1499938964844,504.29998779296875,15509500
2025-09-05,495.0,511.9700012207031,492.3699951171875,509.07000732421875,31994800
2025-09-08,498.20001220703125,501.20001220703125,495.0299987792969,498.1099853515625,16771000
2025-09-09,498.4100036621094,502.25,497.70001220703125,501.42999267578125,14410500
2025-09-10,500.3699951171875,503.2300109863281,496.7200012207031,502.9800109863281,21611800
2025-09-11,501.010009765625,503.1700134277344,497.8800048828125,502.25,18881600
2025-09-12,509.8999938964844,512.5499877929688,503.8500061035156,506.6499938964844,23624900
2025-09-15,515.3599853515625,515.469970703125,507.0,508.7900085449219,17143800
2025-09-16,509.0400085449219,517.22998046875,508.6000061035156,516.8800048828125,19711900
2025-09-17,510.0199890136719,511.2900085449219,505.92999267578125,510.6199951171875,15816600
2025-09-18,508.45001220703125,513.0700073242188,507.6600036621094,511.489990234375,18913700
2025-09-19,517.9299926757812,519.2999877929688,510.30999755859375,510.55999755859375,52474100
2025-09-22,514.4500122070312,517.739990234375,512.5399780273438,515.5900268554688,20009300
2025-09-23,509.2300109863281,514.5900268554688,507.30999755859375,513.7999877929688,19799600
2025-09-24,510.1499938964844,512.47998046875,506.9200134277344,510.3800048828125,13533700
2025-09-25,507.0299987792969,510.010009765625,505.0400085449219,508.29998779296875,15786500
2025-09-26,511.4599914550781,513.9400024414062,506.6199951171875,510.05999755859375,16213100
2025-09-29,514.5999755859375,516.8499755859375,508.8800048828125,511.5,17617800
2025-09-30,517.9500122070312,518.1599731445312,509.6600036621094,513.239990234375,19728200
2025-10-01,519.7100219726562,520.510009765625,511.69000244140625,514.7999877929688,22632300
2025-10-02,515.739990234375,521.5999755859375,510.67999267578125,517.6400146484375,21222900
2025-10-03,517.3499755859375,520.489990234375,515.0,517.0999755859375,15112300
2025-10-06,528.5700073242188,531.030029296875,518.2000122070312,518.6099853515625,21388600
2025-10-07,523.97998046875,529.7999877929688,521.4400024414062,528.2899780273438,14615200
2025-10-08,524.8499755859375,526.9500122070312,523.0900268554688,523.280029296875,13363400
2025-10-09,522.4000244140625,524.3300170898438,517.4000244140625,522.3400268554688,18343600
2025-10-10,510.9599914550781,523.5800170898438,509.6300048828125,519.6400146484375,24133800
2025-10-13,514.0499877929688,516.4099731445312,511.67999267578125,516.4099731445312,14284200
2025-10-14,513.5700073242188,515.280029296875,506.0,510.2300109863281,14684300
2025-10-15,513.4299926757812,517.1900024414062,510.0,514.9600219726562,14694700
2025-10-16,511.6099853515625,516.8499755859375,508.1300048828125,512.5800170898438,15559600
2025-10-17,513.5800170898438,515.47998046875,507.30999755859375,509.0400085449219,19867800
2025-10-20,516.7899780273438,518.7000122070312,513.4299926757812,514.6099853515625,14665600
2025-10-21,517.6599731445312,518.6900024414062,513.0399780273438,517.5,15586200
2025-10-22,520.5399780273438,525.22998046875,517.7100219726562,521.1500244140625,18962700
2025-10-23,520.5599975585938,523.9500122070312,518.6099853515625,522.4600219726562,14023500
2025-10-24,523.6099853515625,525.3499755859375,520.7100219726562,522.7899780273438,15532400
2025-10-27,531.52001953125,534.5800170898438,529.010009765625,531.780029296875,18734700
2025-10-28,542.0700073242188,553.719970703125,540.77001953125,550.0,29986700
2025-10-29,541.5499877929688,546.27001953125,536.72998046875,544.9400024414062,36023000
2025-10-30,525.760009765625,534.969970703125,522.1199951171875,530.47998046875,41023100
2025-10-31,517.8099975585938,529.3200073242188,515.0999755859375,528.8800048828125,34006400
2025-11-03,517.030029296875,524.9600219726562,514.5900268554688,519.8099975585938,22374700
2025-11-04,514.3300170898438,515.5499877929688,507.8399963378906,511.760009765625,20958700
2025-11-06,497.8200988769531,505.70001220703125,497.2200927734375,505.3599853515625,7492393
