Date,Close,High,Low,Open,Volume
1995-09-18,9.377568244934082,9.377568244934082,9.377568244934082,9.377568244934082,1200
1995-09-19,9.466033935546875,9.466033935546875,9.466033935546875,9.466033935546875,12000
1995-09-20,9.64296817779541,9.64296817779541,9.64296817779541,9.64296817779541,7600
1995-09-21,9.731437683105469,9.731437683105469,9.731437683105469,9.731437683105469,43200
1995-09-22,9.112164497375488,9.112164497375488,9.112164497375488,9.112164497375488,49600
1995-09-25,9.554503440856934,9.554503440856934,9.554503440856934,9.554503440856934,7200
1995-09-26,9.908374786376953,9.908374786376953,9.908374786376953,9.908374786376953,8800
1995-09-27,9.908374786376953,9.908374786376953,9.908374786376953,9.908374786376953,0
1995-09-28,9.687202453613281,9.687202453613281,9.687202453613281,9.687202453613281,2800
1995-09-29,9.731437683105469,9.731437683105469,9.731437683105469,9.731437683105469,13600
1995-10-02,9.731437683105469,9.731437683105469,9.731437683105469,9.731437683105469,75600
1995-10-03,9.687202453613281,9.687202453613281,9.687202453613281,9.687202453613281,3600
1995-10-04,9.908374786376953,9.908374786376953,9.908374786376953,9.908374786376953,80400
1995-10-05,9.554503440856934,9.554503440856934,9.554503440856934,9.554503440856934,400
1995-10-06,9.377568244934082,9.377568244934082,9.377568244934082,9.377568244934082,1200
1995-10-09,9.466033935546875,9.466033935546875,9.466033935546875,9.466033935546875,4800
1995-10-10,8.890996932983398,8.890996932983398,8.890996932983398,8.890996932983398,10800
1995-10-11,8.979464530944824,8.979464530944824,8.979464530944824,8.979464530944824,2800
1995-10-12,9.112164497375488,9.112164497375488,9.112164497375488,9.112164497375488,2800
1995-10-13,9.554503440856934,9.554503440856934,9.554503440856934,9.554503440856934,16800
1995-10-16,9.466033935546875,9.466033935546875,9.466033935546875,9.466033935546875,3600
1995-10-17,9.554503440856934,9.554503440856934,9.554503440856934,9.554503440856934,101200
1995-10-18,8.66982650756836,8.66982650756836,8.66982650756836,8.66982650756836,465600
1995-10-19,8.758293151855469,8.758293151855469,8.758293151855469,8.758293151855469,22800
1995-10-20,8.758293151855469,8.758293151855469,8.758293151855469,8.758293151855469,10800
1995-10-23,8.625592231750488,8.625592231750488,8.625592231750488,8.625592231750488,5200
1995-10-24,8.66982650756836,8.66982650756836,8.66982650756836,8.66982650756836,6400
1995-10-25,8.935229301452637,8.935229301452637,8.935229301452637,8.935229301452637,5200
1995-10-26,8.758293151855469,8.758293151855469,8.758293151855469,8.758293151855469,30000
1995-10-27,8.492890357971191,8.492890357971191,8.492890357971191,8.492890357971191,25600
1995-10-30,8.935229301452637,8.935229301452637,8.935229301452637,8.935229301452637,2800
1995-10-31,9.15639591217041,9.15639591217041,9.15639591217041,9.15639591217041,22800
1995-11-01,9.02369499206543,9.02369499206543,9.02369499206543,9.02369499206543,7200
1995-11-02,9.02369499206543,9.02369499206543,9.02369499206543,9.02369499206543,98400
1995-11-03,9.200634956359863,9.200634956359863,9.200634956359863,9.200634956359863,68400
1995-11-06,9.333335876464844,9.333335876464844,9.333335876464844,9.333335876464844,10000
1995-11-07,9.554503440856934,9.554503440856934,9.554503440856934,9.554503440856934,4800
1995-11-08,9.576617240905762,9.576617240905762,9.576617240905762,9.576617240905762,2400
1995-11-09,9.466033935546875,9.466033935546875,9.466033935546875,9.466033935546875,22000
1995-11-10,9.333335876464844,9.333335876464844,9.333335876464844,9.333335876464844,34800
1995-11-13,9.466033935546875,9.466033935546875,9.466033935546875,9.466033935546875,7200
1995-11-14,9.466033935546875,9.466033935546875,9.466033935546875,9.466033935546875,13600
1995-11-15,9.687202453613281,9.687202453613281,9.687202453613281,9.687202453613281,73200
1995-11-16,9.554503440856934,9.554503440856934,9.554503440856934,9.554503440856934,16800
1995-11-17,9.731437683105469,9.731437683105469,9.731437683105469,9.731437683105469,1200
1995-11-20,9.554503440856934,9.554503440856934,9.554503440856934,9.554503440856934,44400
1995-11-21,9.576617240905762,9.576617240905762,9.576617240905762,9.576617240905762,20800
1995-11-22,9.466033935546875,9.466033935546875,9.466033935546875,9.466033935546875,45600
1995-11-24,9.554503440856934,9.554503440856934,9.554503440856934,9.554503440856934,6400
1995-11-27,9.598737716674805,9.598737716674805,9.598737716674805,9.598737716674805,9600
1995-11-28,9.731437683105469,9.731437683105469,9.731437683105469,9.731437683105469,20800
1995-11-29,9.554503440856934,9.554503440856934,9.554503440856934,9.554503440856934,68400
1995-11-30,9.488149642944336,9.488149642944336,9.488149642944336,9.488149642944336,6400
1995-12-01,9.466033935546875,9.466033935546875,9.466033935546875,9.466033935546875,21600
1995-12-04,9.554503440856934,9.554503440856934,9.554503440856934,9.554503440856934,2400
1995-12-05,9.64296817779541,9.64296817779541,9.64296817779541,9.64296817779541,136800
1995-12-06,9.687202453613281,9.687202453613281,9.687202453613281,9.687202453613281,3600
1995-12-07,9.576617240905762,9.576617240905762,9.576617240905762,9.576617240905762,1600
1995-12-08,9.753554344177246,9.753554344177246,9.753554344177246,9.753554344177246,8800
1995-12-11,9.819905281066895,9.819905281066895,9.819905281066895,9.819905281066895,16000
1995-12-12,9.864139556884766,9.864139556884766,9.864139556884766,9.864139556884766,18000
1995-12-13,9.88625717163086,9.88625717163086,9.88625717163086,9.88625717163086,96000
1995-12-14,9.819905281066895,9.819905281066895,9.819905281066895,9.819905281066895,15600
1995-12-15,9.908374786376953,9.908374786376953,9.908374786376953,9.908374786376953,6400
1995-12-18,8.935229301452637,8.935229301452637,8.935229301452637,8.935229301452637,79200
1995-12-19,9.02369499206543,9.02369499206543,9.02369499206543,9.02369499206543,16800
1995-12-20,9.045814514160156,9.045814514160156,9.045814514160156,9.045814514160156,39600
1995-12-21,9.134283065795898,9.134283065795898,9.134283065795898,9.134283065795898,55200
1995-12-22,9.02369499206543,9.02369499206543,9.02369499206543,9.02369499206543,11200
1995-12-26,9.112164497375488,9.112164497375488,9.112164497375488,9.112164497375488,4800
1995-12-27,9.045814514160156,9.045814514160156,9.045814514160156,9.045814514160156,1200
1995-12-28,9.045814514160156,9.045814514160156,9.045814514160156,9.045814514160156,2400
1995-12-29,9.045814514160156,9.045814514160156,9.045814514160156,9.045814514160156,2800
1996-01-02,9.399685859680176,9.399685859680176,9.399685859680176,9.399685859680176,9600
1996-01-03,9.64296817779541,9.64296817779541,9.64296817779541,9.64296817779541,6400
1996-01-04,9.466033935546875,9.466033935546875,9.466033935546875,9.466033935546875,43600
1996-01-05,9.377568244934082,9.377568244934082,9.377568244934082,9.377568244934082,1600
1996-01-08,9.200634956359863,9.200634956359863,9.200634956359863,9.200634956359863,1200
1996-01-09,9.687202453613281,9.687202453613281,9.687202453613281,9.687202453613281,8400
1996-01-10,9.112164497375488,9.112164497375488,9.112164497375488,9.112164497375488,14400
1996-01-11,9.112164497375488,9.289099730334236,8.935229264416742,9.112164497375488,193200
1996-01-12,9.112164497375488,9.112164497375488,9.112164497375488,9.112164497375488,31200
1996-01-15,9.15639591217041,9.15639591217041,9.15639591217041,9.15639591217041,33600
1996-01-16,8.979464530944824,8.979464530944824,8.979464530944824,8.979464530944824,9600
1996-01-17,8.647709846496582,8.647709846496582,8.647709846496582,8.647709846496582,10800
1996-01-18,8.66982650756836,8.66982650756836,8.66982650756836,8.66982650756836,2400
1996-01-19,9.045814514160156,9.045814514160156,9.045814514160156,9.045814514160156,64000
1996-01-22,9.15639591217041,9.15639591217041,9.15639591217041,9.15639591217041,3600
1996-01-23,9.02369499206543,9.02369499206543,9.02369499206543,9.02369499206543,50400
1996-01-24,9.289101600646973,9.289101600646973,9.289101600646973,9.289101600646973,6000
1996-01-25,9.244863510131836,9.244863510131836,9.244863510131836,9.244863510131836,21600
1996-01-26,9.244863510131836,9.244863510131836,9.244863510131836,9.244863510131836,0
1996-01-29,9.02369499206543,9.02369499206543,9.02369499206543,9.02369499206543,8800
1996-01-30,9.112164497375488,9.112164497375488,9.112164497375488,9.112164497375488,97200
1996-01-31,8.758293151855469,8.758293151855469,8.758293151855469,8.758293151855469,25600
1996-02-01,8.625592231750488,8.625592231750488,8.625592231750488,8.625592231750488,33600
1996-02-02,8.802528381347656,8.802528381347656,8.802528381347656,8.802528381347656,6400
1996-02-05,8.758293151855469,8.758293151855469,8.758293151855469,8.758293151855469,32400
1996-02-06,8.691941261291504,8.691941261291504,8.691941261291504,8.691941261291504,62800
1996-02-07,8.691941261291504,8.691941261291504,8.691941261291504,8.691941261291504,0
1996-02-08,8.691941261291504,8.691941261291504,8.691941261291504,8.691941261291504,0
1996-02-09,9.466033935546875,9.466033935546875,9.289098721798334,9.289098721798334,10800
1996-02-12,9.200634956359863,9.200634956359863,9.200634956359863,9.200634956359863,13200
1996-02-13,9.311217308044434,9.311217308044434,9.311217308044434,9.311217308044434,13200
1996-02-14,9.355451583862305,9.355451583862305,9.355451583862305,9.355451583862305,6400
1996-02-15,9.112164497375488,9.112164497375488,9.112164497375488,9.112164497375488,9600
1996-02-16,9.200634956359863,9.200634956359863,9.200634956359863,9.200634956359863,13200
1996-02-20,8.846761703491211,8.846761703491211,8.846761703491211,8.846761703491211,12000
1996-02-21,9.200634956359863,9.200634956359863,9.200634956359863,9.200634956359863,400
1996-02-22,9.333335876464844,9.333335876464844,9.333335876464844,9.333335876464844,13600
1996-02-23,9.399685859680176,9.399685859680176,9.399685859680176,9.399685859680176,40800
1996-02-26,9.15639591217041,9.15639591217041,9.15639591217041,9.15639591217041,2400
1996-02-27,9.200634956359863,9.200634956359863,9.200634956359863,9.200634956359863,25200
1996-02-28,9.200634956359863,9.200634956359863,9.200634956359863,9.200634956359863,0
1996-02-29,9.15639591217041,9.15639591217041,9.15639591217041,9.15639591217041,3600
1996-03-01,9.311217308044434,9.311217308044434,9.311217308044434,9.311217308044434,4800
1996-03-04,8.979464530944824,8.979464530944824,8.979464530944824,8.979464530944824,8400
1996-03-05,8.824642181396484,8.824642181396484,8.824642181396484,8.824642181396484,3600
1996-03-06,8.581358909606934,8.581358909606934,8.581358909606934,8.581358909606934,1200
1996-03-07,8.492890357971191,8.492890357971191,8.492890357971191,8.492890357971191,7200
1996-03-08,8.050554275512695,8.050554275512695,8.050554275512695,8.050554275512695,70800
1996-03-11,8.094786643981934,8.094786643981934,8.094786643981934,8.094786643981934,43200
1996-03-12,8.315956115722656,8.315956115722656,8.315956115722656,8.315956115722656,47200
1996-03-13,8.625592231750488,8.625592231750488,8.625592231750488,8.625592231750488,135600
1996-03-14,8.691941261291504,8.691941261291504,8.691941261291504,8.691941261291504,52800
1996-03-15,8.625592231750488,8.625592231750488,8.625592231750488,8.625592231750488,54000
1996-03-18,8.515009880065918,8.515009880065918,8.515009880065918,8.515009880065918,24400
1996-03-19,8.581358909606934,8.581358909606934,8.581358909606934,8.581358909606934,51600
1996-03-20,8.448659896850586,8.448659896850586,8.448659896850586,8.448659896850586,13200
1996-03-21,8.33807373046875,8.33807373046875,8.33807373046875,8.33807373046875,7200
1996-03-22,8.094786643981934,8.094786643981934,8.094786643981934,8.094786643981934,34000
1996-03-25,8.66982650756836,8.66982650756836,8.66982650756836,8.66982650756836,56400
1996-03-26,8.581358909606934,8.581358909606934,8.581358909606934,8.581358909606934,5200
1996-03-27,8.492890357971191,8.492890357971191,8.492890357971191,8.492890357971191,10800
1996-03-28,8.581358909606934,8.581358909606934,8.581358909606934,8.581358909606934,1600
1996-03-29,8.537126541137695,8.537126541137695,8.537126541137695,8.537126541137695,103600
1996-04-01,8.315956115722656,8.315956115722656,8.315956115722656,8.315956115722656,3600
1996-04-02,8.094786643981934,8.094786643981934,8.094786643981934,8.094786643981934,116400
1996-04-03,7.608212471008301,7.608212471008301,7.608212471008301,7.608212471008301,3600
1996-04-04,7.8736186027526855,7.8736186027526855,7.8736186027526855,7.8736186027526855,40800
1996-04-08,7.8736186027526855,7.8736186027526855,7.851501696565178,7.8736186027526855,146800
1996-04-09,7.519747257232666,7.519747257232666,7.519747257232666,7.519747257232666,202800
1996-04-10,7.364930152893066,7.364930152893066,7.364930152893066,7.364930152893066,217200
1996-04-11,7.033175468444824,7.033175468444824,7.033175468444824,7.033175468444824,56800
1996-04-12,7.696680545806885,7.696680545806886,7.696680545806886,7.696680545806886,109200
1996-04-15,7.740916728973389,7.740916728973389,7.740916728973389,7.740916728973389,64000
1996-04-16,7.563980579376221,7.563980579376221,7.563980579376221,7.563980579376221,328800
1996-04-17,7.7187981605529785,7.7187981605529785,7.7187981605529785,7.7187981605529785,127600
1996-04-18,8.050554275512695,8.050554275512695,8.050554275512695,8.050554275512695,53200
1996-04-19,8.094786643981934,8.094786643981934,8.094786643981934,8.094786643981934,9600
1996-04-22,7.8736186027526855,7.8736186027526855,7.8736186027526855,7.8736186027526855,272800
1996-04-23,7.962086200714111,7.962086200714111,7.962086200714111,7.962086200714111,6000
1996-04-24,7.91785192489624,7.91785192489624,7.91785192489624,7.91785192489624,46000
1996-04-25,7.807265758514404,7.807265758514405,7.807265758514405,7.807265758514405,32400
1996-04-26,7.785150051116943,7.785150051116943,7.785150051116943,7.785150051116943,26400
1996-04-29,7.785150051116943,7.785150051116943,7.785150051116943,7.785150051116943,4000
1996-04-30,7.785150051116943,7.785150051116943,7.785150051116943,7.785150051116943,1021200
1996-05-01,7.962086200714111,7.962086200714111,7.962086200714111,7.962086200714111,25200
1996-05-02,7.8736186027526855,7.8736186027526855,7.8736186027526855,7.8736186027526855,252000
1996-05-03,7.91785192489624,7.91785192489624,7.91785192489624,7.91785192489624,1200
1996-05-06,7.8736186027526855,7.8736186027526855,7.8736186027526855,7.8736186027526855,12000
1996-05-07,7.91785192489624,7.91785192489624,7.91785192489624,7.91785192489624,4800
1996-05-08,8.139021873474121,8.139021873474121,8.139021873474121,8.139021873474121,2400
1996-05-09,7.807265758514404,7.807265758514405,7.807265758514405,7.807265758514405,8400
1996-05-10,7.696680545806885,7.696680545806886,7.696680545806886,7.696680545806886,1200
1996-05-13,7.962086200714111,7.962086200714111,7.962086200714111,7.962086200714111,16800
1996-05-14,7.98420524597168,7.98420524597168,7.98420524597168,7.98420524597168,16800
1996-05-15,7.91785192489624,7.91785192489624,7.91785192489624,7.91785192489624,22000
1996-05-16,7.98420524597168,7.98420524597168,7.98420524597168,7.98420524597168,54400
1996-05-17,8.050554275512695,8.050554275512695,7.939969738761147,7.962086646111457,400000
1996-05-20,8.006319046020508,8.050552852904598,7.89573452881028,8.006319046020508,2080000
1996-05-21,7.91785192489624,7.962085734532532,7.740916686351073,7.91785192489624,5200
1996-05-22,7.696680545806885,7.8736157307679635,7.696680545806886,7.696680545806886,38400
1996-05-23,7.785150051116943,7.962085279551419,7.785150051116943,7.785150051116943,6400
1996-05-24,7.91785192489624,7.91785192489624,7.785150495987365,7.91785192489624,2000
1996-05-28,7.962086200714111,7.962086200714111,7.962086200714111,7.962086200714111,2000
1996-05-29,7.962086200714111,7.962086200714111,7.962086200714111,7.962086200714111,1600
1996-05-30,7.91785192489624,7.91785192489624,7.91785192489624,7.91785192489624,400
1996-05-31,8.050554275512695,8.205372626964863,8.050554275512695,8.050554275512695,9600
1996-06-03,8.581358909606934,8.581358909606934,8.315956056732492,8.581358909606934,3600
1996-06-04,8.537126541137695,8.537126541137695,8.315957459761071,8.537126541137695,32800
1996-06-05,8.846761703491211,8.846761703491211,8.559241948127747,8.846761703491211,13200
1996-06-06,8.71406078338623,8.71406078338623,8.647710066761462,8.71406078338623,16000
1996-06-07,8.515009880065918,8.669828241521662,8.360191518610174,8.515009880065918,1002000
1996-06-10,8.71406078338623,8.71406078338623,8.669826972303053,8.71406078338623,22400
1996-06-11,8.66982650756836,8.758294124992526,8.66982650756836,8.66982650756836,59200
1996-06-12,8.71406078338623,8.75829459446941,8.669826972303053,8.71406078338623,12400
1996-06-13,8.66982650756836,8.66982650756836,8.40442365529586,8.66982650756836,1200
1996-06-14,8.581358909606934,8.581358909606934,8.49289129198212,8.581358909606934,7200
1996-06-17,8.71406078338623,8.71406078338623,8.71406078338623,8.71406078338623,400
1996-06-18,8.603476524353027,8.647710336817568,8.581359618120757,8.603476524353027,21200
1996-06-19,8.581358909606934,8.758294144856562,8.581358909606934,8.581358909606934,2800
1996-06-20,8.625592231750488,8.625592231750488,8.625592231750488,8.625592231750488,2400
1996-06-21,8.625592231750488,8.802527457017165,8.625592231750488,8.625592231750488,4000
1996-06-24,8.802528381347656,8.802528381347656,8.669826948463017,8.802528381347656,4400
1996-06-25,8.802528381347656,8.802528381347656,8.802528381347656,8.802528381347656,0
1996-06-26,8.802528381347656,8.802528381347656,8.625593137501472,8.802528381347656,6400
1996-06-27,8.581358909606934,8.714060336044154,8.581358909606934,8.581358909606934,6800
1996-06-28,8.846761703491211,8.846761703491211,8.846761703491211,8.846761703491211,800
1996-07-01,8.846761703491211,8.846761703491211,8.846761703491211,8.846761703491211,0
1996-07-02,8.758293151855469,8.935228367044468,8.758293151855469,8.758293151855469,12400
1996-07-03,9.02369499206543,9.02369499206543,8.846759796142578,9.02369499206543,11600
1996-07-05,9.02369499206543,9.02369499206543,9.02369499206543,9.02369499206543,0
1996-07-08,8.71406078338623,8.890996027718947,8.71406078338623,8.71406078338623,2000
1996-07-09,8.846761703491211,8.846761703491211,8.714060277938843,8.846761703491211,2400
1996-07-10,8.846761703491211,9.023696937561036,8.846761703491211,8.846761703491211,4400
1996-07-11,8.71406078338623,8.890996027718947,8.71406078338623,8.71406078338623,10800
1996-07-12,8.448659896850586,8.758296646996943,8.426542986125847,8.448659896850586,43600
1996-07-15,8.006319046020508,8.404423307977329,8.006319046020508,8.006319046020508,14000
1996-07-16,7.8736186027526855,8.00632003987773,7.8736186027526855,7.8736186027526855,50400
1996-07-17,8.22748851776123,8.22748851776123,8.050553280820129,8.22748851776123,308400
1996-07-18,8.271721839904785,8.271721839904785,8.05055280675225,8.271721839904785,4400
1996-07-19,8.33807373046875,8.581359701384285,8.33807373046875,8.33807373046875,6800
1996-07-22,8.492890357971191,8.846760789553326,8.492890357971191,8.492890357971191,4800
1996-07-23,8.581358909606934,8.603475814013137,8.49289129198212,8.581358909606934,48400
1996-07-24,8.581358909606934,8.581358909606934,8.581358909606934,8.581358909606934,0
1996-07-25,8.492890357971191,8.492890357971191,8.227487534284592,8.492890357971191,7200
1996-07-26,8.404423713684082,8.581358949761642,8.404423713684082,8.404423713684082,4000
1996-07-29,8.448659896850586,8.448659896850586,8.448659896850586,8.448659896850586,3600
1996-07-30,8.426541328430176,8.426541328430176,8.426541328430176,8.426541328430176,160000
1996-07-31,8.492890357971191,8.492890357971191,8.492890357971191,8.492890357971191,2800
1996-08-01,8.66982650756836,8.758294124992526,8.66982650756836,8.66982650756836,18400
1996-08-02,9.112164497375488,9.244865922094549,8.846761647937369,9.112164497375488,13200
1996-08-05,8.979464530944824,9.200633608061692,8.93523071552145,8.979464530944824,20400
1996-08-06,8.846761703491211,9.112164554595948,8.846761703491211,8.846761703491211,112400
1996-08-07,9.289101600646973,9.289101600646973,9.156400149209158,9.289101600646973,57600
1996-08-08,9.067931175231934,9.244866417675484,9.023697364621045,9.067931175231934,70800
1996-08-09,9.200634956359863,9.289102600171017,9.023699668737558,9.200634956359863,998000
1996-08-12,9.244863510131836,9.289097306831032,9.067928323335055,9.244863510131836,26000
1996-08-13,9.355451583862305,9.355451583862305,9.200633236138815,9.355451583862305,5600
1996-08-14,9.333335876464844,9.333335876464844,9.200634418505627,9.333335876464844,26800
1996-08-15,9.112164497375488,9.289099730334236,9.112164497375488,9.112164497375488,2800
1996-08-16,9.244863510131836,9.244863510131836,9.244863510131836,9.244863510131836,800
1996-08-19,9.289101600646973,9.466036869230724,9.289101600646973,9.289101600646973,8800
1996-08-20,9.421799659729004,9.421799659729004,9.421799659729004,9.421799659729004,2000
1996-08-21,9.510269165039062,9.510269165039062,9.244866304619368,9.510269165039062,4400
1996-08-22,9.289101600646973,9.377569234938848,9.200633966355097,9.289101600646973,72000
1996-08-23,9.421799659729004,9.466033460948388,9.200630653632079,9.421799659729004,55600
1996-08-26,9.466033935546875,9.466033935546875,9.289098721798334,9.466033935546875,101600
1996-08-27,9.554503440856934,9.642971065309313,9.377568191952175,9.554503440856934,20000
1996-08-28,9.466033935546875,9.68720295273255,9.466033935546875,9.466033935546875,20000
1996-08-29,9.775672912597656,9.842023633723885,9.775672912597656,9.775672912597656,241200
1996-08-30,9.819905281066895,9.819905281066895,9.554502435632655,9.819905281066895,2800
1996-09-03,9.466033935546875,9.554501542421145,9.200631114924064,9.466033935546875,15200
1996-09-04,9.598737716674805,9.598737716674805,9.421802459224578,9.598737716674805,5600
1996-09-05,9.554503440856934,9.731438689761692,9.554503440856934,9.554503440856934,4800
1996-09-06,9.64296817779541,9.775669574737549,9.377565383911133,9.64296817779541,18800
1996-09-09,9.731437683105469,9.775671490755949,9.68720387545499,9.731437683105469,40000
1996-09-10,9.731437683105469,9.864139106056907,9.554502452503552,9.731437683105469,12400
1996-09-11,9.819905281066895,9.819905281066895,9.6429700507774,9.819905281066895,4800
1996-09-12,9.775672912597656,9.775672912597656,9.598737656261047,9.775672912597656,29200
1996-09-13,10.129542350769043,10.129542350769043,9.642970447456992,10.129542350769043,40800
1996-09-16,10.085309028625488,10.151659745919078,9.908373782509253,10.085309028625488,68000
1996-09-17,10.17377758026123,10.17377758026123,9.996842317995817,10.17377758026123,84800
1996-09-18,10.17377758026123,10.17377758026123,9.996842317995817,10.17377758026123,12400
1996-09-19,10.107425689697266,10.21801021584275,10.041074974009975,10.107425689697266,200000
1996-09-20,10.240124702453613,10.30647540246951,10.085306402416517,10.240124702453613,53600
1996-09-23,10.085309028625488,10.195893557448137,9.996841405567372,10.085309028625488,300000
1996-09-24,10.151659965515137,10.17377687175809,9.99684162181447,10.151659965515137,47200
1996-09-25,10.17377758026123,10.17377758026123,10.17377758026123,10.17377758026123,4800
1996-09-26,9.930490493774414,10.126778028590111,9.886256683111721,9.930490493774414,82400
1996-09-27,10.041074752807617,10.041074752807617,9.996840943323884,10.041074752807617,13200
1996-09-30,10.041074752807617,10.041074752807617,9.996840943323884,10.041074752807617,27200
1996-10-01,10.041074752807617,10.041074752807617,9.908373324356415,10.041074752807617,76800
1996-10-02,10.350709915161133,10.350709915161133,10.151657801408033,10.350709915161133,15600
1996-10-03,10.218010902404785,10.328595435980594,10.218010902404785,10.218010902404785,202000
1996-10-04,10.350709915161133,10.43917752127362,10.262242309048645,10.350709915161133,314400
1996-10-07,10.793046951293945,10.837280750274658,10.616111755371094,10.793046951293945,65600
1996-10-08,10.748815536499023,10.837283154083378,10.616114110122492,10.748815536499023,23600
1996-10-09,10.505528450012207,10.571879156012285,10.350710136012028,10.505528450012207,272800
1996-10-10,10.306476593017578,10.43917800837832,10.19589208021696,10.306476593017578,104400
1996-10-11,10.439177513122559,10.483411316144265,10.262242301035736,10.439177513122559,15200
1996-10-14,10.48341178894043,10.527645593957056,10.306476568873924,10.48341178894043,7200
1996-10-15,10.660348892211914,10.704582705042668,10.52764745371965,10.660348892211914,58800
1996-10-16,10.660348892211914,10.660348892211914,10.372829108812008,10.660348892211914,12400
1996-10-17,10.748815536499023,10.748815536499023,10.616114110122492,10.748815536499023,10400
1996-10-18,10.925748825073242,10.925748825073242,10.704579820517104,10.925748825073242,67200
1996-10-21,10.660348892211914,10.837284143534934,10.61611507938116,10.660348892211914,56400
1996-10-22,8.846761703491211,10.748815469741821,8.40442361831665,8.846761703491211,274800
1996-10-23,8.404423713684082,8.537125140742251,8.139020859567742,8.404423713684082,438800
1996-10-24,8.22748851776123,8.581358991643434,8.13902089929068,8.22748851776123,137200
1996-10-25,8.448659896850586,8.492893718300065,8.22749078960319,8.448659896850586,275600
1996-10-28,8.426541328430176,8.669827298542332,8.404424422056342,8.426541328430176,82000
1996-10-29,8.349130630493164,8.581358104983702,8.315955276994515,8.349130630493164,13600
1996-10-30,8.183255195617676,8.4928918786951,7.87361851254025,8.183255195617676,29200
1996-10-31,8.050554275512695,8.050554275512695,7.696683757907742,8.050554275512695,173200
1996-11-01,7.431279182434082,7.475512987091428,7.342811573119391,7.431279182434082,32000
1996-11-04,7.519747257232666,7.608214872023638,7.34281202765072,7.519747257232666,20000
1996-11-05,7.696680545806885,7.785148138287425,7.519745360845808,7.696680545806886,224000
1996-11-06,7.906792640686035,8.24960462930319,7.906792640686034,7.906792640686034,518800
1996-11-07,8.183255195617676,8.183255195617676,7.962086136276658,8.183255195617676,53200
1996-11-08,8.22748851776123,8.315956136231781,8.094787090055403,8.22748851776123,20000
1996-11-11,8.183255195617676,8.36019044309049,8.183255195617676,8.183255195617676,3200
1996-11-12,8.492890357971191,8.581357965866726,8.315955142180126,8.492890357971191,8800
1996-11-13,8.22748851776123,8.404423754702332,8.22748851776123,8.22748851776123,25200
1996-11-14,8.360191345214844,8.581360428421586,8.315957528573495,8.360191345214844,92800
1996-11-15,8.581358909606934,8.581358909606934,8.315956056732492,8.581358909606934,16800
1996-11-18,8.404423713684082,8.581358949761642,8.227488477606522,8.404423713684082,7200
1996-11-19,8.22748851776123,8.22748851776123,8.050553280820129,8.22748851776123,2800
1996-11-20,8.006319046020508,8.161137370114828,8.006319046020508,8.006319046020508,4400
1996-11-21,8.183255195617676,8.183255195617676,8.006319948144862,8.183255195617676,147200
1996-11-22,7.829382419586182,7.96208381652832,7.696681022644043,7.829382419586182,17200
1996-11-25,8.094786643981934,8.094786643981934,7.962085223588788,8.094786643981934,13600
1996-11-26,8.094786643981934,8.094786643981934,7.917851416791072,8.094786643981934,10400
1996-11-27,8.139021873474121,8.139021873474121,7.917852800825368,8.139021873474121,146400
1996-11-29,8.22748851776123,8.22748851776123,8.050553280820129,8.22748851776123,6800
1996-12-02,8.094786643981934,8.205371160976222,8.094786643981934,8.094786643981934,25600
1996-12-03,8.315956115722656,8.315956115722656,8.094787070091733,8.315956115722656,10400
1996-12-04,8.249605178833008,8.271722082797709,8.09478685108011,8.249605178833008,5200
1996-12-05,8.315956115722656,8.315956115722656,8.139020879217918,8.315956115722656,2800
1996-12-06,8.360191345214844,8.360191345214844,8.139022262008101,8.360191345214844,11200
1996-12-09,8.183255195617676,8.404424254958695,8.183255195617676,8.183255195617676,64400
1996-12-10,8.271721839904785,8.404423259796305,8.139020420013264,8.271721839904785,31600
1996-12-11,8.183255195617676,8.315956631222287,8.094787571881268,8.183255195617676,102000
1996-12-12,8.050554275512695,8.116904997563624,7.962086646111457,8.050554275512695,88400
1996-12-13,7.91785192489624,8.072670258623262,7.91785192489624,7.91785192489624,3600
1996-12-16,7.962086200714111,8.09478763739268,7.917852388487922,7.962086200714111,20800
1996-12-17,7.696680545806885,7.829381934527694,7.652446749566616,7.696680545806886,13600
1996-12-18,7.740916728973389,7.851501253673009,7.740916728973389,7.740916728973389,48400
1996-12-19,7.851500034332275,7.962084541858082,7.696681723796146,7.8515000343322745,42000
1996-12-20,7.91785192489624,8.094787163441408,7.91785192489624,7.91785192489624,8000
1996-12-23,8.072671890258789,8.22749025527745,7.873619706663367,8.072671890258789,19600
1996-12-24,8.050554275512695,8.116904997563624,8.006320460812075,8.050554275512695,77600
1996-12-26,8.315956115722656,8.36018992484884,8.05055326096555,8.315956115722656,245600
1996-12-27,8.050554275512695,8.183255719614554,8.006320460812075,8.050554275512695,5600
1996-12-30,8.050554275512695,8.227489534315172,7.962086646111457,8.050554275512695,7600
1996-12-31,8.22748851776123,8.22748851776123,8.006319471584852,8.22748851776123,29200
1997-01-02,8.139021873474121,8.139021873474121,7.962086615355118,8.139021873474121,3600
1997-01-03,8.050554275512695,8.050554275512695,7.873619016710219,8.050554275512695,11600
1997-01-06,8.072671890258789,8.072671890258789,8.006321162393649,8.072671890258789,13600
1997-01-07,8.072671890258789,8.22749025527745,8.006321162393649,8.072671890258789,328400
1997-01-08,8.183255195617676,8.227489007485879,8.050553760013065,8.183255195617676,22400
1997-01-09,8.448659896850586,8.603478271923764,8.315958432502148,8.448659896850586,28800
1997-01-10,8.404423713684082,8.492891331722863,8.315956095645301,8.404423713684082,2400
1997-01-13,8.271721839904785,8.448657066426811,8.271721839904785,8.271721839904785,5200
1997-01-14,8.382307052612305,8.448657768068339,8.271722526852248,8.382307052612305,25200
1997-01-15,8.492890357971191,8.515007259945076,8.271721338232359,8.492890357971191,10800
1997-01-16,8.66982650756836,8.66982650756836,8.492891272720026,8.66982650756836,4400
1997-01-17,8.758293151855469,8.758293151855469,8.58135793666647,8.758293151855469,16000
1997-01-20,8.71406078338623,8.802528405552588,8.537125539053516,8.71406078338623,26400
1997-01-21,8.581358909606934,8.581358909606934,8.271722247920087,8.581358909606934,12400
1997-01-22,8.603476524353027,8.669827243049838,8.537125805656217,8.603476524353027,12400
1997-01-23,8.448659896850586,8.625595182648505,8.448659896850586,8.448659896850586,16000
1997-01-24,8.448659896850586,8.581361361199024,8.183256968153708,8.448659896850586,18400
1997-01-27,8.183255195617676,8.404424254958695,8.183255195617676,8.183255195617676,13200
1997-01-28,8.271721839904785,8.315955646535292,8.139020420013264,8.271721839904785,12000
1997-01-29,8.271721839904785,8.271721839904785,7.785149966969209,8.271721839904785,29200
1997-01-30,8.050554275512695,8.094788090213315,7.873619016710219,8.050554275512695,23600
1997-01-31,7.536335468292236,8.050552794644167,7.536335468292235,8.050552794644167,641600
1997-02-03,9.112164497375488,9.156398305615175,8.935229264416742,9.112164497375488,20400
1997-02-04,9.067931175231934,9.067931175231934,8.890995932788384,9.067931175231934,45200
1997-02-05,9.067931175231934,9.200632607064595,8.93522974339927,9.067931175231934,21600
1997-02-06,9.067931175231934,9.067931175231934,8.846762122177495,9.067931175231934,772800
1997-02-07,9.112164497375488,9.112164497375488,8.935229264416742,9.112164497375488,10800
1997-02-10,9.02369499206543,9.200630187988281,9.02369499206543,9.02369499206543,4800
1997-02-11,8.979464530944824,9.289101238908438,8.890996900098077,8.979464530944824,5600
1997-02-12,9.02369499206543,9.067928791046143,9.001578092575073,9.02369499206543,11200
1997-02-13,8.935229301452637,9.11216453514477,8.935229301452637,8.935229301452637,18000
1997-02-14,9.02369499206543,9.067928791046143,8.935227394104004,9.02369499206543,8800
1997-02-18,9.112164497375488,9.112164497375488,8.935229264416742,9.112164497375488,734400
1997-02-19,9.02369499206543,9.090045690536499,8.846759796142578,9.02369499206543,7200
1997-02-20,8.979464530944824,8.979464530944824,8.824646176963018,8.979464530944824,30000
1997-02-21,8.846761703491211,8.935229320526123,8.714060277938843,8.846761703491211,18800
1997-02-24,8.979464530944824,8.979464530944824,8.758295453827957,8.979464530944824,6800
1997-02-25,9.15639591217041,9.15639591217041,9.023694522138955,9.15639591217041,5600
1997-02-26,9.02369499206543,9.222747087478638,9.02369499206543,9.02369499206543,34000
1997-02-27,9.200634956359863,9.289102600171017,9.112167312548712,9.200634956359863,3600
1997-02-28,9.02369499206543,9.200630187988281,8.913110494613647,9.02369499206543,30400
1997-03-03,9.112164497375488,9.112164497375488,8.935229264416742,9.112164497375488,7600
1997-03-04,9.289101600646973,9.289101600646973,9.156400149209158,9.289101600646973,4800
1997-03-05,9.289101600646973,9.421803052084787,9.244867783501034,9.289101600646973,11200
1997-03-06,9.466033935546875,9.510267738984009,9.33333252523547,9.466033935546875,176000
1997-03-07,9.333335876464844,9.46603733442406,9.333335876464844,9.333335876464844,18000
1997-03-10,9.488149642944336,9.51026654187894,9.42179894614053,9.488149642944336,2000
1997-03-11,9.554503440856934,9.77567250198788,9.554503440856934,9.554503440856934,15600
1997-03-12,9.731437683105469,9.731437683105469,9.554502452503552,9.731437683105469,9600
1997-03-13,9.421799659729004,9.554501063387159,9.377565858509618,9.421799659729004,116800
1997-03-14,9.819905281066895,9.908372896211642,9.598736243205028,9.819905281066895,132400
1997-03-17,9.797789573669434,9.819906480156272,9.687205041235242,9.797789573669434,33600
1997-03-18,9.775672912597656,9.952608168934265,9.687205284429352,9.775672912597656,28800
1997-03-19,9.554503440856934,9.731438689761692,9.554503440856934,9.554503440856934,15200
1997-03-20,9.244863510131836,9.333331103530227,9.156395916733445,9.244863510131836,40400
1997-03-21,9.244863510131836,9.377564900229423,9.244863510131836,9.244863510131836,2800
1997-03-24,9.731437683105469,9.731437683105469,9.554502452503552,9.731437683105469,6400
1997-03-25,9.665087699890137,9.775672227348833,9.598736983414918,9.665087699890137,79600
1997-03-26,9.554503440856934,9.86414012644026,9.554503440856934,9.554503440856934,17600
1997-03-27,9.952607154846191,10.085308583577474,9.908373345269098,9.952607154846191,12800
1997-03-31,9.996842384338379,10.041076200198283,9.90837475261857,9.996842384338379,12800
1997-04-01,9.510269165039062,9.59873678517896,9.466035354969113,9.510269165039062,5200
1997-04-02,9.62085247039795,9.62085247039795,9.59873556816715,9.62085247039795,7600
1997-04-03,9.289101600646973,9.289101600646973,9.289101600646973,9.289101600646973,2000
1997-04-04,9.421799659729004,9.598734864606543,9.421799659729004,9.421799659729004,22400
1997-04-07,9.819905281066895,9.819905281066895,9.731437665922147,9.819905281066895,6000
1997-04-08,9.908374786376953,9.908374786376953,9.731439522334506,9.908374786376953,47600
1997-04-09,9.842020034790039,9.99683832747213,9.842020034790039,9.842020034790039,426400
1997-04-10,9.819905281066895,9.996840511356389,9.753554569708335,9.819905281066895,28800
1997-04-11,9.62085247039795,9.819904590475149,9.48815105701315,9.62085247039795,20000
1997-04-14,9.576617240905762,9.64296793772497,9.510266544086553,9.576617240905762,49600
1997-04-15,9.64296817779541,9.864137172698975,9.598734378814697,9.64296817779541,83200
1997-04-16,9.731437683105469,9.731437683105469,9.731437683105469,9.731437683105469,58400
1997-04-17,9.687202453613281,9.864137658245488,9.64296865245523,9.687202453613281,271200
1997-04-18,9.908374786376953,9.908374786376953,9.642971890313284,9.908374786376953,155600
1997-04-21,10.17377758026123,10.218011395827583,10.041076133562171,10.17377758026123,18800
1997-04-22,10.350709915161133,10.394943718217377,10.173774702936155,10.350709915161133,20400
1997-04-23,10.306476593017578,10.394944203258072,10.12954137253659,10.306476593017578,40800
1997-04-24,10.704581260681152,10.793048874405791,10.571879840094196,10.704581260681152,23600
1997-04-25,10.571878433227539,10.70457983615508,10.571878433227539,10.571878433227539,10800
1997-04-28,10.527647018432617,10.726699167940797,10.527647018432617,10.527647018432617,6400
1997-04-29,10.793046951293945,10.837280750274658,10.660345554351807,10.793046951293945,148800
1997-04-30,10.881516456604004,10.881516456604004,10.616113616199028,10.881516456604004,834000
1997-05-01,10.748815536499023,10.96998458045991,10.66034791891467,10.748815536499023,25200
1997-05-02,11.21327018737793,11.21327018737793,10.925750438983624,11.21327018737793,46000
1997-05-05,11.146917343139648,11.235384941101074,10.903631448745728,11.146917343139648,7600
1997-05-06,11.146917343139648,11.146917343139648,11.146917343139648,11.146917343139648,0
1997-05-07,10.925748825073242,10.96998262598447,10.925748825073242,10.925748825073242,46400
1997-05-08,10.925748825073242,11.058450227806926,10.57187841778342,10.925748825073242,8400
1997-05-09,11.323853492736816,11.323853492736816,11.146918281912804,11.323853492736816,1600
1997-05-12,11.323853492736816,11.36808729544282,11.191152084618807,11.323853492736816,5200
1997-05-13,11.456554412841797,11.50078821366358,11.412320612020014,11.456554412841797,11600
1997-05-14,11.47867488861084,11.500791795910668,11.279622722912386,11.47867488861084,90000
1997-05-15,11.27685832977295,11.456558205094167,11.235389127775745,11.27685832977295,137600
1997-05-16,11.12480354309082,11.235388071352162,11.01421901482948,11.12480354309082,323200
1997-05-19,11.058449745178223,11.146917343139648,11.01421594619751,11.058449745178223,3600
1997-05-20,11.058449745178223,11.102683544158936,10.748813152313232,11.058449745178223,28000
1997-05-21,11.191150665283203,11.368085853667127,11.191150665283203,11.191150665283203,2800
1997-05-22,11.279617309570312,11.323851102941177,11.102682136086857,11.279617309570312,40000
1997-05-23,11.102685928344727,11.27962116226257,11.102685928344727,11.102685928344727,8800
1997-05-27,11.191150665283203,11.191150665283203,10.947864781255308,11.191150665283203,21600
1997-05-28,10.881516456604004,11.102685490274817,10.881516456604004,10.881516456604004,17600
1997-05-29,10.881516456604004,11.058451683540655,10.881516456604004,10.881516456604004,4800
1997-05-30,10.881516456604004,10.881516456604004,10.704581229667355,10.881516456604004,3200
1997-06-02,10.881516456604004,11.014217876806493,10.79304884313568,10.881516456604004,30400
1997-06-03,11.014217376708984,11.146918790886202,10.793048353080291,11.014217376708984,45200
1997-06-04,11.058449745178223,11.102683544158936,10.992099046707153,11.058449745178223,50000
1997-06-05,10.969985961914062,11.058453590639175,10.881518333188948,10.969985961914062,18000
1997-06-06,11.014217376708984,11.014217376708984,10.881515962531768,11.014217376708984,16400
1997-06-09,11.279617309570312,11.323851102941177,11.080565239401425,11.279617309570312,71200
1997-06-10,11.257502555847168,11.412320862116186,11.146918051369298,11.257502555847168,88400
1997-06-11,11.323853492736816,11.36808729544282,11.191152084618807,11.323853492736816,23600
1997-06-12,11.500789642333984,11.589257254967322,11.39020512654231,11.500789642333984,62000
1997-06-13,11.434438705444336,11.589257024473563,11.279620386415107,11.434438705444336,74400
1997-06-16,11.368087768554688,11.456555377648497,11.191152550367066,11.368087768554688,11200
1997-06-17,11.279617309570312,11.368084896312041,11.102682136086857,11.279617309570312,216400
1997-06-18,11.323853492736816,11.36808729544282,11.1026844792068,11.323853492736816,12000
1997-06-19,11.766190528869629,11.898891925811768,11.589255332946777,11.766190528869629,38000
1997-06-20,11.987360954284668,12.120062367062728,11.766191932987903,11.987360954284668,41600
1997-06-23,12.120064735412598,12.208532361218529,11.755135778963131,12.120064735412598,30400
1997-06-24,11.94312858581543,12.252765252855088,11.85466096666124,11.94312858581543,29600
1997-06-25,12.717215538024902,12.78356622778851,12.031591743800952,12.717215538024902,144400
1997-06-26,12.518166542053223,12.584517248106508,12.473932738017698,12.518166542053223,74800
1997-06-27,12.363348960876465,12.407582767534342,12.252764444231774,12.363348960876465,64000
1997-06-30,12.252762794494629,12.31911349554785,12.12006139238819,12.252762794494629,52400
1997-07-01,12.29699420928955,12.385461793529045,12.062002188653398,12.29699420928955,40800
1997-07-02,12.562400817871094,12.606634623567823,12.29699798369072,12.562400817871094,22000
1997-07-03,13.115324020385742,13.115324020385742,12.916271885169095,13.115324020385742,27200
1997-07-07,13.712482452392578,13.712482452392578,13.40284575185468,13.712482452392578,128000
1997-07-08,13.712482452392578,13.756716266755134,13.535547194942351,13.712482452392578,86000
1997-07-09,13.712482452392578,13.889417709842805,13.579781009304908,13.712482452392578,121600
1997-07-10,13.668242454528809,13.889411426284937,13.668242454528809,13.668242454528809,214000
1997-07-11,13.491311073303223,13.845181527684947,13.380726556308934,13.491311073303223,116000
1997-07-14,13.712482452392578,13.80095008111769,13.469196473398517,13.712482452392578,132400
1997-07-15,14.066350936889648,14.066350936889648,13.646129761102065,14.066350936889648,43200
1997-07-16,14.464452743530273,14.552920344408134,14.11058234001883,14.464452743530273,65600
1997-07-17,14.199051856994629,14.287519469810794,14.06635043777038,14.199051856994629,27200
1997-07-18,13.712482452392578,14.110586781655588,13.712482452392578,13.712482452392578,38400
1997-07-21,13.690364837646484,13.756715555761087,13.579780307455477,13.690364837646483,42000
1997-07-22,14.243285179138184,14.243285179138184,13.800947130096624,14.243285179138184,20800
1997-07-23,14.597158432006836,14.597158432006836,13.845183603691332,14.597158432006836,61200
1997-07-24,14.464452743530273,14.508686543969205,14.287517541774552,14.464452743530273,50000
1997-07-25,14.199051856994629,14.199051856994629,14.022116631362298,14.199051856994629,100000
1997-07-28,14.331748962402344,14.375982755496178,14.154813790027006,14.331748962402344,26000
1997-07-29,14.066350936889648,14.24328616880021,13.845181897001448,14.066350936889648,48400
1997-07-30,14.331748962402344,14.331748962402344,14.022112410745502,14.331748962402344,13600
1997-07-31,14.331748962402344,14.685619307153019,14.243281376214675,14.331748962402344,43200
1997-08-01,14.066350936889648,14.420221400710773,13.97788332093437,14.066350936889648,15600
1997-08-04,14.154818534851074,14.199052342772484,14.022117111086846,14.154818534851074,41600
1997-08-05,14.154818534851074,14.199052342772484,14.022117111086846,14.154818534851074,126000
1997-08-06,14.154818534851074,14.243286150693894,13.977883303165436,14.154818534851074,34400
1997-08-07,14.641386985778809,14.862555973479395,14.46445179561834,14.641386985778809,58800
1997-08-08,14.420221328735352,14.464455136492207,14.243286097707923,14.42022132873535,28000
1997-08-11,14.287520408630371,14.287520408630371,14.110585171371792,14.287520408630371,16000
1997-08-12,14.464452743530273,14.552920344408134,14.331751342213481,14.464452743530273,58000
1997-08-13,14.287520408630371,14.464455645888952,14.066351362057146,14.287520408630371,314400
1997-08-14,14.243285179138184,14.464454203658963,14.06634995952156,14.243285179138184,81200
1997-08-15,14.066350936889648,14.15481855284493,13.800948089023807,14.066350936889648,54400
1997-08-18,14.331748962402344,14.508684134777681,13.977878617651667,14.331748962402344,40800
1997-08-19,14.331748962402344,14.375982755496178,14.154813790027006,14.331748962402344,36800
1997-08-20,14.420221328735352,14.42022132873535,14.331753713221637,14.42022132873535,10000
1997-08-21,14.420221328735352,14.508688944249064,14.243286097707923,14.42022132873535,44400
1997-08-22,14.154818534851074,14.154818534851074,13.800948071479798,14.154818534851074,77600
1997-08-25,14.11058235168457,14.15481615216007,13.88941334930707,14.11058235168457,16800
1997-08-26,14.066350936889648,14.066350936889648,13.889415704979088,14.066350936889648,58800
1997-08-27,13.889413833618164,14.02211523967184,13.668244823528703,13.889413833618162,76400
1997-08-28,13.579778671264648,13.8009477049986,13.447077251024277,13.579778671264648,23600
1997-08-29,13.624008178710938,13.712475764286982,13.535540593134892,13.624008178710938,21200
1997-09-02,14.221166610717773,14.24328351057892,13.889413112800563,14.221166610717773,50000
1997-09-03,14.420221328735352,14.464455136492207,14.154818482194209,14.42022132873535,38000
1997-09-04,14.375986099243164,14.508687509390024,14.199050885714016,14.375986099243162,8400
1997-09-05,14.641386985778809,14.685620783318926,14.508685593158457,14.641386985778809,50000
1997-09-08,14.774094581604004,14.862562213829177,14.287522604365549,14.774094581604004,61600
1997-09-09,14.420221328735352,14.774091790790205,14.42022132873535,14.42022132873535,39200
1997-09-10,14.486571311950684,14.50868821471702,14.309636089819989,14.486571311950684,157200
1997-09-11,14.265403747558594,14.265403747558594,14.088468507278797,14.265403747558594,80000
1997-09-12,14.154818534851074,14.398104478418828,13.977883303165436,14.154818534851074,28400
1997-09-15,14.464452743530273,14.464452743530273,14.066348539579899,14.464452743530273,24800
1997-09-16,14.464452743530273,14.464452743530273,14.464452743530273,14.464452743530273,0
1997-09-17,14.906793594360352,15.083728829901721,14.818325976589668,14.906793594360352,31200
1997-09-18,14.906793594360352,14.906793594360352,14.906793594360352,14.906793594360352,0
1997-09-19,15.039494514465332,15.127962129256304,14.862559284883385,15.039494514465332,20400
1997-09-22,15.127961158752441,15.393363986098976,14.995259745079174,15.127961158752441,86400
1997-09-23,15.216424942016602,15.304892528888791,15.039489768272222,15.216424942016602,39600
1997-09-24,15.526067733764648,15.658769167386568,15.26066486652081,15.526067733764648,90400
1997-09-25,15.437596321105957,15.747232923535018,15.437596321105957,15.437596321105957,52000
1997-09-26,15.791468620300293,15.835702425959397,15.481831980686561,15.791468620300291,72400
1997-09-29,15.747237205505371,15.791471017880385,15.614535768380325,15.747237205505371,54800
1997-09-30,15.70300006866455,15.87993528070584,15.481831053612936,15.703000068664549,44400
1997-10-01,16.189573287963867,16.36650851515473,15.96840425397529,16.189573287963867,50800
1997-10-02,16.322275161743164,16.322275161743164,16.145339929637547,16.322275161743164,110400
1997-10-03,16.41074562072754,16.543447067795416,16.23381035797037,16.41074562072754,70800
1997-10-06,17.07425308227539,17.16272071482604,16.32227820559487,17.07425308227539,365600
1997-10-07,17.118484497070312,17.33965354742006,16.897315446720565,17.118484497070312,228800
1997-10-08,17.33965301513672,17.33965301513672,17.030016354152135,17.33965301513672,112400
1997-10-09,16.76461410522461,16.9415493464407,16.76461410522461,16.76461410522461,118400
1997-10-10,16.941551208496094,16.98578502366188,16.471566922359617,16.941551208496094,34400
1997-10-13,17.33965301513672,17.428120632560887,17.206951589000468,17.33965301513672,37200
1997-10-14,17.251184463500977,17.383885882450983,17.206950657184308,17.251184463500977,46400
1997-10-15,17.42812156677246,17.51658918893882,17.074251078107032,17.42812156677246,453600
1997-10-16,17.605056762695312,17.649290573656856,17.339653896926034,17.605056762695312,83600
1997-10-17,16.76461410522461,16.985783156744723,16.5489742799925,16.76461410522461,48000
1997-10-20,16.36651039123535,16.454978014971758,16.278042767498945,16.36651039123535,80400
1997-10-21,17.07425308227539,17.07425308227539,16.720382552072792,17.07425308227539,58800
1997-10-22,16.985780715942383,17.605053971211117,16.720377892255783,16.985780715942383,102400
1997-10-23,16.45497703552246,16.764613700169388,16.36650941705191,16.45497703552246,88400
1997-10-24,17.295419692993164,17.516588742775685,17.11848445316715,17.295419692993164,92400
1997-10-27,16.45497703552246,17.074250364816315,16.45497703552246,16.45497703552246,44000
1997-10-28,16.45497703552246,16.45497703552246,16.45497703552246,16.45497703552246,0
1997-10-29,17.33965301513672,17.516588249985052,16.80884731059172,17.33965301513672,100000
1997-10-30,17.693523406982422,17.693523406982422,16.8088472366333,17.693523406982422,260800
1997-10-31,17.67140769958496,18.04739509744847,17.53317703860573,17.67140769958496,338800
1997-11-03,18.224328994750977,18.31279661123035,17.78199091235411,18.224328994750977,88000
1997-11-04,18.04738998413086,18.22432518005371,17.693519592285156,18.04738998413086,46800
1997-11-05,18.31279182434082,18.401259417695126,17.958921450923608,18.31279182434082,104800
1997-11-06,18.31279182434082,18.401259417695126,18.04738904427791,18.31279182434082,89200
1997-11-07,17.693523406982422,18.135861492156984,17.60505578994751,17.693523406982422,274800
1997-11-10,18.04738998413086,18.312792778015137,18.04738998413086,18.04738998413086,63200
1997-11-11,18.31279182434082,18.48972701104943,18.04738904427791,18.31279182434082,70000
1997-11-12,17.95892906188965,17.95892906188965,17.516590907655914,17.95892906188965,84800
1997-11-13,17.33965301513672,17.649289676121303,17.33965301513672,17.33965301513672,90800
1997-11-14,17.472354888916016,17.51658869876137,17.251185839689228,17.472354888916016,37200
1997-11-17,17.781993865966797,17.870461497140763,17.42812334127094,17.781993865966797,64800
1997-11-18,18.04738998413086,18.04738998413086,17.60505199432373,18.04738998413086,41600
1997-11-19,18.04738998413086,18.091623783111572,17.60505199432373,18.04738998413086,38800
1997-11-20,18.53396224975586,18.666663650112106,18.268559449043366,18.53396224975586,52000
1997-11-21,18.578203201293945,18.666670835585823,18.312800298418317,18.578203201293945,34800
1997-11-24,18.31279182434082,18.48972701104943,18.135856637632216,18.31279182434082,28000
1997-11-25,18.04738998413086,18.401260375976562,18.04738998413086,18.04738998413086,38400
1997-11-26,17.870458602905273,18.26856287871257,17.693523369213143,17.870458602905273,27200
1997-11-28,18.224328994750977,18.401264227709724,17.958926145312855,18.224328994750977,14800
1997-12-01,19.109006881713867,19.109006881713867,18.489733510547214,19.109006881713867,26400
1997-12-02,19.19747543334961,19.285943062074722,18.93207254717427,19.19747543334961,62000
1997-12-03,19.374404907226562,19.462872509542667,19.02053449796215,19.374404907226562,40000
1997-12-04,19.860980987548828,20.170617662187674,19.462876691584597,19.860980987548828,41600
1997-12-05,19.816749572753906,19.99368483679635,19.33017759663718,19.816749572753906,89200
1997-12-08,19.72827911376953,19.993681971802307,19.46287625573676,19.72827911376953,50400
1997-12-09,18.578203201293945,19.109009007045202,18.334917206991285,18.578203201293945,338800
1997-12-10,18.268566131591797,18.932073376080602,18.047397050095526,18.268566131591797,292400
1997-12-11,17.516586303710938,17.69352151889994,16.98578065814394,17.516586303710938,173600
1997-12-12,17.781993865966797,18.40126728418455,17.516590972444906,17.781993865966797,166400
1997-12-15,17.95892906188965,18.22433195442989,17.781993800196155,17.95892906188965,21200
1997-12-16,18.135862350463867,18.312797592907415,17.643761207417743,18.135862350463867,50800
1997-12-17,18.401269912719727,18.666672844153183,17.975519376878555,18.401269912719727,152000
1997-12-18,18.401269912719727,18.666672844153183,17.975519376878555,18.401269912719727,22800
1997-12-19,18.04738998413086,18.22432518005371,17.693519592285156,18.04738998413086,98000
1997-12-22,18.401269912719727,18.533971378436455,18.224334625097423,18.401269912719727,33600
1997-12-23,18.93206787109375,19.241704495153694,18.84360026421948,18.93206787109375,38800
1997-12-24,19.020538330078125,19.19747357035792,18.932070709938227,19.020538330078125,14800
1997-12-26,19.28593635559082,19.28593635559082,18.932065963745117,19.28593635559082,24000
1997-12-29,19.19747543334961,19.639813576975175,19.19747543334961,19.19747543334961,335200
1997-12-30,19.064773559570312,19.109007372933586,18.932072119480495,19.064773559570312,21600
1997-12-31,18.79937171936035,19.06477461422191,18.79937171936035,18.79937171936035,14400
1998-01-02,19.41864013671875,19.462873941130407,19.153237310248787,19.41864013671875,130000
1998-01-05,19.28593635559082,19.551339149475098,19.241702556610107,19.28593635559082,30000
1998-01-06,18.578203201293945,19.285944275628953,18.44550174985613,18.578203201293945,56800
1998-01-07,19.153234481811523,19.153234481811523,18.7108965030168,19.153234481811523,65200
1998-01-08,19.28593635559082,19.28593635559082,18.965241312980652,19.28593635559082,43600
1998-01-09,18.843599319458008,19.109002126774318,18.666664114580467,18.843599319458008,63200
1998-01-12,18.357030868530273,18.66666753378259,18.047394203277957,18.357030868530273,98000
1998-01-13,18.843599319458008,18.932066921896777,18.401261307264157,18.843599319458008,54800
1998-01-14,18.843599319458008,19.109002126774318,18.489728909702926,18.843599319458008,167200
1998-01-15,18.666671752929688,19.109009946127074,18.666671752929688,18.666671752929688,14000
1998-01-16,19.28593635559082,19.639806747436523,18.932065963745117,19.28593635559082,36000
1998-01-20,19.993684768676758,20.082152400396566,19.462878978357907,19.993684768676758,73600
1998-01-21,20.126384735107422,20.259086172921318,19.772514234270368,20.126384735107422,60800
1998-01-22,20.037914276123047,20.259083307868334,19.7725114380287,20.037914276123047,34000
1998-01-23,20.701419830322266,21.232225466997196,20.612952224209778,20.701419830322266,193200
1998-01-26,20.96682357788086,21.497629238080375,20.92258977286423,20.96682357788086,126800
1998-01-27,20.96682357788086,21.409161628047123,20.96682357788086,20.96682357788086,220400
1998-01-28,22.02843475341797,22.205369972320923,21.586096706160582,22.02843475341797,196000
1998-01-29,22.116899490356445,22.116899490356445,21.453392505645752,22.116899490356445,178000
1998-01-30,21.674562454223633,21.939965259785556,21.674562454223633,21.674562454223633,84000
1998-02-02,22.02843475341797,22.205369972320923,21.586096706160582,22.02843475341797,86800
1998-02-03,22.293834686279297,22.47076988220215,21.763029098510742,22.293834686279297,41200
1998-02-04,22.47076988220215,22.647705078125,22.02843189239502,22.47076988220215,74400
1998-02-05,22.382301330566406,23.532380055061914,22.02843095379856,22.382301330566406,157200
1998-02-06,23.355449676513672,23.44391728892471,22.91311161445849,23.355449676513672,90400
1998-02-09,23.797788619995117,24.240126698433688,22.647709616054833,23.797788619995117,142400
1998-02-10,24.240129470825195,24.32859709663113,23.797791341795538,24.240129470825195,93200
1998-02-11,23.88625717163086,24.328595267401802,23.443919075859917,23.88625717163086,65200
1998-02-12,23.974721908569336,23.974721908569336,23.17851343190098,23.974721908569336,75200
1998-02-13,23.355449676513672,23.532384901335746,23.001579226869527,23.355449676513672,39200
1998-02-17,23.090045928955078,23.355448755724677,22.82464310218548,23.090045928955078,50000
1998-02-18,23.355449676513672,23.532384901335746,22.824644002047453,23.355449676513672,31600
1998-02-19,22.42654037475586,23.00157987154447,22.293838952420025,22.42654037475586,566400
1998-02-20,22.69194221496582,22.82464363142761,22.338071771067717,22.69194221496582,107600
1998-02-23,23.44391441345215,23.532382015012345,23.09004400721136,23.44391441345215,75200
1998-02-24,23.620853424072266,23.70932103989276,23.266982960790283,23.620853424072266,37200
1998-02-25,24.195890426635742,24.59399465669008,23.88625380326015,24.195890426635742,45600
1998-02-26,24.682464599609375,24.770932214661737,24.24012652434756,24.682464599609375,256400
1998-02-27,24.328590393066406,24.770928400213066,24.06318758877841,24.328590393066406,83200
1998-03-02,24.85940170288086,24.947869324599296,24.417063594288674,24.85940170288086,46000
1998-03-03,24.682464599609375,24.8593998297141,24.32859413939992,24.682464599609375,62400
1998-03-04,24.682464599609375,24.770932214661737,24.24012652434756,24.682464599609375,65200
1998-03-05,23.797788619995117,24.417061929809115,23.797788619995117,23.797788619995117,104400
1998-03-06,24.240129470825195,24.240129470825195,23.70932371598961,24.240129470825195,63600
1998-03-09,24.240129470825195,24.32859709663113,23.620856090183675,24.240129470825195,46800
1998-03-10,24.284353256225586,24.505522229415252,23.930482899122115,24.284353256225586,17600
1998-03-11,24.417064666748047,24.593999917956367,23.97472653872725,24.417064666748047,24800
1998-03-12,23.88625717163086,24.24012764824761,23.797789552476672,23.88625717163086,32400
1998-03-13,24.483415603637695,24.59400013662612,24.195895817867786,24.483415603637695,95600
1998-03-16,24.417064666748047,24.417064666748047,23.97472653872725,24.417064666748047,35200
1998-03-17,25.213268280029297,25.3017358880294,24.417059808028373,25.213268280029297,50000
1998-03-18,25.522903442382812,25.567137243842748,25.16903303070333,25.522903442382812,22800
1998-03-19,25.69984245300293,25.832543877028762,25.345971988934043,25.69984245300293,105600
1998-03-20,26.274869918823242,26.45180506979175,25.920999616886228,26.274869918823242,69200
1998-03-23,25.832536697387695,26.18640706310533,25.655601514528872,25.83253669738769,128800
1998-03-24,25.8104248046875,26.18641214117395,25.47867127249357,25.8104248046875,1292400
1998-03-25,25.478673934936523,25.744076788425446,25.03633584578832,25.478673934936523,89200
1998-03-26,25.50078582763672,25.655604128411618,24.77092812398363,25.50078582763672,85600
1998-03-27,25.655607223510742,26.009477667972963,25.301736779048525,25.655607223510746,64800
1998-03-30,25.832536697387695,25.83253669738769,25.478666331670055,25.83253669738769,45200
1998-03-31,25.301740646362305,25.478675895637565,25.03633777244941,25.3017406463623,46000
1998-04-01,25.301740646362305,25.3017406463623,24.77093489853652,25.3017406463623,85200
1998-04-02,25.124801635742188,25.655607304102936,25.124801635742188,25.124801635742188,102000
1998-04-03,25.124801635742188,25.655607304102936,24.770931190168355,25.124801635742188,109200
1998-04-06,25.50078582763672,25.832539329297216,25.124798525754827,25.50078582763672,235600
1998-04-07,25.213268280029297,25.65560632002981,24.859397848028884,25.213268280029297,45600
1998-04-08,25.301740646362305,25.34597445868112,24.773699511806445,25.3017406463623,848000
1998-04-09,25.257509231567383,25.30174304808501,24.947872515943963,25.257509231567383,494800
1998-04-13,25.213268280029297,25.478671104029605,24.94786545602899,25.213268280029297,26400
1998-04-14,27.159557342529297,27.38072637626325,24.947867005189778,27.159557342529297,566400
1998-04-15,29.415483474731445,29.725120142886514,29.0173791871035,29.415483474731445,225200
1998-04-16,29.415483474731445,29.415483474731445,28.132702992374735,29.415483474731445,156400
1998-04-17,29.725116729736328,29.725116729736328,29.0173758552188,29.725116729736328,50400
1998-04-20,31.052135467529297,31.14060308994391,30.078991620968548,31.052135467529297,56800
1998-04-21,30.963666915893555,31.494472634451732,30.69826405661447,30.963666915893555,17200
1998-04-22,29.90205192565918,31.14059845512435,29.459713879421617,29.902051925659176,17200
1998-04-23,30.211692810058594,30.432861864304996,29.327016593072983,30.211692810058594,162000
1998-04-24,29.90205192565918,29.902051925659176,29.902051925659176,29.902051925659176,0
1998-04-27,29.90205192565918,29.902051925659176,29.902051925659176,29.902051925659176,0
1998-04-28,29.548189163208008,29.725124427658354,28.84044810540662,29.548189163208008,17200
1998-04-29,29.548189163208008,29.725124427658354,29.017383369856965,29.548189163208008,17200
1998-04-30,30.60978889465332,30.60978889465332,30.034749507904053,30.60978889465332,17200
1998-05-01,30.52132225036621,30.786725052543307,30.05686734655629,30.52132225036621,17600
1998-05-04,30.963666915893555,31.406005014692035,30.43286119733538,30.963666915893555,20400
1998-05-05,30.78672218322754,31.494462923071854,30.609786998266465,30.786722183227543,20400
1998-05-06,31.494474411010742,31.6714096605108,30.87520103776053,31.494474411010742,20400
1998-05-07,30.432849884033203,31.14059057901072,30.078979536544445,30.432849884033203,20400
1998-05-08,31.140600204467773,31.31753543290225,30.07898883386092,31.140600204467773,20400
1998-05-11,30.60978889465332,30.963659286499023,30.078983306884766,30.60978889465332,20400
1998-05-12,30.432849884033203,30.609785057777582,29.902044362800066,30.432849884033203,20800
1998-05-13,30.698257446289062,31.140595449837896,30.432854644159764,30.698257446289062,20800
1998-05-14,30.78672218322754,30.87518977570808,30.07898144338323,30.786722183227543,20800
1998-05-15,31.140600204467773,31.140600204467773,30.609794519164346,31.140600204467773,20800
1998-05-18,30.698257446289062,30.875192647708598,30.432854644159764,30.698257446289062,20800
1998-05-19,31.582937240600586,31.671404851918794,30.963663961373122,31.582937240600582,20800
1998-05-20,31.494474411010742,31.51106209065137,31.31753916151068,31.494474411010742,20800
1998-05-21,32.290687561035156,32.55609047249572,31.494478826653467,32.290687561035156,21200
1998-05-22,32.379146575927734,32.90995225750032,31.84834089435515,32.379146575927734,21200
1998-05-26,33.440765380859375,33.79463591399016,31.848347981770832,33.440765380859375,21200
1998-05-27,31.75987434387207,33.175356208780016,31.494471494201832,31.75987434387207,21200
1998-05-28,32.423377990722656,32.821482222532346,32.02527375891297,32.423377990722656,21200
1998-05-29,32.290687561035156,33.08689629541684,32.202219923881636,32.290687561035156,21200
1998-06-01,32.11374282836914,32.821483717148624,30.698261050810167,32.11374282836914,21200
1998-06-02,32.75513458251953,33.175355755421535,32.556082447987,32.75513458251953,24400
1998-06-03,33.08688735961914,33.794628265707246,32.909952133097114,33.08688735961914,108800
1998-06-04,33.61769485473633,33.79463009081389,33.08688914650365,33.61769485473633,30400
1998-06-05,35.121639251708984,35.38704206721308,34.32543080519669,35.121639251708984,56400
1998-06-08,36.09477996826172,36.09477996826172,35.21010398864746,36.09477996826172,75200
1998-06-09,36.80253982543945,37.15641040068407,36.09479867495023,36.80253982543945,89600
1998-06-10,36.979454040527344,37.067921633925735,36.64217134069598,36.979454040527344,78400
1998-06-11,36.62558364868164,37.33332439551607,36.09477808855582,36.62558364868164,77200
1998-06-12,36.183258056640625,36.183258056640625,36.183258056640625,36.183258056640625,80800
1998-06-15,36.09477996826172,36.62558555603027,35.84596484899521,36.09477996826172,65600
1998-06-16,37.687198638916016,38.04106904867109,37.156393024283396,37.687198638916016,323200
1998-06-17,39.810428619384766,40.42970195346408,38.748817189534506,39.810428619384766,126400
1998-06-18,40.075828552246094,40.51816661573667,39.63349048875552,40.075828552246094,433600
1998-06-19,39.810428619384766,40.341234334309895,39.63349338107639,39.810428619384766,162800
1998-06-22,39.102691650390625,39.987367932073674,38.39495062504419,39.102691650390625,314800
1998-06-23,38.925750732421875,38.925750732421875,38.76540317968889,38.925750732421875,342800
1998-06-24,39.27962112426758,39.45655635455707,38.21800974253062,39.27962112426758,128400
1998-06-25,40.51816940307617,41.04897511578022,39.810428452804096,40.51816940307617,94800
1998-06-26,40.16429901123047,40.87203996297021,40.16429901123047,40.16429901123047,83200
1998-06-29,39.810428619384766,40.16429909600152,39.279622904459636,39.810428619384766,363600
1998-06-30,40.075828552246094,40.16429616494421,39.45655526335929,40.075828552246094,102000
1998-07-01,39.08057403564453,40.16430246108119,39.08057403564453,39.08057403564453,198000
1998-07-02,38.39495086669922,38.9257566390499,37.86414509434854,38.39495086669922,256800
1998-07-06,38.04107666015625,38.218011900436046,36.802529978197676,38.04107666015625,177600
1998-07-07,38.04107666015625,38.92575286155523,37.952609040016355,38.04107666015625,103200
1998-07-08,38.04107666015625,38.39494714071584,37.51027093931686,38.04107666015625,136400
1998-07-09,36.62558364868164,37.51025958222468,36.27171327526443,36.62558364868164,151200
1998-07-10,35.210113525390625,35.563984013082994,33.97156681846734,35.210113525390625,482400
1998-07-13,36.44865798950195,36.6255932224607,35.56398182470822,36.44865798950195,300800
1998-07-14,36.80253982543945,37.15641040068407,36.27173396257254,36.80253982543945,193200
1998-07-15,37.952598571777344,38.218001358992574,37.02368881652406,37.952598571777344,112800
1998-07-16,38.8372802734375,39.19115070873078,38.041071794027616,38.8372802734375,156000
1998-07-17,39.45655822753906,39.8104287049161,38.57188203409648,39.45655822753906,190000
1998-07-20,38.925750732421875,39.81042688543147,38.57188027121804,38.925750732421875,494800
1998-07-21,41.04898452758789,41.57979036199635,40.16430813690712,41.04898452758789,676000
1998-07-22,40.7835693359375,41.53554404169773,40.3412312737256,40.7835693359375,182000
1998-07-23,40.69511032104492,41.04898084557575,40.164304534248686,40.69511032104492,115200
1998-07-24,41.66824722290039,41.75671483908489,39.456556818287844,41.66824722290039,193600
1998-07-27,40.16429901123047,41.04897520090515,38.571881869816046,40.16429901123047,534400
1998-07-28,40.60663986206055,40.69510748703236,39.633495987370644,40.60663986206055,327500
1998-07-29,40.7835693359375,41.40284262303416,39.987360823956074,40.7835693359375,610800
1998-07-30,43.17218780517578,43.87992858886719,41.13743305206299,43.17218780517578,799000
1998-07-31,43.526065826416016,44.05687150722597,42.81832491866942,43.526065826416016,1064100
1998-08-03,42.15481185913086,42.552916063466824,41.93364285672199,42.46444846250328,1467900
1998-08-04,38.96998977661133,41.62401859227158,38.925755963017,41.579784778677244,989600
1998-08-05,38.8372802734375,39.19115070873078,38.21800701167426,38.79304646902584,1120800
1998-08-06,38.218013763427734,38.66035188568963,37.86414326561822,38.08531232674917,624000
1998-08-07,38.173770904541016,38.350706111514555,37.952601895824095,38.350706111514555,745100
1998-08-10,37.952598571777344,38.218001358992574,37.510260593085306,38.17376756112337,483500
1998-08-11,36.09477996826172,36.44865036010742,34.10425901412964,34.85623359680176,1171900
1998-08-12,38.129547119140625,39.10269101313261,37.90837805232427,38.21801474586717,887500
1998-08-13,36.537132263183594,37.51027622176717,36.49289844688434,37.42180858916866,606600
1998-08-14,37.51027297973633,38.218013979354,37.067934854975285,37.15640247992749,669400
1998-08-17,38.66035079956055,38.704584610544025,37.15640122612226,37.466037903006615,479100
1998-08-18,40.38547134399414,40.5624065963227,39.01422313844779,39.19115839077635,592600
1998-08-19,39.810428619384766,40.075831476847334,39.45655814276801,40.075831476847334,431700
1998-08-20,39.3238525390625,39.76619058787085,39.102683514658324,39.76619058787085,428300
1998-08-21,37.3775634765625,37.51026488535503,36.27171840329142,37.33332967363166,977700
1998-08-24,37.06792449951172,37.51026250069921,36.93522309915547,37.42179490046171,186000
1998-08-25,37.55449676513672,37.864133369796264,37.20062635981152,37.28909396114282,452700
1998-08-26,36.8910026550293,37.023704103428685,36.094793964632984,36.44866449369801,361100
1998-08-27,32.64455032348633,34.32543502848969,32.64455032348633,34.32543502848969,993200
1998-08-28,33.17535400390625,34.5023681640625,32.998418782552086,34.41390055338542,1019400
1998-08-31,29.636648178100586,34.413898929197394,28.663504506580864,34.10426230644112,1366800
1998-09-01,35.121639251708984,35.121639251708984,31.75987025532374,32.467611096668,1886000
1998-09-02,34.325435638427734,35.3870470499255,34.23696802080293,34.85624134417662,773000
1998-09-03,33.750389099121094,34.67929889084002,33.35228490267012,33.883090497938085,672200
1998-09-04,33.352294921875,34.413906431324605,32.90995679293767,34.10426974106847,697100
1998-09-08,37.333343505859375,37.59874642177781,36.18326420354617,36.669836216063295,651600
1998-09-09,35.9178581237793,36.62559917055327,35.56398760039231,36.360196278013035,323600
1998-09-10,34.06003952026367,34.812014418763,33.971571885146105,34.812014418763,794500
1998-09-11,34.28120040893555,34.85623989966608,34.01579756705991,34.236966601956276,487500
1998-09-14,36.227481842041016,36.36018324072981,35.29857205121945,35.652442447722905,308600
1998-09-15,35.29856872558594,35.82937427033159,34.944698362422166,35.43127011177235,630600
1998-09-16,32.60031509399414,34.8562392049761,31.53870374764969,34.767771592780726,2351300
1998-09-17,29.150081634521484,30.521329784248593,29.061614011958444,30.255926916559474,1340200
1998-09-18,28.22116470336914,29.017373111928144,27.071085891006135,28.840437910026143,1218100
1998-09-21,29.282773971557617,29.371241566637853,26.894148904391287,27.20378548717211,1022300
1998-09-22,30.52132225036621,31.140595455446103,29.371243440932123,29.902049045286315,781800
1998-09-23,33.440765380859375,33.706168280707466,31.538711265281396,31.848347981770832,765400
1998-09-24,29.725116729736328,31.671404134659543,29.548181511106947,30.786728041512628,1094300
1998-09-25,30.167455673217773,30.742495150859753,28.530804852236752,29.10584432987873,855700
1998-09-28,31.007905960083008,31.14060741212331,30.609801603962115,30.609801603962115,402500
1998-09-29,29.680883407592773,30.432858098992295,29.061610132322585,30.432858098992295,764100
1998-09-30,27.55766487121582,28.398107299069913,27.380729623246538,28.353873487077593,597100
1998-10-01,25.390201568603516,26.097942378878177,25.30173396731918,25.69983817309868,812600
1998-10-02,23.88625717163086,24.770933363172745,22.20537240770128,24.770933363172745,1795100
1998-10-05,21.939971923828125,23.311220169067383,21.011061822214433,23.311220169067383,1665200
1998-10-06,23.178512573242188,24.15165623089739,22.691940744414584,24.01895482303532,1977400
1998-10-07,23.26698112487793,24.59399525747553,22.913110689518568,23.88625438675681,1139600
1998-10-08,22.603473663330078,23.001577896148024,21.497628572169116,22.913110288855147,1010100
1998-10-09,25.478673934936523,25.832544406255085,24.284361094236374,24.284361094236374,1509600
1998-10-12,25.478673934936523,26.49605153997739,25.478673934936523,26.186414877573647,1203300
1998-10-13,25.124801635742188,26.0537115553735,24.94786641295527,25.655607304102936,1162100
1998-10-14,25.655607223510742,26.49604952910851,24.682463501239646,24.94786633458631,658100
1998-10-15,28.22116470336914,28.663502708124142,25.965240879118628,26.05370848006963,1128000
1998-10-16,27.424964904785156,28.84044696438697,26.71722387498425,28.132705934586063,1017100
1998-10-19,27.955766677856445,28.132701909994775,27.336493365372284,27.60189621357978,439300
1998-10-20,26.097949981689453,27.60189964165122,25.69984565993487,26.717223371085474,1747200
1998-10-21,25.478673934936523,26.053713450829186,24.815166801214218,26.053713450829186,1466800
1998-10-22,25.876771926879883,26.672980293860803,25.478667743389423,26.540278899363983,1542400
1998-10-23,26.982622146606445,27.203791180595022,26.319115044640714,26.319115044640714,534900
1998-10-26,28.176937103271484,28.75197663599131,27.469196139924005,27.55766376034244,609800
1998-10-27,28.088464736938477,28.66350417249785,27.955763328732466,28.486568961556504,731200
1998-10-28,27.646137237548828,27.955773974609375,27.469201959228517,27.778838696289064,810200
1998-10-29,28.35387420654297,28.398108019657702,27.646133196707265,27.734600822936727,432900
1998-10-30,29.769351959228516,30.300157640522336,28.751974403415357,29.150078664385724,794200
1998-11-02,30.74249839782715,30.74249839782715,29.90205599558439,30.03475742751746,508500
1998-11-03,30.12322235107422,30.167456157757147,29.54818286419615,30.167456157757147,302000
1998-11-04,31.317529678344727,31.494464874267578,30.786724090576172,30.786724090576172,644200
1998-11-05,31.582937240600586,31.671404851918794,30.609793516100286,31.096365378350434,501800
1998-11-06,31.582937240600586,31.582937240600582,30.875196350054914,31.317534406645958,301400
1998-11-09,30.300155639648438,30.78672748203695,30.255921835794936,30.78672748203695,337100
1998-11-10,29.769351959228516,30.21169002697337,29.37124769825815,29.99052099310094,375000
1998-11-11,29.769351959228516,30.698261901492703,29.72511815245403,30.34439144729682,307400
1998-11-12,29.282773971557617,29.90204713711926,29.194306376477385,29.54817675679832,742700
1998-11-13,28.619279861450195,29.415488574751745,28.57504604404455,29.194319487723536,453100
1998-11-16,30.344396591186523,30.432864219732256,30.123227519822187,30.34439659118652,554100
1998-11-17,30.78672218322754,30.96365736818862,29.857812462181883,29.99051385090269,297500
1998-11-18,30.698257446289062,30.963660248418364,30.123218041675578,30.25591944274023,237800
1998-11-19,30.60978889465332,31.096360683441162,30.388619899749756,30.963659286499023,269000
1998-11-20,30.654027938842773,30.875196971590558,30.43285890609499,30.875196971590558,244500
1998-11-23,31.75987434387207,31.75987434387207,30.255924862407376,30.3886262872425,543500
1998-11-24,29.85781478881836,31.052127380371093,29.01737259476273,30.698256982873986,871700
1998-11-25,30.432849884033203,30.609785057777582,29.85781056936397,30.12321332998054,401300
1998-11-27,31.361772537231445,31.538707784268013,31.052135854917452,31.052135854917452,235100
1998-11-30,29.946285247802734,31.361766972957366,29.72511622824732,31.361766972957366,434100
1998-12-01,29.371244430541992,29.636647241661347,28.663503600890376,29.15007542127586,667100
1998-12-02,29.769351959228516,29.813585766003,28.928909630513296,29.503949118581605,545300
1998-12-03,29.194316864013672,30.521331266923383,29.194316864013672,29.813590252038203,354000
1998-12-04,29.371244430541992,29.857816250927474,28.39810078977102,29.548179637954895,646800
1998-12-07,28.840442657470703,29.459715966066696,28.486572195415846,29.371248350552985,769500
1998-12-08,27.867300033569336,28.575040986802843,27.690364795260958,28.398105748494466,835200
1998-12-09,27.601898193359375,27.734599626981296,27.071092458871696,27.513430570944763,500000
1998-12-10,26.0537109375,27.690361709465193,26.009477132852293,27.690361709465193,851100
1998-12-11,25.080570220947266,25.611375939909113,24.947868791206805,25.611375939909113,1138800
1998-12-14,24.5939884185791,25.434430468854288,24.549754626459357,25.301729092495048,1197600
1998-12-15,25.213268280029297,25.788307732029963,24.99209926002904,25.3017358880294,940600
1998-12-16,25.69984245300293,26.451817189149317,25.567141028977098,26.27488195711487,1538800
1998-12-17,26.540287017822266,26.80568988800049,26.186416524251303,26.230650335947676,481300
1998-12-18,25.921010971069336,26.672985692073052,25.567140514126407,26.672985692073052,496100
1998-12-21,25.69984245300293,26.18641434109765,25.522907220968488,25.921011493045985,965700
1998-12-22,26.540287017822266,26.982625134785973,26.186416524251303,26.540287017822266,1236900
1998-12-23,27.513431549072266,27.60189917463198,27.24802867239311,27.38073011073269,1253500
1998-12-24,27.55766487121582,27.778833931177424,27.292261999261896,27.64613249520046,166300
1998-12-28,28.663497924804688,28.663497924804688,28.13269240767867,28.442328959335516,701000
1998-12-29,28.04422950744629,28.84043791617505,27.867294305506565,28.79620411569012,611100
1998-12-30,27.159557342529297,28.044233477465106,26.894154502048554,28.044233477465106,240800
1998-12-31,25.522903442382812,26.894151287640817,25.478669640922877,26.894151287640817,648100
1999-01-04,24.461294174194336,27.424959110308297,24.417060369177708,27.159556280208538,2587600
1999-01-05,22.69194221496582,24.328593017994542,22.028435132656877,22.913111242402135,4437000
1999-01-06,23.75355339050293,23.974722416485267,22.868877286573586,23.709319585306464,2407400
1999-01-07,25.301740646362305,25.478675895637565,23.75355721520377,23.974726276797846,1699100
1999-01-08,24.417064666748047,25.036338045977164,24.15166178993557,24.947870420373004,1165800
1999-01-11,23.709320068359375,24.284359547629286,23.17851439518715,24.284359547629286,1024700
1999-01-12,22.736175537109375,23.17851358257843,22.69194173256247,23.090045973484617,804700
1999-01-13,23.222749710083008,23.70932160877046,22.470774957566032,22.64771019345238,1340600
1999-01-14,22.647706985473633,23.665084447711706,22.559239380061626,23.222746420651674,823700
1999-01-15,22.780406951904297,23.134277351157177,22.470770352558024,22.780406951904297,864000
1999-01-19,21.939971923828125,21.98420573819068,21.541867594565115,21.939971923828125,1453800
1999-01-20,21.011056900024414,21.630330156025135,20.52448505602385,21.011056900024414,2307400
1999-01-21,21.674562454223633,21.763030056077607,21.23222444495376,21.718796255150618,758700
1999-01-22,21.58609390258789,22.02843189239502,21.40915870666504,21.541860103607178,695600
1999-01-25,23.178512573242188,23.266980178483568,22.51500553393182,23.178512573242188,1177600
1999-01-26,26.18641471862793,26.451817570505913,23.665087625787063,23.709321434433395,2829600
1999-01-27,24.195890426635742,25.301735510120007,24.06318901661763,25.080566493423156,1826000
1999-01-28,23.709320068359375,23.84202148665243,23.222748201284837,23.48815103787095,1241000
1999-01-29,24.01895523071289,24.417059461056198,23.04581155654036,23.222746770026276,1042300
1999-02-01,23.355449676513672,23.842021544774372,23.001579226869527,23.842021544774372,561400
1999-02-02,22.293834686279297,22.691938877105713,21.939964294433594,22.647705078125,757100
1999-02-03,22.47076988220215,22.603471279144287,21.807262897491455,21.939964294433594,575100
1999-02-04,22.669828414916992,22.824646755311544,22.33807482835723,22.64771150914634,559100
1999-02-05,23.04581069946289,23.222745906368555,22.69194028565156,23.134278302915725,489000
1999-02-08,22.669828414916992,22.824646755311544,22.205373393733325,22.69194532068764,436600
1999-02-09,21.63033103942871,22.028435291688137,21.58609723362211,21.98420148588153,643700
1999-02-10,21.320697784423828,21.320697784423828,20.922593468947035,21.23223015876232,793200
1999-02-11,22.072669982910156,22.293839020815067,21.18799383129051,21.453396676776403,620100
1999-02-12,21.099525451660156,21.497629705465066,20.701421197855247,21.187993063616805,951800
1999-02-16,20.701419830322266,21.232225466997196,20.701419830322266,20.922588845603485,656700
1999-02-17,20.834123611450195,21.14376026809595,20.61295457098894,20.61295457098894,415700
1999-02-18,21.143756866455078,21.232224468406773,20.701418856696602,20.878354060599992,353100
1999-02-19,20.65718650817871,20.87835552860889,20.56871890000664,20.78988792043682,417100
1999-02-22,21.453397750854492,21.541865370445645,20.834124413716424,21.055293462694305,622100
1999-02-23,22.116899490356445,22.51500368118286,21.89573049545288,22.20536708831787,650000
1999-02-24,22.47076988220215,23.311212062835693,22.426536083221436,22.82464027404785,1011300
1999-02-25,22.24960708618164,22.38230852009525,21.67456753922267,22.16113946357257,280000
1999-02-26,22.647706985473633,22.647706985473633,21.76303093135357,22.426537971943617,618900
1999-03-01,22.382301330566406,22.603470316046312,21.851495765414633,22.470768924758367,635200
1999-03-02,21.80726432800293,22.11690094117944,21.71879672423821,21.85149812988529,799600
1999-03-03,20.745656967163086,21.497631739960042,20.170617435024237,21.187995068808355,1538700
1999-03-04,20.56871795654297,20.657185560657133,19.949444727743828,20.214847540086318,1626800
1999-03-05,20.65718650817871,20.87835552860889,20.170614663232318,20.612952704092674,610700
1999-03-08,20.303319931030273,20.480255180973895,20.25908611854437,20.391787556002082,1018100
1999-03-09,19.374404907226562,19.90521052112318,19.197469702594358,19.90521052112318,1840100
1999-03-10,18.578203201293945,18.666670835585823,17.914695944104874,18.357034115564254,2377800
1999-03-11,19.2417049407959,20.170614834489495,17.958924611409504,18.268561242640704,2661100
1999-03-12,18.622434616088867,18.932071296166356,18.445499370330303,18.887837484726713,1019800
1999-03-15,18.79937171936035,18.887839350980872,18.445501192878275,18.533968824498796,379900
1999-03-16,19.020538330078125,19.109005950218023,18.71090165958848,18.799369279728378,451500
1999-03-17,18.489727020263672,18.843597393857234,18.40125942686528,18.799363597158038,448800
1999-03-18,18.578203201293945,18.578203201293945,18.00316357839675,18.180098846980503,566300
1999-03-19,18.44550132751465,18.84360567271281,18.40126751138152,18.66667040818029,612800
1999-03-22,18.135862350463867,18.135862350463867,17.51658900191144,17.69352424435499,1011300
1999-03-23,16.85308265686035,17.38388840983233,16.808848844112685,17.339654597084664,925100
1999-03-24,17.67140769958496,17.958927474421763,17.472355547774868,17.649290793828282,666400
1999-03-25,18.79937171936035,18.79937171936035,17.251188166001263,17.69352632410386,2260600
1999-03-26,18.135862350463867,18.40126521412919,17.73775805496588,17.781991865576767,1091800
1999-03-29,18.622434616088867,18.755136050407792,18.26856412457174,18.35703174745102,584100
1999-03-30,18.666671752929688,19.064776126807335,18.578204114290212,18.84360703020864,682000
1999-03-31,18.622434616088867,19.15324035336456,18.578200804649228,18.843603673287074,732500
1999-04-01,18.04738998413086,18.84359836578369,18.04738998413086,18.710896968841553,409700
1999-04-05,18.44550132751465,18.66667040818029,18.224332246849006,18.224332246849006,415500
1999-04-06,18.578203201293945,18.799372287023633,18.224332664126443,18.44550174985613,679800
1999-04-07,18.091629028320312,18.533967146372156,17.73775853387884,18.533967146372156,820200
1999-04-08,17.95892906188965,18.401267216123383,17.8704614310429,18.047396692736395,872900
1999-04-09,18.44550132751465,18.44550132751465,17.958929350050234,18.047396982316492,440400
1999-04-12,18.268566131591797,18.312799947891047,17.82622796859926,17.870461784898513,376100
1999-04-13,17.737754821777344,17.870456229421563,17.560819611585053,17.737754821777344,631400
1999-04-14,17.82622718811035,18.13586388864825,17.781993373747795,18.047396259923136,464500
1999-04-15,18.268566131591797,18.312799947891047,18.09163086639478,18.09163086639478,404300
1999-04-16,18.268566131591797,18.622436661985827,18.224332315292543,18.53396902938732,621400
1999-04-19,17.91469383239746,18.268564327852225,17.781992396601925,18.224330515920382,593200
1999-04-20,17.42812156677246,17.781992055437893,17.074251078107032,17.560823000021998,582800
1999-04-21,21.851497650146484,22.426537061992445,19.374404799117734,19.728275206407556,4937300
1999-04-22,20.922590255737305,21.497629734224798,20.436018389324808,21.2322268979998,1798600
1999-04-23,20.39178466796875,20.70142131151708,20.259083249305178,20.6129536990747,472600
1999-04-26,21.939971923828125,21.939971923828125,21.232230894027218,21.409166151477443,1212600
1999-04-27,22.02843475341797,22.293837581772404,21.4976290967091,22.072668558143707,728800
1999-04-28,21.851497650146484,22.29383565925876,21.586094844679117,21.851497650146484,619600
1999-04-29,21.939971923828125,21.98420573819068,21.674569037652784,21.851504295103013,437800
1999-04-30,22.205371856689453,22.691943749963524,21.895735197333224,22.293839473648376,730900
1999-05-03,23.178512573242188,23.31121398110426,22.382304126069744,22.470771731311128,676700
1999-05-04,22.7019100189209,22.924042210886856,22.390924950168557,22.657483580527707,565400
1999-05-05,22.924036026000977,22.924036026000977,21.946654645047445,22.390918909117232,420900
1999-05-06,22.7019100189209,22.74633645731409,22.1687927582026,22.47977782695494,484700
1999-05-07,22.6574764251709,22.746329273897057,22.257638605903175,22.302065030266256,381100
1999-05-10,22.0355167388916,22.302075409120132,21.502399398434548,21.85781095873925,517000
1999-05-11,23.101747512817383,23.368306137965273,22.390924512423,22.524203824996945,624700
1999-05-12,23.23502540588379,23.41273114512573,22.56862888372651,22.879613927399905,827500
1999-05-13,24.03470230102539,24.61224597923857,23.50158505959784,23.50158505959784,1869000
1999-05-14,23.23502540588379,23.59043688436767,23.101746101452335,23.279451840694275,695000
1999-05-17,23.590436935424805,23.768142675051358,23.101746151451785,23.41273119579825,571800
1999-05-18,23.901424407958984,24.167983044478973,23.590439332018995,23.590439332018995,430600
1999-05-19,25.767330169677734,25.767330169677734,24.923227974464154,25.189786562426338,2546500
1999-05-20,26.167171478271484,26.52258297542967,25.056510549652153,25.634054232534204,1873600
1999-05-21,25.678482055664062,25.767334934749403,25.23421766023735,25.545202737036046,757800
1999-05-24,25.0120849609375,25.67848154071381,24.834379206330485,25.500775786106793,485600
1999-05-25,24.16798210144043,24.8343786667375,24.16798210144043,24.78995222905103,411600
1999-05-26,24.87879753112793,24.87879753112793,24.123548320361547,24.25682759284973,349800
1999-05-27,23.76814079284668,24.34568440089716,23.634861498681182,24.212405106731662,579900
1999-05-28,23.856992721557617,23.901419151206703,23.634860573312203,23.812566291908535,283500
1999-06-01,22.835187911987305,22.87961434761374,22.435349991349394,22.835187911987305,659300
1999-06-02,22.96846580505371,23.012892237945497,22.124363580109765,22.16879001300155,463300
1999-06-03,22.7463321685791,23.190596468746662,22.7463321685791,22.968464318662882,314600
1999-06-04,23.01289176940918,23.10174463338373,22.61305388152369,22.701906745498245,222100
1999-06-07,23.412729263305664,23.54600855702467,22.835185657189964,23.01289138214864,329200
1999-06-08,23.101747512817383,23.59043832558852,22.924041762718787,23.59043832558852,218200
1999-06-09,22.7463321685791,23.279449328780174,22.479773588478565,22.701905738562346,245200
1999-06-10,22.390920639038086,22.746332077752974,22.168788489841276,22.746332077752974,121200
1999-06-11,22.079938888549805,22.70190899808642,22.079938888549805,22.657482561690948,768300
1999-06-14,22.21321678161621,22.302069648742673,22.079937480926514,22.079937480926514,203100
1999-06-15,22.835187911987305,22.835187911987305,22.47977642697583,22.524202862602266,146300
1999-06-16,25.411924362182617,25.50077724456787,23.856998920440674,24.07913112640381,2315100
1999-06-17,24.656675338745117,24.967660433107667,24.21241091822719,24.25683736027898,1967000
1999-06-18,24.079126358032227,24.78994927635052,23.768141331267973,24.78994927635052,705500
1999-06-21,24.434537887573242,24.523390752618962,24.079126427390356,24.16797929243608,277000
1999-06-22,23.101747512817383,23.634864763113168,23.012894637768085,23.45715901301457,675900
1999-06-23,23.14617156982422,23.235024435735255,23.01289227095767,23.057318703913186,757100
1999-06-24,23.412729263305664,23.590434988264338,23.10174424462798,23.10174424462798,265500
1999-06-25,23.412729263305664,23.590434988264338,23.368302832065993,23.368302832065993,238400
1999-06-28,23.590436935424805,23.67928980523808,23.2350254561717,23.368304760891615,78000
1999-06-29,23.901424407958984,23.901424407958984,23.457160013759,23.501586453179,372900
1999-06-30,24.61224365234375,24.656670084929207,23.67928856804913,23.901420730976422,341500
1999-07-01,24.701087951660156,24.789940786018647,24.079118111150727,24.39010303140544,429400
1999-07-02,25.45634651184082,25.67847868035601,24.656670705186134,24.70109713888917,858200
1999-07-06,24.87879753112793,25.456341045243402,24.834371106965204,25.456341045243402,392700
1999-07-07,23.590436935424805,23.945848414677908,23.501584065611528,23.812569109957995,749900
1999-07-08,23.368303298950195,23.45715616320476,22.790759681295533,22.8796125455501,431500
1999-07-09,23.368303298950195,23.368303298950195,22.835186113422814,23.279450434695633,419400
1999-07-12,23.99027442932129,24.3012594682199,23.279451483267326,23.36830435152407,684000
1999-07-13,23.76814079284668,23.901420087012173,23.279450047573196,23.901420087012173,521200
1999-07-14,24.523393630981445,24.612246506456014,23.72371775171031,23.81257062718488,1155400
1999-07-15,24.47896957397461,24.789954668380823,24.1679844795684,24.6122489001487,1320100
1999-07-16,24.16798210144043,24.345687852186316,24.079129226067487,24.256834976813373,484500
1999-07-19,24.523393630981445,24.523393630981445,23.90142350265945,24.079129253608592,882800
1999-07-20,23.76814079284668,24.167978675343164,23.634861498681182,23.990272949789173,1955300
1999-07-21,24.123552322387695,24.523390206184175,24.07912589085475,24.212405185453576,1054000
1999-07-22,23.901424407958984,24.123556605058972,23.812571529118987,23.990277286798978,915200
1999-07-23,24.434537887573242,24.701096482710405,24.30125859000466,24.434537887573242,227200
1999-07-26,24.2568359375,24.434541695283883,24.079130179716117,24.30126237694597,503400
1999-07-27,24.2568359375,24.478968134729854,23.901424421932234,24.478968134729854,517600
1999-07-28,23.99027442932129,24.12355373170641,23.812568692807798,24.079127297578033,332700
1999-07-29,23.01289176940918,23.14617106537101,22.568627449536415,23.10174463338373,1001200
1999-07-30,22.524206161499023,22.568632603632157,22.124368182300817,22.39092683509962,604400
1999-08-02,22.302072525024414,22.39092540361017,21.457970178459746,21.90223457138852,583200
1999-08-03,22.21321678161621,22.39092251586914,21.85780531311035,22.39092251586914,122500
1999-08-04,21.768949508666992,21.991081646510533,21.680096653529574,21.991081646510533,341000
1999-08-05,21.724525451660156,21.76895188407664,20.88042323574698,21.369113992328295,723000
1999-08-06,21.9466552734375,21.9466552734375,21.41353814128922,21.41353814128922,472200
1999-08-09,22.079938888549805,22.21321819773622,21.724527397386026,21.857806706572443,404000
1999-08-10,21.54682159423828,21.946659520729302,21.19141010402404,21.946659520729302,569100
1999-08-11,22.0355167388916,22.0355167388916,21.45797295339646,21.591252288510724,253900
1999-08-12,22.835187911987305,23.323878703878083,22.435349991349394,22.5686292982287,561100
1999-08-13,23.057323455810547,23.190602782144712,22.524206150473887,23.01289701369916,414100
1999-08-16,23.101747512817383,23.14617395034203,22.524203824996945,22.74633601262019,329500
1999-08-17,23.4571590423584,23.723717667839747,23.190600416877054,23.323879729617726,253700
1999-08-18,23.23502540588379,23.279451840694275,22.92404036221039,23.279451840694275,192900
1999-08-19,23.14617156982422,23.190598002779737,22.835186539135602,23.01289227095767,104500
1999-08-20,23.101747512817383,23.279453262915975,22.924041762718787,23.14617395034203,587800
1999-08-23,23.01289176940918,23.235023929345562,22.924038905434628,23.01289176940918,330600
1999-08-24,22.924036026000977,22.924036026000977,22.657477467559104,22.746330320373062,328100
1999-08-25,23.279451370239258,23.279451370239258,22.968466332850564,23.101745634588575,573200
1999-08-26,23.901424407958984,24.167983044478973,23.856997968538984,23.901424407958984,552900
1999-08-27,24.123552322387695,24.345684480052405,23.901420164722982,23.990273027788867,424400
1999-08-30,23.76814079284668,24.256831538120164,23.67928793006968,24.123552243954666,326200
1999-08-31,23.4571590423584,23.945849855740867,23.323879729617726,23.76814410541997,806000
1999-09-01,23.856992721557617,23.901419151206703,23.190596276821374,23.679287002961285,305500
1999-09-02,23.23502540588379,23.457157579936215,23.101746101452335,23.32387827550476,201500
1999-09-03,24.123552322387695,24.167978753920636,23.723714438591212,23.901420164722982,690600
1999-09-07,25.05650520324707,25.32306376923906,24.434535215932424,24.56781449892842,1738600
1999-09-08,26.74471092224121,27.144548793171726,25.100933008415755,25.278638728829318,4362700
1999-09-09,27.144556045532227,27.455541139343563,26.389306531990414,26.655865183828702,2957500
1999-09-10,27.899797439575195,27.944223868619105,27.188974574872642,27.455533149136098,2612000
1999-09-13,27.36667823791504,27.677663217891347,27.144546109360533,27.36667823791504,2071400
1999-09-14,26.74471092224121,27.2778280834819,26.611431631931037,27.055695932964944,721500
1999-09-15,25.45634651184082,26.12274301738639,25.367493644434745,25.989463716277278,1446200
1999-09-16,24.923233032226562,25.278644554967762,24.478968628800065,25.14536523393981,1026600
1999-09-17,24.87879753112793,25.367488196917943,24.56781256198883,25.18978250026703,1029700
1999-09-20,26.12274742126465,26.52258539199829,25.589630126953125,25.67848300933838,807200
1999-09-21,25.722904205322266,26.078315662390622,25.63405134105518,25.767330637455814,430400
1999-09-22,25.945032119750977,26.122737819201323,25.456341446262513,25.900605694888387,371500
1999-09-23,25.678482055664062,26.833569483773516,25.67848205566406,26.61143728606016,1373600
1999-09-24,26.30044937133789,26.300449371337887,25.50077354585802,25.50077354585802,972300
1999-09-27,26.789142608642578,26.922421925103485,26.30045178161925,26.389304659259853,1103900
1999-09-28,26.567007064819336,26.567007064819336,25.856184133319154,26.30044846550677,876000
1999-09-29,26.567007064819336,26.833565664131907,26.122742732631725,26.167169165850485,609400
1999-09-30,26.83356475830078,26.922417621738866,26.21159471423421,26.34487400939133,959000
1999-10-01,26.74471092224121,26.74471092224121,26.389299481414085,26.478152341620866,556200
1999-10-04,27.27783203125,27.32225846778298,26.833567665920196,26.96684697551914,1059000
1999-10-05,27.855371475219727,28.033077194359887,27.455533607154372,27.455533607154372,1224400
1999-10-06,29.410293579101562,29.587999280485864,28.521765072180067,28.521765072180067,1563700
1999-10-07,28.96603775024414,29.277022818114858,28.432920491037194,28.921611311976893,1172500
1999-10-08,28.521770477294922,28.69947621235595,28.25521187470338,28.299638308468637,1632400
1999-10-11,28.655048370361328,29.010459823016973,28.521769075615463,28.74390123352524,602300
1999-10-12,27.67767333984375,27.89980554963383,27.499967572011688,27.810952665717796,901900
1999-10-13,24.87879753112793,26.433722376823425,24.789944682802474,26.34486952849797,6133900
1999-10-14,26.211599349975586,26.433731547856734,25.41192343760345,25.58962919590837,1766600
1999-10-15,25.634050369262695,25.85618252150934,25.278638925668066,25.678476799712026,979000
1999-10-18,25.545194625854492,25.722900327599564,24.967651095182998,25.634047476727027,662700
1999-10-19,25.945032119750977,26.078311394338737,25.589620720850277,25.811752845163213,370400
1999-10-20,24.523393630981445,24.789952257405155,24.167982129083164,24.523393630981445,2366200
1999-10-21,23.945842742919922,24.03469559168771,23.368299225929274,23.768137045384336,2028400
1999-10-22,24.701087951660156,24.7455143688394,24.345676614226196,24.39010303140544,1124600
1999-10-25,24.523393630981445,24.6566729441933,24.079129253608592,24.079129253608592,586900
1999-10-26,25.189788818359375,25.32306812427662,24.834377335913388,24.878803771219136,929800
1999-10-27,25.45634651184082,25.45634651184082,25.05650860851348,25.23421434332563,1004000
1999-10-28,25.45634651184082,25.500772945543858,25.18978790962259,25.411920078137783,460500
1999-10-29,25.98946189880371,26.256020482381185,25.81175617641873,25.81175617641873,638800
1999-11-01,25.8117618560791,26.122746938682464,25.767335415707194,25.90061473682292,290100
1999-11-02,25.856189727783203,26.167174827601904,25.545204627964505,25.81176328495196,383800
1999-11-03,25.545194625854492,26.16716458196225,25.367488924109416,26.033885305653445,768900
1999-11-04,24.87879753112793,26.03388455935887,24.65666541031429,25.856178862707957,614900
1999-11-05,25.14535903930664,25.323064756898912,24.612241886529823,24.745521174724026,393500
1999-11-08,25.545194625854492,25.545194625854492,25.145356796928073,25.23420964780061,757800
1999-11-09,25.278640747070312,25.76733151722457,25.100935012468764,25.722905083574183,492000
1999-11-10,25.945032119750977,26.122737819201323,25.411915021399928,25.456341446262513,731500
1999-11-11,26.87799644470215,26.922422885106613,26.344879159848553,26.47815848106195,534900
1999-11-12,26.87799644470215,26.922422885106613,26.300452719444085,26.789143563893216,262200
1999-11-15,26.5225830078125,26.5225830078125,25.945039324225295,25.945039324225295,566700
1999-11-16,27.144556045532227,27.188982487505275,26.567012299882606,26.655865183828702,776300
1999-11-17,26.478151321411133,26.966842033719058,26.211592751061357,26.8779891769358,925800
1999-11-18,26.30044937133789,26.433728675584533,25.900611458597954,26.38930224083565,716500
1999-11-19,26.30044937133789,26.300449371337887,25.589626415355784,25.634052850104666,1331700
1999-11-22,25.411924362182617,25.545203685760498,25.0565128326416,25.456350803375244,1069400
1999-11-23,24.83437728881836,25.323068076254856,24.52339224226786,25.278641641033357,501700
1999-11-24,24.78995132446289,24.834377760528234,24.434539835940125,24.656672016266853,850800
1999-11-26,25.05650520324707,25.189784486243063,24.878799492585742,24.967652347916406,233000
1999-11-29,24.390104293823242,24.434530713301974,23.990266518514666,24.390104293823242,800500
1999-11-30,23.856992721557617,24.256830588399367,23.812566291908535,24.1679777291012,627900
1999-12-01,23.546010971069336,23.590437406863806,23.190599484713573,23.546010971069336,660700
1999-12-02,25.0120849609375,25.056511399589255,24.434541258464698,24.967658522285745,2044800
1999-12-03,26.96685218811035,27.0112786332308,25.856191060099217,25.945043950340107,2270800
1999-12-06,29.14373779296875,29.27701708165611,28.477341349531965,28.56619420865687,2108600
1999-12-07,29.410293579101562,29.676852131178013,28.610617922872216,29.01045575098689,1314900
1999-12-08,29.23259162902832,29.8545616636885,29.14373876693401,29.410297353216944,1031700
1999-12-09,29.499149322509766,29.632428611617488,29.01045859578144,29.499149322509766,821300
1999-12-10,32.87556457519531,33.40868183857686,31.054080591975033,31.054080591975033,1426300
1999-12-13,38.20674133300781,39.095270201217296,33.31983255785565,33.31983255785565,4152100
1999-12-14,37.673614501953125,37.673614501953125,33.497529875557376,34.47491138386276,2465500
1999-12-15,36.029842376708984,37.49591487785744,32.78671229841089,33.36425601098452,2054200
1999-12-16,35.763282775878906,35.985414967033435,35.27459195533895,35.89656209057162,883100
1999-12-17,36.607383728027344,37.40705958616386,35.763281433327684,35.896560743017105,796000
1999-12-20,37.14048767089844,38.11786892539576,35.629989368493476,36.07425357508317,1275200
1999-12-21,38.11787796020508,38.38443654733938,37.007217180478825,37.05164361166787,594900
1999-12-22,36.11868667602539,37.31820025567199,35.541143100639985,37.31820025567199,590200
1999-12-23,35.85213088989258,35.940983754551546,35.2745872696093,35.496719431256714,383100
1999-12-27,35.36344909667969,35.852139976156415,34.697052442847784,35.852139976156415,399400
1999-12-28,35.45228958129883,36.07425957395319,35.230157441065124,35.319010297158606,574500
1999-12-29,36.11868667602539,36.11868667602539,35.36343738513679,35.49671667176419,283400
1999-12-30,37.14048767089844,37.6291782981471,35.54113652717554,35.54113652717554,323200
1999-12-31,37.00722122192383,37.8513235066976,36.962794785883105,37.6736177625347,177300
2000-01-03,36.474098205566406,37.58475893046185,35.718848912637505,37.36262678548277,665800
2000-01-04,33.23097229003906,36.02983760323754,33.05326655586773,35.23016179946655,2358800
2000-01-05,32.031463623046875,33.14212463632867,30.743096847639997,31.542772777202885,1433100
2000-01-06,31.89817237854004,33.31981794415742,31.809319530688953,33.05325940060416,957100
2000-01-07,42.64938735961914,42.64938735961914,37.851331281661984,38.02903706232706,4356100
2000-01-10,42.604957580566406,42.8715162307055,41.227737888181046,41.58314942169985,2478400
2000-01-11,41.27215576171875,42.24953727598981,40.91674430198382,41.31658219418562,1257400
2000-01-12,43.004791259765625,43.449055632283866,42.205115389232795,42.604953324499206,735700
2000-01-13,44.78184127807617,45.84807559422084,43.76003339177086,45.003973427272975,1256100
2000-01-14,44.42643356323242,45.44824153518677,44.07102209472656,45.44824153518677,454000
2000-01-18,43.360191345214844,43.53789704744933,42.38280998292517,42.78264781295276,630800
2000-01-19,43.226924896240234,43.226924896240234,42.205116805167755,42.205116805167755,306700
2000-01-20,44.0710334777832,44.64857726327835,43.315783912135714,44.51529792816409,568600
2000-01-21,43.715614318847656,43.715614318847656,42.87151200984552,43.226923508372735,441200
2000-01-24,44.42643356323242,45.848079437255855,44.07102209472656,44.07102209472656,1249200
2000-01-25,45.98135757446289,46.55890119617112,45.40381395275466,45.892504709584706,1192900
2000-01-26,49.04678726196289,49.75761026575945,45.4038193675055,45.75923086940378,2387600
2000-01-27,48.73580551147461,49.35777568208596,47.66957093328374,48.15826178162122,1656100
2000-01-28,48.558082580566406,50.73497740805749,48.38037688036305,49.046773256125626,1735600
2000-01-31,46.33677291870117,46.78103728033781,45.359391323100574,46.64775797184682,609200
2000-02-01,47.22530746459961,47.35858678952322,46.203499306851924,46.55891083998156,422500
2000-02-02,46.203495025634766,46.6921858384059,45.44824558771573,45.89250996296222,856700
2000-02-03,47.09202194213867,47.18087481372761,46.114640354660324,46.6033311483995,656200
2000-02-04,48.95793914794922,49.6687622208777,47.93613098061453,47.93613098061453,438300
2000-02-07,48.73580551147461,48.95793771526438,47.53629161100988,48.913511274506426,488700
2000-02-08,51.090389251708984,52.28990273848824,50.42399287016495,50.46841929560122,728900
2000-02-09,51.44580841064453,52.5120427818496,51.17924981784327,51.89007273197998,771300
2000-02-10,50.37957763671875,50.77941555447048,49.31334318938079,50.2462983308015,419300
2000-02-11,49.2244873046875,51.268103203618566,48.691370113662,51.09039747327674,744900
2000-02-14,49.49104690551758,49.62432620598127,48.33595963483225,48.51366536878383,447300
2000-02-15,48.06940460205078,48.335963222764555,47.1808758663382,48.15825747562204,847800
2000-02-16,48.33596420288086,48.86908145511852,47.4918618868379,47.4918618868379,473300
2000-02-17,50.69056701660156,51.49024292045681,50.29072906467395,50.55728769929236,792500
2000-02-18,50.246299743652344,51.490239967191044,49.93531468776767,51.179254911306366,282800
2000-02-22,51.356964111328125,51.80122850675483,50.690567518188054,51.17925835315744,508100
2000-02-23,52.11220932006836,52.86745873050413,50.73498980692077,52.156635755976346,591800
2000-02-24,51.756797790527344,53.31172304603675,50.46843115024812,53.045164430806565,793400
2000-02-25,50.157447814941406,51.5346673740762,49.846462753201294,50.46843287668152,429900
2000-02-28,50.46842575073242,50.69055790632544,49.124526209394695,49.49104426612317,335100
2000-02-29,50.69056701660156,50.69056701660156,48.7802301351696,49.44662672171564,377000
2000-03-01,50.823848724365234,51.17926025390625,50.33515787124634,50.6017165184021,321200
2000-03-02,51.44580841064453,52.067778460514155,50.823838360774914,51.00154408930909,420700
2000-03-03,53.267295837402344,53.57828088399268,52.334340697631326,52.51204643854009,715000
2000-03-06,57.976497650146484,58.50961486991795,57.35452756041311,57.93207121516553,753500
2000-03-07,58.243064880371094,59.531431685505154,58.02093267258935,59.17602015305438,475400
2000-03-08,57.754364013671875,58.24305478609525,56.11058596097506,58.24305478609525,331100
2000-03-09,59.353721618652344,60.375529700410574,58.0209284685329,60.33110326207326,511600
2000-03-10,59.664710998535156,61.08635712806094,59.26487302460603,60.73094559567949,615500
2000-03-13,56.82141876220703,57.57666826881963,55.35534619054727,56.066169255594424,423600
2000-03-14,55.04435348510742,57.22124882067664,54.77779487258874,56.91026377273818,671100
2000-03-15,51.490230560302734,53.622699125354096,50.823834133724176,53.48941984003839,1408900
2000-03-16,51.04597854614258,53.00074186731775,49.13564166408502,52.60090391525919,1639500
2000-03-17,51.89006423950195,52.51203418757817,50.24628651958622,50.24628651958622,614800
2000-03-20,54.24467086791992,55.932875202875664,53.75598013938011,55.08877303539779,764000
2000-03-21,53.48942184448242,53.97811257561972,52.24548180158748,53.31171612406886,633200
2000-03-22,54.5112419128418,54.51124191284179,52.60090499169086,53.48943379222618,733800
2000-03-23,51.756797790527344,52.778605815576384,51.17925412419528,52.334341456859406,574000
2000-03-24,52.91187286376953,53.26728426839603,51.356947968528615,51.490227245263554,520700
2000-03-27,53.66712951660156,54.422378855825265,52.956306609096906,53.22286519941115,469800
2000-03-28,51.26810073852539,54.02253942638378,51.22367430807606,53.533848691441165,1061200
2000-03-29,41.93854522705078,49.49103748192221,39.80607682567532,48.86906753152103,6785100
2000-03-30,41.22773361206055,44.293157770715915,40.694616367077,43.315776154912754,4030400
2000-03-31,42.4716682434082,43.71560831748292,40.694610994730034,43.537902592615104,2882200
2000-04-03,38.73984146118164,41.67198542498667,37.584754445137236,41.67198542498667,1535200
2000-04-04,37.76247787475586,39.67281499077292,34.83033253389246,39.67281499077292,2754300
2000-04-05,39.36182403564453,41.05002867825682,37.14050213747046,37.18492857543394,1497500
2000-04-06,42.07183074951172,42.24953647601441,41.22772854862394,41.98297788626038,638100
2000-04-07,41.627559661865234,42.604940998643286,40.78345759828419,42.16067675465327,1197000
2000-04-10,38.428871154785156,40.2947816617227,38.251165392219676,40.16150233979859,927500
2000-04-11,38.295589447021484,38.384442322768635,36.87394343506709,36.96279631081424,982800
2000-04-12,35.5411491394043,39.006411180496215,35.5411491394043,38.65099968910218,1249400
2000-04-13,35.36344909667969,36.562963073577116,34.91918466079176,36.42968374281074,1384600
2000-04-14,32.65342712402344,34.874748697086254,32.0758835150271,33.58638218470982,1189600
2000-04-17,35.89656066894531,36.42967790660291,34.208356083029564,34.25278251950103,1917800
2000-04-18,35.407867431640625,36.38524896676746,33.986221562365216,36.34082253335261,1452600
2000-04-19,34.38605880737305,37.62918838481262,34.20835307710239,37.318203356838964,2668400
2000-04-20,31.58719253540039,34.11949910996836,30.654237481612196,33.764087660906185,4138900
2000-04-24,30.43210792541504,30.43210792541504,28.966035572803804,29.854564271356068,2245400
2000-04-25,34.65262222290039,34.65262222290039,32.298020969293056,33.31982906048115,2925000
2000-04-26,34.38605880737305,35.05245529588803,34.11950021196706,34.8303231330497,1128600
2000-04-27,34.11949920654297,34.386057794094086,33.23097058137258,33.23097058137258,895500
2000-04-28,34.91917419433594,35.00802705488132,34.43048346133632,34.785894903517864,791000
2000-05-01,36.25196838378906,36.6073798385321,35.096881155874215,35.096881155874215,555100
2000-05-02,35.5411491394043,36.82951579570771,35.496722702980044,36.562957177162176,1121900
2000-05-03,33.8055305480957,35.31987579003938,33.1374370590029,35.31987579003938,743000
2000-05-04,34.25092697143555,34.56270393996617,33.22651693197779,34.47362480610028,731100
2000-05-05,35.76527404785156,35.80981361702697,34.384547403413954,34.384547403413954,646200
2000-05-08,34.562705993652344,35.45349738524133,33.805533310801714,35.27533910692353,499200
2000-05-09,33.31559371948242,34.56270150577321,33.09289590050192,34.56270150577321,592800
2000-05-10,31.31131935119629,32.55842737656399,30.643225766177874,32.55842737656399,1082400
2000-05-11,32.29117965698242,32.29117965698242,30.910453354408002,31.756704959211678,895700
2000-05-12,32.870208740234375,33.404683679099975,32.55843169256278,33.137446209667175,850600
2000-05-15,32.513885498046875,32.736583343923904,31.979410667941995,32.55842506722228,1151100
2000-05-16,33.627376556396484,33.627376556396484,32.69204555284109,32.87020383923259,860300
2000-05-17,32.33572006225586,32.959273892657485,31.801245350483036,32.42479918088466,571900
2000-05-18,31.177696228027344,32.246645812988284,30.99953796386719,32.246645812988284,408600
2000-05-19,29.618812561035156,29.796970832078976,29.084337747903692,29.48519385775229,691000
2000-05-22,29.529726028442383,29.66334469825434,28.10446021711485,29.128870019006513,905300
2000-05-23,29.173410415649414,30.331438920698094,29.128870857762927,29.529726878741315,616500
2000-05-24,30.33144187927246,30.509600128196233,28.817096763420384,29.574269321346424,944600
2000-05-25,29.66335105895996,31.62309196976212,29.128876265104825,30.9549984774432,1645900
2000-05-26,29.975130081176758,30.42052577331906,29.440655250606,29.930590511962528,546300
2000-05-30,31.355854034423828,31.44493316520344,30.331444030458275,30.331444030458275,510000
2000-05-31,30.55413818359375,31.845785424591156,30.465059063524965,31.044073343972077,515500
2000-06-01,32.91474151611328,33.13743936128319,31.222237892821937,31.355856599923882,636900
2000-06-02,34.562705993652344,36.344288776830304,34.473626854493446,35.80981394187692,800800
2000-06-05,35.18625259399414,35.18625259399414,34.117303148100646,34.295461389082895,521900
2000-06-06,33.89461898803711,35.275345911334284,33.76100025352448,35.275345911334284,1012400
2000-06-07,35.00810241699219,35.05264198749727,34.07277143638552,34.16185057739568,755300
2000-06-08,34.696311950683594,35.898879887356834,34.562693291053236,35.720721674516355,292800
2000-06-09,34.20638656616211,35.4534944097201,33.894609605272606,35.09717788298924,1463100
2000-06-12,33.31559371948242,34.07276630401611,33.22651459189022,34.07276630401611,423800
2000-06-13,33.31559371948242,33.40467284707462,32.64750026254093,33.22651459189022,849200
2000-06-14,34.785400390625,35.765270824163736,34.740860825464146,35.00809821642926,1025200
2000-06-15,35.94342803955078,36.16612585887885,35.36441370929779,36.12158629501324,662500
2000-06-16,35.0971794128418,36.032510336280474,34.963560709493414,36.032510336280474,416900
2000-06-19,36.834224700927734,37.01238298243162,35.23080016739279,35.63165630077653,697600
2000-06-20,38.12586975097656,38.17040931844266,37.23507840165468,37.54685537391734,633000
2000-06-21,36.87874984741211,36.87874984741211,35.765261023516814,36.56697297672142,882100
2000-06-22,35.00810241699219,36.83422480770043,35.00810241699219,36.78968523719535,838900
2000-06-23,35.631656646728516,35.631656646728516,34.38454866409302,35.31987965106964,689700
2000-06-26,35.36441421508789,36.52244289215626,35.00809769906686,35.94342855362208,884800
2000-06-27,35.898895263671875,36.34429098654622,35.319880823935236,35.542578685372405,604000
2000-06-28,35.453495025634766,35.80981155855572,35.052638926098695,35.052638926098695,630000
2000-06-29,33.671905517578125,33.98368242051866,32.60295613606771,33.048351711697045,715700
2000-06-30,33.22652053833008,33.493757968933274,32.5584269618221,32.78112482065809,609700
2000-07-03,33.404666900634766,33.67190423583985,32.513875783284504,32.914731786092126,210200
2000-07-05,33.003814697265625,34.69631801507412,32.82565645328578,34.161843283134594,1671800
2000-07-06,32.95927429199219,33.13743253140836,32.29118089418154,32.60295781315984,519500
2000-07-07,33.27104949951172,33.93914286295573,32.82565392388238,32.95927259657118,497200
2000-07-10,33.493743896484375,33.805520767861225,33.04834836594602,33.22650657816136,760200
2000-07-11,32.82565689086914,33.44921075311089,32.64749864451436,33.27105250675611,1135800
2000-07-12,34.74085998535156,35.230795190273184,34.16184565226237,34.78539954943535,739800
2000-07-13,36.61151885986328,37.14599358774449,36.21066281395237,36.52243973854974,783700
2000-07-14,37.27961349487305,37.4132321812346,36.477901376703734,37.012376122149945,266200
2000-07-17,38.97212600708008,39.28390301513672,37.992255410330635,38.66034899902344,955800
2000-07-18,37.14599609375,37.50231260304257,37.01237740276529,37.50231260304257,396300
2000-07-19,35.453495025634766,36.52244462439763,35.453495025634766,35.631653292095244,709900
2000-07-20,41.86719512939453,42.40166996083361,39.01666269505277,39.01666269505277,3129700
2000-07-21,42.13442611694336,42.49074261687523,40.66462055472441,41.33271399209666,1030900
2000-07-24,41.11001968383789,43.15883973308659,40.8427822861098,42.40166710619033,924000
2000-07-25,40.976402282714844,41.55541666279669,40.441927470331606,41.51087709509808,179300
2000-07-26,40.30831527709961,40.84279017580148,39.68476122861409,40.531013151558724,377400
2000-07-27,39.10573196411133,40.88731428593873,38.92757373192859,40.70915605375598,230100
2000-07-28,38.12586975097656,39.239358937628914,37.591394941383435,38.74942369550188,506300
2000-07-31,39.729286193847656,39.907444427900785,39.19481149168827,39.81836531087422,309300
2000-08-01,40.30831527709961,40.84279017580148,40.085617402640494,40.35285485199143,454800
2000-08-02,39.77382278442383,40.30829744670052,39.729283229234106,40.130139225941626,164700
2000-08-03,38.66034698486328,38.7494261253814,37.056922455537155,37.41323901760963,435500
2000-08-04,38.571250915527344,39.5511210311643,38.482171814105804,39.32842327761045,666100
2000-08-07,39.77382278442383,39.77382278442383,39.01665034619852,39.283887677336864,313700
2000-08-08,40.35285186767578,40.397391439273655,39.32844172092463,39.3729812925225,334600
2000-08-09,41.02095031738281,41.02095031738281,40.44193581778892,40.93187116359914,352400
2000-08-10,41.42178726196289,41.867182823919485,40.70915436283235,40.931852143810644,305400
2000-08-11,44.18325424194336,44.18325424194336,42.490750551223755,42.75798797607422,887900
2000-08-14,45.16311264038086,45.25219175801475,43.06975337598451,43.693307199421724,535200
2000-08-15,43.5596923828125,44.00508801044862,43.247915443467214,43.73785063386695,533100
2000-08-16,44.45048141479492,44.49502097533079,43.69330888568519,43.69330888568519,336500
2000-08-17,44.6286506652832,44.76226937984992,43.33700309113828,43.33700309113828,719600
2000-08-18,43.91600799560547,44.049626681190475,43.24791456768043,44.049626681190475,446000
2000-08-21,42.75798034667969,42.98067816098531,42.13442646662394,42.71344078381856,358900
2000-08-22,42.223514556884766,42.936147713962995,42.17897498456738,42.757989424693434,449600
2000-08-23,42.13442611694336,42.22350524192633,41.06547661714776,41.5108722420626,475000
2000-08-24,43.114295959472656,43.20337508335586,42.357123406465384,42.4907420922902,480200
2000-08-25,44.76226043701172,44.76226043701172,44.09416699765333,44.13870656027723,281600
2000-08-28,44.361412048339844,44.539570329658474,43.73785806372462,43.82693720438394,278300
2000-08-29,43.51515197753906,43.82692891084794,43.33699372993399,43.470612415637795,161800
2000-08-30,43.47061538696289,43.73785277663684,42.93614060761499,43.648773646745525,259600
2000-08-31,45.74213790893555,45.74213790893555,44.94042565736706,44.984965226898645,329700
2000-09-01,48.32542419433594,48.59266156315255,47.21193515760009,47.523712087886125,610800
2000-09-05,48.32542419433594,49.082596739316315,48.058186825519336,48.23634507139707,391500
2000-09-06,45.51942825317383,46.454758970704795,45.4303491372185,46.3211402967718,357800
2000-09-07,46.41021728515625,47.03377106825816,45.29672838675999,45.43034705456754,348200
2000-09-08,45.11857986450195,45.69759421616881,44.6731842093736,45.69759421616881,324400
2000-09-11,43.78239059448242,45.11857748953275,43.29245539963063,45.074037926364404,298700
2000-09-12,43.069766998291016,44.36141461251071,42.89160870667451,43.871479310565306,202600
2000-09-13,42.53528594970703,42.53528594970703,41.7781133202358,41.95627158599374,305800
2000-09-14,42.17896270751953,44.04962420035567,41.86718579204685,43.91600552229595,332400
2000-09-15,41.02095031738281,42.178979316570604,40.84279200981546,42.13443973967876,400800
2000-09-18,39.506591796875,41.02093691648464,39.41751267219208,41.02093691648464,438400
2000-09-19,40.44192123413086,40.709158599114105,39.59566957835059,39.59566957835059,304600
2000-09-20,39.90745162963867,41.065480359963004,39.23935813137463,40.57554512790271,403100
2000-09-21,38.70487976074219,39.68475013443186,38.348563261218665,38.97211713538483,1408700
2000-09-22,42.045352935791016,42.045352935791016,38.749424845485365,39.016662258212854,1033400
2000-09-25,41.33272171020508,43.29246282577515,41.24364256858826,42.579829692840576,459500
2000-09-26,42.71343994140625,42.936137751319734,41.9562673877004,42.62436081744085,639500
2000-09-27,43.737850189208984,44.272324936938624,43.47061281534416,44.18324581231702,407000
2000-09-28,45.11857986450195,45.11857986450195,42.75798289232169,42.75798289232169,325300
2000-09-29,43.82693099975586,44.89588053633528,43.693312307683435,44.53956402414214,237700
2000-10-02,44.316864013671875,45.20765525012759,44.18324532820352,44.53956182278581,326400
2000-10-03,42.40166091918945,44.80679714779894,42.31258179961132,44.53955978906455,1195300
2000-10-04,42.312583923339844,43.11429603978207,40.30830363223427,40.97639706260279,799500
2000-10-05,39.99652862548828,40.26376601051382,39.46205385543721,40.085607753830125,576900
2000-10-06,37.413246154785156,40.08562088012695,36.25521710713704,39.952002143859865,970500
2000-10-09,36.07705307006836,36.745146645439995,35.720736496536816,36.745146645439995,1519300
2000-10-10,35.453495025634766,36.656063324242986,35.18625762594405,36.52244462439763,1110000
2000-10-11,33.760982513427734,34.82993182783706,32.91473097285369,33.0038100823878,712500
2000-10-12,33.85006332397461,35.498026933168106,33.58282598194323,35.364408262152416,930400
2000-10-13,37.8140869140625,38.17040339852952,35.54256932558525,35.631648446702,701900
2000-10-16,37.235076904296875,37.725012126721836,36.70060211619692,37.324156035646865,343000
2000-10-17,36.299747467041016,37.725013625256125,35.98797049493146,37.368697085702344,519300
2000-10-18,36.65605926513672,37.4132318137483,34.384541619302006,34.518160304351106,1099800
2000-10-19,33.71644592285156,35.85434473962419,33.27105033602393,35.45348871147932,1732100
2000-10-20,32.870208740234375,32.870208740234375,31.53402139307038,31.890338018980778,1172400
2000-10-23,32.95927429199219,32.95927429199219,31.35585013724662,31.75670617593301,378400
2000-10-24,34.607242584228516,35.72073172786521,34.11730736102837,34.2063864925193,685500
2000-10-25,32.513885498046875,34.29546826506314,32.38026679052065,33.27105817402879,366600
2000-10-26,34.117313385009766,34.34001125305814,32.91474489754859,33.76099679613238,394700
2000-10-27,35.453495025634766,35.58711372548012,34.65178282656262,35.36441589240453,219600
2000-10-30,34.34001159667969,34.91902605939932,33.80553670801541,34.34001159667969,287300
2000-10-31,36.34428405761719,36.34428405761719,35.008097143734204,35.230794962714704,223900
2000-11-01,36.477909088134766,36.6560673742795,35.809815515092005,36.032513372772925,300700
2000-11-02,36.03251266479492,36.34428965942232,35.18626082223484,36.34428965942232,308700
2000-11-03,36.522438049316406,36.78967540089677,36.07704246334914,36.07704246334914,165700
2000-11-06,37.235076904296875,37.85863082374682,37.145997772946885,37.41323516699686,103100
2000-11-07,36.92329788208008,36.96783744526714,36.12158574471284,36.210664871086976,169200
2000-11-08,35.631656646728516,36.65606677532196,35.587117075920105,36.43336892127991,233200
2000-11-09,35.00810241699219,35.31987941052774,33.67191530183981,33.89461315436521,237100
2000-11-10,32.46934509277344,33.09289904517238,31.801251572346,32.64750336488742,468400
2000-11-13,30.954998016357422,31.712170629707174,30.33144409948116,30.33144409948116,269200
2000-11-14,33.003814697265625,33.09289381925554,31.756706989406734,31.756706989406734,324900
2000-11-15,32.11302947998047,32.78112301978589,31.667633786776854,32.02395034133975,246800
2000-11-16,28.906177520751953,30.910457934363414,28.906177520751953,30.82137880486957,524600
2000-11-17,29.128873825073242,30.465060697783024,28.817096888107624,29.97512551112277,418700
2000-11-20,27.92630386352539,28.81709505534438,27.92630386352539,28.594397257389634,312700
2000-11-21,28.549861907958984,29.262494966503983,28.238084944845546,28.594401474118047,372000
2000-11-22,26.10018539428711,26.723739311556766,25.654789739094497,26.50104148396046,382000
2000-11-24,27.0355167388916,27.83722893213715,26.901898040017343,27.703610233262893,328800
2000-11-27,27.65907096862793,28.32716447028561,27.3027544344105,28.059927069622535,330200
2000-11-28,25.52117347717285,26.59012315160941,25.298475628331904,26.322885733000273,461400
2000-11-29,24.36314582824707,25.120318550514344,23.91775010926632,24.89762069102397,561800
2000-11-30,23.695045471191406,24.229520181067905,22.89333340637666,23.249649879627658,545100
2000-12-01,24.719459533691406,25.432092601329355,24.318603433145057,24.318603433145057,702600
2000-12-04,24.986698150634766,25.253935564010536,24.630381599467068,24.764000306154955,359500
2000-12-05,28.104467391967773,28.327165231840738,25.96656812918734,25.96656812918734,416800
2000-12-06,27.65907096862793,28.99525797194329,26.94643790019307,28.015387502845357,496600
2000-12-07,26.94643783569336,27.79268960243414,26.76827956901109,27.035516969034493,333200
2000-12-08,28.32716178894043,29.307032165287424,28.059924413573068,28.7725574145527,339200
2000-12-11,30.197824478149414,30.19782447814941,29.128874939099877,29.48519145211639,358400
2000-12-12,28.371706008911133,29.440655685855976,28.28262686916573,29.440655685855976,255600
2000-12-13,27.436372756958008,28.772559741874794,27.436372756958008,28.7280201757109,185900
2000-12-14,26.72374153137207,28.059928607940677,26.723741531372074,27.748151623408003,219600
2000-12-15,25.432090759277344,25.87748639429096,24.763997306756924,25.476630322778707,339800
2000-12-18,24.67491912841797,25.12031478055548,24.318602606707962,24.897616954486722,245400
2000-12-19,24.36314582824707,25.877491272781622,24.318606256348993,24.71946240343167,420400
2000-12-20,22.759714126586914,24.00682174996154,22.71517456860925,23.873203076028542,544700
2000-12-21,22.6260986328125,23.962285559947095,22.09162386195866,22.44794037586122,823700
2000-12-22,22.84879493713379,24.05136309171978,21.779845466390686,23.38326967250534,644200
2000-12-26,23.338733673095703,23.338733673095703,22.403402743448737,22.848798424233006,235200
2000-12-27,23.516891479492188,23.650510181080215,22.84879797155207,23.338733210708156,363900
2000-12-28,23.917747497558594,24.006826631627714,23.650510095351237,23.695049662385795,347000
2000-12-29,24.006820678710938,24.541295350593185,23.605964674799253,23.96228112272075,472900
2001-01-02,21.601694107055664,23.071500097845018,21.378996229663336,23.026960522366554,1203100
2001-01-03,25.476633071899414,25.565712208514448,20.75543883130267,20.799978399610186,1905800
2001-01-04,21.245372772216797,22.49248060790248,21.022674944415783,22.136164083420855,1107900
2001-01-05,20.844512939453125,22.047080993652344,20.755433824327255,22.00254143608941,776500
2001-01-08,25.74386978149414,25.877488482782173,23.784128829269672,25.69933021439813,2014800
2001-01-09,27.614532470703125,27.614532470703125,25.654791456653225,25.654791456653225,1109200
2001-01-10,28.50532341003418,28.594402545690535,26.233805450797078,26.367424154281615,1317500
2001-01-11,31.266786575317383,31.400405321365746,29.128886638543545,29.30704496660803,999300
2001-01-12,30.15328025817871,30.82137361692713,29.48518689943029,29.574266013930078,1074500
2001-01-16,29.707889556884766,29.707889556884766,28.416242184846297,28.5944004430585,625700
2001-01-17,31.44493293762207,31.578551632824432,30.776839461610273,31.355853807487165,594700
2001-01-18,31.489477157592773,31.53401672924425,30.375987866305902,30.776844011169175,412100
2001-01-19,31.89032745361328,32.33572308844028,31.04407574744198,32.29118352495758,886700
2001-01-22,31.801254272460938,31.84579384427111,30.019671400054165,30.019671400054165,554300
2001-01-23,30.643217086791992,31.890324758928877,29.88604457156603,31.04407312426456,1225100
2001-01-24,32.558414459228516,33.04834956053018,31.890321139271705,32.068479357926854,1426000
2001-01-25,32.82565689086914,33.850066807409156,32.78111732928045,33.3601316299335,457700
2001-01-26,32.46934509277344,32.9147407730584,32.24664725263096,32.46934509277344,493500
2001-01-29,33.002037048339844,33.30846947290014,32.3179072641591,32.567330459150604,232700
2001-01-30,33.38685607910156,33.486626985960505,32.709856881245294,33.486626985960505,331800
2001-01-31,33.9498405456543,34.990284222179994,33.871450469474496,34.384547172848066,544400
2001-02-01,33.793060302734375,34.156504706143195,33.56501792817492,33.94984045467383,197400
2001-02-02,32.65997314453125,34.035352394578666,32.06848642340724,33.85719413667085,514500
2001-02-05,32.84526443481445,33.30847710415368,32.68848426024181,33.080431978193495,513000
2001-02-06,32.325035095214844,32.70272973610254,32.26802314720499,32.652845640833576,647500
2001-02-07,31.384353637695312,31.88319721249194,30.735857806003335,31.58388998022245,480900
2001-02-08,30.54344940185547,31.612398852400226,30.536321549836913,31.412862491545162,314500
2001-02-09,29.73817253112793,30.628963714249945,29.716794412646266,30.45793332943873,676900
2001-02-12,30.0731143951416,30.251272652555382,29.588523717497786,29.738176001290334,471100
2001-02-13,29.873577117919922,30.393801653517624,29.745305665769706,30.244146642130076,403400
2001-02-14,30.144380569458008,30.20851765928901,28.576587154628783,29.253589165404996,1179500
2001-02-15,31.006664276123047,31.64091000414836,30.90689607936026,31.099307338179695,411500
2001-02-16,31.59815216064453,31.59815216064453,30.557708473977648,30.564833608936375,685600
2001-02-20,30.500694274902344,31.49838164140712,30.38667309460003,31.213327331411648,565500
2001-02-21,30.215639114379883,31.05654623921307,29.64553056172894,30.493565538633742,477900
2001-02-22,29.296348571777344,29.431747888575792,28.612221415617284,29.111062434600868,932600
2001-02-23,28.042110443115234,28.220268712051112,26.22489664366518,27.963723088306182,1057800
2001-02-26,28.18463897705078,28.36279725467876,27.28672245393677,27.93521847576344,611700
2001-02-27,27.407867431640625,28.790377337954908,27.400742297016492,28.37704884928956,552900
2001-02-28,27.57176971435547,29.217952918411125,27.407864451030658,28.362792777103262,722300
2001-03-01,27.714303970336914,27.764188075521695,26.481448893593374,26.55983897844941,500700
2001-03-02,25.512264251708984,26.146507271163166,24.229525224686206,24.76400004581899,1710900
2001-03-05,25.640531539916992,26.616837856469562,25.54788850129442,26.616837856469562,812300
2001-03-06,26.65247344970703,27.258210370549886,26.65247344970703,27.151314340528693,366400
2001-03-07,27.40073585510254,28.042103841187327,27.293839831515673,27.94233566902828,402600
2001-03-08,26.331789016723633,27.678664906909678,26.246273820745856,27.578896725189093,1414800
2001-03-09,24.792499542236328,26.1465004374676,24.514573142843336,26.082363366955466,1404100
2001-03-12,22.654605865478516,23.866082623775654,22.554836311757764,23.730680601140453,1316100
2001-03-13,23.8304500579834,23.937346111149605,22.583343483188695,23.80194679982136,1559400
2001-03-14,23.374364852905273,23.944470782297206,21.9918576343199,22.148636425092743,1066200
2001-03-15,21.842205047607422,23.830450763030466,21.59278318157318,23.58815539136747,1337400
2001-03-16,20.374177932739258,21.293473811907386,20.310040852885713,21.15807451820733,1572900
2001-03-19,21.16520118713379,21.236463401571857,20.34567212869989,20.844515785204035,651800
2001-03-20,21.029796600341797,22.37667231809176,21.022670108382776,21.934840690547247,1006600
2001-03-21,20.5950927734375,21.236462181200558,20.395556409694056,20.93715627634586,879600
2001-03-22,22.09162712097168,22.269785404205322,19.69005286491665,20.416938986727473,1295300
2001-03-23,21.735307693481445,21.863581858003286,21.093938230111892,21.414622282176843,842300
2001-03-26,21.998979568481445,22.540579409523247,21.91346301717831,22.341043055215046,529400
2001-03-27,23.467008590698242,23.63803901519367,22.590470189340316,22.61897480700962,755200
2001-03-28,21.115318298339844,21.99898454447229,21.115318298339844,21.94197395045469,875600
2001-03-29,20.38130760192871,21.12957183783365,20.31004401773781,20.5238334110707,1057600
2001-03-30,20.65923309326172,21.022676131870625,19.846831806512252,20.666359587262647,581100
2001-04-02,19.241090774536133,19.875333702147515,18.899027264761873,19.383617916561853,889900
2001-04-03,17.381120681762695,18.100880267909048,16.796761763705593,17.929848488909876,1389600
2001-04-04,18.001110076904297,19.16270129037833,17.780194223394926,18.628226530467536,1455200
2001-04-05,21.514389038085938,21.628410200800896,20.103374770819226,20.103374770819226,904000
2001-04-06,19.81119728088379,20.24590385515678,19.72568208022525,20.203146254827512,920900
2001-04-09,20.11762809753418,20.395555875705213,19.690048050473706,20.295786337206085,553900
2001-04-10,21.877832412719727,21.984727084857287,20.82313459904118,20.82313459904118,1678700
2001-04-11,21.521516799926758,22.020359076414866,21.207957904348238,21.706800180836346,735100
2001-04-12,23.64516830444336,23.65942129376338,21.3362370449552,21.34336353961521,996000
2001-04-16,22.348169326782227,23.1178114847029,22.305410371933725,22.98241220540101,708200
2001-04-17,22.27690887451172,22.29828835492379,21.02267456770273,21.122442757813108,825900
2001-04-18,24.799633026123047,25.2984767738096,23.160577328135552,23.36724159365251,1956400
2001-04-19,27.500511169433594,27.65016346653844,25.975476785269144,26.217772145644396,2588500
2001-04-20,26.973155975341797,27.507630685963992,26.011102583613432,26.467187235054404,1258300
2001-04-23,25.334108352661133,25.804446130605363,25.127444083349936,25.305602373760323,482000
2001-04-24,26.11800193786621,26.887644205526072,25.7260515920661,25.932715825582648,462500
2001-04-25,27.080055236816406,27.258213494953356,26.410181164874015,26.410181164874015,436900
2001-04-26,27.7998104095459,27.928084559067845,27.33660061936465,27.5788959330751,957300
2001-04-27,28.526704788208008,28.63360085058664,27.82832461117904,27.82832461117904,476100
2001-04-30,28.71910858154297,28.74761455320895,28.163255726451652,28.255898775126564,893100
2001-05-01,29.30390167236328,29.30390167236328,28.25299243923759,28.381675313789348,647500
2001-05-02,28.217247009277344,28.45316378789768,27.38080834819947,27.94558286762101,723300
2001-05-03,26.444284439086914,26.665902801965977,26.20121711450225,26.408537078624484,749500
2001-05-04,26.92327308654785,27.037657568840363,26.001046664047585,26.093984908141866,922900
2001-05-07,27.38081169128418,27.73826354816032,26.951870553889304,26.951870553889304,330900
2001-05-08,27.037654876708984,27.874093535991207,26.873227370231824,27.530937396140462,343600
2001-05-09,26.108278274536133,26.737394169395255,26.02249061114555,26.322748796582914,541100
2001-05-10,26.851783752441406,27.86694568980215,26.67305782878146,27.595281522239503,714100
2001-05-11,26.108278274536133,26.89467109775455,26.001041649942415,26.89467109775455,322900
2001-05-14,26.093984603881836,26.165473881803134,25.421976119141718,25.722234358980554,157600
2001-05-15,26.015344619750977,26.451436303255335,25.665043341852844,26.04394142161972,306700
2001-05-16,26.880373001098633,27.016206424060993,25.057369452524508,25.114563046854066,882100
2001-05-17,27.337913513183594,27.366507583143754,26.92326813664351,27.13059082491355,581200
2001-05-18,27.3736629486084,27.380810785567334,26.72310069969911,27.0376573415742,345600
2001-05-21,28.045669555664062,28.16720459294883,26.95186785580599,27.030507692788902,739400
2001-05-22,27.666772842407227,28.059969319287497,27.423705483167247,27.995627879278643,576100
2001-05-23,27.001911163330078,27.645322811463426,26.994760599637587,27.59527977417998,735900
2001-05-24,28.16720962524414,28.202954268311263,27.50949673881493,27.50949673881493,1297700
2001-05-25,27.45230484008789,28.002778322675066,27.130597610098317,28.002778322675066,533000
2001-05-29,26.151172637939453,26.80888258158008,25.87950853084675,26.80888258158008,343200
2001-05-30,25.021621704101562,25.543500915244554,24.850043669617403,25.035920100903606,786700
2001-05-31,25.100271224975586,25.736535129330296,24.7142225435217,24.7142225435217,467700
2001-06-01,25.186058044433594,25.221802685453945,24.4139634352571,24.585538803011296,719500
2001-06-04,26.093984603881836,26.093984603881836,25.557806838048645,25.865215641964298,732600
2001-06-05,27.030508041381836,27.3093200290871,26.53722277654236,26.615862614539438,1177500
2001-06-06,26.66590690612793,27.0019125107764,26.244113622875577,26.808888188561816,566400
2001-06-07,26.880373001098633,27.059098892667482,26.101128004772825,26.194066231988018,443600
2001-06-08,26.59442138671875,27.152045467157294,26.53007993688803,27.12344866120108,595300
2001-06-11,26.515779495239258,26.808889915900785,26.058241543683824,26.60871774388061,952800
2001-06-12,25.943859100341797,26.058243597244907,25.121718653940906,25.157463297884092,1158600
2001-06-13,25.84377098083496,26.451438061665343,25.736534330268984,26.05109099031251,536500
2001-06-14,23.963571548461914,25.02162866175938,23.770547228671408,24.778561302816644,1863400
2001-06-15,23.94927215576172,23.94927215576172,23.127131871498577,23.58467249601902,2019200
2001-06-18,23.513181686401367,24.013614809692793,23.427394008081475,23.87778409175787,793800
2001-06-19,24.97158432006836,25.72223259533848,24.892944483462173,25.72223259533848,1252400
2001-06-20,25.743682861328125,25.93670720126332,24.749967084253203,24.807160693333874,553200
2001-06-21,26.058242797851562,26.387097875466964,25.157462526124146,25.564957454287022,922500
2001-06-22,25.915264129638672,26.344205341617382,25.77228281659853,26.101137927591655,649600
2001-06-25,25.464866638183594,25.95100132668649,25.393377365755903,25.84376741804496,393500
2001-06-26,24.957290649414062,25.007333695439108,24.16374702367198,24.328174564488762,920600
2001-06-27,24.70707130432129,25.128864569955102,24.313872112266957,25.028775767433352,781500
2001-06-28,24.8429012298584,25.300439118324753,24.206637433263566,24.356766541577667,1048500
2001-06-29,25.08597755432129,25.629303309590565,23.88493880357667,24.156603044782262,1261900
2001-07-02,24.66417694091797,25.085970220877286,24.53549406044624,24.556940298144493,482600
2001-07-03,23.94927215576172,24.013613593027017,23.62756496943523,23.927825919053614,647200
2001-07-05,22.262096405029297,23.270110314772644,22.162010343048358,22.469419091784474,1085800
2001-07-06,20.946680068969727,21.65443600639505,20.946680068969727,21.65443600639505,966700
2001-07-09,21.111106872558594,21.239788393894848,20.767952058283434,21.146851512334674,792400
2001-07-10,21.13970184326172,21.98328841356324,21.039615763249866,21.88320233355139,1022600
2001-07-11,21.418516159057617,21.797415645643778,20.982425789347168,21.12540572429934,983800
2001-07-12,23.491735458374023,23.80629209710516,22.640999693853104,22.869768654228682,738100
2001-07-13,23.634714126586914,24.092251996738103,23.577520529247607,23.577520529247607,832100
2001-07-16,22.91981315612793,23.6633109169795,22.87691795319488,23.506033960507256,1014900
2001-07-17,23.40594482421875,23.40594482421875,22.247800404109462,22.347886470741855,898900
2001-07-18,22.269248962402344,22.590956158097086,21.911797128772864,22.040480007050764,772100
2001-07-19,24.914392471313477,25.65789296240287,24.149445742238807,24.256682386447505,3521200
2001-07-20,24.313871383666992,24.47830161931197,24.006465330127043,24.006465330127043,966500
2001-07-23,24.59268569946289,24.98588214632348,24.242381724572724,24.814304077019113,440000
2001-07-24,24.228084564208984,24.671324069135373,23.99216777488113,24.449705680242694,387000
2001-07-25,24.521198272705078,24.60698595978117,23.977872618367957,24.435410585628986,478500
2001-07-26,25.20035171508789,25.200351715087887,24.306722221645057,24.54978955294714,286600
2001-07-27,25.236103057861328,25.286146104625708,24.87865116546346,25.178912173191254,377400
2001-07-30,25.65789222717285,25.68648902842788,25.271843591653187,25.614999752431377,700100
2001-07-31,25.79372787475586,26.072539892976277,25.343337761477564,25.4505716846401,464600
2001-08-01,26.973318099975586,27.023361144192464,26.043943772480397,26.201223469814224,1590100
2001-08-02,26.95186424255371,27.766853849042064,26.908969048002522,27.695364585264024,1095100
2001-08-03,26.66590690612793,26.737398910915438,26.251264186924896,26.472882583913346,1470200
2001-08-06,25.915264129638672,26.222672998175376,25.815178028653087,25.85092267512769,703400
2001-08-07,26.236968994140625,26.57297191273333,25.986751037500177,26.093987694223436,480300
2001-08-08,25.400527954101562,26.136880630161603,25.40052795410156,26.05824078568654,1101400
2001-08-09,25.522056579589844,25.7222286954081,24.828599282447254,25.13600801867703,666200
2001-08-10,25.264694213867188,25.371930848462007,24.97158383673436,25.171755979027733,878600
2001-08-13,25.83662223815918,25.94385889628682,25.472022509379915,25.59355484325917,723600
2001-08-14,26.16547393798828,26.67305763002757,25.965301777665896,26.637310263849017,431700
2001-08-15,25.779428482055664,26.715950586529257,25.779428482055664,26.637310742947857,653100
2001-08-16,25.79372787475586,25.943857003468192,25.350485598831877,25.55780833494394,833400
2001-08-17,25.307588577270508,25.71508341184659,25.207499782288664,25.522059112235684,556600
2001-08-20,24.66417694091797,25.00018254294317,24.28527886349627,24.728518381153837,635700
2001-08-21,24.178043365478516,25.264697336944444,24.106554085005474,24.871500840060232,816100
2001-08-22,25.865215301513672,25.87236313835526,25.293292904247757,25.75083082206049,1103900
2001-08-23,25.107412338256836,25.76512503352567,24.950135409044826,25.73652823652688,670400
2001-08-24,26.3727970123291,26.379947576516148,25.722234755508236,25.722234755508236,468200
2001-08-27,26.451440811157227,26.701656052298024,25.900964553505883,26.236970214873462,307400
2001-08-28,25.49346351623535,26.101130515158076,25.36478064375791,26.0224934061027,575100
2001-08-29,25.307588577270508,25.96529858144916,25.207499782288664,25.80801891647565,641600
2001-08-30,24.413957595825195,24.942984701530595,24.020758457224453,24.664172750261447,857200
2001-08-31,24.65703010559082,24.98588515698004,23.591822380005986,23.684760625708584,1083700
2001-09-04,22.498018264770508,23.39879706303915,21.790263786895974,21.883202028672645,2535000
2001-09-05,22.376489639282227,22.805432215856666,22.09767757811573,22.69819691260577,1087700
2001-09-06,20.574926376342773,20.589223412222065,20.03159946938744,20.446243508436194,1008600
2001-09-07,20.910930633544922,21.15399797050766,20.58922346298529,20.74650313017908,784900
2001-09-10,19.659849166870117,20.160282236545886,19.481123265353116,19.802830433511886,1830200
2001-09-17,18.9449462890625,19.23090746976822,18.272936491726213,18.365874727687114,1636300
2001-09-18,17.229177474975586,18.265786903442418,16.80023503125084,18.072763962801154,1177500
2001-09-19,16.800233840942383,17.436497579852585,16.142522504115867,17.264920887233103,1812600
2001-09-20,16.442787170410156,17.293523062331193,16.19971977271843,16.97896501292353,837200
2001-09-21,16.62150764465332,16.871724161480444,15.234594366912667,15.370426424088018,1038900
2001-09-24,18.05131721496582,18.230043127985283,17.46509643843326,17.600928514127794,606500
2001-09-25,17.586626052856445,18.759067335190146,17.479390802520832,18.244337315437097,810500
2001-09-26,17.879741668701172,18.65183760877964,17.80825102611471,18.516005524222425,854100
2001-09-27,18.44451332092285,18.44451332092285,17.701014246219614,17.836846319283172,938900
2001-09-28,18.530302047729492,19.037882967874722,18.530302047729492,18.859157061304636,995400
2001-10-01,18.473114013671875,18.51600785920469,18.19430197235242,18.43736936965632,731700
2001-10-02,19.302400588989258,19.373891234255197,18.580347662587478,18.61609366700577,743400
2001-10-03,21.30412483215332,21.411361453433614,18.944943708251945,19.052178965961957,1937900
2001-10-04,21.45426368713379,21.80456639343257,20.66072001483342,20.760807476326512,1304000
2001-10-05,21.296979904174805,21.368469176694266,20.41764739833849,21.003868159849056,839100
2001-10-08,20.68216323852539,20.910932193064557,20.13883628970961,20.29611460506265,437200
2001-10-09,20.188880920410156,20.553481981802786,20.017304190973146,20.446246696350986,654000
2001-10-10,21.26838493347168,21.447110857282368,20.11738954778827,20.303264672179857,770800
2001-10-11,21.79741096496582,21.947541432533587,21.447108358734933,21.6830264961382,1304900
2001-10-12,21.44710922241211,21.947542316363254,20.946676128460968,21.497152259093127,704200
2001-10-15,21.22549057006836,21.325576648591312,20.703609849098758,21.325576648591312,827300
2001-10-16,20.417648315429688,20.689312472059548,19.83857672787524,20.617821832758505,1366800
2001-10-17,18.987838745117188,21.06820805844602,18.980689545672885,20.846588329954148,1967200
2001-10-18,18.465965270996094,18.544605126069264,17.40075876272939,17.515143262706296,4311000
2001-10-19,18.294384002685547,18.480259110133307,17.55803277282371,17.83684611578058,1432000
2001-10-22,18.594648361206055,18.78767271819569,17.951235201478088,18.079918106137843,704600
2001-10-23,18.594648361206055,19.1665708668374,18.594648361206055,18.937801864584863,710200
2001-10-24,19.252355575561523,19.295249412901903,18.637537998210586,18.694730235854593,394700
2001-10-25,19.302400588989258,19.302400588989258,18.10851131283117,18.408770932091606,1171700
2001-10-26,18.74477195739746,18.930647057584014,18.48025838820266,18.70187812306838,778100
2001-10-29,18.01557731628418,18.587499842946496,17.986980508165633,18.587499842946496,1150500
2001-10-30,17.936931610107422,18.10135911247328,17.786801143569157,17.8797393760858,818700
2001-10-31,18.37302589416504,18.973545119707452,18.230044606723276,18.75907318854481,474800
2001-11-01,19.109376907348633,19.252358202755254,18.658988144887953,19.102227706221232,807300
2001-11-02,18.9449462890625,19.40248417819165,18.737623580819314,19.23090746976822,560400
2001-11-05,19.66699981689453,20.053047083583543,19.65270141646184,19.65270141646184,781400
2001-11-06,20.81084442138672,20.868036655363433,19.531166311248423,20.367603585389375,1009100
2001-11-07,21.10395622253418,21.3327251739594,20.62497071914868,20.739355194861293,1670500
2001-11-08,21.196895599365234,21.868905496165176,21.096809512197186,21.461410582900218,1517200
2001-11-09,20.60352325439453,20.817995170446967,20.37475430146168,20.403351102363548,969000
2001-11-12,20.374753952026367,20.517735226942467,19.73849014214775,20.29611411446546,422000
2001-11-13,20.660715103149414,20.696461103602893,20.145984968753762,20.646416702968025,991400
2001-11-14,20.196029663085938,20.51773687571378,19.83857781064194,20.51773687571378,1231400
2001-11-15,20.460540771484375,20.5749252335882,19.824275667015208,19.845723264998554,1017300
2001-11-16,20.074493408203125,20.32470994558819,19.874319905580986,20.296113146540556,548000
2001-11-19,20.81084442138672,20.932378089033538,20.339008150186224,20.367603585389375,946500
2001-11-20,19.902917861938477,21.01816718180721,19.860024024443277,20.968124144134396,843800
2001-11-21,20.553485870361328,20.553485870361328,20.038755584667364,20.339015258881567,844800
2001-11-23,20.803695678710938,20.91093094932673,20.481988503293117,20.56777753792802,255600
2001-11-26,21.039615631103516,21.41136587391345,20.732206828917246,21.19689395064438,789200
2001-11-27,20.839439392089844,21.18974198783546,20.26036786553651,20.546329029046156,580800
2001-11-28,20.10309600830078,20.624975469382353,19.888624044265722,19.888624044265722,737500
2001-11-29,21.661582946777344,21.690179751115963,20.803699270178935,20.9109345593074,2627100
2001-11-30,22.183460235595703,22.30499390781821,21.940392891150687,21.96898832743044,2351600
2001-12-03,22.469425201416016,22.58380969294503,21.80456449217192,21.854607536769528,2077900
2001-12-04,23.413095474243164,23.441692275901143,22.769682436214712,22.869768514876533,1370200
2001-12-05,24.87864875793457,25.27184525609395,24.092255761615807,24.19234184545915,1423600
2001-12-06,24.213783264160156,24.6641732789402,23.985014338874578,24.464001151100497,1161700
2001-12-07,23.977869033813477,24.106551908760963,23.64186344621271,23.73480168415056,720700
2001-12-10,23.33445167541504,23.506029729119845,22.934107428671563,23.134279552043303,759300
2001-12-11,23.34160804748535,23.877785848939304,23.277266602225225,23.434543569528948,476400
2001-12-12,23.598974227905273,23.985022950611878,23.355906816624266,23.84204163918628,977300
2001-12-13,22.698192596435547,22.905515325058612,22.562360510909077,22.67674499443539,845200
2001-12-14,23.091392517089844,23.091392517089844,22.376488707104762,22.941263371506963,1780900
2001-12-17,23.80629539489746,23.87063684436238,23.162883627389775,23.184329868164248,367700
2001-12-18,24.46400260925293,24.714217783966387,24.1279970370884,24.42110741052739,715100
2001-12-19,23.870635986328125,24.199491059709622,23.29156568910014,23.384501213876604,985800
2001-12-20,22.590959548950195,23.491738468529867,22.590959548950195,23.413098616985145,443600
2001-12-21,22.876911163330078,23.07708326332431,22.6910360964996,22.891209560064,300600
2001-12-24,22.54091453552246,22.862620387855404,22.519466933272017,22.84117414917558,151800
2001-12-26,22.619550704956055,22.984153088098804,22.447973995199188,22.447973995199188,240500
2001-12-27,22.91266441345215,23.23437164317047,22.891218173851378,23.127134990883913,266100
2001-12-28,23.348752975463867,23.377349775825284,22.884064514584292,22.905513478425846,247200
2001-12-31,22.826871871948242,23.66330776413956,22.733933641546727,23.348751165964675,360900
2002-01-02,23.170026779174805,23.19862357918479,22.783979524033345,23.19862357918479,601900
2002-01-03,24.142301559448242,24.27098446111955,23.277268619323443,23.355905746218966,779900
2002-01-04,25.128870010375977,25.264700752494292,24.09940677868649,24.571243184163635,1499500
2002-01-07,24.371070861816406,24.993036409594755,24.26383420003253,24.950143926594478,1585800
2002-01-08,23.749099731445312,23.949271877437297,23.270112875783273,23.641863094869063,861300
2002-01-09,26.051088333129883,27.15204062169826,25.808020980162073,26.093983534409272,5545100
2002-01-10,26.26556396484375,26.594419022682995,25.629297361013986,26.08683803421704,2416300
2002-01-11,26.437135696411133,26.587264802983587,26.244111390614734,26.322751225621513,2667400
2002-01-14,25.83662223815918,26.244117175617802,25.686493098493692,26.201224694079947,902000
2002-01-15,25.879518508911133,26.065392299866765,25.700792556124647,25.829475460302245,909200
2002-01-16,25.093116760253906,25.59354985541934,25.093116760253906,25.26469483439156,1413800
2002-01-17,25.950998306274414,25.97959510277351,25.45056527610272,25.736527786812434,1095500
2002-01-18,25.300439834594727,25.58640238655243,25.021627846363522,25.128864485132915,1244300
2002-01-22,24.52834701538086,25.393379840921423,24.52834701538086,25.393379840921423,841500
2002-01-23,26.308460235595703,26.337057043132557,25.043080137077492,25.33619059647606,2235200
2002-01-24,26.1583251953125,26.530075428140293,25.97959927917266,26.530075428140293,2314100
2002-01-25,26.16547393798828,26.236965943204243,25.379080970600775,25.41482560963818,1736800
2002-01-28,25.84377098083496,26.086838358595376,25.500614789880355,25.95100490425963,814300
2002-01-29,25.20035171508789,25.793723007761507,25.107413484170415,25.70078477684403,590500
2002-01-30,24.792856216430664,24.871496046077926,24.37821083361447,24.649874955902987,1519000
2002-01-31,25.064525604248047,25.150313287730555,24.556941886385108,25.02163039893615,925400
2002-02-01,24.85720443725586,25.43627747335808,24.857204437255856,25.386231700433378,577600
2002-02-04,24.58553123474121,25.37192673081589,24.521189809854558,25.15030566128621,828700
2002-02-05,24.356765747070312,24.950137051728987,24.356765747070312,24.464002379305757,890900
2002-02-06,23.884931564331055,24.356767878605336,23.52033189167683,24.020762280194184,1016600
2002-02-07,23.956424713134766,24.16374746597139,23.62042178755083,23.884935425259425,1047000
2002-02-08,23.391647338867188,23.70620395016249,23.012746565490954,23.684757714229434,1033000
2002-02-11,24.5640926361084,24.592689439865346,24.185194531323422,24.24953324906459,636300
2002-02-12,24.492595672607422,24.914388897711852,24.385361770920994,24.592684465511812,815400
2002-02-13,24.914392471313477,24.950139837477142,24.571239027843255,24.621282067903007,469100
2002-02-14,24.850051879882812,25.436275433888902,24.850051879882812,25.164611259175043,883000
2002-02-15,24.385366439819336,25.014482479967107,24.235237312429692,24.850052223712225,536600
2002-02-19,23.284412384033203,23.87063317703194,23.01989878893404,23.741950297872112,475300
2002-02-20,24.128000259399414,24.16374489954065,23.198625980021166,23.620419278826684,584600
2002-02-21,23.477434158325195,24.220934551304552,23.455987923169896,23.949270421727327,612800
2002-02-22,23.68475914001465,23.68475914001465,23.24151690501588,23.463138022515267,1017100
2002-02-25,24.59268569946289,24.728516405937377,23.749099206926626,23.842034714289802,730400
2002-02-26,23.90637969970703,24.807159924832657,23.90637969970703,24.699923274699174,615200
2002-02-27,23.956424713134766,24.685626903457656,23.69906164049862,24.52119935963115,794500
2002-02-28,24.428253173828125,24.792855514203833,24.242379449405288,24.449702134941226,979000
2002-03-01,25.250394821166992,25.250394821166992,24.056507123521445,24.22093462353091,1116500
2002-03-04,25.779428482055664,25.843769924336698,24.77856220815984,24.95728813370258,1619400
2002-03-05,25.414827346801758,25.73653457441015,25.02163083623209,25.186058368756086,1178700
2002-03-06,26.22981071472168,26.22981071472168,25.522057715359335,25.55065451236041,451500
2002-03-07,26.151172637939453,26.694498124984296,26.151172637939453,26.522920076520336,687900
2002-03-08,25.950998306274414,26.30130224553679,25.75082618506198,26.05108436688063,1244000
2002-03-11,26.308460235595703,26.437143142369873,25.75083612433542,25.772282366417226,899700
2002-03-12,25.87236785888672,26.122585828253477,25.522066519771503,25.650749423527756,700900
2002-03-13,25.736534118652344,26.10828438317872,25.736534118652344,25.965303092646838,588900
2002-03-14,26.12972640991211,26.387092145951566,25.99389570573166,26.272707677394123,554300
2002-03-15,27.016210556030273,27.05195519438284,26.129728798324752,26.129728798324752,1508800
2002-03-18,27.766855239868164,27.80975043656795,27.287868421713156,27.287868421713156,1374100
2002-03-19,27.709671020507812,27.90984594570011,27.602437083184256,27.766864635460372,778900
2002-03-20,26.737394332885742,27.02335412164979,26.708797535867138,27.02335412164979,1255300
2002-03-21,26.83748435974121,26.908973635707447,26.17262373011917,26.737398282532055,838500
2002-03-22,26.522924423217773,26.880376249553002,26.45143514880713,26.880376249553002,445400
2002-03-25,26.315610885620117,26.737404253148355,26.308460320142093,26.558678296181164,694900
2002-03-26,26.83748435974121,27.009059712916603,26.508629326870825,26.522925000351215,768300
2002-03-27,27.116300582885742,27.244983481406354,26.887531591547212,27.102002180034397,910900
2002-03-28,26.59442138671875,27.287876204737024,26.59442138671875,27.173491708053696,775600
2002-04-01,27.38081169128418,27.609580661513608,26.594418697013165,26.594418697013165,274100
2002-04-02,25.486316680908203,26.20122034402326,25.486316680908203,26.022494428244496,2723000
2002-04-03,25.02877426147461,25.443419665549968,24.74281445289861,25.30758896101193,903400
2002-04-04,25.13601303100586,25.22895127208579,24.900096237053518,25.028776389210467,1790800
2002-04-05,25.236103057861328,25.421979569107467,25.136016964332565,25.371936522343088,567900
2002-04-08,24.62843132019043,24.757114195530278,23.877783032135312,23.90637710554561,1208200
2002-04-09,23.791996002197266,24.378216860871017,23.784848164616974,24.328173816384822,594300
2002-04-10,24.23523712158203,24.735667542273386,23.913529903179548,24.363920008943026,2224700
2002-04-11,23.277263641357422,24.406809981295307,23.141430203563317,24.22808407021126,1475400
2002-04-12,23.477434158325195,23.548923426936724,23.191471629597512,23.334452893961352,1067200
2002-04-15,23.856327056884766,24.120843293532666,23.5346199630834,24.120843293532666,1015100
2002-04-16,25.31474494934082,25.436280020657925,24.7428224208708,24.771419229079733,710700
2002-04-17,24.485454559326172,24.785712839054952,24.356771660259124,24.771417163284394,2495200
2002-04-18,24.900094985961914,25.06452249521648,24.228083821805654,24.349618858210043,1251800
2002-04-19,25.24324607849121,25.30758750897885,24.79285606507777,25.078818584387413,1941700
2002-04-22,24.36391830444336,24.428257016481464,24.163743423029796,24.199488060986873,1964900
2002-04-23,23.913530349731445,24.442557583524373,23.913530349731445,24.142299325502652,1788800
2002-04-24,23.84203338623047,24.092251276397384,23.720501086229397,23.999313047070203,1446900
2002-04-25,23.834888458251953,23.834888458251953,23.291562869190837,23.54177806274377,839300
2002-04-26,22.791128158569336,23.734802138387437,22.791128158569336,23.513181021260717,1145900
2002-04-29,22.876911163330078,23.198618271992473,22.640993071501043,22.955550981796478,767700
2002-04-30,23.305864334106445,23.5203376700373,22.562365041876134,22.6124080930222,762100
2002-05-01,23.218297958374023,23.447968703705314,22.665653240775217,23.304426541291694,1230000
2002-05-02,21.711082458496094,22.235018995889725,21.474234340979415,22.120183627938946,2248700
2002-05-03,21.42399787902832,22.034061736216252,21.287630341787295,21.904871581876947,2340300
2002-05-06,21.42399787902832,22.048415133073874,21.223035264617643,21.85463127051073,1749800
2002-05-07,20.63450050354004,21.416817327798597,20.49095560463282,21.323512732825222,3247800
2002-05-08,22.672832489013672,22.672832489013672,21.797212358124497,21.96228804880147,1312900
2002-05-09,21.495765686035156,22.292435850433915,21.36657555966089,22.292435850433915,934200
2002-05-10,20.684738159179688,21.459877502356218,20.663207385362146,21.42399196669669,723600
2002-05-13,21.66801643371582,21.67519381430275,20.84981284309568,20.878522365443402,1358600
2002-05-14,22.141719818115234,22.364213213051606,21.92640243715948,22.23502305826732,1525300
2002-05-15,22.091474533081055,22.601056285622853,21.502941586122844,21.696726774672054,1105300
2002-05-16,22.091474533081055,22.342676034223906,21.897689344531848,22.12736007068846,435000
2002-05-17,21.682371139526367,22.256549300757793,21.39528274338338,22.005346440778137,1254300
2002-05-20,21.352224349975586,21.560364336867625,21.158439128168325,21.560364336867625,716700
2002-05-21,20.017257690429688,21.05795469861433,19.974194771916228,21.014891780100875,2324900
2002-05-22,18.703826904296875,19.593801637821805,18.445448026141566,19.45025812083452,5603000
2002-05-23,19.42872428894043,19.68710451358846,19.041155320913752,19.49331934510244,3019100
2002-05-24,19.05551528930664,19.371313298533487,18.876084820032773,19.12728775080536,1364900
2002-05-28,19.37131118774414,19.586628548778297,19.062690595190507,19.52203347736262,969100
2002-05-29,18.73253631591797,19.1990551389635,18.617700955443546,19.148814839874124,1765100
2002-05-30,19.019624710083008,19.04115685351857,18.423915764487283,18.4813334447033,1223400
2002-05-31,18.517221450805664,19.299538303663894,18.48133590923977,19.19905769212287,892700
2002-06-03,17.943042755126953,18.8401948928833,17.943042755126953,18.68229660945857,1023500
2002-06-04,18.854551315307617,19.01962699463866,18.158360319001293,18.165537701008596,1293900
2002-06-05,19.12728500366211,19.234942995974958,18.337790778458483,18.73253857553312,2271700
2002-06-06,18.94784927368164,19.1272796671236,18.481330524521603,19.069861995979984,1207000
2002-06-07,18.897613525390625,19.19187933185906,18.237309464034375,18.30190453071726,1545000
2002-06-10,18.876079559326172,19.349775756675815,18.76124420051083,19.27800468412532,891700
2002-06-11,18.517221450805664,19.61533627143724,18.438272985571572,19.342602596277754,1471300
2002-06-12,18.309080123901367,18.510042686055165,17.655953508083353,18.15835786004966,1739400
2002-06-13,18.108118057250977,18.610523791910367,18.057877757574136,18.287548481208546,692900
2002-06-14,17.397573471069336,17.835384136753962,17.24685257439163,17.584181273345646,1996700
2002-06-17,17.885623931884766,17.9717511339501,17.332977921741243,17.368864826329062,1207400
2002-06-18,17.87126922607422,18.050699642739513,17.69901619034899,17.777966011744258,667100
2002-06-19,17.512409210205078,17.950219885367495,17.239675566478894,17.555472128910157,992700
2002-06-20,17.053068161010742,17.06742292389836,16.399941508025083,17.010005241293428,1521400
2002-06-21,16.407119750976562,17.160727045854998,16.407119750976562,17.045891674615344,1687300
2002-06-24,16.35687828063965,16.399941199546962,15.251586200103041,16.048257729088636,1770500
2002-06-25,16.277931213378906,16.464539052190773,16.055437830887957,16.32817152210792,1269400
2002-06-26,16.450180053710938,16.57219278734406,15.43101526952409,15.47407818464596,1456200
2002-06-27,17.117664337158203,17.383220623104062,16.74444869150635,17.01718235936232,938100
2002-06-28,17.43345832824707,17.8353820411073,16.988470333728543,17.225318407067917,1242500
2002-07-01,16.60089874267578,17.4047474758553,16.47171001441846,17.3114442772897,1038800
2002-07-02,15.954951286315918,16.335344237790196,15.718103206440142,16.299457335417895,744400
2002-07-03,16.399940490722656,16.399940490722656,15.108040658831078,15.208522623865875,1855400
2002-07-05,16.873638153076172,17.124841034099692,16.18462457566724,16.256397022951898,1938800
2002-07-08,16.464534759521484,17.01000336869139,16.371230179969253,16.65114254968056,590600
2002-07-09,15.624800682067871,16.443002926734504,15.617623301279254,16.18462269412592,928400
2002-07-10,15.323356628417969,16.09131853114095,15.323356628417969,15.976483183197999,900300
2002-07-11,15.667866706848145,15.703752248966634,12.344815403264151,15.423841187394514,6667400
2002-07-12,13.622359275817871,13.816144488093943,13.241967602400777,13.694131728765935,2435400
2002-07-15,13.643889427185059,13.780256930950246,13.191723997996196,13.277851202728282,1098000
2002-07-16,13.995577812194824,14.31855323236232,13.65824899364452,13.686957159356098,1585700
2002-07-17,14.253952026367188,15.057799486288557,14.182179589495009,14.964496276616483,1276500
2002-07-18,13.787436485290527,14.103234491846228,13.615183400518099,14.103234491846228,882500
2002-07-19,13.464463233947754,13.794614656387308,13.45728585055395,13.658248478742747,615300
2002-07-22,13.206079483032227,13.63671279236986,13.026649051553676,13.37833253297817,462100
2002-07-23,12.775444984436035,13.177370099173817,12.73955944905911,12.954875399211515,520400
2002-07-24,13.82331657409668,13.830493953536154,12.481176735708399,12.509886253466295,976500
2002-07-25,13.012295722961426,13.292208157808433,12.78262496438131,12.990764944935606,797200
2002-07-26,12.88310718536377,12.897460581330236,12.488359363952766,12.710852744308882,568800
2002-07-29,13.70848274230957,13.959685574422306,13.299381652070837,13.435747769520212,1748100
2002-07-30,13.995577812194824,14.096058445604285,13.414223424839292,13.636716842651367,883500
2002-07-31,13.421395301818848,13.808964278057614,13.270673044598762,13.550584047934839,1051400
2002-08-01,13.062540054321289,13.564944598597659,12.926172500341627,13.471641347314298,792000
2002-08-02,12.703675270080566,13.15583936125731,12.316104875690012,13.15583936125731,960200
2002-08-05,11.7203950881958,12.423762012563433,11.548142047673858,12.423762012563433,670100
2002-08-06,12.524246215820312,12.6893219046771,12.021840397882745,12.021840397882745,1317100
2002-08-07,12.56013011932373,12.918990979875836,11.97877590853407,12.883105441398843,946400
2002-08-08,13.098422050476074,13.292207253194448,12.308927844877436,12.560130733333223,792200
2002-08-09,13.313738822937012,13.52905618398931,12.818511767302677,12.918992381093002,413600
2002-08-12,13.421395301818848,13.435748694312581,13.105597394884944,13.198900606348504,369500
2002-08-13,13.155842781066895,13.81614700434403,13.112779849033538,13.277855562616342,731600
2002-08-14,13.564940452575684,13.636712899520164,13.005118378088964,13.170194047799377,963300
2002-08-15,13.39268970489502,13.737195866750874,13.2993864660804,13.65107001075981,1127600
2002-08-16,13.636713027954102,13.708485475574554,13.206079711176962,13.385510145755305,903400
2002-08-19,14.483624458312988,14.605637204878436,13.758725360358923,13.816143042922338,887700
2002-08-20,14.239601135253906,14.555399121952103,14.06734806131282,14.454917135443829,549800
2002-08-21,15.043444633483887,15.086508916712079,14.713293342406585,14.914255890635397,915000
2002-08-22,15.387951850891113,15.495609819645793,15.251584360364337,15.373597090005065,1169300
2002-08-23,14.297019004821777,15.014740839664345,14.297019004821777,14.986031309176676,662600
2002-08-26,14.38314437866211,14.820953710760978,14.218067337467023,14.648700656812075,1025800
2002-08-27,14.354434967041016,15.0434471883651,14.347257585284025,15.000384266768743,1623700
2002-08-28,13.643889427185059,14.088876106288648,13.471636386666367,14.088876106288648,582500
2002-08-29,14.18217945098877,14.354432476432518,13.471635207678803,13.471635207678803,967800
2002-08-30,13.816143035888672,14.0673459103303,13.529054623217753,13.651067369721085,523400
2002-09-03,12.703675270080566,12.904636479961088,12.552952993724606,12.72520604602744,935300
2002-09-04,12.990765571594238,13.055360646679096,12.567309576680511,12.710853123244597,827300
2002-09-05,12.086432456970215,12.588838149632583,11.842406991270822,12.273040246560655,875000
2002-09-06,11.957242012023926,12.165381937739928,11.784988988472067,12.165381937739928,1348100
2002-09-09,11.985953330993652,12.007484106575236,11.44766135385252,11.648623244796331,1321600
2002-09-10,11.7203950881958,11.7203950881958,11.46919222408008,11.677332170301684,1342600
2002-09-11,12.093609809875488,12.251508076576755,11.820874822274217,11.820874822274217,1124200
2002-09-12,11.483546257019043,11.734749105180413,11.462014799439487,11.61273637144177,871100
2002-09-13,10.966789245605469,11.031384319084035,10.615105717192023,10.758649944659464,1305300
2002-09-16,10.062458992004395,10.55050930339251,9.976331781992535,10.50744638285936,1788500
2002-09-17,10.155763626098633,10.399789157943752,9.904561396149091,10.342371466271121,1330500
2002-09-18,10.177294731140137,10.177294731140137,9.595939806924981,9.689243717451998,1595500
2002-09-19,9.244255065917969,9.509811998066885,9.201191465136088,9.33038158300902,2134500
2002-09-20,9.617470741271973,9.976331600042908,9.330382328044331,9.832787393429088,1823300
2002-09-23,9.115067481994629,9.201194023028487,8.856687858893054,9.115067481994629,1357600
2002-09-24,9.2944974899292,9.54570040228115,8.871041503979097,8.93563657769662,1908100
2002-09-25,9.050469398498535,9.301672239751369,8.540887019978852,9.301672239751369,1857100
2002-09-26,8.734672546386719,9.208368726474625,8.627014572538632,9.122242210501614,939800
2002-09-27,8.26097583770752,8.505001292919722,8.253798457384182,8.390165261164297,2364400
2002-09-30,8.074369430541992,8.347103768999254,7.722685948507407,7.89493899875217,1755000
2002-10-01,8.110255241394043,8.20355914331705,7.586318051283737,7.880583834940203,1893900
2002-10-02,7.693975925445557,7.9308240042839895,7.5647858153618035,7.780102437343835,2581100
2002-10-03,7.701153755187988,8.038483156472743,7.543255469031528,7.75139474121302,1441300
2002-10-04,7.378178596496582,7.693976515480834,7.263343238492389,7.693976515480834,2583000
2002-10-07,7.213104724884033,7.593497113493753,7.170041112742888,7.349471575130686,2166700
2002-10-08,7.737040996551514,7.8088134520494155,7.126977862710804,7.126977862710804,1830600
2002-10-09,8.361456871032715,8.533710585631727,7.902115457362542,7.902115457362542,2488200
2002-10-10,9.0145845413208,9.064824839551525,8.153317983536937,8.217913043818,1646000
2002-10-11,9.82561206817627,10.005042535110974,9.560055059249658,9.617472753910931,1282300
2002-10-14,9.79690170288086,9.904560377044433,9.595939802704118,9.595939802704118,926900
2002-10-15,10.414141654968262,10.658167133666272,10.313660374188869,10.658167133666272,1619500
2002-10-16,9.617470741271973,10.012217822814556,9.545698980201447,9.890205076074617,1207000
2002-10-17,12.093609809875488,12.186913019984106,11.160571548535115,12.064900287414142,5645500
2002-10-18,13.026647567749023,13.026647567749022,12.10796473934687,12.373520981077345,4242000
2002-10-21,13.70848274230957,13.844850228704251,12.696495402578394,12.789798607619824,2059500
2002-10-22,12.639081001281738,13.134308044523387,12.3878781041464,12.840042223833484,2755900
2002-10-23,12.768272399902344,12.768272399902346,12.029018399769177,12.201271479918054,2872400
2002-10-24,12.847221374511719,13.241969229765566,12.775448912743215,12.962056765762986,1986400
2002-10-25,13.852028846740723,13.916623911981173,13.263497246946027,13.263497246946027,1045200
2002-10-28,13.457283973693848,13.952512407230582,13.36398074047902,13.945335024837792,977900
2002-10-29,13.313738822937012,13.52905618398931,12.782624855987782,13.478815877094148,1317600
2002-10-30,13.8807373046875,13.98839528215362,13.335268667387643,13.356800810459049,1014500
2002-10-31,13.737192153930664,14.28266078058211,13.679774475806585,14.203712328752397,1133500
2002-11-01,15.309005737304688,15.323360501662304,13.959689373439307,13.959689373439307,2384200
2002-11-04,15.115217208862305,15.567382604297224,15.029091379504951,15.553027843089207,3746700
2002-11-05,14.792245864868164,15.201347047742697,14.426207604152632,14.864016945484627,2098300
2002-11-06,14.706121444702148,14.706121444702148,14.031462480995296,14.569753901528813,2612700
2002-11-07,14.06734848022461,14.289841869572596,13.715664939337218,13.823322942638129,1722000
2002-11-08,13.651065826416016,14.375964842048443,13.536230474330225,14.24677472871558,1451300
2002-11-11,13.442927360534668,13.622357788845955,13.227611394139336,13.593649632167823,960900
2002-11-12,14.139119148254395,14.261131901596734,13.737193979041034,13.887916259732446,1656000
2002-11-13,13.974042892456055,14.139119946137448,13.715663976461899,13.80896720772035,678200
2002-11-14,15.086512565612793,15.12239810803705,14.397498925712354,14.591284140273011,1375200
2002-11-15,15.280294418334961,15.309002572169108,14.820951636480071,15.043444962239935,1810000
2002-11-18,15.143926620483398,15.524318207095236,15.072154183913783,15.524318207095236,837000
2002-11-19,14.90708065032959,15.108041858465345,14.519510259303964,14.641523008077339,1259800
2002-11-20,15.222874641418457,15.230052021768516,14.52668517480658,14.52668517480658,970000
2002-11-21,16.17745018005371,16.292285559609642,15.696576514808614,15.73963943990566,1457400
2002-11-22,15.789880752563477,16.141564295960713,15.746817824724943,15.954956450066012,859000
2002-11-25,16.155920028686523,16.21333772555699,15.703754468003968,15.703754468003968,1656000
2002-11-26,15.301823616027832,15.890355082960403,15.172633514711853,15.775519741556256,1960000
2002-11-27,16.256399154663086,16.3568811416161,15.380779016017254,15.50279178171711,1122900
2002-11-29,15.969305992126465,16.227686212533495,15.79705296817023,16.213331451634136,595600
2002-12-02,16.127206802368164,16.493245049442972,16.091321263397237,16.328169379863812,1973400
2002-12-03,15.682219505310059,15.832940406047765,15.273118353084273,15.732459805555962,1052200
2002-12-04,15.402307510375977,15.574561928477356,14.96449819045948,15.000383729012364,978000
2002-12-05,15.043444633483887,15.753990248350075,14.777888398303512,15.732458106735978,796600
2002-12-06,15.007562637329102,15.043448179532856,14.555398508411631,14.612816197305051,1016900
2002-12-09,14.10323429107666,14.548222447113417,14.074526128496185,14.548222447113417,863200
2002-12-10,14.332900047302246,14.383141709875742,14.153469644947181,14.203711307520678,802300
2002-12-11,14.476449012756348,14.512334555802747,14.067347798666237,14.081702563463084,1107600
2002-12-12,14.569753646850586,14.569753646850586,14.246779621543563,14.483627787680387,1017400
2002-12-13,14.38314437866211,14.462092839464367,14.175004416216193,14.347257470165097,1117400
2002-12-16,15.251588821411133,15.30182913026211,14.648702377307927,14.670234524935093,1493700
2002-12-17,15.431018829345703,15.718107277962995,15.280297907176266,15.35206899262131,1865700
2002-12-18,15.344891548156738,15.344891548156738,14.864017885315178,14.986030646601714,2121100
2002-12-19,14.627168655395508,15.23723241638148,14.512333284968218,14.935789226773446,1898900
2002-12-20,14.7778902053833,14.792244968214705,14.275484457848442,14.375966428722732,1162700
2002-12-23,14.533865928649902,14.69894160818144,14.103232590308183,14.167827659506724,1912400
2002-12-24,14.497983932495117,14.706122586070231,14.426211463731088,14.426211463731088,323400
2002-12-26,14.340076446533203,14.655874316376169,14.282658776465867,14.612811406061976,371900
2002-12-27,14.06734848022461,14.47644971413554,13.923803563192873,14.325727414357639,788900
2002-12-30,13.780259132385254,14.189360340090401,13.651068989121377,14.067347579112928,866300
2002-12-31,13.995577812194824,14.031463361570786,13.67260239202733,13.70848931034925,640400
2003-01-02,15.186989784240723,15.387952336146686,14.447736002641129,14.512331059719996,1055800
2003-01-03,15.904711723327637,16.120027671681463,15.775521606737174,15.78269898754169,2128900
2003-01-06,16.572195053100586,16.679853040096994,15.904713617199047,15.962131301526837,1525500
2003-01-07,16.687030792236328,16.794688781622924,16.277929611199895,16.50760035361013,1853300
2003-01-08,16.141563415527344,16.342526016055416,16.076968342819953,16.076968342819953,2407400
2003-01-09,17.332979202270508,17.440637186096676,16.974118343552917,17.060245551981176,5395300
2003-01-10,17.943042755126953,18.000460437185538,17.153548600112263,17.153548600112263,2507200
2003-01-13,17.29709243774414,18.050699640047824,17.268382913988166,17.986104580542317,1588900
2003-01-14,17.44063377380371,17.641596308187253,17.3042676598121,17.390393482444143,2570200
2003-01-15,17.29709243774414,17.584180830576713,17.218142616360645,17.5267631520102,1334600
2003-01-16,16.995655059814453,17.22532585214504,16.945414745110373,17.08178092246547,1071600
2003-01-17,16.277931213378906,16.35688105220778,16.112855522141935,16.14874106582102,1441300
2003-01-21,16.005191802978516,16.378407379161704,15.868825678905917,16.206154352218395,912800
2003-01-22,16.292280197143555,16.615254082485848,15.79705193021773,15.890355132042323,1836400
2003-01-23,17.347335815429688,17.41910826861755,16.730094634538034,17.045892607197214,2170300
2003-01-24,16.234867095947266,16.938234104435633,16.234867095947266,16.931056722437305,1998900
2003-01-27,16.371232986450195,16.43582805446115,15.904714115550993,15.983663947330077,1135500
2003-01-28,16.79469108581543,16.902349089972454,16.062614467234393,16.14156430912425,2209000
2003-01-29,16.471717834472656,16.651148306007453,15.947779817192199,16.29228736293786,1803600
2003-01-30,16.44300651550293,16.75880449439953,16.29946160629201,16.356880665132945,3718600
2003-01-31,16.8664608001709,16.995650931714138,16.263574432266164,16.328169498037784,2388400
2003-02-03,16.981292724609375,17.096128069593327,16.715736502688465,16.751622034641468,1870200
2003-02-04,16.579374313354492,16.73009523843841,16.464538931687013,16.53631138746562,1775000
2003-02-05,16.715740203857422,17.13919477665549,16.507600239397224,16.615258228038954,1838700
2003-02-06,16.6583251953125,16.80904751117151,16.36405931605236,16.672679962336392,1421300
2003-02-07,16.622434616088867,16.93823255031183,16.529131396562693,16.90952302495269,1920300
2003-02-10,16.435823440551758,16.54348140069944,16.062607901024236,16.40711529002015,2156100
2003-02-11,16.543487548828125,17.017183844675948,16.5363115352373,16.60090524017496,1544700
2003-02-12,16.5865478515625,16.866458858383783,16.543483566708908,16.60090124423495,1204600
2003-02-13,16.701385498046875,16.765980565244302,16.579372745445692,16.64396781264312,1611000
2003-02-14,16.263572692871094,17.081774946543813,15.653509008577652,16.744446259438227,6016800
2003-02-18,16.758804321289062,16.866462317612342,16.46453849249744,16.521956181799567,1908700
2003-02-19,16.399940490722656,16.679851504940377,16.242040846644596,16.651143349891473,1566800
2003-02-20,16.629610061645508,16.665495595221632,16.385584600280858,16.443002275369874,1874900
2003-02-21,16.49324607849121,16.56501852985666,16.120030426547395,16.399942849978082,1954400
2003-02-24,16.414297103881836,16.60808093691638,16.364055431225587,16.43582788036034,2210800
2003-02-25,16.148738861083984,16.148738861083984,15.624802328804636,15.868827825554439,1773900
2003-02-26,15.574559211730957,16.07696350856225,15.574559211730957,15.76834300263765,1577800
2003-02-27,14.885549545288086,15.194170129561025,14.799423698341847,15.151107206087906,3745200
2003-02-28,15.000385284423828,15.251588187178255,14.856841746382504,15.194170498172587,2414300
2003-03-03,14.720475196838379,15.143931194662832,14.72047519683838,15.143931194662832,1262800
2003-03-04,13.92380428314209,14.677413083106398,13.92380428314209,14.275487842213758,3940000
2003-03-05,13.844850540161133,14.131938910914675,13.622355854999968,14.103229389366653,2843200
2003-03-06,14.074524879455566,14.139119950711425,13.715663980898888,13.780259052154745,1665600
2003-03-07,13.995577812194824,14.30419846503355,13.751552243389597,13.930982728161325,4035900
2003-03-10,13.24914264678955,13.722840254028966,13.134307278048352,13.694130727370878,2873000
2003-03-11,13.500344276428223,13.665421301501864,13.27785094125782,13.572116717467356,1740500
2003-03-12,13.529053688049316,13.701306723745224,13.328091128598038,13.543408449927002,2419800
2003-03-13,14.340076446533203,14.47644392629759,13.421393725455829,13.85202556648823,4502600
2003-03-14,14.734831809997559,15.000388159186924,14.533869175491212,14.785072126387657,2858200
2003-03-17,15.208524703979492,15.43101806958501,14.390320954523114,14.447738641419559,1844200
2003-03-18,15.10804271697998,15.337714833386412,14.871194587542831,15.265942382568504,1190500
2003-03-19,14.404674530029297,14.677409546994696,14.304193928487058,14.634345258666144,3717800
2003-03-20,14.957322120666504,15.072157496841067,14.368790475535445,14.447738941064415,3131500
2003-03-21,14.957322120666504,15.000385044495548,14.67741106235921,14.828131980233701,2183600
2003-03-24,14.06734848022461,14.325727414357639,14.06734848022461,14.24677894204139,1049300
2003-03-25,14.18935775756836,14.282660972418643,13.895091982111875,13.995572577942252,1158400
2003-03-26,14.196537017822266,14.462093304511535,13.995574430613543,14.39032085415516,1246700
2003-03-27,14.354434967041016,14.476447719018688,14.060169159732324,14.153472384682027,1089700
2003-03-28,13.91662311553955,14.44773700127463,13.895092340988638,14.067345382123355,1613200
2003-03-31,13.608004570007324,13.694131787704825,13.421398108063158,13.529056103475773,1482300
2003-04-01,13.76590347290039,13.93815652973894,13.629535956215271,13.708485787287541,1257200
2003-04-02,14.928611755371094,15.179814640027148,14.541042724742384,14.569750882704042,3018000
2003-04-03,14.756357192993164,15.05780034999053,14.50515433400445,14.799421478953823,2929000
2003-04-04,14.318549156188965,14.756358483514125,14.124763959254816,14.756358483514125,4182200
2003-04-07,14.892724990844727,15.287471370734709,14.734826712677828,14.856839454107629,3448500
2003-04-08,15.000385284423828,15.14393019141084,14.820954835162906,14.892727288656413,1664100
2003-04-09,15.10804271697998,15.531498670965435,15.072157176043845,15.273119764544859,2593900
2003-04-10,15.07215690612793,15.122397210117057,14.734828172954057,15.01473922029098,1741600
2003-04-11,15.789880752563477,15.933425670619643,15.509969668194323,15.761171221373925,3655700
2003-04-14,16.3784122467041,16.414299160240137,16.098501165851903,16.127209327734956,1123700
2003-04-15,17.246854782104492,17.368867538867242,16.88799389385472,16.88799389385472,4383300
2003-04-16,17.15355110168457,17.65595691967422,17.010007560077327,17.51241200912126,3859700
2003-04-17,18.45979881286621,18.51721648534226,17.368863035821263,17.368863035821263,5395600
2003-04-21,18.35932159423828,18.63205524626575,18.23730884673889,18.373676357225396,1582100
2003-04-22,18.65359115600586,18.861731154495814,17.84256604876466,17.943046672065563,1959800
2003-04-23,18.13683319091797,18.301908903460987,17.51241452011074,17.943047944569596,4610900
2003-04-24,17.83538818359375,17.928691421429622,17.54829971839209,17.663135104472754,2469700
2003-04-25,17.167903900146484,17.440637556223802,17.153549136946214,17.368866478113578,1879300
2003-04-28,17.892799377441406,17.964571809908403,17.246850223129012,17.268380994607412,1697800
2003-04-29,18.12965202331543,18.222955250816067,17.88562651268837,17.950221581321745,2711300
2003-04-30,18.309080123901367,18.51721869814507,18.23013030145783,18.27319321872455,2069500
2003-05-01,18.68947410583496,18.72535964398782,18.172713595182415,18.266018184692694,2282400
2003-05-02,19.37848663330078,19.50767676322074,18.495689237441788,18.517220013131414,1945200
2003-05-05,19.4000186920166,19.65122020025338,19.32106886431616,19.500499295311315,2181500
2003-05-06,19.737342834472656,19.95265875417972,19.112924477009802,19.1416339964082,1771600
2003-05-07,19.404556274414062,19.563374213434113,19.34680467210863,19.447871008823245,2384700
2003-05-08,19.021947860717773,19.144670158280075,18.884787321817207,18.949758030932923,1797600
2003-05-09,19.433425903320312,19.455083262879075,18.928098528866446,19.00750747034225,1895300
2003-05-12,19.079700469970703,19.39011579081893,18.798161633343963,18.84147498276964,1867500
2003-05-13,18.834259033203125,19.050827193705846,18.725974952951766,18.892010634464302,1308000
2003-05-14,18.920881271362305,19.014728461781164,18.5166201581523,18.827035457849902,2641900
2003-05-15,18.96419906616211,19.115796491828476,18.819819385321747,18.942541700964053,1487600
2003-05-16,18.841474533081055,19.12301336298832,18.827036291314908,18.964196834280266,1185800
2003-05-19,17.81638526916504,18.639345888348263,17.81638526916504,18.596032533893016,1905800
2003-05-20,18.01129722595215,18.357806811490168,17.996858982328057,18.3000552139005,1494000
2003-05-21,18.292835235595703,18.336148587533298,17.91023005891149,18.025733248682833,1947900
2003-05-22,18.624906539916992,18.73319198499276,18.32171032289943,18.336148565830417,1205100
2003-05-23,18.697097778320312,18.870352575751287,18.61769019006449,18.639346179176652,842200
2003-05-27,19.310707092285156,19.411772034587948,18.632124850050456,18.668220455806146,999600
2003-05-28,19.77994155883789,19.974853724888185,19.61390588119805,19.642780992701752,1027900
2003-05-29,19.909879684448242,20.270827467978418,19.816033866569267,19.960412153837424,1426100
2003-05-30,20.559587478637695,20.559587478637695,20.169764549372434,20.169764549372434,1266000
2003-06-02,20.667869567871094,21.129883669070583,20.610117977334472,20.70396517252306,2040600
2003-06-03,20.776153564453125,20.97828342886382,20.552364961846383,20.588460563995746,1053900
2003-06-04,21.259824752807617,21.57023868642277,21.115445090316356,21.115445090316356,2907200
2003-06-05,21.223730087280273,21.25982569295255,20.971066355200605,21.165978495111197,1469200
2003-06-06,22.176631927490234,22.884090648897327,22.176631927490234,22.479828128977115,3073200
2003-06-09,22.840774536132812,22.99237331612911,22.45817077962623,22.49426500600767,3079000
2003-06-10,23.62764549255371,24.248476223655462,23.39663909314099,23.95971684748281,2578500
2003-06-11,23.115095138549805,23.143971620586814,22.77580335914719,22.93462125653784,3093100
2003-06-12,22.992374420166016,23.06456425330175,22.292134828727896,22.645864873402342,2974400
2003-06-13,23.143978118896484,23.403858268759393,22.826343611836982,23.353325787912688,2415500
2003-06-16,24.11131477355957,24.11131477355957,23.374980911800336,23.497701845186917,1499200
2003-06-17,23.7503662109375,24.284567409864902,23.7503662109375,24.20515845369141,1685100
2003-06-18,22.552021026611328,23.757586875233468,22.487050304830564,23.757586875233468,4588300
2003-06-19,21.909530639648438,22.508703902606502,21.837340807877457,22.34266825336781,2143900
2003-06-20,21.916751861572266,22.270480556563214,21.606336519033547,21.81568553664153,2292900
2003-06-23,21.58468246459961,21.916755222744733,21.36811429221873,21.822908004981322,1400200
2003-06-24,21.505271911621094,21.75071516400895,21.259827282326565,21.375330475299677,1174700
2003-06-25,21.18763542175293,21.642429028595963,21.093788225846144,21.21651052878895,1615800
2003-06-26,21.173198699951172,21.36811084983793,21.050476388197286,21.238169416580092,1836800
2003-06-27,21.24538803100586,21.65686830856351,21.151540830601054,21.4691752846605,1421200
2003-06-30,21.093791961669922,21.714622707322068,20.89888116816404,21.627994617058622,2333900
2003-07-01,20.826688766479492,20.920534590583138,20.39355112213252,20.754498929603894,2871800
2003-07-02,21.62799072265625,21.80124687198611,21.22372958700183,21.295919419738183,2514400
2003-07-03,21.086570739746094,21.418643446299143,20.992724913469782,21.13710459056357,874000
2003-07-07,21.895095825195312,21.902314947193087,21.37533143351624,21.37533143351624,1042200
2003-07-08,21.75071907043457,21.851785415117543,21.48361840505302,21.714624832487956,900900
2003-07-09,22.03225326538086,22.23438314503153,21.77237041793681,21.895092720684662,1334700
2003-07-10,21.59189796447754,21.873436816716154,21.577459721566164,21.62799219484934,837800
2003-07-11,21.288698196411133,21.498048552981533,21.086566960092103,21.31035555716523,922700
2003-07-14,21.635211944580078,21.909533060235773,21.44030116724296,21.563023481740156,1788800
2003-07-15,21.95284652709961,22.277700119189586,21.830124211966357,22.234385388973138,1574700
2003-07-16,22.16219711303711,22.198291344949148,21.81568615291077,22.06113078525136,1458700
2003-07-17,20.278047561645508,20.696746955549877,20.07591629748573,20.696746955549877,3586400
2003-07-18,20.68230628967285,20.906093514441558,20.480176426103604,20.58846047828805,2031400
2003-07-21,19.960412979125977,20.061479298989575,19.830471551377478,19.960412979125977,1845600
2003-07-22,19.917104721069336,20.11201691252546,19.743849898743978,19.960418082423942,1953900
2003-07-23,20.21307945251465,20.35024002004775,19.996511294857555,20.234736819043064,802000
2003-07-24,20.501832962036133,20.711183328544582,20.37911066574998,20.42964313300196,1505900
2003-07-25,20.898876190185547,20.93497041600228,20.133665935331436,20.436862113673936,888000
2003-07-28,21.375329971313477,21.563022999696035,21.18763694293092,21.317578376188585,1010800
2003-07-29,21.173198699951172,21.620774594849657,21.115447104826206,21.620774594849657,1221000
2003-07-30,20.83390998840332,21.050478143958635,20.776158388461454,20.934974944074902,477000
2003-07-31,21.18763542175293,21.425860906652908,21.05769399782448,21.368109315674324,926000
2003-08-01,20.877222061157227,21.274264114244648,20.855564696169914,21.187637408108724,837900
2003-08-04,21.274267196655273,21.41142777430134,20.68231290363427,21.05769902303042,1145800
2003-08-05,20.898876190185547,21.20929011216623,20.841124602734904,21.07213095253748,852300
2003-08-06,20.48017692565918,20.819467331288173,20.393548855654725,20.64621256818572,991800
2003-08-07,20.148103713989258,20.44408076499397,20.01816230098106,20.44408076499397,1296900
2003-08-08,20.26361083984375,20.45130387559762,20.010947084909432,20.35023892438657,950700
2003-08-11,20.0831356048584,20.227515277297268,19.924319066700924,20.0831356048584,1432600
2003-08-12,20.220300674438477,20.234738920290074,19.938761764866904,20.11201658436533,1852700
2003-08-13,20.364675521850586,20.64621576021301,20.343019533681176,20.631777516828954,1631300
2003-08-14,20.010948181152344,20.213079471554323,19.96041570277854,20.068699781709086,3054300
2003-08-15,19.89544105529785,20.09757230582573,19.787156997728324,20.068695822790392,957700
2003-08-18,20.205854415893555,20.23473089614569,19.678871043449355,19.77271685045607,971900
2003-08-19,20.805030822753906,20.848344172909986,20.393550554004705,20.65343340875434,1583900
2003-08-20,20.48017692565918,20.68230679415881,20.357454629681637,20.494613789904538,883600
2003-08-21,20.898876190185547,21.0071602445422,20.59568001184305,20.81224812055635,813400
2003-08-22,20.68230628967285,21.418640047577348,20.667868048873213,21.382545822484676,1748200
2003-08-25,20.42964744567871,20.64621697849882,20.40799145623143,20.61012136790876,581300
2003-08-26,20.26361083984375,20.46574211917254,20.06869868230242,20.400771399992095,1438400
2003-08-27,20.3935546875,20.523496141212178,20.263613233787826,20.263613233787826,1356900
2003-08-28,21.01437759399414,21.04325269683264,20.754494783915945,20.819465486435494,1673900
2003-08-29,21.61355209350586,21.81568195638168,21.490829800942787,21.548581387036798,1765500
2003-09-02,22.450956344604492,22.487050578518993,22.07557025350391,22.227169065139698,1852300
2003-09-03,24.58776092529297,25.12196203586194,23.418288270411857,23.519355950342327,7080100
2003-09-04,24.9054012298584,25.049780918185494,24.291790996735116,24.587768118589587,2985500
2003-09-05,24.551666259765625,24.833207835357893,24.40728935389836,24.44338358036518,2253900
2003-09-08,24.652734756469727,24.86930287617515,24.30622246036539,24.349537185831693,2038900
2003-09-09,23.959718704223633,24.52279925601447,23.894747977240602,24.414513793104845,2822700
2003-09-10,23.2811279296875,23.75757880972395,23.2811279296875,23.714264091970612,1687300
2003-09-11,23.692615509033203,23.887527669074036,23.512141592752442,23.79368046154028,1612900
2003-09-12,23.172842025756836,23.40384834130013,22.775800093030085,22.934617967645785,4345300
2003-09-15,23.057348251342773,23.43273295599637,23.05012912936199,23.40385646807324,1325000
2003-09-16,23.707048416137695,23.786457362035758,23.338882921479993,23.374977145848348,1172200
2003-09-17,24.169069290161133,24.291792999190427,24.04634833494557,24.183507535565386,1750900
2003-09-18,24.544450759887695,24.67439219009804,24.08965575415149,24.18350295459523,1901800
2003-09-19,24.414508819580078,24.54445024707553,24.197940691692043,24.54445024707553,1910400
2003-09-22,23.96693992614746,24.161852112971197,23.83699846826497,24.161852112971197,1338200
2003-09-23,23.605989456176758,23.894746077961003,23.49770400187423,23.88752833278713,1742000
2003-09-24,22.653085708618164,23.447171227654795,22.559239876570594,23.447171227654795,2007100
2003-09-25,22.783021926879883,23.23059774924901,22.775802806545784,22.977934045181264,1811900
2003-09-26,22.450956344604492,22.653086257576525,22.28492066554696,22.501488822847502,1252800
2003-09-29,22.34267234802246,22.400423948641855,21.931190644589176,22.090008578972583,1682800
2003-09-30,21.95284652709961,22.24882363237862,21.87343756527613,22.24882363237862,1765200
2003-10-01,22.71805191040039,22.869650688205482,22.010594619060512,22.02503286016699,2885100
2003-10-02,22.47260856628418,22.869651957306598,22.342668519834522,22.624207352501912,1981700
2003-10-03,23.7503662109375,24.169064224652505,23.60598654096872,23.656519012385818,2574700
2003-10-06,24.479480743408203,24.616639921961003,24.21238013093663,24.42173052489613,2497200
2003-10-07,24.342323303222656,24.472264746420986,24.039125684488724,24.15462888357463,1194600
2003-10-08,27.829076766967773,27.937362216032927,26.183155565582982,26.183155565582982,15386900
2003-10-09,26.47913360595703,27.02777310783133,26.406945139909755,26.919490408760417,5577600
2003-10-10,26.399721145629883,26.594633282726843,26.27700021883537,26.486347844179722,1790400
2003-10-13,27.107179641723633,27.107179641723633,26.782326066017745,26.782326066017745,1193900
2003-10-14,27.14327049255371,27.33096487017989,26.74622850670077,26.89060816168717,1209300
2003-10-15,26.81842613220215,27.258780192315413,26.78232914445324,27.222685958380033,1876500
2003-10-16,26.4213809967041,26.681263884182094,26.18315685239161,26.269783563613107,3347500
2003-10-17,25.988243103027344,26.341973179163084,25.8510839224675,26.190373001497292,1461700
2003-10-20,25.988243103027344,26.17593475820468,25.677827756769453,25.865522165760115,884900
2003-10-21,26.00990104675293,26.168718981099936,25.64173545345541,25.72836216591126,1445000
2003-10-22,25.90883445739746,26.045996393441285,25.55510713076661,25.627295594295617,1532600
2003-10-23,25.771669387817383,25.86551657201708,25.497348332209736,25.648945723277354,977900
2003-10-24,25.879955291748047,25.887175789641606,25.288001139877803,25.324098121719445,1693300
2003-10-27,26.132625579833984,26.23369053988872,25.82942794585615,25.851086690020466,1704900
2003-10-28,26.63794708251953,26.63794708251953,25.944925256782774,26.060428435436734,2617900
2003-10-29,26.623506546020508,26.767886195345714,26.370841471248212,26.399717951875804,1620100
2003-10-30,26.168716430664062,26.674043919398162,26.096527969622024,26.666823421005997,1658500
2003-10-31,26.37806510925293,26.457474063527968,26.074867534185778,26.074867534185778,983600
2003-11-03,26.840072631835938,26.962793534587952,26.587410329809703,26.803978410662555,1452900
2003-11-04,26.327537536621094,26.565761689948747,26.074872384760948,26.132625363636503,2080000
2003-11-05,26.789546966552734,26.890611912998178,26.298657723406365,26.298657723406365,1454600
2003-11-06,27.64860725402832,27.92292841584868,27.063873446707255,27.099967684201403,2902900
2003-11-07,27.88682746887207,28.103395595545148,27.569191646192625,27.74244779981897,2236800
2003-11-10,27.475345611572266,27.821855144953272,27.40315440431811,27.489783853023095,1781700
2003-11-11,27.251558303833008,27.432032199884883,27.09996089206458,27.14327286467664,1516300
2003-11-12,28.139488220214844,28.15392646167839,27.432030911378945,27.468125138131324,1299800
2003-11-13,27.93735694885254,28.11783082739317,27.83629201747984,27.843509760943814,1353800
2003-11-14,27.6341609954834,28.211679643188003,27.619722753909482,28.016767512659648,3106800
2003-11-17,27.042207717895508,27.634161872139973,26.82563959504245,27.634161872139973,1182600
2003-11-18,26.515228271484375,27.338188914626294,26.508010526287297,27.208247470570885,1423800
2003-11-19,26.753456115722656,26.955586034146606,26.47191447444323,26.58019993292098,1203200
2003-11-20,26.753456115722656,27.10718347296457,26.55854394275087,26.710141381568835,2184400
2003-11-21,27.13605499267578,27.172149220953496,26.95558109747411,27.07830202438096,817300
2003-11-24,27.684688568115234,27.699126807135784,27.215458192103757,27.265990651769417,1327600
2003-11-25,27.684688568115234,27.843506443528742,27.43202626978694,27.71356504615633,1753700
2003-11-26,27.85072898864746,27.98788813871333,27.590846174785632,27.865164474917368,1149000
2003-11-28,27.829076766967773,27.980674192608298,27.720794071715986,27.72801181654076,320900
2003-12-01,28.587074279785156,28.587074279785156,28.197252617484178,28.197252617484178,2043800
2003-12-02,28.457124710083008,28.680913349093885,28.21890058167701,28.21890058167701,1757200
2003-12-03,28.738664627075195,28.984109239517064,28.70978814236129,28.839729569760703,2740700
2003-12-04,29.19345474243164,29.410025608195685,28.803633242444857,29.308957919059754,1990900
2003-12-05,28.47878646850586,28.839734325511476,28.356062765140873,28.673698641746522,892000
2003-12-08,28.948009490966797,29.034638936831755,28.550967502430858,28.587061727968145,1048100
2003-12-09,28.839731216430664,29.532750366254927,28.767540000523987,29.51109437838958,1707100
2003-12-10,28.926362991333008,29.128492923670336,28.67370057591135,28.969677728468348,1462400
2003-12-11,29.431682586669922,29.58327999477134,28.97688760855263,28.97688760855263,1615100
2003-12-12,29.077951431274414,29.34505476346419,28.774756626708207,29.308957783461885,2402200
2003-12-15,28.76753807067871,29.547186627288944,28.70256735762786,29.52553064087637,1457600
2003-12-16,29.229557037353516,29.265651270272816,28.42825239900318,28.976891899291513,2143000
2003-12-17,29.12848472595215,29.25120840305688,28.8902606232864,29.25120840305688,855300
2003-12-18,29.388368606567383,29.496654045850487,28.962450101233955,29.02020306986844,2127200
2003-12-19,29.20067596435547,29.294523158260372,29.142922997702293,29.251208433270488,1633500
2003-12-22,29.453332901000977,29.489427121625436,29.142917646768076,29.2295470808418,1355400
2003-12-23,29.446121215820312,29.65547159384559,29.258426823862106,29.301741549809325,868200
2003-12-24,29.713228225708008,29.74210471590984,29.272871388477924,29.272871388477924,636700
2003-12-26,29.785409927368164,29.958666075385484,29.713221472085227,29.81428641100656,230800
2003-12-29,30.17523765563965,30.17523765563965,29.727663123167453,29.78541334325417,588700
2003-12-30,30.030855178833008,30.25464380114109,29.99476095041251,30.175234846328124,360000
2003-12-31,30.001977920532227,30.23298425983575,29.908130734623676,30.03085164758558,583100
2004-01-02,30.53618621826172,30.96932527152885,30.384588788834268,30.86103981975871,879700
2004-01-05,32.03772735595703,32.18210702607473,31.748968015721633,31.821159227687062,2551600
2004-01-06,32.48530197143555,32.615243399626344,32.138792414197816,32.30482807159424,1780000
2004-01-07,32.10270309448242,32.28317702192374,31.85003794377642,32.18932980858645,1844400
2004-01-08,32.680213928222656,33.08447645294526,32.59358722785822,32.954535025492035,3124700
2004-01-09,32.023292541503906,32.41311686640657,31.943883576748167,32.044948530505124,1483400
2004-01-12,32.0882568359375,32.485298826386305,31.741747312246925,32.02328612813221,1249500
2004-01-13,30.449560165405273,31.157017605127795,30.28352448857572,30.861040484898847,7190100
2004-01-14,30.82493782043457,30.853814300805997,30.10304233402539,30.175230781141213,2909800
2004-01-15,30.38459014892578,30.781632233499856,30.211333969100856,30.687785021352457,1584900
2004-01-16,30.103050231933594,30.124706220987512,29.308963336257317,30.030859012064774,1797200
2004-01-20,30.55061912536621,30.716654769613392,30.413459963721916,30.680560543266257,2127900
2004-01-21,30.305177688598633,30.702219727413905,30.146359771547232,30.427901375541964,1850300
2004-01-22,30.91157341003418,31.308615491141783,30.82494669778481,31.19311229020478,2344500
2004-01-23,30.36292266845703,30.53617602890168,30.08138113856258,30.52895828630503,2815500
2004-01-26,30.86825942993164,30.86825942993164,30.50731157397269,30.630035276981804,868200
2004-01-27,30.63002586364746,31.063162056159726,30.565055159389345,30.954879384938035,811400
2004-01-28,30.232995986938477,30.954891765731947,30.08861628041701,30.69500884475608,1315800
2004-01-29,29.698781967163086,30.18967115288586,29.265645746260844,30.18967115288586,2882000
2004-01-30,29.929786682128906,29.98031914667707,29.46055626077985,29.641030135255512,1692300
2004-02-02,29.301742553710938,29.568843155003847,29.092392168513147,29.44612222466849,1636500
2004-02-03,30.18967628479004,30.370150199813324,29.677131027039124,29.749319491523078,1018500
2004-02-04,29.453332901000977,29.872033570919776,29.44611515840109,29.7420921736217,1214900
2004-02-05,30.355709075927734,30.536182973827202,30.160796935738734,30.204111662607335,1161200
2004-02-06,30.65169334411621,30.79607304704586,30.211336489396977,30.211336489396977,1528100
2004-02-09,30.70221519470215,31.0703834473645,30.666120969922833,30.889909569655103,696500
2004-02-10,31.142574310302734,31.250859746845034,30.788847024715572,30.796064768705637,1362000
2004-02-11,31.79949951171875,31.864470223588036,31.185889374807903,31.29417205871466,1745800
2004-02-12,31.864479064941406,31.915011548881623,31.662349129180537,31.799508335044862,1483100
2004-02-13,31.373584747314453,32.102700906622346,31.221987319510657,31.994415456011975,752300
2004-02-17,31.279739379882812,31.388022073514687,31.04151249702871,31.20754816364824,776700
2004-02-18,30.745532989501953,31.265298690471656,30.680562276880742,31.250860448354377,1571000
2004-02-19,30.82493782043457,31.18588556363916,30.666119932204474,31.063161898966978,2496200
2004-02-20,30.182449340820312,30.817715345339415,29.45333340421165,30.817715345339415,2115300
2004-02-23,29.561622619628906,30.42067731230878,29.47499592675845,30.37736534278001,2709300
2004-02-24,29.446121215820312,29.727660049944543,29.012982217787354,29.22233259581263,2356300
2004-02-25,29.3089656829834,29.554410342562864,28.984114805910476,29.359498164030903,1369200
2004-02-26,28.69535255432129,28.774761517723267,28.08174234336431,28.21168378278329,2539800
2004-02-27,28.587074279785156,28.717015751823517,28.19003211691866,28.608733027667615,2037200
2004-03-01,29.04908561706543,29.193462561158555,28.83973519279124,29.070741607916663,2272000
2004-03-02,28.47878646850586,28.89026680518717,28.291092040727317,28.68813688648438,2030400
2004-03-03,28.79641342163086,28.846945890479912,28.29830647705603,28.406589158669856,2601200
2004-03-04,28.99854850769043,29.049083739433026,28.70979188435473,28.80363909500025,1889400
2004-03-05,29.417245864868164,29.511093064461818,28.984109603965933,28.984109603965933,1245000
2004-03-08,28.97688865661621,29.554404580138115,28.911917943106676,29.34505695110796,1898900
2004-03-09,28.875825881958008,29.308962168662035,28.717007958386965,29.128488256899796,2058600
2004-03-10,27.85072898864746,28.24777095257516,27.792976028316957,28.117829545644245,2994000
2004-03-11,27.222684860229492,27.677479900146924,27.164934639025212,27.280437835247195,2523800
2004-03-12,27.489789962768555,27.655825645635918,27.18659233253985,27.52588419751127,1852400
2004-03-15,26.6884765625,27.13605098543822,26.601847122850515,27.114395002432197,1593100
2004-03-16,26.96280288696289,27.395941952720687,26.500790086538714,27.33818897576091,1853900
2004-03-17,27.619720458984375,27.764100108914008,27.237116727411706,27.33818165621862,1401500
2004-03-18,27.749670028686523,27.886831975669654,27.42481916308425,27.634166825540174,2382600
2004-03-19,27.590850830078125,27.850733687788935,27.446471158703986,27.742448245805036,2061300
2004-03-22,26.93393325805664,27.042215975642378,26.500794126271895,26.977245243565363,1717600
2004-03-23,27.107179641723633,27.359844757856305,26.970020467009242,27.323747774256486,1417500
2004-03-24,27.09273338317871,27.47533981639281,26.847288837910426,27.02776268726027,1682500
2004-03-25,27.980676651000977,28.081744364121203,27.3381899064258,27.36706639588872,2233800
2004-03-26,27.359853744506836,27.554763200137348,27.078312050544067,27.374289238112407,3343500
2004-03-29,28.045642852783203,28.348840435623437,27.886827693974663,27.886827693974663,1886800
2004-03-30,28.247777938842773,28.356060635523974,28.00955104928002,28.04564528150709,997900
2004-03-31,28.37771224975586,28.73143949206765,28.37771224975586,28.485994919237697,1818600
2004-04-01,29.316179275512695,29.32339701947025,28.71700463595358,28.731442877681715,2570600
2004-04-02,29.684345245361328,29.807068924980143,29.308959216252422,29.518309593723114,1708200
2004-04-05,30.211334228515625,30.211334228515625,29.424467797939073,29.424467797939073,3312100
2004-04-06,29.720447540283203,29.778200523735627,29.381158400848584,29.45334687635029,1648900
2004-04-07,29.84316635131836,29.850384096157452,29.59050397474966,29.84316635131836,1716600
2004-04-08,29.9875431060791,30.124702275144063,29.79984871281852,30.0669520606268,1393500
2004-04-12,30.07417106628418,30.254644969167263,29.980323865717278,30.15358002416285,1027000
2004-04-13,29.713228225708008,29.944234639695317,29.626601508916185,29.879263913648032,2115700
2004-04-14,29.085176467895508,29.23677389383723,28.587066705782167,28.601504949273767,2048200
2004-04-15,28.709789276123047,28.904701424919324,28.3921561931661,28.77475999238847,1375600
2004-04-16,28.69535255432129,28.774761517723267,28.377719454526787,28.652037823243827,1037100
2004-04-19,28.76753807067871,28.87582351036784,28.421028519011873,28.623161156177375,1196200
2004-04-20,28.233339309692383,28.96245270445207,28.168368591045414,28.940796716174198,1011900
2004-04-21,28.146713256835938,28.44269037003592,27.908486364990047,28.168369245617043,1596400
2004-04-22,28.298311233520508,28.312749477591776,27.71357474079475,28.04564609299351,4183400
2004-04-23,28.045642852783203,28.247775492614412,27.720792037057958,28.247775492614412,1866800
2004-04-26,28.327186584472656,28.745884630476986,28.21168339035284,28.70979039865455,1649600
2004-04-27,28.587074279785156,28.731453999140456,28.39938257229314,28.435476813678438,1797800
2004-04-28,27.691917419433594,28.132274204076115,27.6774791760569,28.125053705481093,1457400
2004-04-29,27.258777618408203,27.98789374259837,27.107180197906064,27.691916646174224,2715500
2004-04-30,26.91226577758789,27.699132053462,26.854515564380094,27.655820082009413,2167600
2004-05-03,27.273218154907227,27.55475703203369,27.10718247746889,27.208247432969312,1402600
2004-05-04,28.307876586914062,28.409598494961816,27.879189423202735,28.22068677597515,1533600
2004-05-05,28.48952293395996,28.569448080211785,28.14802836140313,28.264282363665593,998000
2004-05-06,27.610355377197266,27.79200245204725,27.297922186718147,27.741141492826404,2093600
2004-05-07,27.123544692993164,27.574028698182655,26.891033868812062,26.94189760377156,3360100
2004-05-10,27.021818161010742,27.196200574383823,26.79657755955878,26.985489299974727,1174600
2004-05-11,27.39237403869629,27.39237403869629,27.02181252693387,27.210726999675376,1218900
2004-05-12,26.847436904907227,27.19619893896649,26.266166848141783,27.174402177998495,1630200
2004-05-13,27.29792022705078,27.370577943089053,26.571331979811287,26.593128740279926,2970500
2004-05-14,27.174396514892578,27.42143658399937,26.869228066365977,27.09447137904719,1932400
2004-05-17,26.673053741455078,26.898297094654005,26.585863928354993,26.673053741455078,1098900
2004-05-18,27.2470645904541,27.28339345556509,26.956428126136693,26.963695562187734,1217500
2004-05-19,27.46503257751465,27.95184809812718,27.37057533828286,27.857390858895386,1244800
2004-05-20,27.57402229309082,27.78473353285387,27.399639908390437,27.712073051014556,1144300
2004-05-21,27.428701400756836,27.733867079296324,27.319712074584906,27.733867079296324,1140300
2004-05-24,27.89371681213379,28.009970797667883,27.668476274250413,27.937313096101693,747900
2004-05-25,28.634841918945312,28.685702873104834,27.951849983293098,28.04630445718128,1626900
2004-05-26,28.729305267333984,28.729305267333984,28.315150111650578,28.554922836234002,921900
2004-05-27,29.237911224365234,29.39775874817466,29.078060928841712,29.136186545214024,1553500
2004-05-28,29.354167938232422,29.50675081347159,29.20884972631754,29.42682565833269,1095200
2004-06-01,29.114397048950195,29.14346125024429,28.881888982027036,28.925485283968175,893300
2004-06-02,29.121658325195312,29.39775986394266,29.041733174400058,29.39775986394266,726600
2004-06-03,28.794689178466797,29.06352601805392,28.70023194282825,29.02719716487412,1009500
2004-06-04,29.070798873901367,29.223384535006467,28.743836331411647,28.918215984510883,2095000
2004-06-07,29.906368255615234,29.9935580578633,29.37595923672592,29.405023428046555,2292400
2004-06-08,30.32052230834961,30.378650689126307,29.90636729631378,29.99355709576507,1289500
2004-06-09,29.354167938232422,29.935438014177606,29.31057164314365,29.717462082162456,2147100
2004-06-10,29.644794464111328,29.70292284358969,29.53580791015993,29.53580791015993,1070300
2004-06-14,28.889148712158203,28.94727710481792,28.794694231657637,28.889148712158203,1785800
2004-06-15,29.4050350189209,29.60121423009433,29.26698144158685,29.390502917532316,1517600
2004-06-16,29.245174407958984,29.35416374425187,29.019931073086873,29.317832117678268,1001300
2004-06-17,29.37596321105957,29.506749317982905,29.216112908883446,29.44862092747733,1345600
2004-06-18,29.644794464111328,29.739251694906823,29.375957638308122,29.38322229988607,1151700
2004-06-21,29.499483108520508,29.76832276820326,29.405028627597268,29.528547304980428,806500
2004-06-22,29.383222579956055,29.434083526627568,28.93273872155965,29.412286769972265,778700
2004-06-23,29.419559478759766,29.49221719511534,29.078062114117305,29.310570132512193,598300
2004-06-24,29.73198890686035,30.00082854638002,29.71745958143443,29.761053101140444,718100
2004-06-25,29.935436248779297,30.051690257112423,29.64479984208938,29.64479984208938,760000
2004-06-28,30.16794776916504,30.618431757311054,30.16794776916504,30.516709834669808,1073800
2004-06-29,30.48038101196289,30.516709874136815,30.117086846794596,30.15341570896852,1529200
2004-06-30,30.378660202026367,30.50217889228538,30.17521357731356,30.45858259305093,835400
2004-07-01,29.949966430664062,30.625693677041053,29.877305947781903,30.589362049742967,1830000
2004-07-02,30.284202575683594,30.429520799671167,30.11708758819799,30.262405812185563,875800
2004-07-06,29.157983779907227,29.557606715524706,28.983601401097733,29.557606715524706,2040500
2004-07-07,28.918216705322266,28.998141869866043,28.598518818861848,28.598518818861848,2251700
2004-07-08,27.581287384033203,28.162557389210836,27.465033382997678,28.08263501551655,6039900
2004-07-09,29.092588424682617,29.24517126170633,28.155289102884975,28.264278427452577,7802700
2004-07-12,28.656635284423828,28.831017657825207,28.482255682736245,28.743827856981415,2859700
2004-07-13,28.591243743896484,28.64210469470526,28.43139622923203,28.64210469470526,790400
2004-07-14,28.22795295715332,28.5912470892748,28.15529523941473,28.278813913913186,1598200
2004-07-15,28.22795295715332,28.54765356731735,28.22795295715332,28.373271164344764,811600
2004-07-16,28.068105697631836,28.765629772899047,28.053573599599485,28.736565576834337,1989100
2004-07-19,28.19889259338379,28.424133189871178,27.959117126745046,28.126232101198852,1135500
2004-07-20,28.605777740478516,28.700234986133083,28.19162267254233,28.44593021519477,1680400
2004-07-21,27.581287384033203,28.692969213881565,27.581287384033207,28.627576165066955,2025000
2004-07-22,27.88645362854004,28.039036472943547,27.356044618198954,27.501360029032504,2736600
2004-07-23,27.595829010009766,28.002719539998424,27.57403224344938,28.002719539998424,1131200
2004-07-26,27.595829010009766,27.850136630645792,27.268863653029143,27.777476122586222,633800
2004-07-27,28.242483139038086,28.51132277420383,27.83559551256293,27.90098856277702,1836100
2004-07-28,28.583982467651367,28.642108087583708,28.089902225512287,28.26428462873784,2246600
2004-07-29,28.990875244140625,29.27424424710308,28.889150550512888,28.954543610559185,1800900
2004-07-30,29.070798873901367,29.281510162134673,29.012673246773158,29.027205346483864,812800
2004-08-02,29.099868774414062,29.099868774414066,28.71477775763654,28.896424882035774,590200
2004-08-03,28.605777740478516,28.969071854227035,28.547652123570096,28.918210900039373,647000
2004-08-04,28.43866729736328,28.540389221893992,28.031779599240444,28.068108462042186,882400
2004-08-05,27.828330993652344,28.21342467268541,27.75567327323105,28.1480316156205,1049000
2004-08-06,27.552230834960938,27.915525035453868,27.377851170884608,27.813803102790214,1400800
2004-08-09,27.421436309814453,27.523158201068313,27.312446985348938,27.399636781893154,1557700
2004-08-10,27.9591121673584,28.031772646654822,27.813793980479428,27.87918702598927,829500
2004-08-11,26.9418888092041,26.9564181324902,26.324287244423868,26.840164144205428,2691500
2004-08-12,25.79388427734375,25.939202489587153,25.445122230988208,25.844745235871788,2918300
2004-08-13,26.19350814819336,26.251636543698208,25.975532208479084,26.142647187983844,1365600
2004-08-16,26.585865020751953,26.73844789287519,26.353356995121985,26.455078909870807,1029900
2004-08-17,26.745716094970703,26.949159930304173,26.702119799521654,26.898298971470805,981500
2004-08-18,27.26884651184082,27.29791069679491,26.38967570482885,26.44780407473703,1576300
2004-08-19,27.029085159301758,27.290657389275662,26.920095806241168,27.239796430304555,861500
2004-08-20,26.912830352783203,26.912830352783207,26.469611061862405,26.469611061862405,2020400
2004-08-23,26.920093536376953,27.159868984206966,26.81837162701179,26.963689828268087,1219500
2004-08-24,26.535003662109375,26.920094554039153,26.433281748898814,26.832904738674994,1749800
2004-08-25,26.7602481842041,26.811109143019888,26.287964684669646,26.35335774196343,2699200
2004-08-26,27.000022888183594,27.087212713822733,26.86197209994541,26.956426589506734,834400
2004-08-27,27.072677612304688,27.21073115694936,27.029084090176287,27.145338102042484,676200
2004-08-30,26.811105728149414,27.000017440873307,26.76024477581167,26.985485344246232,1231200
2004-08-31,26.49140739440918,26.760247047258467,26.29522823086278,26.658522362234425,1973900
2004-09-01,26.636728286743164,26.80384327141649,26.491410065201066,26.6294636229376,773900
2004-09-02,27.043615341186523,27.043615341186523,26.542267678696636,26.62946026365134,554000
2004-09-03,26.440547943115234,26.861970489922378,26.324293925326092,26.636727117830862,1540900
2004-09-07,26.818370819091797,27.145336069139898,26.665787959640706,27.101739778562127,1199900
2004-09-08,27.18166732788086,27.261592481813917,26.99275559544171,27.029084454943742,1558200
2004-09-09,27.072677612304688,27.159870199990042,26.70938347875854,26.978223133216968,952900
2004-09-10,28.467729568481445,28.678440838862773,27.930053011597085,28.0099781673772,2766500
2004-09-13,28.707500457763672,29.150719732500004,28.663906936782528,28.81648980364494,1570100
2004-09-14,28.373273849487305,28.75110011525545,28.36600918571165,28.714771252948125,3560300
2004-09-15,28.264286041259766,28.42413358284786,27.97364961193057,28.184360884608516,1961300
2004-09-16,28.4168701171875,28.525856703994044,28.08990481333882,28.08990481333882,1908200
2004-09-17,28.83101463317871,28.852811388174523,28.656632278071694,28.8092178781829,794800
2004-09-20,28.787425994873047,28.831022288153502,28.38780300746869,28.409599768251802,960000
2004-09-21,29.245174407958984,29.310567455391922,28.8964124122213,29.048995265660167,1529800
2004-09-22,28.2788143157959,28.554918636212058,28.26428498941311,28.540386538114966,1072200
2004-09-23,28.177091598510742,28.34420656429739,28.00997663272409,28.329677238328312,1204200
2004-09-24,28.053573608398438,28.424132407339652,28.024509412324615,28.3660067869063,1065100
2004-09-27,27.784738540649414,28.024511244649766,27.755674342675288,27.835599501246897,1442100
2004-09-28,28.031774520874023,28.04630384599087,27.821063274396945,27.95184937416106,1052300
2004-09-29,28.31514549255371,28.40959997109775,27.908255067506943,28.024509078703982,2670100
2004-09-30,28.300615310668945,28.416869329736496,28.060839837252747,28.286083211821197,1972300
2004-10-01,29.325103759765625,29.368697283167183,28.932745418865444,28.94001285390861,2247400
2004-10-04,29.521278381347656,29.891837131734125,29.484949526872736,29.775583134386025,2362600
2004-10-05,29.623003005981445,29.920904074805886,29.463152705539095,29.60120624563537,1933800
2004-10-06,29.463151931762695,29.499480788623455,29.28150487574478,29.354165361180414,1835600
2004-10-07,29.143451690673828,29.383224343413424,29.085323307152787,29.325098731606264,1288600
2004-10-08,28.656635284423828,29.179779632914165,28.627573865285093,29.041728883935345,2327100
2004-10-11,28.86008071899414,28.983599367711747,28.700230447276123,28.918206326710166,1222900
2004-10-12,28.751094818115234,28.801955770317704,28.20615366876246,28.227950427788087,1375300
2004-10-13,28.642099380493164,28.940003139549,28.554909591242893,28.874610104682937,1396700
2004-10-14,28.482261657714844,28.79469484563694,28.37327230501109,28.533122616519428,693900
2004-10-15,28.86008071899414,29.056259841998887,28.562179703701087,28.73655929856285,1220700
2004-10-18,29.455888748168945,29.455888748168945,28.881883357117946,28.918212215802917,1610500
2004-10-19,29.74652099609375,30.022625298252994,29.681127944837986,29.811914047349514,1423100
2004-10-20,29.97903060913086,30.044423663881684,29.593939715439507,29.746522585953333,1719600
2004-10-21,30.909067153930664,31.018053736630925,30.414986884889114,30.502176705392205,2794300
2004-10-22,30.276931762695312,30.78554410405959,30.233338240562038,30.74921524504377,1672200
2004-10-25,30.0589599609375,30.13162046065234,29.77559094133626,30.008098996994438,962900
2004-10-26,30.16067123413086,30.21879961336804,29.819176707110277,29.949962788680264,870500
2004-10-27,30.916330337524414,30.9889908275609,30.167945306291475,30.22607092660638,1758700
2004-10-28,30.923595428466797,31.090710385312455,30.523969692842307,30.691087421402045,2193600
2004-10-29,30.988983154296875,31.141565988020627,30.807336131755193,30.879993832086427,1028500
2004-11-01,31.083436965942383,31.265083984718043,31.025311361225214,31.04710811652996,1696700
2004-11-02,31.134305953979492,31.374081411139315,30.988990518783034,31.09071243210626,1934800
2004-11-03,31.45400047302246,31.722837302137588,31.381339997779374,31.671976355324286,1151100
2004-11-04,31.79549789428711,31.88269047250026,31.366810752404692,31.461267992945288,975800
2004-11-05,31.98441505432129,32.20239097468346,31.679246548442883,31.948086196213296,1854400
2004-11-08,31.58479881286621,31.91176137733617,31.58479881286621,31.86090041078685,1444600
2004-11-09,31.969881057739258,32.10793181903517,31.722840956879075,31.766437247047595,795700
2004-11-10,32.22418975830078,32.47122988934468,32.12973527563281,32.33317911118153,1358500
2004-11-11,32.856319427490234,32.93624457329663,32.47849322931441,32.47849322931441,808700
2004-11-12,32.863582611083984,32.943507753293694,32.31864148334206,32.493023863773594,937800
2004-11-15,32.5511474609375,32.64560469331169,32.39856461982717,32.47122232367578,823400
2004-11-16,32.32591247558594,32.46396324532661,32.23145522696642,32.347709236146514,725800
2004-11-17,32.84905242919922,33.0524990135099,32.71100166661066,32.74733052290091,1103300
2004-11-18,32.28231430053711,32.47849344928675,32.122464007841685,32.195124491664174,863000
2004-11-19,31.773704528808594,32.543889088324775,31.766439865705333,32.5148248924832,1247600
2004-11-22,32.10793685913086,32.173329918791595,31.72284593652569,31.817303194194412,1162300
2004-11-23,32.202388763427734,32.47849305517468,32.04253847267202,32.35497162003236,975100
2004-11-24,32.42036437988281,32.47122533163107,32.10793123530697,32.296845717555335,643900
2004-11-26,32.76186752319336,32.89991830644383,32.638346067262326,32.638346067262326,419400
2004-11-29,32.950782775878906,33.299547646401166,32.79819987734715,33.19782294233189,1016100
2004-11-30,32.33317565917969,32.77639491506067,32.33317565917969,32.74006605855048,1316500
2004-12-01,33.023433685302734,33.059762540344934,32.66013959145279,32.703733108817836,1499600
2004-12-02,32.88538360595703,33.21234887906878,32.7546002684266,33.103362302507705,2326500
2004-12-03,32.950782775878906,33.023443278785535,32.68921328055938,32.84179617909113,1969400
2004-12-06,32.863582611083984,33.0234328955034,32.69646766451546,32.841785852922754,968800
2004-12-07,32.565673828125,33.19780460990741,32.507548229612475,33.14694367181648,1202500
2004-12-08,32.42763900756836,32.514828833948016,32.187863520381036,32.33318174549021,916300
2004-12-09,32.369503021240234,32.52935330856195,31.810029787328187,32.107930831700685,1481100
2004-12-10,31.72283935546875,32.057069248079564,31.708307259479508,31.73010401760642,1134100
2004-12-13,32.69646072387695,32.81997935618921,32.333166715833876,32.485749534000774,2567400
2004-12-14,32.623817443847656,32.76913289389322,32.471231786556544,32.50029598525147,2034800
2004-12-15,32.72554397583008,32.892658984286506,32.62382203778834,32.78366960969039,1041400
2004-12-16,31.853626251220703,32.318642247751605,31.599321494278477,32.26051663404223,2347100
2004-12-17,31.27962303161621,31.9190214559109,31.214229979452956,31.911754021384894,2532400
2004-12-20,31.65018081665039,32.195121929233615,31.555723581056096,32.08613259803143,1904000
2004-12-21,31.839094161987305,32.115198449382035,31.715575500506013,32.049805401623125,1467500
2004-12-22,31.962614059448242,32.093397376968234,31.810028440866212,31.962614059448242,1172500
2004-12-23,32.22418975830078,32.29685025079274,32.078874316745626,32.22418975830078,597700
2004-12-27,32.471221923828125,32.696465237727175,32.376767464330776,32.59474334490622,811700
2004-12-28,32.740074157714844,32.81273188870914,32.66014899059226,32.72554205717303,784000
2004-12-29,32.40583038330078,32.65287046518448,32.238715441396195,32.587477420811915,1355800
2004-12-30,32.180599212646484,32.514829193897384,32.158799677024284,32.514829193897384,749200
2004-12-31,32.122467041015625,32.31864620828955,32.02074512577307,32.311381545078355,753900
2005-01-03,31.998950958251953,32.45669961394845,31.97715142342269,32.3767772252896,743000
2005-01-04,30.75648307800293,31.780972437110446,30.545771812583645,31.780972437110446,3352000
2005-01-05,30.66929054260254,31.236031284086945,30.662025879378398,31.1488386951113,2461000
2005-01-06,31.09797477722168,31.31595068548329,31.047113824351104,31.199696682962827,1955400
2005-01-07,31.504867553710938,31.904490544354942,31.199699041702285,31.868161685517173,2085200
2005-01-10,31.490325927734375,31.76643016044563,31.432197553810564,31.577515716906667,1222300
2005-01-11,30.08075523376465,31.475803370012127,29.90637283087658,31.410410315393385,7851500
2005-01-12,30.327795028686523,30.3641238871481,29.928169270466483,30.327795028686523,4272200
2005-01-13,29.920900344848633,30.407713076652428,29.920900344848633,30.407713076652428,1734600
2005-01-14,29.862775802612305,30.029893538304705,29.753789228738274,29.95723305067449,2117700
2005-01-18,29.557613372802734,29.695664157156173,29.31783789439915,29.405030489299275,2623600
2005-01-19,29.157983779907227,29.652063952867923,29.027197688728577,29.652063952867923,2043000
2005-01-20,28.57671356201172,28.903676015482613,28.533117274749134,28.772889925408712,2665100
2005-01-21,28.57671356201172,28.925475544970837,28.467724229712182,28.903676015482613,1814500
2005-01-24,28.605777740478516,29.019932808414698,28.605777740478516,28.98360395138267,2050700
2005-01-25,29.2814998626709,29.434082698391958,29.070788648553076,29.339628241067665,2272300
2005-01-26,28.613046646118164,28.983605441640563,28.591247113406776,28.983605441640563,3684500
2005-01-27,27.988176345825195,28.45319232624663,27.973644249972793,28.42412813454182,7432700
2005-01-28,28.097164154052734,28.257014443809194,27.799263105142785,28.227950250814565,2542500
2005-01-31,28.133501052856445,28.409602622899808,28.00997959534061,28.336944898512506,2274400
2005-02-01,28.031774520874023,28.162557848924077,27.86465679317561,27.988178230381298,3007500
2005-02-02,28.293344497680664,28.409598502869613,28.169825829792327,28.29334449768066,2739300
2005-02-03,28.097164154052734,28.10443158815839,27.828327298137417,27.98091015378822,1436800
2005-02-04,28.474987030029297,28.554912165594914,28.271543246199492,28.293340002548778,1580400
2005-02-07,28.373273849487305,28.77289687829694,28.35874175022147,28.692974489906636,1297600
2005-02-08,28.496793746948242,28.663908721782594,28.395071829372057,28.46772955000808,1248600
2005-02-09,28.5985164642334,28.831024502827617,28.5985164642334,28.772896107321834,2258000
2005-02-10,28.671171188354492,28.852818247741,28.627577667998796,28.70750004588896,2888000
2005-02-11,28.961809158325195,29.00540268103845,28.591247584976674,28.671172738903387,1377000
2005-02-14,29.4340877532959,29.506748238770307,29.259708131585548,29.33236584534584,2588600
2005-02-15,29.484960556030273,29.593947160222612,29.346906976985693,29.434096814682555,1466600
2005-02-16,29.296039581298828,29.405028933299437,29.12165994415508,29.208849762726953,1334800
2005-02-17,29.019941329956055,29.42683185465258,28.98361246225626,29.383235550383866,1049800
2005-02-18,28.758365631103516,28.969074127106865,28.743833532807706,28.881884309046363,1179500
2005-02-22,28.976341247558594,29.390496343493034,28.969073812632413,29.25244279703868,1732400
2005-02-23,29.216114044189453,29.28877453514493,29.005402777990046,29.048999072563333,1363500
2005-02-24,29.521278381347656,29.53581047748041,29.099855908639583,29.23790943604378,1224800
2005-02-25,29.608474731445312,29.66660312882573,29.383231349168,29.50675280774412,2115500
2005-02-28,29.463151931762695,29.681127844641367,29.28150487574478,29.681127844641367,898800
2005-03-01,29.463151931762695,29.59393803383272,29.303304407232527,29.55760917697196,1073400
2005-03-02,29.07806396484375,29.354168293653675,29.048999767765995,29.121660260460388,1730400
2005-03-03,29.208850860595703,29.354169078153785,29.019936346255857,29.346901642832925,2041900
2005-03-04,29.550342559814453,29.637535144748608,29.39049503086355,29.470420181196097,1050400
2005-03-07,29.557613372802734,29.644803195988356,29.31783789439915,29.361434191849213,929400
2005-03-08,29.957231521606445,30.08075295841597,29.775584469373776,29.884573809399,1265800
2005-03-09,29.76105308532715,30.00082853043932,29.695660034088746,29.695660034088746,926200
2005-03-10,29.862775802612305,29.964500485294607,29.673864078202136,29.84824647680046,1263900
2005-03-11,29.68113136291504,30.10255391325299,29.586676878223656,29.870045875726685,1587900
2005-03-14,29.768320083618164,29.884574087259416,29.572140932777163,29.65933074257958,930500
2005-03-15,29.354167938232422,29.75379094221259,29.354167938232422,29.75379094221259,1757000
2005-03-16,29.25971031188965,29.57940815665717,29.25971031188965,29.426825283362284,1794600
2005-03-17,29.245174407958984,29.39049259911151,29.128920409379756,29.317832117678268,804800
2005-03-18,29.157983779907227,29.252438245536567,28.983601401097733,29.24517358345503,1457800
2005-03-21,28.83101463317871,28.990864894384018,28.700228559776825,28.990864894384018,1358000
2005-03-22,28.562183380126953,29.056263582021053,28.45319404052436,28.86734909627176,1326200
2005-03-23,28.85281753540039,28.95453944267118,28.613044864221262,28.620309526863135,2509700
2005-03-24,28.89641761779785,29.2815085377678,28.89641761779785,29.165254518245867,935400
2005-03-28,28.92547607421875,29.056262166685634,28.801954643904953,28.990869120452192,749800
2005-03-29,28.68570327758789,29.063529493610524,28.663906517416212,28.88914709709463,1474100
2005-03-30,29.230642318725586,29.288770703886204,28.998134321511024,28.998134321511024,1230000
2005-03-31,29.121658325195312,29.499481775240547,29.092594130049,29.448620819591603,1204900
2005-04-01,28.85281753540039,29.354165180826552,28.780159822125285,29.33236564947274,1330000
2005-04-04,28.707500457763672,28.801957706079826,28.37327052890861,28.51132406992011,1208400
2005-04-05,28.48952293395996,28.642105792233057,28.460458740465832,28.591244839475358,1479000
2005-04-06,28.16982650756836,28.300612613016952,28.12623021518077,28.271548418091893,2255300
2005-04-07,28.257017135620117,28.38053858175715,28.133498461197345,28.315145527146782,2572400
2005-04-08,28.177091598510742,28.307877705946247,28.00997663272409,28.133498077175055,1011700
2005-04-11,28.39507484436035,28.54039030106199,28.32241434429486,28.51132887275046,1444100
2005-04-12,28.453189849853516,28.47498660587813,27.995438571341246,28.213417218441894,1445300
2005-04-13,27.93731689453125,28.336939850906354,27.89372060463588,28.336939850906354,1766700
2005-04-14,27.56675910949707,27.944585358175637,27.51589815022442,27.90099183406445,2671500
2005-04-15,26.85470199584961,27.392378539245495,26.83290523453434,27.377846441130547,3741700
2005-04-18,26.992753982543945,27.181665703695053,26.593128236757497,26.752978535072078,2263300
2005-04-19,27.276119232177734,27.341512275146098,27.058143346187777,27.2833838939681,1830500
2005-04-20,27.239795684814453,27.69754430302688,27.101742138487328,27.544961430289405,1706900
2005-04-21,28.707500457763672,28.88914751975632,28.286080715232117,28.663906936782528,3314300
2005-04-22,28.77289581298828,28.990874522190683,28.627580369139245,28.940013562500635,1270300
2005-04-25,28.838289260864258,28.91094975548447,28.70023847865754,28.845556696183507,1028400
2005-04-26,28.642099380493164,28.91820361345136,28.591238439121053,28.758356128444763,1223800
2005-04-27,28.82375717163086,28.954543290276757,28.540388171802906,28.58398446858969,1066400
2005-04-28,28.4168701171875,28.758367520286626,28.409602681705017,28.58398510099582,1030600
2005-04-29,28.649368286132812,28.794686456830565,28.315138433727483,28.787419023853214,2141400
2005-05-02,28.692974090576172,28.751099715116034,28.496794910789482,28.627581030647278,813300
2005-05-03,28.780160903930664,28.80922509901883,28.59124640757181,28.751096708842503,1048700
2005-05-04,29.354167938232422,29.390496798282555,28.9545421625379,29.019935219313883,1359400
2005-05-05,29.514019012451172,29.702933542085994,29.339639354634848,29.6375404774762,1144800
2005-05-06,29.804651260375977,29.884576413797966,29.572143234992534,29.826448021594956,1388700
2005-05-09,29.69566535949707,29.71746489496199,29.4922215065886,29.572146669292533,1524200
2005-05-10,29.57619285583496,29.84740160438342,29.407605220762353,29.422265379830332,1522800
2005-05-11,29.774097442626953,29.8620583870895,29.473571206061052,29.649490298847027,886000
2005-05-12,29.51021385192871,29.744773523887165,29.392935414018744,29.400266889216034,1618900
2005-05-13,29.700794219970703,29.928022425597753,29.43691702534281,29.53953531300063,1666000
2005-05-16,30.206562042236328,30.27253135195129,29.869386813088347,29.884046970373795,1026700
2005-05-17,30.30184555053711,30.345826013516636,29.928021401696007,29.928021401696007,1338700
2005-05-18,30.719648361206055,30.770957500271216,30.125924728417008,30.13325620321967,2630300
2005-05-19,30.58770751953125,30.639016654811076,30.382470978411952,30.404459808920972,3729800
2005-05-20,30.565719604492188,30.61702874130877,30.338491429920023,30.485090162026637,1179600
2005-05-23,30.60970687866211,30.683007665801917,30.44111926244925,30.45577941987721,1269200
2005-05-24,30.785619735717773,30.829600199092965,30.433784417131914,30.492422238826943,1990400
2005-05-25,30.602373123168945,30.807609700847383,30.551063978749333,30.75630055642777,1171800
2005-05-26,30.683000564575195,30.785618846681977,30.573050807381655,30.573050807381655,1463200
2005-05-27,30.85892105102539,30.939550511201976,30.646355778723954,30.68300477076635,958900
2005-05-31,30.235876083374023,30.653680692835017,30.21388725007771,30.602371551051284,1995200
2005-06-01,30.4924259185791,30.6097043722606,30.015983423808773,30.04530373626387,1243600
2005-06-02,30.69032859802246,30.74163773799668,30.272524003296134,30.331164618202912,2372200
2005-06-03,30.58770751953125,30.74896639963251,30.529069706127807,30.602367671916653,2511200
2005-06-06,30.675668716430664,30.74163801071682,30.580381910569457,30.675668716430668,868500
2005-06-07,31.14478302001953,31.350019567032682,30.785616266608276,30.785616266608276,2893000
2005-06-08,31.100811004638672,31.2474097763621,31.005521383597593,31.218089462789617,2600700
2005-06-09,31.210752487182617,31.232741318448227,30.85891441010332,30.990852989973494,1679100
2005-06-10,30.65367889404297,30.829597938505874,30.56572076988069,30.829597938505874,1113700
2005-06-13,30.367816925048828,30.441114905558724,30.228549643624543,30.32383645905966,1502900
2005-06-14,30.140586853027344,30.294517076427972,30.052628722611665,30.243205137868728,818600
2005-06-15,30.162578582763672,30.419124295717918,29.840060776605693,30.309174535229776,1288500
2005-06-16,30.485090255737305,30.543728071077254,30.27252223333619,30.389800660154346,1045000
2005-06-17,31.240076065063477,31.254736220800968,30.97619885406621,31.093477303827353,1508700
2005-06-20,30.8076114654541,30.917561236158804,30.661015499366258,30.704993170737083,1466300
2005-06-21,30.990854263305664,31.049494877274356,30.675667953569892,30.690328107062065,1331600
2005-06-22,31.826465606689453,32.0683539615747,31.70185848772813,31.899766379141905,2998100
2005-06-23,31.32803726196289,31.782490909077488,31.269396638521616,31.357354777544707,2195200
2005-06-24,31.115463256835938,31.291379501302995,31.02017366000228,31.203421379069464,1336200
2005-06-27,31.027509689331055,31.17410564919394,30.895571088543498,31.08614751404847,1037700
2005-06-28,31.33536720275879,31.37934767210952,31.00552067297565,31.012852149270238,799500
2005-06-29,31.73118782043457,31.885115292150818,31.54794003139922,31.84846629357162,1597700
2005-06-30,31.738508224487305,32.04636588377178,31.7385082244873,31.995056739914137,1331200
2005-07-01,31.74583625793457,31.943744132558162,31.606566200159637,31.870443366324427,1221500
2005-07-05,31.152114868164062,31.188763855840076,30.873577528776984,30.97619581272524,1219600
2005-07-06,31.064151763916016,31.26205962103987,31.027502782108947,31.130121049623966,1081900
2005-07-07,30.65367889404297,30.690327879432388,30.360481418650906,30.360481418650906,1494100
2005-07-08,31.130126953125,31.188764775908737,30.580383733351738,30.595043888082323,1758900
2005-07-11,31.71651840209961,31.753167389979094,31.379343239786703,31.386671918907183,841600
2005-07-12,32.21495056152344,32.36154930051128,31.951073390573004,32.009711208485115,1038600
2005-07-13,31.81181526184082,31.870453096592012,31.65788500382318,31.753174630950447,877000
2005-07-14,32.2442741394043,32.38354141769389,32.068355075546,32.28092312883433,1395500
2005-07-15,32.302913665771484,32.427523591767496,32.031707774329085,32.11966591282468,696000
2005-07-18,32.00238800048828,32.13432660851792,31.965739008510905,32.126997928577985,1136200
2005-07-19,32.61076354980469,32.66207268467433,32.17829884437617,32.22960797924581,1232200
2005-07-20,32.92594909667969,32.94794072452669,32.339556949962095,32.51547599204653,1982100
2005-07-21,32.13431930541992,32.4201852924697,31.943742912766147,32.4201852924697,2494800
2005-07-22,32.097679138183594,32.50815234161152,32.024378354615045,32.456843191183026,2076300
2005-07-25,31.51860809326172,31.738504799800996,31.401329663364884,31.62122636990416,1951400
2005-07-26,31.386672973632812,31.533271726215624,31.320703674777477,31.46730242736029,1478700
2005-07-27,31.481956481933594,31.540594293921217,31.254728319653594,31.34268643570407,901400
2005-07-28,31.694530487060547,31.716519321197733,31.452642126997016,31.613901033706036,1023600
2005-07-29,31.386672973632812,31.584580870198813,31.350023984521766,31.569920715326667,689200
2005-08-01,31.313369750976562,31.45263700472919,31.1887598535026,31.276717971865406,1049900
2005-08-02,31.701862335205078,31.753171484079616,31.547934888581462,31.55526356864687,1764400
2005-08-03,32.06102752685547,32.11233667309484,31.83379931055343,31.83379931055343,846500
2005-08-04,31.584583282470703,31.863120654037473,31.49662514265867,31.61390359445433,784700
2005-08-05,31.394001007080078,31.657875377431427,31.298711408928067,31.6212263923386,377800
2005-08-08,31.26939582824707,31.591910860400382,31.25473567276664,31.569922025249106,431900
2005-08-09,31.62122917175293,31.75316776659479,31.306042839201666,31.357351982069215,645400
2005-08-10,31.885107040405273,32.22961368939931,31.81180906221612,32.06102610265334,796200
2005-08-11,32.06102752685547,32.11233667309484,31.80447899951986,31.936417603032172,368700
2005-08-12,31.885107040405273,32.031705792922224,31.72384813302277,31.80447758671402,698900
2005-08-15,31.877771377563477,31.980389643003118,31.65787189889222,31.701852353854076,676300
2005-08-16,31.16677474975586,31.61389966545114,31.159443274601692,31.540598894601953,1199800
2005-08-17,31.14478302001953,31.218080987913304,30.88090586178077,30.990852813621427,1148200
2005-08-18,30.82960319519043,30.97619916174385,30.631695284976722,30.748973735902755,1046400
2005-08-19,31.130126953125,31.18143609661275,31.012848511418916,31.071486334202653,448900
2005-08-22,31.12279510498047,31.284054008947166,31.020176819233875,31.100806271217223,724100
2005-08-23,31.064151763916016,31.122789575579706,30.880904058742598,30.9908510041638,537000
2005-08-24,30.939546585083008,31.276721742908887,30.91022627671419,30.91755775187565,400900
2005-08-25,30.939546585083008,30.99818720182064,30.822268147746243,30.88823744350683,559100
2005-08-26,30.6610164642334,31.100809968614367,30.631696151637627,31.071489656018592,619400
2005-08-29,30.87358283996582,30.902903153606022,30.573056615501248,30.639025923122205,516700
2005-08-30,30.785619735717773,30.866249187169682,30.573051690278852,30.814940044634568,744500
2005-08-31,31.27672576904297,31.328037713362843,30.697664982980317,30.880912739666453,963500
2005-09-01,31.606565475463867,31.701855071313695,31.48928704831725,31.591905322553256,1139000
2005-09-02,31.599241256713867,31.804477834151143,31.569920946754642,31.657879080493665,768000
2005-09-06,32.27358627319336,32.29557790009626,32.039029424575844,32.04636089892288,1040300
2005-09-07,32.35421371459961,32.5081411127158,32.18562616483359,32.35421371459961,1164200
2005-09-08,32.14897918701172,32.26625761138007,32.09033857675845,32.163639339575035,435300
2005-09-09,32.49349594116211,32.544805093106696,32.28092785674079,32.28092785674079,868200
2005-09-12,32.49349594116211,32.676743711289646,32.383546160629955,32.55946245411452,723500
2005-09-13,31.95840072631836,32.24426951359426,31.899762910870304,32.222277886180265,1043200
2005-09-14,31.819143295288086,32.06836037922361,31.709193512675096,32.00239106888365,577900
2005-09-15,31.54059600830078,31.65787443478875,31.423317581812814,31.613896772442168,570400
2005-09-16,32.41285705566406,32.434845886924855,32.00238116325366,32.05369030028768,1037700
2005-09-19,31.767822265625,31.870440533091294,31.665203998158702,31.745833435778813,1010200
2005-09-20,31.547927856445312,32.0317017209554,31.452638260002004,31.75316440619557,724100
2005-09-21,31.188772201538086,31.518618771161822,31.14479452301444,31.43066061797525,901500
2005-09-22,30.998186111450195,31.027506418787663,30.75629777012371,30.998186111450195,1381600
2005-09-23,30.712324142456055,30.822271115216704,30.272527862997126,30.30184817418881,1221800
2005-09-26,31.51860809326172,31.67253550822538,31.39400098480685,31.503947940007325,1268200
2005-09-27,31.188772201538086,31.32071082938758,30.990864259763846,31.20343235975906,1005900
2005-09-28,31.555259704589844,31.672538144247458,31.372011967866165,31.48929040752378,763100
2005-09-29,31.72384262084961,31.760494399714396,31.24006877889881,31.503945928351637,1258100
2005-09-30,31.76050567626953,31.93642197427166,31.59191526282037,31.628567054698358,719500
2005-10-03,31.569913864135742,31.68719228152292,31.474624276215525,31.657871978141618,645500
2005-10-04,31.53327178955078,31.943747738379383,31.525940314030667,31.731179686514288,528200
2005-10-05,31.262060165405273,31.665204564579113,31.1960908785486,31.555254821105283,1389200
2005-10-06,31.13745880126953,31.474634005971403,31.04216918389243,31.35735555232993,1237600
2005-10-07,31.481956481933594,31.540594293921217,31.335357757757404,31.36467806182026,1252900
2005-10-10,31.481956481933594,31.61389505407836,31.29137730166312,31.547925768005978,1343100
2005-10-11,31.27672576904297,31.67987307066356,31.218087940895614,31.584583454267886,1856600
2005-10-12,31.064151763916016,31.393998192455776,31.064151763916012,31.26205962103987,1242600
2005-10-13,31.27672576904297,31.291385925114525,30.800283279342338,30.954210723885364,915200
2005-10-14,31.701862335205078,31.74584280401421,31.29138634806987,31.335366816879006,678300
2005-10-17,31.92909049987793,32.01704864118292,31.83380088238317,31.863121194864465,791900
2005-10-18,31.709178924560547,31.855777635220665,31.61389213934863,31.65786979525018,1188200
2005-10-19,31.914424896240234,31.91442489624023,31.203422818692015,31.254731958706998,1925700
2005-10-20,31.943742752075195,32.486154418072296,31.885102141622422,32.45683411284591,3497000
2005-10-21,31.973052978515625,32.383528769774465,31.929075326831242,32.22226992389821,1450800
2005-10-24,32.236942291259766,32.25893112543592,31.87044680891783,31.899767118578456,1210500
2005-10-25,31.89977264404297,32.25160803249715,31.76050534323999,32.105009254939795,1054200
2005-10-26,31.577255249023438,31.965739604273953,31.54060346022411,31.775160368617502,1120800
2005-10-27,31.086143493652344,31.635886660455537,31.086143493652344,31.5772488433218,729200
2005-10-28,31.32803726196289,31.67987261419408,31.034839737034158,31.078820204615116,1543500
2005-10-31,31.474632263183594,31.584582030695195,31.1814375433839,31.18876622301993,928100
2005-11-01,31.394001007080078,31.481959130530527,31.17410150424646,31.254730949133677,742000
2005-11-02,31.738508224487305,31.7385082244873,31.23274546525972,31.262065774932264,844500
2005-11-03,31.51860809326172,31.8484545511398,31.45996748024414,31.70185581473417,1216800
2005-11-04,31.32070541381836,31.694532393467714,31.17410665309584,31.606571459350928,693100
2005-11-07,31.423315048217773,31.503944484203192,31.152109233107016,31.401326218817392,819700
2005-11-08,31.32803726196289,31.44531571270662,31.159446867638636,31.24740780280055,665500
2005-11-09,31.386672973632812,31.49662273710458,31.166776242827908,31.240074221049998,784700
2005-11-10,31.254732131958008,31.335361579896617,30.844259009562816,31.218083145478214,1010700
2005-11-11,31.481956481933594,31.511276785996454,31.29870877574788,31.313368927779308,1061200
2005-11-14,31.188772201538086,31.247412834421983,31.12280288761334,31.210763836939186,711000
2005-11-15,31.01284408569336,31.342687733575694,30.946874796889254,31.09347073099775,499800
2005-11-16,30.844266891479492,31.005523032425526,30.785626261216095,31.005523032425526,627800
2005-11-17,30.976198196411133,31.10080811946483,30.6830034763025,30.924889050488655,1763300
2005-11-18,31.284053802490234,31.32803426586506,31.042165448136515,31.29871395694851,556400
2005-11-21,31.423315048217773,31.55525361689609,31.298707953431595,31.467295503156553,776000
2005-11-22,31.75316047668457,31.81180108143535,31.313367125605453,31.40132523659369,1515000
2005-11-23,31.877771377563477,31.987718320761083,31.804470619293717,31.826459448705634,514600
2005-11-25,31.980392456054688,32.06835057757733,31.951072150167718,32.017041440344265,184300
2005-11-28,32.48615646362305,32.823331606542716,32.37620671017002,32.78668262077117,1026200
2005-11-29,32.93328094482422,33.145848974213216,32.874640331418284,33.1385174994683,967500
2005-11-30,33.094539642333984,33.28511604251393,33.05788786110009,33.197157919056906,1021800
2005-12-01,33.32176208496094,33.35841106682003,33.087205245697064,33.175163361386495,876800
2005-12-02,33.41706466674805,33.453713662855705,33.145858740184366,33.21182805163382,573700
2005-12-05,33.387733459472656,33.556321023481644,33.182496911311844,33.51967203932982,657500
2005-12-06,33.61497116088867,33.77623009222036,33.37308276389114,33.468372386599775,591800
2005-12-07,33.2044792175293,33.387726898416474,33.02856300971472,33.29976879450919,603700
2005-12-08,33.409725189208984,33.71025133399566,33.233806150147835,33.36574473040913,1055600
2005-12-09,33.644290924072266,33.688268598341494,33.36575353709813,33.46104315824647,413100
2005-12-12,33.930145263671875,34.00344322621169,33.70291710597759,33.89349628240197,663100
2005-12-13,34.018104553222656,34.120722822778916,33.73956725289984,33.746898727089935,716200
2005-12-14,34.01078414916992,34.06209329643033,33.886174222866934,33.9081630585103,711900
2005-12-15,34.03276824951172,34.09140606844814,33.8421890466569,33.988787788205585,629500
2005-12-16,33.959468841552734,34.07674727060738,33.805538631556146,34.07674727060738,427200
2005-12-19,33.69559097290039,34.054754931063115,33.680930820057675,33.9448079789501,730100
2005-12-20,33.307106018066406,33.38773546572836,33.13118976511162,33.37307531195906,742300
2005-12-21,33.46104049682617,33.50501816759751,33.314441736597885,33.380411038893676,602100
2005-12-22,33.61497116088867,33.61497116088867,33.39507439752486,33.39507439752486,519800
2005-12-23,33.46104049682617,33.56365879014434,33.36575088325697,33.46104049682617,435400
2005-12-27,33.33642578125,33.62962325957155,33.2997767954944,33.548993813226204,288600
2005-12-28,33.54900360107422,33.8568585266033,33.4683741312054,33.82020953015544,431000
2005-12-29,33.38040542602539,33.66627142252625,33.351085119682146,33.636951116183006,669700
2005-12-30,33.03589630126953,33.17516355158776,32.925946558923805,33.09453690949074,700100
2006-01-03,33.680931091308594,33.856847334561465,33.285115349782224,33.4317140832518,3219900
2006-01-04,34.31863784790039,34.31863784790039,33.93748219845457,34.05476064473492,1064700
2006-01-05,35.13958740234375,35.21288817975364,35.01498027495505,35.124927246861766,1505300
2006-01-06,35.799285888671875,35.87258388114336,35.41080149552245,35.63802694986758,1882300
2006-01-09,35.777286529541016,35.80660404022504,35.5134093604163,35.78461520817743,1124100
2006-01-10,34.721778869628906,35.87990585777547,34.56785144851224,35.13225478874511,3132200
2006-01-11,34.186702728271484,34.29665250616851,33.834867353595605,33.90816534143429,1890300
2006-01-12,33.71025466918945,33.91549123828441,33.62229374288715,33.76889249058578,1048900
2006-01-13,33.996124267578125,34.02544178329282,33.65161759364617,33.65161759364617,637000
2006-01-17,33.680931091308594,33.74690038156299,33.48302322054541,33.63695063242624,1291700
2006-01-18,33.27045440673828,33.343755169801504,33.0798780150503,33.17516481282519,2079500
2006-01-19,33.065223693847656,33.25580011914585,32.85265563768293,32.896636103277295,1404600
2006-01-20,32.25160217285156,32.83066570111921,32.21495318415559,32.794016712423236,1734200
2006-01-23,32.816009521484375,33.10187558253457,32.76470037186711,33.08721542605264,1206400
2006-01-24,33.31443786621094,33.365747006909054,32.94794240628813,33.01391170091977,849500
2006-01-25,36.42965316772461,36.642221228263985,36.011848522465144,36.01917720214568,5341900
2006-01-26,37.038028717041016,37.19195892875724,36.862112469562966,36.95739927188927,2173400
2006-01-27,36.94274139404297,37.07467997586113,36.78148250601226,36.86211195002761,2152700
2006-01-30,37.16996383666992,37.26525342625407,36.97205597959735,37.001376283490636,1169200
2006-01-31,37.653743743896484,37.763693503173826,37.34588889174159,37.4558358548804,1205300
2006-02-01,38.27678680419922,38.30610431598533,37.44117760131795,37.44117760131795,1398700
2006-02-02,37.492488861083984,38.15217904984002,37.39719925301284,37.968931309162464,892500
2006-02-03,36.9280891418457,37.16264604945385,36.64955176550894,36.664211921751814,875100
2006-02-06,36.759498596191406,36.88410572007107,36.67153766577658,36.803476265260144,641100
2006-02-07,36.378334045410156,36.891428162641866,36.371002571601394,36.60555940299795,547700
2006-02-08,36.752159118652344,36.86210885966252,36.407652539882655,36.48095329926879,472800
2006-02-09,36.81813430786133,37.082011491688306,36.74483633285984,37.00871351668682,447000
2006-02-10,36.708187103271484,37.096671401266676,36.53959672883058,36.96473281022331,533200
2006-02-13,36.09980010986328,36.334356963028185,36.00451051447184,36.12912041554346,813700
2006-02-14,36.62022399902344,36.65687298410131,36.048492002621266,36.13645012603583,630100
2006-02-15,36.87677764892578,37.243273143283915,36.68619842602186,36.979395939963865,458700
2006-02-16,37.19929122924805,37.22128006328916,36.89876504741888,37.060023953423325,784800
2006-02-17,37.243263244628906,37.32388988320192,37.06734422379238,37.19928279038528,450500
2006-02-21,37.06001663208008,37.375202906383315,37.04535648023597,37.29457346930973,628000
2006-02-22,37.67573547363281,37.75636212836028,37.353217670168775,37.353217670168775,700500
2006-02-23,38.0275764465332,38.12286326978713,37.91762667060765,38.086214276524935,881700
2006-02-24,38.0715446472168,38.11552510587181,37.78567865630488,37.81499896207489,593500
2006-02-27,38.17417526245117,38.21815293596406,37.902966560473196,37.961607186675664,613100
2006-02-28,37.455833435058594,37.815000202173984,37.235936726848806,37.72704207811774,810800
2006-03-01,38.020240783691406,38.04956109352822,37.683065608984066,37.690394288373945,673200
2006-03-02,37.866302490234375,37.8736311675222,37.34587972252548,37.73436392995073,920400
2006-03-03,38.188819885253906,38.254789169658615,37.59509912174953,37.661068406154236,1706700
2006-03-06,37.968936920166016,38.364752769596,37.85898993719482,38.342763932229566,1236800
2006-03-07,37.63175964355469,37.73437794051293,37.389871261176935,37.558461658909906,1170000
2006-03-08,37.31657409667969,37.46317286533009,37.06735702881569,37.155315171550356,693900
2006-03-09,37.58777618408203,37.9102940015884,37.573116029091864,37.63908532847829,496900
2006-03-10,37.99091720581055,37.99091720581055,37.499811880920454,37.587770000252185,647700
2006-03-13,37.8809700012207,38.020237265851804,37.83698954053481,37.87363852637053,723400
2006-03-14,38.3647575378418,38.460047171838,37.83700300634205,37.88098348268016,406500
2006-03-15,38.833858489990234,38.848518643883025,38.37207342885173,38.48202318497847,710200
2006-03-16,38.8411979675293,39.105072403550814,38.69459919453577,38.85585532830353,777200
2006-03-17,39.127052307128906,39.127052307128906,38.62861830605937,38.833854849039234,470300
2006-03-20,39.163700103759766,39.20768055998214,38.79720469032098,38.89982295870175,1020200
2006-03-21,38.401390075683594,38.848514940303154,38.386729923188405,38.81186595713427,1344100
2006-03-22,38.716583251953125,38.79721270695214,38.276789783407715,38.36474791788906,577400
2006-03-23,38.3647575378418,38.731253118907865,38.18883842862875,38.60664316735292,472600
2006-03-24,38.26945877075195,38.35741970243609,37.97626405355432,38.04223335424806,494000
2006-03-27,37.749027252197266,37.93227495730502,37.53645924319913,37.75635593010082,1062500
2006-03-28,37.71971893310547,38.20349291645536,37.631760789625204,37.9616073228499,893700
2006-03-29,38.30610656738281,38.44537664014077,37.91762225103404,38.020240538662875,693100
2006-03-30,39.52286911010742,39.742768623273314,39.141716291867056,39.27365488131121,1126000
2006-03-31,39.81607437133789,39.91136399257334,39.58884613489613,39.82340584781547,1061600
2006-04-03,40.00665283203125,40.21188943116872,39.66947482412675,39.72078397391112,892700
2006-04-04,40.49042510986328,40.56372309328965,40.1019379685148,40.109269444540736,1174600
2006-04-05,39.969993591308594,40.109263654307824,39.83072632444779,40.057954514088664,1124300
2006-04-06,41.78049087524414,41.78049087524414,41.06948864453251,41.435984178525885,2297700
2006-04-07,40.930206298828125,42.300898309062376,40.89355731813185,42.2642493283661,3012400
2006-04-10,41.443302154541016,41.685187674188114,41.2893747514803,41.67052752206737,1201400
2006-04-11,40.930206298828125,41.39931996247163,40.53439059657717,41.36267098177536,1478800
2006-04-12,40.76896286010742,40.94488194863094,40.42445895579657,40.79828317421785,730100
2006-04-13,40.461097717285156,40.65167411852586,40.277849994649024,40.31449897994858,493300
2006-04-17,40.62968826293945,40.9302144382325,40.578379120533704,40.578379120533704,748300
2006-04-18,40.90089416503906,40.90089416503906,40.3951314196822,40.56371900146782,1508700
2006-04-19,41.68519592285156,41.72184491233648,41.282051446240125,41.43597887975998,1464100
2006-04-20,40.908226013183594,40.937543526180676,40.66633765702221,40.7836160974263,2053600
2006-04-21,40.255859375,40.48308756337086,40.22654186370894,40.402458116008994,1093200
2006-04-24,40.32182693481445,40.32182693481445,39.93334266456305,40.14591069007877,1030400
2006-04-25,40.24120330810547,40.42445104120952,39.999314958261635,40.17523401234247,1195600
2006-04-26,40.62968826293945,40.827596153421005,40.46110068130078,40.66633725092377,732400
2006-04-27,40.600364685058594,40.83492154463853,40.006643857557386,40.0872705061756,1058100
2006-04-28,40.043304443359375,40.24121237524091,39.984663813406705,40.15325143031192,798600
2006-05-01,40.24120330810547,40.52706932436563,39.99198627923842,39.99198627923842,1178500
2006-05-02,40.42445373535156,40.64435047050404,40.27785497987035,40.49042303551117,807200
2006-05-03,39.969993591308594,40.072611871746915,39.72077656904192,40.057954514088664,1153900
2006-05-04,40.95220184326172,41.06948027840363,40.512408410514155,40.534397243309996,1020600
2006-05-05,41.523983001708984,41.523983001708984,41.11768235515793,41.294978668613844,569900
2006-05-08,41.420555114746094,41.61262632702184,41.19154799796466,41.36884428483236,909700
2006-05-09,40.962547302246094,41.16200458575554,40.78525099978355,40.962547302246094,631400
2006-05-10,40.77785873413086,41.184159293601006,40.59317640546,41.01425188938726,966400
2006-05-11,40.090843200683594,40.84434749535656,40.06129334959158,40.8369586235691,893200
2006-05-12,39.61066436767578,40.29768284369161,39.4038210649712,40.09822559407134,1747800
2006-05-15,39.588504791259766,39.9209335523901,39.21175407399789,39.46291934015331,1888900
2006-05-16,39.65500259399414,40.031753425744455,39.536805978344084,39.96526765331444,1504600
2006-05-17,38.4139289855957,39.418601425334394,37.67519958202656,39.16004444326777,2094300
2006-05-18,38.251407623291016,38.93104014009631,38.251407623291016,38.70203301045003,1452100
2006-05-19,39.0713996887207,39.0713996887207,38.4139309370293,38.938428163880964,1824600
2006-05-22,38.82762145996094,39.14527535343129,38.28834929193736,38.84239638733506,2270100
2006-05-23,39.44815444946289,40.06868731107341,39.41860459461733,39.84706621776095,1797300
2006-05-24,38.58383560180664,39.39643961952365,38.18492105591078,39.27824021212134,2937800
2006-05-25,39.677146911621094,39.70669675762801,39.18219967213314,39.558950345621845,1609900
2006-05-26,39.669776916503906,39.81752338831428,39.33734805943796,39.751037616901094,918700
2006-05-30,38.76851272583008,39.32255969225529,38.724187954025766,39.226524095693584,1219500
2006-05-31,38.879329681396484,38.960590367473195,38.45086527045711,38.79806899531977,1037200
2006-06-01,39.58112335205078,39.61805925914243,38.77590817812502,38.79068028653842,1092700
2006-06-02,39.55157470703125,40.113007838845434,39.233920823889946,40.0760719306258,966800
2006-06-05,38.4139289855957,39.315179759719356,38.39915405936084,39.315179759719356,1274700
2006-06-06,37.889434814453125,38.08889210752586,37.5052951557237,38.04456732527772,1988500
2006-06-07,37.453582763671875,38.074115599234375,37.224575625275655,37.564390487647486,1410600
2006-06-08,36.700077056884766,36.884759408089685,36.07215818999964,36.67791607650947,2491600
2006-06-09,36.249454498291016,36.8552124320796,36.08693311477677,36.68530499387346,2307100
2006-06-12,36.0869255065918,36.75178300986105,36.04998960486099,36.70745823696688,1800200
2006-06-13,35.887474060058594,36.77394704748161,35.79882450689317,36.567103726153434,1790800
2006-06-14,35.95396041870117,36.45629666231736,35.59198457193693,36.19774248605719,1029800
2006-06-15,37.28367233276367,37.453579750279395,36.714850377761174,36.72223643155363,2241300
2006-06-16,37.7269172668457,37.90421359583586,37.239355884659695,37.822952895799936,2338400
2006-06-19,37.74907302856445,38.31789503208896,37.579165596555185,38.28834799636977,1875900
2006-06-20,37.74907302856445,38.04456592998963,37.45358294516844,37.7121371203936,852400
2006-06-21,38.207088470458984,38.399156889610786,37.749074177506785,37.8007850141257,1902900
2006-06-22,37.896820068359375,38.16276312017012,37.69736277950132,38.074116375576274,992800
2006-06-23,37.92637634277344,38.207094369208185,37.7860187385709,37.8377295831734,716900
2006-06-26,38.14799118041992,38.14799118041992,37.6530437648135,37.763851499725824,777600
2006-06-27,37.113773345947266,38.0076354134155,37.106384472447445,38.0076354134155,1266800
2006-06-28,37.23935317993164,37.35016372975591,36.95124913202374,37.305838946220334,1219800
2006-06-29,38.65770721435547,38.672479321098876,37.39447791760852,37.39447791760852,1149800
2006-06-30,38.798065185546875,39.03445834835976,38.62815777590191,38.879325863644205,540000
2006-07-03,39.22652816772461,39.24130309319314,38.83500250590974,38.938424166160544,553800
2006-07-05,38.458255767822266,38.76113472634324,38.23663468078272,38.62816320133119,797000
2006-07-06,39.462928771972656,39.51464242986717,39.12311387627935,39.42599286035894,1746900
2006-07-07,38.82762145996094,39.37427968265695,38.76852175046448,38.908879333474694,2080600
2006-07-10,38.576446533203125,38.9975220260664,38.38437532921325,38.84238954301756,1500400
2006-07-11,38.59860610961914,38.6798667838924,37.926362556124914,38.27356623055477,1592900
2006-07-12,37.18764114379883,38.23663562475882,37.039894688134666,38.1701498606114,2700700
2006-07-13,34.594703674316406,35.05271517310569,34.07020359009047,34.74244731919532,17908300
2006-07-14,34.63163375854492,35.26694146953551,34.55775913050595,35.22261669271212,4510000
2006-07-17,34.0554313659668,34.88281049673467,33.9667846083951,34.78677486551473,2758400
2006-07-18,33.43488693237305,34.58730565673514,33.16155787997712,34.58730565673514,5417300
2006-07-19,34.09236145019531,34.395240378263395,33.33885715689764,33.39056798719984,3878600
2006-07-20,33.065528869628906,34.94190234484526,32.96210719774015,34.92712741771412,5785900
2006-07-21,32.186439514160156,32.614903915906794,31.98698223935007,32.577965191734215,4638900
2006-07-24,33.154178619384766,33.41273280056474,32.65922842080268,32.74787798408943,2695300
2006-07-25,33.043365478515625,33.37579426965341,32.79958624370059,33.272372605305875,3056700
2006-07-26,32.73310470581055,33.01381988293867,32.55580838833493,32.903012150292106,4528700
2006-07-27,33.058135986328125,33.67866870750772,32.80696791304047,33.64911885934949,3094400
2006-07-28,33.73038101196289,33.83380266702345,33.34624142314601,33.50137390573684,1091000
2006-07-31,33.70821762084961,33.94461076350236,33.61956807883342,33.745153521008746,1387900
2006-08-01,33.48660659790039,33.54570348724881,33.16156384338206,33.501378706715634,1109900
2006-08-02,33.59002685546875,33.75993427999167,33.53831602270217,33.53831602270217,1207200
2006-08-03,33.29452896118164,33.46443636015873,32.8956144672205,33.00642498821924,1676200
2006-08-04,33.567867279052734,34.033267650515846,33.272377171511714,33.892910060786065,2317300
2006-08-07,33.21327209472656,33.31669375656319,32.91039316304977,33.27975785133996,1366800
2006-08-08,32.6813850402832,33.00642491349983,32.49670271772245,32.64444632134817,1893600
2006-08-09,32.85868835449219,33.383185631667494,32.84391342608915,33.08769551769509,1782600
2006-08-10,32.85868835449219,32.99165989209007,32.40806290130262,32.40806290130262,2092800
2006-08-11,32.56319046020508,32.78480869724055,32.35634433001369,32.496704707291556,1441200
2006-08-14,32.44499588012695,32.858685383924325,32.42283489854057,32.63706711397292,1071700
2006-08-15,34.136688232421875,34.21056287045596,33.427508615470416,33.708226603941355,2827500
2006-08-16,35.38513946533203,35.45901127828351,34.94928900564864,35.274328927875786,3764000
2006-08-17,35.25954818725586,35.495941331353364,34.98621914277348,35.37035870643906,1651400
2006-08-18,35.133975982666016,35.274333572968395,34.56515393034153,35.26694751791223,1310000
2006-08-21,34.52821350097656,34.72028190562811,34.469113796142835,34.69073205321125,1224400
2006-08-22,34.794151306152344,34.97883364390905,34.52082223532049,34.712893444683615,987400
2006-08-23,34.41000747680664,34.83846894728443,34.33613286601512,34.63162567312469,1234200
2006-08-24,34.38045883178711,34.838470162558366,34.29180929574491,34.742434574193496,1355100
2006-08-25,34.33614730834961,34.4395689889303,34.173625914277416,34.25488661131351,607900
2006-08-28,35.01577377319336,35.08225953017904,34.63163415705709,34.705505967917205,1396200
2006-08-29,35.252174377441406,35.289110290654094,34.72028820948411,35.252174377441406,1224200
2006-08-30,35.65107727050781,35.69540204609696,35.42207297503598,35.510719708185434,925300
2006-08-31,35.26694869995117,35.569827691934805,35.119202231611226,35.569827691934805,1426600
2006-09-01,35.1709098815918,35.274331554636944,34.9640665355015,35.2595566273406,1155500
2006-09-05,35.577205657958984,35.64369141269346,35.30387658539677,35.38513726540877,1217300
2006-09-06,34.609466552734375,34.9345092480374,34.550369674152044,34.897573346669866,1698000
2006-09-07,34.17362594604492,34.469118877718245,33.93723272791804,34.21795073120475,1028100
2006-09-08,34.18839645385742,34.86802898161752,33.77470978463997,33.88551750616789,868500
2006-09-11,34.284423828125,34.48388106057905,33.693441001239904,33.944609054919624,2171000
2006-09-12,35.392520904541016,35.52549240493858,34.94189557741911,35.030542305007934,2413400
2006-09-13,35.798824310302734,35.95395680044695,35.62891689471208,35.64369182015851,1737100
2006-09-14,35.917022705078125,35.931797631268815,35.60675770916083,35.717565428547424,844200
2006-09-15,35.93179702758789,36.16819020660921,35.776664532235586,36.138640354724295,1716200
2006-09-18,36.013065338134766,36.123875897156246,35.688025352650456,35.72496126631442,743100
2006-09-19,35.355594635009766,35.68063460340707,35.089651561762224,35.67324854827439,1978900
2006-09-20,36.21990203857422,36.478459022663536,36.05738348477737,36.116480372150114,2624700
2006-09-21,36.21251678466797,36.544945589826774,36.10170624360533,36.441523921117174,1944700
2006-09-22,35.93179702758789,36.15341528066675,35.64369301678247,36.15341528066675,1980500
2006-09-25,36.00566482543945,36.12386139252301,35.32603245118763,35.75449676813332,1619300
2006-09-26,36.39719772338867,36.4267475755916,36.13864074365653,36.293776058707415,1465200
2006-09-27,36.76655578613281,36.833041532575415,36.434127053919795,36.54493757066697,1842300
2006-09-28,36.995567321777344,37.10637503382283,36.79611005846086,37.062050258187334,3105500
2006-09-29,36.567100524902344,36.729621873448856,36.45629000216088,36.61881135070739,1348900
2006-10-02,36.27900695800781,36.4563004636358,36.094324579128134,36.21990724411217,2365100
2006-10-03,36.40458679199219,36.54494719256448,35.99090009901089,36.19035739085369,2006900
2006-10-04,37.601322174072266,37.68258002922989,36.45628951448956,36.50061428659895,2551200
2006-10-05,37.557003021240234,37.689974539434985,37.35015968983908,37.57177794748732,2738600
2006-10-06,37.59394073486328,37.704751278028226,37.18764010664044,37.25412586893357,2052400
2006-10-09,37.689971923828125,37.79339358235145,37.35015709781467,37.39447905545104,840500
2006-10-10,37.37232208251953,37.557004440543835,37.246736613687844,37.549618386155686,938100
2006-10-11,37.43141555786133,37.689972526331715,37.18763633287775,37.21718618379361,1238700
2006-10-12,37.763832092285156,37.81554290560844,37.4314034223298,37.52743899765645,1006100
2006-10-13,38.17753219604492,38.29572877673121,37.98546099116172,38.1923071208843,1211300
2006-10-16,38.46564483642578,38.49519469275044,38.088894031389394,38.17754078233395,1147300
2006-10-17,38.11844253540039,38.192317179052615,37.67520594560508,38.184928305672635,965500
2006-10-18,38.24402618408203,38.376997718241114,37.845111581604776,38.3326729341783,2166200
2006-10-19,36.98079299926758,37.42402949073094,36.92908216919781,37.357543735208544,4182200
2006-10-20,36.55971908569336,36.5892661198618,36.31593703210791,36.4932333272636,2073700
2006-10-23,36.78873062133789,37.00296286480622,36.30855810994251,36.30855810994251,2503300
2006-10-24,36.78873062133789,36.93647709331707,36.67792288087568,36.78873062133789,1011500
2006-10-25,36.92169189453125,36.95862779774492,36.5449411729058,36.6557488825468,1728900
2006-10-26,36.97341537475586,37.06945101039734,36.8182828373556,36.9364794589029,2339200
2006-10-27,36.552330017089844,36.68530153323438,36.411972446950166,36.62620464718625,2148100
2006-10-30,36.53755187988281,36.67052338434083,36.264222817620755,36.41935530014554,804400
2006-10-31,36.67052459716797,36.9216926896703,36.51539210951239,36.9216926896703,870900
2006-11-01,36.35287857055664,36.98080034590695,36.24945688987127,36.98080034590695,938600
2006-11-02,36.2716064453125,36.31593121651055,36.0426021725273,36.21989562126239,839800
2006-11-03,36.227291107177734,36.367648681224416,36.00567284677753,36.27161306844033,852800
2006-11-06,36.66313552856445,36.78133210249096,36.375031555745394,36.38241760872828,956300
2006-11-07,37.564388275146484,37.808170325986794,37.46835548362968,37.549616167243116,1168400
2006-11-08,37.660430908203125,37.7638525909883,37.18025840698202,37.571784154105764,1437900
2006-11-09,37.564388275146484,37.76384554818974,37.43880563176498,37.490516463513714,1960000
2006-11-10,37.379703521728516,37.49790010354947,37.217184982992705,37.40925337169095,1484100
2006-11-13,37.497901916503906,37.55700161928614,37.135926100063976,37.25412268759952,956500
2006-11-14,37.95591735839844,37.95591735839844,37.387095382274666,37.88204272758618,783900
2006-11-15,37.9706916809082,38.1405991020317,37.80078144175574,37.95591675498064,756000
2006-11-16,38.24402618408203,38.325286879182514,37.8894363656676,38.22925125606109,1398400
2006-11-17,38.22924041748047,38.28095124187825,37.697354431642026,37.84510085193366,780700
2006-11-20,38.22186279296875,38.28834855585948,37.96330579593626,37.98546677755677,957800
2006-11-21,38.63555145263672,38.68726229107844,38.47303288240387,38.502579920063894,1380600
2006-11-22,38.96797180175781,39.0566185315005,38.74635356838674,38.74635356838674,1053900
2006-11-24,38.78329849243164,38.953205938139725,38.56168020750934,38.60600217367617,425200
2006-11-27,38.08150100708008,38.52474034954471,38.01501524661184,38.36221897550477,1737900
2006-11-28,38.05934524536133,38.05934524536133,37.697366540278374,37.726916397434024,755700
2006-11-29,38.170143127441406,38.22924282649365,37.96329981681605,38.06672147212873,728000
2006-11-30,38.576446533203125,38.76112886579329,38.413925178754575,38.61338243611541,1428300
2006-12-01,37.9706916809082,38.36960340883646,37.542227283095855,38.2218597856188,1264100
2006-12-04,38.21446990966797,38.369602400788246,37.63087303199197,37.64564795753137,1031300
2006-12-05,38.58383560180664,38.79806780067986,38.50996379020918,38.67248233932939,971700
2006-12-06,38.14799118041992,38.2957376449991,37.99285866072502,38.16276610868078,1146500
2006-12-07,38.05194854736328,38.70942005274661,38.04456249360792,38.48779898768111,1208700
2006-12-08,37.95591735839844,38.35482909266853,37.88943159968192,37.978078338627604,1155600
2006-12-11,38.14799118041992,38.236637931955656,37.911597964305,37.955922749087584,764300
2006-12-12,38.21446990966797,38.347441421493606,37.95591575780083,38.14798415375515,1362700
2006-12-13,38.40654373168945,38.46564061983116,38.22186137694933,38.32528304471914,550900
2006-12-14,37.97808074951172,38.1184383299215,37.80817331490118,37.985466804047306,1662800
2006-12-15,38.14059829711914,38.399152450322546,38.103662392094215,38.19230912775982,905400
2006-12-18,38.32528305053711,38.709422686618375,38.244022363554464,38.679872833528485,693000
2006-12-19,38.576446533203125,38.665093263798354,38.155371040339844,38.23662889953536,1000400
2006-12-20,38.31789779663086,38.66510155815096,38.31789779663086,38.58384086349482,639800
2006-12-21,38.8719482421875,39.26347682105795,38.820237398983224,38.89411204501047,1430700
2006-12-22,38.53950881958008,39.01968402407649,38.36960140731966,39.01968402407649,847600
2006-12-26,38.71680450439453,38.761129279179244,38.50257231997826,38.561672019691215,411600
2006-12-27,39.01968765258789,39.093559467212735,38.90887711262153,38.91626598490147,466000
2006-12-28,39.241302490234375,39.3299520416834,38.960587364732326,39.25607741547588,943700
2006-12-29,39.22652816772461,39.433374306255104,39.078784549097115,39.16004241213068,576300
2007-01-03,39.30040740966797,39.839679571459826,39.07878913767571,39.66977213566479,1355500
2007-01-04,39.603275299072266,39.69931089002779,39.086164263656634,39.189585907134074,1704100
2007-01-05,39.42598342895508,39.65499053502461,39.02707173371254,39.64021561030766,2574000
2007-01-08,41.15461730957031,41.33929967353503,40.16471972599827,40.23859436240169,4099900
2007-01-09,40.34200668334961,40.48236423293491,40.01696399458362,40.2533599582446,3846700
2007-01-10,39.987422943115234,40.03913377532643,39.610669373543395,39.839676500499394,1405600
2007-01-11,35.828372955322266,40.445431325853484,35.791437051963776,40.03174188136352,11604900
2007-01-12,36.95124816894531,37.28367699172453,36.66314412854641,37.069444770596895,10466500
2007-01-16,37.143314361572266,37.32061066242794,36.980795805319424,37.276285882706745,3285200
2007-01-17,36.877376556396484,36.95125119975635,36.67053319104785,36.71485797706377,2066800
2007-01-18,36.17557907104492,36.640976557004706,35.79143945070821,36.61881557711014,3928100
2007-01-19,36.227291107177734,36.315937847732,35.857926400501036,35.857926400501036,1807900
2007-01-22,36.042606353759766,36.59665337688079,35.83576021553494,36.522778749647316,2788500
2007-01-23,36.95124816894531,37.09899462551711,36.729629893102256,37.025119988216574,3410500
2007-01-24,34.35092544555664,35.97613108400612,33.98156065581947,35.27433741989956,10771100
2007-01-25,34.24749755859375,34.83848055163518,34.13668701451071,34.823705624555494,5097900
2007-01-26,34.129295349121094,34.380463432125254,33.915063168729276,34.380463432125254,2623100
2007-01-29,34.44695281982422,34.58731039177699,34.269656523331584,34.35091720847283,2870900
2007-01-30,34.48388671875,34.698118909281284,34.32136535792918,34.698118909281284,2180900
2007-01-31,34.23271942138672,34.35830206274391,33.915065564034045,34.04065102342016,2600600
2007-02-01,34.542991638183594,34.7202879656005,34.3213733424346,34.49866966985151,2030200
2007-02-02,34.07759094238281,34.16623768896003,33.85597266692514,33.93723054077052,1713600
2007-02-05,33.80425262451172,34.04803465407256,33.64912014280686,34.00370988014457,1767700
2007-02-06,33.819034576416016,33.85597330471254,33.56786644135794,33.65651600763443,1028900
2007-02-07,33.99632263183594,34.210554804581,33.46443663551128,33.560472233298476,2400600
2007-02-08,34.29920196533203,34.40262361747533,34.099744714186244,34.20316636632954,1265000
2007-02-09,34.20317077636719,34.831092459387136,34.092363056795925,34.72028192178684,1829700
2007-02-12,34.225341796875,34.41002418649415,34.09975630655857,34.41002418649415,1150900
2007-02-13,34.698116302490234,34.698116302490234,34.41739837798822,34.57991972659917,1381800
2007-02-14,35.18568801879883,35.348206597826305,35.00100563779027,35.02316662174186,1514900
2007-02-15,34.95668411254883,35.08226960872435,34.816326504380655,35.03055594463107,1419900
2007-02-16,34.801544189453125,34.816319116340274,34.6685726654979,34.72028350058836,848300
2007-02-20,34.609466552734375,34.64640527213054,34.29181272852203,34.40262325065328,1086000
2007-02-21,34.34353256225586,34.34353256225586,34.09975049683855,34.217947093335965,1320200
2007-02-22,34.181007385253906,34.210557235600355,33.929839293366754,34.077585727070165,1415700
2007-02-23,33.892906188964844,33.966778002903865,33.4866055762421,33.782095650027244,1257800
2007-02-26,34.18839645385742,34.28443206693822,33.937228339820074,34.070199860076855,1475900
2007-02-27,33.361019134521484,34.17362033618427,33.20588663897242,33.87074139905225,5056300
2007-02-28,33.99632263183594,34.277040554121584,33.759929481920224,34.136680183964444,3073100
2007-03-01,35.10441589355469,36.16079899450643,33.021199539320975,33.309303509029895,8816700
2007-03-02,34.144073486328125,34.77938121593887,34.01110196998964,34.76460628989804,2819600
2007-03-05,33.612186431884766,34.0923616509804,33.545700675671974,33.678672188097565,1886600
2007-03-06,34.15884780883789,34.291816504798035,33.75993326687061,33.8929047808597,1410700
2007-03-07,33.84858322143555,34.062815438565586,33.78209745812034,33.89290800298876,1316700
2007-03-08,34.070194244384766,34.365687089145496,33.996322442208886,34.195779689718094,1286100
2007-03-09,34.00371551513672,34.166236895109826,33.81164709901057,33.92984369771032,1393800
2007-03-12,34.240108489990234,34.299208197970586,33.84858278772253,33.87074376920057,1181900
2007-03-13,33.24281692504883,34.011096036976795,33.10984543190635,33.922446496196144,1681000
2007-03-14,33.449668884277344,33.5013797207834,32.89562179197313,33.139403865241015,2944400
2007-03-15,33.3831787109375,33.567861050644446,33.23543509359504,33.442278412297576,1276700
2007-03-16,33.493995666503906,33.641742130214695,33.26498850685071,33.40534891548919,1092100
2007-03-19,33.405338287353516,33.51614598636033,33.13939530089154,33.47182403396901,1192600
2007-03-20,33.250213623046875,33.38318515876109,32.77004113788281,32.82913803262834,3439800
2007-03-21,34.24749755859375,34.41740499296634,33.427507422861,33.87074396313477,2868500
2007-03-22,34.18839645385742,34.4986642737996,33.88551750616789,34.4026286607188,1887600
2007-03-23,33.66389083862305,33.82641217124783,33.46443360804582,33.6786657614097,1546900
2007-03-26,33.737770080566406,33.81164471080404,33.294533571256615,33.59002645614914,815600
2007-03-27,33.42011642456055,33.53831300568424,33.32408082176356,33.36101672498432,1349000
2007-03-28,32.83652114868164,33.32408242147567,32.747874413090614,32.99165364047317,2686800
2007-03-29,32.96949768066406,33.035983446986975,32.62967997610845,32.86607600372384,1597000
2007-03-30,32.9842643737793,33.080297153803244,32.73309629904622,32.85129287433069,1170200
2007-04-02,33.30192184448242,33.368404783457336,33.03597881646695,33.242822141355006,1286600
2007-04-03,33.66389083862305,33.87812299198692,33.46443360804582,33.46443360804582,1810100
2007-04-04,34.20317077636719,34.30659244184531,34.092363056795925,34.24010668289094,2287000
2007-04-05,34.5134391784668,34.58731099277207,34.380467658294044,34.5134391784668,1093000
2007-04-09,34.24749755859375,34.64641213565766,34.232722631514065,34.439565974571266,698000
2007-04-10,34.50605010986328,34.528213908452,34.166235257146205,34.27704579600263,1522000
2007-04-11,33.826412200927734,34.18838794641896,33.72299055935881,34.136677125634506,2381700
2007-04-12,34.40263748168945,34.49128424524699,34.09975845634055,34.3509266347784,3310600
2007-04-13,35.466392517089844,35.75449931175398,35.2152244419153,35.72494946337377,3358000
2007-04-16,36.31593322753906,36.33809420535099,35.976118416955465,36.02044037257932,2049800
2007-04-17,36.49323272705078,36.50061878096416,36.21990082576344,36.43413302362791,1592300
2007-04-18,36.456295013427734,36.574491605519185,36.049994404240195,36.249451681774964,1393400
2007-04-19,36.33071517944336,36.471072762782434,35.798829064846004,35.82837891966347,2267200
2007-04-20,37.22457504272461,37.37970754468018,36.99557072594136,37.261510950138444,4211600
2007-04-23,36.69268798828125,37.14331337369318,36.581880268969,36.81088739772742,1593800
2007-04-24,36.53017044067383,36.69268899707238,36.10170602373878,36.64836703534055,2655700
2007-04-25,36.84043502807617,36.884759807335584,36.54494495376729,36.59665578722207,1268100
2007-04-26,36.16080856323242,36.39720177108692,36.02044815867365,36.30855502264882,1084800
2007-04-27,35.909629821777344,36.07953721361403,35.56981503810396,35.82836915219708,1113100
2007-04-30,35.459007263183594,35.96872947810152,35.44423233866049,35.83575797542229,1328000
2007-05-01,35.5550537109375,35.67325032515382,35.2595607663819,35.5550537109375,698500
2007-05-02,35.466392517089844,35.628913865152384,35.296485115946574,35.459006464009114,1046600
2007-05-03,35.19306564331055,35.19306564331055,34.93451149904919,35.12657988935351,1484000
2007-05-04,35.40730667114258,35.7692825634903,35.29649611420294,35.66586087996238,848600
2007-05-07,35.577205657958984,35.739727017982986,35.488558924322646,35.695402242150394,784800
2007-05-08,35.2509651184082,35.415585268196715,34.74962323242531,35.1237578605478,1131900
2007-05-09,35.744815826416016,35.96929598915488,34.65982504302133,34.65982504302133,2087700
2007-05-10,34.674800872802734,35.333278682562636,34.56255933151355,35.161177079161256,1923700
2007-05-11,34.95914077758789,35.019000834152436,34.502696071797835,34.547590400616066,985600
2007-05-14,35.14620590209961,35.445511875107805,34.951654307944786,35.415583275901355,822300
2007-05-15,34.764583587646484,35.18361533397897,34.659826364668426,34.74961786230387,1087500
2007-05-16,34.83941650390625,34.84689794028858,34.39045325161066,34.66731492290682,1244300
2007-05-17,34.39793395996094,34.52513834615664,34.27821100936839,34.33058962185136,932400
2007-05-18,34.63738250732422,34.87682842680216,34.25576361074213,34.33807368076652,1350100
2007-05-21,34.51018524169922,34.62242679773793,34.38298080898193,34.472772341160095,1749900
2007-05-22,35.3257942199707,35.535311572402684,35.1312454510206,35.3257942199707,2904800
2007-05-23,35.744815826416016,36.14139754240202,35.69243721692428,36.09650322250633,1464300
2007-05-24,35.23600387573242,36.04413329104019,35.13124662323151,35.65503574015711,2059400
2007-05-25,35.50537109375,35.63257547681875,35.31830380964639,35.48292107865181,1585900
2007-05-29,35.415584564208984,35.83461351254751,35.340755927419515,35.72985627546288,581000
2007-05-30,35.43803024291992,35.505374585997906,34.95913840521892,34.95913840521892,1193700
2007-05-31,35.722381591796875,35.98427473401559,35.64007150297923,35.65503723316618,1681800
2007-06-01,36.70261001586914,36.807367265219796,36.33595964314184,36.6951285785245,2765400
2007-06-04,36.94205093383789,37.09170535010615,36.75498362710771,36.75498362710771,1543000
2007-06-05,36.72505569458008,37.061774569275165,36.43322829306605,36.99443022345202,2441700
2007-06-06,36.54547119140625,37.188983219088534,36.44071395051299,37.1366045986419,2371300
2007-06-07,35.804683685302734,36.403301389145646,35.729857899532746,36.11147397403288,1844500
2007-06-08,36.59784698486328,36.63525987451797,36.11147085609087,36.47064258915326,1546000
2007-06-11,36.695125579833984,36.88967433352673,36.328472382648265,36.530505427495,902200
2007-06-12,36.00672149658203,36.433234811632694,35.91692997089272,36.11896304450953,2329200
2007-06-13,36.313499450683594,36.328465175601856,35.88698628098371,35.961814905575025,1045200
2007-06-14,36.500572204589844,36.56043511324064,36.24616055166514,36.261126278827845,823400
2007-06-15,36.53798294067383,36.80735742941179,36.373362818872685,36.41825713978558,1023900
2007-06-18,37.41345977783203,37.59304564071063,37.30121825673035,37.59304564071063,1797800
2007-06-19,38.17669677734375,38.24404112278543,37.81004359562333,37.86242221380902,2399500
2007-06-20,37.787593841552734,38.46103724980402,37.712768064822775,38.39369290897889,1221100
2007-06-21,38.19914245605469,38.27397108942577,37.83249214300813,37.93724937530715,1818300
2007-06-22,37.787593841552734,38.25900422732863,37.56311365694245,38.14676270781328,971100
2007-06-25,37.54066848754883,38.20663054588272,37.5182213225156,37.7950801574683,1263400
2007-06-26,37.742698669433594,38.027041774081134,37.600528544320106,37.89235308527022,2488400
2007-06-27,38.42362976074219,38.42362976074219,37.86991204338821,37.97466929508107,1628400
2007-06-28,38.169212341308594,38.58824413962069,38.042007941747414,38.50593406723612,1660700
2007-06-29,38.214107513427734,38.52838205924092,37.929764420438744,38.34131476072035,1328300
2007-07-02,38.74538040161133,38.86510336604408,38.476003018032465,38.6106917098219,1237900
2007-07-03,38.146766662597656,38.22159530150573,37.75018486685736,38.00459653030339,1941700
2007-07-05,37.88487243652344,38.04200829192921,37.57059787129128,37.94473249145013,1512700
2007-07-06,37.81752395629883,37.92976261742356,37.518215151125574,37.75017961785586,811200
2007-07-09,37.55563735961914,37.83998050966675,37.55563735961914,37.660397465525854,942700
2007-07-10,37.30121612548828,37.81752366775171,37.24135607756255,37.70528215306306,1904600
2007-07-11,37.750179290771484,37.75766072634685,37.50324910048002,37.50324910048002,2094800
2007-07-12,39.17189025878906,39.20930600116067,38.22159091626243,38.36376103224522,2171300
2007-07-13,39.01475524902344,39.26916688870752,38.8725851300078,39.1718910944229,1599700
2007-07-16,39.23923110961914,39.50112701083002,39.17188677552721,39.269162559086695,1683900
2007-07-17,39.501136779785156,39.76302989134422,39.059657781427845,39.10455211231178,2734300
2007-07-18,38.872589111328125,39.082103593319154,38.5358673692563,38.917483440657215,3537000
2007-07-19,41.558876037597656,42.05273364277038,41.33439582695928,41.54391030963233,10297200
2007-07-20,41.31942367553711,41.558869576916905,41.22214788609523,41.304457949898335,2237600
2007-07-23,42.801002502441406,42.86086255930565,42.2697320096806,42.39693641453007,2556100
2007-07-24,41.33440017700195,42.29966546977381,41.21467719510043,42.037772338870795,2513300
2007-07-25,41.6486701965332,41.88063471309923,41.15481255999016,41.828256089103824,2290400
2007-07-26,40.1745719909668,41.042564141672216,39.62833582197653,40.46639937428693,2569000
2007-07-27,39.560997009277344,40.51129936082646,39.560997009277344,40.3541634932151,2681000
2007-07-30,41.02760696411133,41.25208718254317,40.36912918287987,40.57864367282681,1928600
2007-07-31,40.3466796875,41.147330472537085,40.197028109547006,40.97522601993356,2164800
2007-08-01,40.70584487915039,40.81808354445048,39.777989832132725,40.36912317440928,2051800
2007-08-02,41.19221878051758,41.22963166953485,40.653466898943854,40.85549707052121,1948800
2007-08-03,40.1745719909668,40.922841184830794,40.16709055497315,40.81060251840346,1837200
2007-08-06,41.364322662353516,41.46907989921726,40.571159095001924,40.788155005182276,2692800
2007-08-07,40.9752197265625,41.29697570770062,40.391570669809845,40.58612225834103,1866100
2007-08-08,41.22215270996094,41.52894298540603,40.91536243451584,41.30446278339607,1672200
2007-08-09,40.788150787353516,41.43914701383811,40.60108349674951,40.87046085192654,3251100
2007-08-10,40.95277404785156,41.22215142362586,40.36912496995428,40.8405353775593,3029000
2007-08-13,39.7705078125,40.211986740143075,39.7106449083489,40.00995372026367,2478000
2007-08-14,39.29910659790039,39.89772150691519,39.29910659790039,39.74806706605623,1707900
2007-08-15,38.90251922607422,39.882750108244224,38.74538051557725,38.88006920776286,3037500
2007-08-16,38.610694885253906,38.76783360821211,37.40598370538011,38.139287279641884,4151500
2007-08-17,39.26168441772461,39.38888880700311,38.663066795834055,39.029719946521006,3303600
2007-08-20,39.067138671875,39.38141325576993,38.70796975772422,39.08958869142372,1563500
2007-08-21,39.029720306396484,39.336510555955,38.94741023990657,39.08209892063181,696800
2007-08-22,39.276649475097656,39.373922410741656,38.8501334277142,39.20182084642498,1060700
2007-08-23,39.1195182800293,39.673238820655975,38.954900974238285,39.62834163484704,1925600
2007-08-24,40.062339782714844,40.107234114754704,39.366449091887915,39.411343423927775,1558000
2007-08-27,39.35148620605469,39.65827653298204,39.18686603155963,39.433796293302215,1637100
2007-08-28,38.595733642578125,39.38889731029704,38.52838928829813,39.32903724783758,1353700
2007-08-29,39.815406799316406,39.86778541937294,38.984827460676016,39.216791959798336,1259300
2007-08-30,39.48617172241211,39.92016643671722,39.30658583256183,39.35148301862962,1005400
2007-08-31,40.45892333984375,40.645990676482356,40.159614459453564,40.41402615145891,1274400
2007-09-04,40.466407775878906,40.653475113183625,39.97254726515025,40.00996301614803,1028600
2007-09-05,40.25688552856445,40.54122864597679,40.047371049639935,40.47388429854809,1341900
2007-09-06,41.56635665893555,41.67111389821699,40.73577732688891,41.11739624646635,2617900
2007-09-07,41.42418670654297,42.06021443602397,41.22963510039112,41.67111407814098,3129800
2007-09-10,41.68608093261719,41.955458330311124,41.17725759351104,41.641186602615385,1522800
2007-09-11,42.172454833984375,42.34455641669829,41.84321454147026,41.94049034193312,1016500
2007-09-12,42.44932556152344,42.748634483331166,42.37449975828221,42.441844122967886,1290200
2007-09-13,43.115272521972656,43.294858394319846,42.88331088594909,43.100306794742,1930300
2007-09-14,43.01799774169922,43.11527068291842,42.733654645286556,42.823446150419855,1030100
2007-09-17,42.748619079589844,43.0628907652662,42.63637756075092,42.741134789309704,886200
2007-09-18,43.841094970703125,43.96829937162764,42.47924517961868,42.711209672059454,1754000
2007-09-19,43.324790954589844,43.75878563767341,43.17513653288422,43.62409694358042,2749200
2007-09-20,43.422061920166016,43.98326383512699,43.32478897675557,43.788715093885564,2496900
2007-09-21,43.878509521484375,44.1852998079054,43.818649464203084,44.11047402269861,1312000
2007-09-24,43.58668518066406,43.94585408940771,43.48940937587284,43.70640815024528,816200
2007-09-25,43.71388626098633,43.71388626098633,43.33227021648862,43.43702745009895,1668900
2007-09-26,43.47444534301758,43.55675542301797,43.227517957437264,43.27989658027008,1173000
2007-09-27,43.23500061035156,43.302344963661994,42.85338451120642,42.9356945935215,991300
2007-09-28,43.90094757080078,43.90094757080078,43.21254135568896,43.63905452253436,1196100
2007-10-01,44.79140090942383,44.79140090942383,43.59416831263589,43.72137557837412,2131000
2007-10-02,43.93088912963867,44.29005804466321,43.93088912963867,44.03564637305156,2546000
2007-10-03,43.871028900146484,44.185300629161155,43.7887188222367,44.155369172753815,1389200
2007-10-04,43.31730651855469,43.53430528658034,43.07037914982465,43.407098029509186,1807800
2007-10-05,44.31998062133789,44.574392241976206,43.87102028111508,43.9608117782756,2770600
2007-10-08,42.172454833984375,42.23231488890109,41.75342303188487,41.80580165034473,5108400
2007-10-09,42.50169372558594,42.71121106101125,41.918044611689886,42.097627637002184,1890600
2007-10-10,42.06769943237305,42.25476675058257,41.79083774624001,42.1275594899013,1786000
2007-10-11,41.01264572143555,41.8357408971863,40.94530136309803,41.8357408971863,1910800
2007-10-12,41.790836334228516,42.09014517501914,41.63370047730273,41.933009318093355,1890700
2007-10-15,41.38677215576172,41.745941043777655,41.2894963565843,41.63369951746367,1711300
2007-10-16,40.99767303466797,41.379289097545644,40.88543150501065,41.192221784397226,1156800
2007-10-17,42.12755584716797,42.254763096849736,41.3867709295889,42.14252157386115,2952800
2007-10-18,40.91536331176758,41.10991206316863,40.64598592181175,40.97522336819071,3076500
2007-10-19,40.077308654785156,40.70585504242807,40.0174457348091,40.60109493246997,2445300
2007-10-22,40.12968063354492,40.30926365487606,39.6732359348289,39.70316738985765,1902000
2007-10-23,40.3242301940918,40.436471725498606,39.78547541041227,40.27185157394748,1768300
2007-10-24,40.02491760253906,40.16708771171825,39.26168273629343,39.448750021517746,2151900
2007-10-25,39.92764663696289,40.03988530900016,39.60589063916565,39.87526801912804,1774200
2007-10-26,40.182064056396484,40.26437414035536,39.82289511637494,39.860308012423246,1076000
2007-10-29,40.72080993652344,40.855498625648785,40.114713689879935,40.152126580321294,1449400
2007-10-30,40.28681564331055,40.54122729686154,40.27184991611101,40.35415998849818,864600
2007-10-31,40.61605453491211,40.780674685589666,39.95009534996484,40.03988686196137,1220300
2007-11-01,39.50861740112305,40.09226938035201,39.43379161491407,39.71813474046558,1794900
2007-11-02,39.845340728759766,39.994995161535996,39.3440016615434,39.56099759192701,1011900
2007-11-05,39.44127655029297,39.59093099040637,39.119520503096524,39.26917494320992,1192700
2007-11-06,40.05485153198242,40.09974871400546,39.673235475258856,39.95009429501598,993400
2007-11-07,39.78547286987305,40.638502174368206,39.78547286987305,40.54122637698866,1494400
2007-11-08,39.2167854309082,39.95008884403859,38.42361911658175,39.71812723795443,3473900
2007-11-09,38.573280334472656,39.25420525664645,38.49845454916945,39.25420525664645,1991200
2007-11-12,37.51073455810547,38.27396945946386,37.36856158796534,38.05697071355973,2277300
2007-11-13,38.401180267333984,38.47600605560401,37.83997829204627,38.139287153968056,1382800
2007-11-14,38.31138610839844,39.00727673811709,38.25152319837415,38.83517515342827,1193500
2007-11-15,37.89234924316406,38.214105205541074,37.570593280787044,38.01207219280991,1700000
2007-11-16,38.341312408447266,38.60320546854051,37.914796367920694,38.4909639545461,1736500
2007-11-19,37.96718215942383,38.61069130244746,37.765149123871296,38.35627964890952,1825900
2007-11-20,38.610694885253906,39.097071073874275,38.16173444531269,38.99979526526603,2436900
2007-11-21,38.52089309692383,38.8351676046211,38.3338258210912,38.66306319896539,1232000
2007-11-23,38.610694885253906,38.67803923668717,38.169215882396,38.259010253920934,749000
2007-11-26,37.84746170043945,38.85762409061911,37.83249597225047,38.79027974097909,1357000
2007-11-27,38.07942581176758,38.16921733228245,37.742704041810605,37.97466856209674,2646200
2007-11-28,38.51342010498047,38.67803740279591,37.757666546460534,37.76515083760985,3113800
2007-11-29,38.42362976074219,38.71545720328504,38.42362976074219,38.53587130436798,1797800
2007-11-30,38.32635498046875,38.81272831942858,38.064459009255714,38.700489635555186,1185700
2007-12-03,38.77531433105469,39.239240491037876,38.715454272228214,39.14944897558777,2147300
2007-12-04,38.86510467529297,39.231757871831334,38.61817730164119,39.17189496038804,2290500
2007-12-05,38.917484283447266,39.261690324141824,38.88755568138666,39.20182741117901,1649800
2007-12-06,39.30657196044922,39.34398769617802,38.74537017755568,38.850127386988625,1558300
2007-12-07,39.17189025878906,39.358957552965556,38.96986009296839,39.35147611714346,1308400
2007-12-10,39.59840774536133,39.72561500346266,39.38889326663053,39.38889326663053,799800
2007-12-11,39.411338806152344,40.331712467023216,39.201824336059104,40.19702377784312,1625300
2007-12-12,39.43378829956055,40.00995593907547,39.09706658108812,39.83037007108333,3170800
2007-12-13,39.35148620605469,39.643310803080574,38.93245433207686,39.54603498593158,1440900
2007-12-14,38.259010314941406,38.797762272845965,38.16173450617801,38.55831632390597,1313900
2007-12-17,37.45087814331055,37.98214866478457,37.32367373158615,37.90732287605503,1984700
2007-12-18,38.19914245605469,38.4834855540238,37.690319166813325,38.26648679887841,1841900
2007-12-19,38.02705001831055,38.37125325126335,37.884879862374696,38.34132464514398,1366300
2007-12-20,38.38621139526367,38.49096863203124,38.01956106657718,38.34879850419249,1399600
2007-12-21,38.47600173950195,38.70796622419143,38.27397156295176,38.55083037379882,1282700
2007-12-24,38.86510467529297,38.91000185887544,38.461041440733624,38.4834886053145,190400
2007-12-26,38.872589111328125,39.08958788448783,38.43111012826079,38.43111012826079,267400
2007-12-27,38.498451232910156,39.06713457372199,38.348796820774254,39.044687410948775,973000
2007-12-28,38.66306686401367,38.909997061642024,38.565793926542234,38.797755543734525,298200
2007-12-31,38.19914245605469,38.52838273404645,37.97466226478244,38.46103839122273,947400
2008-01-02,37.95970153808594,38.857625275868195,37.68284269419688,38.75286802977076,3204100
2008-01-03,37.854942321777344,38.109353986667436,37.64542784048693,37.7651508089987,1761400
2008-01-04,37.05430221557617,37.839984539819085,36.92709492920887,37.50326272816603,3765500
2008-01-07,36.10398864746094,36.350918851855546,35.78223266535791,36.178814425169364,3728700
2008-01-08,35.7523078918457,36.62778449757941,35.72986072522363,36.05909820483832,4145900
2008-01-09,35.991756439208984,36.03665363010329,35.36321003879469,35.84210484507035,3729600
2008-01-10,36.67266845703125,36.90463291271928,35.85705499890129,36.00670939436389,3508200
2008-01-11,35.924407958984375,36.35092408749918,35.77475638201313,36.09651241045886,1994100
2008-01-14,37.4359130859375,38.722937226993324,36.5828865196734,37.15157280013008,8266600
2008-01-15,36.55294418334961,37.031838802312734,36.25363825772024,37.031838802312734,3520000
2008-01-16,37.039329528808594,37.413464170513734,36.50805902264829,37.09170815029365,3971400
2008-01-17,36.57540512084961,37.473328874752085,36.51554220519301,37.16653571364341,3859400
2008-01-18,36.74001693725586,37.593046231304875,36.478123856464826,37.465838981763156,3086000
2008-01-22,34.68976593017578,36.912126711066776,33.16329584119165,33.223158756565574,6104200
2008-01-23,34.36052322387695,34.56255626763522,32.17557834368364,32.40005855194147,9467800
2008-01-24,34.61492919921875,34.79451504896476,33.89659150907517,34.00134873208525,3503800
2008-01-25,34.2482795715332,35.03396161350588,34.03128083149285,35.03396161350588,1799500
2008-01-28,34.570037841796875,34.667313637684366,33.76939002080253,34.39045197665231,1416700
2008-01-29,35.60265350341797,35.90944379223928,34.427868114650686,34.75710842274627,3840800
2008-01-30,35.05641174316406,35.76726807158682,34.809484385370375,35.08634319696346,3774400
2008-01-31,35.69992446899414,36.06657764959834,34.607452072417686,34.607452072417686,2535300
2008-02-01,36.029170989990234,36.33596131481175,35.52782903220614,36.163859703757836,2230900
2008-02-04,35.842105865478516,36.09651757894684,35.69993285080955,35.98427602572621,1703200
2008-02-05,34.68227767944336,35.28089534716471,34.592486171053395,34.89927644127132,3232400
2008-02-06,35.019004821777344,35.69992981245781,34.96662619591123,35.61013829017605,3204300
2008-02-07,35.08634567260742,35.41558597879047,34.57004090303047,34.63738525162057,3061400
2008-02-08,35.467960357666016,35.66999052485396,35.08634147648789,35.22851444785325,2046100
2008-02-11,35.89448165893555,36.133927622755444,35.41558973129575,35.69993002931873,1625400
2008-02-12,36.10398864746094,36.66519054353546,35.90943991276677,36.440710355989744,2959000
2008-02-13,36.612815856933594,36.77743601086096,36.08902679350896,36.20874976334138,2333400
2008-02-14,36.193782806396484,36.70260612451303,36.0740598406291,36.597848886269155,1856200
2008-02-15,35.77476119995117,35.96930998886701,35.453005128173196,35.88699989779526,1828400
2008-02-19,36.12643814086914,36.77743443750243,36.05909379481813,36.67267434576259,2139100
2008-02-20,36.3060188293457,36.455673227463116,35.75229841263734,35.90195281075475,1494300
2008-02-21,36.26112747192383,36.90463948899034,36.186301688068944,36.90463948899034,1732900
2008-02-22,35.954341888427734,36.268616501403294,35.393139872933794,36.26113220938758,3055100
2008-02-25,35.89448165893555,36.02917037038687,35.37817398023179,35.565241317867404,1700200
2008-02-26,36.66519546508789,36.799884166578614,35.834616090702035,35.95433906375815,2026300
2008-02-27,36.8372917175293,36.96449896356283,36.365881330685696,36.46315712419129,1745200
2008-02-28,36.99441909790039,37.09917915778065,36.515527384698274,36.83728328970965,1645400
2008-02-29,35.475440979003906,36.2536415952377,35.355718026846425,36.2311915792942,1808700
2008-03-03,35.96931076049805,36.15637811533917,35.58021031989795,35.8720349367427,2518100
2008-03-04,35.81964874267578,35.976787456923795,35.325791144346596,35.60265282623742,2901600
2008-03-05,36.01420974731445,36.328481548980896,35.67000362789982,35.804692358448705,2105800
2008-03-06,35.87203598022461,36.32848079602189,35.73734725246733,36.201276361151905,1818900
2008-03-07,36.1788215637207,36.69512923681256,35.86454981003089,36.37337319122288,2134900
2008-03-10,36.44818878173828,37.016874921268155,36.306018674065925,36.88218624898057,2846000
2008-03-11,37.3835334777832,37.405983497750256,36.53050693397728,37.00939882843528,2275200
2008-03-12,36.70261001586914,37.1440890341476,36.66519712030404,36.807367265219796,2180800
2008-03-13,37.5631103515625,37.78759051641957,36.485600993176284,36.74749689752634,3327100
2008-03-14,36.515541076660156,37.33115472353829,35.91692621069934,37.23387891581314,2726700
2008-03-17,36.7100944519043,36.97198757631017,35.8570650157945,36.11147670282634,3594800
2008-03-18,37.3835334777832,37.458362120305296,36.754987152701865,36.82233150376132,4053000
2008-03-19,36.089027404785156,37.39849865831621,36.066580239567855,37.05429547102047,2396500
2008-03-20,36.88967514038086,36.92708803370691,36.074061506421494,36.35092319676001,2924700
2008-03-24,37.94472885131836,38.28893198378329,36.88966943786167,37.18149395688283,2276700
2008-03-25,38.47600173950195,38.61069042681577,37.95221557152658,38.124317148778566,2326100
2008-03-26,38.85762023925781,38.96986176234001,38.1692110829,38.633140047513926,2909400
2008-03-27,36.515541076660156,37.09919306859019,36.373370938000974,37.03933015478369,5012100
2008-03-28,36.754981994628906,37.46583829951489,36.53798609781945,37.39849395790632,4266300
2008-03-31,37.091705322265625,37.26380690179774,36.88967228861821,37.046808141092676,2149600
2008-04-01,37.151573181152344,37.346121949985374,36.45568247955341,36.50057681228821,3656600
2008-04-02,36.9121208190918,37.256323964286835,36.725053520039644,36.9121208190918,2824000
2008-04-03,38.93992614746094,39.6582638260416,36.71756592153056,36.725050211293805,9809300
2008-04-04,39.231746673583984,39.34398817329176,38.745370647410155,39.08209229211358,8971200
2008-04-07,39.59840774536133,39.92764804556194,39.26917029958141,39.590926308729806,5399700
2008-04-08,39.38140869140625,39.47868163196704,39.17189137495273,39.246720007407724,2272500
2008-04-09,39.51609802246094,39.76302537755456,39.1718920163727,39.76302537755456,6354400
2008-04-10,39.50861740112305,39.65827182796178,39.20182711059301,39.47120450801856,2540400
2008-04-11,38.12431716918945,39.343996791886234,37.95221559184533,39.2841338844167,9693900
2008-04-14,37.73521423339844,38.296416107358056,37.54814694207857,38.259003219978155,5440800
2008-04-15,38.221595764160156,38.2590086568567,37.55563371471035,37.89983974901252,3650600
2008-04-16,38.947418212890625,38.97734967127252,38.3263561507816,38.52090492142199,2642000
2008-04-17,38.25151824951172,38.4161383763598,38.049485235949156,38.34879403850561,3950300
2008-04-18,38.872589111328125,38.90252056716134,38.490970185506484,38.73041612333073,1747700
2008-04-21,38.77531433105469,38.91000303144026,38.446076871457066,38.70048854391639,1575800
2008-04-22,38.214107513427734,38.54334493123257,38.07193739414347,38.37872764954037,2406400
2008-04-23,38.648109436035156,38.93993399839393,38.08690747629265,38.13928609751496,1686600
2008-04-24,38.6930046081543,39.037207799227104,38.08690830526976,38.31138852316851,2750200
2008-04-25,38.797760009765625,38.917482977252156,38.341318158637435,38.55831407479255,1936500
2008-04-28,38.31138610839844,38.5134191480994,38.0943873411914,38.266488925880225,2554600
2008-04-29,39.24671936035156,40.03240143444252,38.22159137519328,38.30389858790608,5114800
2008-04-30,37.585567474365234,39.0746246720907,37.21143281562648,37.35360295835567,10614400
2008-05-01,37.94472885131836,38.071936094267784,37.41345842671982,37.75766155918476,1790200
2008-05-02,37.42094039916992,37.91479794330896,37.188978780426375,37.81752500518701,2894400
2008-05-05,37.645423889160156,37.80255973363472,37.45835659209412,37.60052671027295,1503200
2008-05-06,37.66786575317383,37.7875886922795,37.07673249253083,37.20393972094187,2416400
2008-05-07,36.64274215698242,37.50324998956409,36.42574341268865,37.21890976023468,3727600
2008-05-08,36.68764114379883,36.95701853586402,36.612815359078816,36.717572599455124,1555500
2008-05-09,36.4556770324707,36.605328591787554,36.23867827527254,36.46315846866834,1129800
2008-05-12,37.33115768432617,37.44339922940498,36.64275124747793,36.87471292082324,2399200
2008-05-13,37.57807540893555,37.73521123610211,37.40597385712168,37.600522568696455,2325700
2008-05-14,37.49576950073242,37.974661324771034,37.48828521037033,37.510735227036186,2541500
2008-05-15,37.97466278076172,38.13179863134532,37.51073666523942,37.55563099145157,2604800
2008-05-16,38.6181755065918,38.65558839729447,38.131799364195295,38.45355536219533,2116800
2008-05-19,38.797760009765625,39.10455029235116,38.68552133335864,38.69300277001749,3482100
2008-05-20,39.501136779785156,39.5086182167922,39.00727915911603,39.36644807829168,3008500
2008-05-21,39.08210372924805,39.59840849927341,38.98482792466214,39.44875692842832,2810300
2008-05-22,39.45623779296875,39.56847932389548,39.25420474995306,39.291617642121736,1942900
2008-05-23,39.29910659790039,39.81541142172171,39.17938361609743,39.81541142172171,2805000
2008-05-27,39.388893127441406,39.50861609406746,39.09706857469168,39.27665445184111,1530200
2008-05-28,41.02010726928711,41.11738304070074,40.631007038052374,40.82555858087963,3130600
2008-05-29,41.3044548034668,41.536416397147015,40.773184428652,40.773184428652,2782400
2008-05-30,41.4403190612793,41.622475588914014,41.36442219701137,41.38719067723579,1477700
2008-06-02,40.833133697509766,41.12154698077348,40.620620170515274,41.03805869651717,1734000
2008-06-03,40.86349868774414,41.44032243080959,40.6206252280029,41.23540030156793,2560800
2008-06-04,41.0077018737793,41.3037037072605,40.83313676416935,41.3037037072605,1834500
2008-06-05,41.212623596191406,41.280931928867645,40.78759654423229,41.04564992375589,1917000
2008-06-06,40.64338684082031,41.02287691943727,40.55231003263051,40.7041066431332,1450500
2008-06-09,40.453643798828125,40.86349379883704,40.0210253194675,40.81795394485393,2412100
2008-06-10,40.54472351074219,40.726880044420376,40.15764485768587,40.225953195905205,1507600
2008-06-11,40.14246368408203,40.62062203707113,40.03620691570219,40.55231370092983,3113500
2008-06-12,40.07415008544922,40.256306589665364,39.8085081993834,39.94512485372565,2262500
2008-06-13,40.377750396728516,40.514367075102435,39.785743825348234,39.8540521645352,2177600
2008-06-16,40.400516510009766,40.52954465214673,40.04379488235552,40.203182927969394,1348300
2008-06-17,40.33979797363281,40.628208359208294,40.26389821799744,40.567491449979634,1187500
2008-06-18,40.11209487915039,40.225943045882474,39.945121235296924,40.157634724899054,1559700
2008-06-19,39.95271682739258,40.26389859017488,39.70225486967983,40.19559025711146,3076500
2008-06-20,39.23927307128906,39.67948003857733,39.079887939785344,39.64153161135446,1819300
2008-06-23,39.32276916503906,39.49733428118836,38.93568760269411,39.17856105953487,1793700
2008-06-24,39.33034896850586,39.702250495382515,39.0039872904139,39.23927216621581,1752100
2008-06-25,40.26390075683594,40.38533747823008,39.74020543868869,39.74020543868869,2405400
2008-06-26,39.573219299316406,40.187994181426525,39.542859402483515,40.005837695708266,4043500
2008-06-27,40.07415008544922,40.597848225521005,39.51250641340164,40.08174150806791,4244300
2008-06-30,39.55046081542969,40.09692751535185,39.48215247793942,39.983079321108114,1817600
2008-07-01,39.383480072021484,39.40624855035103,38.41957492058354,39.19373503186314,4532600
2008-07-02,39.01158142089844,39.73261025739168,38.920501717006616,39.34553164932983,3767400
2008-07-03,39.4973258972168,39.504914424447286,38.98121918716251,39.459377470505615,1563700
2008-07-07,39.77056121826172,40.56748980071645,39.63394455895182,39.64912450946176,5019100
2008-07-08,39.687076568603516,39.74779348091802,38.89773644155649,39.56563984869472,3261800
2008-07-09,39.07229232788086,39.8919921653487,38.920495739985434,39.82368384555971,2223300
2008-07-10,39.62635803222656,39.63394945605928,39.03435436558965,39.4517929227126,2314300
2008-07-11,39.37590026855469,39.466977097331615,38.541020169712255,39.21651219909483,4501300
2008-07-14,39.01918029785156,39.58841556939887,38.96605190412957,39.45179887260509,1886600
2008-07-15,39.24686050415039,39.732607307727804,38.97362720331826,39.429017003131584,2867500
2008-07-16,41.1291389465332,41.14431889905586,40.112105289754346,40.59785508463969,4049400
2008-07-17,42.04750442504883,42.19170962138925,41.34924113239901,41.455497897626664,2689900
2008-07-18,42.07786178588867,42.17653002383368,41.93365658833808,42.08545320934276,1991800
2008-07-21,42.46493911743164,42.586375823177924,42.10062900019278,42.586375823177924,1829700
2008-07-22,42.49530792236328,42.72300143143965,42.21448312906504,42.313151377934155,3840900
2008-07-23,41.81980514526367,42.153758264549005,41.66042000848449,41.84257651857463,2710700
2008-07-24,41.3036994934082,41.53898438858967,41.17467425414324,41.49344453605402,2950900
2008-07-25,40.992523193359375,41.10637139220627,40.53713618853173,40.73446978521572,2208800
2008-07-28,40.77241516113281,41.09118543890701,40.43846203743084,40.650978451226514,5241600
2008-07-29,44.76465606689453,45.09860634406313,43.315003864099985,43.368132251484084,9593900
2008-07-30,44.03603744506836,44.36998773546245,43.702087154674274,44.172654130975054,3246000
2008-07-31,43.876651763916016,44.29409034585098,43.686906690738304,44.12711375496498,2856600
2008-08-01,43.92977523803711,44.15746872132062,43.68690180316407,44.043620532039,2297000
2008-08-04,43.91459274291992,44.096746360884524,43.73243622967576,43.838692989368376,1684600
2008-08-05,44.29407501220703,44.45346012363345,43.70207151532089,43.97530189407515,1970200
2008-08-06,44.44587707519531,44.65080205597723,43.92217893699284,44.013258636415515,2323300
2008-08-07,44.24094772338867,44.491409633856776,44.051202711257424,44.41551278711592,1875600
2008-08-08,43.83869552612305,44.05121195308523,42.99622992754771,43.01899840729091,4231800
2008-08-11,43.550289154052734,43.99049620966359,43.36813261344411,43.75521417650744,2430100
2008-08-12,43.47439193725586,43.65654848854119,43.2163385118484,43.383315109253274,2359200
2008-08-13,43.489559173583984,43.64894429979992,43.10248059630538,43.201145924755636,922600
2008-08-14,43.51992416381836,43.92218273759821,43.39848744935956,43.436435879762996,1548900
2008-08-15,43.0721321105957,43.16320893609827,42.81407869227168,42.98105528509313,2272700
2008-08-18,42.6470947265625,43.05694471338877,42.54083796596596,42.897559572493975,1437000
2008-08-19,42.525657653808594,42.586377456650474,42.13857904417008,42.39663241568894,1105300
2008-08-20,42.30556106567383,42.52566314117797,41.98678785017966,42.12340452892288,1345500
2008-08-21,42.51048278808594,42.60915103186663,42.070275745944194,42.12340413214613,1238100
2008-08-22,42.59396743774414,42.829252338865395,42.343505480674104,42.41181381356223,2258500
2008-08-25,42.28278732299805,42.730585768203255,42.100633691719864,42.647097480834184,1060300
2008-08-26,42.328330993652344,42.63192137157286,42.032329144685825,42.1841257812861,1448200
2008-08-27,42.37386703491211,42.54843213792437,42.260018843900745,42.34350713127178,1528000
2008-08-28,42.83684158325195,43.087306439790474,42.722996290054205,42.79889315218604,1469600
2008-08-29,42.56361770629883,42.7685398447125,42.34351271878174,42.56361770629883,729800
2008-09-02,41.99436950683594,42.677449846396954,41.91846976114299,42.45734492680628,1443200
2008-09-03,42.44976043701172,42.533248717574395,42.13857868827419,42.23724691941912,1560400
2008-09-04,41.66801452636719,42.244838209818866,41.394781188576495,41.994376247030544,3402300
2008-09-05,41.1367301940918,41.1898585800534,40.53713510077668,40.87108536900389,3182800
2008-09-08,40.89385986328125,41.3644268442252,40.44606136511972,41.356838315057765,2090700
2008-09-09,39.694664001464844,40.38533586975067,39.694664001464844,39.98307728901884,2823600
2008-09-10,39.611175537109375,40.089333873080435,39.50491877251129,40.0513854421925,1500900
2008-09-11,40.119693756103516,40.1804106664383,38.62450183856347,38.79147840872359,4258200
2008-09-12,40.37015151977539,40.52953954530591,39.71743104894515,39.99825288252276,3029100
2008-09-15,41.00010299682617,41.36441307648835,40.27907136414348,40.87866630360544,5223700
2008-09-16,42.798892974853516,42.912741162859255,41.81221929482934,41.87293620522729,8463100
2008-09-17,41.493446350097656,42.24483802574807,40.99251953142395,41.956424737639054,4002800
2008-09-18,42.63950729370117,42.84443229237648,41.07600706044496,41.69837058444566,4606000
2008-09-19,44.11951446533203,44.92403152640681,43.148017958817036,43.603407760543256,4580800
2008-09-22,43.550289154052734,43.982907680808225,43.18597896811548,43.87665090515319,2028100
2008-09-23,43.34535598754883,43.88423118871146,42.96586591992229,43.57304944906887,2495300
2008-09-24,43.390892028808594,44.30926017353502,43.05694181863132,44.286488801167,1803500
2008-09-25,43.702083587646484,44.30167577654173,43.527515584685254,44.1498791495597,1230400
2008-09-26,43.626182556152344,43.6413625079365,43.132847151926136,43.261872399171835,1600800
2008-09-29,41.212623596191406,42.91274048986683,40.55231164384088,42.67745558947543,3439600
2008-09-30,40.55230712890625,40.666155302451116,39.74778717754485,39.891995250072256,4514400
2008-10-01,39.35312271118164,40.11210292081122,38.80665892903856,39.3683026628078,4444400
2008-10-02,37.07617950439453,38.06285602453337,36.81053760760609,37.97936774403428,5223800
2008-10-03,34.6474494934082,36.628385509459044,34.6474494934082,35.603763332354134,4936300
2008-10-06,30.1163330078125,33.584872110544694,28.537652883842547,33.31163878945147,9701600
2008-10-07,27.755905151367188,29.835512133504373,27.550980153854134,28.423808525267546,7616800
2008-10-08,27.558565139770508,29.653348688459097,27.391588611478888,28.689443730621132,6799400
2008-10-09,26.38214874267578,28.12021398121407,26.29866335820234,27.437133583314484,3351100
2008-10-10,25.706655502319336,26.943793891686244,24.120388405031658,24.484697062578444,5710900
2008-10-13,29.524337768554688,29.524337768554688,27.406781825791906,27.573758434911376,3758800
2008-10-14,29.258689880371094,30.14669833371257,28.6439176925686,29.92659335263955,4690300
2008-10-15,25.600400924682617,27.4978513599121,25.41824730425716,27.338466218219928,2989600
2008-10-16,27.30052375793457,27.30052375793457,25.51691822165897,26.632620248015865,4207000
2008-10-17,27.201847076416016,28.272008908552746,26.958973674461532,27.581337128879813,2098800
2008-10-20,28.560428619384766,28.560428619384766,27.69519156729804,28.127810093341402,1671600
2008-10-21,26.89826011657715,27.702780256745065,26.51876997607379,26.52636140024066,1568300
2008-10-22,26.0102481842041,26.670560055696615,25.37270478905569,26.465635082761846,2304500
2008-10-23,26.587074279785156,26.76923079348852,25.494143883403655,25.790145684802006,2611200
2008-10-24,24.719982147216797,25.342345610732554,23.088175187297264,23.179253438181373,2136300
2008-10-27,22.936384201049805,23.67259602034334,22.503765660612178,22.83012742203426,2834900
2008-10-28,24.317726135253906,24.408802947947834,22.24570910332928,23.09576755843167,3875700
2008-10-29,25.72943115234375,26.526359820896733,25.31198970641996,25.577634526124175,2667400
2008-10-30,26.617435455322266,26.70092374079581,25.85845525324229,26.564307072799043,2338400
2008-10-31,26.814769744873047,27.194259814999555,25.987481276186088,26.222763266685664,2006400
2008-11-03,27.11836051940918,27.626878727467393,26.80717877248861,26.81477019537518,3610200
2008-11-04,29.129663467407227,29.251100194354667,28.32514334183045,28.651505088366694,2864400
2008-11-05,27.755905151367188,29.501558998914376,27.710365297937738,29.137248857317715,3141400
2008-11-06,25.926759719848633,27.61928497058612,25.683886323033878,27.44471989758047,3128000
2008-11-07,27.179086685180664,27.520625517777955,26.458054791946022,26.738876703631867,3875900
2008-11-10,27.330873489379883,28.173341905617267,26.898255042438432,28.112625000136088,1450600
2008-11-11,26.07097053527832,26.746465392557024,25.668711927634064,26.700925535071303,2101800
2008-11-12,25.72943115234375,26.397331675262155,25.53968609338924,26.268306424907404,4419200
2008-11-13,27.55098533630371,27.695193451649928,24.962862532793245,25.600406124331787,4306500
2008-11-14,26.746461868286133,27.77108391682558,26.64020221482084,26.958975384657688,4642200
2008-11-17,25.592815399169922,26.344204238310002,25.40307033338789,26.017842493542513,2983300
2008-11-18,25.220909118652344,25.66870750665704,24.49987742335266,25.456193998885116,2904100
2008-11-19,23.900287628173828,25.562454762193237,23.86233919515947,25.228504498275125,2528100
2008-11-20,22.541709899902344,24.12038847456782,22.382323323648976,23.482845064833718,3520900
2008-11-21,23.642230987548828,23.892694374954164,22.291247269633867,23.892694374954164,4259200
2008-11-24,26.12409782409668,26.374562686828188,24.856602244420813,25.031167347864088,3111600
2008-11-25,26.966564178466797,27.968417758793272,26.389740530358647,27.968417758793272,5211000
2008-11-26,27.050050735473633,27.26256424039953,26.0102487924413,26.017837319640357,2596800
2008-11-28,25.911584854125977,25.995073143525136,25.4030694845563,25.65353145747395,1244800
2008-12-01,24.446752548217773,25.304401020016456,24.340495779111354,25.266452587518422,2024600
2008-12-02,25.084293365478516,25.289218353306133,24.39362154514669,24.826239998800716,1559700
2008-12-03,25.979890823364258,26.154455914706155,24.27218544403925,24.27218544403925,2622800
2008-12-04,25.01598358154297,25.73701526079876,24.606133629720183,25.069111957303775,2105100
2008-12-05,25.737016677856445,25.987481516187188,24.006541420947887,24.795880021328106,2429400
2008-12-08,26.693328857421875,27.36882358175019,26.35179012697999,26.46563540536751,3153000
2008-12-09,26.875486373901367,27.54338970112711,26.025429436246426,26.222762996757965,4356900
2008-12-10,26.404918670654297,27.012102178423085,25.866043488464456,27.012102178423085,5393800
2008-12-11,25.33475685119629,26.025428634632313,25.205728727110344,25.73701538251021,2188500
2008-12-12,25.668712615966797,25.782560815094115,24.81865552039741,25.015989117567457,2762000
2008-12-15,25.638351440429688,26.16963818457871,25.258861322506075,26.11650979969179,2407800
2008-12-16,27.52821159362793,27.67241678614328,26.30625303536326,26.473229602166022,3814900
2008-12-17,26.53394317626953,26.936204591618424,26.222761456063367,26.412506478025154,3246000
2008-12-18,26.215177536010742,27.17149134083231,26.055792384420442,27.14113143711613,3869900
2008-12-19,26.184814453125,26.670561272488985,26.002657948223792,26.564304517663043,2478300
2008-12-22,25.820505142211914,26.35938035576025,25.43342364297952,26.351791828156262,1789300
2008-12-23,25.45619773864746,26.033021442460566,25.27404120859711,25.866047759800885,946100
2008-12-24,25.547271728515625,25.828093573285994,25.380295169056726,25.72183681555015,487100
2008-12-26,25.67630386352539,25.843277553742826,25.46378741963418,25.46378741963418,778100
2008-12-29,25.964712142944336,26.306253814575992,25.790147043061424,26.298665286441828,1570100
2008-12-30,27.156309127807617,27.171489078401752,26.374560491526637,26.625025333410562,1452700
2008-12-31,27.490264892578125,27.74072686325596,26.693333333825482,27.042466440488848,2110700
2009-01-02,27.793853759765625,27.869753515967947,27.027285041439946,27.057644943920877,2386100
2009-01-05,27.088003158569336,27.353647974199088,26.829949766538032,26.860309670372253,2030300
2009-01-06,27.490264892578125,27.77108676736231,26.784413046144522,27.05005496887553,3153300
2009-01-07,27.72554588317871,27.96083078835915,27.452312546912317,27.839394071716278,3694500
2009-01-08,28.552833557128906,28.58319345919198,27.475083091406283,27.88493308341895,3120400
2009-01-09,27.99118995666504,28.347908673845982,27.79385348774997,28.11262667012061,2892300
2009-01-12,26.80718231201172,27.907704258232744,26.64020572981435,27.83180449574308,4206900
2009-01-13,27.54338836669922,27.81662166438479,27.01969024770878,27.186666795245362,3186400
2009-01-14,26.025426864624023,26.738867076320954,25.585217041572474,26.5035822162128,3801700
2009-01-15,26.260709762573242,26.564302954450085,25.425832827830796,25.873631193445554,3023500
2009-01-16,27.01210594177246,27.497852815662156,26.655384314574828,27.384007520689117,5314500
2009-01-20,25.27404022216797,25.926763661059944,25.182963408337372,25.43342537019144,3947400
2009-01-21,26.587074279785156,26.67815398427662,25.759785783304853,26.108918859963005,3647900
2009-01-22,26.647796630859375,26.966566941221835,26.162049741575714,26.245538031036315,4158600
2009-01-23,25.63076400756836,26.010254141713084,24.909732173637387,25.07670875915065,3688000
2009-01-26,25.850868225097656,26.32143516701278,25.33476142611467,25.33476142611467,1948400
2009-01-27,26.36697006225586,26.47322681347192,25.88122036411492,26.15445366454441,2361500
2009-01-28,27.52821159362793,28.112626682157977,27.2853381666128,28.036726926665978,4757600
2009-01-29,27.285343170166016,27.702781768442684,27.16390643438953,27.672421860678522,4379300
2009-01-30,26.85272216796875,27.657239383353886,26.571897389692907,27.61929094975117,2238400
2009-02-02,27.019695281982422,27.133543475656552,26.587076778468468,26.587076778468468,1883000
2009-02-03,27.733135223388672,27.900108886680577,27.019692033332344,27.26256544837465,1828600
2009-02-04,27.444725036621094,28.26442507581964,27.171491690221576,27.58893023820759,2524800
2009-02-05,28.499704360961914,28.697040823447736,27.604107542675873,28.112625754208235,3591500
2009-02-06,29.02340316772461,29.20555678837934,28.423808134570287,28.423808134570287,1926500
2009-02-09,29.304227828979492,29.630589567135576,29.175199681315988,29.425664552808744,1911900
2009-02-10,28.00636863708496,29.0309906794234,27.839392077929556,28.795705791093468,2385100
2009-02-11,28.196115493774414,28.53765426640795,27.786265492278545,28.416217550625436,1569300
2009-02-12,28.013959884643555,28.013959884643555,27.17149137478528,27.550981485872445,2583600
2009-02-13,28.173343658447266,28.29478037224438,27.748316607797182,27.94565018198763,2483400
2009-02-17,26.974159240722656,27.36882932489921,26.799594127673785,27.201852740556838,2265900
2009-02-18,26.647796630859375,26.936209932101487,26.33661484895704,26.71610496811988,2497000
2009-02-19,25.84327507019043,26.640203696177334,25.759786785465003,26.473230022006156,2824000
2009-02-20,25.45619773864746,25.661122749224173,24.65167764845146,24.65167764845146,2906100
2009-02-23,24.970447540283203,25.83568442888273,24.841419412094453,25.828093006194276,1905800
2009-02-24,26.00266456604004,26.15446120954419,25.091890495575434,25.213327231322726,1934000
2009-02-25,25.228500366210938,25.714247177908003,24.86418736215876,25.65352737880618,1958800
2009-02-26,24.590957641601562,25.365114834902542,24.5454177909982,25.274038028975273,2110100
2009-02-27,24.39362335205078,24.90214159550065,24.03690317646221,24.264596659154513,2364600
2009-03-02,24.052080154418945,24.56818541455732,24.014130280235452,24.31013206066829,1928500
2009-03-03,24.469526290893555,24.924913315479476,24.264599813605816,24.773116675524136,1700000
2009-03-04,25.12983512878418,25.372708563515552,24.370854921428716,24.833833311160305,2112600
2009-03-05,24.38603401184082,25.076705860332716,24.203877494585107,24.689624346894185,1706600
2009-03-06,24.143159866333008,24.674445140162504,23.69536143048766,24.56059984681317,3269200
2009-03-09,24.120393753051758,24.73516737281766,23.627055414299864,23.627055414299864,2628300
2009-03-10,25.638351440429688,26.033021510503822,25.129836072146365,25.16778450488276,2930900
2009-03-11,25.615583419799805,26.063381882801576,25.395478452584722,25.744608672476303,3813300
2009-03-12,25.57763671875,25.66871354417731,25.01599002217473,25.372711690078486,4564000
2009-03-13,25.44101905822754,25.60040422043871,25.061528922326673,25.266453943146736,1427600
2009-03-16,25.539688110351562,26.27589702844589,25.478968296956538,26.146871767901544,2848200
2009-03-17,26.32143211364746,26.351792014837528,25.5245035267251,25.774965473344338,2542100
2009-03-18,27.5206241607666,27.88493724939217,26.215180025098498,26.34420528522335,2892600
2009-03-19,28.62873649597168,28.871609948926015,28.454171382615748,28.689453411570295,4777800
2009-03-20,27.3915958404541,28.476937770226645,27.209439316491835,28.34790962923676,3645000
2009-03-23,28.484527587890625,28.484527587890625,27.361237175897543,27.755907249616172,2975800
2009-03-24,27.869754791259766,28.507298296134326,27.7331381191238,28.272013384060216,1780600
2009-03-25,28.10503387451172,28.757757263191518,27.588927143708137,28.294778910975406,2214700
2009-03-26,28.66668128967285,28.932323190332106,27.771084459907982,27.953240974131162,1724800
2009-03-27,26.80718231201172,27.254980777221107,26.738873973410968,26.928619036715286,3533400
2009-03-30,26.253124237060547,26.374560948638777,25.835685721965344,26.16963595498559,1869000
2009-03-31,26.78441047668457,27.292925792924258,26.503585733560424,26.65538234425032,1718500
2009-04-01,27.11836051940918,27.300517030053193,26.344200415911278,26.450457174087155,1997500
2009-04-02,27.99118995666504,28.514885240577247,27.4674917774732,27.7027766764782,2462500
2009-04-03,28.385860443115234,28.408628922469326,27.611700296999764,27.62688024832905,2227200
2009-04-06,28.180932998657227,28.249241326074063,27.78626298416878,27.98359654377329,2273600
2009-04-07,27.839397430419922,28.135399281993298,27.710369274825343,27.938065679371064,2485600
2009-04-08,28.77293586730957,29.09170901919909,28.309957536755363,28.492114037160707,1781200
2009-04-09,29.296630859375,29.4711988311592,28.864012431671764,29.35735065743547,1779700
2009-04-13,29.61541175842285,29.805156834095513,28.605966566109842,28.894379891810715,1189800
2009-04-14,29.35735321044922,29.562278203805295,29.0385800334688,29.076531358196636,1161200
2009-04-15,29.752025604248047,29.75202560424805,28.99304537401356,29.106890671380846,1848400
2009-04-16,29.797561645507812,30.359208272471612,29.144841099684637,29.15242962782968,2217700
2009-04-17,29.258689880371094,29.531923250630012,28.947508074305123,29.18279300875698,1620300
2009-04-20,28.45416831970215,28.765350078758114,28.37826856427409,28.71981022550128,1897000
2009-04-21,29.061351776123047,29.152428587010455,28.355499977366488,28.385859879422163,1626200
2009-04-22,29.32699203491211,29.72925058109409,28.93991343890598,29.023401717233437,1800300
2009-04-23,30.53377342224121,30.53377342224121,29.881049980077233,30.359208321824287,3247700
2009-04-24,31.543216705322266,31.57357371151521,30.807005018651598,31.04987843987252,2481300
2009-04-27,30.275720596313477,31.140957586262402,30.15428387658871,30.594493795140846,2485900
2009-04-28,30.61726188659668,30.807006939712604,29.531919951151217,29.569868382718454,5605300
2009-04-29,29.190380096435547,29.979720261478363,29.07653479463586,29.258688435627327,7504800
2009-04-30,28.90955352783203,29.39530035216131,28.803296771919936,29.167606890166894,3614300
2009-05-01,28.492116928100586,28.90955545208883,28.256832027720467,28.90955545208883,2689700
2009-05-04,29.630577087402344,29.85827048677286,29.07652208733192,29.091702033327106,2832300
2009-05-05,29.213144302368164,29.26627267588979,28.605957927356634,29.023399283996863,3051000
2009-05-06,29.015810012817383,29.122066767737337,28.51488324299514,29.008221485442853,1655400
2009-05-07,28.46175193786621,29.167603617547623,28.15815875908399,29.061346873557586,2703700
2009-05-08,29.797561645507812,29.91899836278651,29.16001815597472,29.554688210950417,3012700
2009-05-11,30.321264266967773,30.677983047446826,29.797565994848078,30.139107716821762,3619900
2009-05-12,30.3743896484375,30.662802951229338,30.078387817144755,30.662802951229338,1532200
2009-05-13,30.556547164916992,30.905680321163707,30.419933367596375,30.882908942210083,3159200
2009-05-14,30.776647567749023,30.981572576086112,30.632442367191725,30.700750703304085,2613200
2009-05-15,30.29425621032715,30.78050879046123,30.155326901717412,30.255665390000193,2245200
2009-05-18,31.49059295654297,31.52918378134331,31.266762050693316,31.359383563363576,3711600
2009-05-19,31.73756980895996,31.992274488489066,31.475148144122613,31.652668249116928,2401500
2009-05-20,31.791603088378906,32.316446509667756,31.691267540405285,31.96912322436028,1936900
2009-05-21,31.830188751220703,31.853342649583038,31.421117899648,31.5291733510592,1704500
2009-05-22,32.19295120239258,32.478529735763985,31.830193976573543,32.10804963540598,2167600
2009-05-26,33.00336837768555,33.07283302470379,31.884219984144618,31.891936969684178,2050400
2009-05-27,31.969112396240234,32.64060483516003,31.93824151578425,32.53254939283914,2322500
2009-05-28,32.76409912109375,32.85671765650095,32.14663731122885,32.59429601927209,1541900
2009-05-29,33.45875549316406,33.45875549316406,32.8567303637505,33.15002594097639,1912000
2009-06-01,33.914127349853516,34.1688320488489,33.62855176297531,33.6825794971336,2764500
2009-06-02,34.63193130493164,34.747706715306826,34.09165096366575,34.16883555201287,2795000
2009-06-03,33.945003509521484,34.01446816452948,33.64399098591712,33.74432947521554,1569400
2009-06-04,33.43559265136719,33.48962038216937,32.872158498508355,33.28122644437931,3110500
2009-06-05,32.62517547607422,33.10370809326523,32.43221844317406,33.01108954187454,2835200
2009-06-08,32.84128952026367,33.088274310217905,32.223827545378086,32.36275685776371,1887200
2009-06-09,33.049678802490234,33.250355756054454,32.779540146873615,32.84900479321654,1030500
2009-06-10,32.45537567138672,32.81041594168228,32.046307661884924,32.77954505091512,2481200
2009-06-11,32.57114791870117,32.841286588507295,32.27013541683416,32.30100630460437,1929700
2009-06-12,32.023155212402344,32.06946302280212,31.660394994718235,31.698985818148415,1929300
2009-06-15,31.050647735595703,31.482872582012956,30.74191822611843,31.45199874777796,1988900
2009-06-16,30.6492977142334,31.397972025035003,30.6492977142334,31.351661272185392,1505000
2009-06-17,30.965742111206055,31.189572963681393,30.703320443132675,31.081517502290676,3109900
2009-06-18,30.857685089111328,31.22816219983762,30.819094275465112,30.919432746377552,1754700
2009-06-19,30.927154541015625,31.235886986778457,30.89628070758118,31.089237750110247,1231200
2009-06-22,30.085857391357422,30.479491350313523,30.070420476860086,30.410026707220705,1721300
2009-06-23,30.55668067932129,30.703326987567806,30.17848353955031,30.371440602959947,1289100
2009-06-24,30.8190975189209,31.451996351055325,30.641577402033505,30.880842238394894,2306700
2009-06-25,30.90399932861328,31.05836554495385,30.394592875692872,30.40230986157909,2206200
2009-06-26,30.65701675415039,30.880844692357222,30.433185871652668,30.741918326428213,1251700
2009-06-29,31.34394073486328,31.397968468255375,30.73419580739177,30.857688190043792,1795200
2009-06-30,31.019777297973633,31.444285204460474,30.842257148120595,31.28991896067355,1319600
2009-07-01,31.1586971282959,31.459709592595924,31.0583616030561,31.12010631518134,1259900
2009-07-02,30.410036087036133,30.64930097481887,30.255669838739706,30.64158398733513,1194600
2009-07-06,30.062707901000977,30.10129872075917,29.699947717834153,29.831160038160995,1007500
2009-07-07,29.2291316986084,29.869750486943182,29.15966704619006,29.838876653803744,1382400
2009-07-08,30.07042121887207,30.232504408658052,29.65363335003058,30.04726731869992,1757600
2009-07-09,31.019777297973633,31.367100610421407,30.819103242054478,31.25132813579962,1910600
2009-07-10,30.88084602355957,31.189578491643864,30.626144240037398,30.734199720579593,1348400
2009-07-13,31.675830841064453,31.729858580896668,31.01205810107892,31.181861251575032,1050100
2009-07-14,31.289913177490234,31.482870210487647,31.01977156471946,31.24360242962622,1001500
2009-07-15,32.586585998535156,32.64833072057143,32.03858576490028,32.17751506984538,1301900
2009-07-16,32.903038024902344,32.972502682858014,32.378194596857526,32.62517939307967,989300
2009-07-17,33.0882682800293,33.17316983815769,32.69463726286815,32.85672044968213,892300
2009-07-20,33.42015838623047,33.489623037668565,33.02652732427509,33.31981990208861,911500
2009-07-21,33.89869689941406,33.90641683107524,32.80270214682694,33.57453043263463,2292900
2009-07-22,34.24601364135742,34.400379857737576,33.8369456705971,33.94500113877601,1938900
2009-07-23,34.801727294921875,35.033275123742776,33.999025407005064,33.999025407005064,2685000
2009-07-24,34.81716537475586,34.86347317549574,34.30775895658375,34.62420835356505,993700
2009-07-27,34.84803771972656,35.05642870275642,34.408095965702884,34.72454534919869,824900
2009-07-28,34.35407257080078,34.655088048001,33.95272448978246,34.33091866651268,2809000
2009-07-29,34.6396484375,34.80173164349836,34.36178983047953,34.685956242476244,1840300
2009-07-30,35.67390060424805,36.160150253876246,35.21080191432331,35.3574511577304,1918100
2009-07-31,36.46888732910156,36.63097056615654,35.951763779176254,35.99807159302549,1638300
2009-08-03,37.016876220703125,37.07090395398626,36.36082349124188,36.56921743860138,1476600
2009-08-04,37.30245590209961,37.41051137201118,37.024597297018005,37.22527132052654,1104500
2009-08-05,36.99372100830078,37.18667803298656,36.56921614285017,37.16352413219724,646100
2009-08-06,36.661842346191406,37.2098397041046,36.42257452567145,37.2098397041046,837900
2009-08-07,36.57693099975586,36.99371885545191,36.57693099975586,36.87794346966177,591600
2009-08-10,36.47658920288086,36.53833685481699,36.19101367340151,36.45343530554986,450400
2009-08-11,36.067527770996094,36.19874008270629,35.84369690909029,36.0829646867438,583400
2009-08-12,36.337677001953125,36.54606804753051,35.95176286018705,35.959479847534226,724400
2009-08-13,36.63867950439453,36.6541164191428,36.36082092750651,36.600085745378635,523600
2009-08-14,36.21417236328125,36.422566299709196,35.95175364069475,36.391695413945804,648300
2009-08-17,35.41147994995117,35.58900008920112,35.2416767974986,35.42691686783696,941300
2009-08-18,35.511810302734375,35.63530268345689,35.15677007619345,35.179926921778716,457600
2009-08-19,35.92087173461914,36.08295488952542,35.264816242781144,35.326563889006295,451800
2009-08-20,36.14471435546875,36.22961298035637,35.89000964793351,35.92860046729894,356300
2009-08-21,36.80847930908203,36.839353138269104,36.376257477624684,36.53834066442119,1037700
2009-08-24,36.63096237182617,37.063187184908934,36.51518991881,36.69271003553399,644100
2009-08-25,36.92425537109375,37.21755086514939,36.74673526645994,36.82391689654752,486800
2009-08-26,36.80076599121094,37.0014400123437,36.592372039866895,36.90110447392267,350400
2009-08-27,37.827293395996094,37.93535180180179,36.731298921438615,37.117212966444576,1003000
2009-08-28,37.70380401611328,37.912197970294784,37.464539173538434,37.87360715158504,1236800
2009-08-31,37.634334564208984,37.78098377860696,37.45681446535545,37.626617579167686,792600
2009-09-01,36.916542053222656,37.9199180654925,36.870231303995155,37.46453933643971,838000
2009-09-02,37.47998046875,37.6806545160603,37.12493723998395,37.248429640857466,905200
2009-09-03,37.35647964477539,37.39507045929236,36.978282596212004,37.27929507145102,851700
2009-09-04,37.60346603393555,37.67293068081757,37.00915804267616,37.06318577421878,611200
2009-09-08,37.919918060302734,37.919918060302734,37.54944089940568,37.804142659395204,799500
2009-09-09,38.961883544921875,39.1779944785711,37.9199167499238,38.0897169359522,2524200
2009-09-10,39.76459503173828,39.88808744402384,39.01592062609318,39.232034555811424,1725600
2009-09-11,39.579345703125,39.92666895170201,39.41726250188595,39.6874011706177,1796800
2009-09-14,39.903526306152344,39.94983412283166,39.42499355328661,39.47902130227347,874800
2009-09-15,39.509883880615234,39.72599777535575,39.27061902670054,39.602505383057256,1484200
2009-09-16,39.17027282714844,39.39410366421895,38.992752732182595,39.30920210917218,2949200
2009-09-17,38.599124908447266,38.931011252122744,38.529660256415404,38.62999874141493,2743800
2009-09-18,38.88470458984375,39.031350884314165,38.545098305799414,38.77664911557177,994000
2009-09-21,38.95417404174805,39.13941117923183,38.59141380976309,38.71490621618268,915300
2009-09-22,39.47128677368164,39.55618833191954,39.20886511380558,39.50216060291186,528100
2009-09-23,38.57597351074219,39.29377398025051,38.498791867602115,39.27833706276431,1271200
2009-09-24,37.98166275024414,38.69946316897969,37.819579544540176,38.6840262525854,1347000
2009-09-25,37.618900299072266,38.112869777971326,37.618900299072266,37.89675592273523,1401500
2009-09-28,37.649776458740234,37.8427334974903,37.46453935034299,37.51084715529692,2100800
2009-09-29,37.24842834472656,37.46454224695342,37.08634512627465,37.34876683703578,1995000
2009-09-30,37.71923828125,38.08199842906357,37.23298869996135,37.649773634738686,2391400
2009-10-01,37.35647964477539,37.842729207412056,37.29473198611589,37.796421407707854,1861200
2009-10-02,37.32561111450195,37.449103505062546,37.06318941652434,37.07862633338077,1108700
2009-10-05,37.54172134399414,37.66521373219317,37.14809027670061,37.18668109595828,917000
2009-10-06,37.70380401611328,37.87360715158504,37.50312999224818,37.64977628106149,878800
2009-10-07,37.7887077331543,38.012538616408655,37.672935270440284,37.89676320940374,486000
2009-10-08,39.154842376708984,39.363236334145824,38.89242068337638,39.015913071751086,1744000
2009-10-09,39.309207916259766,39.409546400164274,39.085377046123064,39.26289716731367,874400
2009-10-12,39.556190490722656,39.85720298141923,39.46357194226769,39.641092053594114,734200
2009-10-13,39.66424560546875,39.841765715232455,39.41726084890268,39.67196553527487,1264100
2009-10-14,40.40519714355469,40.474661785660864,40.22767704579231,40.37432625928888,1049300
2009-10-15,40.204532623291016,40.25084337704134,39.94211090728792,40.02701248368466,1085600
2009-10-16,39.75686264038086,39.94981965812435,39.32464080498132,39.463570093299865,980000
2009-10-19,40.42063522338867,40.58272135583718,40.0655950176261,40.18137040590497,1831600
2009-10-20,39.98841094970703,40.28170347869104,39.7877340148335,40.28170347869104,886500
2009-10-21,40.165931701660156,40.698491986576734,40.09646706064579,40.30486098368888,1291000
2009-10-22,39.98841094970703,40.10418338663538,39.47900457206765,39.69511547643277,1635300
2009-10-23,39.942108154296875,40.38204997958354,39.656532553247295,40.32802224274418,1445600
2009-10-26,39.33236312866211,40.07331747073483,39.008196708114355,39.77230495328596,1620200
2009-10-27,39.494441986083984,39.61793730710932,39.03134630940101,39.3555156385115,1661800
2009-10-28,35.58899688720703,36.66955454337317,35.44234765263186,36.44572661489502,6579800
2009-10-29,36.28364181518555,36.38398030400706,35.76651834258787,36.06753086476155,2196700
2009-10-30,34.94065856933594,36.06752689286726,34.840320091564074,35.982625330467265,2402300
2009-11-02,35.504093170166016,36.25276738136207,35.03327755051862,35.419191606716076,1822600
2009-11-03,35.96718978881836,35.99034663490588,35.48094018534032,35.53496791906011,2113200
2009-11-04,35.874568939208984,36.569215391522235,35.82825819429127,36.183301350079425,2362900
2009-11-05,36.34538650512695,36.73130056742633,36.152429473977264,36.43800505567743,1267800
2009-11-06,36.052093505859375,36.53062909634915,35.92088412879307,36.01350268579816,890700
2009-11-09,36.414852142333984,36.515190625656174,36.10611970639989,36.17558435727052,1199000
2009-11-10,36.2296142578125,36.36854356785931,36.06753104418818,36.237334188532266,1627500
2009-11-11,36.81621170043945,37.171252023397095,36.67728236636187,36.88567636747825,1600700
2009-11-12,36.530616760253906,37.24841401501253,36.44571521821529,37.024586156526006,1025700
2009-11-13,37.12493133544922,37.23298974528209,36.62324482481865,36.893383488674296,834500
2009-11-16,37.76555252075195,37.950789632391576,37.60346931199459,37.64977711775909,1187300
2009-11-17,37.88904571533203,38.03569201052149,37.51856853988692,37.91219961870645,1347600
2009-11-18,37.804141998291016,38.12059141837481,37.580311130739126,38.09743751631451,1231600
2009-11-19,37.202117919921875,37.279299558245114,36.80848390931733,37.279299558245114,1226300
2009-11-20,36.847076416015625,37.04003344953326,36.64639945235451,36.90110414985731,944900
2009-11-23,37.34876251220703,37.68064884162952,37.17124239670278,37.56487344511818,1942200
2009-11-24,36.97829055786133,37.348767756713045,36.7853334994412,37.27930309791015,2655000
2009-11-25,37.58031463623047,37.595751553807524,37.19440052967702,37.52628689685626,2004700
2009-11-27,36.86250686645508,37.2715777405539,36.57693130852978,36.6309590372105,1300500
2009-11-30,36.94741439819336,37.06318980368053,36.64640187707576,36.92426049481227,1347800
2009-12-01,37.194400787353516,37.402794759651016,36.947415992991516,37.31017619783801,1963500
2009-12-02,35.774234771728516,36.46116432141622,35.34201287761318,36.38397973725932,3257100
2009-12-03,35.71249008178711,36.29136121419157,35.71249008178711,36.19874265740829,2028500
2009-12-04,35.519535064697266,35.959476914888185,35.35745184500398,35.72792903757049,2303300
2009-12-07,35.02556610107422,35.511815768851115,34.95610144220737,35.38060638226432,1645300
2009-12-08,34.32320022583008,34.732268220475945,34.292326391893184,34.724551234137145,1420400
2009-12-09,34.377227783203125,34.43125552016458,33.806073635522424,34.21514457231877,1542700
2009-12-10,34.17655563354492,34.65509129175769,34.07622007604431,34.44669730078592,1037300
2009-12-11,34.562469482421875,34.778583403228765,34.44669700684187,34.71683572748644,1473500
2009-12-14,35.056427001953125,35.17220238183305,34.94837155101997,35.133611569969815,1453700
2009-12-15,34.531585693359375,34.73997666044006,34.43896421433448,34.554739590970534,807400
2009-12-16,35.24166488647461,35.558114235451605,35.156763338943456,35.17992018009107,1741900
2009-12-17,34.709110260009766,35.156769022604344,34.67823642968172,35.156769022604344,1294200
2009-12-18,35.76652145385742,35.76652145385742,35.34973348953471,35.48094582391384,2257100
2009-12-21,36.11383819580078,36.3685399426373,36.05209053336126,36.22961064643898,1163200
2009-12-22,36.01350021362305,36.198740259208115,35.87457091550691,36.036654115212194,924500
2009-12-23,36.129276275634766,36.399414946786074,35.982627044760605,36.167867093757714,737000
2009-12-24,36.16787338256836,36.260491951025934,35.94404247652896,36.260491951025934,297100
2009-12-28,36.47658920288086,36.60780149110008,36.32222596162073,36.60008156246302,649600
2009-12-29,36.46116256713867,36.79304595802735,36.2759225183655,36.79304595802735,516800
2009-12-30,36.584659576416016,36.584659576416016,36.191025527120686,36.35310875010532,316800
2009-12-31,36.129276275634766,36.623245813906124,36.106119429328444,36.52290733135391,588100
2010-01-04,36.36082458496094,36.762175575915705,36.25276911514441,36.45344313847643,1456800
2010-01-05,36.13699722290039,36.46116660810827,35.990350920241475,36.26048962100553,1565600
2010-01-06,36.97829055786133,37.055472203512956,36.44573013656656,36.530631713357984,1753300
2010-01-07,37.950782775878906,38.08199507185094,37.4645332374568,37.54171486264721,3681800
2010-01-08,38.236366271972656,38.398449472664694,37.788704543252926,37.82729536089999,1794900
2010-01-11,39.08537673950195,39.170278306425054,38.65315486322539,38.900139633752204,2293400
2010-01-12,38.244083404541016,38.54509590535008,38.0974371192032,38.26724025065064,1596500
2010-01-13,38.89241409301758,39.093091030303306,38.668583256925906,39.0544972732397,1973800
2010-01-14,38.71490478515625,39.55619769288386,38.42932915792133,39.548480705895294,8310000
2010-01-15,37.78099060058594,38.352141814064524,37.61118745611295,38.336704896904166,2778900
2010-01-19,37.997100830078125,38.020254733233145,37.495414281210714,37.495414281210714,1505400
2010-01-20,37.25614547729492,37.53400408479397,36.7621759280925,37.48769333544721,2978000
2010-01-21,35.94403839111328,37.06318984981582,35.82054599910899,36.986005264631345,4818800
2010-01-22,35.42691421508789,36.198742385836724,35.39604038162814,35.95947459295989,2607100
2010-01-25,35.66617965698242,36.14471525069654,35.56584411300537,36.08296758274987,2458000
2010-01-26,35.542686462402344,35.90544664266644,35.226237032052005,35.29570168477724,3033400
2010-01-27,35.66617965698242,35.69705349095576,35.14133625659915,35.4963794587108,2968100
2010-01-28,34.8403205871582,35.51953015172916,34.62420965745905,35.504093236137706,1757900
2010-01-29,34.979251861572266,35.882292336858214,34.848042488059775,35.35744895422672,2484000
2010-02-01,35.874568939208984,36.19873826505199,35.64302110320139,36.005781244330585,2665000
2010-02-02,36.55377960205078,36.561496587629435,36.17558253430422,36.44572413820622,2052700
2010-02-03,36.63096237182617,36.76217468505996,36.36854068964926,36.49975300288305,1824800
2010-02-04,35.697052001953125,36.3299508505526,35.673898099584356,36.2682061294723,2574100
2010-02-05,35.47322082519531,35.542685475992705,34.70911261071467,35.36516535601952,1893200
2010-02-08,33.41244125366211,34.61649128092081,33.27351195139522,34.45440807637302,10072200
2010-02-09,33.88325881958008,34.029905116171896,33.39700623403115,33.705735744375644,7411400
2010-02-10,33.43559265136719,33.914125243168165,33.36612800543717,33.82922662640081,3780600
2010-02-11,33.041961669921875,33.14229720196677,32.41677985561893,32.8258478021002,4881000
2010-02-12,33.1808967590332,33.22720456828576,32.49396716411311,32.60974257582653,3746800
2010-02-16,34.19198989868164,34.24601763907803,33.474189411368336,33.62083865897944,2492400
2010-02-17,34.06077575683594,34.423532971084605,33.86009879685184,34.40037906965975,2362700
2010-02-18,34.14567947387695,34.16111344627283,33.813793125840306,33.968156404125516,1656900
2010-02-19,34.346351623535156,34.477560991758814,33.945000644507054,34.15339459194226,1988600
2010-02-22,33.9604377746582,34.37722567215877,33.929563942778756,34.354068826103855,1762500
2010-02-23,33.744327545166016,34.01446621902904,33.50505975953682,33.898690819207324,1688000
2010-02-24,34.21514892578125,34.50072456381221,34.022191856570096,34.23058290034187,1667000
2010-02-25,34.122528076171875,34.17655582105825,33.505066031548076,33.613121521320835,2090400
2010-02-26,34.40809631347656,34.57017949937818,33.85237916833916,34.122517811508516,1177000
2010-03-01,34.94065856933594,34.94065856933594,34.55474451791092,34.693673811967166,1546900
2010-03-02,35.32657241821289,35.504092527535704,35.07958766226023,35.32657241821289,2474100
2010-03-03,35.28797912597656,35.64301931970886,35.20307757002094,35.496373051243,1832600
2010-03-04,35.5504035949707,35.61986824222892,35.18764344325664,35.527246749690924,1422100
2010-03-05,35.60443878173828,35.82826674151092,35.434635620822114,35.565847957245836,2530300
2010-03-08,35.697052001953125,35.91316294217029,35.619870364530065,35.90544595614428,1198200
2010-03-09,35.442352294921875,35.65846620989463,35.326579822467224,35.42691832069418,2630100
2010-03-10,35.874568939208984,35.92859666946774,35.51952872771131,35.52724571305235,1591400
2010-03-11,35.46549987792969,35.604429164006824,35.2030782202607,35.49637370690024,2349500
2010-03-12,35.542686462402344,35.697052684490735,35.3806032541404,35.60443412895402,1113200
2010-03-15,35.48093795776367,35.59671040377017,35.118177816170935,35.48865494311458,1609800
2010-03-16,35.82054138183594,35.9054429424496,35.1953595717366,35.349725777916866,2337500
2010-03-17,36.57693099975586,36.893380384053145,36.028933788168665,36.26820154479944,3270200
2010-03-18,36.561500549316406,36.77761444471352,36.20646028841592,36.62324821779869,1266500
2010-03-19,36.2296142578125,36.291361926407035,35.650743114047735,36.2296142578125,2710000
2010-03-22,36.26049041748047,36.515195150330705,35.85913937875018,35.866859309965015,2728200
2010-03-23,37.02459716796875,37.101778804982075,36.507470778249164,36.6000893315233,2375200
2010-03-24,36.25276565551758,36.546058204375974,36.00578090685238,36.08296253670134,2908500
2010-03-25,36.26819610595703,36.9242486756107,36.25275919388061,36.81619323536562,3076100
2010-03-26,36.337677001953125,36.708154224733605,36.07525526778054,36.49976023486497,2217400
2010-03-29,37.047752380371094,37.17124477053403,36.7853306832385,36.793047669496445,1879000
2010-03-30,36.92425537109375,37.20983093556636,36.65411672149675,37.10177547572756,1623100
2010-03-31,37.17896270751953,37.418230507705935,37.06319024494488,37.16352873460897,1505900
2010-04-01,37.54172134399414,37.98166316097136,37.34104731727976,37.82729693964988,1912600
2010-04-05,37.79642868041992,37.81958258472725,37.503133133932806,37.55716087351057,780800
2010-04-06,37.387359619140625,37.40279653755841,37.032319328405116,37.10950392049401,1241200
2010-04-07,37.086341857910156,37.225271159851296,36.9242586537424,37.001440290691605,2054900
2010-04-08,37.364200592041016,37.46453907585733,36.6772740102101,36.78532948003194,1926900
2010-04-09,37.742401123046875,37.765555027465986,37.14037310953109,37.14037310953109,1928400
2010-04-12,37.827293395996094,37.989379532559376,37.72695786418371,37.865887155929094,1337000
2010-04-13,37.58031463623047,37.943074838563824,37.402794500530796,37.92763792098677,1571800
2010-04-14,38.460201263427734,38.498792085215904,38.08200414360532,38.22093345747552,1514200
2010-04-15,38.32126998901367,38.45247936523889,38.0048205556749,38.08200219530257,1991900
2010-04-16,37.52628707885742,37.98938577554216,37.425951530556404,37.765554886025754,2726800
2010-04-19,37.43366622924805,37.479976979373255,37.00916132478484,37.14037070037004,2284400
2010-04-20,37.7887077331543,37.86589231925454,37.51084911177522,37.688372187660335,2429900
2010-04-21,37.742401123046875,37.773272014175355,37.43366865743411,37.557161054821016,1477700
2010-04-22,37.79642868041992,37.8581734066698,37.02460046440508,37.21755751840879,1572100
2010-04-23,38.529659271240234,38.58368994969751,37.773268048617425,37.81957879688479,2043700
2010-04-26,38.537376403808594,38.66858576460495,38.213207078051504,38.24408090798846,1227100
2010-04-27,37.472259521484375,38.38301705734082,37.39507787714034,38.020256851483644,2190100
2010-04-28,36.28364181518555,36.91654363796745,35.99806621008371,36.88566980382377,3347000
2010-04-29,36.561500549316406,36.83164218249008,36.41485425310731,36.41485425310731,1894700
2010-04-30,36.62324523925781,37.387353436690994,36.546060659932316,37.333325703308475,2573900
2010-05-03,36.592369079589844,37.00143701897357,36.56921517941053,36.80076301407508,1550000
2010-05-04,35.57356262207031,36.360827756343895,35.45007022518177,36.360827756343895,3019500
2010-05-05,35.28797912597656,35.54268084955309,34.9946836447545,35.14132991322037,2267300
2010-05-06,34.25373840332031,35.18764987493497,32.7641096520647,34.84804650642721,2789300
2010-05-07,33.79064178466797,34.75542715261113,33.3738567433779,34.554753091567115,3802800
2010-05-10,35.08730697631836,35.33429174866211,34.81716830165824,35.04099917168561,2398800
2010-05-11,35.01784133911133,35.41147533315085,34.67823802277328,34.7168288403109,1499400
2010-05-12,34.655086517333984,35.55812407617577,34.37722790098548,35.31885628003326,6142200
2010-05-13,34.377227783203125,34.67824030178573,34.0144675970698,34.15339690476806,3027100
2010-05-14,33.70573806762695,34.43125850274114,33.35069778132785,34.43125850274114,2592600
2010-05-17,33.78291320800781,33.92184248887534,33.01880216323643,33.574519286706526,2636100
2010-05-18,33.30438232421875,34.1225181922551,33.204043850940366,34.099364292379484,3623000
2010-05-19,33.651702880859375,33.836942914284286,33.08055175435593,33.42015504729607,2288800
2010-05-20,33.296661376953125,33.736603126884695,32.949338167983385,33.26578754853574,3644300
2010-05-21,33.397003173828125,33.62083403571438,32.97249829582047,33.1268615647028,3356500
2010-05-24,32.62517547607422,33.07283426137145,32.547990896339755,32.86444325681506,2209900
2010-05-25,32.524837493896484,32.59430214457861,31.60636306313564,31.861064819442973,3727500
2010-05-26,32.1003303527832,32.918469187411894,31.91509031585747,32.73322915048616,2082100
2010-05-27,33.15001678466797,33.15001678466797,32.43993341661375,32.66376426752251,2098900
2010-05-28,32.7486686706543,33.18861048102226,32.60202238196189,33.080555011007775,1981600
2010-06-01,33.296661376953125,34.19198179102495,33.296661376953125,33.32753520537051,3677000
2010-06-02,34.25373840332031,34.25373840332031,33.67486721845801,34.10708915214222,2768000
2010-06-03,34.22286605834961,34.58562629217981,33.94500740641935,34.56246944165813,3966100
2010-06-04,33.16870880126953,33.85057887303682,33.090334030650155,33.70166561293767,2092500
2010-06-07,33.14518737792969,33.67814403539396,32.99627117111159,33.41166570666183,4362500
2010-06-08,33.55274200439453,33.7016552185654,32.87870842165444,33.12951119805006,2461000
2010-06-09,33.62328338623047,34.34434068341031,33.45869162073925,34.038674960049065,2451300
2010-06-10,34.407047271728516,34.54028496721153,34.062191137903184,34.43055910274185,1921500
2010-06-11,34.579471588134766,34.6500100694286,34.13272886987565,34.21894290143539,1142300
2010-06-14,34.78325271606445,35.23783174022474,34.71271423078717,35.05756738669517,1366200
2010-06-15,35.70024490356445,35.70024490356445,35.26134149364015,35.36322807676959,1751000
2010-06-16,35.57483673095703,35.74726474621076,35.496461991189705,35.59051227687143,1596900
2010-06-17,36.39779281616211,36.41346836610693,35.904026447024656,36.2802306762841,2908300
2010-06-18,36.217529296875,36.52319505320915,36.11564270463396,36.38995736036832,1586100
2010-06-21,35.998077392578125,36.538870421099915,35.849164150180805,36.4918467602405,1702800
2010-06-22,35.91970443725586,36.35860790630705,35.794300029177634,36.1626680033933,1498500
2010-06-23,36.052940368652344,36.288067642660714,35.629709481553974,35.96672633722799,1248800
2010-06-24,35.88835144042969,36.14699054392147,35.67673599767887,36.08429133299835,1530200
2010-06-25,35.911869049072266,36.08429713901438,35.48080181402296,35.77863133579407,1736400
2010-06-28,35.770782470703125,36.13915038594349,35.708083266507735,36.06861191259544,1122100
2010-06-29,34.88513946533203,35.22999561254329,34.68136327909367,35.22999561254329,2089600
2010-06-30,34.72055435180664,35.37891262394527,34.595152918532904,35.222160084901596,1936300
2010-07-01,35.78645324707031,35.78645324707031,35.04188123653097,35.37106173152726,3533800
2010-07-02,35.292686462402344,35.66105435422756,35.18296061968121,35.574840337859534,1601700
2010-07-06,36.14699172973633,36.366446449680254,35.817814134528824,35.93537628004339,1949400
2010-07-07,37.10318374633789,37.12669558023798,36.194022627927914,36.23321001436337,1423800
2010-07-08,36.75048828125,36.75048828125,36.358608469353875,36.554548375301934,1628400
2010-07-09,36.95426559448242,37.00912852619722,36.58589763313546,36.703462766698905,842700
2010-07-12,36.89940643310547,36.94643009949124,36.62508875669648,36.734814631337734,849700
2010-07-13,37.23641586303711,37.40100764502399,37.09534189102841,37.17371665212274,1217800
2010-07-14,37.6674919128418,37.863431836044626,37.41668905032665,37.51073937631834,1302400
2010-07-15,38.0907096862793,38.16908742847968,37.74585659001309,38.13773633159953,1827700
2010-07-16,37.455867767333984,38.14557398470573,37.424516669324746,38.14557398470573,1214400
2010-07-19,37.81639862060547,38.09855253945969,37.66748538112372,37.988826679862036,1258600
2010-07-20,37.534236907958984,37.534236907958984,36.83669152552526,36.86020335061252,2183200
2010-07-21,36.81318283081055,37.267761763379575,36.593728148717325,36.98560787912049,1529200
2010-07-22,37.620460510253906,37.761537476351805,37.18155406130427,37.18155406130427,1634200
2010-07-23,38.02800750732422,38.05935860175172,37.29127472710752,37.41667611501259,1601300
2010-07-26,38.098548889160156,38.153411813702455,37.59694329917048,37.753692803688395,1864300
2010-07-27,37.087501525878906,37.24425403324431,36.76616023119225,37.15804000470307,4001700
2010-07-28,36.53887176513672,36.7504872162046,36.40563406806005,36.6407613504225,1466000
2010-07-29,36.515357971191406,36.93074958069851,36.178341121657375,36.74264896084095,1828600
2010-07-30,35.951045989990234,36.02942373073864,35.519978880191836,35.6375439964119,3074700
2010-08-02,36.476158142089844,36.632910598342676,36.19400431879562,36.2567035074141,2151800
2010-08-03,36.31158447265625,36.39779551904661,36.09996901739483,36.374283687286116,2280600
2010-08-04,36.421302795410156,36.76615587894726,36.36643987279755,36.67994186061172,1401300
2010-08-05,36.71129608154297,36.75832272913071,36.4291421756271,36.593730957476254,1701000
2010-08-06,36.601566314697266,36.88372019045418,36.35859981283882,36.55453967213612,2122400
2010-08-09,36.92291259765625,37.03263845545169,36.74264826130583,36.99345107621123,849300
2010-08-10,36.81318283081055,36.98560787912049,36.28022615827784,36.46832675458052,1050500
2010-08-11,35.43376159667969,35.614025899090315,35.24566101581852,35.590514073933875,1616100
2010-08-12,35.159454345703125,35.28485575573136,34.90865152564666,34.96351445567117,1255900
2010-08-13,34.82242965698242,35.19863380238192,34.79891783220894,34.90080439943053,769900
2010-08-16,34.97134780883789,35.198638779805194,34.78324720444131,34.8772975066396,915100
2010-08-17,35.53565979003906,35.76295078779596,35.41809465608051,35.73159968676627,1295600
2010-08-18,35.770782470703125,35.95104679374698,35.44160492161569,35.786458019203266,1120900
2010-08-19,35.253501892089844,35.99023474452418,35.1281004918924,35.8961844418274,1237300
2010-08-20,35.057559967041016,35.065399235860305,34.70486761529914,34.81459346032883,878700
2010-08-23,34.908653259277344,35.44161002581636,34.87730215776197,35.20647975425663,1074100
2010-08-24,34.407047271728516,34.767575966359026,34.28948213705068,34.65785010188935,1974500
2010-08-25,34.55596160888672,34.704874859682235,34.140569968905865,34.258132117490014,1409700
2010-08-26,34.501102447509766,34.900818580092675,34.41488840190408,34.58731649311545,1377500
2010-08-27,34.84593963623047,34.89296627309155,33.99164183365079,34.69702643754397,1453400
2010-08-30,34.32866668701172,34.60298431536388,34.281643028863876,34.54028211809299,795000
2010-08-31,34.12489318847656,34.39137156806221,34.015167324495216,34.156244289558536,775500
2010-09-01,35.04972457885742,35.32403919840366,34.86946025889773,34.939998731038926,1565300
2010-09-02,35.49646759033203,35.676731912075155,35.32403954787985,35.653220084397184,1325900
2010-09-03,35.97456359863281,36.170503481000516,35.7786237162651,36.07645018480417,1392300
2010-09-07,35.12026596069336,35.45728280108904,35.01837638364678,35.347553954374455,1633100
2010-09-08,35.2691764831543,35.52781854580389,35.22998910724515,35.24566465556983,1129400
2010-09-09,35.911869049072266,36.374287389530316,35.84133055680558,36.24104967625212,1940900
2010-09-10,35.6453742980957,35.84915340006409,35.58267510581631,35.6610498436167,1326200
2010-09-13,36.38211441040039,36.4291410565435,36.09996350295735,36.19401380543837,1120600
2010-09-14,37.29127883911133,37.56559347108754,36.89939908497088,37.08749969266735,2671700
2010-09-15,37.30695343017578,37.408843008947194,37.00128768366695,37.150203911826424,1004100
2010-09-16,37.54991912841797,37.65964498473334,37.36965479449909,37.53424357897215,1521600
2010-09-17,37.73018264770508,38.09855057721499,37.6439686225172,38.035848380785524,1200500
2010-09-20,38.106388092041016,38.184765840118374,37.54991953481598,37.675320941934366,1044400
2010-09-21,38.32584762573242,38.60016230405211,37.933967805386715,38.41205867477164,1788300
2010-09-22,38.114227294921875,38.545294444272685,37.9417992392594,38.435568586962155,3210100
2010-09-23,38.020172119140625,38.31800156698839,37.816395964174404,37.93396108537372,1770200
2010-09-24,38.96852111816406,39.00770849301221,38.61582876492063,38.68636723556932,2109200
2010-09-27,38.85879898071289,39.09392624204351,38.76474568433637,39.07041142304671,2092400
2010-09-28,39.06258010864258,39.14095487578018,38.44340928291605,38.99204162229645,1778600
2010-09-29,38.8901481628418,39.015549571665495,38.631509065182776,38.921499262499076,1477300
2010-09-30,38.64718246459961,39.235002096341695,38.318001916125304,39.093925145539174,2059000
2010-10-01,39.40742874145508,39.822823331007264,39.22716440590825,39.78363296213612,4919600
2010-10-04,38.897987365722656,39.187977562539935,38.57664606930204,39.078251703733685,1538500
2010-10-05,39.7993049621582,39.94038190605709,39.47796369878965,39.634716190877874,2049600
2010-10-06,40.050113677978516,40.09714032950292,39.50932063957287,39.799310849459474,2364800
2010-10-07,39.963897705078125,40.34793818083402,39.642556433814846,40.33226263225957,2045000
2010-10-08,40.25388717651367,40.33226192821262,39.86984371765652,39.99524511425791,1677400
2010-10-11,40.089298248291016,40.39496396445639,39.97173313139428,40.22253592362254,734800
2010-10-12,40.66144943237305,40.739824197505584,40.05795417347445,40.42632214716979,1362500
2010-10-13,41.343318939208984,41.6176336035469,41.217917522682285,41.29629228683437,1245700
2010-10-14,41.85276412963867,42.23680466204267,41.56277092294351,42.18978099918825,2515500
2010-10-15,41.492225646972656,42.2054466516382,41.351148701891105,42.2054466516382,3048300
2010-10-18,41.343318939208984,41.36683077049349,41.08467683585701,41.17873014060624,1730600
2010-10-19,40.1128044128418,40.606573648373285,39.940376396350395,40.42630935377077,3384000
2010-10-20,40.49685287475586,40.95143483046856,40.355778912085164,40.37929074089607,1841800
2010-10-21,41.15521240234375,41.492229245959315,40.86522220776944,41.233590150745854,1551700
2010-10-22,41.65681838989258,41.74302942297806,41.30412601888757,41.53141699018027,1075300
2010-10-25,41.94681167602539,42.142751564465456,41.648982208450974,41.94681167602539,1467700
2010-10-26,42.38571548461914,42.84029444302539,41.43736421088953,41.56276561215386,2178200
2010-10-27,40.183353424072266,40.716310169681535,39.767961809625966,40.23038007449855,4629300
2010-10-28,40.457672119140625,40.614424646417106,40.222544823128786,40.56739799129243,1855700
2010-10-29,40.54387664794922,41.06115777375502,40.44198708064964,40.78684315772357,2074800
2010-11-01,40.38713073730469,40.73198687056249,40.19119083970114,40.614421736078135,859500
2010-11-02,40.96711730957031,41.194408325874996,40.841715885023895,41.131706118698894,1172500
2010-11-03,40.92792892456055,40.99062814039826,40.379296584403384,40.84955116750625,1805400
2010-11-04,41.52357864379883,41.7587058997595,41.13169888726264,41.67249187495269,1718100
2010-11-05,41.08467483520508,41.319805095822694,40.88089866444934,41.139540755206525,1517400
2010-11-08,40.81820297241211,40.81820297241211,40.418483886753286,40.528209756602934,748700
2010-11-09,40.46550750732422,41.07683901626028,40.269567614480046,40.95927388463158,1460000
2010-11-10,40.073631286621094,40.15200605480885,39.391758246203395,39.94039059293499,1744400
2010-11-11,39.73660659790039,39.78363025365578,39.39175051006663,39.61120519954407,1109000
2010-11-12,39.41527557373047,39.81499170058312,39.227171932395954,39.58770067266399,1211200
2010-11-15,38.91366195678711,39.344729101393526,38.91366195678711,39.274190623926636,1126000
2010-11-16,38.45907974243164,38.78826029839959,38.18476510396278,38.63934407482622,1597500
2010-11-17,38.396385192871094,38.607997659757714,38.23963267052802,38.41205775428028,1125600
2010-11-18,38.999874114990234,39.219328823309965,38.945011185361665,38.984201554929584,754300
2010-11-19,39.16447067260742,39.187982505372794,38.945015937509396,39.10176846549204,817800
2010-11-22,38.71772003173828,38.929332463172685,38.34151284522001,38.74123185971873,1283700
2010-11-23,38.1612548828125,38.631512449451826,37.92612759439568,38.506111029642476,978600
2010-11-24,37.7380256652832,37.82423670922823,37.50289539512496,37.581273148446236,1824400
2010-11-26,37.91044616699219,38.098549762452585,37.730181840820464,37.77720848713687,965100
2010-11-29,37.322628021240234,37.40884204800099,36.71129654392627,36.9699356344032,1312900
2010-11-30,36.78183364868164,37.0953386452387,36.60156932209316,36.60156932209316,1347300
2010-12-01,37.29911422729492,37.542080745385405,36.93858557965499,37.11884990347496,1605200
2010-12-02,37.58910369873047,37.67531771933847,36.9542604375354,36.96209671677016,1576200
2010-12-03,38.41204833984375,38.607988197298134,38.216108482389366,38.278810671881146,1614200
2010-12-06,38.27098083496094,38.38854297533894,38.01233874447951,38.09071350473151,945200
2010-12-07,38.36503219604492,38.984202984333415,38.36503219604492,38.960688163769376,850900
2010-12-08,38.20827865600586,38.26314158617364,37.86342552497906,37.98098766542195,769900
2010-12-09,38.4277229309082,38.4277229309082,37.77720417504696,38.145569064826745,1561100
2010-12-10,38.41204833984375,38.44339943458964,38.075034535642764,38.20827220360537,620100
2010-12-13,38.71772003173828,39.04689758268529,38.66285710658045,38.81177033346526,882600
2010-12-14,38.999874114990234,39.34473023243319,38.897987525568844,39.19581400360813,1432200
2010-12-15,38.60798645019531,38.999866147370604,38.54528725334577,38.71771527684044,794500
2010-12-16,38.78826141357422,38.8196095232967,38.66286000526808,38.733395494497714,1030400
2010-12-17,39.18797302246094,39.5406653776241,39.10959827233804,39.517150560743175,1462000
2010-12-20,38.81960678100586,39.007710375079775,38.662857274050324,38.999871105848875,1232100
2010-12-21,39.31338119506836,39.69742471242061,39.25068198212028,39.69742471242061,856300
2010-12-22,39.32904815673828,39.32904815673828,39.101757206102384,39.18797122115772,387700
2010-12-23,39.38391876220703,39.49364462466818,39.1879788678677,39.1879788678677,641000
2010-12-27,39.61903381347656,39.66606044993849,39.21931786786629,39.37607033293477,523100
2010-12-28,39.55635070800781,39.82282911005362,39.407434460219804,39.81498983921961,415400
2010-12-29,39.783626556396484,39.83065319758666,39.430937211787295,39.57201414555293,594200
2010-12-30,39.40742874145508,39.877686259660415,39.2820273345614,39.63471972576406,301600
2010-12-31,39.66606903076172,39.79930671151979,39.407426958976885,39.44661732607537,410900
2011-01-03,40.16767501831055,40.20686239597711,39.66606940864585,39.70525678631242,1049900
2011-01-04,40.03443145751953,40.03443145751953,39.61903694379682,39.94037817716448,1094000
2011-01-05,39.45444869995117,39.47012424688046,38.82744177180394,38.82744177180394,1696600
2011-01-06,38.98420333862305,39.43878234631665,38.858801923762165,39.23500616834481,2072300
2011-01-07,38.678531646728516,39.07825068170343,38.41205328668035,38.913661897798626,1286300
2011-01-10,38.21611022949219,38.28664870099273,37.902608237115956,37.99665853584832,1272400
2011-01-11,39.40742874145508,39.50931831887037,38.94501049294612,39.070411899839804,2477100
2011-01-12,40.1128044128418,40.15199178300675,39.603359631283396,39.73660027760985,1653900
2011-01-13,42.777591705322266,42.86380273235664,40.37928674062932,41.05332033794985,7972700
2011-01-14,42.0095100402832,42.18193809537848,41.8292457053224,42.087887787965315,2681000
2011-01-18,42.644351959228516,42.8794791984968,42.393549172035,42.57381348846752,1544700
2011-01-19,42.63652038574219,43.2556881531952,42.53463080788571,43.23217632361501,1414300
2011-01-20,42.644351959228516,42.76191707376519,42.06436864521535,42.424900267885455,1674900
2011-01-21,42.66787338256836,43.02056581569674,42.54247196076779,43.01272953487421,1049500
2011-01-24,43.52216720581055,43.52216720581055,42.93434753856921,42.9500230884723,1341200
2011-01-25,43.232177734375,43.56919458844715,43.177314803693996,43.287040665056004,1338800
2011-01-26,44.251068115234375,44.28241921807488,43.827837196304706,44.188368899359084,2566300
2011-01-27,44.95644760131836,45.168063035464534,44.666457409253766,44.84672174431042,1852200
2011-01-28,44.85456085205078,45.8029092357573,44.61943357366647,45.59129378826975,3575200
2011-01-31,45.37968063354492,45.68534638972997,45.24643995096357,45.434543564665034,1846500
2011-02-01,46.20262908935547,46.233980190957254,45.552107185243564,45.708859703446905,2374100
2011-02-02,46.367218017578125,46.6336964023265,46.24965288114581,46.578833469272915,3215000
2011-02-03,45.84209442138672,46.03803429617674,45.55210125403774,45.96749582166012,2227000
2011-02-04,46.171268463134766,46.24180693228469,45.693174726652515,45.78722502225075,1389500
2011-02-07,46.29667663574219,46.39072694511759,45.92830868846415,45.97533533805456,1092100
2011-02-08,46.539642333984375,46.64936819124296,46.05370926640298,46.32802689935481,735200
2011-02-09,46.523963928222656,46.65720160676972,46.32018478599101,46.32802405520272,643900
2011-02-10,46.555320739746094,46.69639770482092,45.88128701545652,46.03803953107361,896300
2011-02-11,47.1588134765625,47.401780027757354,46.806124050054784,46.908010644918726,1073100
2011-02-14,47.17448806762695,47.30772875099293,46.83747120887279,47.002062993007875,1186300
2011-02-15,46.4769287109375,46.82962101528973,46.32017624346933,46.516116080353385,1264200
2011-02-16,47.37826919555664,47.44880768030658,46.57883403165924,46.58667031227339,910700
2011-02-17,47.4644775390625,47.55852784418135,47.13529698643858,47.2136747322087,595800
2011-02-18,47.26853942871094,47.49582742543894,46.970709963246655,47.072599541659116,847400
2011-02-22,46.42991256713867,47.11961875177523,46.38288592235681,46.88449150747617,1230400
2011-02-23,46.32802200317383,46.96286525016369,46.20262060958774,46.75125282770377,1527200
2011-02-24,46.44559097290039,46.68072123660649,46.045874906249914,46.437754692686084,1062800
2011-02-25,46.78261184692383,46.90017698887542,46.23398249063177,46.241818771519185,717000
2011-02-28,47.33906555175781,48.02877162150139,47.119610902471564,47.98958425228033,1474400
2011-03-01,46.892337799072266,48.00527498400289,46.82963559663955,47.92690022076756,2204500
2011-03-02,47.37042999267578,47.55069434511471,47.11179087476103,47.11179087476103,1602700
2011-03-03,48.33445358276367,48.46769427080195,47.997439701997074,48.24040326696382,1378400
2011-03-04,48.16202163696289,48.773353087229644,47.82500481442989,48.71065388223559,897500
2011-03-07,47.83283615112305,48.55389636777853,47.64473556577285,48.389307608145884,770500
2011-03-08,47.13529968261719,47.37826622369451,46.4926170795667,46.68855697049198,1091500
2011-03-09,46.79828643798828,47.103952213021834,46.461269560437,46.92368785825348,1339500
2011-03-10,46.61018371582031,47.15097675591484,46.51613041247778,46.845310994565516,2033400
2011-03-11,46.29667663574219,46.43775359470801,45.708856969986385,45.92830868846415,1556000
2011-03-14,46.07721710205078,46.1712673954742,45.69317367004735,45.90478907260374,1257700
2011-03-15,44.321598052978516,44.65861486899589,43.50648747517812,43.66323996934052,3901600
2011-03-16,42.90299606323242,44.60375273193572,42.471925949224484,43.67108000940216,5516800
2011-03-17,43.867027282714844,44.415656629805135,43.77297397480876,44.415656629805135,2011300
2011-03-18,45.128883361816406,45.65400090710027,44.90942862052544,45.62264980265786,2515600
2011-03-21,45.84209442138672,45.975332101137425,45.458050951283994,45.58345235155739,2488400
2011-03-22,45.45806121826172,45.66183741855313,45.309147956118224,45.536435989957056,1066200
2011-03-23,45.46588897705078,45.6069659315026,44.972122626274725,45.05833665286254,909500
2011-03-24,46.95503616333008,47.103949406708914,46.092901824095975,46.21830323689013,1620500
2011-03-25,47.21367645263672,48.044459659435994,47.17448608342095,47.53501774749039,2205600
2011-03-28,47.14313507080078,47.66041622065861,47.127459522040816,47.38609860206712,844700
2011-03-29,47.52717590332031,47.566363280608016,47.04124584738123,47.16664724858503,856900
2011-03-30,48.10716247558594,48.24823943511771,47.71528269684335,47.71528269684335,829300
2011-03-31,48.09148025512695,48.22471792631208,47.90337667190703,47.973915141888874,1192200
2011-04-01,48.57741928100586,48.75768362886278,47.98959958546154,48.13067655157663,793300
2011-04-04,48.85173034667969,48.92226583042214,48.58525200103366,48.836054798135194,723200
2011-04-05,49.47874069213867,49.55711545036668,48.67146633132442,48.812543287979125,1448100
2011-04-06,49.204429626464844,49.62766055292121,49.10254302512984,49.28280738495997,1258200
2011-04-07,49.29847717285156,49.56495554096772,48.977135875106086,49.07902246452886,1010200
2011-04-08,49.8706169128418,50.105744160593616,49.643325944432796,50.105744160593616,943800
2011-04-11,50.05872344970703,50.238987794014385,49.894134655748864,50.02737533881418,814900
2011-04-12,49.314151763916016,49.862784072610054,49.220101450650205,49.61198124403087,747700
2011-04-13,49.85494613647461,50.28601628672108,49.65900624629183,49.89413351655007,744200
2011-04-14,50.19197082519531,50.34088707846579,49.329833379868816,49.39253558962606,879200
2011-04-15,50.199806213378906,50.34871647551938,49.89413744916464,50.02737813968968,1282900
2011-04-18,49.713863372802734,50.56815832405671,48.36579612897976,49.1965822426994,2385200
2011-04-19,49.941162109375,49.9568376599761,49.48658011135983,49.49441938156316,1195700
2011-04-20,51.29705810546875,51.391111400369624,51.061933837632445,51.1481478630556,1296600
2011-04-21,52.21406173706055,52.464864546014944,51.72028940908643,52.23757356608586,1121300
2011-04-25,52.48838424682617,52.56675901520144,51.978939282969606,52.315956168633654,628900
2011-04-26,52.935123443603516,52.95079600437978,52.33946448071604,52.48054144614699,1000000
2011-04-27,53.53861618041992,53.601318383313334,52.402167156129885,52.629458156910125,1216400
2011-04-28,49.82359313964844,50.21547290509466,49.53360295036372,49.988181923582566,3467000
2011-04-29,50.57600402832031,50.70924171993707,50.25466571444398,50.57600402832031,1480600
2011-05-02,50.85031509399414,51.41462290057139,50.71707741177744,51.3675992432268,1408400
2011-05-03,50.7405891418457,51.328408775952944,50.50546487596913,51.195171093995164,1377600
2011-05-04,50.22331237792969,50.92085788487782,50.105747251897945,50.90517934561455,1245000
2011-05-05,49.02416229248047,49.5571190586913,48.79687129134235,49.321991777081955,1622600
2011-05-06,48.60091781616211,49.61980740154211,48.29525213647002,49.31413873204525,2018800
2011-05-09,49.47874069213867,49.59630282948068,48.7498440793578,48.88308176630648,1515800
2011-05-10,50.44276428222656,50.50546648029629,49.674680294704565,49.760894322147756,2170200
2011-05-11,49.52576446533203,50.52113944411043,49.180911342606244,50.43492541597764,1952700
2011-05-12,50.22331237792969,50.23898493758226,49.00848270828616,49.314148448202275,1432900
2011-05-13,49.220096588134766,50.003856097467505,48.87524348035826,49.67467853865428,1823400
2011-05-16,49.03199768066406,49.572790684529,48.94578365327863,49.03983396051485,1006700
2011-05-17,48.6087646484375,48.898754826886595,48.25607227475334,48.36579812660948,1776300
2011-05-18,49.23577880859375,49.31415357422478,48.3658051569833,48.49904584632284,1220000
2011-05-19,49.60414505004883,49.651168711860834,49.07118829093869,49.4395562540957,1052300
2011-05-20,48.37364196777344,49.03200013093776,48.209050184628225,48.93011054895368,1641900
2011-05-23,47.24959182739258,47.54351076893044,46.86829084180839,47.06688529452792,1918600
2011-05-24,47.40052795410156,47.86126859177509,47.30520345435612,47.646786194614435,2254400
2011-05-25,47.67856216430664,47.90098700773913,47.13838494713241,47.13838494713241,1733300
2011-05-26,47.7182731628418,47.908925164020445,47.2893084329229,47.662666960479434,1480100
2011-05-27,47.893043518066406,48.051919701474105,47.5276304174465,47.62295491536666,728900
2011-05-31,49.3864631652832,49.45795728385424,48.91778320280828,49.418239002494914,3271100
2011-06-01,48.29022979736328,49.39441451414905,48.25845395637252,49.314977941983116,2514900
2011-06-02,48.47293472290039,48.62386541711236,48.051915449885854,48.46498924776188,996300
2011-06-03,48.71125030517578,49.044890583318356,48.21873687871975,48.27434308669167,1605100
2011-06-06,48.42527770996094,48.91779420659948,48.36172905155322,48.862184963814684,1173600
2011-06-07,48.92573165893555,49.489739202350684,48.87012545213749,49.40235715443632,1443300
2011-06-08,48.06780242919922,48.687419213571715,47.93275964908265,48.536485482487286,1247400
2011-06-09,48.62386703491211,48.83040697103294,48.15518398640527,48.29817224054708,1696900
2011-06-10,47.40846633911133,48.40938101250759,47.36080258121217,48.337886890814225,1184200
2011-06-13,47.75004577636719,48.155177084831806,47.59116962450066,47.82948233714517,885500
2011-06-14,49.124324798583984,49.48179542574606,48.94956070745788,49.02105483289029,1369100
2011-06-15,47.281375885009766,48.18696626196043,47.09866932038914,47.678564859483664,2001900
2011-06-16,47.05894088745117,47.40846601875083,46.629976160189734,47.09071369552515,1534900
2011-06-17,47.85332489013672,48.592093531663224,47.535572525576676,48.592093531663224,2401100
2011-06-20,48.32994842529297,48.33789087044134,47.44024608343537,47.527628131622556,1761600
2011-06-21,49.132266998291016,49.29114316849359,48.60797775784017,48.663583962864436,2466600
2011-06-22,47.94864273071289,48.80656914742203,47.877148610127904,48.66358090625206,2298300
2011-06-23,47.32903289794922,47.45613323042835,46.35989096885146,46.931843980163045,3512600
2011-06-24,46.2248420715332,46.64586435685831,46.026247625913484,46.58231267971084,2013200
2011-06-27,46.828575134277344,46.955675469799665,46.0580276456233,46.16129761520738,982700
2011-06-28,47.11455535888672,47.13838572670253,46.701478478315515,46.85240919166775,1628500
2011-06-29,47.34491729736328,47.50379346889355,47.05099834973439,47.384638612979046,1298800
2011-06-30,48.17901611328125,48.29022852350425,47.559399351550255,47.67061176177325,1032800
2011-07-01,48.29022979736328,48.3855542900246,47.68650093978266,47.79771335293936,741700
2011-07-05,48.32200241088867,48.56825758634207,48.163126246857296,48.472933100047555,895300
2011-07-06,48.028079986572266,48.16312578531358,47.66266693401936,47.87714929885974,1045900
2011-07-07,49.950477600097656,50.037859644150274,48.85423537251992,48.90984157686052,3422200
2011-07-08,48.949562072753906,49.4103026784606,48.51265486306339,49.18787482073864,2115700
2011-07-11,47.13837432861328,47.75004554057711,47.027161931949045,47.638833143912876,1576200
2011-07-12,46.27250289916992,46.92389239712824,46.24072706260841,46.550533893306806,1392800
2011-07-13,46.74913024902344,47.424353167328384,46.486987162386036,46.5505358078121,1812000
2011-07-14,45.565513610839844,46.55054044029923,45.47018911805916,46.336061089120435,2769300
2011-07-15,45.93886947631836,46.26456425202665,45.4940168188806,46.25661877707892,1888600
2011-07-18,45.44635009765625,45.48606837887339,44.68374818916898,45.2795314983579,2296200
2011-07-19,46.49494171142578,46.653817911819615,45.91504615575303,45.91504615575303,2331500
2011-07-20,46.3440055847168,46.629982106022894,46.081859430082496,46.59026381813285,1354200
2011-07-21,47.47996520996094,47.75799624973903,46.812687684182464,47.09071872396055,3361500
2011-07-22,48.11546325683594,48.19489982496464,47.535567824626106,48.1075208121474,1361300
2011-07-25,47.9168701171875,48.07574628810251,47.61500569548007,47.72622113633822,1133200
2011-07-26,51.23737716674805,51.49952334168552,47.5991247443892,47.96454090008791,7480900
2011-07-27,49.70421600341797,50.78457023757798,49.64860980286361,50.76868231880379,3559300
2011-07-28,49.64861297607422,50.15701428809948,49.41824268459063,49.66450089586386,2265000
2011-07-29,49.57712173461914,50.10935647242874,48.623867703993604,48.81451972224312,1244400
2011-08-01,48.78274917602539,50.22057433839165,48.09164121668653,50.18085301714107,1643400
2011-08-02,47.09071350097656,48.25844979914923,47.04305277390713,47.7103302256757,1749200
2011-08-03,47.50379180908203,47.67061041972015,46.29633719007652,47.567343487597974,1631000
2011-08-04,44.37394332885742,46.12951749748791,44.26273092437379,45.946810971506125,2952200
2011-08-05,44.763187408447266,45.43841035045781,43.269759339930765,45.0491638986813,3957800
2011-08-08,40.72775650024414,42.8090258112637,40.6880382101326,42.24501821287056,2485300
2011-08-09,43.05528259277344,43.102943327160304,40.72775511379755,42.165580197254734,2161100
2011-08-10,39.72683334350586,41.72866580843578,39.54412680900931,41.68894752359929,3587300
2011-08-11,41.275875091552734,41.80016438605287,39.84599547294428,40.10019615934973,2299200
2011-08-12,41.99081039428711,42.308559691571226,40.966062319619894,41.95109211091544,2407900
2011-08-15,42.70575714111328,42.99967916362845,42.221189138408654,42.681926772378525,1312900
2011-08-16,42.229122161865234,42.904342054718676,41.831933276584216,42.094079395418824,1365800
2011-08-17,41.58567810058594,42.56276549609687,41.180546741478004,41.974924569801026,1205100
2011-08-18,38.8450813293457,39.65534413750953,38.37639823739377,39.64740169168141,2961600
2011-08-19,38.70208740234375,39.67122625814918,38.36050470577199,38.43994127368182,2415100
2011-08-22,39.30581283569336,40.33850336057562,39.06750010384527,40.33850336057562,1702300
2011-08-23,41.03756332397461,41.03756332397461,40.060478843678936,40.33056745833629,1765200
2011-08-24,41.863712310791016,42.14174333958989,41.17260444612601,41.74455442398525,2024400
2011-08-25,40.68803787231445,41.86371682566011,40.44972207300131,41.68895271424682,1743500
2011-08-26,42.20530319213867,42.308570148365845,40.775423425180605,41.20438523404996,2833900
2011-08-29,43.198272705078125,43.21416062732401,42.58660133501239,42.62631962547145,1231000
2011-08-30,42.809024810791016,43.03144965446644,42.00670446016809,42.30062343649793,1455500
2011-08-31,43.30152893066406,44.11974005698651,43.07116169092702,43.41274435884297,1916100
2011-09-01,42.70575714111328,43.26976778709748,42.36417741143998,42.713702617565794,3002300
2011-09-02,41.299705505371094,41.9431496205854,41.18054761646645,41.73661271416981,1320200
2011-09-06,40.433834075927734,40.505328204168514,39.623568299302605,39.655341110501034,1580500
2011-09-07,42.0305290222168,42.0305290222168,41.093162981469376,41.19643294333092,1218800
2011-09-08,40.735687255859375,41.712771457694764,40.6165324197197,41.13287610361248,2162400
2011-09-09,39.10721969604492,40.09224952570521,39.01189520617808,39.8698216756014,2588900
2011-09-12,39.04366683959961,39.05955172760687,38.04274919775043,38.066579560071894,2874900
2011-09-13,39.26609802246094,39.31376178516742,38.40022603031507,38.51143844631913,2660500
2011-09-14,39.94926834106445,40.25907526065642,38.43200655847221,39.043677951392105,4657200
2011-09-15,41.0613899230957,41.16465989195077,40.322618281115254,40.84690754023257,2442600
2011-09-16,41.021671295166016,41.363254009810234,40.51326996089862,40.98195300910969,2487400
2011-09-19,40.08430480957031,40.27495682322506,38.75769528024063,39.178714562909896,2753200
2011-09-20,40.18757247924805,40.870737862850696,39.9730901125139,40.40999729053792,2237100
2011-09-21,39.87776565551758,41.506239518606485,39.861877736083684,40.87073789280481,2644900
2011-09-22,38.69414520263672,39.05955829444971,38.26518042686787,38.598820707014,2324800
2011-09-23,38.74974822998047,38.845075748088846,37.64556356953387,37.67733940890333,2567100
2011-09-26,39.63945388793945,39.66328425251402,38.37639305020305,39.09927673530308,1568900
2011-09-27,40.78336715698242,41.06139824837393,40.42589644639933,40.64037887274919,2917400
2011-09-28,40.775413513183594,42.24501121608896,40.68008599633087,41.92725888720147,2277200
2011-09-29,41.43473815917969,42.12584586713341,40.711854617908266,41.94313937102198,1886800
2011-09-30,40.211402893066406,41.005780683298596,40.17963008449331,40.38616697661694,2541500
2011-10-03,38.43994140625,40.15579733969298,38.43994140625,39.504407783591255,1836700
2011-10-04,39.71094512939453,39.7268300177506,38.01891967027336,38.527320946365386,2300000
2011-10-05,40.74364471435547,40.775420558796945,39.647402323615005,39.96515470740715,2762800
2011-10-06,41.77633285522461,41.80810869771815,40.27495914598268,40.417947406892495,1371700
2011-10-07,41.7127799987793,42.53893369854301,41.63334342508745,42.18146305630765,1353300
2011-10-10,43.5001220703125,43.619279938947784,42.63425024511948,42.673971554871564,1212400
2011-10-11,43.77021789550781,43.8019937364722,43.15854962365377,43.285649957200334,1093600
2011-10-12,44.2389030456543,44.69169819482292,43.64311963566283,43.98470236648283,1321000
2011-10-13,44.61226272583008,44.64403856909269,43.71461485068415,44.087973433241814,1116200
2011-10-14,45.79589080810547,46.06597943690914,45.358980503929345,45.613181209825576,1447700
2011-10-17,45.05711364746094,45.422526739505216,45.0015074391199,45.39075089750717,1483200
2011-10-18,46.3440055847168,46.66970039391293,45.049168793385796,45.43046981169022,1506000
2011-10-19,45.23982238769531,46.00242445076948,45.16832825488766,45.56551720819436,1327200
2011-10-20,45.58934020996094,45.72438600802811,44.906174835800584,45.53373400790702,920600
2011-10-21,46.757080078125,46.757080078125,46.22484535035014,46.375779079126026,686700
2011-10-24,47.40052795410156,47.40052795410156,46.43933142003106,46.44727689602472,920100
2011-10-25,47.122493743896484,47.58323435070582,46.590262039800535,47.40052477882556,1175600
2011-10-26,48.15518569946289,48.615926319268084,47.18604675729484,48.4570501389797,2123400
2011-10-27,49.82338333129883,50.38739091838535,48.7271409703913,49.164048213482104,2332700
2011-10-28,49.680389404296875,49.81543217864265,49.21170637103706,49.31497633573794,1440200
2011-10-31,47.94864273071289,48.9177845807959,47.94864273071289,48.63180809845595,2516400
2011-11-01,46.836524963378906,47.38464770885953,46.10569867648675,46.30429317144373,2825900
2011-11-02,47.861263275146484,48.17107013763794,47.20987371034114,47.432298528476366,1526300
2011-11-03,49.23554229736328,49.370588117274366,47.5752923510219,48.33789441423705,2196000
2011-11-04,48.512657165527344,48.743027479314314,48.059862013772886,48.34583853705173,2982700
2011-11-07,48.5603141784668,48.64769621846616,47.71033020261784,48.04396741318552,3846600
2011-11-08,49.28321075439453,49.36264734050835,48.43322655566829,49.02901004245649,1904800
2011-11-09,46.45521545410156,47.50379395448474,46.185126868832505,47.32903289129485,2498100
2011-11-10,47.41641616821289,47.55940443386852,46.534659237084796,47.35286751142774,1773000
2011-11-11,48.202842712402344,48.782738113482985,48.02807863552766,48.29816719510186,1247100
2011-11-14,47.44023513793945,47.861254330818305,47.24958316494489,47.67854783144993,943100
2011-11-15,47.900978088378906,48.21873040295385,47.27341893376424,47.503789210315546,1043300
2011-11-16,46.757080078125,47.75799482170844,46.73324971265974,47.20192972846832,1217900
2011-11-17,46.7650260925293,47.57529191361248,46.431388829306854,47.35286707146419,1270800
2011-11-18,46.518768310546875,47.09866378144393,46.37578005412721,47.082775860696074,902900
2011-11-21,45.92298889160156,46.2169078750856,45.63701235402302,46.1136378964464,1485800
2011-11-22,45.60523223876953,45.94681495663061,45.32720120344587,45.69261428710298,1076300
2011-11-23,44.342166900634766,45.47018491034733,44.23095449763015,45.422521153212195,2580400
2011-11-25,43.80199432373047,44.30245321954084,43.77816395784318,43.80199432373047,1138100
2011-11-28,45.25570297241211,45.446351942116195,44.96972648754525,45.239815053218315,626300
2011-11-29,45.0809440612793,45.63700917558637,45.04916821924779,45.319256815893446,1431400
2011-11-30,47.63089370727539,47.63883918250743,46.93978584732251,47.130437858849646,1081000
2011-12-01,47.67061233520508,48.123410487048304,47.43229959181613,47.7818277770768,995100
2011-12-02,47.29725646972656,48.02014016990532,47.29725646972656,47.964533964530865,600600
2011-12-05,46.37577438354492,47.18604006074437,46.240728588856356,46.9397818647303,3263700
2011-12-06,46.733253479003906,47.01922697856719,46.48699523820948,46.52671352728956,867500
2011-12-07,46.61408615112305,46.82856850513776,45.970639089078894,46.304279316538654,1488700
2011-12-08,45.77204513549805,46.46315596025935,45.72438440986667,46.12157328511819,1575700
2011-12-09,46.69352722167969,46.828573026644044,46.05802557267035,46.10568933271264,1147000
2011-12-12,45.509910583496094,45.907099533192564,45.27954026539746,45.907099533192564,786300
2011-12-13,44.501041412353516,46.081851419894846,44.32627733964238,45.85148417805179,1168500
2011-12-14,44.493099212646484,44.9220639516124,44.087967868274774,44.85056982845141,1515800
2011-12-15,44.572540283203125,45.37486055379319,44.49310068244955,45.35103018872258,1096100
2011-12-16,43.3809700012207,44.09590816773919,43.253869680707815,43.82581960786047,1539800
2011-12-19,43.14265823364258,43.80199021391978,43.08705203158224,43.738441567412565,757900
2011-12-20,44.27067947387695,44.42955565803901,43.952930135864015,44.21507326396691,2326600
2011-12-21,41.498294830322266,42.3800515838976,40.83101740173105,41.871650310744414,6344000
2011-12-22,42.213233947753906,42.2767856235038,41.83987542850004,42.133797383377235,2605400
2011-12-23,42.300621032714844,42.33239687438027,41.673061796222456,41.74455592481413,1124000
2011-12-27,42.33238983154297,42.59453290589236,42.28472607697465,42.570702543763474,592400
2011-12-28,41.47447204589844,41.96698855676626,41.27587755838085,41.951100634127485,1606700
2011-12-29,42.014644622802734,42.03053254367495,41.38708538475014,41.61745569193062,626800
2011-12-30,42.06230926513672,42.18940960446161,41.97492721366752,42.09408510754572,651800
2012-01-03,43.23798370361328,43.412747788533416,42.99967097073816,43.11882582202031,2083400
2012-01-04,43.01556396484375,43.47630156538069,42.80902401642523,43.42863780105846,1973000
2012-01-05,42.95995330810547,43.0076140371831,42.63425549775043,42.82490750499352,2471000
2012-01-06,42.89640426635742,42.93612255313443,42.34033916054614,42.705752247392304,1557100
2012-01-09,43.4921875,43.53190578663186,43.102941018261326,43.34919924387649,1947500
2012-01-10,42.79314041137695,42.88052247295939,42.411839349272086,42.435669718681304,2576100
2012-01-11,42.41978454589844,42.50716357659253,41.92726802574199,42.04642593262436,4208200
2012-01-12,42.300621032714844,42.49921549765717,42.06230828084627,42.2767906666213,2380400
2012-01-13,43.34125900268555,43.53190800033786,42.90434873658405,43.40480765846592,5496900
2012-01-17,44.223018646240234,44.477222375967045,44.07208792793461,44.270682413747394,3106500
2012-01-18,45.35897445678711,45.43841406073365,44.93001271671996,45.04916757717321,2356500
2012-01-19,45.31925582885742,45.398695432206026,44.84263033000984,44.969730665056595,1837400
2012-01-20,45.2874755859375,45.37485762597263,45.13654489971093,45.20803902062051,1339300
2012-01-23,45.88325500488281,46.065964544093944,45.5734481841247,45.70054849598214,1799000
2012-01-24,46.12158203125,46.33606442819584,45.708505159018515,45.740281002338904,1970700
2012-01-25,46.45521545410156,46.57437334154504,45.54962520652617,45.88326244287039,2364700
2012-01-26,47.09865951538086,47.60706081201854,47.05894123226431,47.45613012405134,2182100
2012-01-27,47.940704345703125,48.12341392668184,47.49585466766426,47.51968503461316,2272500
2012-01-30,47.940704345703125,48.012198476860966,47.416415060649356,47.55940332296503,1254900
2012-01-31,48.04397201538086,48.2902302398493,47.86126547347628,48.266396843732345,1047600
2012-02-01,48.814517974853516,49.22759480768158,48.719193484296554,48.76685421441958,1559800
2012-02-02,49.1878776550293,49.67244865436298,49.08461071081579,49.2990931054542,1293300
2012-02-03,50.180843353271484,50.27617086954099,49.783654459747495,50.061688503400745,1811900
2012-02-06,50.037864685058594,50.16496502640013,49.791606447948226,49.98225544480495,672300
2012-02-07,50.52242660522461,50.62569656717477,49.950476652809364,50.435047593139956,970400
2012-02-08,50.46682357788086,50.522429784666286,50.02991636871924,50.109355971491986,904400
2012-02-09,50.72102737426758,51.04672522025623,50.24440184947999,50.363559745832475,2939200
2012-02-10,49.96636962890625,50.21262483114788,49.73599931751606,49.871042101930996,1288500
2012-02-13,50.307952880859375,50.35561361453112,50.109358409730724,50.2523436410571,1245900
2012-02-14,50.55421447753906,50.713090680591904,50.30001376477912,50.57804484738796,1286400
2012-02-15,50.212623596191406,50.752800781187986,50.1252415471021,50.72897041518583,886300
2012-02-16,51.340633392333984,51.340633392333984,50.36355212349051,50.506540365348265,895400
2012-02-17,51.1897087097168,51.61867346020637,51.04672045955361,51.58689762010101,616500
2012-02-21,51.92848205566406,52.41305302732799,51.72194211840845,52.10324009113357,1337100
2012-02-22,52.150909423828125,52.38127973802426,51.769605371904994,51.936424000676894,1926200
2012-02-23,52.93733215332031,52.96910799022161,51.8490324667804,52.42893088414196,1588400
2012-02-24,53.834983825683594,53.8826506175505,53.596674108836964,53.81909893547594,2144400
2012-02-27,53.23126983642578,53.477525069436965,52.460722230473785,52.516328446335116,914400
2012-02-28,54.13684844970703,54.18450917845564,53.42985269036823,53.56489546223707,947900
2012-02-29,53.707881927490234,54.41487766337635,53.49339653399314,53.993858411738714,1205500
2012-03-01,54.23217010498047,54.28777630893052,53.715829379996414,53.88264799184657,1663300
2012-03-02,53.74761199951172,53.898539680345486,53.50929620359375,53.86676383684826,1006500
2012-03-05,54.09713363647461,54.29572811095552,53.723775054750924,54.27189774371739,1309900
2012-03-06,52.73080062866211,53.445741921073335,52.47659995365169,53.342474980189216,2428100
2012-03-07,52.969112396240234,53.15976137288517,52.699020790423354,52.81817867355957,1069100
2012-03-08,54.653194427490234,54.84384340029494,53.80321043381817,53.89853188990974,1436900
2012-03-09,54.80412292480469,54.915335332360364,54.446655337750265,54.56581322030896,1006200
2012-03-12,55.12187957763672,55.20926162765256,54.44665960438698,54.52609617877716,719200
2012-03-13,56.21812057495117,56.218120574951165,55.30459085049624,55.3204757416129,2876700
2012-03-14,55.94803237915039,56.241954366321316,55.701777184339804,55.9798082205166,2908700
2012-03-15,56.766239166259766,56.837736322686844,56.00363717456164,56.05129790509843,2085400
2012-03-16,57.1952018737793,57.27463844203521,56.89334049015815,56.98866194781658,1402200
2012-03-19,57.44145202636719,57.60827062329139,56.845668725657404,57.13164519484779,1144200
2012-03-20,56.91717529296875,57.06810296623782,56.535871250735966,56.64708366709092,1942500
2012-03-21,56.59147262573242,56.84567327863695,56.4325994904002,56.63913941482939,1725100
2012-03-22,56.043357849121094,56.432601285501875,55.77326623771884,55.812987553126234,1771200
2012-03-23,55.90830993652344,56.035413299428946,55.4396299222087,55.78121263423985,1221900
2012-03-26,56.59147262573242,56.59941810068552,56.17045336254257,56.210174676686435,2349700
2012-03-27,56.06718444824219,56.60736157414269,56.05129349889785,56.57558573607544,855400
2012-03-28,55.77326583862305,56.54381329128679,55.49523481462627,56.5358678161378,1708800
2012-03-29,55.4872932434082,55.566729818621674,54.796188372366565,54.93917663199969,1333200
2012-03-30,55.463462829589844,55.741493872910915,55.32842004577993,55.51906903825406,2315300
2012-04-02,56.37699508666992,56.623250272482444,55.61439310361212,55.75738135422432,1582200
2012-04-03,55.082157135009766,56.226063176853515,54.772350258780754,56.2101782865488,2088300
2012-04-04,53.60462188720703,54.256011504901245,52.96117168464674,53.977974399035546,2724600
2012-04-05,53.51723861694336,53.628451032507975,52.45276913288224,52.51632081623976,3228200
2012-04-09,52.389217376708984,52.82612762340705,52.389217376708984,52.405108327837326,1293300
2012-04-10,51.29297637939453,52.834071313161346,51.07055155609249,52.532203858146964,3884000
2012-04-11,52.36537551879883,52.746679474112845,51.99996251112581,52.23033276695417,2572200
2012-04-12,52.309783935546875,53.199489372729985,51.79343708415152,53.17565900523246,5235300
2012-04-13,51.968196868896484,52.83407186653051,51.22942523483596,52.81818091577285,5666500
2012-04-16,50.625701904296875,51.014948398645664,50.347670858555695,50.73691432259335,3275800
2012-04-17,51.5948371887207,51.737825439310846,50.76868655569097,51.054660026560356,2400300
2012-04-18,51.539222717285156,51.99201776142771,51.483616521008734,51.67427153163148,2567100
2012-04-19,51.06260299682617,52.07146617667166,50.848123661773414,51.63455597112888,2270500
2012-04-20,51.809329986572266,52.150912741681246,51.71400245237115,51.86493619970058,3112300
2012-04-23,51.03083038330078,51.08643658928219,50.442992482837134,50.93550892197376,1464400
2012-04-24,51.75371551513672,51.968194857086544,51.06260463885978,51.34858113520736,3258000
2012-04-25,52.39716720581055,52.5242705829096,51.896711294883865,51.99203276708556,4945400
2012-04-26,53.35042953491211,53.42192064600838,51.88082538239697,51.95232255411643,3353300
2012-04-27,52.9770622253418,53.199487059811744,52.81024359948933,53.040607849031645,1179700
2012-04-30,52.659305572509766,52.84995454928522,52.397159441554955,52.56397805381119,1149700
2012-05-01,52.7705192565918,52.93733787288145,52.55603991011133,52.58780968982397,1291800
2012-05-02,52.30183410644531,52.48454367642357,51.85698445518965,52.309779581824,1307400
2012-05-03,51.3803596496582,52.119131293578555,51.23737139404065,51.75371820936082,3209200
2012-05-04,49.98225402832031,50.689252876702064,49.79954748221416,50.4429946465706,1406700
2012-05-07,50.149070739746094,50.180843548315316,49.56917531658441,49.7518818446783,3606100
2012-05-08,49.48179626464844,49.65655732842648,48.68741842651432,49.457962868892956,1685300
2012-05-09,49.410301208496094,49.59300774419255,48.58414754510361,48.79068444579628,1823800
2012-05-10,49.09255599975586,49.75189114334785,48.92573735992343,49.6803970076609,2447800
2012-05-11,49.92664337158203,50.25233814741526,49.235535536094126,49.33880549827856,2159000
2012-05-14,49.362632751464844,49.894867418123226,49.11637758910539,49.23553243306011,1809900
2012-05-15,48.29022979736328,49.20376249851543,48.218735670289554,48.81451905246699,1981200
2012-05-16,47.9248161315918,48.72713640978843,47.83743408508989,48.47293574558885,1454400
2012-05-17,47.55146408081055,48.337896546215084,47.54351860441821,48.22668411921334,1272600
2012-05-18,46.49494171142578,47.63884793001222,46.35195343410248,47.63090245332121,2768500
2012-05-21,47.91132736206055,48.041720370188855,47.18601606004596,47.54459605519516,1566000
2012-05-22,47.829837799072266,48.70184176986822,47.43865870917628,48.41660798832377,2979300
2012-05-23,47.91947555541992,48.05801987523684,47.05562304254739,47.6994367713445,2280800
2012-05-24,47.02302932739258,47.75648891505107,46.802990518450564,47.69129395803949,1826300
2012-05-25,46.50960159301758,46.95782737764939,46.460703047692164,46.51775290497913,1376500
2012-05-29,47.44680404663086,48.06617008375714,47.12081995836566,47.86243080579506,1269000
2012-05-30,46.2569580078125,46.65628830617153,46.167315349108534,46.55849433652178,1827200
2012-05-31,46.71334457397461,47.33271376196671,46.1754729679893,47.308262932957234,3476000
2012-06-01,45.01823806762695,45.743549493872884,44.798199245819475,45.384966328491025,2233500
2012-06-04,45.156776428222656,45.3116171705362,44.68410288868847,44.98563616953691,1390600
2012-06-05,45.38496398925781,45.45016205553592,44.74929838712085,44.74929838712085,2079900
2012-06-06,46.884483337402344,46.884483337402344,45.63759990621401,45.694646657391594,3098800
2012-06-07,46.28956604003906,47.381608758173606,46.24881880382509,47.300114285745664,1284100
2012-06-08,46.7051887512207,46.754084183633644,45.81688545955122,45.9635779744188,1051200
2012-06-11,46.54220199584961,47.87058298262759,46.49330344908208,47.83798395144924,1666400
2012-06-12,47.00673294067383,47.05563149329938,45.91469013589061,46.68890012064548,1042700
2012-06-13,46.92523956298828,47.52830618211362,46.58295590420714,46.90894004506393,1104200
2012-06-14,47.04747772216797,47.08822495948624,46.55035334396617,46.89263697683254,1051000
2012-06-15,47.984676361083984,48.033571798912625,47.3001122521506,47.544598767737945,720200
2012-06-18,47.95207977294922,48.17211858083231,47.56090070631757,47.74019227766265,810200
2012-06-19,49.04412078857422,49.40270080993833,48.750735721633234,48.84038150417795,1817000
2012-06-20,49.141910552978516,49.45159510912488,48.848525511241384,49.11746283577192,899800
2012-06-21,46.917076110839844,48.72628171775337,46.88447708342542,48.64478414921732,1351800
2012-06-22,46.990421295166016,47.16971283303713,46.648140841573124,47.14526200862743,1349900
2012-06-25,45.86578369140625,46.004328012265916,45.556102237841465,45.84948417666896,1615000
2012-06-26,46.053226470947266,46.22436983251666,45.71094596543801,45.84133898308174,1096900
2012-06-27,46.63185119628906,46.688897950626554,46.061380544099165,46.3221665950177,885000
2012-06-28,45.816890716552734,45.86578615457591,45.27086782438102,45.68649770046638,1812400
2012-06-29,48.375858306884766,48.52255084679119,47.57720065006915,47.740192706500174,1837100
2012-07-02,48.921875,48.938174515484825,48.37585522092455,48.921875,1795900
2012-07-03,49.49234390258789,49.49234390258789,48.832227537847814,48.94632414231301,574100
2012-07-05,47.935768127441406,48.294348070585656,47.35714943209021,47.55273736150922,2327000
2012-07-06,45.44200897216797,46.39551044703455,45.14862701179304,46.216218880570885,3036500
2012-07-09,45.23012161254883,45.26272064451126,44.64335147248421,45.099728593513895,1849600
2012-07-10,45.27901840209961,45.784290942636076,45.09972684208374,45.5316531179605,2792200
2012-07-11,46.232521057128906,46.6644473733957,45.906540046125365,45.92283645418282,2995000
2012-07-12,47.5934944152832,48.481797751231944,46.82743277527458,48.245459453407385,11270800
2012-07-13,49.35380172729492,49.5004942499344,47.98467358853618,47.992821791431915,3834400
2012-07-16,48.856685638427734,49.14191942001985,48.61219909580377,48.856685638427734,1513400
2012-07-17,49.66348648071289,49.73683274690975,48.58774331570212,49.13376621045979,3230700
2012-07-18,50.788124084472656,51.52158668711046,49.28860295926887,49.28860295926887,4734300
2012-07-19,50.959266662597656,51.24450351397466,50.77997821390758,51.01631341111013,1895400
2012-07-20,50.14431381225586,50.61699046437819,50.03022030555458,50.372503934473315,1426200
2012-07-23,48.9544677734375,49.11745979863683,47.45494673746944,48.09061221605108,1811200
2012-07-24,49.59013366699219,50.40509069099413,49.06041346667953,50.31544802975795,2626200
2012-07-25,49.93242645263672,50.52734481693967,49.630893168552184,50.37250407296435,1050700
2012-07-26,51.83127212524414,52.01056368832161,51.13041160619031,51.20375787210247,2165000
2012-07-27,53.061851501464844,53.23299172771697,52.043155237372254,52.16540003258908,1918500
2012-07-30,52.39359664916992,52.532137874367926,51.96166723966145,51.96166723966145,2201600
2012-07-31,51.635677337646484,52.44248304733915,51.61937782417203,52.25504641441867,1099300
2012-08-01,51.15486145019531,52.03501356888813,51.00816891227737,52.026865365143735,1081400
2012-08-02,50.67403030395508,51.48898736499159,50.43769201013902,50.95111582906007,1079900
2012-08-03,52.8499641418457,53.10260505864549,51.95351261861885,52.07575742124727,1493300
2012-08-06,53.19224548339844,53.62417795542014,53.16779776599946,53.35524062877334,1125400
2012-08-07,52.8499641418457,53.23299495518791,52.76846967930307,53.118901464102436,1450000
2012-08-08,52.695133209228516,53.021111100727985,52.515841638325966,52.866273467554656,1154000
2012-08-09,52.32024002075195,52.801067912479766,52.17354750333333,52.19800143759381,1439500
2012-08-10,52.2306022644043,52.25505620241798,51.47269495316987,51.61938749310296,3372600
2012-08-13,52.36099624633789,52.63807868948279,51.94536947280577,52.32024590228503,1342100
2012-08-14,52.4017448425293,52.79292077481906,52.255052313513296,52.76032174419002,687600
2012-08-15,52.12464904785156,52.24689384155073,51.88831077140077,51.91276159542915,578200
2012-08-16,52.46693420410156,52.67067347267273,51.86386771006703,51.87201902174601,763300
2012-08-17,52.22245788574219,52.312103673466034,51.83942701412755,51.98611955607295,1212000
2012-08-20,52.84181213378906,52.98850465148381,52.57288103270608,52.84996344522457,1021200
2012-08-21,53.34709548950195,53.88497020502913,53.14335619743192,53.63232925487405,1045200
2012-08-22,52.99666213989258,53.1189069551578,52.466938752163,52.54028812837397,794500
2012-08-23,52.581031799316406,52.80107370841259,52.27135032527419,52.76032336446751,643300
2012-08-24,52.80107116699219,52.94776369345253,52.18985334301229,52.287650433195594,525500
2012-08-27,53.37154006958008,53.681227754588896,52.94776510276458,53.0863063209899,1034200
2012-08-28,52.91516876220703,53.21670515040735,52.744028504351625,53.10261164517041,1416600
2012-08-29,52.98036193847656,53.38784048175867,52.92331519112223,53.14335086873775,847900
2012-08-30,52.2306022644043,53.127060129345296,52.13281138286877,53.127060129345296,1033500
2012-08-31,53.51008224487305,53.99090391413713,53.232993618033525,53.901258142303355,1235700
2012-09-04,53.89310836791992,54.21909243682764,53.45303080753885,54.21094112525698,1230000
2012-09-05,54.39838790893555,54.756971032358706,54.30874212807976,54.51248140863757,1772500
2012-09-06,55.53932571411133,55.73491367050375,54.708066018592746,54.708066018592746,1293100
2012-09-07,56.0527458190918,56.10979256481778,55.5230224844197,55.59637185328394,1243800
2012-09-10,55.620819091796875,56.044594025310985,55.384480799357284,55.49042297832859,882700
2012-09-11,56.337982177734375,56.574320483240356,55.6778689152851,55.6778689152851,1212600
2012-09-12,57.33222579956055,57.49522093608826,57.03884077143936,57.27517905618302,1199900
2012-09-13,58.139041900634766,58.23683900001615,56.981804203955946,57.267037971781036,960300
2012-09-14,58.70136260986328,59.08439346577248,58.48947200960146,58.619868138264,747000
2012-09-17,58.538360595703125,59.02733353374622,58.31831873212537,58.81544298079719,566400
2012-09-18,59.369632720947266,59.47558113970049,58.70951935696884,58.815461558091854,950400
2012-09-19,59.410377502441406,59.63856450971252,59.20663821485939,59.34517943818405,762800
2012-09-20,59.01919174194336,59.182186892664994,58.636160909784074,58.921400869139624,1092400
2012-09-21,59.410377502441406,60.19273562064079,59.35333075062363,60.12753755638343,1112300
2012-09-24,58.929542541503906,59.14958442779331,58.742105901094746,58.88879841941139,606000
2012-09-25,58.77471160888672,59.98084470311508,58.75025767169744,59.663011913579936,1810200
2012-09-26,57.63378143310547,57.959765597662646,57.49524018389867,57.83752075874986,979600
2012-09-27,58.1716423034668,58.46502739088914,57.67451791742504,58.12274686143972,1327700
2012-09-28,58.13088607788086,58.3672243612154,57.58486636343313,58.187932820918256,1566700
2012-10-01,57.56041717529297,58.92140024446544,57.275183436590666,58.76655640732882,2031700
2012-10-02,57.552276611328125,58.02494703654313,57.2670366325438,57.87010940484756,1301800
2012-10-03,57.60932922363281,58.130901359264605,57.50338080326272,57.853812664793175,930600
2012-10-04,57.91084671020508,58.049394135841936,56.66396340287591,56.89215038491929,2147200
2012-10-05,58.497623443603516,58.82360754830762,58.1716393388994,58.562821508070265,1367900
2012-10-08,58.3753776550293,58.717664378964926,58.106446524434254,58.47317475010084,922200
2012-10-09,56.949195861816406,57.91899673152622,56.87585271249153,57.829350959487726,1322100
2012-10-10,56.27279281616211,56.40318272495938,55.963105124713216,56.223891159937295,2344500
2012-10-11,56.582481384277344,57.209995722902704,56.21575311357335,57.014407726369264,1099900
2012-10-12,57.4870719909668,57.91084692812361,57.06329083618101,57.495223302535855,1877100
2012-10-15,58.24498748779297,58.26128389475124,57.625618323676925,58.02494557926447,990100
2012-10-16,59.01105880737305,59.19034418366629,58.7258187892413,59.09255329071189,1010000
2012-10-17,58.277591705322266,58.66062258803654,58.19609722801988,58.53022645024867,1669600
2012-10-18,57.821205139160156,58.481324633916735,57.48707595334581,58.06569476205213,2072700
2012-10-19,57.218135833740234,58.26127990119298,57.193688116163855,58.2368321836166,2023300
2012-10-22,56.76991653442383,57.53597200693772,56.427629815184154,57.46262884986244,1956900
2012-10-23,56.79435348510742,57.02254044291612,55.62081345337322,55.96309389008627,2008400
2012-10-24,58.03308868408203,59.059936270855,57.64191279611143,58.73395221912706,3315700
2012-10-25,57.81306457519531,58.64431816643654,57.65822072072072,58.31018895443806,1377500
2012-10-26,58.342777252197266,58.636162312887365,57.821205192665836,58.45687696924732,1899100
2012-10-31,59.410377502441406,59.77710573303718,59.174039182730716,59.703762573969875,992600
2012-11-01,60.209014892578125,60.24976522554895,59.548901778320165,59.96453154763674,1095000
2012-11-02,59.38592529296875,60.013439515522045,59.36147135749882,60.013439515522045,776000
2012-11-05,59.45112609863281,59.55707451542312,58.94585660672862,59.24738679573464,647800
2012-11-06,60.11123275756836,60.233477556578045,59.703754239288585,59.768946076815496,607200
2012-11-07,58.80731201171875,58.97845227025567,58.35093177132388,58.709514913570615,1076900
2012-11-08,58.03308868408203,58.53836427514176,58.000489657146375,58.35092142466889,703800
2012-11-09,57.804908752441406,58.033095751150185,57.44632563011081,57.52782009855975,1221900
2012-11-12,57.98421859741211,58.179806626889004,57.51154182668088,57.81307829441591,915700
2012-11-13,58.33464431762695,58.750268058884124,57.894566634856986,58.02495656810511,969000
2012-11-14,58.03308868408203,58.790998961857305,57.79675040202,58.73395221912706,1228100
2012-11-15,57.894554138183594,57.99235123023298,57.51967461177165,57.75601292100231,713400
2012-11-16,58.041255950927734,58.22054753954729,57.478933462553734,58.00865691503051,822800
2012-11-19,59.87490463256836,59.97269551426975,58.92955132525608,58.96215035836648,1049500
2012-11-20,60.60021209716797,60.61650850385313,59.75265594406282,59.980842943431625,1784900
2012-11-21,61.30923843383789,61.472227401519355,60.92620752039281,61.10549911542076,772800
2012-11-23,62.92283248901367,63.06137369397188,62.58055202348323,62.613151051290245,702800
2012-11-26,63.42810821533203,63.44440462045242,62.7190933488333,63.05322872127498,770000
2012-11-27,62.73540115356445,62.97988455633762,62.50720793962843,62.767993966497414,848700
2012-11-28,63.19992446899414,63.19992446899414,62.28717029486718,62.40941510122075,550700
2012-11-29,63.91708755493164,64.03933236719314,63.34662005455056,63.7214995858909,893300
2012-11-30,63.55849838256836,64.1045243296966,63.36291043213835,63.82743570042765,1602400
2012-12-03,64.81352996826172,64.96022247867131,64.48754592094835,64.78908225279821,1302600
2012-12-04,65.3025131225586,65.53070634363337,64.92763358580858,65.26176899630309,1331100
2012-12-05,64.30826568603516,64.87873315071464,64.15342185235257,64.45495199041356,1956900
2012-12-06,64.31641387939453,64.77279409075946,64.12897722523714,64.41421097132188,876300
2012-12-07,64.31641387939453,64.60979893754723,64.02302882124185,64.49570543911332,885100
2012-12-10,64.73204040527344,64.74019171692045,64.36531221033518,64.47940570287726,705300
2012-12-11,65.04987335205078,65.21286227968409,64.87058180107671,64.9765301999045,718500
2012-12-12,64.9928207397461,65.28620575711008,64.88687856810905,65.1313619374934,1212900
2012-12-13,64.30826568603516,65.02542567272208,64.16971825807381,64.83798280996794,537200
2012-12-14,65.51438903808594,65.5714357761638,64.62608894264085,64.6994320840432,853600
2012-12-17,65.71814727783203,65.75889762436766,65.30251737016235,65.30251737016235,726000
2012-12-18,66.18266296386719,66.18266296386719,65.14767021985942,65.16396662551627,2134400
2012-12-19,65.59588623046875,66.46788995902045,65.4899440603632,66.18265625671445,1870700
2012-12-20,66.08486938476562,66.13377103958986,65.63664670267737,65.93003176110537,782200
2012-12-21,64.87873840332031,65.25361794154993,64.65055139897441,64.98468059315817,1144700
2012-12-24,65.27806091308594,65.31881125416791,64.78093659650541,65.13951970161375,325700
2012-12-26,65.22101593017578,65.74258797846078,64.91133446951571,65.16396918169553,419300
2012-12-27,65.685546875,65.95448423421767,65.01728224210233,65.84854204011516,900900
2012-12-28,64.69944763183594,65.31066549424851,64.67499991216017,65.09062979953703,524700
2012-12-31,65.50626373291016,65.81595147767119,64.70760908276249,64.88690067864928,1022900
2013-01-02,67.15245819091797,67.15245819091797,66.41084433482854,66.86722448381761,686500
2013-01-03,65.56330108642578,66.41085727960682,65.45735889388929,66.25601964707344,990000
2013-01-04,65.53884887695312,65.72629174681735,65.10692260622211,65.18027197882265,1485400
2013-01-07,65.02542114257812,65.14766593867272,64.76463514580304,64.87872863079035,1193300
2013-01-08,65.10693359375,65.27807386852739,64.29197635140227,65.16398035200913,1359800
2013-01-09,65.2373275756836,65.3188220536924,64.76465089855036,64.7972499332799,1320300
2013-01-10,67.15245819091797,67.55993669181234,65.20471145405317,65.77517886825389,3014100
2013-01-11,66.64718627929688,66.9813216528806,66.41899930105863,66.65533759069933,2475200
2013-01-14,66.72868347167969,66.82648055962561,66.36195527273338,66.761282500995,1082100
2013-01-15,63.19992446899414,64.01488155451241,62.873940391261,63.33846568130126,4501900
2013-01-16,63.67259979248047,64.18602677546777,63.379214721524754,63.41181375358979,1411400
2013-01-17,63.2977180480957,63.843737826522805,63.07768236134861,63.7377956392193,1558300
2013-01-18,63.061370849609375,63.38735489534731,62.751689425854025,63.24881369663795,1310400
2013-01-22,63.175453186035156,63.24065122720463,62.53978782870129,62.800573775751786,1442700
2013-01-23,64.07192993164062,64.38161139366869,63.28957185575713,63.38736272922426,1709300
2013-01-24,63.97413635253906,64.38161492803295,63.83559512910226,64.03118310440303,814000
2013-01-25,66.00335693359375,66.20709615656735,65.51438404198262,65.63662881929231,1365100
2013-01-28,65.48995971679688,65.95448506235563,65.43291296269773,65.95448506235563,719000
2013-01-29,66.19081115722656,66.32935236048458,65.48994761204885,65.54699435560384,1460500
2013-01-30,66.45975494384766,66.7205409708773,66.22341663534745,66.34566144562402,1180000
2013-01-31,66.8427734375,67.10355944062906,66.61458646196566,66.687935828461,967300
2013-02-01,68.10596466064453,68.16301140899158,67.64959067386809,67.89407407351436,1577400
2013-02-04,66.37010955810547,67.32360789218953,66.10117221742657,66.98132739548694,1029200
2013-02-05,66.72868347167969,66.73683478341579,66.28046080825966,66.36195527273338,938800
2013-02-06,65.32698059082031,65.72630792956326,64.87060027176898,65.30252664884637,1261500
2013-02-07,64.98468780517578,65.22917746132536,64.31642312501452,65.13953166857921,1309800
2013-02-08,65.13137817382812,65.23732658950509,64.73205088528043,64.79724895375394,1373100
2013-02-11,64.57718658447266,64.67498365622423,64.03116692352287,64.55273887094178,1645100
2013-02-12,65.95447540283203,65.95447540283203,64.78908655323225,64.8868836392062,939200
2013-02-13,65.74259948730469,66.04413590641805,65.50626114004778,65.81594887255079,723200
2013-02-14,65.25360870361328,65.25360870361328,64.64239093523263,64.7483331100723,816200
2013-02-15,65.22917938232422,65.5959076597185,64.9928410324542,65.3840232502878,894800
2013-02-19,65.63665008544922,65.63665008544922,65.04987993835233,65.1476770354117,705700
2013-02-20,64.95207977294922,65.91372942023408,64.9276320542467,65.72629276509524,1038200
2013-02-21,63.607398986816406,64.0148775037912,63.534049620594,63.7133411628835,1088900
2013-02-22,64.30826568603516,64.33271340343155,63.37106380752254,63.737792003726625,654300
2013-02-25,63.77854537963867,66.15006734438381,63.762242755512546,65.93003165971585,1629100
2013-02-26,63.45256042480469,63.72964285487275,62.75169682005349,63.314019209770656,1436600
2013-02-27,64.05562591552734,64.13712038085527,63.053232178498455,63.11027892599092,1593400
2013-02-28,63.729644775390625,64.33271752541128,63.697051961859806,64.01488474363555,798000
2013-03-01,64.12084197998047,64.33273262343532,63.33848370141361,63.77041008480283,780000
2013-03-04,65.13137817382812,65.23732658950509,64.40606676054291,64.5527593057933,611200
2013-03-05,66.72053527832031,67.03021671598702,65.91372332990932,65.93002595262423,1375500
2013-03-06,67.38880920410156,67.80443287687457,66.89982993650797,67.5843971805612,1442600
2013-03-07,68.00003051757812,68.48085227941826,67.84518666048318,68.18746719104361,1248100
2013-03-08,67.81257629394531,67.93482109661073,67.26655655535255,67.56809290624341,867700
2013-03-11,67.84518432617188,68.03262721081809,67.4703047745092,67.58439828077046,650000
2013-03-12,67.55178833007812,68.3341463398366,67.39694450333688,68.32599502852685,503400
2013-03-13,67.33175659179688,67.65773445164879,67.19320916196777,67.50289683350786,440800
2013-03-14,68.9209213256836,68.99427069745425,67.99187073411672,68.17116228996808,925100
2013-03-15,68.9290771484375,68.97797258773161,68.39935375810933,68.89647811636488,943300
2013-03-18,67.62515258789062,68.19562015261603,67.32361617931855,67.41326197057971,838500
2013-03-19,67.3154525756836,68.11411323810894,66.72053739789455,67.877774942265,851300
2013-03-20,67.79629516601562,68.1141279939903,67.51920646969161,68.0163308862941,541200
2013-03-21,65.78334045410156,66.41085470773567,65.73444501599823,66.07672551798046,2148400
2013-03-22,66.04411315917969,66.4841906661916,65.69368141568658,66.08485727683392,1625400
2013-03-25,65.08247375488281,66.68794021823868,64.89503088828177,66.48420094558193,1198600
2013-03-26,65.41661071777344,65.41661071777344,64.61795615573863,64.96838799513796,1016600
2013-03-27,64.52831268310547,64.64240619606151,63.83560029226372,64.13713048323464,1656000
2013-03-28,65.63665008544922,65.75074358987031,64.69129680009765,64.79724520965271,1877500
2013-04-01,65.28622436523438,65.75074973885671,65.06618243067997,65.70999939019693,732100
2013-04-02,65.84038543701172,66.190817241814,65.57144809940384,65.57144809940384,1425000
2013-04-03,65.39215850830078,66.23156335915198,65.18841922537071,66.12562117037496,989700
2013-04-04,64.87873840332031,65.47365363356074,64.17787476561247,65.02543093720404,1198500
2013-04-05,63.3547477722168,63.91707002380873,63.110264432379935,63.77037753285552,2002000
2013-04-08,63.517757415771484,64.05562586057772,63.379209985440795,63.81928755898907,1261300
2013-04-09,63.46885681152344,63.82743992574033,62.759848112668166,63.26511753619643,1687900
2013-04-10,63.615543365478516,63.77038718982982,62.85763308371852,62.87393570608638,1273100
2013-04-11,64.30826568603516,64.39790524394562,63.03692842276095,63.1184228866253,2358100
2013-04-12,63.57481002807617,63.72150256612485,63.08583697379051,63.151028821433464,2163900
2013-04-15,62.303466796875,63.1510229132362,62.303466796875,62.96358626515033,1765100
2013-04-16,64.27567291259766,64.34901607192498,63.51776251140035,64.17787581586491,1176700
2013-04-17,62.65390396118164,63.436262085403584,62.32792607264476,63.436262085403584,1867100
2013-04-18,63.737796783447266,64.0882286002091,62.70280395773455,63.41181268591516,2347800
2013-04-19,61.21142578125,62.466460410165546,60.926192051412144,61.91228935606815,4379000
2013-04-22,60.869144439697266,61.26032034430288,60.40461916696003,61.22772131598093,2026600
2013-04-23,61.480377197265625,61.773762305953156,61.064747257019874,61.089194979805434,1676300
2013-04-24,63.183624267578125,63.50145704570416,62.352370744239906,62.507208368436324,1467300
2013-04-25,64.07192993164062,64.3571636753019,63.71334681524971,63.73779453361649,1046300
2013-04-26,63.55035400390625,63.73779064503578,63.159171881015496,63.27326537151928,807600
2013-04-29,64.21048736572266,64.38162765514595,63.64816483073837,63.72965931842124,1004400
2013-04-30,65.07433319091797,65.07433319091797,64.1860327998821,64.30012631400359,889500
2013-05-01,64.27567291259766,65.36771251344665,64.1615794085576,65.04987972110226,721400
2013-05-02,64.12897491455078,64.31641156195448,63.88448530235651,63.98228239076004,1300500
2013-05-03,66.37010955810547,66.58199393170457,65.2373196635688,65.28621510091791,1347100
2013-05-06,66.12562561035156,66.60645358351886,65.97893306808712,66.27231815261601,531800
2013-05-07,66.7368392944336,67.08727111122393,66.46790194762553,67.03837567276047,654800
2013-05-08,67.43769836425781,67.74737981628496,67.05466754186976,67.39694802320965,1245400
2013-05-09,66.72868347167969,67.1606159468857,66.49234517236552,66.99762080030916,719900
2013-05-10,67.13616943359375,67.33990872611602,66.66349900034069,67.00577951954698,1147800
2013-05-13,66.88352966308594,67.33990365432189,66.81833160215814,67.2584091869768,563800
2013-05-14,67.73108673095703,67.92667469879292,67.31545685888004,67.33990457765586,831000
2013-05-15,66.97317504882812,67.20951335508036,66.72054033625437,66.77758708482358,866400
2013-05-16,65.80779266357422,66.88353589865748,65.7751936300711,66.38641151858728,1243600
2013-05-17,65.9218978881836,66.06859045620403,65.26178444090709,65.35143024456575,1876300
2013-05-20,65.53070831298828,65.82408717078498,64.91133912957366,65.22102061246612,1712200
2013-05-21,64.84614562988281,65.29437458712745,64.54460922067913,64.7728024646774,1058900
2013-05-22,64.14527130126953,65.77518546839912,63.94968334215013,65.05802547320859,813600
2013-05-23,63.729644775390625,64.06378018156121,63.43625971257772,63.60740618057645,669500
2013-05-24,61.830806732177734,62.91469511310271,61.635212522012026,62.833200634348756,2917300
2013-05-28,62.75984191894531,63.63184568258233,62.40125884011672,63.5014495747797,1251400
2013-05-29,61.928592681884766,62.311623540881406,61.70040567251562,62.09973293891162,922800
2013-05-30,62.1649284362793,62.5805583105383,62.03453852958063,62.05083493630693,1664400
2013-05-31,60.73746871948242,61.97802155241448,60.73746871948242,61.564503941437124,1311900
2013-06-03,61.911861419677734,62.03591797334107,61.390831466025865,62.03591797334107,1868900
2013-06-04,61.878780364990234,62.44116461657703,61.62240144330958,62.28402589179029,1743500
2013-06-05,61.75471496582031,62.267479045532355,61.58103833634792,61.69682275599619,2860000
2013-06-06,62.639644622802734,62.92083987342042,61.99455817284988,62.7223468812981,1526700
2013-06-07,63.1358642578125,63.48322383789564,62.48251200119065,62.69753661055422,1511600
2013-06-10,64.1365737915039,64.24408608174804,63.43358891676478,63.896732858088214,823200
2013-06-11,62.871219635009766,63.458420240390836,62.79678948799944,63.11933274460116,662200
2013-06-12,62.93738555908203,63.73133869610302,62.84641117058996,63.714800766276575,916000
2013-06-13,63.48322677612305,63.56592903815047,62.64791941715642,62.697539512417244,1178700
2013-06-14,62.76370620727539,63.47495704507083,62.705813990700335,63.144141674736936,750100
2013-06-17,63.92982482910156,64.3185260810671,63.565927314315644,64.11176727671656,973600
2013-06-18,63.83058166503906,64.053878409097,63.54938639535237,63.71479723333816,1046400
2013-06-19,63.15242385864258,64.16967387054653,63.01182935452242,63.756156169172385,1372200
2013-06-20,61.66374969482422,62.38327267438017,61.26677628593571,62.308836216601975,1629200
2013-06-21,60.166812896728516,60.45627396486026,59.47210633321233,60.3652995849077,3075500
2013-06-24,59.09164810180664,59.50516560093692,58.77737707398709,58.876623545297825,2542400
2013-06-25,60.15027618408203,60.16681411269034,58.89317907739265,59.74502437072947,2210700
2013-06-26,61.76300048828125,62.11862594288763,61.514887358172984,61.556241649784035,1591400
2013-06-27,62.52385330200195,62.664447756913006,62.10206362749161,62.48250533220426,1598500
2013-06-28,60.23297882080078,60.70438866129279,59.89389133933165,60.67130649409252,2327100
2013-07-01,58.81875228881836,60.24951981172491,58.760860070720035,60.13373537552826,2797800
2013-07-02,59.51345443725586,60.05930071814949,59.240531296809046,59.48037227085824,3348000
2013-07-03,58.57062911987305,58.90971656035143,58.45484470355785,58.769115789302305,1206100
2013-07-05,58.52928161621094,58.52928161621094,57.859385085701184,58.23982054190291,1513800
2013-07-08,59.290157318115234,59.4555618392563,59.058588464606544,59.18263870057332,1450200
2013-07-09,59.43902587890625,59.76983493214049,59.34805149633336,59.728486955375324,1066600
2013-07-10,59.3563232421875,59.6375185372935,59.17438076862346,59.4224875833629,1711000
2013-07-11,61.66374969482422,61.754724082231704,60.67130986282438,60.97731519408397,1166200
2013-07-12,62.15996551513672,62.20958560549683,61.44871477434678,61.92012456210035,1099000
2013-07-15,62.08552932739258,62.55693911710188,61.87049841864416,62.50731902653591,1364600
2013-07-16,62.6065673828125,62.6065673828125,62.16823969950301,62.4494349722428,1167600
2013-07-17,62.854671478271484,63.185486800638934,62.44115390275655,62.93737373141899,1564900
2013-07-18,61.11790466308594,62.465969814351254,60.51416616983061,62.42462183878295,5043500
2013-07-19,60.216434478759766,60.762280771958274,60.13373221579042,60.266060884363945,3308100
2013-07-22,59.86907958984375,60.241242918157724,59.6871308303025,59.9848640168649,3226400
2013-07-23,59.98486328125,60.307406511107466,59.885623093464915,60.282596464161195,1538100
2013-07-24,60.50589370727539,60.93594920260899,60.44799519024587,60.93594920260899,1942500
2013-07-25,61.16753387451172,61.22542609675844,60.4645550872932,60.6051495827811,2212700
2013-07-26,60.94422912597656,60.97731129289718,60.26606047854933,60.58860371880264,929300
2013-07-29,60.390113830566406,60.56379679329805,60.23298141681555,60.43146811879365,629700
2013-07-30,60.580326080322266,61.29157682987003,60.43973161605244,61.29157682987003,813600
2013-07-31,60.2826042175293,60.85326060980153,60.18335770720146,60.78709626958297,1347400
2013-08-01,61.26676940917969,61.349471667600504,60.79535959542535,61.14271286665952,918500
2013-08-02,61.878780364990234,62.135159286670884,61.382560451185064,61.49834488741365,821000
2013-08-05,62.10206604003906,62.168230366018335,61.837415045899405,61.9201236082622,754300
2013-08-06,62.72234344482422,63.31780976901062,62.548666818566105,63.29299972379911,1242700
2013-08-07,62.44115447998047,62.51558461556803,62.060719064163166,62.102067036230416,1168500
2013-08-08,62.217872619628906,62.30884070380894,61.895323025732864,62.13516403619047,876000
2013-08-09,61.83742904663086,62.23440878261,61.705106674490374,61.98629565890068,668200
2013-08-12,61.47352981567383,61.51487779107523,61.1923345579654,61.1923345579654,748400
2013-08-13,62.027626037597656,62.13513831787665,61.407349777221675,61.63891857153115,415700
2013-08-14,63.036624908447266,63.33435808973957,62.68099951466911,62.86294827098973,903600
2013-08-15,62.680999755859375,62.788512062381656,61.98628689357816,62.48251307082672,1504900
2013-08-16,62.59002685546875,62.92084221152098,62.36673011825591,62.7140834027106,1319100
2013-08-19,62.46596908569336,63.02008116811379,62.39980475382221,62.97873319302781,1239600
2013-08-20,62.56522750854492,62.87949868016657,62.26749426815424,62.66446771548903,1172300
2013-08-21,62.027626037597656,62.67271233882445,61.887031599592106,62.49903574309234,1009700
2013-08-22,62.714073181152344,62.887749795072715,62.54039656723197,62.581744536388015,498600
2013-08-23,63.63209915161133,63.656909201495324,63.177227204475706,63.35090386344239,703400
2013-08-26,63.59901428222656,64.06215201981205,63.59901428222656,63.88020324868105,419500
2013-08-27,62.449440002441406,63.35917761029458,62.33365556015712,63.193773066968134,815200
2013-08-28,61.895320892333984,62.184788304833134,61.70510630045153,61.71337842046606,828900
2013-08-29,61.46525955200195,61.80434703333006,61.4073673368701,61.539696005616165,628600
2013-08-30,61.051734924316406,61.45698038375843,60.935950507332976,61.399088175266705,467000
2013-09-03,59.918704986572266,60.5472535815776,59.596161724217374,60.37357692567716,1352600
2013-09-04,59.29842758178711,59.620970839086034,58.7029674750819,58.82701772036726,1682500
2013-09-05,58.11575698852539,58.686413258938224,57.65261932545261,58.04132685400759,3386600
2013-09-06,58.30598449707031,58.62852773631441,58.016523424643324,58.339066663887415,1491700
2013-09-09,59.51345443725586,59.529998675343705,58.595444826500625,58.62025487385432,1033800
2013-09-10,59.926971435546875,60.10892019397139,59.678864654786345,59.943515673464375,776300
2013-09-11,60.04276657104492,60.04276657104492,59.43903428471282,59.538274490806245,873500
2013-09-12,60.787086486816406,60.91114302731648,60.4397332212384,60.588599807882936,1217300
2013-09-13,60.07583999633789,60.390111119509726,59.9021633511815,60.38184531005814,713500
2013-09-16,60.29914093017578,60.90287310741307,60.10892005323788,60.90287310741307,817700
2013-09-17,60.81189727783203,60.81189727783203,60.22470304270221,60.45627188925731,566200
2013-09-18,62.26747512817383,62.416341702610076,60.687835015557106,60.81189154588352,1199200
2013-09-19,61.978023529052734,62.62311001318639,61.82088481274083,62.62311001318639,1145600
2013-09-20,61.20888137817383,62.3667320044858,61.150989162347145,62.20132116656792,1585800
2013-09-23,61.14271545410156,61.44044864483831,60.86979231096319,61.27503781121894,1425100
2013-09-24,61.51487350463867,61.90358104303872,61.42389913140558,61.6802843240523,914400
2013-09-25,62.250946044921875,62.747172287015324,62.15997796430211,62.39154684539704,1266100
2013-09-26,61.69682312011719,61.98628417094618,61.465254279454,61.82087965898038,1039000
2013-09-27,61.49833679199219,61.91185438402561,61.415634535541045,61.66374130489447,1604700
2013-09-30,61.13443374633789,61.29984455401338,60.919409161025456,61.12616793828697,1033900
2013-10-01,61.09309005737305,61.53968980472316,60.87805914721686,61.07654582055772,1148000
2013-10-02,61.84568405151367,61.84568405151367,60.95248462507885,61.51486874804406,894300
2013-10-03,61.29984664916992,61.7050920997157,60.96903133228919,61.69681998160491,544900
2013-10-04,60.73746871948242,60.91941747787694,60.613412174233616,60.778816694713356,622700
2013-10-07,59.108211517333984,59.57134924753122,59.04204718165485,59.463836934386386,1460000
2013-10-08,58.66987991333008,59.19918194382115,58.645069866553605,59.1495555404903,933600
2013-10-09,59.017234802246094,59.05858908785678,58.057870902125224,58.777393827215874,1342200
2013-10-10,59.728485107421875,60.07583838843793,59.46383408715564,59.968326080440974,1252900
2013-10-11,60.99384689331055,61.002119012169494,60.24951394045355,60.67130366536883,1460400
2013-10-14,60.70438003540039,60.80362021312129,60.315672513254015,60.43972904518246,626200
2013-10-15,59.819454193115234,60.25778181509718,59.811182074838925,59.95177653664871,1155200
2013-10-16,60.43973159790039,60.46454164337849,59.89388535827194,59.96004968606525,1077300
2013-10-17,60.2826042175293,60.2826042175293,59.86081443585944,60.22471199728275,1419100
2013-10-18,60.99384689331055,61.64720546805292,59.59615536571117,59.64578176908692,2655300
2013-10-21,63.19377136230469,64.16966697529615,62.970468294080874,63.971180266702866,3373300
2013-10-22,65.31098175048828,65.6335250280152,64.54183863259048,64.64935095517316,3308100
2013-10-23,64.96361541748047,65.15382997395433,64.53355359368474,64.79820459687532,1557400
2013-10-24,64.88917541503906,65.1951806840572,64.74858095756206,65.17037063977035,708700
2013-10-25,65.70793914794922,66.07183662756404,65.36058590455907,66.00567230222,1996600
2013-10-28,65.9891357421875,66.17935029426862,65.69967470003527,66.17935029426862,836400
2013-10-29,65.41021728515625,66.0801201527966,65.41021728515625,65.96433571834585,772300
2013-10-30,65.17037200927734,65.86507850301703,64.90572101502737,65.65831971657867,758000
2013-10-31,64.79821014404297,65.24480993324238,64.76512797708989,65.1786455993362,697200
2013-11-01,64.34334564208984,64.83956553528724,64.1944790431528,64.62453460131633,813700
2013-11-04,64.94706726074219,64.98014942286659,64.50873965470407,64.60798614107726,359600
2013-11-05,64.3268051147461,64.59972828017322,63.75614873426729,64.07869830872214,798300
2013-11-06,65.55081939697266,65.88163477767797,65.17864972751221,65.50946510821753,1138900
2013-11-07,65.09593963623047,65.65832382290584,64.83956074414154,65.211724059095,1288200
2013-11-08,65.51773834228516,65.53427627220135,64.52529218328914,64.789943230399,1121800
2013-11-11,67.14698791503906,67.41163891879638,65.85680875066664,65.98086528894176,1683100
2013-11-12,66.01395416259766,66.57633839146327,65.6666008679455,66.46882607924567,1071200
2013-11-13,66.65904235839844,66.68385240725337,65.42676155696856,65.60871032827602,614600
2013-11-14,66.77481079101562,66.97330375384522,66.25378096058604,66.56805202040083,827700
2013-11-15,68.27176666259766,68.36274105054476,67.39510495235999,67.4778072205541,1589400
2013-11-18,67.77552795410156,68.30482994481574,67.75899002741937,68.30482994481574,1273400
2013-11-19,67.83342742919922,68.2469450481062,67.65975078643166,68.05673047688474,1000700
2013-11-20,67.18006896972656,68.1394264763361,67.1221767607913,67.9905598948201,629000
2013-11-21,67.51915740966797,67.55223957689253,67.02293752085598,67.27104431037286,668200
2013-11-22,67.99884033203125,67.99884033203125,67.29586162045132,67.4447282201794,1462100
2013-11-25,68.06500244140625,68.41235572615244,67.99883810818467,68.18078686965498,1175200
2013-11-26,68.25519561767578,68.50330863459692,67.85822236233332,67.91611455831143,570300
2013-11-27,68.95820617675781,69.09880698365797,68.67701718251564,68.7597194567175,666700
2013-11-29,68.41236114501953,68.78452450675793,68.09808369221247,68.50333553296068,573500
2013-12-02,67.56876373291016,67.94920542355716,67.49433360415983,67.93266118842801,381200
2013-12-03,67.51087188720703,67.70109273353839,67.10562646127306,67.3620053191407,625400
2013-12-04,67.21315002441406,67.27931435682474,66.32822258519984,66.45227913102535,775800
2013-12-05,67.32067108154297,67.49434772808104,67.0063936460927,67.04774793279245,647700
2013-12-06,67.99884033203125,68.2800292927519,67.62667067782189,67.66802496488236,2208200
2013-12-09,68.14769744873047,68.19731753847556,67.79207208274335,67.98228663328446,903500
2013-12-10,67.32893371582031,67.94093795213479,67.23795934571956,67.63493267908886,1018900
2013-12-11,67.32067108154297,67.86651106926574,67.18007660240903,67.86651106926574,537000
2013-12-12,66.91541290283203,66.99811515079399,66.48535111778659,66.70038201030931,888100
2013-12-13,67.08082580566406,67.11390797095028,66.64249815773293,67.03947152161183,461800
2013-12-16,68.10635375976562,68.13943592799998,67.63494390453829,67.81689267493803,659000
2013-12-17,67.48607635498047,67.5191585227504,66.9236921224482,67.24623537098218,662400
2013-12-18,68.06500244140625,68.44543789276322,67.1635307531519,67.63494058524404,703500
2013-12-19,69.1153335571289,69.20630793673521,68.3131083786613,68.36273478285075,1538900
2013-12-20,69.6363754272461,69.8100584070458,69.23940198427874,69.2476741046928,778600
2013-12-23,70.1656723022461,70.1904886616295,69.75215464942349,69.82659110801644,315200
2013-12-24,70.42204284667969,70.57090942303144,70.02506320648257,70.18220190090312,147900
2013-12-26,70.88517761230469,71.00923413916993,70.49647010602288,70.49647010602288,228800
2013-12-27,70.95962524414062,71.15811193256425,70.51302546285393,70.77767648401145,865300
2013-12-30,71.64605712890625,71.73703150571949,70.96788851706616,71.11675510550802,256100
2013-12-31,72.0678482055664,72.29941705644373,71.6626027165311,71.7701150230733,621500
2014-01-02,70.22356414794922,70.37242443141103,69.63636358421898,70.27318424243649,1541300
2014-01-03,69.74388122558594,69.88447569785029,69.4213379963781,69.50404025595842,1265600
2014-01-06,69.81831359863281,70.3310777200706,69.78523143178732,70.19874905268865,517500
2014-01-07,69.61982727050781,69.6694473661458,69.1566895518114,69.6446373183268,710500
2014-01-08,70.6701431274414,70.81074388262282,70.18219547229226,70.380682119321,1124500
2014-01-09,69.98372650146484,70.09123881455695,69.14014699641554,70.04988452733318,1434200
2014-01-10,69.09051513671875,69.3468940064775,68.28001793748219,68.5694852792092,1844600
2014-01-13,68.66046905517578,69.29728978101802,68.64393112518319,68.67701329494709,1510100
2014-01-14,68.46195983886719,68.46195983886719,67.96574007510303,68.30482116159416,1056100
2014-01-15,68.65219116210938,68.96646225488581,68.0401805938608,68.06499694915001,1248600
2014-01-16,68.48678588867188,68.78451907847777,67.98229388982178,68.71008893591535,924900
2014-01-17,68.08154296875,68.43716838616896,67.80035400649138,67.97403065549435,1204900
2014-01-21,67.32893371582031,67.61839475260571,66.27859555548524,67.50261033789155,1365300
2014-01-22,66.21243286132812,66.64249467781424,65.95605398096977,66.45227381479586,4826800
2014-01-23,65.87335968017578,65.9312518959488,65.3192475706656,65.59216441086515,2711800
2014-01-24,64.07042694091797,65.08767684613512,63.88847816183101,64.98843664647221,2319700
2014-01-27,64.31024932861328,64.98841783909178,64.1448385274131,64.95533567885174,847000
2014-01-28,64.14485168457031,64.30199040049797,63.64863179874076,63.714796132792216,1482000
2014-01-29,63.615543365478516,64.30198406664591,63.417056692653595,63.623815483864675,717700
2014-01-30,64.19446563720703,64.41776233409166,63.71478377305254,64.2275477978153,945600
2014-01-31,63.2020263671875,63.54937962528584,62.556939942211265,62.7967808994061,1320700
2014-02-03,62.10206604003906,63.185486371172985,62.027635905645454,63.02007555622481,1182200
2014-02-04,62.292293548583984,62.54867245189661,62.12688902575869,62.499052357004636,712300
2014-02-05,62.052452087402344,62.259210894202845,61.696826687314356,61.77126313884712,1132100
2014-02-06,63.08625030517578,63.43360360928977,62.34191728937549,62.39980950672782,734500
2014-02-07,63.42534255981445,63.433608370214834,62.780256000964236,63.1772294326664,475800
2014-02-10,63.11105728149414,63.268195996562326,63.01181709073794,63.202031662872756,423400
2014-02-11,64.57489776611328,64.69895428469982,63.681698404022164,63.6982363286046,834300
2014-02-12,64.51702117919922,64.76512796664008,64.10350355701961,64.10350355701961,1343100
2014-02-13,65.47637939453125,65.54254372904616,64.48393961592072,64.48393961592072,657700
2014-02-14,66.28687286376953,66.37784724099343,65.75757083798207,65.89816530831796,852800
2014-02-18,66.36958312988281,66.70039851335821,66.26207081190923,66.70039851335821,1120200
2014-02-19,65.77410125732422,66.55978839731529,65.74101909576676,66.19589092996038,1621700
2014-02-20,65.6996841430664,65.78238640845707,65.23654009927756,65.54254542197927,808600
2014-02-21,65.48464965820312,66.09665396067847,65.47637753917861,65.79065496432982,723400
2014-02-24,65.74929809570312,66.18762574011002,65.69967800306168,65.78238026072336,475800
2014-02-25,66.00568389892578,66.41920154031192,65.74930498039548,66.22071483918454,1073400
2014-02-26,65.77410125732422,66.31994745835657,65.56734247992296,66.03875224000674,714400
2014-02-27,65.94779205322266,66.03876643962263,65.38540780537663,65.45157214271816,609000
2014-02-28,66.40264892578125,66.98157097177982,66.03875146270954,66.4688132481174,1175300
2014-03-03,64.293701171875,65.31922914743119,64.12002457354126,65.16209047332025,1115600
2014-03-04,65.30269622802734,65.53426506592818,65.1207474811688,65.42675276541068,686200
2014-03-05,64.74858093261719,65.14555426060842,64.64933444573074,64.92225755233551,1008700
2014-03-06,65.55908966064453,65.74931056815075,65.35233082237991,65.56736178091323,705500
2014-03-07,64.66588592529297,65.27789022186964,64.36815274106043,65.22827012775689,733500
2014-03-10,63.97944641113281,64.35988186281313,63.57420091191784,64.14485093454925,382100
2014-03-11,64.09523010253906,64.66588642838741,63.971173556514024,64.2689067430629,914700
2014-03-12,63.516319274902344,63.73961604967722,63.29301619034831,63.57421149871651,981900
2014-03-13,61.920135498046875,63.83058503165281,61.68856031265282,63.73961064340695,1502700
2014-03-14,62.30056381225586,62.813321603610426,62.093805009992785,62.10207081904322,1764900
2014-03-17,63.8388557434082,64.17793692957244,63.623824802317166,63.73133711797344,1281300
2014-03-18,64.53356170654297,64.61626397235366,63.84712091173518,63.896747319044344,681900
2014-03-19,63.94636154174805,64.5831758707418,63.35916730572637,64.33506909610357,1578700
2014-03-20,63.65690231323242,63.73960457382283,62.99527160895309,63.03662589413731,607600
2014-03-21,63.99598693847656,64.76512999217678,63.896746744307734,63.938094721951956,984500
2014-03-24,64.43431091308594,64.57490537281646,63.863654646232476,64.40122875024745,783900
2014-03-25,65.0876693725586,65.21172591767137,64.43431710053538,64.657613833916,709700
2014-03-26,65.60871124267578,65.66660346073697,65.07113704080562,65.60871124267578,1415000
2014-03-27,65.75756072998047,66.30340059964155,65.55906776848836,65.6996685269895,2055300
2014-03-28,66.53498840332031,66.7831015211183,66.22071725591773,66.3530459346843,707900
2014-03-31,67.2462387084961,67.69283853088804,66.89888539433967,67.1469985100392,675200
2014-04-01,67.62666320800781,67.67628960895448,67.21314562219204,67.37028432393087,957700
2014-04-02,66.9815673828125,67.3289269015767,66.49361972872678,67.27102839030205,1353300
2014-04-03,66.80791473388672,67.14700225694577,66.68385816911442,67.08083791443,540200
2014-04-04,66.64250183105469,67.27931619602636,66.46882518606242,66.80790635682499,1200300
2014-04-07,65.7244873046875,66.4605481161587,65.41848201405092,66.33649157618292,998100
2014-04-08,66.54325103759766,66.76655407374024,65.89816459501294,66.01394901753955,760600
2014-04-09,67.35374450683594,67.39509247839071,66.4770829588571,66.98984702240028,1479500
2014-04-10,66.27860260009766,67.3785609665718,65.93952143804522,67.34547880031188,1044300
2014-04-11,64.9967041015625,65.666607015135,64.94708400047523,65.28617151731522,708000
2014-04-14,66.22071075439453,66.25379292083818,65.17037878636546,65.40194764169293,837400
2014-04-15,66.16281127929688,66.32821578358416,65.14555527957563,66.05529898248787,1196700
2014-04-16,67.50261688232422,67.560509095294,66.03048889150509,66.28687410018094,1072500
2014-04-17,65.97260284423828,66.34477251363612,65.335788442055,65.65005958329397,1594100
2014-04-21,66.22071075439453,66.31168513467006,65.6087064496322,66.02222406551071,557700
2014-04-22,65.93125915527344,66.33650471030398,65.8485568821744,66.1132079419587,848000
2014-04-23,65.79891967773438,65.98086843457524,65.53426866135983,65.88162824704601,533000
2014-04-24,65.38540649414062,65.76584196155746,65.0049710267238,65.60043743129914,1144800
2014-04-25,64.40949249267578,65.1703695940009,64.30198019923222,65.16209747611225,908400
2014-04-28,64.7568588256836,65.00496560036008,64.35160703375634,64.82301684639728,1153400
2014-04-29,65.71621704101562,65.98914017471046,65.36886376710108,65.55081252289763,761400
2014-04-30,66.9815673828125,67.01464954220798,66.34475316633548,66.49361972872678,1104100
2014-05-01,66.68384552001953,67.12217947370573,66.60114326245191,66.90714855620767,492700
2014-05-02,66.17108917236328,66.51844244754741,65.57562280931737,65.65005294980914,864100
2014-05-05,64.9222640991211,65.20345304232198,64.40123418742527,64.591448752584,846500
2014-05-06,64.50874328613281,65.31096841092221,64.45912319504154,65.26961412849442,1215900
2014-05-07,64.7237777709961,65.07940316626775,64.41777246955556,64.81475214953846,866000
2014-05-08,63.15242385864258,63.88021274154051,62.987019302004676,63.772700410703806,1993500
2014-05-09,62.56522750854492,62.83815069719959,62.143437699694914,62.42463300885465,1613600
2014-05-12,63.50802993774414,63.698244488804924,63.32608119514517,63.425327684683914,854900
2014-05-13,63.2020263671875,63.68170828157718,63.135862039041825,63.68170828157718,783200
2014-05-14,63.49149703979492,63.95464109724147,63.49149703979492,63.54938925825342,1099200
2014-05-15,62.672725677490234,63.34262216214222,62.4825111172996,63.317812116011076,973500
2014-05-16,62.697540283203125,62.714084521678885,62.217864633635855,62.598300091461454,631700
2014-05-19,62.3749885559082,62.41634283669415,61.90357877992426,62.19303981609381,1658900
2014-05-20,61.87050247192383,62.38326657721548,61.55623136145485,62.110343441667766,745700
2014-05-21,62.46596908569336,62.48251332355014,61.97802133514407,62.02764142915845,572000
2014-05-22,62.50471496582031,62.87531498635201,62.49629048553669,62.639480946375706,829000
2014-05-23,62.80792999267578,62.875312980804146,62.42891192994573,62.454178943995004,648200
2014-05-27,63.95342254638672,64.1892566063482,63.692321469428826,64.16398958935177,714200
2014-05-28,64.25662231445312,64.45876482203535,63.90287131968563,64.43349781183687,777900
2014-05-29,64.41667175292969,64.53458878133914,64.17241321522553,64.23978978431943,783700
2014-05-30,64.43350219726562,64.61037770668776,64.26505116714786,64.52615219162887,383400
2014-06-02,63.82707214355469,64.16398065056275,63.709155130001164,64.12186467743851,537200
2014-06-03,64.30717468261719,64.40824917824354,64.01238210286903,64.10503211736078,430300
2014-06-04,63.49017333984375,63.79339039989258,63.38068078938022,63.56598081785409,1367500
2014-06-05,63.80180740356445,63.928148901443876,63.14483932578604,63.346981866795815,593700
2014-06-06,63.38909912109375,63.58281718589013,63.144840600528006,63.56597465129744,1112400
2014-06-09,63.20380783081055,63.363840848501255,62.925857776715056,62.97639181346095,544400
2014-06-10,63.195377349853516,63.338561391037956,62.883742251510434,63.0943092859567,697100
2014-06-11,63.111148834228516,63.195374358821454,62.95111583930501,63.119573314486495,298900
2014-06-12,63.464908599853516,63.53229159917037,63.220650046827295,63.33014902721631,882600
2014-06-13,63.987117767333984,64.26506782245887,63.768126230629846,63.995542248821685,388400
2014-06-16,64.77042388916016,65.07364094598921,64.57669938163195,64.70304089297677,676900
2014-06-17,64.9894027709961,65.14100484392239,64.82094531330861,64.90517082915487,443900
2014-06-18,65.86536407470703,65.91590453132413,65.33473747519574,65.58742048029393,425900
2014-06-19,65.95801544189453,66.37073145380025,65.85694737856733,66.27808144508639,702500
2014-06-20,65.46107482910156,65.6211078172546,65.26735034733761,65.38526736197817,972000
2014-06-23,65.41896057128906,65.64637655262823,65.12416802695637,65.6211095382562,528500
2014-06-24,65.22523498535156,65.70532748101772,65.20838602705042,65.32630303117931,319800
2014-06-25,64.9809799194336,65.37684692242225,64.87148096269497,64.9472884270521,861100
2014-06-26,64.53457641601562,64.80410191873634,64.11344241638983,64.80410191873634,792300
2014-06-27,64.77884674072266,64.8041137571568,64.45878072990065,64.60196477369152,400200
2014-06-30,64.8546371459961,65.39368816144166,64.79567864199407,65.22523712886304,1023900
2014-07-01,65.1915512084961,65.49476823384688,64.65250014698258,64.72830119032251,865000
2014-07-02,65.2757797241211,65.45265525935083,65.12417120449621,65.31789570079306,638500
2014-07-03,65.907470703125,65.99169621754663,65.46949417253558,65.48633670502197,361700
2014-07-07,66.513916015625,66.61498407974454,66.20227449059922,66.46338198356523,724600
2014-07-08,65.6379623413086,66.01698046817575,65.51162082368737,65.82326237702019,580100
2014-07-09,66.12647247314453,66.25281397743782,65.85694692945023,66.07593201582971,676200
2014-07-10,65.52002716064453,65.6800601337132,65.12416018052399,65.14942719185171,512500
2014-07-11,65.52002716064453,65.65478669639072,64.8967506525796,65.04835914654076,571000
2014-07-14,66.59813690185547,66.80027944199921,66.39599436171174,66.74132093337414,525700
2014-07-15,65.79798126220703,66.19384184114989,65.59583230692263,65.88220678057796,679500
2014-07-16,67.07823181152344,67.22141584808095,65.89063711714091,66.02539667331395,2512100
2014-07-17,67.95418548583984,68.61957800622491,67.18771848765111,68.3837439840115,3553000
2014-07-18,68.50166320800781,68.63642275677086,67.76046319882735,67.92892066727535,1132200
2014-07-21,68.41742706298828,68.56903554805217,68.08051860440249,68.24054514208511,878900
2014-07-22,68.84697723388672,69.07439316837392,68.48480177517995,68.54376027189993,712200
2014-07-23,69.31866455078125,69.65556663710709,69.30181559086772,69.63029962323219,658200
2014-07-24,68.89752197265625,69.04070598418753,68.53534649137477,68.91436450448569,786900
2014-07-25,67.95418548583984,68.39216203766544,67.48251744141302,68.2574024932557,919500
2014-07-28,67.7857437133789,67.96261925421325,67.31406917849128,67.8952362598013,1233000
2014-07-29,67.6425552368164,68.08895634245556,67.48252865286794,67.82785526391105,625200
2014-07-30,67.6425552368164,67.82785526391105,67.21300309327471,67.73520525036373,594400
2014-07-31,66.10961151123047,66.87607845241021,66.10119345820266,66.66551145881067,876900
2014-08-01,65.19996643066406,65.77270247945121,65.08204300333155,65.31788343200196,1516500
2014-08-04,64.96414184570312,65.08205887579909,64.28190668214845,64.70304076849008,1158800
2014-08-05,65.1073226928711,65.60425775680552,64.97255672068839,65.57056626375984,605800
2014-08-06,64.8967514038086,65.20838644845111,64.38296741421466,64.38296741421466,1013100
2014-08-07,64.50088500976562,65.64637000433407,64.27346905111145,65.55372001021495,606200
2014-08-08,64.75357055664062,64.77041951754737,64.13871842945555,64.31559396300177,652700
2014-08-11,65.39370727539062,65.64639032411036,64.96414866296584,65.14944870856073,865600
2014-08-12,64.93043518066406,65.21680963400057,64.59353313108419,65.09046815241078,1043600
2014-08-13,64.90518188476562,64.98098936013638,64.46720527216543,64.94729786286005,1035600
2014-08-14,64.92201232910156,65.15784631677437,64.82936234451664,65.01466231368647,446700
2014-08-15,64.28191375732422,65.46109061406591,63.70074659788793,65.34317357099144,1224300
2014-08-18,65.0904769897461,65.19997595412144,64.77041742879284,64.95571743681677,488700
2014-08-19,65.65478515625,65.74743514627481,65.45264264437525,65.58740860295481,459800
2014-08-20,65.1915512084961,65.35157777532335,64.61880865238854,64.61880865238854,1038200
2014-08-21,65.66321563720703,65.74744115602073,65.05678162015613,65.05678162015613,814100
2014-08-22,65.0483627319336,65.40211376200978,64.86306273732366,65.31788824427666,655600
2014-08-25,66.0927734375,66.33703193767138,65.7053309142611,65.8485149373286,908400
2014-08-26,66.37914276123047,66.61497678635017,66.22753425565419,66.27807470817645,409500
2014-08-27,66.69922637939453,66.74976041929202,66.43811884593137,66.71606891736138,526300
2014-08-28,65.59583282470703,65.80639983529404,65.34315626759974,65.59583282470703,729500
2014-08-29,65.6379623413086,65.86537193222958,65.04837716040491,65.61269532298365,654100
2014-09-02,66.15174102783203,66.24439103806957,65.79798994837742,66.03382400134716,790800
2014-09-03,65.4695053100586,65.66322338358376,65.31789678791041,65.44423186803728,899200
2014-09-04,65.1915512084961,65.67164376096892,65.11574373916062,65.1747022482013,957400
2014-09-05,65.64636993408203,65.68006142517974,64.94728595229306,65.34315294019753,696200
2014-09-08,65.907470703125,66.22753022832516,65.62110266889246,65.84008772118975,686900
2014-09-09,65.3684310913086,65.67164813686362,65.16628853627056,65.34316407517834,599600
2014-09-10,65.49476623535156,65.6042587699445,65.08205025866481,65.2505077264947,931900
2014-09-11,65.39370727539062,65.55374030131291,65.00626464641807,65.04838062987032,752600
2014-09-12,65.21681213378906,65.34315362022159,64.75356215886814,65.05677915590822,567000
2014-09-15,65.38526153564453,65.57898600014613,65.19996797628859,65.43580198455504,469000
2014-09-16,65.14944458007812,65.2757860964318,64.56828388644554,64.61039344123246,625900
2014-09-17,64.45037078857422,64.98100395738209,64.40826122701641,64.85466242071367,594700
2014-09-18,65.14944458007812,65.25051907836036,64.7114679395147,64.7114679395147,315500
2014-09-19,62.30257797241211,62.71528757914485,62.19307899695511,62.65632906389732,3268600
2014-09-22,62.75740432739258,62.934279875302735,62.55525533606986,62.92585539416521,1178100
2014-09-23,62.041473388671875,62.95111808309218,62.016199946997105,62.698441500307155,1005300
2014-09-24,62.235198974609375,62.3025819752204,61.31712968877145,61.40977970811246,1091400
2014-09-25,60.94652557373047,61.48557669091358,60.719109568233606,61.36765966065454,1688500
2014-09-26,61.611915588378906,61.628758123703015,61.12339852603265,61.493998563122354,417800
2014-09-29,61.02232360839844,61.26658213785957,60.62646298409509,60.69383955091523,930200
2014-09-30,60.778072357177734,60.89598938326128,60.35693828516624,60.52538934357245,1381600
2014-10-01,60.0200309753418,60.51696610604578,59.876840504159404,60.50854162515361,1207500
2014-10-02,60.146366119384766,60.25585865541078,59.58204162726264,59.868416113324,1209100
2014-10-03,59.86842346191406,60.09583304188023,59.55678192359369,59.64100745595167,939600
2014-10-06,60.06214141845703,60.39062549216534,59.75892436180379,59.79261585987595,1396700
2014-10-07,59.304107666015625,59.96107584071941,59.28725870328163,59.84315880556727,1167600
2014-10-08,58.293373107910156,58.436557139424096,57.19842845833857,57.42583801274332,3017900
2014-10-09,58.04911804199219,59.000885142589226,57.9985840104546,58.773469148678345,1308000
2014-10-10,57.93119430541992,58.66396980778971,57.89750281296664,57.98172833110228,3258400
2014-10-13,57.48479461669922,58.284946696643445,57.46795208307731,57.720628643377715,1134000
2014-10-14,57.78801345825195,58.22599003222729,57.58587091841684,57.813280472481914,2446200
2014-10-15,57.307918548583984,57.36687705468971,56.010824988262684,57.19842601610054,1623700
2014-10-16,55.968711853027344,56.322469333591165,55.160135260016055,55.362284227765535,2951400
2014-10-17,58.108070373535156,58.29337037079163,57.35845233081227,57.60271083392352,1245400
2014-10-20,55.32017135620117,55.40439688449036,53.98938616084591,55.370705387975505,2877100
2014-10-21,55.648658752441406,55.74973324804826,54.94115656118231,54.949574616319005,1497700
2014-10-22,54.02307891845703,54.94115454842938,53.99781190198004,54.713738548144356,1733800
2014-10-23,55.72445297241211,55.96028698005436,54.91587005193187,55.00852004436201,1403400
2014-10-24,55.32017135620117,55.54758092518157,55.101179841852556,55.42966390037753,681300
2014-10-27,55.09275817871094,55.34543474702849,54.43578367869614,54.52001562746414,881100
2014-10-28,56.41511535644531,56.44880042269774,55.94344089097522,56.07820685996527,1040800
2014-10-29,55.73287582397461,56.36457686711591,55.572849262722286,56.16243433258938,3066800
2014-10-30,55.859222412109375,56.15401497392772,55.160138318371665,55.1938298148646,2786800
2014-10-31,57.38372039794922,57.408993837489945,56.42353532725135,56.63410234145694,1900600
2014-11-03,56.57514572143555,56.66779572485573,56.297195711175,56.61726169607946,1870600
2014-11-04,56.36458206176758,56.60041611144926,56.04452248377042,56.26351399818737,1094400
2014-11-05,56.61726760864258,56.8025676348339,56.2972015903135,56.61726760864258,748000
2014-11-06,56.84466552734375,57.08049953921204,56.49933898882085,56.70148150956584,675200
2014-11-07,56.30561828613281,56.398268286418066,55.935024710987086,56.10347575187193,1429400
2014-11-10,56.66779327392578,56.76886775310229,56.29719327627381,56.42353476874564,767500
2014-11-11,56.70148468017578,56.81940169270356,56.34773364259243,56.54145169489012,473900
2014-11-12,55.968711853027344,56.297195893125824,55.800260805898326,55.892910809617945,948700
2014-11-13,56.12031936645508,56.40669385266933,55.73287682416144,55.74130130416653,623300
2014-11-14,56.33088684082031,56.40669430948922,55.75814428974877,55.77499324989541,393500
2014-11-17,56.86994171142578,56.97944068173574,56.406698092254736,56.490923620649845,1107800
2014-11-18,57.77959442138672,58.06596893696065,57.26581033032427,57.383727358502924,1459600
2014-11-19,57.880672454833984,58.25969057916769,57.653256439436575,58.24284804239582,857100
2014-11-20,57.79643630981445,57.939620337080065,57.34161078850431,57.39214481554034,551200
2014-11-21,58.419715881347656,58.77346694081362,58.327065876345294,58.714508430902626,728900
2014-11-24,59.261985778808594,59.48097729054947,59.017727251481425,59.354635786622204,1035700
2014-11-25,59.63258743286133,59.84315446980505,59.573628919556924,59.59047145507418,900400
2014-11-26,59.90211486816406,60.0452989155526,59.71681484166303,59.8431563530043,1054800
2014-11-28,59.228294372558594,59.699962466873814,59.118801829519946,59.590469923835165,432700
2014-12-01,59.674686431884766,60.036861928421324,59.64099494081219,59.86841089905333,805700
2014-12-02,59.2535514831543,59.82629397022224,59.13563447928691,59.73364397775575,1011600
2014-12-03,58.706085205078125,58.95034373021323,58.48710012129832,58.748201181341194,1081400
2014-12-04,58.259681701660156,58.78189022596573,58.10807318982921,58.69766470294754,898600
2014-12-05,58.74819564819336,59.00929668364465,58.327061629209894,58.48709461274206,877300
2014-12-08,58.79030990600586,59.44727792830188,58.697659910451804,59.287244949436705,1155400
2014-12-09,58.86611557006836,59.16933259280866,58.47024854449101,58.69766452454397,990600
2014-12-10,57.89751052856445,58.80716166804048,57.846976496147775,58.78189465183214,807700
2014-12-11,59.14406967163086,59.708387781786115,58.773469634635326,58.83242814724863,1158400
2014-12-12,57.69536590576172,59.14406809243068,57.6785233708916,58.95876807888059,1693000
2014-12-15,56.60041809082031,58.26811188416952,56.457234045077136,58.150194855205,1234600
2014-12-16,56.88679122924805,57.69536787654434,56.07821458195176,56.154015630450175,856100
2014-12-17,57.61113357543945,58.09122608748498,57.00469957580403,57.10577405107494,862000
2014-12-18,59.29566955566406,59.312512088530376,58.225985577795925,58.27652602838484,884500
2014-12-19,59.32936096191406,59.66626302671487,58.82399501272288,58.967185458857706,3073000
2014-12-22,59.539939880371094,59.79261647953661,59.472556883528455,59.69154841026891,1043500
2014-12-23,59.7168083190918,59.84314981663341,59.43043382959778,59.53150831283017,650400
2014-12-24,60.19690704345703,60.272708094159746,59.75050594221796,59.89368998865386,304300
2014-12-26,60.390625,60.55065800803949,60.087407945817894,60.3400909663017,473000
2014-12-29,60.070560455322266,60.382201964748745,59.89368492597068,59.96948597026609,1002200
2014-12-30,59.29566955566406,59.910521608206864,59.177752547614894,59.733646096133114,476800
2014-12-31,58.663963317871094,59.48938230067845,58.605004819099136,59.29566427299678,487100
2015-01-02,58.99245071411133,59.26197621352153,58.65554223334988,58.78188371688477,683600
2015-01-05,56.60041809082031,57.577452246236156,56.4825010618558,57.52691821267883,1678800
2015-01-06,55.32017135620117,55.977139473251114,55.05064581007822,55.5307383899221,1478900
2015-01-07,54.8232307434082,55.134872271950634,54.41052114960575,54.73058715891852,1483100
2015-01-08,55.699180603027344,55.85078910027505,54.32628607450272,54.33471055379284,1184700
2015-01-09,54.77268981933594,54.97483235041864,54.25890579892122,54.941147283567524,1142500
2015-01-12,57.021541595458984,57.35845008400129,55.1517120147393,55.38754602892044,3279400
2015-01-13,56.33931350708008,57.10578057360699,55.94344646621415,56.51618903951035,1707100
2015-01-14,56.406700134277344,56.760451221940755,55.85080005995243,56.1624415948918,841200
2015-01-15,56.33088684082031,56.83625282929174,56.09505280673123,56.50776236638712,1060900
2015-01-16,56.52460479736328,56.634097321686994,55.421235797041724,55.78341128641369,1143700
2015-01-20,53.53456497192383,53.70301603215865,52.9112851248617,53.610369234228706,2674100
2015-01-21,53.97254180908203,54.014651358811435,53.399799239597556,53.57667477085069,2283800
2015-01-22,54.199954986572266,54.42737098906759,53.61036984305866,53.82093688374154,1517800
2015-01-23,54.34313201904297,54.7979575393425,54.07360649879087,54.14098948535272,1032700
2015-01-26,55.67392349243164,55.93503098890267,54.87377131942991,55.092762837955156,1736100
2015-01-27,55.16856002807617,55.522311084490546,54.93272599046659,55.26963451247838,1302100
2015-01-28,54.065189361572266,55.02537444537376,54.01464890779639,54.90745742988904,981200
2015-01-29,55.438079833984375,55.547572361280004,54.663194811596256,54.755844806229064,1354800
2015-01-30,55.05064392089844,55.58969499464565,54.91587793946379,55.278053482074796,967900
2015-02-02,56.38984298706055,56.448801493112924,55.530732409440816,55.73287494076395,1187300
2015-02-03,57.59429168701172,57.62798318290475,56.81940655945923,57.055240604714704,1299500
2015-02-04,56.76044464111328,57.46795316040745,56.693061653371856,57.44267972050786,1333800
2015-02-05,57.87223815917969,57.89750517305083,57.08892859919739,57.31634457602843,1129300
2015-02-06,56.15400695800781,56.76886543574079,56.002398458429475,56.57514096505931,2718100
2015-02-09,55.850791931152344,56.18770043389004,55.732874919093426,55.842373877430425,1734800
2015-02-10,56.70991516113281,56.82783218613891,55.98556404981196,56.6256896326993,1805900
2015-02-11,56.29719543457031,56.465652906322745,56.002402891497916,56.0360943858484,874800
2015-02-12,58.192298889160156,58.22599038366861,57.77116484679774,57.83854783581465,751700
2015-02-13,58.192298889160156,58.61343293152257,58.07438187137832,58.38602337608489,639600
2015-02-17,58.18388748168945,58.28495555076485,57.7290618928614,58.167038519512715,476500
2015-02-18,58.08280944824219,58.242842449190775,57.40899880013481,57.47637536674844,600900
2015-02-19,58.01543426513672,58.327075828409065,57.560608642791976,57.7037991278611,432600
2015-02-20,58.64712142944336,58.91664694574401,57.53532787145375,57.678518322297215,813000
2015-02-23,58.689239501953125,58.96718950789497,58.554473525982985,58.71450651594867,563100
2015-02-24,58.849273681640625,59.093532198527974,58.37759918220499,58.62185769909233,1113400
2015-02-25,59.110374450683594,59.1861754938408,58.84927340070365,59.01772444727222,568800
2015-02-26,58.83242416381836,59.21144865580875,58.689240132308775,58.80715714955143,646700
2015-02-27,59.118797302246094,59.3798983450334,58.97560684801224,59.2114473031052,527600
2015-03-02,59.8936882019043,59.91895521805143,59.11880305207753,59.11880305207753,2479100
2015-03-03,59.304107666015625,59.80104282472873,59.093540613815875,59.74208430715266,812300
2015-03-04,58.857688903808594,58.9250718899137,58.27652832013898,58.67239533101242,1376500
2015-03-05,58.941925048828125,59.17775909100304,58.798734586654184,59.11037610009715,497500
2015-03-06,57.67851257324219,58.377590094407736,57.552171094382786,58.11648908382764,886800
2015-03-09,57.67851257324219,57.813272104962884,57.35844663666576,57.57743810495576,506000
2015-03-10,56.35615921020508,57.07208577894216,56.288776222889844,56.81097830959449,794000
2015-03-11,56.59199142456055,56.96258499091639,56.31404143029731,56.617258437494456,679000
2015-03-12,57.35003662109375,57.44268663389004,56.92890253601832,57.265811089277896,1227900
2015-03-13,57.341609954833984,57.53532800631922,56.78570996153853,56.92047593300235,663700
2015-03-16,58.520782470703125,58.63027499548008,58.006998485374375,58.15860697983195,777700
2015-03-17,58.12492370605469,58.31022371725255,57.89750771922252,58.13334176038501,859100
2015-03-18,59.77577209472656,60.19690617297489,58.57975285474038,58.61343792612371,2280200
2015-03-19,59.21986770629883,59.447283690518525,59.00088262830394,59.144066662222656,1642200
2015-03-20,61.28343200683594,61.67929906299903,60.72753194686326,61.106556467570805,2766100
2015-03-23,61.65401077270508,61.87300223686339,61.07285026250778,61.39290976705114,1480500
2015-03-24,61.93197250366211,62.46260552048874,61.88143847386744,62.22676505412376,1393000
2015-03-25,60.73594665527344,61.83089763759143,60.67698815167139,61.7635146546191,1389000
2015-03-26,60.4327392578125,60.71910734194289,59.7589221730413,60.26428819961768,835500
2015-03-27,61.09812927246094,61.207621813047545,60.40746968153964,60.70226223388489,1221900
2015-03-30,61.24974822998047,61.6119238348859,61.24132374819287,61.451890810905404,1017000
2015-03-31,60.786502838134766,61.4013615364018,60.73596879548172,61.24975298244536,998100
2015-04-01,60.9886474609375,61.51927414850627,60.64331439172835,61.51927414850627,960100
2015-04-02,61.28343200683594,61.71298413391012,61.09813198684504,61.60349158845913,808700
2015-04-06,61.763511657714844,62.10042013023397,60.94651070030421,60.98020219015558,857000
2015-04-07,61.443458557128906,62.150967139868506,61.40134900551091,61.881441590728656,686200
2015-04-08,61.426605224609375,62.04988174256654,61.19919569305569,61.999347719109025,876100
2015-04-09,61.468727111816406,61.56137068840814,61.10655158151977,61.367652629177066,686800
2015-04-10,61.637176513671875,61.898277554368356,61.43503397977767,61.67086800698679,604600
2015-04-13,61.31712341308594,61.73825748480769,61.1149744319424,61.65402552966657,682400
2015-04-14,61.788795471191406,62.066745518553866,61.70456993665635,62.01620505703572,726100
2015-04-15,61.788795471191406,62.04989655604902,61.23289537646651,61.9488284850055,574600
2015-04-16,61.401344299316406,61.569795344869156,60.971785779362776,61.308694296463756,925500
2015-04-17,60.41590118408203,60.80334378733937,60.01160961816334,60.643310772038745,924400
2015-04-20,60.91283416748047,61.30027675691512,60.70226712370102,61.08128523210555,832100
2015-04-21,62.44575881958008,62.79109183832841,62.16780879366009,62.462607780785106,1563100
2015-04-22,62.69001770019531,62.900584734466285,61.87301657906457,62.31099960890592,1342100
2015-04-23,63.01850128173828,63.22064383382681,62.20150016680248,62.31941719102045,944100
2015-04-24,63.32170867919922,63.51543314719426,62.58893320373307,63.07745018737717,762500
2015-04-27,64.34086608886719,64.94730020976283,64.29033205412465,64.53459059870741,1259200
2015-04-28,64.46720123291016,64.84621930802804,64.18082673700245,64.71145975336226,1037700
2015-04-29,64.19766998291016,64.91359651995646,63.894452979409,64.74514548512029,1304900
2015-04-30,63.751277923583984,64.45878008059756,63.565977903605386,64.2229460282597,1117800
2015-05-01,64.34929656982422,64.73673919963296,63.91973795647233,63.92816243838033,768400
2015-05-04,64.18925476074219,64.55985480202376,64.18925476074219,64.41667075916351,1439200
2015-05-05,62.723697662353516,63.456466694228084,62.54682215721156,63.414357150715084,1375600
2015-05-06,62.93428421020508,63.49860239135947,62.70686818580172,63.229076810360596,1443600
2015-05-07,63.43120574951172,63.919722768146585,63.14483769265391,63.237487693636226,1284700
2015-05-08,64.02080535888672,64.30717345202028,63.71758830380639,63.751279801703774,521000
2015-05-11,63.58281326293945,63.90287923441391,63.523854756509195,63.61650475604177,774200
2015-05-12,63.397525787353516,63.67547584085721,63.09431514152719,63.35541623215377,1065000
2015-05-13,63.77653503417969,64.5598445440668,63.68388503858051,64.18924456167011,794700
2015-05-14,65.0820541381836,65.15786160972475,64.35770947432077,64.53458500658915,1309500
2015-05-15,64.71147155761719,64.92203862131424,64.48405553026616,64.7535811147585,868100
2015-05-18,64.70118713378906,65.0605005642075,64.53009047314731,64.79529225521779,847700
2015-05-19,64.67552185058594,64.85517529834445,64.40176328348929,64.50442519374518,556700
2015-05-20,64.7610855102539,64.89796808966673,64.35045082585665,64.44455596747282,648700
2015-05-21,64.84663391113281,65.0006235341366,64.51299081577794,64.57287530656163,627300
2015-05-22,63.914127349853516,64.29910459835502,63.89702029581553,64.27343422691992,492900
2015-05-26,62.87898635864258,63.42650354083637,62.476902000205335,63.37517584466809,892000
2015-05-27,63.46928024291992,63.554828577857215,62.56244961720978,62.67366832685588,1148300
2015-05-28,63.52915954589844,63.82858195720499,63.18695970715421,63.78580452976732,822600
2015-05-29,63.22117233276367,63.70024813014893,63.09284659363027,63.529151495916544,868300
2015-06-01,63.18696594238281,63.4521677432929,62.690776453586146,63.3751761986105,475600
2015-06-02,63.88848114013672,64.23923132354048,63.64038636313379,63.84570370285601,700400
2015-06-03,64.72686004638672,64.99206183886123,64.3162189070499,64.34188275446105,790100
2015-06-04,64.02535247802734,65.11183664654332,63.888476437261595,64.33333172840038,588000
2015-06-05,62.998741149902344,63.4350460498559,62.62232072430177,62.99018436016101,815000
2015-06-08,62.81055450439453,63.09286992952318,62.53679587221784,62.98165772883037,733300
2015-06-09,62.22024917602539,62.46833736095242,61.84382871296011,62.25446328455966,721100
2015-06-10,63.38372802734375,63.631822777863604,62.59667286998964,62.95597980787914,648000
2015-06-11,63.47782897949219,63.931247544892074,63.1356356479805,63.70025986651032,587700
2015-06-12,62.921756744384766,63.23828620453855,62.399903468709745,62.81053804591436,638600
2015-06-15,61.9978141784668,62.24590887378348,61.53584542100661,61.638507320526124,665700
2015-06-16,62.417022705078125,62.5966761835328,61.6299675060614,61.724072641478635,690800
2015-06-17,62.35713195800781,62.6223337529009,61.80961478517848,62.348575166486235,805400
2015-06-18,62.67366027832031,63.37516697779014,61.997817423343974,62.083365747295176,1253900
2015-06-19,62.160362243652344,62.32290209699427,61.89515396108227,62.2031331410924,849700
2015-06-22,63.999671936035156,64.64985090912414,63.7601340319809,63.88845977398664,1273300
2015-06-23,63.717369079589844,64.10233981459945,63.674591652624784,64.05101212377656,560700
2015-06-24,62.88753890991211,63.40939220883409,62.793433788669184,63.238289021610946,682900
2015-06-25,62.87898635864258,63.24685007732775,62.622334823961886,63.16130174140741,683300
2015-06-26,62.42556381225586,63.09284985797218,62.16891232071024,63.04152217043049,608800
2015-06-29,60.466495513916016,61.59575068200937,60.329612935034106,61.39898360659677,1262800
2015-06-30,60.08150863647461,60.69746049617422,59.58531921092985,60.68035344184321,1520400
2015-07-01,60.20127868652344,60.73168223032465,60.03017550552387,60.56914236702379,1247300
2015-07-02,59.85052490234375,60.20983180912413,59.64520760231486,60.20128154485742,668500
2015-07-06,58.39617919921875,58.90091888272452,57.94276720504068,58.011201948504684,1698700
2015-07-07,58.89236831665039,59.08057856663597,57.33536514893256,58.06254230149859,2377300
2015-07-08,58.58439254760742,59.19179416901778,58.41328936254309,58.81537368879537,955100
2015-07-09,59.722198486328125,60.34671369766131,59.67942758470646,60.021627432275906,1002400
2015-07-10,61.82671356201172,62.34001655385679,61.64706012563341,62.3143461827296,1495700
2015-07-13,62.10904312133789,62.50257071877265,62.03205157108595,62.29725339118064,1006400
2015-07-14,62.63088607788086,62.87042400804602,62.417011993530664,62.53678095861324,816000
2015-07-15,63.435054779052734,63.9569080674765,62.76776867960441,62.99019302814113,1817800
2015-07-16,63.82002639770508,64.02534369414548,63.67459358468143,63.89702446319471,956100
2015-07-17,63.45216751098633,63.9055795664641,63.22974314254948,63.88847251001498,755000
2015-07-20,63.700252532958984,64.23066257880922,63.563376521496174,64.19644194421384,1477300
2015-07-21,62.28014373779297,63.931252135891164,61.518752424739795,63.75159213895063,3605900
2015-07-22,62.07482147216797,62.65655933001065,61.9122815819655,62.34002981488158,2191800
2015-07-23,62.81055450439453,63.08431313657123,62.519688813234566,62.71644936268498,1218000
2015-07-24,61.963600158691406,62.99874994671769,61.79250350148275,62.88753777222397,2586200
2015-07-27,61.33053970336914,62.049153554635105,61.22787778450844,62.014932915014874,1819000
2015-07-28,61.81816101074219,61.929373173836176,61.10809755496458,61.210759454917934,2271400
2015-07-29,61.67273712158203,62.08337829724378,61.2877663225217,61.37331466376621,889000
2015-07-30,61.287757873535156,61.39897004912957,60.52636664565849,60.87712328140259,1295600
2015-07-31,61.31343460083008,61.68129836898009,61.13378111316434,61.48453782259784,520100
2015-08-03,61.270660400390625,61.98071752010554,61.03967269513815,61.98071752010554,980900
2015-08-04,61.52729797363281,61.86094103908544,61.39897221147733,61.72406501252714,885400
2015-08-05,61.89515686035156,62.26302053554396,61.7155034180835,61.783944689495776,447000
2015-08-06,61.81816101074219,62.41700577650739,61.715499110788826,62.33145745667213,774500
2015-08-07,61.59573745727539,61.655621940948755,61.13376864311552,61.433191061482326,584000
2015-08-10,62.519676208496094,62.69077287151609,61.80961265581639,61.81816944704318,493700
2015-08-11,61.270660400390625,61.9465034045098,60.97123141010629,61.869505327118915,573900
2015-08-12,61.23644256591797,61.2535496245003,60.08152356745648,60.72314595848181,1114500
2015-08-13,60.466495513916016,60.740254144759234,60.26972843850342,60.50927295154677,721700
2015-08-14,60.415157318115234,60.50070565159912,60.00451617970534,60.23550385972324,661300
2015-08-17,60.02162170410156,60.05583581136598,59.379999498736886,59.49121166464274,675400
2015-08-18,59.67942810058594,59.756419640322,59.40566952554781,59.67087130941995,709900
2015-08-19,60.030189514160156,60.321061726277826,59.33723941843236,59.48267226103095,1354900
2015-08-20,58.259307861328125,60.055849129366955,58.250751069155164,60.03018527976812,1364400
2015-08-21,57.92566680908203,59.00359421875401,57.87433910807108,58.6015098223808,2103200
2015-08-24,56.00934982299805,58.09676310788548,53.9476036490207,55.53027393213975,2794700
2015-08-25,56.87339782714844,58.95225413126655,56.79639976488982,58.74693031652283,2586500
2015-08-26,57.14715576171875,57.50646264321332,56.26598908531233,57.241260877384306,7063900
2015-08-27,58.13953399658203,58.13953399658203,57.318258243782054,57.75456323108562,1489100
2015-08-28,57.71178436279297,57.80588948568862,57.12148977861465,57.30970002440596,1369200
2015-08-31,57.54069137573242,57.7973363870926,57.207048292120376,57.44658624682444,772600
2015-09-01,56.112003326416016,56.633856630094115,55.8724653890397,56.573972145750034,1081000
2015-09-02,56.573970794677734,56.59108437660693,55.76980867082174,56.334432863021945,1495500
2015-09-03,56.95038986206055,57.04449497958053,56.6167468188239,56.64241066416226,2811400
2015-09-04,55.37628173828125,55.76125248592384,55.051188947284295,55.40194558453486,1669100
2015-09-08,56.76218032836914,56.77929391008548,56.18044256147547,56.42853728101003,894400
2015-09-09,55.65858840942383,56.89050519704149,55.56448329220754,56.80495687055003,1251200
2015-09-10,56.445655822753906,56.89906787429372,55.555938775974816,55.590159415495506,1302400
2015-09-11,56.51408767700195,56.51408767700195,56.06067564871175,56.12056013307236,901400
2015-09-14,56.291664123535156,56.51408848180244,56.10345387660178,56.325878234869066,605700
2015-09-15,57.224151611328125,58.17375310325539,56.060676027109466,56.27455011940085,1593800
2015-09-16,57.292598724365234,57.497916046345544,56.83062985471956,57.027396911519006,1332900
2015-09-17,57.37813186645508,57.86576445632055,57.08726628126997,57.26691970628164,1212200
2015-09-18,55.57304763793945,56.360102791729254,55.44472186729725,55.78692174670319,1397800
2015-09-21,55.684261322021484,55.95802645444299,55.401952451321804,55.769816189363205,829300
2015-09-22,54.23847198486328,54.666220176341824,53.84494116847364,54.495120247058466,1421800
2015-09-23,54.30691146850586,54.469454610822005,53.853499417572536,54.170032174066,1606700
2015-09-24,54.22135925292969,54.25557662649604,53.52840603872292,53.887716200575916,2312600
2015-09-25,54.623435974121094,55.1367324348721,54.46944638320392,54.76031851134462,1777800
2015-09-28,54.21280288696289,54.91431289765564,54.204249359369136,54.91431289765564,1213800
2015-09-29,54.717552185058594,54.88865539129276,54.18714529957255,54.332578129681636,957400
2015-09-30,55.4276123046875,55.91524498954729,54.92286603682517,55.83824691987494,911000
2015-10-01,54.88865280151367,55.30784421489902,54.264137550334986,55.21373908764032,891600
2015-10-02,56.291664123535156,56.30877117920211,54.99986276888103,55.41049737408169,1206600
2015-10-05,57.03594207763672,57.147160784244655,56.65952810881122,56.71085580298757,687000
2015-10-06,57.592018127441406,57.87433350953211,57.33536659337356,57.39525108106677,1002600
2015-10-07,57.65189743041992,57.831550877343076,57.035939025586785,57.40380271031107,857800
2015-10-08,57.79732894897461,57.857213429943904,57.035937750828325,57.19848413928166,967600
2015-10-09,58.498844146728516,58.815380178836676,58.24219913119096,58.61861312603001,869400
2015-10-12,58.55873489379883,58.918048397018396,58.34486076120363,58.370531139728314,1315500
2015-10-13,61.852394104003906,62.553900911038504,58.558727648042684,58.558727648042684,3456400
2015-10-14,62.26301574707031,62.45122596551992,61.895152100169284,62.29723638014464,925900
2015-10-15,63.39227294921875,63.50349164268282,62.887533277683346,63.00730223455339,1571600
2015-10-16,64.4531021118164,64.4531021118164,63.939805525684086,64.07668809634349,944900
2015-10-19,63.95690155029297,64.51297541880923,63.58903790129776,64.4701979954932,835400
2015-10-20,64.55575561523438,64.94928316414418,64.2905538278411,64.6840813767509,1199000
2015-10-21,65.16315460205078,65.68500789120958,65.08616306443018,65.44546996049782,1353400
2015-10-22,65.89032745361328,66.29241179125931,65.54813412762623,65.64223925034847,1049500
2015-10-23,66.14698028564453,66.42929565940497,65.71067530137108,66.12987322977395,938800
2015-10-26,66.19831085205078,66.40363469292197,65.99299353809931,66.10420572338141,769500
2015-10-27,65.90744018554688,66.73727269688727,65.76200737118722,66.46351412347883,1518400
2015-10-28,66.75437927246094,67.37033768993311,66.21541892063239,66.71160837103155,1107200
2015-10-29,66.83136749267578,66.88269517759727,66.27529364065951,66.33517811537399,463600
2015-10-30,67.33612823486328,67.8579816181659,66.86560907948765,66.91693678049438,992900
2015-11-02,68.30282592773438,68.36271693849474,68.01196029962576,68.15739311368007,779000
2015-11-03,68.62791442871094,69.02999873518037,68.31993523766707,68.35415587299626,1249000
2015-11-04,67.69542694091797,68.38838345461046,67.53288706524349,68.37126987174823,1226100
2015-11-05,68.39693450927734,68.91023757036305,68.36272039699655,68.76479822203167,1259200
2015-11-06,67.4045639038086,67.54999672915517,66.78860543537634,67.37034326368239,1575800
2015-11-09,67.44733428955078,67.67832197689454,66.88271004911431,67.64410133703177,934200
2015-11-10,66.9853744506836,67.07947958206312,66.30953147392148,66.42930045441908,1198100
2015-11-11,67.87508392333984,68.07185097495442,67.41312159278702,67.5585544200692,1884700
2015-11-12,67.7039794921875,68.16594829674385,67.37033644338332,67.48154861734503,1123700
2015-11-13,66.69449615478516,67.14790818612133,66.39507373097065,66.88270640030265,785800
2015-11-16,66.75437927246094,66.78859990975597,66.23252597582031,66.30952404146392,683200
2015-11-17,66.8484878540039,67.32756374709747,66.79716015886375,66.99392067484737,808500
2015-11-18,67.9178466796875,68.01195178922228,66.97680211125804,67.37032960253151,863700
2015-11-19,68.57659912109375,68.7990235005153,68.35416821475219,68.43971655506203,753400
2015-11-20,68.2429428100586,68.72202521729776,68.11462357562961,68.69636137041196,591600
2015-11-23,67.66976165771484,68.01196151158467,67.43878050933132,67.81519447436074,1142600
2015-11-24,67.27623748779297,67.4815547996551,66.7458273613195,67.17357556840207,933700
2015-11-25,67.58421325683594,67.78953055818005,67.19068570971,67.3275617349663,486000
2015-11-27,67.62699890136719,67.7125472434096,67.29335579855768,67.44733889808195,377600
2015-11-30,67.58421325683594,67.68687517096765,67.12224443362219,67.3960030110541,1204700
2015-12-01,68.20016479492188,68.24293569296448,67.73819601839845,67.95207008936752,699600
2015-12-02,67.69542694091797,68.00340616324364,67.49866642643848,67.89219398231694,1207200
2015-12-03,67.14791107177734,67.93497272566687,66.83993184349875,67.80664695939751,1427100
2015-12-04,67.56710052490234,67.72109011970346,66.76293191572775,66.79715255089675,1417500
2015-12-07,67.815185546875,67.90074039426915,67.46443547484921,67.86651976069518,801800
2015-12-08,67.49009704589844,67.76385557835418,67.24200235602945,67.52431767832019,776800
2015-12-09,66.9596939086914,67.89218828890087,66.54050254059229,67.48154718459638,679400
2015-12-10,67.04524993896484,67.47299810528662,66.92548097454828,67.35322914087004,705000
2015-12-11,66.0528793334961,66.56617589199033,65.89033292132031,66.25819665150982,725300
2015-12-14,66.28385925292969,66.703050631726,65.51391124203508,66.21541797931259,1468500
2015-12-15,66.9511489868164,67.36178359696582,66.73727489034542,67.2249075692225,799800
2015-12-16,67.13936614990234,67.47300925260146,66.31808379119053,67.10514550771268,1370200
2015-12-17,67.0794677734375,68.01195560414565,67.0537974019185,67.93496407034499,1038400
2015-12-18,66.83136749267578,67.13078986624816,66.5661592244389,67.07090539153369,1114200
2015-12-21,67.31046295166016,67.93497825060372,66.96826305608506,67.82375953156273,912200
2015-12-22,67.66976165771484,67.80664421003051,66.88270656265777,67.29334769268543,734000
2015-12-23,68.27716827392578,68.35416634694461,67.70398722990036,67.72965107860003,566600
2015-12-24,68.48249053955078,68.74769233923034,68.1745113084108,68.31138734062876,163200
2015-12-28,68.70491790771484,68.72203149181414,68.29428326621128,68.55092828542102,332000
2015-12-29,69.21820831298828,69.47485328515764,68.97011360438144,68.97866386794396,427300
2015-12-30,68.56803131103516,69.01288652531606,68.56803131103516,68.90167435347557,369000
2015-12-31,67.66976165771484,68.2771632980471,67.64409781088548,68.19161496630947,267900
2016-01-04,65.99298858642578,66.0272092240033,64.92361813807572,65.65078873756991,1075400
2016-01-05,65.84754943847656,65.9587616047173,65.15459954321008,65.30003234373687,1392000
2016-01-06,66.42928314208984,66.54905209137411,65.58234370731736,65.71066291946606,1031600
2016-01-07,66.0528793334961,66.70305845527938,65.59946726471087,65.78767752577338,1670200
2016-01-08,65.78767395019531,67.02814110971329,65.6679049772868,66.95969983178857,1186800
2016-01-11,67.20779418945312,67.3446767445294,66.50628741198592,66.83993048133499,1519700
2016-01-12,68.74768829345703,69.28664865277457,68.35416074947481,69.2609848061765,3382600
2016-01-13,67.09658813476562,68.95301390077842,66.7030605433703,68.77336042602751,2530400
2016-01-14,68.20016479492188,68.67068383490262,67.5243219474294,67.93496303553421,1988800
2016-01-15,65.78767395019531,66.5319516351383,65.57379985187018,66.07853959099613,1583100
2016-01-19,67.01957702636719,67.64409219737256,66.53194439631815,67.40455427761778,1658900
2016-01-20,66.27530670166016,66.72871874626999,65.06905365294084,66.44640336972894,2242400
2016-01-21,66.72014617919922,66.99390469953237,65.55667083605384,66.24107040034569,2028200
2016-01-22,66.9596939086914,67.07091260721081,66.30096461596422,66.46351100492708,2273300
2016-01-25,66.9939193725586,67.86652933449588,66.89126398427378,67.19924320296701,1356300
2016-01-26,67.53288269042969,67.56710332701788,66.62605213814038,66.69449341131676,867300
2016-01-27,67.49009704589844,68.5252467007129,67.2762229884512,67.61842278575043,992100
2016-01-28,66.47205352783203,67.5072096953,66.24962921053312,67.43021164168256,1581800
2016-01-29,68.26860809326172,68.29427193823383,66.85703787752561,66.91692235810018,1339400
2016-02-01,68.18305969238281,68.41404737282598,67.19924406512764,67.30189945472951,1213300
2016-02-02,66.48062896728516,67.19069259387886,66.36941677743746,67.13080810289625,1300400
2016-02-03,67.64409637451172,67.86652725384184,66.24108287766481,67.25056883533945,1274600
2016-02-04,66.92548370361328,67.30189766702077,66.33518912140431,66.54906321328647,1283400
2016-02-05,64.50443267822266,66.23253260973515,64.10234830838188,66.20686876092316,1756200
2016-02-08,63.57192611694336,63.623260331756335,62.69932278814606,63.10140708176824,2167700
2016-02-09,64.05956268310547,64.66696429268082,62.81053882760868,62.86187304558732,2887200
2016-02-10,64.11946105957031,65.009178216612,64.04246950629691,64.64987124749528,1645000
2016-02-11,63.55482864379883,63.99113363742717,63.04153210672291,63.8029233842181,1253500
2016-02-12,63.03297805786133,63.05008511484308,62.16037455955515,62.75921945771431,1514000
2016-02-16,64.79529571533203,65.05194724691926,63.70026136414308,64.11945277394395,1720700
2016-02-17,65.67645263671875,65.77911454953365,65.00916652071999,65.12038522466594,1091300
2016-02-18,65.65934753417969,66.1469802124447,65.47969407659988,66.10420278243642,805000
2016-02-19,66.41217803955078,66.53194700412267,65.38558504981485,65.49679722351188,1359700
2016-02-22,66.38652038574219,66.62605833722776,66.10420500281148,66.10420500281148,1417700
2016-02-23,65.68501281738281,66.24964357662246,65.61657153864111,66.14698165850992,562500
2016-02-24,65.04338073730469,65.17170648392532,63.90556912521035,64.25632573084549,1021100
2016-02-25,66.79715728759766,66.80570755180713,65.80477837808166,66.04431631433194,1007300
2016-02-26,65.37703704833984,66.7971642862152,65.32570935002818,66.7971642862152,1389600
2016-02-29,64.4531021118164,65.18882961181015,64.43599505394408,64.4787724890052,791500
2016-03-01,66.65171813964844,66.66026840304545,65.63367548040162,65.69355995877387,892800
2016-03-02,66.48062896728516,66.5062928167177,65.59946865986116,65.95877560575677,1079600
2016-03-03,65.59091186523438,65.67646020564625,64.8380773319219,65.27438235301844,830400
2016-03-04,65.8218994140625,66.23253405787236,65.45403567690119,65.87322711280873,957300
2016-03-07,65.41124725341797,65.69356260292969,65.11182484950503,65.35991956329543,1194600
2016-03-08,65.30858612060547,65.85610977171959,65.20593073914324,65.27437201139738,628900
2016-03-09,65.89032745361328,66.13842218379742,65.633682459123,66.01865321431808,757600
2016-03-10,65.7534408569336,67.14789736419972,65.18881021138006,66.62604414097657,1087800
2016-03-11,67.28477478027344,67.34465925083363,66.31805993519323,66.3950579841522,750100
2016-03-14,67.37889862060547,67.68687784826317,67.21635221519736,67.43022631624189,549100
2016-03-15,67.85796356201172,67.91784803955848,67.40455158531216,67.56709796447561,431200
2016-03-16,68.49959564208984,68.61936461445913,67.44733221122324,67.56710771051199,553000
2016-03-17,68.33705139160156,68.59370292728666,67.63554459123795,67.76387035908049,659100
2016-03-18,68.36271667480469,68.69635973019257,67.76386531178396,68.05473746568985,707700
2016-03-21,68.1146240234375,68.35416196517221,67.91785698448719,68.05473953800382,688600
2016-03-22,68.06329345703125,68.24294692297867,67.43022793032321,67.51577626740487,322700
2016-03-23,68.00340270996094,68.56803343119196,67.86652668861105,68.56803343119196,705800
2016-03-24,67.96063232421875,68.03762386301462,67.64409632413542,67.74675823611577,389300
2016-03-28,68.63648223876953,68.84179955678927,67.95208247614393,68.25150492469768,797200
2016-03-29,68.6108169555664,68.67925824229296,67.30190834979271,67.49011862483056,1082600
2016-03-30,69.03001403808594,69.49198292706323,68.95301595979626,69.00435018762946,966300
2016-03-31,68.79901885986328,69.50052564615761,68.76479822066361,69.25243090714967,608000
2016-04-01,68.20873260498047,68.41404991874424,67.3190155427778,67.34467939113331,842400
2016-04-04,68.04618072509766,68.53381338540464,67.85797048306351,68.35415993444093,710300
2016-04-05,66.60040283203125,67.15647687587803,66.52341127808901,67.0195942996423,1881500
2016-04-06,67.74676513671875,67.74676513671875,66.51484817514985,66.55762560789539,746800
2016-04-07,66.10418701171875,66.65171057213844,65.97586780614637,66.43783652696061,955600
2016-04-08,65.62512969970703,66.27530880748223,65.55668841953707,66.1983107355611,2004800
2016-04-11,65.78767395019531,66.3351911197541,65.62512754685397,65.62512754685397,1991200
2016-04-12,67.22490692138672,67.3104552537668,65.92454877229954,66.08709517266529,1717600
2016-04-13,67.01103973388672,67.09658807508438,66.48062957538912,66.67739663437179,747800
2016-04-14,67.60986328125,67.68686133283688,67.2591132351173,67.57564265020227,932700
2016-04-15,67.1650161743164,67.72964033692129,67.04524721476632,67.49010241782112,515500
2016-04-18,67.87508392333984,68.1916199535303,67.56711121194456,67.60132532560641,690400
2016-04-19,68.97866821289062,69.32942484861051,68.61080452204938,69.26954036530701,1447100
2016-04-20,68.91024017333984,69.20966261900368,68.46537837385088,68.65358863310239,1574100
2016-04-21,68.5423812866211,68.95301594769312,68.20018138444757,68.43971935789297,861100
2016-04-22,68.6108169555664,69.05567879236865,68.26006678320343,69.00435109078391,891000
2016-04-25,68.39693450927734,68.45681899614807,67.85797412744083,68.0205205319126,599500
2016-04-26,68.01195526123047,68.27715702332064,67.56710006092578,67.75530376268475,869700
2016-04-27,69.31232452392578,69.45776389141172,68.61081764522807,68.76480727845052,1350900
2016-04-28,67.90074157714844,68.60224826033924,67.75530225019581,68.02906079663812,982700
2016-04-29,67.2591323852539,67.43878585421722,66.87415507154408,67.36178778070732,878700
2016-05-02,68.225830078125,68.31993519348971,67.71253360235671,68.16594559806734,893600
2016-05-03,67.17356872558594,67.5927666252063,66.88270310732103,67.43022023445884,710300
2016-05-04,66.27530670166016,66.45496016120823,66.01865517263747,66.4036324661715,1121700
2016-05-05,65.93311309814453,66.5148509624946,65.59091320259976,65.70213192163088,1288100
2016-05-06,66.15553283691406,66.24963795546937,65.69356403498412,65.86466069040156,467300
2016-05-09,66.9939193725586,67.32756243832303,66.85704334587237,67.0794742320218,933500
2016-05-10,67.50724029541016,67.54204312494994,66.86340454382649,66.87210691070169,620900
2016-05-11,66.87210845947266,67.42023810200693,66.8634060923959,66.9939150467025,974100
2016-05-12,67.21144104003906,67.89878213978719,66.88082404335972,67.76827315968977,559100
2016-05-13,67.02002716064453,67.3593465180518,66.7677115752459,67.07222809625725,1193300
2016-05-16,67.716064453125,67.96838001557279,67.12442956413473,67.19403523059516,595600
2016-05-17,66.95911407470703,67.57684939507729,66.73289899016143,67.42023997315516,956100
2016-05-18,67.44634246826172,68.01187687767583,66.8721123292288,66.99391892350734,660900
2016-05-19,66.81991577148438,67.27233934583938,66.60240303347558,67.08962944246744,801000
2016-05-20,67.62035369873047,67.82916404587586,67.40284098438198,67.56815277143443,883400
2016-05-23,67.8204574584961,68.3685937128413,67.77695890110988,68.09887345001907,730600
2016-05-24,69.21255493164062,69.36916436635788,68.80362992776995,68.82973039389583,855500
2016-05-25,70.04780578613281,70.2914189968163,69.71718216766624,70.08260862165362,2741800
2016-05-26,70.6568374633789,70.94395587247031,70.4654251906513,70.84824973610651,917200
2016-05-27,70.47412872314453,70.76124713697936,70.26531834852017,70.63944053195165,506600
2016-05-31,70.5350341796875,71.0135648840258,70.31752143007233,70.92655447380987,1342500
2016-06-01,70.6568374633789,70.70034266643955,70.32622048918887,70.44802709220426,772300
2016-06-02,70.4045181274414,70.4045181274414,69.82158561016207,70.07390117091619,617300
2016-06-03,70.62203216552734,70.79604633373903,70.04780200533324,70.36102087015249,560900
2016-06-06,70.76124572753906,70.94395563144138,70.50022778598603,70.79604856227692,456700
2016-06-07,71.25717163085938,71.50948719405639,71.17886359636843,71.31807492970268,468100
2016-06-08,70.92654418945312,71.1092607140428,70.6307300790915,71.05705314789088,425100
2016-06-09,70.24791717529297,70.48283466687892,70.08261199606254,70.08261199606254,368500
2016-06-10,68.24678802490234,68.93412896502721,67.81176261757983,68.65571296985925,1258700
2016-06-13,66.81121063232422,67.36804268749502,66.7242068683216,66.75900970151498,1493800
2016-06-14,66.21957397460938,66.23697207176035,65.44522921114125,65.47132967584847,2129900
2016-06-15,65.9759521484375,66.53278411582356,65.94114932073079,66.1499596490104,1329300
2016-06-16,66.29788970947266,66.40229822884744,64.75790221698155,65.1320244472875,1790100
2016-06-17,66.90691375732422,67.02872034904624,65.94985912038197,66.71550150234349,1097200
2016-06-20,67.9422836303711,68.99505124726913,67.91618316082139,68.96894413975669,1038400
2016-06-21,69.09944152832031,69.41266038627383,68.62961324139005,68.864530703836,994700
2016-06-22,68.58612060546875,69.76939047377334,68.56002013804415,69.61278103126355,1132700
2016-06-23,70.5350341796875,70.63074032055516,69.41266759511777,70.0565034753492,1349100
2016-06-24,64.33157348632812,66.39359012156434,64.314168748955,64.53168150038243,3748700
2016-06-27,62.661067962646484,62.95688874429985,62.11293824100334,62.94818637596713,2168500
2016-06-28,64.25326538085938,64.38377435917992,63.565924290469404,64.10535830314521,1078100
2016-06-29,65.3408203125,65.60183823389002,64.8622963072336,65.48003164069773,949600
2016-06-30,65.27120971679688,65.27991208364209,64.20975329031474,64.72308008884586,1007700
2016-07-01,65.22772216796875,65.75845378976997,65.12331366208647,65.62794481690766,440900
2016-07-05,64.52298736572266,65.23642894253412,64.33157507765769,65.20162610488936,927100
2016-07-06,65.00150299072266,65.04500819160889,63.80083511902567,64.14885681223053,1131600
2016-07-07,64.89710235595703,65.12331747964842,64.71439243842408,64.92320946242958,1220200
2016-07-08,66.6458969116211,66.8025063374928,66.05426204032372,66.35008279495315,1438000
2016-07-11,67.88136291503906,67.98577140442677,67.62905401545062,67.75086060075574,1417600
2016-07-12,68.13368225097656,68.47300156295202,67.90747380163387,68.23809074618494,1122100
2016-07-13,67.9422836303711,68.44691483487445,67.88138032210088,68.05539451570345,544900
2016-07-14,68.91673278808594,69.19514881782166,68.69051768956261,68.9602379894041,997400
2016-07-15,68.70793151855469,68.72532961860749,68.35120740682727,68.46431829003969,702400
2016-07-18,69.24734497070312,69.29955253627476,68.56001063062935,68.82102190664233,1182300
2016-07-19,69.01243591308594,69.1255401384377,68.48170434234972,68.82102365636646,1406600
2016-07-20,72.83196258544922,72.91896635089473,72.05761778844908,72.19682912353134,2905100
2016-07-21,73.25828552246094,73.8325223214765,72.98857185878127,73.44969778879945,2115200
2016-07-22,73.47579956054688,73.78901843140223,72.94506795370654,73.03207835847006,1513400
2016-07-25,73.68461608886719,73.77161985510493,73.39749768611698,73.60630805267992,787800
2016-07-26,74.24144744873047,74.43285971540105,74.01523234830506,74.25884554662697,916800
2016-07-27,74.95490264892578,75.18111779070745,74.50247236536245,75.10280974095252,1154900
2016-07-28,75.29420471191406,75.75533062089569,75.23330141521764,75.53781789869971,1969400
2016-07-29,76.03376007080078,76.37307944632879,75.81624731018219,76.1816671549104,1801600
2016-08-01,75.93804168701172,76.23386244551949,75.71182659379537,75.8423355567264,692300
2016-08-02,75.28550720214844,75.41601617147933,74.94618786466526,75.39861807328411,1455600
2016-08-03,74.95490264892578,74.9810031195231,74.71128940606692,74.79829318737895,734700
2016-08-04,74.79827880859375,74.93748350434048,74.19794154840902,74.20664391625624,1326200
2016-08-05,75.00709533691406,75.05929627236488,74.3806575596551,74.42416276450564,1115300
2016-08-08,74.71126556396484,74.73736602623289,74.19793213350343,74.19793213350343,547400
2016-08-09,75.93804168701172,76.45137517108401,75.06799078475363,75.09409124974752,1287100
2016-08-10,76.27735900878906,76.49487172865304,76.12074958496854,76.44267080003334,831400
2016-08-11,76.32087707519531,76.68629691306369,76.28607423759415,76.59929313804204,1161100
2016-08-12,76.15555572509766,76.69498968346085,76.02504675991734,76.67758494785723,811300
2016-08-15,76.5644760131836,76.71238306691653,76.2947623695575,76.35566566450407,437300
2016-08-16,76.3382568359375,76.78198461130042,76.32956110709813,76.54707381137943,711700
2016-08-17,76.44266510009766,76.58186977869089,75.91193357216655,76.21645002967762,428000
2016-08-18,76.60797882080078,76.67757784288106,76.28605762158024,76.4078642076721,299500
2016-08-19,76.72108459472656,76.91249684473895,76.49486951398816,76.88639638118477,530200
2016-08-22,76.1816635131836,76.2599715550035,75.80754131728533,75.92934792637199,351700
2016-08-23,76.37306213378906,76.66018050583155,76.2251550832076,76.49486872108687,339500
2016-08-24,76.00764465332031,76.31216113070514,75.90323615909065,76.25996020257098,386600
2016-08-25,76.03376007080078,76.16426905476447,75.8075449411279,75.92065582494567,424700
2016-08-26,75.92935180664062,77.04302272057214,75.5900324299927,76.19907214451251,868900
2016-08-29,75.86843872070312,76.07725572400598,75.39861705817628,75.40731278817587,725000
2016-08-30,77.20832061767578,77.42583335848124,77.02561071195464,77.17351778259146,720000
2016-08-31,76.53837585449219,76.73848383670249,76.21645464394177,76.46006782469935,490100
2016-09-01,76.97340393066406,77.02560486034383,76.49487328206105,76.80809213606274,612100
2016-09-02,77.99137115478516,78.1392782317611,77.51284044931907,77.71295510014008,536000
2016-09-06,78.65260314941406,78.7396069123326,78.21757769685973,78.49599372097605,537100
2016-09-07,79.01802062988281,79.17463005374934,78.61779802177088,78.97451543071267,621300
2016-09-08,77.90436553955078,78.75701178262405,77.8695627037981,78.63520517647072,1057500
2016-09-09,76.25125885009766,77.19091539678698,76.21645601822456,77.12130973304077,1210500
2016-09-12,77.22572326660156,77.26922183080954,75.93804495513899,76.02504872151684,889200
2016-09-13,76.69499969482422,77.00821859695826,76.29477701720019,76.76460537040126,934800
2016-09-14,76.8428955078125,77.22572002938169,76.62538278200483,76.67758371205096,561300
2016-09-15,77.14741516113281,77.26922176154498,76.1555576217983,76.36436798851032,752100
2016-09-16,75.57262420654297,75.85104023824027,75.43341287171341,75.63352750604045,1034900
2016-09-19,76.64278411865234,76.98211009217849,76.43397375168092,76.747192621119,476300
2016-09-20,77.4693374633789,77.77385396859636,77.30402565856288,77.75645587028191,699100
2016-09-21,78.58300018310547,78.67000394901247,77.57374455025302,77.82605347999475,714800
2016-09-22,80.35791015625,80.70593188066019,80.21000308071342,80.54932243657372,1825600
2016-09-23,79.64447021484375,79.94898674060937,79.6183697466299,79.83588249902854,726300
2016-09-26,78.94841766357422,79.200733223866,78.7396073039389,79.14853229344757,628800
2016-09-27,79.22684478759766,79.31385520109944,78.00007628518092,78.09578242966283,731200
2016-09-28,80.1142807006836,80.20128445465915,79.08762047266585,79.56614443851186,926200
2016-09-29,77.90436553955078,79.47915568907746,77.608544754634,79.13983633794146,952800
2016-09-30,79.53135681152344,79.74886953886536,78.16537051137296,78.31328421081632,1029200
2016-10-03,79.07892608642578,79.44434587277736,78.8179081601966,79.10502655145638,545000
2016-10-04,78.80052185058594,79.27905257426892,78.6004071921469,78.70481570584936,584000
2016-10-05,79.13982391357422,79.56614696818129,79.04411778977001,79.50524367466599,422500
2016-10-06,79.11373138427734,79.19203278180898,78.86141581785016,79.01802525087524,940200
2016-10-07,77.93046569824219,78.77441620750658,77.48673784160543,78.72221527306536,984500
2016-10-10,78.38288116455078,78.50469439556356,78.22627837745179,78.27847930648478,750100
2016-10-11,77.09521484375,78.04356718851639,77.03431154305822,77.99136625591257,897500
2016-10-12,75.88584899902344,76.32087449740081,75.79014285834343,76.2251683567208,921600
2016-10-13,75.90323638916016,76.14684957180643,74.96358649009044,75.2506982336599,651500
2016-10-14,74.9374771118164,75.93803691411786,74.88527618510959,75.650918541308,1358300
2016-10-17,75.12889099121094,75.39861127362717,74.98968630431726,75.20719902093221,600700
2016-10-18,76.26866912841797,76.73849079794903,76.11205969258697,76.71239033163751,1086800
2016-10-19,75.65962982177734,76.1294581313721,75.60742888892081,75.85974446099736,578100
2016-10-20,75.93804168701172,76.07725301759457,74.9983851194622,75.16369691503895,1157200
2016-10-21,77.2779312133789,77.76515765969008,76.87770854134295,77.62595294844223,3089200
2016-10-24,76.85160827636719,77.6085484163247,76.73849739534366,77.48674180442435,938400
2016-10-25,76.83419036865234,77.11260638212491,76.58187481926139,76.69498568089675,697300
2016-10-26,76.35567474365234,76.88640636470599,76.25996860621893,76.37307284229384,528800
2016-10-27,76.26866912841797,76.90380260187116,76.24256202414452,76.83419693306585,799700
2016-10-28,76.4687728881836,76.93860116962212,76.26866489891776,76.36436439076562,461200
2016-10-31,76.42527770996094,76.8255070168989,76.2947753685273,76.46008054699739,637700
2016-11-01,75.08540344238281,76.35567709715188,74.70257888084939,76.31217189226408,751100
2016-11-02,74.86788177490234,75.5204199427093,74.67646951693845,75.23330155576348,765200
2016-11-03,73.7020034790039,74.47634817055288,73.64980255443774,74.33714349238949,923200
2016-11-04,74.25884246826172,74.71996837996412,74.1283335065818,74.43285662982213,616500
2016-11-07,75.44210815429688,75.46820861763567,74.92878134073733,74.97227990031493,627600
2016-11-08,75.22460174560547,75.54652297566724,75.0418918489634,75.05928994666,717500
2016-11-09,74.79827880859375,75.02449390688915,73.56280809275891,73.56280809275891,762300
2016-11-10,73.3887939453125,74.41545429882181,72.7797609550789,73.80642130858821,1319800
2016-11-11,72.31864929199219,72.44045591406301,71.57040482043541,71.86621900604652,1386000
2016-11-14,71.0048599243164,71.22237266599414,70.53503160573705,70.85695285308644,1289400
2016-11-15,71.2049560546875,71.2484612509526,70.41321325875826,70.43061135448771,1905500
2016-11-16,71.55298614501953,71.79659934171293,71.01355882033036,71.02225455023957,883600
2016-11-17,71.74439239501953,71.94450701150299,71.37897263061795,71.47467875528902,1081900
2016-11-18,72.40564727783203,72.45784821512292,71.9793241347105,72.1446293154525,870400
2016-11-21,73.30178833007812,73.30178833007812,72.77975911763428,72.94506427483186,683400
2016-11-22,74.30235290527344,74.40675477160681,73.39749911526614,73.77162129153875,1735200
2016-11-23,73.20608520507812,73.24959040705161,72.7101564372048,72.85806350317571,843300
2016-11-25,74.48506164550781,74.69387201287397,74.25884654205005,74.65037344856871,658100
2016-11-28,73.5715103149414,74.15444952883476,73.54540984705827,73.96303724707536,710700
2016-11-29,73.53670501708984,73.77162249609974,72.92767199366068,73.01467576301312,597800
2016-11-30,72.40564727783203,73.33660160797396,72.35344634054113,73.33660160797396,596400
2016-12-01,71.26587677001953,72.18812865635668,71.12666543127175,72.1185229869828,868200
2016-12-02,71.27457427978516,71.70959976729063,70.73514692357415,70.8830539962151,1253500
2016-12-05,72.32732391357422,72.4665352341456,71.85749566358751,72.08371074053544,438800
2016-12-06,72.20552062988281,72.34473195682199,71.7356923584052,71.77049519014,680400
2016-12-07,73.7281265258789,73.91083645578956,72.60575983817377,72.64926504727947,583900
2016-12-08,73.29309844970703,73.64112019661741,73.1277932643457,73.23219514184491,877400
2016-12-09,73.45841217041016,73.62372399800408,73.26699987276727,73.40621123031224,552500
2016-12-12,73.48450469970703,73.71942218068821,73.11038251418627,73.69331507549751,767000
2016-12-13,74.33715057373047,74.8678821505802,74.10223311488274,74.10223311488274,486500
2016-12-14,73.87602996826172,74.80698422702523,73.70201579402993,74.47636061496584,686900
2016-12-15,73.6759033203125,73.9021183909662,73.20607508339832,73.32788166652855,770800
2016-12-16,73.96302795410156,74.13703547676774,73.74551523178809,73.78901379347388,569100
2016-12-19,74.18923950195312,74.71997109758277,74.05003480560336,74.36325366984255,424300
2016-12-20,74.86788177490234,74.90267796911259,74.45895679433615,74.62426194970008,426400
2016-12-21,74.7808609008789,75.40729851630181,74.69385715161695,75.35509759433677,478200
2016-12-22,74.57206726074219,74.81568046836891,74.45896302519037,74.7808776332848,1020800
2016-12-23,74.55465698242188,74.60685790753911,74.31973954347235,74.33714427715208,349400
2016-12-27,74.65037536621094,74.94618950774846,74.58947206424956,74.61557253109557,320300
2016-12-28,74.54596710205078,74.8504836128429,74.42416049773394,74.7547774754565,363400
2016-12-29,75.26810455322266,75.4247139793587,75.02449136544693,75.1549936889257,529600
2016-12-30,75.1985092163086,75.89455268094204,74.88529032101978,75.6248323534663,834300
2017-01-03,75.08540344238281,75.20721005051394,74.75477981634494,75.04189823749499,803700
2017-01-04,75.39862060546875,75.4334168030278,74.38065592087001,74.52856963132558,1057700
2017-01-05,76.43397521972656,76.52097898780555,75.11150068622467,75.14630352104867,1257900
2017-01-06,76.97340393066406,77.19961902254563,76.32086575782081,76.40786951994093,911400
2017-01-09,77.74774932861328,77.85215782678114,77.36492480662612,77.40843000701979,1230800
2017-01-10,77.11260986328125,77.67814428310439,77.0082080022418,77.4606315553233,579900
2017-01-11,77.25182342529297,77.36492765733789,76.35567202303982,76.41657532305813,1417900
2017-01-12,77.77386474609375,77.97397941323148,77.14742691257395,77.19093212133173,614400
2017-01-13,77.8173599243164,78.02617029592005,77.52153914641272,77.67814858460596,406100
2017-01-17,77.99137115478516,78.0783749272438,77.67815226356414,77.87826691438515,853600
2017-01-18,77.73905181884766,77.76515228553023,77.3214310760024,77.34753154268498,789700
2017-01-19,77.63465118408203,77.86085965756202,77.26052900045022,77.26052900045022,1153600
2017-01-20,77.78255462646484,77.9478597896842,77.70424659086677,77.75645416058609,424300
2017-01-23,77.695556640625,77.84346371691521,77.29532734083851,77.81736324909487,647000
2017-01-24,77.98265838623047,78.41768382847022,77.7042423687155,78.31328197062801,1187700
2017-01-25,79.36605072021484,79.42695402273044,78.79181389252872,79.12243751015241,1012900
2017-01-26,79.01802062988281,79.20943288549317,78.67870131783224,78.86141120601629,763900
2017-01-27,79.27904510498047,79.661863009897,79.06153236706533,79.36604887255415,786600
2017-01-30,79.46176147460938,79.55746761811724,78.73091516400038,78.88752461356214,1127100
2017-01-31,79.61836242675781,79.87067799289859,79.33994639480277,79.80977469334474,924400
2017-02-01,78.92230987548828,79.1833277792849,78.4698863652633,79.11372211987766,1177700
2017-02-02,79.93157958984375,80.601515870666,79.82717109084892,80.53191020466944,1481400
2017-02-03,80.49711608886719,80.5493236629991,80.10559579167095,80.39271421652812,628100
2017-02-06,79.39214324951172,79.46174891341656,79.00931873599654,79.07892439990138,1222100
2017-02-07,80.00988006591797,80.03598053087624,79.44434565262961,79.4878508528678,1533000
2017-02-08,79.86197662353516,80.23609879346154,79.71406955676382,79.80107332321978,653200
2017-02-09,79.79236602783203,80.1925886391844,79.79236602783203,79.95767782046333,548600
2017-02-10,79.80977630615234,79.99248620850615,79.73146826916532,79.78366920184871,417000
2017-02-13,80.50579833984375,80.85381998258522,80.46229978322653,80.81031478800726,400400
2017-02-14,80.45361328125,80.50581421466839,80.11429393810639,80.47101137973546,439600
2017-02-15,80.43621063232422,80.52322104089572,79.51395871553368,79.55746391981943,699000
2017-02-16,80.69721984863281,80.77552124231833,80.43620192709145,80.46230902961477,597800
2017-02-17,80.44490814208984,80.5493166432923,80.20999731183657,80.2534958755329,729500
2017-02-21,81.04524993896484,81.04524993896484,80.4884178440085,80.52322067968854,604400
2017-02-22,81.79348754882812,81.93269224207724,81.28015406244052,81.4019606582691,606100
2017-02-23,81.9065933227539,82.17630698461289,81.63687966089492,81.7151810577075,449600
2017-02-24,81.23665618896484,81.23665618896484,80.7146203304582,80.92343732904554,630000
2017-02-27,81.10615539550781,81.21925963599955,80.80163887267439,80.81903697199529,512600
2017-02-28,81.07135009765625,81.41937181516985,81.05395199886354,81.05395199886354,596500
2017-03-01,82.20243072509766,82.35904018838069,81.68909712512874,81.75000043651863,1028200
2017-03-02,82.18500518798828,82.40251790761708,81.61947078936113,81.70648118758179,555000
2017-03-03,82.34162139892578,82.34162139892578,81.79349168994588,81.88919782550838,490200
2017-03-06,81.86309051513672,82.03710468752247,81.60207921350101,81.95010092031056,380100
2017-03-07,81.80217742919922,82.13280099820231,81.55856425496187,81.74997650270869,517000
2017-03-08,81.94140625,82.28942798950366,81.88050294343405,81.94140625,345900
2017-03-09,82.28072357177734,82.55043726014456,82.04581272029014,82.53303916068575,611900
2017-03-10,82.81144714355469,82.91585564401484,82.30681601493997,82.60263678059617,1229200
2017-03-13,82.75926208496094,82.88976443811337,82.55044504399099,82.55044504399099,875900
2017-03-14,82.3938217163086,82.8027467219369,82.32422268566103,82.72444532322267,837000
2017-03-15,83.5596923828125,83.66410088441494,82.54173438454556,82.6026376843232,927000
2017-03-16,84.69075775146484,84.77776815833921,84.34274267581566,84.72556058662218,1307700
2017-03-17,84.70816802978516,85.06488549705129,84.56026094916169,84.84737274155944,1412600
2017-03-20,85.36068725585938,85.42159054829362,85.03007033092508,85.3171820592802,1174700
2017-03-21,84.40364074707031,85.95233030680271,84.3253327133288,85.81311897480077,1571700
2017-03-22,84.9604721069336,85.30849379614124,84.59505232034829,84.6820560831598,702700
2017-03-23,85.1518783569336,85.51729811772353,84.62114681189821,84.6820501053632,575100
2017-03-24,85.16929626464844,85.54341847951973,84.90827829596141,85.21280147208383,428900
2017-03-27,84.69944763183594,84.96046553805097,84.34273024050056,84.51673775266985,520200
2017-03-28,85.69131469726562,85.83052603303491,85.37809582974658,85.44770149763123,655400
2017-03-29,85.62171173095703,85.69131075768007,85.06487305144192,85.19538201323513,759800
2017-03-30,85.18669128417969,85.4738030514247,85.06487804485032,85.17798891609289,743000
2017-03-31,85.41289520263672,85.79571972252782,85.03877305036903,85.03877305036903,570300
2017-04-03,85.44770812988281,85.86533553164409,84.96048169279662,85.80443222700832,576700
2017-04-04,85.67391967773438,85.7174182432539,85.3694031672494,85.42160410105765,427200
2017-04-05,84.72555541992188,85.53470303359106,84.62984928856604,85.04747664702438,511700
2017-04-06,84.62984466552734,84.96917060959197,84.34273292510544,84.50803807553955,516400
2017-04-07,84.84735107421875,84.96046192648558,84.40362994566077,84.43843277420743,448700
2017-04-10,84.7342529296875,84.80385859176687,84.42103408829162,84.52544258141067,664500
2017-04-11,84.4471435546875,84.62115772843694,83.55969450143228,84.42974545629355,841300
2017-04-12,84.69075775146484,84.82126672381432,84.31664220893818,84.5080478453604,726700
2017-04-13,83.68150329589844,84.47324623381964,83.67280092749253,84.05562548180644,1023700
2017-04-17,84.20352935791016,84.30793786093042,83.90771522296227,84.02952182417162,685500
2017-04-18,84.41234588623047,84.42104825494106,83.9512199140056,84.22963597108264,488300
2017-04-19,84.43843841552734,84.67334922646059,84.2731266283765,84.48193697564618,921800
2017-04-20,84.52545928955078,84.84737392386845,84.43845551373418,84.43845551373418,681800
2017-04-21,84.39494323730469,84.69075737789407,84.24703616701,84.6559611808523,917200
2017-04-24,88.20575714111328,88.71038825215511,87.5358208742182,87.72723313274867,1920200
2017-04-25,88.8582992553711,88.97141012477559,88.07525872729413,88.64078652246931,1478800
2017-04-26,87.22260284423828,87.927341950054,87.17909764399418,87.70982922475665,1648600
2017-04-27,87.6141357421875,87.74464472379793,87.10080882260564,87.28351874167525,677400
2017-04-28,87.16169738769531,87.39660820449467,87.00508796384194,87.06599125989817,736700
2017-05-01,87.82294464111328,87.97085170886912,87.37051443179178,87.37051443179178,518900
2017-05-02,88.19706726074219,88.20576299091644,87.65763328165033,87.74463704912658,968400
2017-05-03,87.77943420410156,87.89253843070628,87.49231581584166,87.77073183652841,638900
2017-05-04,89.05841064453125,89.14541440692867,88.24056067448002,88.30146397195438,575900
2017-05-05,90.3808822631836,90.39828699789534,89.18021444856655,89.2063149126728,519500
2017-05-08,89.88495635986328,89.9719667602374,89.53694131021314,89.64134316992356,485400
2017-05-09,90.19818115234375,90.52880476442137,89.91976511151955,89.94586557816525,860600
2017-05-10,89.9545669555664,90.52880376729503,89.8414627220268,90.48529856472337,540300
2017-05-11,90.0347671508789,90.18460313059927,89.59406834615069,90.06120800323778,652500
2017-05-12,91.1100845336914,91.26873639191821,90.52835881201612,90.59887224334602,556900
2017-05-15,91.23346710205078,91.38330307957756,91.05718354802221,91.083624399994,330100
2017-05-16,92.27352905273438,92.61727362405975,91.78875761905452,92.52913519735365,464000
2017-05-17,91.58604431152344,92.67015978871743,91.58604431152344,92.23827676993055,688500
2017-05-18,91.6036605834961,92.0355435611501,91.28635688270072,91.58603558879884,1088700
2017-05-19,92.61727142333984,92.93457513156689,92.51150127908724,92.58201470858897,714800
2017-05-22,93.198974609375,93.21660632602746,92.61725572590645,92.61725572590645,629700
2017-05-23,93.67493438720703,93.9922380562075,93.48102584231452,93.96579720454578,828900
2017-05-24,93.94818115234375,94.03632630528702,93.41053472166986,93.67495000690654,314700
2017-05-25,94.14208221435547,94.29192492767869,93.70138338294359,93.71901510193716,536000
2017-05-26,93.69256591796875,93.74544762118681,93.23423540831251,93.23423540831251,781900
2017-05-30,93.97462463378906,94.0363222034395,93.63088007080374,93.64850506590496,640500
2017-05-31,94.80313110351562,95.1292506618,94.34480727453676,94.81194696307212,569100
2017-06-01,94.41531372070312,94.56514969943147,94.10681917981177,94.35361615743086,587000
2017-06-02,95.71979522705078,95.82556537890076,95.31435306508938,95.50826164788205,685500
2017-06-05,95.40249633789062,95.61403665232667,95.11164017347134,95.22621946705884,334500
2017-06-06,94.87364959716797,95.04111731503119,94.4065098836873,94.43295073923815,1026500
2017-06-07,94.73262786865234,95.09399742933067,94.22141558815053,94.90008885917268,667500
2017-06-08,94.77667999267578,94.95296354207535,94.26546778621179,94.83837755383318,558900
2017-06-09,93.48104095458984,94.84721012389483,92.95220366227312,94.77669669171098,776500
2017-06-12,91.29517364501953,91.63010234382385,90.74870466057291,91.55077978010598,1408500
2017-06-13,92.52912902832031,92.97863699191137,92.23826618750459,92.82880100404769,780400
2017-06-14,92.89051055908203,94.33600236573622,92.20302137354301,94.19498221911527,790100
2017-06-15,91.85045623779297,91.96503552136461,90.99549936747789,91.29517809113364,813600
2017-06-16,93.2430648803711,93.26950573584045,92.2558970208195,92.40573301816644,862900
2017-06-19,93.97462463378906,94.0363222034395,93.65732092572095,93.75427521010458,456900
2017-06-20,93.01390075683594,93.63969233406033,92.82880804170176,93.53392891085849,626900
2017-06-21,93.69256591796875,93.70137505215182,92.93456345737029,93.09321529155439,834700
2017-06-22,94.3624267578125,94.68854629704963,94.00105723146935,94.43294018108487,753900
2017-06-23,94.73262786865234,94.83839128907975,93.94817772814119,94.0539478730994,596600
2017-06-26,94.35363006591797,95.16451436689289,94.30955748942824,94.98823078546505,568900
2017-06-27,93.58680725097656,94.49464579825239,93.472227971792,94.42413236897077,552300
2017-06-28,94.22142028808594,94.28311786125644,93.22543653250769,93.53393112289136,672000
2017-06-29,91.5595932006836,92.94338735917422,90.99549919496327,92.8993215076676,1057400
2017-06-30,92.2558822631836,92.59962677836019,91.81518347710796,92.42334995374188,771900
2017-07-03,90.8544692993164,91.76230778214197,90.8280284463456,91.53314251551126,548200
2017-07-05,91.33043670654297,91.42739099640112,90.39615052468544,90.52836153126756,708200
2017-07-06,90.49309539794922,90.93379422434367,89.64695445821553,89.72628374372235,973700
2017-07-07,91.00430297851562,91.23346823934448,89.97306939158092,90.03476695512752,708400
2017-07-10,91.90333557128906,92.04436243160258,91.55959100493837,91.61247943982136,633500
2017-07-11,91.6036605834961,91.76231243389377,90.96023732229143,90.96023732229143,479000
2017-07-12,92.40573120117188,92.59963977017547,91.56840607996263,91.70943293906734,639400
2017-07-13,91.79756927490234,92.56438094911056,91.67417413825895,92.37928824414544,478300
2017-07-14,92.44098663330078,92.50268420217033,91.91214936805743,91.95622194204881,573900
2017-07-17,92.37928009033203,92.40572094234602,91.83281788329607,91.92095629818607,584000
2017-07-18,92.03553771972656,92.14130785478874,91.55077306421782,91.55958219874204,925000
2017-07-19,93.02271270751953,93.09322613637796,92.68778400723802,92.98745599309031,899900
2017-07-20,93.26950073242188,93.55154771651615,92.46743235324432,92.47624148824094,1186400
2017-07-21,91.91214752197266,91.93858837602414,91.03956571562065,91.45382369450883,1320400
2017-07-24,91.39212036132812,91.59483804595466,90.86327641553866,91.26872523385194,1592800
2017-07-25,91.55077362060547,92.07079499096197,91.40974677299883,91.9385840024633,810500
2017-07-26,92.77591705322266,92.89931218430688,91.90332855187387,91.99147369510285,711300
2017-07-27,92.61727142333984,93.40171483408706,91.6653602986587,93.21662212504307,732800
2017-07-28,93.48104095458984,93.81597639519755,93.07559880632932,93.21662567069698,858900
2017-07-31,93.29594421386719,93.34001678821362,92.72303437001723,93.33120092843818,595300
2017-08-01,94.3624267578125,94.47701275176264,93.89528709656078,94.02749808406395,1088900
2017-08-02,93.72782135009766,94.26547444582295,93.2606816791138,94.21259273953203,573500
2017-08-03,94.45938873291016,94.7943241584889,94.18615760112178,94.51227716694036,858600
2017-08-04,94.62686157226562,95.14688300926566,94.46820971064118,94.96179029145898,515200
2017-08-07,93.95700073242188,94.2214227526584,93.80716472573579,94.08921174254013,465800
2017-08-08,93.78072357177734,94.45939689225699,93.62207170504387,94.2743041684898,671600
2017-08-09,93.1549301147461,93.33120697448969,92.67897452400102,92.76711295387281,562500
2017-08-10,91.49789428710938,92.40573285411024,91.46263757170253,92.26471271701375,783900
2017-08-11,92.07080078125,92.27352520630123,91.6036610871027,91.97384649855557,573700
2017-08-14,93.16373443603516,93.59562415179067,93.14610944078409,93.26068872124307,653700
2017-08-15,93.33120727539062,93.569188433796,92.81118583029867,93.12848955848504,533600
2017-08-16,93.56917572021484,93.72782083822118,93.16372689243113,93.20779946378639,520600
2017-08-17,92.1501235961914,93.12847548954436,92.13249187810514,93.04033034817334,377800
2017-08-18,92.38810729980469,92.65252930149106,92.09724444285585,92.34403472468001,488300
2017-08-21,92.48505401611328,92.57319243461819,91.97384177444238,92.35284302609077,396300
2017-08-22,92.90813446044922,93.12848388468001,92.6525283213978,92.83762103080797,427200
2017-08-23,93.04034423828125,93.29595039245062,92.79355394447114,92.82881066137703,321900
2017-08-24,92.20301055908203,92.80236124211889,92.06198370447075,92.71422282025212,550200
2017-08-25,92.65251922607422,92.95219118583574,92.44097895791654,92.5203082396082,378700
2017-08-28,92.87287139892578,93.15491837368559,92.56437684645981,93.07558908962767,346500
2017-08-29,92.35285949707031,92.75830167412708,91.69181115359115,91.7446928692194,923100
2017-08-30,92.13249206542969,92.335216476653,91.79756339094136,92.09723535371562,480300
2017-08-31,92.502685546875,92.63489654624044,91.88570984921058,92.1941976980428,764200
2017-09-01,92.846435546875,93.19899599098248,92.65253369092049,93.17255513446737,378600
2017-09-05,92.3352279663086,93.09323055115689,91.97385166966954,92.66134082231544,354600
2017-09-06,93.48985290527344,93.72782732327872,92.92575892045355,93.44578033086877,684600
2017-09-07,95.19976043701172,95.51706412356678,94.84720003811384,95.11162201841982,1045000
2017-09-08,95.45537567138672,96.13404895632175,95.34960552426021,95.94895624224856,851100
2017-09-11,97.1212158203125,97.23579510178558,96.51304924854031,96.55712182385427,1069100
2017-09-12,96.90086364746094,97.13883806363391,96.59236907806502,96.89204778774173,839000
2017-09-13,96.77745056152344,96.86558896877759,96.48658776550828,96.73337799563166,586400
2017-09-14,96.24861145019531,96.47777670006367,95.81672852602516,95.99301207381995,403400
2017-09-15,96.72457885742188,97.05951427722597,96.36320930785448,96.74221057663819,726500
2017-09-18,97.00662231445312,97.20934673088094,96.8479704699319,96.92729975445768,1057700
2017-09-19,97.24461364746094,97.54428564937346,97.00663249344234,97.51784479326719,641100
2017-09-20,96.8656005859375,97.34155611162687,96.04590052356085,97.16527255144734,636400
2017-09-21,96.62763214111328,96.9625675871423,96.29270341961539,96.63644800141171,459700
2017-09-22,97.19171905517578,97.42088433446797,96.77746779486189,97.20935077448398,464400
2017-09-25,96.02828979492188,96.83036503886147,95.51708416998868,96.82154917779297,482800
2017-09-26,95.12043762207031,95.43774133020462,94.64448205986886,95.27027361631963,768800
2017-09-27,95.17333984375,95.49063687331883,94.68856835150422,94.68856835150422,663900
2017-09-28,95.89608001708984,96.02828430289762,95.49944698607257,95.49944698607257,414700
2017-09-29,96.645263671875,96.65407953215612,95.71979335376054,95.86962935588387,549400
2017-10-02,97.44731903076172,97.57953001909569,96.90085680829227,96.92729766105303,557300
2017-10-03,97.78226470947266,98.02023913386418,97.52665856503381,97.53547442505747,378200
2017-10-04,97.05951690673828,97.46495904080001,96.89204919229924,97.0330693271973,545100
2017-10-05,97.7646484375,97.78228016033336,96.98902074613153,97.21818607124139,574200
2017-10-06,97.80870056152344,97.80870056152344,96.81271689025853,96.81271689025853,787200
2017-10-09,98.9897689819336,98.9897689819336,98.13481217633398,98.22295732190422,789100
2017-10-10,99.02503204345703,99.20131562136804,98.54907646989369,99.13080219020364,561100
2017-10-11,99.29826354980469,99.42165868417568,98.85756472004243,98.8840055739033,522700
2017-10-12,99.2894515991211,99.62438030209474,99.16605645989235,99.20131317460495,322600
2017-10-13,99.35114288330078,99.7477691307963,99.24537274585448,99.34232702404768,345000
2017-10-16,98.57550811767578,98.79585752608389,98.32871785618354,98.79585752608389,515600
2017-10-17,98.13482666015625,98.24941267649723,97.71175948691231,97.9409247950628,328400
2017-10-18,98.5138168334961,98.8663772543342,97.9585387097343,98.85756811909802,533000
2017-10-19,99.95050048828125,100.16203405333512,98.54026551370417,99.06028692873883,1799600
2017-10-20,98.74297332763672,99.34232397236032,98.60195320657063,99.31588311994356,776100
2017-10-23,98.99859619140625,99.7213420860425,98.9457144776257,99.2101297710597,720300
2017-10-24,98.98096466064453,99.16605737118859,98.3816139540839,98.88401037542657,560300
2017-10-25,99.38641357421875,100.14441618786908,98.99859640690055,99.79185573799174,795600
2017-10-26,99.95050048828125,100.46171276798133,99.28945221352349,99.87117119855431,561000
2017-10-27,100.61154174804688,100.84070701685332,100.02100694432482,100.81425943910115,582300
2017-10-30,100.30304718017578,100.32067217296267,99.94167094501086,99.95048680366924,400300
2017-10-31,100.65562438964844,100.90242141813444,100.10034620575068,100.68207197181337,303000
2017-11-01,102.4801025390625,103.03538736623021,102.18043056369555,102.55943182488524,916200
2017-11-02,101.8190689086914,102.35672209415362,101.28142244776062,102.2421428032227,587400
2017-11-03,101.28140258789062,101.55463369512755,101.02579647405959,101.51056112481767,917900
2017-11-06,101.35192108154297,101.83669251324963,101.06987408251298,101.78381080234742,688800
2017-11-07,100.6732406616211,101.0963077678954,100.33830525091267,100.92884678707159,1140500
2017-11-08,101.00816345214844,101.17563114772788,100.29423354914975,100.47932623790756,485900
2017-11-09,99.2806396484375,99.46573236456857,98.4873803474965,99.2013170806089,635300
2017-11-10,99.23656463623047,99.70371106970113,98.79586578258447,99.69489520975958,487000
2017-11-13,99.04266357421875,99.06910442972215,97.78226457382037,97.84396214483859,518100
2017-11-14,99.66845703125,99.80947717144804,99.14842887322534,99.71252288307956,435500
2017-11-15,99.49217224121094,99.9769436771619,99.08673009683875,99.21894109978273,663800
2017-11-16,100.42645263671875,100.48815020461608,99.87116780111234,99.98575380187204,487300
2017-11-17,100.25899505615234,100.72613479235712,100.1179681869797,100.5586670663474,393700
2017-11-20,100.50578308105469,100.70850751977562,100.0650842116476,100.17085436113649,299600
2017-11-21,101.61634063720703,101.8631309148468,101.23733936096573,101.28141193534314,287000
2017-11-22,100.34712982177734,101.92483255922932,100.07389867839959,101.1139482646991,385000
2017-11-24,102.603515625,102.65639733831482,101.9336514500439,102.07467159372712,294100
2017-11-27,102.01296997070312,102.47130054967577,101.8631339725713,102.24213526018946,394000
2017-11-28,101.8190689086914,102.3655379548503,101.52821275101579,102.3214653758984,282700
2017-11-29,99.57150268554688,101.63397014703918,99.19250139246952,101.63397014703918,614500
2017-11-30,99.90642547607422,100.18847246410856,99.38640407372648,100.00337975863577,796100
2017-12-01,98.52263641357422,98.86638098762556,97.63242283036207,98.32872783856455,660800
2017-12-04,98.22296905517578,99.28064368305881,98.17008061660974,99.28064368305881,569200
2017-12-05,98.09957122802734,98.8046853858565,97.4914046351049,97.65887235768497,533700
2017-12-06,98.89281463623047,99.21011833138876,97.38562544649379,97.588349866829,482100
2017-12-07,99.08672332763672,99.27181602930114,98.49618850929826,98.59314278986493,350800
2017-12-08,99.20130920410156,99.85354158885252,99.08672320473917,99.66844888741768,256900
2017-12-11,98.74297332763672,98.80467089145252,98.10836597151405,98.18769525329444,547600
2017-12-12,99.30707550048828,99.57149749565524,98.89281751284102,99.13961451311117,467600
2017-12-13,99.50979614257812,100.02981752889232,99.22774916323998,99.75658640893269,324900
2017-12-14,100.30304718017578,101.29020816495827,100.30304718017578,100.77899595525028,614500
2017-12-15,100.72612762451172,101.09631304295006,99.94168421302206,100.082711072159,854300
2017-12-18,102.17161560058594,102.60350529762309,102.07466131958009,102.51536015159559,472300
2017-12-19,101.5370101928711,101.96008403867576,100.96410707966797,101.88957061028654,426400
2017-12-20,99.73896789550781,100.32068688620939,99.24538060619614,100.26780517556311,471000
2017-12-21,99.49217224121094,100.01220039291569,99.3599679627979,99.4833631056707,369800
2017-12-22,99.22775268554688,99.28063439463418,98.67246784200762,98.9721465507405,262600
2017-12-26,99.03384399414062,99.15723913154187,98.65484272225662,99.09554156284125,158000
2017-12-27,99.68608093261719,99.90643036293885,99.23656621189231,99.37759307507304,317500
2017-12-28,99.06909942626953,99.61556167782304,98.7429798676262,99.40402811994848,487800
2017-12-29,99.03384399414062,99.32470684281384,98.70772443127697,98.91044885673938,287800
2018-01-02,99.0602798461914,99.08672069936634,97.94971694113204,98.03786208442222,540600
2018-01-03,99.87117004394531,100.20610546965011,99.20131264159716,99.27181934611279,506200
2018-01-04,101.4048080444336,101.6251574693676,101.09631346990139,101.16682689976766,539300
2018-01-05,102.53299713134766,102.68283312803335,101.67804027744683,101.75736284350482,475300
2018-01-08,101.18446350097656,101.7309257974763,101.14920678434252,101.44006292864385,515400
2018-01-09,100.62036895751953,100.88478424409489,99.99457064620304,100.79664581523643,515900
2018-01-10,99.48336029052734,100.32068541126002,99.23656328723456,100.1620335571229,705800
2018-01-11,96.63643646240234,97.5266499593749,96.39846205900946,97.42969568126252,2291200
2018-01-12,97.06832885742188,97.50902771912283,96.52186657261251,96.80391357511988,1603200
2018-01-16,97.5531005859375,99.05147403037543,97.35037615015706,98.69892031958838,927200
2018-01-17,98.00261688232422,98.14363702399665,96.8656129905499,97.02426485276332,977100
2018-01-18,98.42567443847656,98.87518912502294,97.91446218511248,98.52262871840874,898000
2018-01-19,99.77420806884766,99.81828063973688,99.28944341171717,99.67725379251553,821900
2018-01-22,99.4040298461914,99.41284570591068,98.54026388056066,98.87519258005595,671500
2018-01-23,100.71731567382812,101.05225111501285,100.25017595273471,100.49696624127229,524600
2018-01-24,100.80546569824219,101.65160675320553,100.50578695872713,101.32548715643088,562100
2018-01-25,99.4569091796875,100.72612396771898,99.28063233669668,100.62916968671487,639000
2018-01-26,100.95528411865234,100.99054083036694,100.17965663452159,100.32949261591102,1563000
2018-01-29,100.07388305664062,100.61153612386421,99.49215742015743,100.23253489163332,1948500
2018-01-30,97.66767120361328,99.73014519627905,97.12120896566137,99.58030921003613,6145800
2018-01-31,99.81828308105469,99.96811906649437,98.69009517381177,99.02502385735878,5107400
2018-02-01,98.4080581665039,99.21012660622473,98.15245201716641,98.91045460498626,1354200
2018-02-02,96.2045669555664,97.70294045941513,96.04591508960927,97.70294045941513,1298000
2018-02-05,93.31358337402344,96.02828336714687,92.89932535044565,94.99704960070723,1350600
2018-02-06,95.50825500488281,95.61402514937603,92.2470862151122,92.4850606345585,1713100
2018-02-07,92.6260757446289,93.97461979677215,92.40572633228614,93.2518739932691,1971700
2018-02-08,89.60289001464844,92.43217571750081,89.55881744150606,92.34403057121607,1058700
2018-02-09,89.89374542236328,90.86328150304553,87.43464514506374,90.36970096550485,1377200
2018-02-12,90.56361389160156,90.99549688276588,90.06121747038121,90.71344988707253,959300
2018-02-13,90.60767364501953,90.73987790200343,90.0612047262099,90.42257423618234,933900
2018-02-14,92.66133880615234,92.69659552148642,90.29038353958111,90.32564025491519,1121300
2018-02-15,93.04034423828125,93.12848939281157,91.66536590160712,92.8464356575644,1204200
2018-02-16,92.45861053466797,93.05796117780586,92.1501227164051,92.2030044210987,547200
2018-02-20,91.86808013916016,92.48505580515972,91.52432886863993,91.65653986121995,1600800
2018-02-21,91.00430297851562,92.32639938982578,90.96023040832658,91.77993045232009,1195800
2018-02-22,91.78874969482422,92.20300766156345,90.73988435133809,91.16295817734613,1183100
2018-02-23,92.45861053466797,92.51149223936157,91.48025865065564,91.6300946303076,1388100
2018-02-26,92.81999969482422,92.86407227441305,91.40976456689148,91.93860189929983,1813500
2018-02-27,91.72705078125,93.2430557757527,91.72705078125,92.94337708578972,993300
2018-02-28,92.1060562133789,93.15492158909395,92.05317450520185,92.65252518782037,946200
2018-03-01,89.90255737304688,90.82802756522855,89.15337073984419,90.62530315353526,1966200
2018-03-02,90.5283432006836,90.65173832196635,89.09166758887453,89.63812977611822,795800
2018-03-05,92.19420623779297,92.34404224617177,90.76634614107267,90.80159613460654,1018900
2018-03-06,92.61727142333984,92.8376208471347,92.28233599547198,92.65252813809072,656600
2018-03-07,95.11162567138672,95.13806652552677,94.18615542930137,94.66211097741407,1356700
2018-03-08,95.4906234741211,95.96657903848609,95.26146491406189,95.59639361882358,1154100
2018-03-09,96.1781234741211,96.24863018243151,95.42893001810972,95.55233188784786,876200
2018-03-12,96.05471801757812,96.30150828149966,95.39366978584673,95.90487530774261,717900
2018-03-13,94.85602569580078,96.53949185575524,94.66211712015,96.49542600417251,730900
2018-03-14,95.26146697998047,95.76386341028378,94.66211626272995,95.71979083456925,492800
2018-03-15,95.62283325195312,96.07234795553109,95.23502284206121,95.45537226397757,819500
2018-03-16,94.76788330078125,95.41130661829418,94.56516558363458,94.73263330830189,578400
2018-03-19,93.63967895507812,93.6573106727799,92.75828135682937,93.56917225786103,485600
2018-03-20,92.45861053466797,92.7230257826661,91.75348975761274,91.75348975761274,878000
2018-03-21,92.6348876953125,93.29593590444821,92.30877488250482,92.37047244637628,693900
2018-03-22,91.61248016357422,92.9081358736846,91.55078259283233,92.29996930170687,936500
2018-03-23,90.32563018798828,92.00909612924748,90.26393262416266,91.89451686057993,800800
2018-03-26,92.39691162109375,92.6525177309286,90.56360300715895,92.29114148872173,627500
2018-03-27,90.8104019165039,92.846428405948,90.27274879361104,92.45861799933476,815200
2018-03-28,91.64775085449219,92.72305057646389,91.25993365095793,91.6213032705433,1044200
2018-03-29,92.68778228759766,93.28712624818257,91.89452303898442,92.30878102017859,670000
2018-04-02,91.0395736694336,92.70541486552189,90.2727552122933,92.61727643613972,452400
2018-04-03,91.37449645996094,91.8063861676034,90.51073049373737,91.56840502673418,1043500
2018-04-04,92.07962036132812,92.32641064560146,90.19342978920385,90.22868650474732,690300
2018-04-05,92.9345703125,93.51628926439773,92.63489161492267,92.9610111660594,468300
2018-04-06,92.86406707763672,93.8247873932202,92.59964506396415,93.28713423007547,598600
2018-04-09,94.45938873291016,95.26146385781642,94.4153228831708,95.14687785452655,821500
2018-04-10,94.9617919921875,95.5082610196879,94.53872483663272,95.17333229449609,969900
2018-04-11,94.2831039428711,95.1909424103038,94.18614966726857,94.5827759041661,794600
2018-04-12,95.11162567138672,95.35841594273465,94.82957196181128,94.93534210290207,602600
2018-04-13,95.30552673339844,95.73741642926898,95.06755232354632,95.66690300244964,483500
2018-04-16,95.1468734741211,95.63164487065085,94.95297164003959,95.53469059134488,390700
2018-04-17,96.46015930175781,96.62762027968469,95.47299152997756,95.58757080166755,587200
2018-04-18,96.08116912841797,96.60119056512222,95.86081969431663,96.5835655691878,639000
2018-04-19,95.07636260986328,96.1340370520327,94.38886682547006,95.94894436087955,900300
2018-04-20,93.42814636230469,94.13326713786996,93.30475123526028,94.13326713786996,1004000
2018-04-23,93.41053009033203,94.06276249768176,93.04915380986876,93.82478135578383,1179600
2018-04-24,95.63166046142578,97.94973423426772,95.63166046142578,97.4737786194975,3034900
2018-04-25,95.97539520263672,96.0723494877887,94.84720722035642,95.70216406695249,1009200
2018-04-26,96.84797668457031,97.14765539879845,96.20456013044095,96.36321198514271,1801400
2018-04-27,98.14363098144531,98.33753954827095,97.42970100770604,98.17007183609778,946400
2018-04-30,97.68531036376953,98.28466107892888,97.56191522163651,97.60598107266637,412400
2018-05-01,98.46975708007812,98.49619793648509,97.10358788644865,97.3151281867666,896400
2018-05-02,98.69892883300781,99.36878632090753,98.46976352160446,99.17487772853019,984800
2018-05-03,99.7213363647461,99.86236322611144,98.4256806552081,99.52742779263416,737600
2018-05-04,100.49696350097656,100.6644312170025,99.21893951681358,99.2630120919354,896300
2018-05-07,100.47052001953125,101.01698900391601,100.2766114533131,100.78782372342812,894700
2018-05-08,101.18446350097656,101.44887878893515,100.36476333169581,100.4705267570668,982800
2018-05-09,101.42244720458984,101.67805338015566,100.7878396962239,101.12277517260132,814600
2018-05-10,102.64756774902344,102.85029216383491,101.69565668948577,101.78380183259615,1717800
2018-05-11,102.4007797241211,102.62112913764996,101.96008089706334,102.17161445118253,549000
2018-05-14,101.5281982421875,102.47129346601521,101.3607305355399,102.19805561971695,1085900
2018-05-15,100.16203308105469,100.45289593301207,99.24537867534492,100.00338122767164,524700
2018-05-16,100.62036895751953,101.11394953875173,99.66845778697366,100.17085422845102,616500
2018-05-17,100.96411895751953,101.51939714121598,100.44409076763401,100.69969693221755,532500
2018-05-18,101.33727264404297,101.4178162394499,100.33500089650225,100.66610560133014,1224800
2018-05-21,101.7668228149414,102.41114426998283,101.54310046680003,102.18742192184146,397200
2018-05-22,101.220947265625,101.89211435995416,101.01511968594625,101.48046602806139,649600
2018-05-23,101.686279296875,101.75787208692626,100.2455068275487,100.2455068275487,779600
2018-05-24,102.04423522949219,102.25006279162285,101.0688090794115,101.97264244027595,1999200
2018-05-25,102.04423522949219,102.25006279162285,101.60574134360499,101.73102531100133,2068300
2018-05-29,98.69734954833984,99.46695495360831,98.18726287996088,99.03740505143779,1017300
2018-05-30,100.58557891845703,100.80930128845917,99.32378147446178,100.12023256547222,671300
2018-05-31,100.93457794189453,101.1493494898146,100.11128131864726,100.83613956004275,408600
2018-06-01,101.7757797241211,102.4290451964907,101.28358779770728,102.4290451964907,518100
2018-06-04,102.56327819824219,102.84069173696923,102.06214230184119,102.14267907342084,535700
2018-06-05,103.51184844970703,104.20091706575549,103.2165333285434,103.95929312027113,640700
2018-06-06,104.60363006591797,104.64837727060231,103.64609860187085,104.2098765125833,1384900
2018-06-07,104.63941955566406,105.61484574070639,104.20092565406019,105.49851257465845,1074800
2018-06-08,106.26811218261719,106.5544765065581,105.16739525866254,105.65958714080975,911700
2018-06-11,107.39567565917969,107.88786071828093,106.55447746303679,106.76924900105435,722700
2018-06-12,107.55675506591797,108.09368731993325,107.37777309627019,107.90576137240112,755500
2018-06-13,107.83417510986328,108.62167534157508,107.45832319205522,108.2637250355471,460100
2018-06-14,108.62167358398438,109.13176027203151,107.86996976053146,107.97735894708087,536100
2018-06-15,108.44270324707031,108.46059803189064,107.7804869692841,108.29951765864917,544100
2018-06-18,106.91243743896484,106.95717781237268,105.99070245169924,106.00859723556951,1986000
2018-06-19,106.05335235595703,106.25022913055322,104.45149939511002,104.45149939511002,1515600
2018-06-20,106.12493133544922,106.70661081459595,105.71328302815914,106.25916611178529,855200
2018-06-21,105.54325866699219,106.52763564752632,105.18530153930769,106.52763564752632,644500
2018-06-22,105.44481658935547,105.83856327128598,103.95929695115879,105.29268703434903,1446000
2018-06-25,104.04879760742188,104.31726718439953,103.23445172486224,104.111439598388,1453400
2018-06-26,103.10020446777344,103.69083473470941,102.67960536752463,103.45816158463184,1077300
2018-06-27,102.76909637451172,104.39780165202347,102.50958445426699,103.81612217112134,521200
2018-06-28,101.31041717529297,101.56098508774365,100.4065770675557,100.46027506841195,1037500
2018-06-29,103.5029067993164,103.64608554683507,102.91227654370893,102.93017132684976,613000
2018-07-02,103.19864654541016,103.26128853104636,101.59679368132488,101.65048486116609,521700
2018-07-03,103.0733642578125,103.76242611106647,102.90333308225208,103.76242611106647,1279300
2018-07-05,104.2098617553711,104.31725093492716,103.15389205252671,103.47605276373103,896400
2018-07-06,104.81838989257812,104.8720878976803,104.02193889611398,104.23671726159453,852600
2018-07-09,106.83189392089844,106.92138832270803,106.08914090911463,106.89453590568658,808800
2018-07-10,107.09141540527344,107.50306371976376,106.7245142928326,106.7245142928326,512000
2018-07-11,105.43586730957031,106.00859597108756,105.13160819515487,105.25689216314525,654000
2018-07-12,106.88558197021484,107.03771151517617,105.69537754265323,105.69537754265323,755400
2018-07-13,107.30618286132812,107.3688248413435,106.5455214686881,106.92138017624407,804200
2018-07-16,107.89681243896484,108.10264000076471,107.44041694277499,107.44936774827868,1450800
2018-07-17,108.8543472290039,109.09597119295698,107.10036480562128,107.1361612012982,741700
2018-07-18,109.1407241821289,109.83873690984855,108.52324823339299,108.86331061789807,1738900
2018-07-19,105.0689697265625,106.28601305240839,104.59467260048505,105.66854399735767,1390500
2018-07-20,104.16513061523438,104.98842724906353,103.96825384900035,104.74681010798099,1451300
2018-07-23,104.53202056884766,104.82733568666762,104.10247751334931,104.82733568666762,715800
2018-07-24,105.0421142578125,106.20547319709951,104.61257117351197,106.13388040722802,738400
2018-07-25,106.73345947265625,106.92139226140789,105.14055737725316,105.69539128257544,645300
2018-07-26,107.11825561523438,107.84312065273402,106.82294730991953,107.00192245419908,952700
2018-07-27,106.53659057617188,108.22793107178404,106.42920138547132,108.22793107178404,794200
2018-07-30,104.49622344970703,106.56342243260895,104.46043388488417,106.5097244304472,708400
2018-07-31,103.84297943115234,104.80051093256844,103.61925705392927,104.60363414821774,1363500
2018-08-01,103.76241302490234,104.27249965978876,103.58343789343694,104.10247533313571,1039400
2018-08-02,103.42237854003906,103.42237854003906,102.72436582717044,102.80490260444067,751100
2018-08-03,103.54764556884766,103.6102875500674,102.74224379069108,103.3507688200245,448600
2018-08-06,103.1270523071289,103.50291104313733,102.58116922818724,102.91228076331286,290500
2018-08-07,103.44026184082031,103.80716976977563,103.01966956044377,103.78927498596856,321900
2018-08-08,103.82505798339844,104.2277622819485,103.61028645398336,103.82505798339844,330400
2018-08-09,103.52975463867188,104.26356365775227,103.39551986607313,104.06668690160268,457500
2018-08-10,100.9972152709961,101.39991275821141,100.4244866179741,100.46028301222098,820000
2018-08-13,102.10687255859375,102.82278676319251,101.86525544033339,102.43798407302685,635900
2018-08-14,102.16952514648438,102.60802588537078,101.49835807029267,102.48273508321427,690300
2018-08-15,101.31938171386719,101.43571488114154,100.33500471260845,101.01511575931697,1340500
2018-08-16,103.87876892089844,104.50518880446818,103.14495984551759,103.3955277989455,877900
2018-08-17,104.6125717163086,104.63941730578364,103.2523360115493,103.34183041308515,468700
2018-08-20,105.32848358154297,105.4985147586798,104.82734768362121,105.35533599961553,748300
2018-08-21,105.57906341552734,105.78488417169127,105.22110625952261,105.73119298790327,426100
2018-08-22,106.56343078613281,106.58132556994703,105.99964609775361,106.54552917485435,829900
2018-08-23,106.7513656616211,107.52992195816066,106.59028528397377,107.154063192007,525500
2018-08-24,108.192138671875,108.22793507009763,107.31514398408282,107.61045914882084,324600
2018-08-27,109.36442565917969,109.51655520871815,108.5679746910503,108.88118459523649,394800
2018-08-28,109.20335388183594,109.6329038037899,109.01542792456371,109.62395299797758,493800
2018-08-29,109.22125244140625,109.58815353988581,109.10491245149032,109.26599281428882,1498900
2018-08-30,108.48744201660156,109.07806545426266,108.1652812951631,108.34425643931152,716300
2018-08-31,107.15406036376953,108.1294934102951,106.84085042312908,107.48517191671209,443700
2018-09-04,105.93699645996094,106.32179914507735,105.1942435047059,105.38216944476781,926400
2018-09-05,103.27919006347656,105.06001807731054,103.20759727210023,104.9884252859342,863700
2018-09-06,103.20759582519531,103.93245405219162,102.50958318772268,103.7713736875853,618500
2018-09-07,104.27250671386719,104.43358707406867,103.15389499787474,103.4044697573269,569000
2018-09-10,105.82962799072266,105.97280675206497,105.2211028932224,105.64170202601203,533100
2018-09-11,106.7513656616211,106.95718641627529,105.26584586471077,105.57906264108294,395400
2018-09-12,108.32636260986328,108.66641811772566,107.20775088042424,107.76257792864894,655100
2018-09-13,108.43375396728516,109.02438428663939,108.13843880760805,108.80066192218062,723700
2018-09-14,108.63957214355469,108.85434368315579,108.20107825885873,108.4516461929707,429400
2018-09-17,107.19879150390625,107.95049524880463,107.13614952516471,107.68203255168247,1791100
2018-09-18,107.63729095458984,108.04893924022943,106.724506812948,106.73345079075948,490800
2018-09-19,106.93033599853516,107.20775636430224,106.52763848632402,106.7692556281578,770400
2018-09-20,107.50305938720703,107.7804797392973,106.70660838056862,107.17195468425697,835500
2018-09-21,108.8543472290039,109.56131068182815,108.20108178342721,108.4605937040222,715800
2018-09-24,109.2123031616211,109.6329022718857,108.70221647687694,109.12281558714155,424800
2018-09-25,113.30195617675781,113.31985096204704,110.91260293395298,111.252658474167,2447800
2018-09-26,112.90818786621094,113.79413324017435,112.82765110174005,112.90818786621094,866100
2018-09-27,112.18333435058594,113.09611852327639,112.07594516601945,112.76501381892541,855800
2018-09-28,110.0713882446289,110.73360444107745,109.59709798930236,109.59709798930236,1342000
2018-10-01,110.3130111694336,110.74256107708956,109.95506087842847,110.59043152066597,520600
2018-10-02,109.36442565917969,109.71343195633915,108.69325865272477,109.21229610964123,627800
2018-10-03,109.86557006835938,110.29511999005202,109.65079852124525,110.28616918424515,359500
2018-10-04,109.23019409179688,110.15192904859879,108.65746544237697,110.14298507069138,536500
2018-10-05,107.46726989746094,108.37111014628476,106.90349200644299,107.80733225526683,528100
2018-10-08,104.99737548828125,105.63274614629978,104.04878807665749,105.26583821320304,1522400
2018-10-09,106.83189392089844,107.20775265709153,105.30163386896176,105.30163386896176,1796100
2018-10-10,101.1314468383789,104.26355954737289,100.92561928484662,104.1293247800661,2665200
2018-10-11,101.04197692871094,102.20532918460977,99.78913026065713,101.5789092643154,2087900
2018-10-12,102.49168395996094,103.19864741953747,100.51397916530657,102.69751153020299,967400
2018-10-15,101.3462142944336,101.99948649441106,100.90772044449628,101.04195520640546,726800
2018-10-16,105.07791137695312,105.08686218261481,103.25233618743334,103.76242287072091,2058900
2018-10-17,103.61924743652344,104.1293341361498,102.96597515158082,103.98614855083352,963300
2018-10-18,95.76211547851562,99.50275339958476,95.7352698892259,99.02846311556172,2493100
2018-10-19,97.56084442138672,98.25886392449836,97.16709770773166,97.36397447829151,1064200
2018-10-22,97.20288848876953,98.7420925122442,96.67490019573154,98.59891375940518,1098100
2018-10-23,96.41539001464844,97.03286593648168,94.74195106788797,95.09095741654203,980000
2018-10-24,92.50472259521484,95.24308205906917,92.45102458687931,95.11779808539377,1336100
2018-10-25,95.34151458740234,96.21850234927443,92.96110557882139,93.80230377395362,1087100
2018-10-26,94.33028411865234,95.4399449357684,92.9163573901311,93.85598705594825,782000
2018-10-29,93.31906127929688,95.49364269511896,92.00357282895878,95.34151314265559,788000
2018-10-30,94.49136352539062,94.53611072403534,92.97005435596542,93.36380785615431,877800
2018-10-31,95.98583221435547,96.58540643165438,95.45784395515602,95.58312791615987,827000
2018-11-01,95.45785522460938,95.93214553689766,94.83143534563703,95.79791758244976,760600
2018-11-02,96.31694793701172,97.06865861664122,95.70842284491721,96.60331228461709,563600
2018-11-05,96.30799865722656,96.5138193936482,95.52944242965513,96.44222660382145,523400
2018-11-06,95.66368103027344,96.27220611321347,95.34152029063081,95.55629184123772,601200
2018-11-07,97.98143768310547,97.99933929433726,96.53172123668506,96.71964718983348,981800
2018-11-08,96.2990493774414,97.25658076728709,96.11112342176675,96.5943645195577,1311000
2018-11-09,96.92547607421875,97.09550725789228,95.93214821874727,96.57646972796822,912500
2018-11-12,90.7596664428711,92.45995738985434,90.40170937601201,92.27203146593254,1350400
2018-11-13,92.82687377929688,93.29221322969184,91.36819979279537,91.40399618551248,1828900
2018-11-14,92.91636657714844,94.35713903465326,92.37943431109804,94.15131147181079,789300
2018-11-15,94.39293670654297,94.93881295806403,92.39733034488869,92.92531181253378,760000
2018-11-16,93.60543823242188,94.23186496483332,92.72845036549671,93.05955510348349,1112300
2018-11-19,90.90287017822266,93.31011810860848,90.54491303978378,93.23853214289232,1704300
2018-11-20,89.47105407714844,90.38383835146477,88.44192979973282,88.5672137819436,936300
2018-11-21,90.8402328491211,91.49349834486523,90.56281246818664,90.8133872571679,890800
2018-11-23,90.3748779296875,90.91181020024601,89.40840257366789,89.40840257366789,524800
2018-11-26,91.94093322753906,91.9677788166143,90.74178473241733,91.49348853638065,832300
2018-11-27,91.1534423828125,91.6456343245793,90.33014570518881,90.92076920784412,764200
2018-11-28,93.88284301757812,94.04391654283613,91.67246527702096,91.92303319737397,695900
2018-11-29,93.05956268310547,93.94550825614425,92.68371070952472,93.69493344629163,782600
2018-11-30,92.78213500976562,92.96111016214535,92.1736099332244,92.79108581562394,698900
2018-12-03,94.22290802001953,94.48242677158053,93.73966691305743,94.41083397926072,666900
2018-12-04,92.09306335449219,94.36607622297718,91.97672337311822,94.24079226416191,884200
2018-12-06,90.8402328491211,91.02815882025837,89.0951942700494,89.79320697069213,1596300
2018-12-07,90.13326263427734,92.37048616341464,89.73950910836058,91.89619586763183,683700
2018-12-10,91.1892318725586,91.61877496422656,89.9274345324222,90.87602194582897,871700
2018-12-11,90.88496398925781,92.08411931851933,90.41067370638383,92.01252652894404,981800
2018-12-12,92.47785949707031,93.31010684177768,92.43311912733301,92.74632902534896,830900
2018-12-13,92.58525848388672,93.11324679145488,92.04832619790164,92.73738804654734,1071800
2018-12-14,90.3748779296875,91.35031091879553,90.20485358761358,90.90286622208608,673500
2018-12-17,89.14888763427734,90.2764434023239,88.72828850902914,89.80215309596812,789900
2018-12-18,89.56053161621094,89.9990255047711,89.2115253009845,89.7753031577047,724800
2018-12-19,89.5873794555664,91.51139305415431,88.45981688634161,91.2966146798019,854400
2018-12-20,89.57841491699219,90.38381662868102,88.57614330019126,89.94532279633061,854000
2018-12-21,86.03467559814453,89.005708451728,85.67671843425609,88.88042446848681,2155000
2018-12-24,85.01448822021484,86.74162493820829,85.01448822021484,85.78409360714232,405500
2018-12-26,88.03921508789062,88.12870948820895,84.84446026200132,85.20241738088215,559000
2018-12-27,88.58509826660156,88.64774025042269,86.48210957836186,87.43964094675002,978900
2018-12-28,88.77301788330078,89.67685800890622,88.54035157569042,89.49788287575,534500
2018-12-31,89.08623504638672,89.94532797920343,88.71932714590615,89.80214241000212,429300
2019-01-02,88.755126953125,89.09518245186642,88.00341634082294,88.20924389760326,506300
2019-01-03,85.42613983154297,86.65214074628791,85.41718902600732,86.56265317332397,807800
2019-01-04,88.36137390136719,88.77302218956599,86.72373155390305,87.10852742610854,1038100
2019-01-07,89.22941589355469,89.65896578383042,88.37927374561929,88.987798774156,861600
2019-01-08,90.62545013427734,90.8133829239121,89.87374628559657,90.71494453980421,548600
2019-01-09,91.86039733886719,92.32573681803821,91.53823661195484,91.97673050179388,516400
2019-01-10,92.47785949707031,92.54050830413722,91.35030386421289,91.77090293903304,663800
2019-01-11,91.26081848144531,91.67246676118461,90.90286137766125,91.45768840243585,576900
2019-01-14,90.48226165771484,90.8581135416914,90.07061338086474,90.07061338086474,629000
2019-01-15,91.66352081298828,91.72616279740988,90.24959393322703,90.24959393322703,443100
2019-01-16,91.50244903564453,91.8067081806826,91.01920789870329,91.03710951162604,442500
2019-01-17,92.73738861083984,93.00585816919819,91.54719086502784,91.60983285164953,338000
2019-01-18,94.62559509277344,94.9746013825111,93.62332342069143,94.17815043131863,484400
2019-01-22,92.46891021728516,92.91635485378323,92.07515675237858,92.629990559523,680400
2019-01-23,93.15798950195312,93.95444055875333,92.76424279033822,93.75756378921358,539100
2019-01-24,94.32133483886719,94.5092607750688,93.71280983368236,94.46451357848876,1999100
2019-01-25,94.86722564697266,95.34151592878553,94.49136691627534,95.30571953407797,1036500
2019-01-28,95.69947052001953,96.92546457590794,94.32134008377737,94.76878476460415,2299600
2019-01-29,91.89619445800781,92.97005900453561,91.41295336383102,92.50471952169738,2048500
2019-01-30,91.74404907226562,92.30783370723543,90.35697473801474,91.24291324337123,1275500
2019-01-31,92.5494613647461,92.84477650934316,91.55613357107548,91.69931915420051,1027200
2019-02-01,93.02375030517578,93.56963338482227,92.60315802267007,92.90741714118028,566200
2019-02-04,93.25642395019531,93.32801674109037,92.11096660573183,92.34363976240859,564900
2019-02-05,95.09988403320312,95.19832240356602,94.50030983369349,94.71508135654729,709500
2019-02-06,94.20500183105469,95.01040363685934,94.16026145862695,94.92986687001093,349900
2019-02-07,92.58525848388672,93.23853076393591,92.08412259396258,92.97006120721116,659600
2019-02-08,93.0953369140625,93.46224482051215,92.64789224422468,92.98795456287827,724500
2019-02-11,93.14903259277344,93.5338353005351,92.7910823015698,93.33696537135876,636500
2019-02-12,93.63227081298828,94.00812953119059,93.31906090403965,93.54278324292638,794300
2019-02-13,94.19605255126953,95.06409629158689,94.17815094133472,94.24974372614648,385100
2019-02-14,94.80458068847656,95.11779059801012,94.19605565246968,94.58085834917203,494900
2019-02-15,95.59207916259766,95.61892475044189,94.72403540916032,95.5294371818065,328800
2019-02-19,95.52050018310547,95.72632776543436,94.91197506998007,94.91197506998007,292700
2019-02-20,95.62788391113281,96.07532862086956,95.37731596607455,95.37731596607455,730400
2019-02-21,95.73526000976562,96.27219222254371,95.5831236403833,95.93212992006224,298400
2019-02-22,96.93441772460938,97.07760330311818,96.5943622168472,96.71964618431034,337100
2019-02-25,96.04847717285156,96.71069339118448,95.96793357972965,96.39748347896378,408200
2019-02-26,96.26324462890625,96.31693580373597,95.28781853969315,95.34150971452287,327300
2019-02-27,95.76211547851562,95.82475746267971,95.07304682524635,95.49364593068995,471400
2019-02-28,95.8695068359375,96.0395380206873,95.51155650851771,95.78897006050751,543300
2019-03-01,96.98811340332031,97.16709538476157,96.39748993322543,96.64805787977868,473400
2019-03-04,96.0395278930664,96.6838493384204,95.40415725319347,96.64805294396028,404200
2019-03-05,96.62122344970703,96.88074223217431,96.03059308392663,96.308013480338,269400
2019-03-06,96.2811508178711,96.89862671142068,96.1558668434501,96.88073192684533,270100
2019-03-07,95.17149353027344,96.1737721920466,94.95672196970233,96.13797579404061,306400
2019-03-08,96.62122344970703,96.6928162505529,95.47576594603443,95.54735191941501,537200
2019-03-11,96.3974838256836,96.57645896832086,95.44890328027076,95.44890328027076,476000
2019-03-12,96.6570053100586,96.88072765844848,95.99478224305025,96.07532583875202,410300
2019-03-13,97.41765594482422,97.80245864141543,97.06864964180707,97.11339001317667,472400
2019-03-14,98.0082778930664,98.20515464102466,97.4624016748147,97.83825356048199,394200
2019-03-15,100.66610717773438,100.91667511854338,99.88755776557272,99.90545254957438,769100
2019-03-18,100.35289001464844,100.5318651516152,99.80700697119687,100.21865524819145,429600
2019-03-19,101.5162582397461,101.78472096992898,101.10460992482744,101.41781985710637,506100
2019-03-20,102.49168395996094,102.83174630840742,101.47151056955035,101.82946770227402,679600
2019-03-21,102.4021987915039,102.46484077914366,101.33727817416344,101.3999201618032,385000
2019-03-22,99.97704315185547,101.220938850401,99.41325846991302,100.8271853363414,780000
2019-03-25,99.8696517944336,100.15601611820938,99.38641071791247,99.699627457715,437200
2019-03-26,101.95475769042969,101.99055408856066,101.00617703608589,101.1851521992759,1123000
2019-03-27,101.62362670898438,102.02633099040612,100.80928099637943,101.73996668754475,1172700
2019-03-28,102.205322265625,102.54537779541194,101.6415443755261,102.30376065035944,1867900
2019-03-29,103.32392120361328,103.94139702598879,103.01966210865152,103.8787550459988,1325700
2019-04-01,103.6460952758789,103.76242844587428,103.26129254132236,103.6013480726305,973200
2019-04-02,103.63713836669922,103.72663276792584,103.18074969227176,103.51185439793902,582000
2019-04-03,104.19197845458984,104.69311435948282,104.16513286360839,104.40675000990618,688800
2019-04-04,103.76241302490234,105.02421023236347,103.5923886982493,104.91682105700605,1130800
2019-04-05,102.56327819824219,102.94808092653996,102.43799422414193,102.46483981466848,686600
2019-04-08,102.84963989257812,102.86753467664651,101.81156490253875,102.34850400909117,868500
2019-04-09,98.76895904541016,99.76228696147373,98.68841543811205,99.69069416108991,1094500
2019-04-10,100.46923065185547,100.57661983851,99.87860719391638,100.16497153086414,834100
2019-04-11,100.5229263305664,100.57661750891789,100.093376421362,100.38869155722352,508100
2019-04-12,100.51397705078125,100.81824299680804,100.38869308108325,100.81824299680804,354100
2019-04-15,100.94352722167969,101.22989155706536,100.42448973021057,100.46028612556682,638000
2019-04-16,99.51170349121094,100.45134013886322,99.42221591225943,100.42449454792423,1081400
2019-04-17,100.5050277709961,100.94352849906086,100.23656504362347,100.94352849906086,881000
2019-04-18,101.09565734863281,101.43571286522888,100.65716345112078,100.94352778811334,485500
2019-04-22,101.8294677734375,102.01739373206927,100.80929438231396,100.80929438231396,418100
2019-04-23,102.73330688476562,102.82279446017326,101.5878427061691,101.60574431772923,770700
2019-04-24,115.5123291015625,116.47881132320333,112.4070616914078,112.59498765214944,4694100
2019-04-25,115.48548126220703,115.70024598177012,113.52567126662126,113.7046464179001,2788400
2019-04-26,114.08050537109375,115.02013515824675,114.02680736363901,115.01119117989127,1387200
2019-04-29,115.48548126220703,115.61970921193397,113.66885002215145,113.7046464179001,1894800
2019-04-30,115.3154525756836,115.35124214473954,114.12524799436964,114.12524799436964,903600
2019-05-01,114.4205551147461,116.29087061629218,114.39370952610595,115.49441962513588,748600
2019-05-02,112.73816680908203,114.09839565913019,112.44285167584349,113.7135929536126,721500
2019-05-03,114.00891876220703,114.12525193431635,112.85451053755992,113.19456607504742,441100
2019-05-06,113.13191986083984,113.2572038345756,111.9327713043791,112.05805527811486,408300
2019-05-07,110.49199676513672,111.90592367434397,109.85662610206711,111.71799088970106,707500
2019-05-08,111.23475646972656,111.64640477931114,110.50094742612548,110.72466977877781,674200
2019-05-09,111.29739379882812,111.59270210310096,110.25931884877014,111.23475181580491,1096600
2019-05-10,112.5323486328125,112.5770958364158,110.42040897907307,111.6464099866777,867400
2019-05-13,110.28616333007812,111.5390098054255,110.20562656448449,111.29739268118057,509500
2019-05-14,112.04015350341797,112.46970343236268,110.5993809800851,110.64412818241053,924700
2019-05-15,112.90818786621094,113.52566370367684,111.2973911296177,111.32423671777465,936900
2019-05-16,117.11341857910156,118.0205010516092,115.81629036659602,115.85257449595514,751500
2019-05-17,115.52603149414062,116.71430739305772,115.39904049366812,116.23355475977036,455500
2019-05-20,113.55766296386719,114.04748835543018,112.73221454831925,113.18575580860086,1040200
2019-05-21,115.11785125732422,115.84351315457978,114.89108061683984,115.45346737612702,705600
2019-05-22,116.74153137207031,117.01365892847255,115.84352150872888,116.07029216556701,695600
2019-05-23,114.8366470336914,115.2085541932148,114.21076479327206,115.17227006151808,431200
2019-05-24,115.66209411621094,116.03399435092722,115.44438932855756,115.75280098415463,271200
2019-05-28,114.29239654541016,115.6258089457184,114.25611241446072,114.86385603676068,500500
2019-05-29,112.70500183105469,113.33089097730921,112.11539681564729,113.33089097730921,640000
2019-05-30,113.31275177001953,113.63022928202152,112.61430124361517,112.65965121933505,405100
2019-05-31,111.64371490478516,112.02468789094603,111.44415564903701,111.85234000271078,684300
2019-06-03,111.42601776123047,113.11319186757652,110.77292413468518,112.86828262268338,970500
2019-06-04,114.1382064819336,114.1835564601408,111.78885892328115,112.46917088080927,1238500
2019-06-05,114.52824401855469,115.47161069539445,113.95677758634459,115.43532656315169,813900
2019-06-06,114.73686981201172,115.05434732041428,113.530455280082,113.820721419263,914600
2019-06-07,117.59417724609375,117.7393137710143,116.07935109981032,116.32426725549112,808100
2019-06-10,117.40369415283203,118.52848155842156,117.39462830959495,117.71211275565922,348600
2019-06-11,116.45126342773438,117.64860520906696,115.88886974941937,117.53975973103167,562000
2019-06-12,116.38776397705078,116.71431426047711,115.8888727088373,115.90701131547614,899900
2019-06-13,116.84130096435547,117.35834466114332,116.46939379729557,117.34926497742202,451700
2019-06-14,115.7890853881836,116.26076525489616,115.5532419945821,116.17913114970166,426600
2019-06-17,116.52383422851562,117.15878926583802,116.3877635370297,116.6598910790198,516700
2019-06-18,119.5262680053711,120.11586610929469,118.90944469203818,119.3992770057115,921900
2019-06-19,119.58976745605469,119.69862678064514,118.55569383882933,118.94574655672933,430100
2019-06-20,121.91188049316406,122.27472179188783,120.88688669659766,122.16586248178055,908200
2019-06-21,121.86654663085938,121.98445795097777,121.02295265857434,121.52185083132557,1456100
2019-06-24,122.39263153076172,122.81896140067248,122.1840064372884,122.75547282482414,715600
2019-06-25,120.65104675292969,123.4992854478435,120.56941264407423,123.48115376208551,677800
2019-06-26,121.5762710571289,122.50149911829111,121.37671179215312,121.50370279341216,3671600
2019-06-27,122.16587829589844,122.41079447411833,121.05925025423609,121.24972984986549,1819600
2019-06-28,124.0888900756836,124.71477922183529,123.14551651479445,123.3087985638248,3042600
2019-07-01,125.44950866699219,126.09352947127215,125.12295842337781,125.81233611946145,2370200
2019-07-02,126.40196990966797,126.61966088243727,125.5674417107773,125.59466692335597,993200
2019-07-03,127.15483856201172,127.5539571404618,126.85551346915689,127.24555236292592,1097000
2019-07-05,125.3225326538086,125.4313781343632,124.35194764892418,125.21367333227224,472200
2019-07-08,125.61278533935547,125.82142428752654,125.13203270397176,125.46766265316909,477100
2019-07-09,125.4313735961914,125.49487601820522,124.66942757791327,124.78735273823534,471600
2019-07-10,124.86898803710938,125.51300890121024,124.45172397112938,124.78735392886809,675900
2019-07-11,124.65128326416016,124.71478568679174,123.72605518097484,124.22495335528954,525600
2019-07-12,124.06169128417969,124.18868229475198,123.39951101956932,123.5900044559188,486500
2019-07-15,124.38823699951172,124.58779627178323,123.81677055246318,124.10704361794231,384000
2019-07-16,122.56498718261719,123.43579250257231,122.40171897067741,122.7373350780965,595700
2019-07-17,121.74861145019531,123.38136268074607,121.50369530536764,123.07294411871189,735500
2019-07-18,115.58045196533203,116.47846863455493,113.93863483391884,114.98178110634046,3146800
2019-07-19,113.04969024658203,114.61894602718847,112.90456064425751,114.45567089926693,1481700
2019-07-22,113.23110961914062,114.27425587347784,112.95898210218648,114.1472579572064,1492400
2019-07-23,113.9567642211914,114.08375520890189,113.03154317923071,113.4850843983367,871000
2019-07-24,115.75279998779297,115.78001135589281,114.99084707854563,115.453461097714,748300
2019-07-25,113.73907470703125,115.06341433339176,113.48509271300188,115.0180643604524,669900
2019-07-26,115.19041442871094,115.42625783629069,114.94550517812141,115.08156894866708,366900
2019-07-29,114.68245697021484,115.76188751242482,114.46475907716528,115.76188751242482,440500
2019-07-30,111.57115173339844,112.50544563657036,111.19924457245165,112.34217050355552,708000
2019-07-31,111.59835815429688,113.24017525424419,110.74569839519086,112.72313850936911,465100
2019-08-01,111.6346435546875,113.71186332050144,111.21738643306628,112.08818480694843,618700
2019-08-02,110.37380981445312,111.31717653839608,109.93840712629063,111.18111276581462,656800
2019-08-05,107.69790649414062,108.98596196198369,106.91781500336465,108.86803680981443,759600
2019-08-06,106.71826171875,107.50741909576564,105.6660426554084,106.98131648458539,921500
2019-08-07,109.27623748779297,109.33066022702384,107.30786998671427,107.95189777607911,1024900
2019-08-08,110.22866821289062,110.50079574554846,109.46672219423368,109.56650182817552,475900
2019-08-09,108.62312316894531,108.91338927554169,107.54369284106042,108.2693615677963,403000
2019-08-12,108.03352355957031,108.80454229471759,107.75233020122594,108.38728517829071,240900
2019-08-13,109.69348907470703,110.17424170151341,107.55277378061453,107.75233304166406,681900
2019-08-14,106.0107421875,107.09923850063635,105.72954188555534,106.65476998016294,776700
2019-08-15,106.27378845214844,107.36228467811738,105.79302891651375,106.56405457377284,589600
2019-08-16,107.9246826171875,108.30565561940907,106.97224319114308,106.98131595419326,295800
2019-08-19,108.57777404785156,109.08574496111154,108.37822170818518,109.07667219824341,279400
2019-08-20,107.02666473388672,107.92468141258786,106.981314760123,107.83396762407956,341500
2019-08-21,109.97468566894531,110.57336346966905,109.7479150330028,110.19239046220336,639100
2019-08-22,108.36915588378906,109.19459742488964,107.71605532527518,109.01318367885392,348800
2019-08-23,106.60033416748047,109.02224974323224,106.41892043259205,108.16051720128628,393400
2019-08-26,107.76140594482422,107.8158286813666,107.05387576732129,107.67069215659971,329500
2019-08-27,108.80455017089844,109.87490786721062,108.16052238454401,109.69349412362851,447500
2019-08-28,107.40763854980469,107.89745699336946,106.50055608018245,107.24436342845308,461700
2019-08-29,108.74105072021484,109.12203064068908,108.2421594832334,108.48706872022568,322700
2019-08-30,108.0788803100586,109.62091777832188,107.57998217124332,109.55742228069904,598100
2019-09-03,107.31694793701172,108.1151851117385,107.11738864333002,107.77048926974592,514500
2019-09-04,109.34880828857422,109.44858792647098,108.40544157058986,108.68663495712208,532600
2019-09-05,111.8432846069336,112.10633246445423,111.03598166635976,111.3081022873955,568700
2019-09-06,110.6096420288086,111.66185412791101,110.50986240038203,111.40787213573078,329100
2019-09-09,110.26495361328125,111.26274996417385,109.82048509728683,111.17203617191764,513400
2019-09-10,109.55742645263672,109.55742645263672,107.86118655705248,108.3782233203815,600900
2019-09-11,108.78640747070312,109.23087597009581,108.45078444516716,108.84990297061637,1057800
2019-09-12,109.64813232421875,110.06538945219118,108.91339769892929,109.33972758982232,492000
2019-09-13,107.90653228759766,108.88618303869268,107.80675265995889,108.82268754114894,525900
2019-09-16,106.59126281738281,106.77267654289737,105.99258506630271,106.22842844586366,437200
2019-09-17,108.85897827148438,108.95875790517289,107.73419093181215,107.85211609189346,376700
2019-09-18,108.55964660644531,108.96783101111262,107.53464575263095,108.48707833701835,371000
2019-09-19,108.67755889892578,109.50300734732228,108.65942029280849,109.14017294055999,299700
2019-09-20,108.30564880371094,109.60277701863814,107.97002579688011,108.49613529283437,1143900
2019-09-23,107.85211181640625,108.26936894052153,107.60719566324686,107.81582768554966,644000
2019-09-24,107.6525650024414,108.79549103483922,107.3078761001905,108.55964761725116,996400
2019-09-25,106.364501953125,106.58219982780184,105.44834663814439,106.35542918987035,1036200
2019-09-26,106.72734069824219,107.13552509492243,106.12866286792082,106.60034276898446,1813500
2019-09-27,106.52777862548828,107.9972479513615,105.88375083493422,107.91561384236444,1339800
2019-09-30,106.91781616210938,107.3441391214881,106.18307463532852,106.36449528659735,1270000
2019-10-01,106.26471710205078,107.14458824130887,105.51183696016085,107.14458824130887,799100
2019-10-02,103.0989990234375,104.33262484164882,102.44589852406727,104.18749524206109,702700
2019-10-03,104.41426849365234,104.5593980968947,102.40054421004838,103.45276324563943,505500
2019-10-04,104.65011596679688,104.68640009914546,103.79745615783149,104.29635432701137,803700
2019-10-07,103.8881607055664,104.35984749506079,103.47090357362319,103.47090357362319,637700
2019-10-08,102.40960693359375,103.80651469537425,102.31890007539806,103.29854383259699,797800
2019-10-09,105.2669448852539,105.89282721129534,104.84061493010783,105.08552420195161,1061600
2019-10-10,104.541259765625,105.36670817541456,103.91537061624568,104.2782050060379,1062100
2019-10-11,114.47381591796875,116.01586041706571,113.81164952687539,114.03842016611105,2234300
2019-10-14,114.33776092529297,114.80036805408358,114.05656062214621,114.23798128877168,877700
2019-10-15,115.36275482177734,116.00678257857216,113.81164454772387,114.13819480757621,830900
2019-10-16,116.75967407226562,117.26763811672333,116.5329034209197,116.87759924007979,1091500
2019-10-17,116.65081024169922,118.02956561952232,116.42403962602016,117.87536326177815,972200
2019-10-18,117.1315689086914,117.88444905267305,116.06120434991703,117.72116700361428,1655800
2019-10-21,120.37892150878906,120.93224237292064,119.07272052847976,120.62382381186194,1210500
2019-10-22,119.5534896850586,121.53092311330495,119.35393040538466,120.92317943101872,1092200
2019-10-23,119.42649841308594,119.58976663738072,118.70082956503991,118.74618646322692,709100
2019-10-24,119.54439544677734,119.89815706476993,119.18156798662407,119.2541362468508,809400
2019-10-25,119.61695861816406,119.94350885480182,118.78244442252976,119.14528570822716,569200
2019-10-28,120.43335723876953,120.81433025897385,120.07959558850969,120.25194349214581,440900
2019-10-29,119.49906158447266,120.12493692521983,119.42649331866542,119.59884121983492,513800
2019-10-30,120.8506088256836,121.09552499890911,118.99108675975118,119.97073761167141,485100
2019-10-31,120.26099395751953,120.86873754353755,119.9616550854247,120.3970507898445,413800
2019-11-01,121.26786804199219,121.78489789697933,120.91410640195429,121.48555899525782,1526900
2019-11-04,121.97540283203125,122.66478065072627,121.79398907353074,122.44708967691867,468600
2019-11-05,121.14994812011719,121.29508465589075,120.33357932810915,121.15902780421669,486100
2019-11-06,122.55592346191406,122.65570309570955,121.9028229208856,122.32915282519532,457600
2019-11-07,122.52870178222656,123.08202264289864,122.11143775574432,122.1840060143056,269200
2019-11-08,123.76234436035156,123.76234436035156,122.55592291744975,122.8099049221679,327000
2019-11-11,124.07073974609375,124.3791444655668,123.3269393143658,123.3269393143658,448700
2019-11-12,122.79175567626953,123.58999271890734,122.61034194139206,123.1183059354413,582600
2019-11-13,121.8211898803711,122.28379700057543,121.66698750696965,121.97539225377254,450700
2019-11-14,121.92097473144531,122.03888605674928,121.36765379569263,121.68512439887344,345400
2019-11-15,122.89153289794922,123.04573526162177,121.62162293771614,121.79397082681501,383800
2019-11-18,122.61941528320312,123.16367036210298,121.24972558398002,121.73047823924954,731900
2019-11-19,123.12738037109375,124.28844483400155,122.79175044284528,124.27936515100716,423600
2019-11-20,122.45613861083984,123.32694390877063,121.77582672966851,122.7191864481946,300900
2019-11-21,122.84618377685547,123.29972505434394,122.60128145251828,122.85526346063331,273500
2019-11-22,122.82806396484375,123.75327829485255,122.65571604818054,123.57186453451648,225800
2019-11-25,123.12738037109375,123.58092160944774,122.81896180986811,123.17272342214501,278700
2019-11-26,122.76455688476562,123.23624371655387,122.33822695158855,122.8280593110177,660500
2019-11-27,122.82806396484375,123.01854356885269,122.02982681018578,122.39265433085792,443900
2019-11-29,123.31786346435547,123.59905682561389,122.80989947743954,122.87340189629433,227700
2019-12-02,121.0501708984375,122.39264927868838,120.05238833728458,122.39264927868838,626900
2019-12-03,121.74861145019531,121.77582281728947,120.27006258017153,120.5149787249992,654800
2019-12-04,122.94596099853516,123.01852926242681,122.32915151692774,122.67384731016783,354600
2019-12-05,122.32008361816406,122.98224998369568,122.00259919909749,122.93689308940318,486700
2019-12-06,122.45613861083984,122.95503675856162,122.16586556453602,122.9187457072833,347100
2019-12-09,122.32915496826172,122.98225552073175,122.27473222905279,122.56499145182754,227500
2019-12-10,122.18401336669922,122.60127741829022,121.64883799870844,121.77582899858729,300600
2019-12-11,122.37450408935547,122.59219503235984,121.63976947475446,121.7758263141322,262400
2019-12-12,123.99818420410156,124.17053210647673,122.2837987052343,122.52871487392436,680000
2019-12-13,125.63093566894531,125.84864046802032,123.98003875150174,124.29752318669676,745400
2019-12-16,126.438232421875,126.51986652717062,125.68535226630432,125.74885468663263,497100
2019-12-17,121.5853271484375,123.24528971525183,121.46741584021285,123.1818011402047,1439300
2019-12-18,120.99574279785156,121.30414754813164,120.28821950439416,120.93225421560872,663700
2019-12-19,120.71453857421875,121.12272292362854,120.43334521886935,120.66918168184426,454100
2019-12-20,121.92097473144531,121.94818610197561,121.10459209259047,121.48556512099661,474300
2019-12-23,121.34044647216797,121.8484105269847,120.66920034774164,120.78712551796067,296800
2019-12-24,121.18623352050781,121.87561127179595,121.18623352050781,121.6579064782928,117900
2019-12-26,122.07518005371094,122.07518005371094,121.47650220565106,121.47650220565106,170000
2019-12-27,122.43799591064453,123.26344433401626,122.22030496187378,123.25437849147781,357200
2019-12-30,120.99574279785156,122.14774153093485,120.61476978145001,122.14774153093485,257200
2019-12-31,121.53998565673828,121.62161975755144,120.73268280863222,120.79617138449353,299300
2020-01-02,124.09795379638672,124.39729268034078,122.8189641579413,122.8371096832968,2967500
2020-01-03,121.53091430664062,122.38357410509958,120.91410482578671,120.91410482578671,507800
2020-01-06,121.73047637939453,121.74862190600906,120.75990524072928,120.78711661016037,442900
2020-01-07,121.20437622070312,121.86655650408481,121.04110799147419,121.62164031925894,621200
2020-01-08,122.52870178222656,122.92782028382348,121.33134627743584,121.45833726967304,513300
2020-01-09,124.38823699951172,124.53335969126972,123.47207474745211,123.80770470953505,457800
2020-01-10,124.25216674804688,125.24089726996439,124.07981884493331,124.76921045738754,464000
2020-01-13,125.47672271728516,125.66720228956203,124.56964022573331,124.85989942572009,555500
2020-01-14,124.4970703125,125.11387975489508,124.29751105972979,124.72384093237706,342100
2020-01-15,123.7260513305664,124.88711585957611,123.53557175056223,124.56964527924214,491700
2020-01-16,124.53337097167969,124.56966202864267,123.28160632611366,123.97098415759905,1074900
2020-01-17,126.95528411865234,126.98249548880206,125.85770810568073,126.1207559641219,507500
2020-01-21,126.57431030273438,127.16392234571686,125.99377794472564,125.99377794472564,579500
2020-01-22,126.610595703125,127.59931245225928,126.45639331627693,127.30905320671661,473100
2020-01-23,125.30437469482422,125.67628183779655,123.98910785168201,125.54929084275483,622100
2020-01-24,126.13890075683594,127.08227438647293,125.81235047595878,126.6922216816283,595700
2020-01-27,123.58999633789062,127.39974024579817,122.22030668233035,122.33821800091398,1275600
2020-01-28,120.15216064453125,120.37893128199634,118.85502540092071,120.1612264872766,2188800
2020-01-29,119.41742706298828,120.09773906032619,119.1634450245941,119.626066041013,1368500
2020-01-30,118.80060577392578,119.10901052712003,117.96609146711573,118.25635069336279,1631500
2020-01-31,118.61918640136719,119.89816225036041,118.09307687270444,119.8256078279761,1023600
2020-02-03,120.31542205810547,120.56033820819681,119.41740540175759,119.57162160657916,536300
2020-02-04,122.89153289794922,123.43578793289511,122.16586413168153,122.3291461785575,418400
2020-02-05,124.65128326416016,124.72385152960423,123.64442107271827,124.71478568679174,663700
2020-02-06,123.80768585205078,124.18865881172893,123.0910829814104,123.4448445754672,497800
2020-02-07,122.51055908203125,123.38136436386424,122.1295860965357,123.31786194579145,511700
2020-02-10,122.66474914550781,122.79174012794007,122.16585105703145,122.16585105703145,381200
2020-02-11,123.86213684082031,124.5605943467306,123.53558653788664,123.81677994077735,454100
2020-02-12,125.3225326538086,125.64000325242012,124.82363446629707,125.53115777186551,464800
2020-02-13,124.67849731445312,124.90526795847396,123.60814651834605,123.61721236135347,365800
2020-02-14,124.66943359375,125.05947246443442,124.07075576150785,124.27938088208366,289800
2020-02-18,124.95968627929688,125.18645691529798,124.27937437129356,124.3065857403352,457000
2020-02-19,126.71942901611328,126.90992244096755,125.58557583264594,125.6218668854664,499500
2020-02-20,125.56742858886719,126.44729975448247,124.84177363415778,125.948415433365,524000
2020-02-21,123.93468475341797,124.68756487930797,123.30879562219735,124.49707146681372,379400
2020-02-24,118.75524139404297,119.6623239105031,118.13843192652085,118.22006603116688,676500
2020-02-25,115.90701293945312,118.93666548642386,115.70745366117535,118.75525173553007,837300
2020-02-26,115.10877227783203,117.75745847522742,114.92735162294721,116.72337112311952,802800
2020-02-27,113.21296691894531,116.3514785229735,112.95898492104486,113.58487407336412,1581300
2020-02-28,112.08818817138672,112.6505818324476,109.20366544360573,109.95654560587501,1389900
2020-03-02,114.77314758300781,114.88199997435139,110.52800120747217,112.5961481995682,931600
2020-03-03,112.29682922363281,117.14064701061803,111.53487623707305,115.4171886776884,907000
2020-03-04,113.98400115966797,114.06563527063038,111.88863567858378,113.36718472392961,840200
2020-03-05,110.0109634399414,112.31495379835157,109.04945821369968,111.15388931674113,1395200
2020-03-06,110.20145416259766,111.02690258321738,108.55963700484736,109.09481237343253,1255800
2020-03-09,101.13970184326172,105.39392111292986,100.27797621010276,103.05364653043712,1571800
2020-03-10,107.02666473388672,107.552774257077,103.19877538731464,106.56405763084842,1521900
2020-03-11,102.1556396484375,105.23971479339825,100.68616342065135,104.5956870109863,1626600
2020-03-12,92.01445770263672,97.73814647910672,91.32507301479146,95.98747685003951,1746100
2020-03-13,98.28238677978516,98.46380743076666,90.91688136219163,97.70185453762478,1819600
2020-03-16,88.43147277832031,93.52927902294584,84.73964720536708,84.74871996828811,1344500
2020-03-17,93.39322662353516,93.42043799511845,86.48125450123916,88.62197005868019,1561500
2020-03-18,87.941650390625,88.94851257403518,84.56730912028051,86.38147421896687,1067200
2020-03-19,85.38367462158203,87.23412378212093,82.4538019744299,83.90513261392401,1753800
2020-03-20,85.53789520263672,89.8193194243186,85.08435388538093,87.56975836620505,1372400
2020-03-23,89.1843490600586,91.60625761811437,88.1139914579998,88.88501018106561,1974900
2020-03-24,96.12354278564453,97.48416666520997,94.12795694332068,97.07597534904578,1608000
2020-03-25,96.51359558105469,98.86293632848682,92.97597185327098,94.753853021177,1012200
2020-03-26,104.541259765625,104.61382802768152,99.41624217609716,99.41624217609716,1978300
2020-03-27,100.03306579589844,102.47312015018662,98.69965329627614,100.24169783427433,881300
2020-03-30,102.40960693359375,102.61823201539485,100.54101243641222,101.67486546508246,605100
2020-03-31,100.23262023925781,102.71802445043961,99.9695654733294,100.81315250872377,1138600
2020-04-01,95.72441864013672,97.91049086741394,95.09852947754871,97.16668346686333,1070500
2020-04-02,95.2345962524414,96.21424708037884,93.62906316261957,94.19144992197974,1026700
2020-04-03,95.41602325439453,95.74257355206217,94.18239033442593,95.02597744998548,954300
2020-04-06,101.6023178100586,101.67487915409065,98.55451990501324,98.64522677542125,1252400
2020-04-07,101.43904113769531,103.63417920255603,101.18505913620605,103.57975646523418,929400
2020-04-08,104.33263397216797,104.9494503954985,102.46404609582432,103.4709083003858,1214600
2020-04-09,110.12889862060547,110.47358750731568,108.2330924424722,108.92247713638346,1371800
2020-04-13,111.00875091552734,111.24459429701187,108.82268574713987,108.9406039776371,1060800
2020-04-14,111.87049102783203,114.38310661207389,111.39880423278547,113.01341004250291,1110900
2020-04-15,107.6253433227539,108.89526024595118,106.26471953086192,106.57312426852201,1144700
2020-04-16,108.1968002319336,109.36693749538692,107.23529498992137,109.23994649815853,693300
2020-04-17,111.94306182861328,112.19704383762921,110.64593349357558,111.54394328845069,709300
2020-04-20,111.17203521728516,112.60522730854161,109.97468652698637,109.9928320534781,919400
2020-04-21,105.2215805053711,108.12424202697805,103.94259073084083,107.87933277254191,1671500
2020-04-22,106.21936798095703,106.69105479468834,105.58441294765431,106.47334999427812,996500
2020-04-23,104.45055389404297,107.3713607250038,104.42334252563496,104.52312215679129,918200
2020-04-24,105.6660385131836,105.72953401137956,104.26913063238209,105.44834065086746,715700
2020-04-27,106.00166320800781,106.50962720161831,105.31227855918613,105.62069021279991,657300
2020-04-28,106.00166320800781,108.16958986422603,105.8928108148811,108.15145125895009,693500
2020-04-29,108.0788803100586,108.56870568621628,106.79989067445406,106.93595443235735,571800
2020-04-30,107.52555847167969,109.04945732144725,106.63661459244437,109.04945732144725,651600
2020-05-01,106.10144805908203,106.89967821981777,105.2941451350167,106.00166842392872,654300
2020-05-04,106.30101013183594,106.32822150205136,104.72268145443222,105.17622274599839,552900
2020-05-05,105.73861694335938,107.22623183315403,105.40299389462254,105.61162593475429,757700
2020-05-06,102.63639831542969,104.5231317979752,102.51847314746367,104.04237220329026,1047900
2020-05-07,104.51405334472656,106.21936606083474,104.32356683817916,106.15587055865228,801900
2020-05-08,105.90188598632812,106.19215212077725,105.0764375574472,105.39392198116481,476200
2020-05-11,104.56847381591797,105.39392224687998,104.06958257258637,104.20563941681918,408200
2020-05-12,103.78837585449219,105.63882494689328,103.70674175300647,105.43019985165857,652600
2020-05-13,103.47998046875,105.66604584736406,102.41869553074453,105.60255034476093,696000
2020-05-14,102.61824035644531,102.68173585439231,99.6157995070378,100.32332274715883,653200
2020-05-15,102.69081115722656,102.84501352455644,101.56603077127578,101.88350826886386,749500
2020-05-18,106.56405639648438,106.97224075808191,105.21249847285894,105.5934783869057,621500
2020-05-19,106.33728790283203,107.53463656410264,106.30100377121893,106.5821971406074,742100
2020-05-20,109.12202453613281,109.92932738543179,108.33286029132243,108.96781525577441,865100
2020-05-21,106.91544342041016,109.45512868020754,106.86943172974205,109.23428800987696,948200
2020-05-22,106.8050308227539,107.3111313918075,105.98607318948467,106.39095364472756,802600
2020-05-26,111.77398681640625,113.69715484777291,111.40591433076516,113.66034689716892,957600
2020-05-27,113.1634521484375,113.81677744708757,111.86599827308565,113.72475406441701,860300
2020-05-28,113.76155853271484,115.21544088148563,113.40268981655473,113.421097300685,778700
2020-05-29,117.87477111816406,117.91157204887877,114.93940195554833,117.11101490805662,1773300
2020-06-01,118.25202941894531,118.25202941894531,117.02819843159453,117.4698868100209,664600
2020-06-02,120.04637908935547,120.06477253247509,118.50967010029481,119.02498136436581,721400
2020-06-03,122.89893341064453,123.29461712944381,120.78252185726565,121.12299715967379,774400
2020-06-04,123.6166763305664,124.67488917409712,122.90814956805434,123.02776312855215,842400
2020-06-05,124.9785385131836,126.1563648134967,124.52764639790864,124.9693277503268,778700
2020-06-08,125.70547485351562,125.76987999063229,123.96633958020381,124.82209809273627,565500
2020-06-09,125.82511901855469,126.91092209670815,125.3650301127339,126.41403225637332,664000
2020-06-10,125.6778793334961,126.86490245827362,125.24539466582718,126.60725381040255,603700
2020-06-11,119.16300201416016,124.83129953381402,119.04337443028034,124.77609112303755,1119100
2020-06-12,119.75191497802734,121.84991882964012,117.45147092662772,121.39902674087915,1082100
2020-06-15,120.00958251953125,120.90215607553776,117.35947308161849,117.7551498016915,795700
2020-06-16,122.87132263183594,124.09516061265221,121.38063930579965,122.8805193538101,709100
2020-06-17,123.78230285644531,124.90492072583251,123.22099392175171,124.34361179113891,648100
2020-06-18,124.35281372070312,124.77610164032836,123.073767280319,124.16878098900419,446900
2020-06-19,126.09193420410156,128.41078566544454,125.12574492514233,127.84947677315743,1036100
2020-06-22,129.7266387939453,129.7358495563868,127.49981060655125,128.11632793588464,1635000
2020-06-23,129.80947875976562,131.6314267288169,129.47821421622922,131.21734955959587,1356900
2020-06-24,125.00614929199219,128.2359680451932,124.15037670834543,127.4814155727133,858000
2020-06-25,126.67166137695312,126.966110930034,123.38662035663857,124.08596437169999,929700
2020-06-26,125.86189270019531,127.73906289232798,125.10735435924495,127.54581941577463,450300
2020-06-29,127.38018798828125,127.72066327357508,125.84349296584804,127.05813422858871,626600
2020-06-30,128.82485961914062,129.22052923410334,126.8740876665339,127.18694467010377,463800
2020-07-01,128.8984832763672,129.54260480511562,127.35257756657465,127.5550177671522,472000
2020-07-02,131.4473876953125,132.15591440218512,131.03329650512805,131.25414420383996,536500
2020-07-06,135.7814178466797,136.10348565487055,134.74161256272373,135.45936407928613,695300
2020-07-07,132.56080627441406,134.07910800765023,132.43198194924236,133.46257655061598,670200
2020-07-08,135.22010803222656,135.45015245352698,133.34295173236592,133.60979708312362,433500
2020-07-09,140.48353576660156,143.17966388220643,139.20448925246498,143.02322130840423,1718400
2020-07-10,141.2380828857422,141.24727960822818,139.25049564654503,140.52034538949837,714100
2020-07-13,138.88241577148438,143.81456888502325,138.42232691403035,143.1980515009306,989100
2020-07-14,141.56935119628906,141.6521638232619,139.0020474337469,139.21368438294348,776300
2020-07-15,144.10902404785156,144.67952970460473,142.3238771390211,143.1060337671736,944200
2020-07-16,142.73794555664062,144.08141103753408,142.1858474182648,143.13362922789946,476100
2020-07-17,143.80535888671875,144.0906117054786,142.3146756192401,143.06921397459232,456800
2020-07-20,147.0167999267578,147.13641348397482,144.86357336647882,145.10282856250865,491600
2020-07-21,149.5380859375,150.85394746380192,148.8571633665733,149.98897810428014,718300
2020-07-22,151.34164428710938,152.08698606054088,150.54109409206055,151.7005130684208,701900
2020-07-23,148.39706420898438,151.48886189675633,147.95536879587576,150.60548511133678,682700
2020-07-24,145.9585723876953,146.33584858891444,144.45869238610126,144.8911769990507,890400
2020-07-27,151.70970153808594,152.18819790073522,149.14241178696042,149.3264445292722,1168700
2020-07-28,147.5596923828125,149.19760751947453,147.42167134801397,148.903157964972,596100
2020-07-29,151.51646423339844,152.22499095667928,150.5226706273762,150.76191177592327,459300
2020-07-30,147.38485717773438,147.73452918885027,143.82377405264387,145.5353050974155,790300
2020-07-31,146.51071166992188,147.92777931587338,144.3942999039847,147.84496668296953,701000
2020-08-03,149.20681762695312,149.42766534324016,147.61491403934573,147.94617859337717,443700
2020-08-04,147.46768188476562,147.4768926484217,145.9769984154979,145.98619513835573,466400
2020-08-05,148.73751831054688,149.96135629895647,148.18540609113907,149.13320201064175,338100
2020-08-06,149.0503692626953,149.2712169495995,147.27443316819532,147.8081378809498,446400
2020-08-07,148.3050079345703,148.93073594398746,147.23759865078458,148.4062280225292,370900
2020-08-10,146.89715576171875,146.97077165674878,145.33285660452037,146.87874827776216,378800
2020-08-11,146.44627380371094,149.14240173766626,146.22544014413594,149.0135774226484,502300
2020-08-12,149.63011169433594,150.1270015253117,147.51369995926382,147.51369995926382,315400
2020-08-13,148.01055908203125,149.52884636728896,147.23759929749798,148.25899690200785,399900
2020-08-14,147.31124877929688,148.1026021852552,146.63032624819638,147.64251332227474,274500
2020-08-17,147.67010498046875,148.72831769986618,146.9799717446517,148.21302046365025,310700
2020-08-18,148.86634826660156,150.11779050934496,147.90936962958486,149.979769469659,641700
2020-08-19,148.43385314941406,151.0471542822853,148.05657694649204,150.82632063436728,554700
2020-08-20,149.9705810546875,150.56870507765157,147.92778511813867,148.02900524259107,430500
2020-08-21,147.513671875,147.71611207447066,146.42786902401764,146.50148491844297,390300
2020-08-24,150.80792236328125,151.4152430137514,149.85094373531405,151.36003459839907,446100
2020-08-25,152.36302185058594,152.60226299255967,150.81711604787148,152.5838695483443,339900
2020-08-26,155.01312255859375,155.18794450593953,152.7586762367219,152.7586762367219,401900
2020-08-27,152.61148071289062,154.72787823950546,151.46125856112266,154.67266982274822,471500
2020-08-28,153.41201782226562,153.66046971739266,152.169772387427,153.02554489695498,292800
2020-08-31,152.20660400390625,153.38443039295524,151.09318275572187,152.27100914477086,405700
2020-09-01,153.08078002929688,153.172803426013,151.5348740174197,152.45505182138498,537800
2020-09-02,155.5284423828125,155.78609102150813,153.01634709433333,154.2770001202346,503100
2020-09-03,148.9951629638672,154.2217793016734,147.89095259528173,154.12055919883994,480500
2020-09-04,146.70391845703125,148.42466023909333,141.65215206003012,147.62409612244312,702500
2020-09-08,142.34230041503906,145.82057123616056,142.3238929283542,143.29008238773204,985400
2020-09-09,149.48287963867188,150.6146943924412,147.06282159124632,147.99219610732698,994700
2020-09-10,146.30824279785156,150.09937013075364,145.866561467998,149.4920635675036,503900
2020-09-11,146.832763671875,147.97377504420314,145.65492328756596,147.66091799313236,385800
2020-09-14,147.87254333496094,148.72831583787453,147.08119000616614,148.06578681652093,389100
2020-09-15,147.84495544433594,148.46147284375328,147.04440530552205,147.89096713938457,566500
2020-09-16,146.2806396484375,148.7835239370058,146.1794195470323,148.46145614868115,567600
2020-09-17,147.6240997314453,148.17621196050882,146.28064816994657,146.6211094214173,593100
2020-09-18,147.36643981933594,149.22520253802094,146.53828557994356,149.16999412750093,713200
2020-09-21,143.4373016357422,143.70414698570636,140.94361393831053,143.23486142233605,599900
2020-09-22,144.67953491210938,144.76236157558446,142.5999383781277,143.88818153355044,361500
2020-09-23,139.96823120117188,143.21645737497977,139.71058256716086,142.90360032522318,449500
2020-09-24,141.10003662109375,142.6367316023308,139.63695753630356,140.6583552832092,513700
2020-09-25,139.92221069335938,140.82398085559072,137.50213898978294,137.962227813076,632200
2020-09-28,144.54150390625,145.0568011328825,143.08762156493898,143.4832912065331,777100
2020-09-29,144.07223510742188,144.94640114993257,143.66735465637322,143.91579253613654,488200
2020-09-30,143.37289428710938,144.49551227560036,142.2502762986184,143.60293872670508,507200
2020-10-01,144.30227661132812,144.85437481816595,143.01401938044444,143.90659289100319,462700
2020-10-02,141.97421264648438,143.44650259826972,141.55093876288447,142.38830384847233,542400
2020-10-05,144.09982299804688,144.23784402673,142.37908127595136,142.43428968742458,290700
2020-10-06,141.7533721923828,143.8881770753385,141.46811936257726,143.26246300231944,667800
2020-10-07,142.0018310546875,142.25947969041948,140.24428825746057,141.14605848252248,880900
2020-10-08,143.65814208984375,143.81457061836775,142.66434846086955,143.1336480872394,377100
2020-10-09,144.5967254638672,145.1212335006025,144.09983567609478,144.18264830059059,282500
2020-10-12,146.0966033935547,146.7315281923833,145.3420510121073,145.53529448858404,313900
2020-10-13,144.09982299804688,145.06599828042135,143.53851408007498,144.50468936244943,357700
2020-10-14,144.87277221679688,146.0321910071465,143.99860625290492,145.71933397430882,369100
2020-10-15,141.52333068847656,141.7533751096084,139.99583236236973,140.55714131156333,574700
2020-10-16,142.73794555664062,144.66112742158484,142.36068340969575,143.21644184253643,679300
2020-10-19,140.3363037109375,143.81457448547746,140.05105085473528,143.60293753423036,388300
2020-10-20,138.6339569091797,140.61233308039425,138.3763083112763,139.7105629877323,545700
2020-10-21,136.52674865722656,137.89781836240803,136.25990332602018,136.39792435236896,847600
2020-10-22,135.8550262451172,136.7291921951969,133.77542983283527,134.88883691469368,844500
2020-10-23,137.732177734375,137.851805316564,135.40412950756445,136.24149450129525,1204100
2020-10-26,105.83883666992188,109.21589418691644,104.1917247539028,108.82941421483942,11290200
2020-10-27,105.36034393310547,109.19748315826266,104.77143078192348,109.0686588452165,6608600
2020-10-28,99.48040771484375,101.53239997204021,99.10313150319868,100.9158826226869,5486700
2020-10-29,99.95889282226562,101.09991813133426,97.59403660811243,98.27497310493028,2824800
2020-10-30,98.30258178710938,99.5172160259501,97.22597560230932,99.37918797190943,2615900
2020-11-02,97.38240814208984,97.8424969942924,96.28739442732015,97.824089508781,2235600
2020-11-03,100.95269775390625,101.85447501683518,99.69205173848493,99.83928354484024,1834500
2020-11-04,103.47398376464844,104.69782184031196,102.0385087408019,102.72864204386643,1836800
2020-11-05,106.44615173339844,107.7804065290275,105.11189693776937,107.72519811608788,2559800
2020-11-06,105.93086242675781,107.50436549699235,105.7928343636708,107.38473789946411,1770200
2020-11-09,106.02287292480469,110.51333745519008,106.02287292480469,110.467332783641,3263900
2020-11-10,107.4583511352539,109.77720288044209,107.28351512499006,109.76799913769169,2269500
2020-11-11,109.97042846679688,110.172868664868,109.04104711219665,109.50113591857723,1725700
2020-11-12,108.05645751953125,110.07164874121648,107.86322106299127,109.82319685395218,1525700
2020-11-13,110.70657348632812,110.81699733432608,109.73118740040758,110.08085238847002,1052100
2020-11-16,109.45513153076172,111.05624573845179,109.01345017859782,110.93661814775857,849100
2020-11-17,107.65158081054688,108.25890142653286,107.1362835754545,108.07486168514394,1367600
2020-11-18,108.51656341552734,109.924434263739,108.47055171941096,109.03186071411484,1600800
2020-11-19,109.2066879272461,109.2066879272461,108.05646582109478,108.49815419883227,1469900
2020-11-20,107.67918395996094,108.31410877582495,107.41233862326268,107.94603631705743,1374000
2020-11-23,108.01966094970703,108.58096991513753,106.95225845538593,108.42454138913855,1365400
2020-11-24,107.47676086425781,107.89083803148563,106.46455975254736,107.83562961462829,1705000
2020-11-25,108.66377258300781,108.70978427250877,107.2467052156342,107.28350614275718,1040400
2020-11-27,109.73119354248047,110.4397273006975,109.62076968830166,109.89682581354923,504900
2020-11-30,111.48873138427734,112.1512534185591,110.43972236743444,111.96722069021392,1918100
2020-12-01,113.20026397705078,113.34749578718184,111.96722915899912,112.40891756899319,1288500
2020-12-02,112.72177124023438,113.02543157418543,112.03163794692682,112.6849632888101,582000
2020-12-03,112.63895416259766,113.24626778609586,112.05003398348622,112.05003398348622,602800
2020-12-04,114.6909408569336,114.89338106164857,113.82597162602352,113.87198331633084,624800
2020-12-07,113.38429260253906,113.93639779550179,113.19105613602203,113.29227624044502,537300
2020-12-08,114.09283447265625,114.19405458431817,113.0254319593109,113.1634600225225,516700
2020-12-09,113.1634521484375,115.38107666690905,112.47331890079889,115.24304861330164,871500
2020-12-10,113.18185424804688,113.41189866725023,111.12985493977766,111.38751058642018,765100
2020-12-11,111.20346069335938,112.04082567265527,110.31088730501904,111.45191257485507,1005500
2020-12-14,111.62674713134766,112.3904962565502,111.4059064637174,111.42430692752065,942300
2020-12-15,113.24626159667969,113.41189385229004,112.57452883214933,113.15424523698466,643900
2020-12-16,115.02220153808594,115.46388988096733,114.20324402476662,114.22164448803757,657600
2020-12-17,118.39926147460938,118.50048158195935,117.5987113788033,117.92076514524612,955100
2020-12-18,117.17542266845703,118.2888438417453,116.35646509302248,118.2888438417453,1318200
2020-12-21,115.3166732788086,115.62953735879901,113.33828974774833,114.21246280679303,831600
2020-12-22,115.87796783447266,116.64171694309196,115.55590707192177,116.35645710734853,860400
2020-12-23,115.9423828125,116.90857214409681,115.7583500923855,116.71532866145884,616500
2020-12-24,115.99759674072266,116.22764116200469,115.57431584801155,115.8687724264366,223500
2020-12-28,120.46046447753906,120.54327709964825,117.85635993621588,119.01577876813619,1626100
2020-12-29,119.57708740234375,121.79471899381505,119.44826308802743,121.41744277303253,1058500
2020-12-30,120.2120132446289,120.828530614006,119.9267604063437,120.12920062205527,407200
2020-12-31,119.98197937011719,120.41446404708859,119.30104276278385,120.23962802353012,379000
2021-01-04,118.92377471923828,121.27942745832847,117.44228099390871,121.15060313793441,1005400
2021-01-05,119.60469055175781,119.91756163301349,118.60170025339504,118.75812877362434,879800
2021-01-06,119.38385772705078,120.40525551749664,118.18762393019031,118.70292118648783,1000000
2021-01-07,118.51887512207031,119.14458913694075,117.60789426310772,117.83793865812696,981200
2021-01-08,120.69050598144531,120.85613122165921,118.66611792542629,119.77032831590968,909800
2021-01-11,118.9789810180664,119.40225490291161,117.7735434409858,117.81954811436519,1335200
2021-01-12,119.07098388671875,119.24581988908533,117.69992815598542,119.00657875157134,649200
2021-01-13,117.83794403076172,118.79493662051985,117.81953654689815,118.42685714722971,871000
2021-01-14,116.0344009399414,117.12941459637678,115.822764010626,115.951588320748,1060600
2021-01-15,115.02220153808594,116.26443991061767,114.43328842784278,115.50989454934374,1564300
2021-01-19,116.93618774414062,117.09261627351992,115.24305706843866,116.36567502355864,892400
2021-01-20,117.44227600097656,117.81034848091093,116.52209831133996,116.62331841883187,917100
2021-01-21,117.69072723388672,117.9023711902652,116.69693364988088,117.4146711204189,797500
2021-01-22,117.30425262451172,118.11400644789992,116.190831464305,116.39327167525168,934300
2021-01-25,119.28263854980469,122.93574510549381,116.53130219966383,117.48828784053039,1742100
2021-01-26,124.11357116699219,124.20558051140021,121.56467503741648,121.62908017442237,1883900
2021-01-27,121.63829040527344,122.9909527252492,120.22120890777637,121.32543336221983,1829500
2021-01-28,120.02796936035156,121.94194046871192,119.93594598328964,120.3684305820478,1437200
2021-01-29,116.12641906738281,119.87154892133506,116.02519896211932,119.44826101547038,2396600
2021-02-01,119.21821594238281,119.7519206725823,118.26123734944376,119.742723950626,1314700
2021-02-02,119.21821594238281,120.06477770865882,118.55568690081083,119.63229308316609,1308600
2021-02-03,120.18441009521484,120.9113443010901,119.33784829514846,119.59549692817747,835300
2021-02-04,121.74871063232422,121.93274336626862,120.32243237285927,120.76412778328296,732700
2021-02-05,119.88993835449219,120.98495199094677,119.80712573680987,120.66289824191668,572500
2021-02-08,121.00336456298828,121.50025433077151,120.2948238200556,121.20580477525478,554800
2021-02-09,121.0401611328125,121.60147005737248,120.32242369364354,120.43285455868254,630300
2021-02-10,119.3194351196289,120.87453760676445,118.79494115625945,120.87453760676445,701500
2021-02-11,121.94195556640625,122.18119671927336,121.04017129009644,121.36223910889248,782000
2021-02-12,121.39903259277344,121.47264849086234,120.35003061640118,120.46046148393297,799700
2021-02-16,120.32242584228516,120.9665614373261,119.98196460092687,120.72730625946627,587900
2021-02-17,116.2276382446289,116.99138738901038,115.27985637600055,116.71533128224168,1692100
2021-02-18,118.40845489501953,118.82254607586631,116.21844160556562,116.95457952347641,1197400
2021-02-19,116.69693756103516,117.96678028066961,116.43928892404256,117.92076858675001,773800
2021-02-22,115.69393920898438,116.77054537631506,115.53750367273081,116.02519670474906,740800
2021-02-23,114.89338684082031,115.72154816522095,113.31068009205434,114.43329799619758,1394200
2021-02-24,116.45767974853516,116.51289518074749,114.13883518716622,114.82896841643532,606100
2021-02-25,113.81678009033203,116.05281214542596,113.4395038697366,115.52831114585571,735200
2021-02-26,113.50391387939453,114.45169575363364,113.03462130326892,114.28606349267157,727700
2021-03-01,114.4885025024414,114.81976702089244,114.02841367352589,114.10202957104798,551200
2021-03-02,115.3350601196289,115.77674846849655,114.81976289628176,115.74914426301697,584500
2021-03-03,113.29227447509766,114.75535356467073,112.93340575424394,114.00080817461955,781300
2021-03-04,112.2984848022461,114.81976967732317,111.24027906717845,113.82597609897796,1044800
2021-03-05,113.25546264648438,113.70634771255044,111.37829946765667,112.45490559333197,1146100
2021-03-08,113.24626159667969,114.8197645147789,112.50091995663225,112.74016108775967,817500
2021-03-09,116.1540298461914,117.50668511782092,115.74914942670046,116.53129903857287,927100
2021-03-10,115.87796783447266,116.72452955900587,115.54670333002085,116.55889730677997,901200
2021-03-11,116.72453308105469,117.12020974995582,116.31965969037324,116.96378123491075,890400
2021-03-12,113.93639373779297,114.52530685869955,113.3198764112811,114.42408675788141,789300
2021-03-15,112.97020721435547,113.50391193725655,112.31688192407243,113.0806310599069,797500
2021-03-16,112.41809844970703,113.22785925051701,112.40890172816918,112.78617090276629,635100
2021-03-17,113.75237274169922,114.24926955499123,112.06844582227613,112.60215058696743,740000
2021-03-18,112.06843566894531,113.19105351351888,111.93961136091866,112.45490859302525,1071800
2021-03-19,113.33828735351562,113.8535916472497,112.46412133333635,112.47332507618843,789000
2021-03-22,113.1358413696289,114.22165129769813,112.64814832929585,112.67575253604701,829600
2021-03-23,112.5561294555664,113.3106748449911,112.10524437442682,112.29848083777236,989700
2021-03-24,111.42431640625,112.37210535210353,111.24028367096905,111.86600479948265,860800
2021-03-25,111.78318786621094,111.89360469496411,110.49493770770144,111.00103122041685,1008500
2021-03-26,112.91500091552734,112.95180886473352,111.23107409643649,111.74637836492457,936800
2021-03-29,112.67575073242188,113.22786294020113,111.8843973896965,111.93040908047755,1153800
2021-03-30,111.8384017944336,112.12365464330759,111.39671339644907,111.9212144200813,689800
2021-03-31,112.98861694335938,113.06223284185606,111.74637849292135,111.75557521493457,851500
2021-04-01,115.71234893798828,115.8043653064238,114.97620394970633,115.15103996401305,786800
2021-04-05,121.27942657470703,121.58308690788016,116.23684956888266,116.3932780967359,2431300
2021-04-06,118.19681549072266,119.19060903052517,118.14160707864417,118.6108926221079,1741500
2021-04-07,119.42985534667969,119.97277085087401,119.08939409688779,119.43906610962358,987200
2021-04-08,122.54925537109375,123.00014748415452,121.06778280131614,121.98796047146689,1591000
2021-04-09,123.1105728149414,123.23939713602871,121.94195720250582,122.0247698287481,972400
2021-04-12,121.83151245117188,122.22719613281664,121.55547039513638,121.69349142315413,704600
2021-04-13,123.69947814941406,123.81910574025659,122.41123502032936,122.503258404177,1056500
2021-04-14,125.1165542602539,127.90469137340322,124.69326636984472,127.90469137340322,1427600
2021-04-15,128.08872985839844,128.24515837862717,127.04893863090186,127.33419146430704,1148200
2021-04-16,128.1807403564453,128.5396090528453,127.47219968480587,127.61943146814835,636800
2021-04-19,128.39239501953125,128.64084693317028,127.74827342935382,128.0519337591798,699800
2021-04-20,128.0059051513672,128.67763086087967,127.41699205519275,128.36477384996107,553000
2021-04-21,130.5731964111328,130.67441650922004,127.45379489473041,127.56422575496845,914000
2021-04-22,132.27552795410156,133.81222283743807,130.85846064996946,130.99648167151634,1113400
2021-04-23,132.4503631591797,132.5423724927353,130.97807341433398,131.08850427171456,806200
2021-04-26,131.787841796875,132.08229133838924,131.18052118895662,131.8706544141012,572200
2021-04-27,131.26333618164062,132.12830541933587,130.99649084103942,132.00869187255438,518300
2021-04-28,132.57919311523438,132.9564693090568,131.2633318180085,131.53938791204436,1007100
2021-04-29,132.30311584472656,132.6803919781621,131.09768560253426,132.56997517453956,876500
2021-04-30,128.7696533203125,131.10689820515657,128.33716873267355,130.8492496049626,805600
2021-05-03,129.76345825195312,130.51799663605172,129.3861820395054,130.0211068748938,589200
2021-05-04,125.80668640136719,127.46300893963607,124.63805688258911,127.06732525845135,1201700
2021-05-05,127.12254333496094,128.30958042797144,126.90170967359892,128.04272103276247,517100
2021-05-06,130.361572265625,130.3707689878809,128.41080004677852,129.0825258321893,890100
2021-05-07,130.4259796142578,131.33694646287373,130.1499235228485,130.59160484462578,695300
2021-05-10,128.38319396972656,129.80026142035229,128.21755468595117,129.643832899496,833100
2021-05-11,126.82807922363281,127.15934371847183,125.47541703977318,125.68705395456605,1113800
2021-05-12,124.68408203125,126.19317294217343,124.33441000187089,125.31900690952351,705000
2021-05-13,126.47887420654297,127.30193144525379,125.86159554885883,126.78752067105953,611000
2021-05-14,129.8365936279297,129.911404055325,127.88183226761662,128.23724601882844,690800
2021-05-17,128.47105407714844,129.01352238139404,128.10629262945662,128.6393989277675,493600
2021-05-18,129.0696563720703,129.90206155607956,128.7890673082953,129.03225115686487,512800
2021-05-19,128.22789001464844,128.42429234876244,126.88107406674797,127.40483265285346,848800
2021-05-20,131.09921264648438,131.6977959180345,128.89193415676505,129.01352606658568,475000
2021-05-21,130.7999267578125,131.5013921906831,130.55674294075286,131.23951290411947,335900
2021-05-24,132.28704833984375,132.92303690332727,131.9503443146605,132.0438644891625,371700
2021-05-25,131.85678100585938,132.38053953675063,131.4359046343467,132.0999648033086,436200
2021-05-26,132.38990783691406,133.01654855697916,131.91290222468294,132.72661180440355,324700
2021-05-27,129.39698791503906,130.7063842671359,129.35022070146061,130.66897905908306,713700
2021-05-28,130.87472534179688,131.8006647671274,130.7718574547763,130.94020229319122,485400
2021-06-01,130.96827697753906,132.13738608022462,130.49128560132985,132.0625613850906,449300
2021-06-02,130.1358642578125,130.99632679451287,129.92075219147503,129.96751940711812,615700
2021-06-03,128.9199981689453,129.44375677418748,128.58329416966797,128.96676538827444,682700
2021-06-04,130.8280029296875,130.8280029296875,129.7991811059109,130.06106042989896,234400
2021-06-07,131.79132080078125,132.12802475858604,131.48267431684772,131.6790766339464,279800
2021-06-08,132.5021514892578,133.60579793611177,132.1186802670504,133.49355375439754,545300
2021-06-09,130.9121551513672,132.1654366185267,130.79056324423883,131.53879588494695,486800
2021-06-10,132.76400756835938,132.81077477994612,130.89343327568406,131.1366170673954,505800
2021-06-11,134.2230682373047,134.2698354541193,133.03526370404907,133.0820166495128,409200
2021-06-14,136.40228271484375,136.5145268840958,135.1957684983481,135.6166448868303,611700
2021-06-15,134.88711547851562,136.8231524803593,134.45687710513397,136.7389800610073,880200
2021-06-16,133.29713439941406,135.75693000615792,132.78272359031746,135.3641110986705,615800
2021-06-17,132.63307189941406,133.13813496547417,131.50138241050658,131.5387876180834,426500
2021-06-18,131.1085662841797,131.8474512398703,130.5941696885349,131.60428168063186,847100
2021-06-21,131.6697235107422,131.92225503659753,130.65961167867007,131.70714298860557,730500
2021-06-22,132.0999755859375,132.21220548847504,130.69704471881502,130.98698148127087,584100
2021-06-23,129.73370361328125,132.02515457249254,129.64016917765989,131.74456553697968,472200
2021-06-24,132.09060668945312,133.13813805344637,131.86614689608675,132.49278760481795,707800
2021-06-25,131.27691650390625,131.98772966280822,130.96827000466772,131.819384811233,326800
2021-06-28,132.31509399414062,132.63308824746278,131.73522044145298,132.2683267753929,406400
2021-06-29,133.58706665039062,133.83023617407733,133.0539461194416,133.63383386261677,331900
2021-06-30,131.37045288085938,132.76402174403512,131.05244437092423,132.36185507841685,421800
2021-07-01,131.41720581054688,131.83809648836842,130.72510238210413,131.01503914497619,413300
2021-07-02,132.5489044189453,132.59567163367163,131.52944478612278,131.72584710808297,256500
2021-07-06,132.53956604003906,133.74608034558017,131.93162074838477,133.32520392603567,427800
2021-07-07,138.13255310058594,138.2447829849567,136.29003638497443,138.13255310058594,927000
2021-07-08,136.6548309326172,137.18793728405683,134.99936837979573,135.09290282036153,966200
2021-07-09,138.525390625,138.68438773972312,136.7951035607096,137.0476351059053,503800
2021-07-12,139.3203887939453,139.90961003051314,138.30091489091959,138.77792050070096,589100
2021-07-13,139.91897583007812,140.85426306351087,139.11462823847194,139.1426857137669,611300
2021-07-14,140.4801483154297,140.88232927183853,139.4700363281453,140.46143857362307,547100
2021-07-15,138.13255310058594,139.16136034046414,137.79584917612524,138.72178853622927,435000
2021-07-16,138.0951690673828,139.17075806359952,137.81459428444572,138.99305118683793,393200
2021-07-19,135.43894958496094,135.97207018816158,134.8684237697197,135.45765932665697,587100
2021-07-20,134.77490234375,135.1864167577545,133.29714673331392,133.41872437482266,1081400
2021-07-21,129.8739776611328,131.11791131615533,127.28322819100775,127.50770225064142,2498800
2021-07-22,130.31358337402344,131.19275573396146,129.4344110140854,129.4344110140854,848000
2021-07-23,129.789794921875,130.99630900202914,129.1070250631942,130.9495417927382,821700
2021-07-26,129.6869354248047,130.3229239139459,129.31281195647065,130.08910209799382,685800
2021-07-27,132.268310546875,132.59566676659296,130.98697168423845,132.48342260109982,829700
2021-07-28,133.718017578125,134.05472155470827,132.08126491138563,132.49279357958193,642900
2021-07-29,134.99937438964844,135.289311188417,134.3353283546661,134.35402382652998,499000
2021-07-30,134.4194793701172,134.84035576162213,133.82089612475787,134.04537019352395,709400
2021-08-02,134.04539489746094,135.25190934497678,133.51227423764615,133.79286330747746,382800
2021-08-03,136.1217041015625,136.14041384309272,134.6439627617539,135.1583593473493,742400
2021-08-04,136.9167022705078,137.53399529106414,136.20588908618154,136.43971090263307,1003100
2021-08-05,139.3016815185547,139.63838549027247,138.84338564080394,138.91821033133573,574200
2021-08-06,136.8979949951172,137.99227940325926,136.88864725997715,137.4498253381096,490300
2021-08-09,137.07568359375,137.19727549112244,136.5519250686833,136.9260342233454,480600
2021-08-10,136.318115234375,137.9455201697135,135.74758944710265,137.73039382913407,390400
2021-08-11,135.84112548828125,137.14117419646416,135.5979416693292,136.97281507016268,359500
2021-08-12,138.18869018554688,138.31962982874344,136.39294039112926,136.94475643950406,375600
2021-08-13,138.70309448242188,138.7404996909923,137.89874692033248,138.2073934086011,221400
2021-08-16,138.35704040527344,138.86210352815684,137.552707045406,137.90810650709477,644100
2021-08-17,139.282958984375,139.34843593433243,138.10450232728405,138.2354419558497,497000
2021-08-18,138.02969360351562,139.41391473288374,137.97357865212044,139.08657275929474,317200
2021-08-19,137.50595092773438,138.0671147779215,136.13107737417963,136.1404251100427,543100
2021-08-20,138.2728729248047,138.39446484232377,137.62752239543704,137.88940170136132,305900
2021-08-23,139.31103515625,139.43262706743528,137.65557270254348,138.16998355215296,259300
2021-08-24,138.6376190185547,139.0678574141647,138.0483977812989,138.28221958359012,290100
2021-08-25,137.468505859375,138.13256603724014,137.33756622489665,137.88938223653045,358300
2021-08-26,137.6088104248047,138.18868392248666,137.35627888460283,137.7303880563944,261100
2021-08-27,139.09593200683594,139.41392627196257,137.8894033665732,138.0016475500047,338100
2021-08-30,140.1808624267578,140.2369773802751,138.9275666223489,139.16138844290523,291000
2021-08-31,140.42404174804688,140.9945676007348,139.64775153725168,140.62980610615415,451000
2021-09-01,140.39596557617188,141.67730450449187,140.36790810119774,141.0226063028448,363500
2021-09-02,139.33909606933594,139.98444658100473,139.22686616168968,139.89092641508333,211500
2021-09-03,140.13409423828125,140.2930913625967,138.16063751559335,138.57216620033984,479200
2021-09-07,139.9376678466797,141.1441963399955,139.9283201122622,140.96648948661175,383300
2021-09-08,137.2346954345703,138.226097645098,137.14117527153715,137.73039653983415,544800
2021-09-09,136.2526397705078,137.48722579112552,136.05623743990554,137.03829190696948,345700
2021-09-10,135.68211364746094,137.44980578941272,135.57923149014738,137.17856452406363,434400
2021-09-13,135.86917114257812,136.64546120601554,135.31734086621202,136.48644982837385,542100
2021-09-14,135.75694274902344,136.1217042167395,135.12095424997034,135.70082779573656,1336300
2021-09-15,134.91517639160156,136.252630215461,134.02665642041558,136.13105258596917,735800
2021-09-16,135.48570251464844,135.6072944158218,134.4568809001429,135.36411061347508,448800
2021-09-17,134.04539489746094,135.74761051742584,133.17557020811918,135.6727858140473,549300
2021-09-20,130.1639404296875,131.27693467365054,129.18188584552288,130.38841453420736,829300
2021-09-21,132.65179443359375,133.57773396311416,132.06255889013974,132.8295012972609,668000
2021-09-22,132.61436462402344,133.31583001775758,132.09060608011794,132.60501688979298,320200
2021-09-23,135.50442504882812,135.616654955062,134.37272116601548,134.56913777327597,297400
2021-09-24,133.3625946044922,133.54030145082018,132.38990222373596,133.03525265667457,451700
2021-09-27,133.27842712402344,133.3625995476093,132.1280278542994,132.94172315832978,360900
2021-09-28,128.66746520996094,130.12651093876528,128.56458304850165,130.05168625121763,716800
2021-09-29,127.51705169677734,128.80775258213816,127.26453443156754,128.63004573312762,432600
2021-09-30,126.30119323730469,127.46095465017433,126.21702080374651,127.04942594653181,458600
2021-10-01,127.15229034423828,127.37676440702644,125.29107797392996,127.2925919852371,488700
2021-10-04,125.11338806152344,126.46020407787226,124.47738526653568,126.42278459333377,456300
2021-10-05,124.78601837158203,125.39396362345452,124.608311517517,124.72055568770826,698800
2021-10-06,126.96524810791016,127.00265331967077,124.3744983494352,124.54285748073622,700100
2021-10-07,126.8810806274414,128.1250144694381,126.62854905631453,126.76883644507843,568700
2021-10-08,126.67530822753906,127.90053224940053,126.60048353450198,127.8911845145275,525300
2021-10-11,126.37600708007812,127.02135755796115,126.19830022137404,126.50694672259421,670200
2021-10-12,125.91773223876953,126.86236726262692,125.76808284746002,126.66595065261424,526100
2021-10-13,132.48342895507812,132.68919328510947,131.01503544132765,131.91290318023675,991600
2021-10-14,135.65406799316406,136.0655967015661,134.25113699889462,134.53172605201894,682000
2021-10-15,136.57998657226562,136.89798079024754,135.85981144337143,136.36487451555433,471400
2021-10-18,135.96270751953125,136.13106665127262,135.48571614374146,135.93465004279957,468400
2021-10-19,135.0741729736328,136.63610085341224,135.0274057603107,136.14039978916756,559400
2021-10-20,134.35401916503906,135.87854207885354,134.25113698794695,135.8691943432459,647000
2021-10-21,130.43516540527344,131.88484921725572,128.87322314807506,130.22003906365285,1417300
2021-10-22,132.6050262451172,133.13814683221494,131.64168151146606,132.44602912388214,764800
2021-10-25,135.3547821044922,135.40154932476685,133.61514711827894,134.4943194825757,742800
2021-10-26,136.29940795898438,137.11311757704738,136.12170109674818,136.45840508010335,848800
2021-10-27,135.50442504882812,136.0375313747902,135.20512627040284,135.27995096500916,538600
2021-10-28,137.9268035888672,138.31027476338656,137.30016288168554,137.33756809003742,539000
2021-10-29,135.410888671875,136.1591213358625,134.97130251695802,135.14900938018204,609900
2021-11-01,136.7764129638672,137.01958251186744,135.71018606671078,136.22458263858246,615400
2021-11-02,137.45916748046875,137.93615883752813,136.76704978177898,137.63687434035876,443100
2021-11-03,139.7599639892578,140.0031478028276,137.89875153441506,138.24480324283294,427600
2021-11-04,139.282958984375,139.73189281497883,138.70308552520552,138.8527348925232,456700
2021-11-05,139.85350036621094,139.9750922746872,138.79662121431917,139.61967855535707,550100
2021-11-08,139.06787109375,140.2182704782054,139.01175613909632,139.2736354417146,390900
2021-11-09,138.73117065429688,139.7786878916491,138.54411604353425,139.63840050141513,340200
2021-11-10,136.2245635986328,138.10449984734876,136.2245635986328,137.5994368095583,373400
2021-11-11,135.53248596191406,136.5145404804148,135.53248596191406,136.29006639090412,292200
2021-11-12,133.19427490234375,134.6813783633141,133.1849128951808,134.65332088452993,561900
2021-11-15,132.2309112548828,133.5029024403623,132.1747963053007,133.13814099672814,411800
2021-11-16,133.05397033691406,133.71803062015383,132.26833240537707,132.37121458246062,482600
2021-11-17,132.78273010253906,133.0539571217194,132.40862091649362,133.01655191165514,314500
2021-11-18,133.25973510742188,133.25973510742188,131.57621505504562,131.65103975419035,381900
2021-11-19,131.8287353515625,133.63384716952382,131.6603904964044,133.16620354339457,563000
2021-11-22,127.16166687011719,129.23799153476182,127.13359512163204,129.0602989366995,687200
2021-11-23,126.70336151123047,126.9371833174782,125.5061950049501,126.23571789873499,548000
2021-11-24,125.010498046875,125.04790325771603,122.81256728700203,123.02767935987758,652400
2021-11-26,122.22332000732422,124.50542297586776,121.8585585834242,124.0190839249008,536500
2021-11-29,124.32772827148438,124.48673966402554,122.79385774025731,123.72914499762383,740900
2021-11-30,120.12828826904297,122.8780348750823,119.45488035444764,122.36362406930117,1516500
2021-12-01,121.40962982177734,124.23420117741708,121.35351487288222,122.97155774187593,1096300
2021-12-02,121.74634552001953,122.22333690294921,120.53983118844371,121.25064439520489,824500
2021-12-03,120.63334655761719,122.25140378955463,119.77288399269979,122.08304466198874,625300
2021-12-06,124.00973510742188,124.12197928380053,121.63411173244825,122.07369788894098,997900
2021-12-07,125.79613494873047,126.20766362156996,124.1126150468193,124.1126150468193,819900
2021-12-08,125.8148422241211,126.00189681592316,125.14143427655323,125.72130779254478,519400
2021-12-09,124.26226806640625,125.44072489653853,124.1967911068344,125.30978524874605,346800
2021-12-10,126.62853240966797,126.92783116148748,125.78677964503808,126.05800665144328,556400
2021-12-13,129.0228729248047,129.6495136680018,128.29335001353937,129.56534124085982,875600
2021-12-14,126.82495880126953,128.087588045798,125.92707674776723,127.74153632469296,710700
2021-12-15,129.45310974121094,129.50922469194674,127.19906407765193,127.26454103441078,606200
2021-12-16,128.74227905273438,130.80927007112172,128.08758085845454,130.73444538158256,559300
2021-12-17,129.6588897705078,130.92151912896134,128.770355371795,129.20059383176923,1175200
2021-12-20,127.55448913574219,127.98471331053756,126.82496616860924,127.38612999721433,773600
2021-12-21,128.5271759033203,128.72359251090097,127.07747776958115,127.90988287532538,487300
2021-12-22,130.37904357910156,130.39775332103233,128.26529942417642,128.34947185583746,423200
2021-12-23,131.01504516601562,131.26757673004394,130.16393030783416,130.16393030783416,336400
2021-12-27,132.146728515625,132.20285773823798,130.79992687127975,130.79992687127975,365100
2021-12-28,132.35247802734375,132.455360183585,131.18336910248837,131.56684025496475,504400
2021-12-29,130.97763061523438,131.6416908948805,130.66899835700593,131.31433462283556,465900
2021-12-30,131.3143310546875,132.2963855727854,131.28627357742914,131.79133671078307,246600
2021-12-31,131.04310607910156,131.80068651969984,130.9402239037517,131.20210320985106,254100
2022-01-03,132.24960327148438,132.4086146529499,130.1545690945737,131.23950566267385,811200
2022-01-04,131.19276428222656,132.17481888170678,130.88411773545548,131.97840225326962,749400
2022-01-05,130.54739379882812,132.5208504328862,130.36968694100028,132.4740832169288,902900
2022-01-06,128.12501525878906,129.67758136563137,127.94730838435873,128.3775325601198,837300
2022-01-07,129.31280517578125,129.47180228972934,127.77893471441998,128.19982537814468,632300
2022-01-10,129.64015197753906,129.67755718401412,127.64798578819637,128.23722125746096,803500
2022-01-11,129.8085174560547,129.9768765903384,128.5645979118961,128.82647721291386,720400
2022-01-12,131.0804901123047,131.32367390821184,130.00491558399847,130.8186108485197,591500
2022-01-13,127.1148910522461,130.37903435636153,127.00264687995303,130.03298264755517,657300
2022-01-14,129.911376953125,130.0423165807781,127.69475101665833,127.7228084889162,1388800
2022-01-18,127.29258728027344,128.89192032055632,126.92782586131862,127.60121948209341,988000
2022-01-19,127.93793487548828,129.64951223183598,127.84441471459455,128.3401158085184,681300
2022-01-20,128.14369201660156,130.7718609931023,128.0314621212883,130.26679792149298,1018100
2022-01-21,127.01200866699219,128.9199883364783,126.95589371661768,128.4804021967439,1414800
2022-01-24,125.06661224365234,125.26301457424603,121.27869602591467,123.60756641669582,1767900
2022-01-25,123.75720977783203,125.24431300820117,121.49380218363916,122.33556923069068,1474600
2022-01-26,123.71980285644531,125.65585441697665,122.83128277604489,124.69250964004176,1572900
2022-01-27,114.46044921875,117.09795893529237,114.17986732973291,115.90079241653204,2149000
2022-01-28,114.07698822021484,114.13310317238702,111.33659626355698,111.95388214447752,1479600
2022-01-31,117.10731506347656,117.12602480435052,113.93669187450328,113.93669187450328,1143000
2022-02-01,119.41747283935547,119.56711508438572,117.21954929388923,118.36060084690517,1289400
2022-02-02,118.9217758178711,119.22106745383641,118.45413219069557,118.78148130258334,989800
2022-02-03,115.79791259765625,117.3224353880258,115.59214826013333,116.23749874860512,1063900
2022-02-04,117.97713470458984,118.25772373757127,116.2468546963391,116.48067651193178,1343100
2022-02-07,118.67860412597656,119.86642298494637,118.34190012939267,119.44553942137861,1121800
2022-02-08,117.55625915527344,117.75266862553458,116.67708683876356,117.17278794975724,711300
2022-02-09,118.117431640625,118.1922563357095,116.845440366891,117.42532105028245,945900
2022-02-10,115.83531951904297,117.99583782617222,115.47991294812383,115.54538276738985,679500
2022-02-11,112.55245971679688,116.14396632301835,112.25316809425134,115.62955550192049,979100
2022-02-14,110.69125366210938,111.80424786404029,109.88690599048006,110.91572062247597,1384500
2022-02-15,112.46829986572266,112.75823665056726,111.91648377383441,112.43088751676272,703400
2022-02-16,113.08558654785156,113.21652619399514,111.37400914167772,112.10353206609922,766600
2022-02-17,110.21424865722656,112.02870824749748,110.11137362217491,111.83229877674789,724700
2022-02-18,108.22208404541016,110.0552461517712,108.12855674996142,109.99913120163701,831600
2022-02-22,106.21121215820312,107.1184418839933,105.07951550238164,106.21121215820312,1052500
2022-02-23,103.79817199707031,107.09973452509139,103.70463757267419,106.9781426276463,1219500
2022-02-24,104.70540618896484,104.76152827697761,100.42179594956805,100.65561776520725,1878600
2022-02-25,107.57673645019531,107.60480106168743,105.66875673790668,106.2486302665859,909500
2022-02-28,105.29463958740234,106.75368540386853,104.25647017624743,104.92052326286154,1295500
2022-03-01,102.18013000488281,104.6773451995339,101.8340711605083,103.94782230093249,1442000
2022-03-02,105.86516571044922,106.09898752206472,103.47082550724724,103.92912139569991,1509900
2022-03-03,101.9556655883789,104.32194120003003,101.62831647651174,104.26582624818865,1281900
2022-03-04,99.23397827148438,100.44985458106287,98.52315794577653,100.18797528624303,1618000
2022-03-07,98.1771011352539,101.44125155202596,98.15839139477858,101.06713523494695,1888000
2022-03-08,99.33686065673828,101.91825553464398,97.40081628222792,99.2246236148552,1672700
2022-03-09,104.61187744140625,105.63134425402909,102.16142941426823,102.53553860557068,1394800
2022-03-10,101.4880142211914,102.35783158677302,100.52466956444857,101.09518818123443,874200
2022-03-11,100.71172332763672,103.9478160980835,100.63689864104637,103.70463943450228,959200
2022-03-14,102.9283676147461,104.4902956536605,102.73195100732156,103.39601125291273,1005100
2022-03-15,103.56436157226562,103.82624086369327,102.011781293551,103.70464895290507,898900
2022-03-16,107.08103942871094,107.08103942871094,104.16294766179105,105.1262924251358,897600
2022-03-17,108.22208404541016,108.24079378590504,106.1644550028371,106.28603977335293,816300
2022-03-18,107.89473724365234,108.07244410376605,104.98599333843282,104.98599333843282,1406200
2022-03-21,104.63058471679688,106.36086466066133,104.15358623274848,105.46298977847776,1329300
2022-03-22,105.43492889404297,105.96804231109071,104.36869492427248,104.56511151510456,911200
2022-03-23,102.68518829345703,103.77011779564943,102.5916609953556,103.3398865158425,1007300
2022-03-24,104.02265167236328,104.09747636678529,102.44201389715778,102.89095492801414,712600
2022-03-25,104.13488006591797,104.78023055850262,103.20894767683929,104.78023055850262,570700
2022-03-28,104.57447052001953,104.69606243560838,103.21830679200757,103.6953053120409,905600
2022-03-29,107.31484985351562,108.4933137072907,106.3795626663838,107.8292606607081,920500
2022-03-30,105.8277587890625,106.80980616678231,105.4629973150986,106.13640530877834,982400
2022-03-31,103.77946472167969,105.98674303914495,103.71399490445296,105.78097871766812,1323100
2022-04-01,103.4708251953125,103.8917087363568,102.33912848678628,103.63917718459514,749800
2022-04-04,105.20111083984375,105.3039858703907,103.00318013934634,103.01253500964161,1238900
2022-04-05,103.63917541503906,104.5370502973242,103.11541685095821,103.92911930787689,1559300
2022-04-06,102.61036682128906,103.24636245828611,101.99308092590479,102.86289838333201,766200
2022-04-07,102.11466217041016,102.6945428338557,101.35708178184575,101.90889783384318,1048700
2022-04-08,101.45060729980469,102.36718479211761,100.84266917125207,100.96425394269248,800000
2022-04-11,100.59949493408203,101.50672471376866,100.45920755427521,101.19807820684271,1088400
2022-04-12,98.59798431396484,100.58079593589326,98.05551597367183,99.76709342545374,1398600
2022-04-13,99.06562042236328,99.14979998253808,97.32598562595261,97.54110482579917,1154900
2022-04-14,97.1669921875,98.88792444435377,97.1669921875,98.81309975151764,914600
2022-04-18,97.47563934326172,98.00875279583974,96.5216423424323,97.19505031109412,1020800
2022-04-19,98.42962646484375,98.51380602641785,97.41952167568161,97.54110644720498,1106300
2022-04-20,99.9635009765625,100.5433816535471,99.09368352892339,99.65486160018135,1350300
2022-04-21,99.45844268798828,101.7311909897296,99.35556765536334,101.2916119764263,1723500
2022-04-22,97.12957000732422,98.85050208994446,97.07345506121614,98.25191887920909,2378700
2022-04-25,97.01734924316406,97.0641093240954,95.69859080014834,96.2878191967461,1541400
2022-04-26,93.33232116699219,96.671296565594,93.3136114248847,96.57776926208412,1362500
2022-04-27,93.0891342163086,94.52947736588153,92.49990584698675,93.65030511123537,1589600
2022-04-28,96.0633544921875,96.52164325576732,93.86543083832854,94.46401411931969,1185100
2022-04-29,94.27696228027344,97.31664599192533,94.15537036497487,96.80223512491392,1137200
2022-05-02,95.78277587890625,95.79212361422559,94.22084066380145,94.68848431409822,1658100
2022-05-03,93.52872467041016,94.90359806477325,93.14525347413728,94.52948173895653,1990000
2022-05-04,95.92305755615234,95.95111503179204,92.20061831732671,93.33231502740563,2117600
2022-05-05,93.36038208007812,94.87555014112868,92.48120969624527,94.69784326294729,2176800
2022-05-06,89.91851806640625,91.3401587206812,89.34799225768317,90.92863003617914,1988400
2022-05-09,89.76886749267578,91.07826384804673,88.6558734549355,88.89905012193653,2595300
2022-05-10,90.5638656616211,92.06967869718632,89.9372249199245,91.8732692319833,1520600
2022-05-11,89.40410614013672,92.04162307485052,89.1328791129727,90.25522097549623,1568900
2022-05-12,90.6948013305664,91.499148897011,88.85228439663346,89.1048088020637,1578500
2022-05-13,92.32219696044922,92.62148857352646,90.76962394750942,91.115675638323,1214000
2022-05-16,91.22791290283203,91.94808089575598,90.61997480530276,91.79843865667142,754300
2022-05-17,92.64955139160156,93.58483862837744,91.4523848702365,93.53807854794384,1174400
2022-05-18,87.20618438720703,91.18115534534822,86.9256024833319,91.05957056723656,2296700
2022-05-19,91.79850769042969,92.8094013953512,89.54566893576803,89.72858703215724,2220400
2022-05-20,93.8010482788086,93.9454627335637,92.2510149779006,93.71439666786581,2173600
2022-05-23,96.11164855957031,96.1212708024925,94.57124499130413,94.96596996259878,1688500
2022-05-24,95.02373504638672,96.22717651022253,94.26316650503941,95.99611780582872,2749800
2022-05-25,93.69513702392578,94.40757230404002,92.65536185064101,93.01158316330996,1331400
2022-05-26,94.80230712890625,95.12001744222927,93.33891817705566,93.4255697830637,760900
2022-05-27,97.38247680664062,97.38247680664062,96.27530928086603,96.2849388684566,1034400
2022-05-31,96.12127685546875,96.57377203890925,95.06224979467288,96.02500300361895,1459200
2022-06-01,95.6302719116211,97.56540044968874,95.4184650439185,97.18030506683704,1786100
2022-06-02,98.31635284423828,98.32597508703263,95.63027071469276,95.8131888156908,967700
2022-06-03,96.68930053710938,97.30546197434174,96.29456821423229,96.8433372238056,678900
2022-06-06,97.10327911376953,98.58591978232973,96.8818426669098,98.36448333546998,740600
2022-06-07,98.19119262695312,98.25858505427226,96.56414478304154,96.73744064546555,955900
2022-06-08,96.14053344726562,97.27658249707683,95.91909698326499,96.82408732580622,815000
2022-06-09,93.18487548828125,95.74579497131941,93.1752459004061,95.12963356133022,940000
2022-06-10,90.66246032714844,92.04882718234123,90.17146152028721,92.02956800645052,1284300
2022-06-13,87.43724060058594,88.35185315302364,86.76331633512906,87.27357432829264,1837900
2022-06-14,87.0040054321289,88.45775741046674,86.56113986138787,88.30372072488117,1629900
2022-06-15,89.82487487792969,90.70097645461108,88.01489419363273,89.31460952114512,1294400
2022-06-16,89.30498504638672,89.593806586826,88.40962431509995,88.91988231391066,1466000
2022-06-17,89.53604125976562,90.30624670331537,88.56365853995936,89.2183309634096,1435500
2022-06-21,90.58544158935547,91.36527664620985,90.48916774209128,90.81650763705795,1023200
2022-06-22,90.4988021850586,91.70224370347692,89.52641938151383,89.61307099035649,915100
2022-06-23,90.72985076904297,90.87426520417269,89.3338617016434,89.86337150348797,919000
2022-06-24,94.74454498291016,94.79267823529068,92.15473655053752,92.2221289800494,1276900
2022-06-27,93.67588806152344,94.64826349212635,93.26190389717927,94.10912405771492,835700
2022-06-28,91.91404724121094,93.43519902799092,91.90441765275125,92.96344468137667,1405100
2022-06-29,90.43140411376953,91.65409738832646,90.2773600833119,90.81650684468997,1221400
2022-06-30,87.34097290039062,87.85123092945737,85.64652518415697,86.56114514617346,1805100
2022-07-01,87.32170867919922,87.33133826746244,85.98348237433606,86.42634794653604,1630000
2022-07-05,85.83907318115234,85.8679546000133,84.06760359037077,84.30829187451008,1580400
2022-07-06,86.51299285888672,87.0232508190146,85.67539503014163,86.68628870810214,1459800
2022-07-07,87.33133697509766,87.35059615133908,86.52262785832366,86.53225010122078,805600
2022-07-08,87.21580505371094,87.8512256636706,86.33007391124323,86.72480623171339,860400
2022-07-11,85.03035736083984,86.01236233555086,84.9148243393112,85.84869606396963,1008600
2022-07-12,83.13373565673828,84.770420470518,82.90267695010985,84.57786542730776,1164700
2022-07-13,82.74862670898438,83.30702527457564,81.3333858099644,81.42003006399237,1170200
2022-07-14,82.23837280273438,82.59459411464856,80.38988850651607,81.48742651647217,1142100
2022-07-15,84.72228240966797,84.74153424195339,83.41293745753698,83.7595292004672,1065800
2022-07-18,84.80892181396484,86.15677769867015,84.58749270186013,85.4539720095438,1003100
2022-07-19,88.90062713623047,88.97764915523493,86.83071362835979,87.18692761211338,1548200
2022-07-20,88.89099884033203,89.2761015639093,88.08228238629742,88.35185208923446,1609100
2022-07-21,86.92698669433594,86.98474953545553,84.06760853533291,84.56823696389193,2309800
2022-07-22,90.25811004638672,92.2317569908239,89.79598529105074,91.24974464019388,1907300
2022-07-25,88.5444107055664,89.65157832618102,87.83197541252325,89.53604530086707,1303800
2022-07-26,86.92698669433594,87.57202957091789,86.52263211605089,87.49500755260914,924000
2022-07-27,87.90898132324219,88.13041776338648,86.07012676123598,86.26267443901295,1545200
2022-07-28,88.35185241699219,88.5444074521069,86.4648571442093,87.35059561528988,1051800
2022-07-29,89.73822784423828,89.8730127090567,88.76584502357032,89.09318494186094,763300
2022-08-01,90.29662322998047,91.12459156703602,89.90189089349455,90.28699364134755,1834700
2022-08-02,87.79345703125,88.68881770287584,87.72606460844905,88.1400487328615,1076300
2022-08-03,90.0077896118164,90.15220405283965,88.82360735491775,88.82360735491775,777200
2022-08-04,91.74075317382812,91.78888642662258,90.86464423741555,91.59633872499677,876800
2022-08-05,91.03793334960938,91.0475629375431,89.94039537231511,90.16183182345009,815200
2022-08-08,90.8165054321289,92.04882827572779,90.61432815421567,91.48080010377996,629900
2022-08-09,90.26774597167969,90.77800401439345,90.03667990517872,90.68173015929686,643700
2022-08-10,92.49169921875,93.21376411553797,92.14510748067387,92.61685448991263,931900
2022-08-11,91.69261169433594,92.6072316313259,91.51931582644907,92.6072316313259,792500
2022-08-12,92.37616729736328,92.4146783070801,91.53857670800085,91.95256088092648,674200
2022-08-15,92.24137115478516,92.32802275235645,91.3074994827318,91.37489925041123,1193300
2022-08-16,90.69134521484375,91.17272179739646,90.20996863229102,90.68172297175379,828000
2022-08-17,89.48789978027344,90.09443894826933,89.10280440752967,89.61306238711623,746900
2022-08-18,89.01615905761719,89.50716524113379,88.67919691019361,89.28572877555605,703600
2022-08-19,88.20744323730469,89.03541150566913,88.06302880068795,88.91024889949705,706800
2022-08-22,85.13626098632812,86.1760361467609,84.94371329523625,86.11826596325446,916700
2022-08-23,84.11575317382812,85.5983940439869,84.03873115181939,84.62601121549346,765400
2022-08-24,84.16387939453125,84.81855183644157,83.58622896819243,83.78840625014983,753000
2022-08-25,84.91482543945312,84.92445502767782,83.66325074351697,84.08685713749638,704800
2022-08-26,81.10232543945312,84.63563517555951,80.90014815404494,84.57786499028302,1116400
2022-08-29,81.4296646118164,81.88215977545386,81.00605086794751,81.21785773988195,959800
2022-08-30,81.37189483642578,82.67161749433976,80.96754026718418,82.49832162963281,734500
2022-08-31,82.04582214355469,83.08559727704647,81.90140770636582,82.15172557447829,1234500
2022-09-01,80.85201263427734,81.53556648821237,79.34049048510302,81.38152245876152,1300300
2022-09-02,80.16844940185547,82.3731549371948,79.68707283986583,81.67997151269398,1080300
2022-09-06,81.0349349975586,81.99768819656552,80.6787210148694,81.67035563461069,1035900
2022-09-07,82.3827896118164,82.5945964874056,81.20822955280283,81.44891784865892,1992400
2022-09-08,82.1324691772461,82.15172835364194,80.3417477240608,80.57281376946924,960200
2022-09-09,83.82691955566406,84.02909684316323,83.16261750729261,83.18187668432523,649500
2022-09-12,85.63689422607422,85.9738637223485,85.08812519572834,85.20365822404158,818800
2022-09-13,82.6619873046875,84.37568676253328,82.52720244925403,83.7691549130827,1077500
2022-09-14,83.09522247314453,83.15299265720743,81.97843263265163,82.35390577555407,1289100
2022-09-15,81.26599884033203,82.7871432709593,81.07344379864114,82.31539627295822,1332700
2022-09-16,80.8134994506836,80.99641754920115,79.81223532188699,79.9085091650894,1093200
2022-09-19,81.12157440185547,81.13119664383679,79.60042281339783,79.61005240060204,934900
2022-09-20,79.84111785888672,80.50541987316994,79.30197845322122,79.66782200060517,1331500
2022-09-21,79.2730941772461,80.88089758769415,79.11905748628801,79.97590723818465,1162200
2022-09-22,78.33922576904297,79.22495689637958,77.95412304339379,78.9842686110018,1612700
2022-09-23,76.50999450683594,76.51962409506163,75.30655306145404,76.2307952100805,2048200
2022-09-26,76.66403198242188,78.0696507236873,76.20191457595793,77.09727531435854,2899800
2022-09-27,76.17303466796875,77.9733784236015,75.63388788942902,77.48237958764197,2478700
2022-09-28,78.42587280273438,78.72432393669794,76.06713046061036,76.41372219144331,2057000
2022-09-29,77.48237609863281,77.5593907676215,76.24042366404883,77.26093964407852,2137300
2022-09-30,78.22369384765625,79.53303872613952,78.16593100882493,78.42587112878951,1390600
2022-10-03,80.8134994506836,80.9867953065373,78.97463746105683,79.37899200964101,1686600
2022-10-04,84.76079559326172,85.05924674529642,83.31666574242401,83.58623547267783,1626500
2022-10-05,83.93281555175781,84.19275565685943,82.40203430324266,82.9796920394209,1225200
2022-10-06,83.14336395263672,83.97133226250932,82.96043850073676,83.36479306735629,1249700
2022-10-07,81.38152313232422,82.33464670046325,81.01567957718592,82.20949143441628,1140700
2022-10-10,80.9194107055664,81.38152813570775,80.2743604687736,81.3141357044278,1263900
2022-10-11,79.91813659667969,81.37188848382584,79.68707056496028,80.52466840319094,1287300
2022-10-12,79.436767578125,80.76536433294291,79.42713798958478,80.16845471225572,1115600
2022-10-13,81.97843170166016,82.19986081151171,77.5016281118678,77.96375285300464,1515200
2022-10-14,81.45854187011719,84.31791980470788,81.37189027001452,83.47069236025234,1207800
2022-10-17,83.61510467529297,84.26977707247725,83.14335771628792,83.19149830903716,1362700
2022-10-18,85.70428466796875,86.94623714893312,85.03998996994508,86.85959288862631,1526700
2022-10-19,83.49958038330078,84.69339218191024,83.08559625258302,84.44307431688424,1086400
2022-10-20,83.67288208007812,85.16514509624696,83.48032703767892,83.67288208007812,1103400
2022-10-21,87.49500274658203,87.57202476066003,84.74152817769361,85.14589007899134,1722400
2022-10-24,87.62017059326172,87.79346646268421,85.86796006697827,87.24469743371698,1447700
2022-10-25,92.73238372802734,93.66625546494483,92.45318443125237,92.98270160534692,2401400
2022-10-26,94.1187515258789,95.44734825012863,92.56871834164237,92.6457403577442,1991000
2022-10-27,93.8106689453125,95.21628765777388,93.60849166597458,94.08986823922397,1024800
2022-10-28,94.07061767578125,94.21503213002292,92.95382774310913,92.9827091649126,1438000
2022-10-31,92.48206329345703,93.28115015400441,92.4724410507204,92.8864251903225,986200
2022-11-01,92.270263671875,93.76253407820599,91.62522078716637,93.58923820743996,831300
2022-11-02,90.46991729736328,93.54110228516157,90.46991729736328,93.05972569623889,1372400
2022-11-03,89.23758697509766,90.80687188004742,89.21832779981891,89.83448919472086,1126700
2022-11-04,92.44355773925781,92.59760177481098,91.01868713651038,92.11622518154314,1221300
2022-11-07,93.93582153320312,94.09948780059028,92.55908427913359,93.33891195510343,1213200
2022-11-08,94.32093048095703,95.56288296802215,93.13674083438019,94.22465663173527,1403700
2022-11-09,93.91658020019531,94.94672585892815,93.83955817920754,94.29205337098047,947800
2022-11-10,103.18788146972656,103.19751105775468,99.70271247111859,99.94340075525723,2371200
2022-11-11,106.06651306152344,106.43236396046296,104.49722806702992,104.97860464334097,1997100
2022-11-14,104.77642822265625,105.71992220664428,104.32393306197429,105.03636834409924,1133700
2022-11-15,105.71992492675781,106.904114576569,104.05436602952307,106.22056069643652,1627600
2022-11-16,106.92337036132812,107.27959169733731,105.77769902322406,107.03890339211536,1226300
2022-11-17,107.65505981445312,108.00165154532782,106.32646307624933,106.3842259163205,2138300
2022-11-18,104.73792266845703,105.64291303694334,104.21803505327708,105.62365385940478,1214000
2022-11-21,104.4587173461914,105.75843263675367,104.42983592676926,105.3925890820337,889800
2022-11-22,105.53700256347656,105.58513581366734,103.95808799083645,104.41057579970305,735500
2022-11-23,105.75843811035156,105.94136356979081,104.91121793415094,104.9978621969017,931600
2022-11-25,106.52863311767578,106.53826270544076,105.70066485524704,105.72954627331868,411200
2022-11-28,103.97734069824219,106.08577245731699,103.78479300540897,105.53700345299633,808600
2022-11-29,102.93756866455078,103.4863376855905,102.42731065229573,103.34192323895397,831300
2022-11-30,106.74044799804688,106.79821083853065,103.49596712843758,103.90032170227171,1019500
2022-12-01,107.8379898071289,108.20383338501748,106.88485883449503,107.43362787393994,1000900
2022-12-02,107.85723114013672,108.30009669506688,106.51900488745854,107.01964062449152,906900
2022-12-05,106.16278076171875,107.10628202856522,105.85470006452417,106.63453506775359,661200
2022-12-06,103.75590515136719,105.4118417670708,103.28415815812912,105.4118417670708,871000
2022-12-07,103.85218811035156,104.03510621969274,102.77390190509944,103.48633720122153,1010500
2022-12-08,103.80404663085938,104.3239342247637,102.58135333526452,103.16863335734773,902600
2022-12-09,103.29378509521484,104.02547953702496,103.23602225738524,103.46708095392714,543200
2022-12-12,104.32393646240234,104.3431882943419,103.17825781356419,103.226398411249,951700
2022-12-13,105.71992492675781,108.61781407115805,105.23854833411038,108.04016362902591,1050900
2022-12-14,105.62364959716797,106.86560207022171,104.94972531499482,105.7873158735209,707500
2022-12-15,101.6474838256836,104.05436680690234,101.42604735951294,103.87144134985806,928400
2022-12-16,101.4356689453125,101.57045379400896,100.23222754964888,100.80987795052275,1505600
2022-12-19,100.4151611328125,101.57046202821924,100.09745081574725,101.44530675720443,886100
2022-12-20,100.59807586669922,100.64621646290114,99.74122613991581,100.03968461496503,1162300
2022-12-21,100.89653778076172,101.62822492044886,100.59807929553969,100.9061600241511,756700
2022-12-22,100.1070785522461,100.34776684643812,98.8266150642908,100.2996262495102,981500
2022-12-23,99.64495086669922,99.8471281464512,98.8362417476913,99.37538116036325,760600
2022-12-27,99.49090576171875,100.01079333769957,98.9421367668318,99.48128351889905,523500
2022-12-28,98.01789093017578,99.57755359915558,97.98900951236152,99.03841421269388,635400
2022-12-29,100.23223114013672,100.4632898397185,99.43314426193783,99.53904769616773,546800
2022-12-30,99.34650421142578,99.44277806156013,98.54741729938519,98.98065329760173,442500
2023-01-03,100.1070785522461,101.1564759892159,99.43314692137413,100.16484139238057,928800
2023-01-04,102.90868377685547,103.17825348404135,101.78226435244714,103.13012023360024,819200
2023-01-05,102.20587158203125,103.3419131770607,102.05182756189109,103.31303175959022,853400
2023-01-06,105.0459976196289,105.30593774029802,101.5704581328674,102.6102333059912,820900
2023-01-09,107.2892074584961,108.67556692314449,106.57676487829919,106.57676487829919,1481800
2023-01-10,109.19546508789062,109.20509467645694,107.84760915234045,108.12680845897201,1093400
2023-01-11,110.59146118164062,110.63959443383308,109.74423367654589,109.95604055281957,785900
2023-01-12,112.33403778076172,112.34366736891961,109.87901431137531,111.01506332162755,1082800
2023-01-13,112.65174865722656,112.78653351122972,111.40016661837022,111.4097962065772,755600
2023-01-17,111.88154602050781,113.06573566226241,111.42905085126193,111.89117560895794,826800
2023-01-18,112.7191390991211,114.37507567082406,112.56509507141685,113.66263306052723,1394900
2023-01-19,111.36165618896484,111.80452176087799,110.37965119823981,110.57219889203729,891100
2023-01-20,112.75765228271484,112.78653370216104,110.91879022892168,111.2557523645,728500
2023-01-23,112.36292266845703,112.66137380355188,111.29426605187527,111.332777060472,1059800
2023-01-24,111.8622817993164,112.22812532243917,111.47717910142647,111.7178673694548,1022100
2023-01-25,111.83341217041016,112.17999655529817,110.24486796493495,111.12096953338931,1310900
2023-01-26,109.85013580322266,110.41816399601369,108.11718449528173,108.55042048596101,1869700
2023-01-27,108.99327850341797,109.77310617062803,108.06903640092592,108.35786527148989,957900
2023-01-30,111.7660140991211,112.69988586696682,111.4001705318638,112.17037602055946,1587800
2023-01-31,114.11512756347656,114.15363857018431,112.22813230613787,112.28589514358775,1270400
2023-02-01,116.52201080322266,116.89748393841398,113.89369885688335,114.92384441796122,853900
2023-02-02,118.38976287841797,118.68821402170887,117.63881655321889,118.13944498827694,866500
2023-02-03,116.13690948486328,117.36923968308044,115.61702190402721,115.70367350677836,1098500
2023-02-06,115.26081085205078,115.80957986592463,114.90458953436209,115.48223996814133,519500
2023-02-07,115.37633514404297,115.71330462614993,113.4315769931569,113.71077629092409,538300
2023-02-08,114.19214630126953,115.05862556428,113.81667317816887,114.221027719166,872200
2023-02-09,114.27880096435547,116.14654450750399,113.77817253636124,116.04064106875491,636000
2023-02-10,112.97908020019531,113.46045677313626,112.44957037709442,113.17163523650584,662000
2023-02-13,114.06700134277344,114.09588276327804,113.0753593856972,113.15238140385877,374200
2023-02-14,114.3365707397461,115.18379090147015,113.25828452418683,113.59524667116663,616000
2023-02-15,114.82756805419922,114.8660790626609,113.34493462715531,113.4123270556573,669500
2023-02-16,113.56636047363281,114.20178107711514,112.75765135489922,113.20051692161861,505000
2023-02-17,112.97908020019531,113.06573180284094,111.84303119424573,112.17037108336184,411000
2023-02-21,110.50479888916016,111.44830015262403,110.44703605402552,110.87064976560805,867000
2023-02-22,110.96693420410156,111.5734660666133,110.51443903173494,111.22687433225691,510600
2023-02-23,111.68899536132812,112.42068246921177,110.58182776608422,111.97781690015893,784500
2023-02-24,108.96440887451172,110.10045795896593,108.37712882732293,109.71535520495662,991700
2023-02-27,110.84176635742188,111.23649867050604,110.46629322046176,110.88990695250847,579900
2023-02-28,109.58055877685547,110.5625637179679,109.52279594067925,109.82124705455416,693500
2023-03-01,109.97528839111328,110.83213805116856,109.17620156582299,110.83213805116856,848900
2023-03-02,110.26411437988281,110.37001781139367,108.79110327187983,108.8392438662842,664900
2023-03-03,112.54584503173828,112.61323745862556,111.46755885631819,111.54458087139612,694500
2023-03-06,115.27044677734375,115.73256421168223,114.60614470210498,115.04901030385611,953700
2023-03-07,112.53621673583984,114.50986365983992,112.25701743689395,114.43284164387752,469600
2023-03-08,113.03684997558594,113.17163482790488,111.87191220947804,112.37254795685432,730100
2023-03-09,111.66973114013672,114.08624350220458,111.63122013432098,113.02721655055367,691900
2023-03-10,111.15947723388672,113.62412293447358,110.93804812387465,113.57598968436048,1005300
2023-03-13,110.74549102783203,111.49643729168515,109.40726476886846,110.05230760112963,1144700
2023-03-14,113.72040557861328,114.07661954585251,112.7865338408453,113.67226498266132,862000
2023-03-15,111.29426574707031,111.39053959568655,109.46503324246656,110.08119468787906,1111300
2023-03-16,115.81920623779297,115.91548008321185,111.88154205671572,112.04520832845017,1052700
2023-03-17,114.77943420410156,115.74218737495265,113.69151842009663,114.63501975942914,1040300
2023-03-20,116.85897827148438,116.9552594656036,116.03100994958109,116.82046726288145,771600
2023-03-21,118.88076782226562,119.00592309341056,117.57142288865727,117.86987402881577,594200
2023-03-22,117.68694305419922,119.83388581159845,117.66769122308864,118.2453416443132,480500
2023-03-23,119.13107299804688,120.61371373388015,118.4667783177727,119.41990188179993,599500
2023-03-24,118.69783782958984,118.93852611928926,117.48476679284217,118.52454196719732,907100
2023-03-27,118.6593246459961,119.75686263928236,118.40900677263608,119.23697506163778,571100
2023-03-28,118.87113189697266,119.04442775674833,118.16831886976475,118.94815391136709,631400
2023-03-29,119.68946838378906,119.92052707746936,118.93852212041054,118.9770331268945,915900
2023-03-30,121.3742904663086,121.3742904663086,120.45004831505746,120.83515104771803,746000
2023-03-31,121.83641815185547,122.04821768196247,121.04696083621923,121.1528569286608,668200
2023-04-03,121.61497497558594,121.7208784074061,120.89291012875213,121.48019012512817,876300
2023-04-04,123.04947662353516,123.0976172186835,122.18300467265348,122.22150833450388,788200
2023-04-05,122.01933288574219,123.45383303094309,121.576467315587,123.24202616147241,665600
2023-04-06,123.91596221923828,124.07962848900391,122.46219558643996,123.23240103097294,989500
2023-04-10,122.70288848876953,122.84730293320878,121.11435163560905,122.84730293320878,604300
2023-04-11,121.82678985595703,122.31779604077693,121.64386439891702,121.97120430387159,1146800
2023-04-12,122.37554931640625,123.34792467622933,122.06746861270743,122.83766669934282,1318400
2023-04-13,123.2805404663086,123.70415419134015,122.32740958498758,122.32740958498758,1132100
2023-04-14,122.67400360107422,123.39606845763477,121.98082016354032,122.96283248178786,980000
2023-04-17,122.46219635009766,123.18426120439122,121.95193836163264,122.99171351466902,1387900
2023-04-18,122.88581848144531,123.52123912236425,122.60661917060736,123.35757284039083,1417100
2023-04-19,122.55847930908203,123.01096712098236,122.32741326381215,122.91469327473173,1512200
2023-04-20,122.1348648071289,122.9628331011064,121.69199924096804,122.20225723360504,1512400
2023-04-21,128.96078491210938,129.62508695363465,126.89087146109225,127.20858177184118,2742800
2023-04-24,127.6032943725586,128.75860988984476,127.00639212828858,127.94026384684157,1406600
2023-04-25,128.46014404296875,130.61671635882055,128.44089955734697,129.45179328947896,1427200
2023-04-26,128.3831329345703,130.55894967189604,128.1616891424249,130.55894967189604,1346400
2023-04-27,131.56019592285156,131.7527582815731,129.98128153827466,130.73222772786335,967500
2023-04-28,130.23162841796875,130.65524217299458,129.80801466294292,130.29901350238765,747500
2023-05-01,129.47105407714844,130.52046629355243,129.4325504106097,130.52046629355243,467200
2023-05-02,129.3555145263672,129.49029938048363,128.51792398224697,128.63344965993326,867600
2023-05-03,130.7226104736328,132.2052584258626,130.24123393935358,131.01143933228957,1414800
2023-05-04,129.09556579589844,129.62508296418312,128.46978212730107,128.87413668568743,692500
2023-05-05,129.7406005859375,129.9716666151473,129.00891352910918,129.13407613123692,623800
2023-05-08,130.7226104736328,131.12696499957386,130.18347110571145,130.9921801575935,718500
2023-05-09,129.66357421875,130.06794342888955,128.8548651793624,128.9704055353076,674800
2023-05-10,129.80799865722656,130.36639720268587,128.8645047585624,129.81762089940057,733600
2023-05-11,128.71047973632812,129.1340935016385,127.86325220570743,129.07633065917764,756900
2023-05-12,128.7848663330078,129.21552186435108,128.50101839887304,128.99039696909972,655500
2023-05-15,128.51080322265625,131.20238510116536,127.336297753509,127.59076920918592,1864700
2023-05-16,130.331298828125,131.04578732836993,128.42272547286908,128.53038935109623,2324800
2023-05-17,129.80276489257812,130.74237830204393,128.8435870935963,130.56619425386037,995600
2023-05-18,131.05555725097656,131.3002465027033,130.28234578676467,130.5661787475231,954700
2023-05-19,131.42750549316406,132.24965789349145,131.42750549316406,131.72113561746627,696700
2023-05-22,130.45852661132812,131.0849305546943,130.4291650932522,130.63471065443164,693500
2023-05-23,127.07202911376953,129.98872093005335,126.95458304730022,129.7146701518601,1170700
2023-05-24,126.46520233154297,126.87627849170578,126.03454684909231,126.87627849170578,717300
2023-05-25,126.69031524658203,127.06224770556472,126.10305504130912,127.04266838281632,1352200
2023-05-26,128.6184844970703,128.83381227125636,127.27757700606645,127.3656765025239,832100
2023-05-30,127.47333526611328,129.26446262413447,127.3558742537742,129.10785789744818,729100
2023-05-31,127.66907501220703,128.08993338503385,126.40647002443114,127.70821872388834,1325000
2023-06-01,129.36231994628906,129.55806837305167,127.8452435032455,128.36398355475785,783400
2023-06-02,130.14532470703125,130.69342625948113,129.69508989772046,130.42915767717594,532500
2023-06-05,128.70655822753906,129.51892841003036,128.47165114783678,129.4895668918986,515100
2023-06-06,129.03933715820312,129.43084897318687,128.7261426408648,129.3525466101901,551900
2023-06-07,128.9022979736328,130.42915655218707,128.68697023207804,129.92999584293574,805200
2023-06-08,130.3802490234375,130.45853645444802,129.15680256247182,129.2057284731911,417100
2023-06-09,129.900634765625,130.7619457347539,129.24486934490992,130.12574470177566,499300
2023-06-12,130.9283447265625,131.0947316455703,128.94146895859186,129.15679672075456,1084100
2023-06-13,132.41604614257812,132.9543655534313,131.18281752969975,131.79943930346326,766600
2023-06-14,132.68031311035156,133.4633217951266,131.6134714313529,131.77985834998722,505900
2023-06-15,134.1288604736328,134.14843979646733,131.76027018866992,132.05390029259783,688500
2023-06-16,134.36376953125,136.29192215616652,134.2756849791629,136.08637659998223,983300
2023-06-20,133.12074279785156,133.9233307583576,132.60200274909428,133.1696836379442,686200
2023-06-21,131.92666625976562,132.79775950331447,131.5253871889937,132.690110556866,824500
2023-06-22,132.2398681640625,132.54328046584942,131.44707732787148,131.52537968553386,697700
2023-06-23,130.6347198486328,131.27090603125035,130.44875359796484,130.8598298146076,477900
2023-06-26,129.61680603027344,130.3802503696762,129.44063690670694,130.27258648261358,474200
2023-06-27,130.18447875976562,130.37044500154516,129.20572164273503,129.67553581185655,682600
2023-06-28,131.417724609375,132.10285161648244,130.8598258741705,130.90876671781717,679700
2023-06-29,131.57431030273438,131.57431030273438,130.70321707768844,131.44708203479388,454400
2023-06-30,133.90374755859375,134.23652136615306,132.44540913472915,132.5824345222328,1073400
2023-07-03,131.6917724609375,133.00330340724375,131.01642766383475,132.78797564774294,612200
2023-07-05,131.54495239257812,131.62325475519216,130.63471542965598,130.859825388016,1265100
2023-07-06,129.61680603027344,130.09640242439775,128.6967868272329,130.00831786261452,817500
2023-07-07,130.42916870117188,131.1534543479249,129.78320035098508,129.94958726956716,1029300
2023-07-10,132.0147705078125,132.1713603030649,130.5368376381723,130.55641696307222,1067600
2023-07-11,133.42416381835938,133.5416098813936,132.04411283911955,132.41603035027694,1114200
2023-07-12,137.5936737060547,137.7992043318531,135.1467809774678,135.74382340062894,1524800
2023-07-13,140.90188598632812,141.09763442953877,139.31628924662937,139.37501228612769,1576400
2023-07-14,141.28359985351562,141.8219043355424,140.98017259346295,140.98017259346295,762700
2023-07-17,141.91000366210938,142.01766754531792,139.73716160800848,139.82524616663852,1143100
2023-07-18,141.83169555664062,141.91978011170474,140.2069551793221,141.3129554861766,928000
2023-07-19,139.96224975585938,141.27378053988585,139.35542520034042,140.57887143946508,1121200
2023-07-20,131.08493041992188,138.5039109839846,130.21383720372,137.86772484679656,2770100
2023-07-21,131.17303466796875,133.24799500327373,130.97728622901238,132.8662803201818,1909500
2023-07-24,129.57765197753906,130.72279599331742,129.4210472570955,130.6836522805306,1096400
2023-07-25,129.79298400878906,130.19427801764795,129.02955463979583,129.30360544227295,996700
2023-07-26,129.52870178222656,129.77339103975743,128.32483481687586,128.65760862280254,841000
2023-07-27,131.2219696044922,133.36543507635324,131.1338701164763,132.56286203236488,909800
2023-07-28,133.90374755859375,133.93310907486975,132.5236965550337,132.9445698460681,1022900
2023-07-31,133.4535369873047,134.77485011575783,133.40459614521794,134.35399173003776,828500
2023-08-01,133.49267578125,133.78630588830262,132.8369103384661,133.42417055257138,807400
2023-08-02,130.3802490234375,132.3083869060422,129.96915787006176,132.29860471082816,829500
2023-08-03,129.39169311523438,129.95937405821869,129.1078601110667,129.40149024497572,463400
2023-08-04,130.1355438232422,131.652605301672,129.69509120341692,130.2236283733483,645600
2023-08-07,132.91522216796875,132.98372740152928,131.61347338383166,132.64117136442923,594800
2023-08-08,131.77008056640625,131.9364674906106,130.35087074383293,130.71302104677082,1218500
2023-08-09,132.6411590576172,133.32628600289803,131.6917635282111,131.87772975649747,1402900
2023-08-10,134.9608154296875,136.5463971468207,134.628041601216,135.03911778955987,1222300
2023-08-11,134.7259063720703,134.80420873079308,133.6688618659327,134.06035872489866,1340100
2023-08-14,135.998291015625,136.04723185574002,134.64761642326505,134.8433648490776,662800
2023-08-15,134.76507568359375,135.655748283071,134.4910248737006,135.14679037841987,808600
2023-08-16,134.50079345703125,136.13531595585118,134.4224911000363,135.38168377223886,710800
2023-08-17,131.48622131347656,133.78630640382968,131.2904728862364,133.5807608477065,1063300
2023-08-18,132.48455810546875,132.77818821453502,130.8010947437798,131.1338685645526,1050800
2023-08-21,133.80589294433594,134.05058222524642,132.64116957765827,133.19905337211696,562900
2023-08-22,135.52850341796875,136.02766418675284,135.09784788349674,135.89063878347983,629600
2023-08-23,137.16302490234375,137.56431891376727,135.53828446681104,135.53828446681104,680700
2023-08-24,132.69989013671875,135.9102122475241,132.5824440631631,135.87106853455498,837000
2023-08-25,134.5399627685547,135.04890572739723,132.5139283241454,134.00164335569363,793300
2023-08-28,135.4012451171875,135.773177570892,134.63781582195514,135.00974827565963,556700
2023-08-29,137.07493591308594,137.1630204684587,134.62804314396496,134.62804314396496,403100
2023-08-30,137.6523895263672,138.1809117567921,137.20215471666305,137.20215471666305,374300
2023-08-31,136.7225799560547,138.33752317673157,136.5170343964141,137.7013370436523,557200
2023-09-01,135.2544403076172,137.632812791211,134.93144868614505,137.53494604614664,533700
2023-09-05,134.7454833984375,135.19571821975634,134.21696115437828,134.88250879020453,443300
2023-09-06,135.79275512695312,135.8514781589537,134.7258986185702,135.35230251765475,550000
2023-09-07,136.97706604003906,137.12388857963583,135.86128343849154,136.38002355550447,623900
2023-09-08,137.47622680664062,138.3766815331826,137.3098249596081,137.3098249596081,574100
2023-09-11,136.213623046875,136.2723460830002,135.09784055655166,136.16468220522128,678600
2023-09-12,132.3769073486328,133.4046053648866,132.1517973810541,132.27902565769466,975500
2023-09-13,132.86627197265625,133.36543270083175,132.0636840083158,132.71946438632452,590400
2023-09-14,133.10118103027344,133.37523181861113,132.15178546544362,132.7488278831753,785300
2023-09-15,132.3671112060547,133.35565046791248,132.14198632754787,132.8662719340853,770400
2023-09-18,132.3671112060547,132.80754889956964,131.5645232419472,131.5645232419472,536200
2023-09-19,131.8385772705078,132.24965345688105,131.09472725725837,131.66240816262558,652400
2023-09-20,130.6934356689453,132.18115065745317,130.6934356689453,131.53516738070851,632100
2023-09-21,128.373779296875,130.62492351694638,128.27589761722723,130.11596566514342,1481800
2023-09-22,129.83212280273438,130.65429011365748,129.18615446974576,129.45040813270325,746600
2023-09-25,129.14698791503906,129.33295414142515,128.4324994604505,128.90229865603573,576000
2023-09-26,124.47832489013672,127.08181482229767,124.23363562179372,126.12263707209453,1159900
2023-09-27,124.96770477294922,125.7800674774324,124.1749139245218,125.54517533546748,739800
2023-09-28,125.23197174072266,126.10306498864824,124.05746617217615,124.49790389355002,1486200
2023-09-29,126.5728759765625,128.44229069662228,126.1520026554309,128.33462681769544,855300
2023-10-02,125.82901000976562,126.83712862497579,125.12430370510343,126.49457260179017,651500
2023-10-03,125.22218322753906,126.09327643151173,124.63492300557303,125.6528387323611,654800
2023-10-04,126.19114685058594,126.69032253417616,124.78174169189948,126.01497773965875,529100
2023-10-05,126.80776977539062,126.83713129414876,125.37879274699993,126.09328126119527,816900
2023-10-06,128.1388702392578,128.67718959967704,125.42770904925365,125.99538992618233,1055100
2023-10-09,127.15032958984375,127.179691106027,125.68219404209304,126.25965710655969,1507600
2023-10-10,128.41293334960938,128.97083208616627,127.79632650904229,128.24654642852627,1052600
2023-10-11,129.57765197753906,129.75383602170012,128.67719723696075,128.9023071884433,995200
2023-10-12,128.8631591796875,130.35085917036085,128.48144452048678,129.72445524411742,1034000
2023-10-13,126.05411529541016,128.02142654588968,125.08515536334474,127.92354486594584,1352400
2023-10-16,127.92353820800781,128.08992510753453,126.24007495619483,126.55328436799573,1988400
2023-10-17,127.71802520751953,128.24654749449127,125.70177294403032,126.0639232431848,1112800
2023-10-18,124.8991928100586,126.37711063898566,124.59578050180485,125.50601742656607,1782900
2023-10-19,130.546630859375,132.91522132328475,130.31172377155596,131.5645317039603,2078600
2023-10-20,127.92353820800781,130.16490012409864,127.87459737058309,129.85169071229774,1356000
2023-10-23,129.39169311523438,130.00831490297836,127.31673272233576,128.3639951138774,732600
2023-10-24,130.83045959472656,130.97728212032453,129.77340013594326,130.14533261254704,675700
2023-10-25,127.933349609375,130.06703296039123,127.90397315592531,129.67553608660887,840700
2023-10-26,128.43251037597656,129.61679812680342,127.85504725996516,129.14699889128977,1082900
2023-10-27,128.59889221191406,130.13554799695876,128.24653906554155,129.75383333294255,690400
2023-10-30,130.81088256835938,131.2415380889063,129.51893094136696,129.9495864619139,878400
2023-10-31,131.15345764160156,131.56453385100693,130.62493535369433,130.99685291383318,758500
2023-11-01,133.18927001953125,133.19905221420916,131.3296225399885,131.38836051200113,618100
2023-11-02,135.6361541748047,136.2233994457206,135.04889396924136,135.9199871488836,712000
2023-11-03,136.02764892578125,136.47788373439428,135.20549659838062,135.79275679489373,764900
2023-11-06,135.60679626464844,135.84168840540312,134.8433669379001,135.49913238858662,488800
2023-11-07,137.67198181152344,138.4647726991305,136.79109143167776,137.11408307748965,461700
2023-11-08,139.14990234375,139.60991939941997,138.6996824177638,138.6996824177638,662700
2023-11-09,139.42393493652344,141.25422072505535,139.36521190468818,140.01119512417003,711500
2023-11-10,142.0176544189453,142.06658032389626,139.97204082705414,140.2656709299969,609300
2023-11-13,141.94912719726562,142.0176473562252,140.6669579106485,140.8431270028646,400200
2023-11-14,144.5232696533203,145.10073272876866,143.8675042216785,144.94412801638177,693700
2023-11-15,145.36500549316406,145.97183010279954,144.4645507730235,145.01265234748752,902600
2023-11-16,145.4335174560547,146.48079474725947,144.95393602351848,145.5216020128901,835400
2023-11-17,146.76461791992188,146.90164331071176,145.77607866741252,146.12843180582186,439900
2023-11-20,150.04347229003906,150.21964140630368,149.24088426799247,149.29960730674736,750700
2023-11-21,149.26046752929688,150.29794773372714,148.99619891328095,149.84772780163243,697800
2023-11-22,149.90643310546875,151.1983846432385,149.7596105874319,151.03199773718129,1184100
2023-11-24,150.91455078125,151.2473245914037,150.6307028755063,150.99285313681216,276100
2023-11-27,151.64862060546875,152.01075593700432,151.15924207760014,151.2766881452014,719900
2023-11-28,152.979736328125,153.39081251423534,152.06948446737155,152.1967276683038,583900
2023-11-29,155.26023864746094,155.700676341618,154.69255775523604,154.9176676994234,584500
2023-11-30,155.7398223876953,155.98451165863358,154.61425771523847,155.76918390543608,920400
2023-12-01,156.68922424316406,156.9437106533295,154.79043303492264,155.0253401209257,810900
2023-12-04,155.8866424560547,156.1117524000713,154.54573511686985,155.39726392188518,670300
2023-12-05,155.9747314453125,156.053033805165,154.89809266565055,155.09385603260588,566900
2023-12-06,154.7415008544922,156.5424103035756,154.7023422077546,156.4347464270191,588900
2023-12-07,155.9551544189453,156.08239762241098,154.92745646588395,155.21130439136147,635000
2023-12-08,156.75775146484375,156.82625670052224,154.8785394961961,154.9862033819616,685400
2023-12-11,155.74961853027344,155.7985444364329,153.18526483152115,153.18526483152115,1078700
2023-12-12,154.89808654785156,155.7985412486193,154.43806953604178,154.43806953604178,736400
2023-12-13,156.37603759765625,156.4445428336986,154.09553159407457,155.11343248200518,859800
2023-12-14,152.69589233398438,153.81167484915483,151.83459622722106,153.3516578097325,1090300
2023-12-15,150.23922729492188,151.48225309658818,149.94559715366967,151.1201027840291,1251200
2023-12-18,151.60946655273438,151.8345914353201,150.38602019599944,151.1983903690292,933300
2023-12-19,151.78565979003906,152.20651819362254,147.79232884756294,151.78565979003906,1018600
2023-12-20,147.92933654785156,150.39580843900092,147.6748650971592,150.19026289196887,901900
2023-12-21,148.94725036621094,148.97662681949288,147.6357194184153,148.1055335858497,759400
2023-12-22,149.45620727539062,149.64217351529348,148.64383708429554,148.80044180575564,448400
2023-12-26,149.92599487304688,150.1804812593372,149.28002658277606,149.28002658277606,279700
2023-12-27,152.58822631835938,152.68610800247666,151.53118179006339,151.5703255029214,911600
2023-12-28,151.05157470703125,152.25544167601558,151.05157470703125,151.8443655142806,1295500
2023-12-29,151.30604553222656,151.76606253063878,150.72858246941877,150.72858246941877,432200
2024-01-02,147.0191192626953,148.06638165565425,146.5493050739455,147.9587177708969,918400
2024-01-03,146.60801696777344,147.2735795505774,146.2556638203238,146.8135625265557,945400
2024-01-04,145.36500549316406,146.5688725181224,145.22798009954806,146.36332696037448,905700
2024-01-05,146.66676330566406,147.8804126002846,146.27525148913426,146.29483081362295,576300
2024-01-08,149.31918334960938,149.446426553881,148.14467779637792,148.21318302853683,606100
2024-01-09,148.91787719726562,149.21150729527844,147.94891728886464,147.94891728886464,466600
2024-01-10,152.5294952392578,152.94057140850862,150.96349291849006,151.5507381882852,961800
2024-01-11,153.18527221679688,153.9193400603529,151.66821062116657,153.32229761687472,484700
2024-01-12,155.17214965820312,155.5538643435817,154.32063572958526,154.6240480519825,603900
2024-01-16,153.4886932373047,154.10530004529,152.9601560480054,153.4495345905021,523800
2024-01-17,154.42828369140625,154.55552688496414,152.5099282674027,153.48868530179348,615700
2024-01-18,157.02198791503906,157.11986959486558,155.56364945429763,155.63215468245818,967100
2024-01-19,159.97784423828125,160.2421128357111,157.70713554322458,157.75606145027064,763800
2024-01-22,159.74295043945312,160.25189337078743,159.2339925734709,159.4199588091941,762700
2024-01-23,159.9093475341797,159.9191297291809,157.6484209130474,157.76586699165722,1157100
2024-01-24,170.90077209472656,172.64295847950498,169.5794440801974,170.8420490602404,2737500
2024-01-25,169.75563049316406,172.23188471295728,168.66920953602826,172.21230538963877,1773700
2024-01-26,169.9905242919922,170.42117980131175,169.373917480601,169.62838894763163,1070500
2024-01-29,172.59402465820312,172.7016885373554,170.2450135753422,170.46034133364674,642000
2024-01-30,171.99697875976562,172.8485075812289,171.5271795395897,172.65274421606165,631600
2024-01-31,169.42286682128906,172.33955891529706,169.37392597738432,171.90890338437333,685900
2024-02-01,173.455322265625,173.55320394260474,171.23353962307948,171.3901443323882,601600
2024-02-02,173.29872131347656,173.77831764563967,171.91867028523677,172.7506197536601,851500
2024-02-05,173.27914428710938,173.7195969142573,172.1046387955593,172.53529429387876,661000
2024-02-06,174.99197387695312,175.6183778183381,174.26770318717402,175.3639063509357,602300
2024-02-07,177.33120727539062,177.71293688825287,176.11755800858168,176.24480121286908,619900
2024-02-08,177.3116455078125,177.3312098974934,176.43075512876794,176.6656622167762,558000
2024-02-09,177.693359375,178.0750740571037,177.00823237310212,177.80102325634456,446900
2024-02-12,175.57923889160156,176.9886515317955,175.28560876911976,176.0686174508551,607300
2024-02-13,170.28414916992188,170.89098870287043,169.41305598363755,169.56966069760153,1023600
2024-02-14,173.7000274658203,173.73917117941662,172.0948663846999,172.13401009829622,583600
2024-02-15,173.82725524902344,173.85661676527786,172.62337334400289,173.49446650706122,581100
2024-02-16,173.15191650390625,174.30684267564683,172.22210027612994,172.86806859075125,456600
2024-02-20,172.84849548339844,173.8468168895678,171.97740233410542,173.31829467069267,471800
2024-02-21,172.18295288085938,172.3101960871155,171.16505203475631,171.6348512764463,494700
2024-02-22,177.8303680419922,177.84015023586718,176.38181181219235,176.49925787728102,573300
2024-02-23,180.306640625,180.54154771390026,179.28872484108086,179.60193429294787,731200
2024-02-26,183.52674865722656,184.14337044362708,183.31142088847238,183.84974031035784,612000
2024-02-27,185.15147399902344,185.79745725253687,184.05527085462325,184.43698551630888,786900
2024-02-28,182.70458984375,183.11566604209457,182.1369089218508,183.01779929085924,533600
2024-02-29,183.87908935546875,184.20208098668758,182.17606158041235,183.36034929356674,591700
2024-03-01,184.5250701904297,184.56422883683996,182.84160682633444,183.05693457764764,641300
2024-03-04,186.7664337158203,187.26559445159458,185.16125776270368,185.33744180363146,659300
2024-03-05,183.47781372070312,187.27538113763725,182.6262848826499,187.16771725855688,816100
2024-03-06,186.62939453125,187.70603330283245,185.92470316716182,186.15959531030856,599600
2024-03-07,191.41554260253906,191.82661881254023,189.01757564222564,189.14481885055298,961400
2024-03-08,188.8903350830078,190.68146233950546,188.30307485854541,190.1235636328014,647400
2024-03-11,185.79745483398438,186.06172342237215,184.3684629525089,184.51528547256768,1213400
2024-03-12,189.7124786376953,189.8103453807947,186.61960281052853,187.23622452410817,668200
2024-03-13,188.4205322265625,188.92949012263526,187.28518529099085,188.78268252504157,676500
2024-03-14,186.40428161621094,188.43031592649845,185.47446538353964,187.8822143550142,659000
2024-03-15,184.30975341796875,184.8382906334566,183.22333240240883,184.71104742701533,756500
2024-03-18,182.80245971679688,185.02422748323104,182.60671129232722,184.5935869232568,684500
2024-03-19,184.70126342773438,184.74040714144616,183.12546386082406,183.6931298502117,442600
2024-03-20,186.3357696533203,186.49235942905148,184.05526396286996,184.75997022492533,412400
2024-03-21,190.67166137695312,192.4334270802714,187.98987657795803,188.3128532668061,617700
2024-03-22,191.20021057128906,191.7874558862023,189.60483167654343,190.38784036440964,533300
2024-03-25,191.13168334960938,192.07129672729963,190.64230480458585,191.00444014881592,419500
2024-03-26,192.48236083984375,194.3419932204317,192.40405848539362,193.4806822561272,556900
2024-03-27,192.90322875976562,195.05649134266193,192.11043791678247,194.96840679002997,852700
2024-03-28,190.88699340820312,192.13001908990853,190.3682533470678,191.3372282392922,376200
2024-04-01,191.86573791503906,192.8347127437321,191.22955182430886,192.19851171835495,554200
2024-04-02,188.038818359375,188.45969169872959,186.28684963696108,188.2443639315526,644900
2024-04-03,189.13502502441406,189.46779884995314,186.81536057074945,186.90346005898456,870000
2024-04-04,186.9719696044922,189.89845874105455,186.9719696044922,189.11545006580678,1249400
2024-04-05,187.7451934814453,189.12522963763485,186.89366465164758,187.34389948743186,639300
2024-04-08,187.55921936035156,189.35034656441613,187.52006071472152,188.68478400053243,519600
2024-04-09,183.898681640625,186.0911030488893,182.74375536393822,185.7681113949051,995400
2024-04-10,180.306640625,181.88244020991536,179.60193429294787,180.95262391848922,682400
2024-04-11,181.725830078125,182.01946019685346,178.12401109669077,180.071728179448,1037200
2024-04-12,176.93971252441406,178.8678652626465,176.73418189079862,177.73250340908504,987000
2024-04-15,176.40139770507812,180.53175409023018,176.37203618522648,180.2577032818489,529700
2024-04-16,176.72438049316406,178.46656694533073,176.30352210663588,177.6444145614281,799400
2024-04-17,176.1175537109375,177.89888385425107,175.42262960363485,177.89888385425107,489600
2024-04-18,174.84515380859375,176.988634076267,174.2970522658301,176.08817940820575,1502900
2024-04-19,172.03614807128906,174.83539411172117,171.36080324968168,174.42431790175337,954100
2024-04-22,174.3949432373047,175.1877490803603,172.39828520630473,172.8387229404585,1062900
2024-04-23,184.01611328125,184.2510203569831,180.89389074035802,180.9036729346873,1649200
2024-04-24,184.07485961914062,185.24936518190313,182.64586764576978,184.52507953311948,1188900
2024-04-25,181.15814208984375,181.33432612805973,176.33287691435228,177.5171646029553,1557100
2024-04-26,182.22499084472656,182.900335637478,181.6377455418566,181.74540942091332,920900
2024-04-29,179.86619567871094,180.92325513434355,179.18106869857354,180.84495277452098,476700
2024-04-30,177.36058044433594,179.56278391663025,177.07673252228173,178.7699781214999,773200
2024-05-01,176.2447967529297,179.53340624530742,175.3443270856571,177.8401606575812,622200
2024-05-02,176.80267333984375,177.78143039219776,175.89243644978527,177.63462280820363,731400
2024-05-03,179.55299377441406,180.34578466574618,178.94616912863364,179.70959850063116,377200
2024-05-06,181.4713592529297,181.53008228995475,179.81725734836542,180.08152594962644,419200
2024-05-07,183.55609130859375,184.30973842176286,182.6849981280493,183.06671278166658,483600
2024-05-08,186.2672576904297,186.32598072574442,184.6327351573625,184.87742442760575,907600
2024-05-09,187.9115753173828,187.95071902895276,186.14001247490364,186.36513735403577,652600
2024-05-10,186.01278686523438,186.63919080182433,185.38638292864442,185.67021591185716,541800
2024-05-13,185.92469787597656,187.1383470734237,185.68000861073028,186.8545140969829,356200
2024-05-14,185.67022705078125,185.89533701198246,184.52508298556367,185.13190763517073,495700
2024-05-15,188.35202026367188,188.36180245827907,185.80724580886925,185.94427120661103,528300
2024-05-16,188.9615020751953,191.1814360276251,188.9317720995788,190.8246611981643,855300
2024-05-17,191.07241821289062,191.35981301356406,189.0903392171595,189.40746399300392,570000
2024-05-20,193.55001831054688,193.9959830632913,192.11301405300912,192.40040885569155,701800
2024-05-21,192.9752197265625,194.0554491918817,192.84637974777763,193.44100951840898,843000
2024-05-22,192.17247009277344,193.33198447513627,191.89498024684366,192.2616600170946,540800
2024-05-23,193.2725372314453,195.22488635426862,192.23194267976808,194.98703141837962,844100
2024-05-24,193.62930297851562,193.88696780541068,191.52828894868296,192.87610327794698,651800
2024-05-28,190.79493713378906,192.30130635190494,189.95254747305498,192.17248149426317,794900
2024-05-29,188.6641845703125,189.42728921865833,188.0398399689956,188.257869868523,747400
2024-05-30,178.63487243652344,183.86755986179222,178.14925763061743,183.5900700075782,1950600
2024-05-31,180.8052520751953,181.01336190561054,177.82221344803122,180.34936724322841,848700
2024-06-03,182.58912658691406,182.74768141732721,180.2106226659606,182.25216165738647,755000
2024-06-04,182.56930541992188,183.33241010053226,181.5881708305657,182.35127551117606,470500
2024-06-05,187.0587158203125,187.08844579716785,183.70899728868181,184.50183195630643,697700
2024-06-06,191.3102569580078,192.7274512956036,190.97330715988892,192.56888134752558,852100
2024-06-07,189.38766479492188,190.6066392120141,189.19936486015487,190.01200943086187,512900
2024-06-10,188.53536987304688,188.81285973792512,187.06862044776065,187.13800047501195,456300
2024-06-11,187.04879760742188,187.85153716973156,184.72975372267317,185.51268338319275,1006300
2024-06-12,195.4329833984375,195.66091824578768,193.15358955874837,193.42117445384963,1325100
2024-06-13,190.69581604003906,193.76804449479653,188.62454714404407,193.35180972541445,909600
2024-06-14,186.13705444335938,186.99925400772125,184.82887498647327,186.47400425907972,1359700
2024-06-17,188.3173370361328,188.70384185064174,186.4839078440404,187.01907766232245,1070100
2024-06-18,186.92987060546875,188.11913013463993,186.7613957006509,187.10826558366966,681600
2024-06-20,189.75433349609375,191.70668251284715,188.50562917516046,188.78311902425673,1168800
2024-06-21,192.4202423095703,192.55898724143705,190.28949820768273,191.15171289762776,650800
2024-06-24,189.9723663330078,191.5976705265921,189.87325633305664,190.41833108866234,709900
2024-06-25,193.986083984375,194.03562386346408,190.68592051886586,191.28053516650388,696100
2024-06-26,196.81053161621094,197.55381124476287,195.27441735945771,195.56182728418625,1205700
2024-06-27,198.95118713378906,199.644911785559,197.82140266603142,197.8808626187455,763100
2024-06-28,199.902587890625,202.49910658951896,199.08992822702623,199.95212776888977,843300
2024-07-01,197.6331024169922,199.04037674319773,196.80063283620524,198.74306185804144,753400
2024-07-02,196.80062866210938,197.5439082982036,195.7798591716383,195.90868402555853,596300
2024-07-03,201.2008514404297,201.42878630022025,199.3079622916589,199.35751729302117,471600
2024-07-05,204.0946807861328,204.23342571379047,201.90447679732657,203.8667459311373,552300
2024-07-08,200.972900390625,203.8865590393101,200.64587065191097,203.80727406196442,544900
2024-07-09,198.4853973388672,200.83415620342316,197.8015776385374,200.83415620342316,654000
2024-07-10,200.4773712158203,200.6062111882188,198.79260711196054,199.46652182674194,465900
2024-07-11,199.92239379882812,202.31080261951533,199.56561897448455,201.94412284412928,613000
2024-07-12,203.27210998535156,204.4910843213948,200.6557663419554,201.06209616132398,635300
2024-07-15,201.6864471435547,203.86674618382457,201.42878231246053,203.49014632740287,493700
2024-07-16,203.0342559814453,203.0739060294988,201.67653671583363,202.65767125731264,425800
2024-07-17,198.21780395507812,200.34854794260943,197.38533440855605,199.70436319760864,790500
2024-07-18,195.4627227783203,198.9710111920402,194.38249331709363,198.8322662623603,795700
2024-07-19,195.4429168701172,196.8402711468593,194.89784209164017,194.9969369736865,699600
2024-07-22,198.67369079589844,199.49625539977373,197.2564964401418,197.44479636563966,1058500
2024-07-23,212.8356475830078,213.01404256486808,209.1093443317498,210.65536360490935,2594000
2024-07-24,207.52366638183594,210.4274199961292,207.09752665310427,209.951725267715,1380700
2024-07-25,208.92103576660156,211.85451935703395,207.0281466815145,208.39578603837197,1378100
2024-07-26,211.53738403320312,212.13201379828308,209.02015028809925,209.81298493418484,688300
2024-07-29,207.32546997070312,209.9517338404854,206.8200452462544,209.37692908923566,1005100
2024-07-30,204.90731811523438,206.81011210844923,204.52081332164485,205.92808757322888,1045500
2024-07-31,209.70396423339844,210.53643378404215,207.82098011029933,208.82193968334582,491500
2024-08-01,203.71807861328125,209.19852587652386,202.51892927832012,206.8200371088538,681900
2024-08-02,202.88560485839844,203.15318975389448,200.8539708869378,202.25134019200738,1144600
2024-08-05,197.24659729003906,198.9809164749592,193.18332915082942,193.35181917906587,1473800
2024-08-06,199.92239379882812,202.7171324431966,199.22866917428857,199.48633399995677,898700
2024-08-07,199.7836456298828,204.06494345248709,199.5557107831058,202.0531345129583,715100
2024-08-08,204.43162536621094,205.0956200117433,199.90258274756107,201.2702069646305,1038200
2024-08-09,206.66146850585938,207.11735333570087,203.91628481974544,203.91628481974544,593300
2024-08-12,204.13430786132812,205.93800697356318,203.66851809595147,205.22445733818034,521200
2024-08-13,209.12916564941406,209.46611545998803,206.37407696848462,206.59210687463556,413200
2024-08-14,210.64544677734375,210.88328657699697,208.94085764353713,210.07064205807757,711000
2024-08-15,213.0140380859375,213.58884282552467,211.52747879730063,211.5671137246232,543200
2024-08-16,214.23301696777344,215.15469160955817,213.23207246967877,213.69786226633258,546500
2024-08-19,217.07728576660156,217.09711079081018,213.96542233660563,214.22310228512973,558700
2024-08-20,215.8186798095703,218.14761360083259,215.18441512369537,217.21603403550247,567900
2024-08-21,216.9088134765625,217.53317320911574,215.84840906061035,216.85927359853875,471800
2024-08-22,215.30332946777344,218.12779806657846,215.2042194698263,217.71154817285057,1449600
2024-08-23,217.18630981445312,218.15753945454503,215.51146568920197,216.07635036527762,1285100
2024-08-26,213.92579650878906,215.83849556954704,213.92579650878906,215.46191082594265,1566600
2024-08-27,215.87814331054688,216.70070793767024,214.44113901195968,214.60961391793967,1007400
2024-08-28,214.98619079589844,217.07728473916185,214.64924099626006,216.67097003821564,642900
2024-08-29,216.8196258544922,219.25758973727972,216.29437611652867,217.48362052093546,736400
2024-08-30,217.74130249023438,217.88004741999805,215.64028839687487,216.889007886811,355900
2024-09-03,214.55015563964844,218.55394873092027,213.5888460752719,218.36564879863118,779600
2024-09-04,213.4996337890625,214.28256346814806,211.49774487229536,211.8247897243366,586800
2024-09-05,210.69500732421875,212.2707565266634,210.02109258931014,210.60580227493733,1305000
2024-09-06,209.43638610839844,212.88519944551803,208.49490157742818,212.38967967952703,682400
2024-09-09,212.06263732910156,212.6176170540496,209.76343345116499,210.179668244876,836000
2024-09-10,212.003173828125,212.63743852060304,208.9210402938809,211.48782903984184,1422100
2024-09-11,215.67001342773438,215.97723325644762,210.20939116903003,212.89511489609035,732700
2024-09-12,219.02963256835938,219.1981074672637,215.92768924302516,216.50249396273188,562700
2024-09-13,219.29722595214844,220.65494526896234,218.7521511863265,219.21794097511406,549100
2024-09-16,221.596435546875,221.89373529559984,220.3080811881715,221.51715057319421,646000
2024-09-17,220.0702362060547,221.50724050401934,219.35668653276437,221.25948062085084,621800
2024-09-18,219.891845703125,222.04239957026505,219.1683759914129,220.46665041889543,591000
2024-09-19,226.91831970214844,228.12738912417143,226.22459506379005,227.0867946056024,784400
2024-09-20,226.75975036621094,227.22554015081667,224.9758762041106,227.1264301498977,577800
2024-09-23,228.37515258789062,228.78148242604288,227.7111579148937,228.4048825641395,374900
2024-09-24,228.86074829101562,229.05896829196968,226.21467459655892,227.85980382327466,572900
2024-09-25,221.28919982910156,223.89563851226467,221.28919982910156,222.9442490755478,1305200
2024-09-26,226.06602478027344,227.58231403119996,224.62902050533785,227.58231403119996,1057000
2024-09-27,225.95701599121094,227.62195516623999,225.6894310802015,226.5912806943739,618100
2024-09-30,227.0471649169922,227.83007950076077,225.24346569358266,227.54268468754688,488500
2024-10-01,223.78663635253906,228.6030891270875,222.72623190705264,228.563454199152,731600
2024-10-02,222.61721801757812,223.54879761018313,220.3378240377695,221.58652842156533,534700
2024-10-03,218.49447631835938,219.8521955728213,217.8899416280401,219.5449757522113,756900
2024-10-04,218.90081787109375,219.05937270431772,217.50344849399357,218.33591807615667,955300
2024-10-07,216.1754608154297,218.71251963139906,215.5709260880258,218.43502976853136,803200
2024-10-08,224.5992889404297,224.7578437692267,221.25947550946944,221.75499526435928,1102800
2024-10-09,226.84893798828125,226.85885806151015,223.51904462689075,223.55869467568058,762700
2024-10-10,222.75595092773438,223.47940552296603,221.69553141233914,222.8748708277553,685900
2024-10-11,226.10565185546875,226.5813616948946,223.64787817335147,224.1533028654212,553500
2024-10-14,229.72296142578125,230.14910115646023,228.11746713669476,228.20667218535604,678800
2024-10-15,227.46339416503906,229.78242300541203,225.78853496185982,229.5842181264342,1066900
2024-10-16,227.3841094970703,228.18684908735895,226.44262497910293,228.0183741838964,917400
2024-10-17,226.7894744873047,227.9093539561137,225.63986504340008,227.65168913126445,576300
2024-10-18,228.37515258789062,229.52476207639123,227.33455805299033,227.64177788893753,654200
2024-10-21,227.42373657226562,228.77155087549554,226.07592226903571,227.81024136617393,1525500
2024-10-22,230.23831176757812,235.58991920165803,229.01932225303088,234.2916598318167,2155000
2024-10-23,232.4879608154297,234.68806979222356,231.99244104808085,233.0132105590544,1099300
2024-10-24,236.1647186279297,236.3430984814194,234.2024646292287,235.07456911639423,1369300
2024-10-25,235.5601806640625,237.9287644590472,235.32232574063536,236.74942503707283,741500
2024-10-28,238.12696838378906,238.83061307816342,237.58189363773323,238.66213817884847,874600
2024-10-29,240.13877868652344,240.8325033117095,237.84947986237808,238.34499961209136,802300
2024-10-30,235.22323608398438,238.40446447433087,235.06466613151412,236.56113036253706,820800
2024-10-31,231.54647827148438,233.8357771967771,229.376099252317,233.8357771967771,890500
2024-11-01,231.02122497558594,233.44926879475884,231.02122497558594,232.69608419742605,745700
2024-11-04,230.7437286376953,231.35816828873658,229.60402413926977,230.95183846437453,416600
2024-11-05,233.7862091064453,234.0835239771765,231.9230651525173,231.98252510225103,836200
2024-11-06,229.22744750976562,229.55449237102007,226.2146788544864,227.82017318446853,1821800
2024-11-07,238.03778076171875,238.21616061375605,234.56914249951942,234.61869749910625,839800
2024-11-08,235.4313507080078,237.08638492519634,234.618706148663,236.99719499588957,706600
2024-11-11,233.74658203125,235.4412662658917,232.51768758124993,235.27277623990386,856100
2024-11-12,232.36903381347656,234.49976269917605,231.0509494579371,233.7763080951197,888100
2024-11-13,227.9390869140625,230.69417553743264,226.38314762740677,229.52475617620283,1488300
2024-11-14,229.3265380859375,232.14110180576984,229.207618183009,230.05000782092037,831700
2024-11-15,226.2642364501953,227.31473594999377,225.48132186213945,226.8489461533566,824400
2024-11-18,229.22744750976562,229.49503241843985,227.20571838965873,227.64177820466466,609400
2024-11-19,231.11041259765625,231.59602740547032,227.66159930882873,227.92918421289468,614200
2024-11-20,232.9141082763672,232.92401322745658,229.21752004154402,232.01225869915964,603900
2024-11-21,233.91505432128906,234.52949397839154,231.16987064457865,232.43840000753636,947100
2024-11-22,234.13308715820312,234.63851187066547,232.16091306475855,233.6276624457408,750700
2024-11-25,231.71495056152344,235.10430394637632,231.16987579450108,235.04484399398535,616800
2024-11-26,232.95375061035156,233.03303558777628,231.23925644947397,232.30958096161274,804800
2024-11-27,229.9409942626953,231.14014361665926,229.47520447731867,230.37705407215967,961700
2024-11-29,235.4709930419922,235.79802277206744,231.96270471692063,232.27984461792582,420900
2024-12-02,239.42523193359375,240.0694166892516,236.09533857035493,237.57199288630676,799500
2024-12-03,241.71453857421875,242.82451314577372,239.83156949067927,240.1387893295876,788400
2024-12-04,251.3375244140625,252.43757884737522,246.47151691306263,247.35354144989446,895000
2024-12-05,253.25022888183594,253.8349536835415,251.54565484265396,253.00246900516737,825300
2024-12-06,251.86277770996094,253.83495175721876,251.45644788601302,252.32856748432806,843500
2024-12-09,250.27711486816406,252.54660384766646,249.60321525008183,251.9222441081597,728000
2024-12-10,249.0779571533203,252.08080560207668,249.04822717834747,251.30779600865796,532500
2024-12-11,247.29408264160156,248.73108687717576,244.07320430025206,244.20204427296605,1138400
2024-12-12,251.35736083984375,252.41776527349995,248.37432217634165,248.7806520129479,965200
2024-12-13,251.0303192138672,251.67448886785726,249.27617498894594,250.90147923424385,664700
2024-12-16,250.693359375,251.71412885349767,249.74195479825144,250.3464895000662,1033700
2024-12-17,248.72119140625,249.96989576685593,248.2752266433238,249.7815958371161,1119000
2024-12-18,242.25961303710938,251.22852391734847,242.18032805909536,250.35640428125757,969000
2024-12-19,243.48849487304688,245.94626857563813,242.7253902310823,245.21289390862754,1499200
2024-12-20,245.67869567871094,248.0373746206818,241.0109079181971,241.60552256838196,1647300
2024-12-23,246.63009643554688,247.27426607702918,242.5271934129322,244.360622580325,980200
2024-12-24,251.3672637939453,251.81322855450145,246.14448127802257,246.24359127906305,722200
2024-12-26,251.23841857910156,252.25918805587253,249.95998427588546,250.74289882835595,721400
2024-12-27,247.9085235595703,248.23556840748094,245.96609461824136,247.7202387581029,1384300
2024-12-30,246.60035705566406,247.91844138636893,243.12181390459804,244.6678330828496,572400
2024-12-31,244.00384521484375,248.0571931948052,243.7065303364515,246.60036390053963,522600
2025-01-02,240.9415283203125,244.02366189708403,239.73245887077107,243.14163731065426,839200
2025-01-03,239.2369384765625,241.45687248610952,238.53330887278443,239.8216632968781,746500
2025-01-06,244.83631896972656,246.6102730751449,242.2199752147806,243.00288978996088,1171000
2025-01-07,247.27426147460938,251.17895954425,246.46161694389656,251.15913451997037,978600
2025-01-08,251.21861267089844,251.5753875019899,248.3346840464144,248.7211888532582,1349400
2025-01-10,249.2761688232422,251.545657788459,247.86889452193194,250.9807580044491,984800
2025-01-13,247.29408264160156,247.42292261431555,245.20298871356601,245.65887353251068,807900
2025-01-14,251.228515625,252.48714003607603,250.26720609114722,251.35735560027805,1250700
2025-01-15,259.4442443847656,259.632544313078,257.54143519912907,258.2747947657398,1026500
2025-01-16,259.2361145019531,260.5145640012518,258.6018649112221,259.8109343828093,622300
2025-01-17,260.47491455078125,262.3380737648118,260.09834492260944,260.94070435428887,799000
2025-01-21,266.8770446777344,266.8770446777344,263.4381362837198,264.68682553101485,955200
2025-01-22,270.5538024902344,272.6349916351386,269.84025279038514,272.27820166315024,992900
2025-01-23,272.9025573730469,272.91247744671574,268.05638967689964,268.9879692779651,1091100
2025-01-24,273.8143310546875,274.87472040824133,272.42688170657186,272.7836414343184,870600
2025-01-27,273.1304931640625,273.6260129157229,269.68166480462065,270.593434455091,1706500
2025-01-28,271.33673095703125,272.5061503850861,265.6481432881904,267.52122258313403,2068800
2025-01-29,274.3494567871094,276.63878590101046,273.06111750982615,276.15315597060675,1677900
2025-01-30,276.8567810058594,278.0163105316378,273.67555266998716,274.0224225448183,1084600
2025-01-31,273.58636474609375,277.8180925664503,273.5368248682377,276.26218352108657,980000
2025-02-03,270.11773681640625,271.9115159789756,266.292338677839,269.6222170423456,2379100
2025-02-04,275.61798095703125,275.6477411764056,272.6547825287622,272.7638126007585,906600
2025-02-05,280.6524963378906,280.87052625157196,278.06586735084727,278.50192717820994,610600
2025-02-06,280.692138671875,281.3164681744948,277.5208000589938,277.9568598743681,671900
2025-02-07,277.1343078613281,281.35611568055356,276.6982480498962,280.77140598888946,739000
2025-02-10,278.22442626953125,278.85870608202595,276.3910273455646,276.53967722532866,622300
2025-02-11,286.2815856933594,286.9356754158847,281.81198771149946,281.8714779082076,1084500
2025-02-12,288.3627624511719,289.6808316692786,284.34906460268417,285.28061390139015,823900
2025-02-13,291.05841064453125,291.0683307182468,287.29247241614104,288.6600816031628,757400
2025-02-14,288.08526611328125,289.4132553745213,287.3221766088437,289.26460550276397,783900
2025-02-18,290.05743408203125,290.1961941294414,288.3033050520098,290.1268141057363,720500
2025-02-19,285.8851623535156,288.6501709937813,284.6661728952184,288.52133102126305,1081000
2025-02-20,285.3401184082031,287.1735173666822,283.81390904426826,286.4302377097442,679200
2025-02-21,280.4542541503906,286.0833814100905,279.1857248194987,285.93470129205735,1105100
2025-02-24,282.0002746582031,286.6978224047485,280.99934533974704,284.8247432522897,1202900
2025-02-25,284.3688659667969,286.87619459872207,281.17771768578984,284.63643573395416,1500300
2025-02-26,283.3183898925781,287.0545980884051,282.0102104349159,283.8535597150993,1270100
2025-02-27,272.13946533203125,280.8903312142393,271.7826753685888,280.71195135458146,1515800
2025-02-28,272.5358581542969,274.14133727963673,270.52404921114106,272.0502584851601,1382200
2025-03-03,278.1352233886719,284.70581996537874,276.90634411435104,282.91204093013636,1914200
2025-03-04,276.549560546875,281.5444080982919,269.8600439177743,274.24045181787466,1688500
2025-03-05,284.1607666015625,285.1220761259171,280.12722857969453,281.03896798259507,1361900
2025-03-06,276.83697509765625,281.3561128764326,274.9242760881037,277.5009848815772,1048400
2025-03-07,274.3197326660156,277.34242141050163,270.97993425415984,275.7072122177805,2688100
2025-03-10,258.9685363769531,266.94639247153293,256.87745749219505,266.3220629745983,1790200
2025-03-11,258.33428955078125,262.1002276956779,256.550400236783,260.068608741428,1527300
2025-03-12,261.75335693359375,263.5471360709639,258.6117785468935,261.59478697882673,1099200
2025-03-13,252.90338134765625,256.1440697391115,252.13037172014734,255.43052006417048,1558800
2025-03-14,261.5155029296875,262.2587825399951,256.91706522340456,258.1955146214886,954500
2025-03-17,267.1346740722656,268.115823702667,263.1903563817372,263.5273061684979,1464200
2025-03-18,268.2149353027344,268.88883488028915,263.26962780678633,268.5122350445602,2154800
2025-03-19,269.0077819824219,270.40515139857126,264.7760539271396,265.1922736077891,1604800
2025-03-20,269.2555236816406,269.83031328317327,266.29232526018507,266.4508649650645,1989700
2025-03-21,270.0880126953125,270.37542263885433,266.2229644226695,266.3716143092851,1275100
2025-03-24,273.26922607421875,274.4981356383127,271.96107690049894,273.34852617209623,779500
2025-03-25,277.7190246582031,277.92713449585256,275.63783554932826,276.212625182307,706700
2025-03-26,265.5986022949219,270.7817500858019,264.61748280784866,270.2069302038255,1270200
2025-03-27,265.74725341796875,266.768022960584,262.4272648249935,262.87324472708247,598500
2025-03-28,265.5986022949219,266.80767176886536,263.9138229439077,265.83644211139364,1214700
2025-03-31,266.0346374511719,266.95629689865945,259.5433410275236,261.5749598411198,1374900
2025-04-01,267.9176330566406,268.93840260143094,264.31026475777935,266.0544738306247,957600
2025-04-02,268.9879455566406,270.1573648696155,262.99213863222843,263.03178867928034,847900
2025-04-03,261.97137451171875,266.52024213031376,261.43620472008257,265.26163286900044,1937300
2025-04-04,246.2733154296875,255.7971904951202,246.144475455795,254.05298154339403,1877800
2025-04-07,239.37567138671875,253.9142188676457,237.48279745654506,238.24588697476725,4495400
2025-04-08,235.401611328125,243.59751223088483,232.41858787576373,242.17041293073103,2450600
2025-04-09,257.28375244140625,259.6325414830492,234.01416412387596,235.93678319106849,2836500
2025-04-10,256.1737976074219,257.472056968015,248.75092122972302,255.73773779609465,2432700
2025-04-11,256.827880859375,258.4333600133355,250.67353402115123,252.32856817461752,1627700
2025-04-14,257.2044982910156,260.69294668815553,255.0440392878573,257.8189379851132,1522300
2025-04-15,259.6127014160156,261.2776707773556,258.80007200383704,259.0676417834918,893900
2025-04-16,258.14599609375,262.43718409139154,256.4314867629659,259.4640654042847,1313200
2025-04-17,255.09356689453125,257.4027059173258,253.9935275423756,257.1053759142729,1503700
2025-04-21,248.29502868652344,253.31960619008424,245.3912902216886,252.903371416391,1653300
2025-04-22,250.13836669921875,252.42768067373245,245.62914901872483,245.71833894548095,2503400
2025-04-23,269.04742431640625,275.4891813050809,267.8383548718438,271.1781532715272,2814400
2025-04-24,271.0988464355469,272.1691860453183,267.4815582652305,267.72931814325386,1609100
2025-04-25,275.4594421386719,276.946001394155,271.8916938766873,273.9233127615307,1850700
2025-04-28,282.7931213378906,284.00219071184927,280.2164126440628,282.1687616271569,1475200
2025-04-29,289.9285888671875,290.56286865395384,286.59871071903893,287.0347705114096,1977100
2025-04-30,289.57183837890625,289.66102830598317,283.2291915301647,283.942741190906,1856300
2025-05-01,286.3410339355469,292.9413605993241,285.8554342612801,292.9413605993241,1340100
2025-05-02,299.0164489746094,299.9678384575143,296.459580288013,297.7677294854598,2751700
2025-05-05,299.9183044433594,300.6813940104692,297.7181954282824,298.134415103387,1441100
2025-05-06,295.01263427734375,297.4208530296791,294.1008948642387,295.8946739590194,1239500
2025-05-07,294.665771484375,296.50912074548387,292.9017223227366,295.0919414697445,1121400
2025-05-08,291.6926574707031,294.7847262720519,291.31608784673534,294.3982063303357,1143100
2025-05-09,291.33587646484375,294.25945502166456,290.9592766242635,293.9224749844219,705600
2025-05-12,290.8800048828125,290.8800048828125,283.47693882285824,285.8752374065579,1303000
2025-05-13,289.7300109863281,291.6700134277344,288.45001220703125,289.1499938964844,1488600
2025-05-14,288.4599914550781,291.7200012207031,287.510009765625,291.2900085449219,1221800
2025-05-15,294.3500061035156,294.7799987792969,290.6499938964844,292.19000244140625,1051900
2025-05-16,296.4100036621094,297.45001220703125,295.3599853515625,297.1099853515625,1223600
2025-05-19,298.739990234375,299.2900085449219,295.04998779296875,295.8599853515625,1011500
2025-05-20,299.2699890136719,300.0299987792969,297.6000061035156,299.79998779296875,830200
2025-05-21,298.4100036621094,302.20001220703125,297.95001220703125,298.989990234375,761600
2025-05-22,299.8399963378906,301.82000732421875,297.7699890136719,298.0400085449219,1577000
2025-05-23,294.8699951171875,296.1600036621094,292.04998779296875,292.70001220703125,1419900
2025-05-27,301.8399963378906,304.42999267578125,300.1000061035156,301.9599914550781,1219600
2025-05-28,298.07000732421875,299.3900146484375,296.80999755859375,297.5299987792969,1069100
2025-05-29,296.92999267578125,298.9100036621094,296.010009765625,297.9800109863281,1103200
2025-05-30,302.8599853515625,303.4599914550781,299.3500061035156,301.7900085449219,1188300
2025-06-02,304.6600036621094,304.6600036621094,299.9599914550781,301.010009765625,830400
2025-06-03,306.3900146484375,307.25,303.29998779296875,304.1000061035156,1256300
2025-06-04,309.32000732421875,310.489990234375,306.67999267578125,307.1700134277344,659500
2025-06-05,309.1000061035156,311.3999938964844,307.7099914550781,311.239990234375,666300
2025-06-06,309.79998779296875,310.8900146484375,309.42999267578125,309.8399963378906,571400
2025-06-09,305.4200134277344,306.2200012207031,300.94000244140625,302.07000732421875,1128700
2025-06-10,304.4100036621094,305.2200012207031,302.70001220703125,304.7699890136719,1022000
2025-06-11,299.2099914550781,303.5799865722656,298.25,301.4599914550781,1869400
2025-06-12,301.739990234375,304.5,301.6400146484375,302.75,884300
2025-06-13,293.3599853515625,296.1600036621094,292.3900146484375,293.7699890136719,1445000
2025-06-16,295.8399963378906,298.510009765625,295.4599914550781,295.989990234375,1137900
2025-06-17,292.6400146484375,296.7099914550781,292.3999938964844,296.30999755859375,727700
2025-06-18,289.80999755859375,292.3800048828125,289.2200012207031,291.4200134277344,1611000
2025-06-20,287.5899963378906,291.0400085449219,287.44000244140625,290.9100036621094,1298400
2025-06-23,290.79998779296875,291.1000061035156,285.489990234375,286.6000061035156,922100
2025-06-24,297.0799865722656,297.79998779296875,293.6700134277344,295.05999755859375,1223000
2025-06-25,293.2900085449219,295.9599914550781,293.0,295.25,970600
2025-06-26,295.54998779296875,296.1700134277344,291.0299987792969,293.8399963378906,1913300
2025-06-27,301.0899963378906,303.25,297.8500061035156,298.92999267578125,1039500
2025-06-30,304.1000061035156,304.6300048828125,301.8599853515625,302.92999267578125,884600
2025-07-01,300.67999267578125,306.9100036621094,299.57000732421875,305.42999267578125,961900
2025-07-02,298.1600036621094,299.54998779296875,295.82000732421875,296.4800109863281,1452100
2025-07-03,303.7200012207031,304.1000061035156,298.760009765625,298.8500061035156,858000
2025-07-07,305.5299987792969,306.9700012207031,303.7799987792969,304.54998779296875,1131600
2025-07-08,308.760009765625,310.4599914550781,307.760009765625,309.0899963378906,1552100
2025-07-09,311.92999267578125,312.260009765625,309.94000244140625,310.6700134277344,795100
2025-07-10,306.2099914550781,313.2799987792969,306.1000061035156,313.2799987792969,1368900
2025-07-11,300.8500061035156,304.19000244140625,300.82000732421875,304.1099853515625,1105100
2025-07-14,300.6400146484375,302.1099853515625,296.8999938964844,297.7200012207031,902400
2025-07-15,301.5799865722656,303.94000244140625,300.7300109863281,303.42999267578125,688600
2025-07-16,306.0199890136719,306.2900085449219,302.010009765625,305.5,1021500
2025-07-17,308.6099853515625,308.6099853515625,304.3699951171875,304.3699951171875,1389000
2025-07-18,305.9700012207031,309.7300109863281,305.29998779296875,309.3399963378906,1021200
2025-07-21,307.2699890136719,308.54998779296875,305.1199951171875,306.3900146484375,936700
2025-07-22,306.2900085449219,307.6600036621094,303.5,306.69000244140625,2078200
2025-07-23,290.6300048828125,294.44000244140625,286.739990234375,292.9200134277344,4638500
2025-07-24,286.1600036621094,290.55999755859375,286.1600036621094,288.2900085449219,2258100
2025-07-25,288.0299987792969,288.4599914550781,285.42999267578125,285.80999755859375,1608900
2025-07-28,282.3800048828125,285.70001220703125,282.0,285.2699890136719,1482300
2025-07-29,287.5400085449219,288.6199951171875,285.8399963378906,285.8599853515625,1521100
2025-07-30,290.5,291.6099853515625,287.1199951171875,287.75,1375500
2025-07-31,286.70001220703125,290.7200012207031,285.6000061035156,290.3900146484375,1323700
2025-08-01,283.0,284.8399963378906,281.0299987792969,282.0799865722656,1578500
2025-08-04,283.7900085449219,284.3800048828125,281.9200134277344,284.2099914550781,1077000
2025-08-05,285.19000244140625,287.1000061035156,283.92999267578125,286.04998779296875,1090100
2025-08-06,291.7799987792969,292.0799865722656,287.9200134277344,288.3699951171875,1135700
2025-08-07,295.4599914550781,299.4800109863281,292.2099914550781,299.2099914550781,1854600
2025-08-08,292.1199951171875,293.0199890136719,289.6199951171875,291.44000244140625,1159700
2025-08-11,287.239990234375,290.5,286.7099914550781,288.8800048828125,1314300
2025-08-12,275.8900146484375,276.20001220703125,268.6600036621094,273.75,5249300
2025-08-13,278.82000732421875,281.0,277.0199890136719,278.0199890136719,1663000
2025-08-14,278.9100036621094,279.8500061035156,278.1000061035156,278.4800109863281,954600
2025-08-15,277.8500061035156,279.5299987792969,276.55999755859375,278.489990234375,1292600
2025-08-18,276.7200012207031,276.7799987792969,275.489990234375,275.8800048828125,1724200
2025-08-19,274.2300109863281,278.5199890136719,273.6300048828125,277.739990234375,1676400
2025-08-20,272.5299987792969,273.4599914550781,270.30999755859375,273.1300048828125,1249100
2025-08-21,269.2099914550781,271.4200134277344,268.1199951171875,270.3699951171875,1593800
2025-08-22,271.1099853515625,272.510009765625,268.32000732421875,269.4800109863281,1450700
2025-08-25,270.260009765625,273.7099914550781,270.260009765625,273.1700134277344,1397300
2025-08-26,269.8599853515625,272.30999755859375,269.45001220703125,271.510009765625,1823800
2025-08-27,275.1099853515625,275.44000244140625,270.1300048828125,270.4700012207031,1111500
2025-08-28,275.3999938964844,276.8299865722656,275.1499938964844,275.739990234375,731000
2025-08-29,272.1600036621094,272.6700134277344,270.2099914550781,272.260009765625,1208000
2025-09-02,266.20001220703125,268.6000061035156,264.17999267578125,266.8299865722656,1594400
2025-09-03,270.94000244140625,270.989990234375,267.8900146484375,268.80999755859375,1063200
2025-09-04,271.989990234375,273.1199951171875,270.80999755859375,272.8800048828125,1012800
2025-09-05,269.0,272.260009765625,267.2900085449219,271.6700134277344,1700400
2025-09-08,270.3299865722656,272.0199890136719,268.7200012207031,268.7200012207031,1939300
2025-09-09,271.4800109863281,271.7300109863281,269.6199951171875,270.04998779296875,3125000
2025-09-10,260.510009765625,270.29998779296875,259.8299865722656,270.29998779296875,3242100
2025-09-11,258.19000244140625,259.44000244140625,256.67999267578125,259.1600036621094,3282000
2025-09-12,257.1600036621094,259.0299987792969,256.9100036621094,258.1700134277344,1499900
2025-09-15,252.4199981689453,253.25,249.13999938964844,251.1699981689453,3535100
2025-09-16,253.60000610351562,254.5,248.32000732421875,251.50999450683594,2803800
2025-09-17,261.4200134277344,261.5199890136719,256.4100036621094,259.5899963378906,3737700
2025-09-18,269.739990234375,271.4200134277344,266.489990234375,268.20001220703125,2962200
2025-09-19,266.9100036621094,269.67999267578125,266.80999755859375,269.25,1670700
2025-09-22,265.3800048828125,265.69000244140625,263.3999938964844,263.8299865722656,1548100
2025-09-23,265.2699890136719,268.3800048828125,265.1400146484375,267.239990234375,1197100
2025-09-24,268.8500061035156,272.239990234375,267.55999755859375,271.760009765625,2045400
2025-09-25,262.510009765625,263.8699951171875,260.9200134277344,261.510009765625,1216300
2025-09-26,264.0799865722656,264.5,261.010009765625,262.1000061035156,965100
2025-09-29,263.82000732421875,265.6499938964844,262.5400085449219,262.9200134277344,1150800
2025-09-30,267.2099914550781,268.2900085449219,265.8299865722656,266.739990234375,941100
2025-10-01,269.989990234375,270.510009765625,265.79998779296875,265.8399963378906,1394400
2025-10-02,271.9100036621094,273.8399963378906,270.79998779296875,272.0899963378906,1201300
2025-10-03,270.5299987792969,271.1600036621094,268.0899963378906,269.92999267578125,1027500
2025-10-06,274.2799987792969,274.3999938964844,269.7699890136719,271.7099914550781,1229300
2025-10-07,273.82000732421875,275.5799865722656,273.5899963378906,275.0,1051500
2025-10-08,277.1499938964844,277.5,274.8299865722656,275.760009765625,1092300
2025-10-09,275.7900085449219,276.8299865722656,274.1400146484375,275.5899963378906,1157800
2025-10-10,265.5299987792969,276.1300048828125,265.4800109863281,275.8599853515625,1327600
2025-10-13,269.82000732421875,269.8399963378906,265.6600036621094,267.3900146484375,783500
2025-10-14,270.5199890136719,271.6099853515625,264.5400085449219,265.94000244140625,1040700
2025-10-15,271.6400146484375,272.94000244140625,269.260009765625,271.5,955800
2025-10-16,269.739990234375,276.260009765625,268.8599853515625,274.0799865722656,1247600
2025-10-17,272.8999938964844,273.0199890136719,267.6099853515625,267.94000244140625,1186500
2025-10-20,277.9100036621094,279.3800048828125,274.94000244140625,274.94000244140625,1464800
2025-10-21,280.4599914550781,280.80999755859375,276.0400085449219,276.5899963378906,2020600
2025-10-22,276.2200012207031,278.8500061035156,273.95001220703125,277.0799865722656,3154100
2025-10-23,278.5299987792969,281.3699951171875,269.9200134277344,269.9200134277344,2367400
2025-10-24,269.54998779296875,276.5400085449219,268.8999938964844,276.5299987792969,2207400
2025-10-27,272.1600036621094,274.1499938964844,271.2099914550781,272.5,1970900
2025-10-28,270.05999755859375,273.3999938964844,270.0400085449219,271.9100036621094,1463700
2025-10-29,259.6400146484375,264.7300109863281,258.92999267578125,264.6199951171875,2019700
2025-10-30,259.19000244140625,263.2699890136719,258.8800048828125,259.05999755859375,1445500
2025-10-31,260.010009765625,260.9700012207031,258.1400146484375,259.0400085449219,1972100
2025-11-03,263.9599914550781,265.8800048828125,261.8500061035156,264.0199890136719,1171900
2025-11-04,259.6400146484375,260.3599853515625,258.32000732421875,258.67999267578125,1327500
2025-11-06,253.4199981689453,258.5,253.1300048828125,257.8500061035156,204448
