Date,Close,High,Low,Open,Volume
1995-01-03,0.2847548723220825,0.28846479576837375,0.2810449488757913,0.28846479576837375,103868800
1995-01-04,0.2921755015850067,0.2940304505448722,0.2866097878258142,0.2866097878258142,158681600
1995-01-05,0.28846463561058044,0.292175399108407,0.28753714907195693,0.29124707045847115,73640000
1995-01-06,0.31165334582328796,0.3200014934399225,0.30516098884100745,0.30887091065487954,1076622400
1995-01-09,0.3057403564453125,0.3107259799095632,0.3042327782929574,0.30887103066588295,274086400
1995-01-10,0.3241751492023468,0.32649382850840564,0.3060884549422532,0.3060884549422532,614790400
1995-01-11,0.34690022468566895,0.3566387762613116,0.3167546061599496,0.32463902584815685,873824000
1995-01-12,0.33669695258140564,0.3441176379073518,0.33205956914827683,0.342261847376334,551779200
1995-01-13,0.33298707008361816,0.3422618875751705,0.32927633069711687,0.3422618875751705,351377600
1995-01-16,0.33020374178886414,0.3357694784918711,0.3283487934369593,0.3329870188120433,188977600
1995-01-17,0.3339146375656128,0.33762456050612605,0.32742143650004707,0.33020387251343447,330108800
1995-01-18,0.3385518789291382,0.3385518789291382,0.3320595232066142,0.33391447136963054,127657600
1995-01-19,0.3404070734977722,0.34133456063463624,0.33391471307571585,0.337624636855176,314294400
1995-01-20,0.3162909150123596,0.3487552427554062,0.31536342789557426,0.3487552427554062,1000361600
1995-01-23,0.3135082423686981,0.31629070184377633,0.3042326096444367,0.31072580766159846,398540800
1995-01-24,0.30887097120285034,0.3144358426305488,0.3070159975482925,0.3135083558032699,218097600
1995-01-25,0.3041171729564667,0.3116533773284338,0.29310294904037754,0.29310294904037754,517070400
1995-01-26,0.29310303926467896,0.3079435499320989,0.2912472231034715,0.3033053222326963,246388800
1995-01-27,0.2958853840827942,0.2995953062665971,0.2893921843416421,0.2958853840827942,298569600
1995-01-30,0.29774028062820435,0.3005227155865926,0.29588533224527247,0.29774028062820435,230585600
1995-01-31,0.29959532618522644,0.3033052486156839,0.29681289055438,0.30052278821685074,212777600
1995-02-01,0.29774028062820435,0.30237768873750526,0.29588533224527247,0.30237768873750526,158368000
1995-02-02,0.30887097120285034,0.3107259200894207,0.2977403614678915,0.2977403614678915,203582400
1995-02-03,0.3005227744579315,0.3125808701084052,0.29959531246876947,0.31165338335125753,319211200
1995-02-06,0.3005227744579315,0.3023777479722269,0.293102954704707,0.3023777479722269,243028800
1995-02-07,0.30284157395362854,0.3042327921417154,0.2968129700612499,0.2995954064374236,201600000
1995-02-08,0.313972145318985,0.3144358763984317,0.30330529023612496,0.30423275239501835,402864000
1995-02-09,0.3237115144729614,0.32556648833244733,0.3125809282763392,0.3125809282763392,475395200
1995-02-10,0.3246389627456665,0.327885154229225,0.3218565270557519,0.3237114759263659,350963200
1995-02-13,0.3255315124988556,0.3311116837198824,0.3218113900728099,0.32367146370387445,283371200
1995-02-14,0.3194863498210907,0.32832163856717733,0.3171604503229375,0.3255315526128524,165614400
1995-02-15,0.3166953921318054,0.32367147567911037,0.31623038612487664,0.3218114019792266,184475200
1995-02-16,0.3213464021682739,0.32181140818416865,0.3171604290900837,0.3208813713162944,218780800
1995-02-17,0.31623032689094543,0.319951293184512,0.31623032689094543,0.3190212565087777,121788800
1995-02-21,0.30506908893585205,0.3180903462864802,0.30413907718133615,0.3171603345319643,301582400
1995-02-22,0.3036741018295288,0.3050691445517043,0.298558936902858,0.3022790591073533,293417600
1995-02-23,0.29902395606040955,0.31158018449797936,0.297628913392541,0.30600001382650516,314708800
1995-02-24,0.2901878356933594,0.30041900995763304,0.2864677134946286,0.2985589364402267,568814400
1995-02-27,0.2846076786518097,0.2901878498031902,0.2835609619294716,0.2846076786518097,268811200
1995-02-28,0.29390883445739746,0.2966989202025171,0.28274762221395755,0.2864677448194786,222969600
1995-03-01,0.29762881994247437,0.29855883153832596,0.2933270133811792,0.2957687470786249,224448000
1995-03-02,0.29762881994247437,0.30320898886187647,0.2957687470786249,0.29855883153832596,268744000
1995-03-03,0.29948902130126953,0.3027441380615093,0.29390884952495666,0.2957688985050323,145768000
1995-03-06,0.2957688271999359,0.2976289005676637,0.29390877866828796,0.2957688271999359,132720000
1995-03-07,0.2850727438926697,0.296698963858956,0.28460773781209003,0.296698963858956,150785600
1995-03-08,0.2943737804889679,0.29855890825390013,0.2808875160965662,0.28832773495553027,364873600
1995-03-09,0.2957688271999359,0.3004189857831756,0.29297874198442403,0.29669886388379985,196683200
1995-03-10,0.29390883445739746,0.30041904280803816,0.292978797596996,0.29483884648171427,137412800
1995-03-13,0.28367772698402405,0.29483891706325877,0.28274768990098087,0.29483891706325877,325752000
1995-03-14,0.2604251503944397,0.28460761706461996,0.25670502881983454,0.28460761706461996,727865600
1995-03-15,0.2604251503944397,0.26972628633955653,0.259495113791769,0.26414527196904486,730968000
1995-03-16,0.2622853219509125,0.26786636377874257,0.26042527270804183,0.2622853219509125,316736000
1995-03-17,0.26135534048080444,0.26414542709124683,0.25949526618311464,0.26414542709124683,215644800
1995-03-20,0.2622853219509125,0.26507543306935255,0.26042527270804183,0.26135530974752186,189884800
1995-03-21,0.26972630620002747,0.27344642804855246,0.26228521807627264,0.2641452914185749,305368000
1995-03-22,0.2832125127315521,0.29390871460090356,0.269726251090957,0.269726251090957,479147200
1995-03-23,0.2762365937232971,0.28274764707326955,0.2751907212723197,0.28181761013109885,170094400
1995-03-24,0.2808874845504761,0.2818174962808485,0.27716651869414616,0.27809655526059535,128116800
1995-03-27,0.2767016589641571,0.2799575958387908,0.27251650462285715,0.2799575958387908,142800000
1995-03-28,0.2557750940322876,0.27042391522884757,0.25391504492260336,0.269726393708205,689796800
1995-03-29,0.2557750940322876,0.2594952170877437,0.25205415138594023,0.25298416352273856,496876800
1995-03-30,0.26321524381637573,0.26414528044890345,0.25670503706083886,0.2576350736933666,273414400
1995-03-31,0.2622853219509125,0.26507543306935255,0.2585652234651712,0.26135530974752186,183243200
1995-04-03,0.26414552330970764,0.2660055734488527,0.26135543568293934,0.26414552330970764,154302400
1995-04-04,0.25205403566360474,0.26693618507064903,0.25019396257182436,0.26600530409816764,428198400
1995-04-05,0.2585650384426117,0.2585650384426117,0.25112395269656246,0.25391488140883495,264857600
1995-04-06,0.2734464108943939,0.2827475469408817,0.2643777902101273,0.2771665325095439,722825600
1995-04-07,0.2734464108943939,0.2762364958967369,0.26972628927924397,0.2753064592839299,295724800
1995-04-10,0.27251628041267395,0.2753063644539655,0.2687961600789287,0.2743763529975813,117801600
1995-04-11,0.2808874845504761,0.2818174962808485,0.27251636069797686,0.27344639726442604,214513600
1995-04-12,0.2901878356933594,0.2948388142414959,0.27809661274776126,0.28460766481330413,474712000
1995-04-13,0.2846076786518097,0.29204789857495594,0.2818175682400364,0.29204789857495594,174361600
1995-04-17,0.2855376601219177,0.29297874851320405,0.28181753813964217,0.28367761154882015,208812800
1995-04-18,0.27902671694755554,0.28739784529892803,0.27902671694755554,0.28646780823265144,231134400
1995-04-19,0.2706564962863922,0.2790267565629972,0.26507547834147205,0.2790267565629972,279428800
1995-04-20,0.27995750308036804,0.2864677106545842,0.27251641432989304,0.2762365364917425,329504000
1995-04-21,0.2911178171634674,0.29390874650023097,0.27623648676799645,0.27716652335006864,666624000
1995-04-24,0.2901878356933594,0.2948388142414959,0.2864677134946286,0.2901878356933594,272238400
1995-04-25,0.2808874845504761,0.29297870499661854,0.27716651869414616,0.29111781227318706,273638400
1995-04-26,0.2846076786518097,0.2883277761953413,0.27809662626967935,0.2799575194682706,230440000
1995-04-27,0.28181764483451843,0.2864678052819125,0.2808876326139115,0.2864678052819125,139865600
1995-04-28,0.2846076786518097,0.28553769061965106,0.27902663823752066,0.28274760504396085,195316800
1995-05-01,0.2846076786518097,0.2883277761953413,0.28274760504396085,0.2846076786518097,177956800
1995-05-02,0.28367772698402405,0.28553777631401983,0.27902672197781986,0.2846077640670672,120008000
1995-05-03,0.28367772698402405,0.2873978504801062,0.28274768990098087,0.2846077640670672,168784000
1995-05-04,0.2864677309989929,0.29669890588843373,0.28274760857294723,0.2846076822040118,303643200
1995-05-05,0.2892577052116394,0.2911177781263595,0.2836775361396268,0.2883276687542794,208006400
1995-05-08,0.301349014043808,0.30506913614579867,0.29576884330886255,0.2966988800433806,386971200
1995-05-09,0.3069300949573517,0.307860106979765,0.29762895645375154,0.3022790910740718,322929600
1995-05-10,0.3083250820636749,0.31158017322557796,0.30320907309446493,0.30879008799078106,275072000
1995-05-11,0.30506908893585205,0.30972009147937285,0.30041895565504045,0.30972009147937285,523622400
1995-05-12,0.32460150122642517,0.3250665320888266,0.30134906400728084,0.30413917467343327,647953600
1995-05-15,0.32460150122642517,0.3255315381151426,0.31623039930932145,0.3208813785076406,393355200
1995-05-16,0.3255315124988556,0.33018167174043356,0.31623037442494706,0.3208813532572776,332516800
1995-05-17,0.3273914158344269,0.33018152504138326,0.32367131989729647,0.3255313678658617,263144000
1995-05-18,0.3227413594722748,0.3283215295276837,0.3218113228510139,0.3283215295276837,371571200
1995-05-19,0.3180904984474182,0.32553158948614225,0.3171604862480241,0.3190213799099373,322593600
1995-05-22,0.32832157611846924,0.32832157611846924,0.3143702797374372,0.31623035324391446,371884800
1995-05-23,0.3264615535736084,0.33018167604818915,0.3236714679266938,0.3283216023928569,276662400
1995-05-24,0.32367151975631714,0.32925169194370113,0.31902135970943873,0.3255315688734159,264667200
1995-05-25,0.3227413594722748,0.3273914929064228,0.31995127444457033,0.3218113228510139,182862400
1995-05-26,0.3185061812400818,0.3217711458622099,0.31524203848140236,0.32083855499254693,114553600
1995-05-30,0.31337684392929077,0.31990595156203483,0.30964640559183465,0.3180398980773494,196380800
1995-05-31,0.3101126253604889,0.31430938303148853,0.3059150458262095,0.31430938303148853,159532800
1995-06-01,0.3147757947444916,0.31710732211147874,0.3115116763546752,0.3124442673775044,186726400
1995-06-02,0.3143094778060913,0.31617468462955267,0.3096464233900049,0.3124442460776746,105694400
1995-06-05,0.32456910610198975,0.32456910610198975,0.31430955695842655,0.31617476425160157,254654400
1995-06-06,0.3282994329929352,0.3310972805427787,0.3245690194030538,0.32550161034804664,315268800
1995-06-07,0.32177117466926575,0.32923205172423403,0.32177117466926575,0.32923205172423403,124521600
1995-06-08,0.32037225365638733,0.32363639660868704,0.3143094662557359,0.32363639660868704,136136000
1995-06-09,0.32456910610198975,0.32643431339516477,0.32177125780478466,0.3255016972960964,186625600
1995-06-12,0.329582154750824,0.3320298132994359,0.327366784676804,0.32829937545836,212116800
1995-06-13,0.3282994329929352,0.33296333410618945,0.32736684204794236,0.3320298714877715,125944000
1995-06-14,0.32550153136253357,0.3273667626098162,0.32363632502019996,0.3273667626098162,118048000
1995-06-15,0.32550153136253357,0.3264341469861749,0.32363632502019996,0.32550153136253357,92758400
1995-06-16,0.32736682891845703,0.32829941982604705,0.32456900638577896,0.32736682891845703,89208000
1995-06-19,0.331097275018692,0.33762638281795415,0.32456901398788585,0.327366836586095,469537600
1995-06-20,0.35348156094551086,0.3562793834384442,0.34322201509969547,0.34322201509969547,738528000
1995-06-21,0.3684040904045105,0.3740005814664879,0.3488184637034372,0.3553467236810219,626012800
1995-06-22,0.3665390610694885,0.3702695007029575,0.36280862143601955,0.36560644493488065,473916800
1995-06-23,0.3637411892414093,0.3656063963578379,0.3562794641971602,0.3637411892414093,231963200
1995-06-26,0.359078049659729,0.36187587212897504,0.3553467646306662,0.36001066545112886,152779200
1995-06-27,0.3460206687450409,0.3600106522517133,0.3460206687450409,0.3534815449927874,217100800
1995-06-28,0.3478858172893524,0.3544140766902696,0.3385588892205046,0.3432219423232804,266358400
1995-06-29,0.3525490462779999,0.35907815570451856,0.34322211355596777,0.3460207836201482,232556800
1995-06-30,0.34648701548576355,0.3572120360196278,0.3441546663363704,0.35254898144795155,165491200
1995-07-03,0.3502175211906433,0.3516164328488942,0.3450873233733962,0.3469534022897114,39390400
1995-07-05,0.3469533920288086,0.3572120938225623,0.3469533920288086,0.34975121526256686,177060800
1995-07-06,0.3506837487220764,0.3506837487220764,0.3413567934974705,0.3469533103206045,184094400
1995-07-07,0.362808495759964,0.36747152500781527,0.3488185114380669,0.34975112724961877,387116800
1995-07-10,0.362808495759964,0.37213542592905574,0.3590780574187106,0.362808495759964,297931200
1995-07-11,0.351616233587265,0.36280839218428795,0.3511499382670855,0.3562792864088474,214692800
1995-07-12,0.3506837487220764,0.358144600620066,0.34415464097729026,0.3525489554703352,283808000
1995-07-13,0.35534682869911194,0.36374116929370615,0.3516163897658741,0.353481621684972,352329600
1995-07-14,0.3637411892414093,0.3656063963578379,0.3506838179429151,0.35348164107003766,277928000
1995-07-17,0.365606427192688,0.3712020739188639,0.3628086038296,0.3646738111033382,226161600
1995-07-18,0.359078049659729,0.36980304409349,0.3562793804220661,0.36560631038962094,254632000
1995-07-19,0.3394916355609894,0.3581446521137563,0.33576119662315856,0.35068379914305253,521035200
1995-07-20,0.3511500656604767,0.35348159291712034,0.33576116888407476,0.3432220461433522,331273600
1995-07-21,0.3264342248439789,0.3348285395122957,0.320838579577412,0.320838579577412,757881600
1995-07-24,0.3385588526725769,0.33949146817344455,0.32643410401292744,0.328299310109717,214625600
1995-07-25,0.3413568139076233,0.3460207151830112,0.3404242229302103,0.343222045672361,263524800
1995-07-26,0.3385588526725769,0.3450871113687589,0.3385588526725769,0.3450871113687589,171449600
1995-07-27,0.3492847681045532,0.35441411714106175,0.33949154356966477,0.33949154356966477,325180800
1995-07-28,0.3394916355609894,0.352549006159489,0.33576119662315856,0.34881856722165816,260937600
1995-07-31,0.335761159658432,0.3404242140435935,0.3338959528473405,0.3394915981855702,158524800
1995-08-01,0.32456910610198975,0.33482863034059124,0.32456910610198975,0.33482863034059124,210918400
1995-08-02,0.331097275018692,0.3357611511491783,0.3264342207517071,0.327366836586095,275128000
1995-08-03,0.335761159658432,0.3404242140435935,0.3273668448826101,0.32923205169370157,213931200
1995-08-04,0.3301646411418915,0.3366937485843593,0.3264342029131506,0.3357611328009358,192315200
1995-08-07,0.32363641262054443,0.3329633434349439,0.3217711808683899,0.3292320580670967,193760000
1995-08-08,0.3171073794364929,0.3264343124540995,0.3161747633401132,0.32550169635771975,234595200
1995-08-09,0.32177117466926575,0.32643422905485975,0.3171072984201495,0.31803991427825934,369017600
1995-08-10,0.3189725875854492,0.3227038738447741,0.31803999639151326,0.3217712577458765,164024000
1995-08-11,0.3213048577308655,0.32177115317629623,0.312444223164586,0.3199059464896198,206931200
1995-08-14,0.32363641262054443,0.32643423534382054,0.31990597402119103,0.3208385898972683,167406400
1995-08-15,0.3287658989429474,0.32923219462191244,0.32177131432867495,0.3273669870010861,317867200
1995-08-16,0.3329361081123352,0.3329361081123352,0.3263900288488583,0.32919548782278696,292633600
1995-08-17,0.3338721990585327,0.3404182799013356,0.33013072878668137,0.3338721990585327,246892800
1995-08-18,0.3357424736022949,0.3376127965534955,0.32732524616092495,0.3357424736022949,241158400
1995-08-21,0.3301306962966919,0.33948308494968643,0.3301306962966919,0.3357424641258005,271779200
1995-08-22,0.33480745553970337,0.33761291598601767,0.3301308224004797,0.3320011460133181,217044800
1995-08-23,0.34041839838027954,0.3432238590074716,0.3338723152591832,0.33574261401966293,253803200
1995-08-24,0.34228864312171936,0.34602926502528913,0.3404183446564049,0.3413535063755326,287929600
1995-08-25,0.33480745553970337,0.3432238368786463,0.3338722937332842,0.3432238368786463,134344000
1995-08-28,0.3217143416404724,0.3366776501343447,0.3217143416404724,0.33574248861692335,243040000
1995-08-29,0.3226495385169983,0.3235847002092849,0.3179729309214781,0.3217144017976518,317060800
1995-08-30,0.32451990246772766,0.32732536292234005,0.3226495788493572,0.3235847406585424,153473600
1995-08-31,0.3217143416404724,0.32545496273722224,0.3217143416404724,0.3245198012198009,87864000
1995-09-01,0.321246862411499,0.32545507824699765,0.3207792939733078,0.32171445582263464,98380800
1995-09-05,0.3254551291465759,0.3254551291465759,0.31984333306579205,0.3254551291465759,179972800
1995-09-06,0.32732531428337097,0.3304818938522658,0.3254550159158611,0.32826047595359564,200760000
1995-09-07,0.33480745553970337,0.33901564620917485,0.3273253619541654,0.3291956605940605,262326400
1995-09-08,0.33480745553970337,0.3357425923731793,0.332936282846794,0.33480745553970337,174776000
1995-09-11,0.33106595277786255,0.34041834411544647,0.33106595277786255,0.33574256050017925,172491200
1995-09-12,0.321246862411499,0.33574260777792536,0.3189081461674886,0.3329362981227793,326256000
1995-09-13,0.3170376718044281,0.32451976217758344,0.3142322125626179,0.320779141530859,322750400
1995-09-14,0.2992689609527588,0.311426810642409,0.2973986377986763,0.30955648748832654,550558400
1995-09-15,0.2684071660041809,0.29833381104318596,0.2656008570563803,0.27962903044873766,1211963200
1995-09-18,0.2744857370853424,0.27542087392379433,0.2684072227706878,0.27214784504332573,621488000
1995-09-19,0.27495330572128296,0.2777587661847368,0.27027752163356433,0.27495330572128296,490022400
1995-09-20,0.2740180790424347,0.2796290236140393,0.27308294242461517,0.2786938620232823,321809600
1995-09-21,0.27682366967201233,0.28056429282996703,0.2721479094542809,0.27308307148700695,347334400
1995-09-22,0.2772911787033081,0.2786939088386071,0.2721478265495645,0.2758884485680091,398641600
1995-09-25,0.2806816101074219,0.2862925572181147,0.2796291501529396,0.28617608338488326,315212800
1995-09-26,0.2796289920806885,0.28337043715579946,0.277758669110088,0.2824353006434339,250902400
1995-09-27,0.2712126672267914,0.28056420987004965,0.2599899769640328,0.28056420987004965,451236800
1995-09-28,0.28243520855903625,0.28337034476651257,0.27308282259428474,0.27308282259428474,331184000
1995-09-29,0.278693825006485,0.28617591587275165,0.27588836557977947,0.2843055929396585,283416000
1995-10-02,0.28150007128715515,0.28804615016009727,0.28056406094775194,0.28243523254698366,392000000
1995-10-03,0.28150007128715515,0.28804615016009727,0.27775860214119513,0.28524069135354047,289822400
1995-10-04,0.27214786410331726,0.27682362354187595,0.269342403445593,0.2740181628841517,266772800
1995-10-05,0.27308300137519836,0.2740181381948864,0.26840721738498663,0.2712126777899365,244070400
1995-10-06,0.26700350642204285,0.27682346207643416,0.2665359382427934,0.27495316438650597,309041600
1995-10-09,0.26045748591423035,0.2674711350527882,0.2571844330009459,0.2646656753973651,372568000
1995-10-10,0.259522408246994,0.26186030037307995,0.2515727459165513,0.2571845161209081,400265600
1995-10-11,0.2609250545501709,0.26653599884150164,0.25531413523177643,0.26373051420936816,332875200
1995-10-12,0.2641982138156891,0.26466578228945375,0.25999002263296805,0.26186032150097305,162052800
1995-10-13,0.2693423628807068,0.27588844508715826,0.26560089182945007,0.2674711903286042,235188800
1995-10-16,0.2702774703502655,0.27682355184723145,0.26840717205382036,0.2712126319849574,182067200
1995-10-17,0.2740180790424347,0.2758884022239487,0.2684071594437676,0.27308294242461517,178617600
1995-10-18,0.2796289920806885,0.2959958788818606,0.274953209627122,0.2768235076247878,512400000
1995-10-19,0.2599899470806122,0.270277474404707,0.2599899470806122,0.2684071760802054,944899200
1995-10-20,0.26279547810554504,0.2637306150341582,0.2590548554722551,0.2637306150341582,386332800
1995-10-23,0.26279547810554504,0.26279547810554504,0.259990017373814,0.26279547810554504,197803200
1995-10-24,0.26279547810554504,0.26560093883727603,0.26092515430242713,0.26560093883727603,213494400
1995-10-25,0.2599899470806122,0.2646657053783355,0.2599899470806122,0.26373054372961524,133302400
1995-10-26,0.2609250545501709,0.2618602160942154,0.25811959489097364,0.2609250545501709,125865600
1995-10-27,0.2599899470806122,0.2609250837563934,0.25531416380994976,0.2609250837563934,154212800
1995-10-30,0.26373061537742615,0.26373061537742615,0.25905485580943716,0.2609251546420436,175638400
1995-10-31,0.2716802656650543,0.2740181578276648,0.26279546632372647,0.2637306032104149,289217600
1995-11-01,0.2740180790424347,0.27775870043252526,0.26560085056455884,0.2740180790424347,193233600
1995-11-02,0.2740180790424347,0.2758884022239487,0.27121261924310114,0.2758884022239487,152756800
1995-11-03,0.27308300137519836,0.27588846178014825,0.26840721738498663,0.27495329998751733,179435200
1995-11-06,0.28524085879325867,0.28991661789126905,0.27214784428204714,0.2730830060908266,311774400
1995-11-07,0.2964634895324707,0.30300957091979586,0.2805641687138705,0.282435341031829,736388800
1995-11-08,0.29085177183151245,0.3067502463660107,0.2899166100480324,0.2973987034500379,358825600
1995-11-09,0.2945932149887085,0.29926899848741967,0.2908517441043584,0.29739867509875906,260108800
1995-11-10,0.29739874601364136,0.3011393687099756,0.2908518134581212,0.2945932852346272,223115200
1995-11-13,0.30581507086753845,0.3086213799700667,0.29926898915719236,0.3011392875146029,317374400
1995-11-14,0.31049177050590515,0.31797301610244955,0.30675029862743813,0.30675029862743813,407276800
1995-11-15,0.30675017833709717,0.3142322700797766,0.3002040972503661,0.3142322700797766,248136000
1995-11-16,0.2988014221191406,0.31049170563669876,0.2955283934625589,0.30581509776543003,226228800
1995-11-17,0.3002041280269623,0.30207445137087874,0.2973986679840273,0.29926899132794377,128531200
1995-11-20,0.28898143768310547,0.30113928856080346,0.2880462760146816,0.30113928856080346,148456000
1995-11-21,0.28988173604011536,0.2908197860785371,0.28425331055588104,0.2908197860785371,191609600
1995-11-22,0.28988173604011536,0.29457206138444636,0.28894366095095286,0.28988173604011536,98806400
1995-11-24,0.3016084134578705,0.3030155134484708,0.2908197617371688,0.2917578367478152,109950400
1995-11-27,0.2955109477043152,0.3048916221582647,0.2955109477043152,0.3048916221582647,115875200
1995-11-28,0.3002012372016907,0.3011392869232886,0.2945719618935435,0.29551088839077183,176288000
1995-11-29,0.2945718467235565,0.3011391691856481,0.2926957229631443,0.3011391691856481,105268800
1995-11-30,0.2861294448375702,0.2926959199954093,0.2851913698005248,0.2917578449583639,174854400
1995-12-01,0.2823770344257355,0.28706738231261975,0.27862390940164317,0.2851912331375751,204209600
1995-12-04,0.29644903540611267,0.30113936030930577,0.2926959087280095,0.30113936030930577,480681600
1995-12-05,0.29644903540611267,0.2992632353581762,0.2870675088238824,0.2889436337750119,363596800
1995-12-06,0.29081982374191284,0.29926330226157427,0.2880056231607057,0.2983252270509239,201107200
1995-12-07,0.28941261768341064,0.2908197174597796,0.28425324348647957,0.2908197174597796,141926400
1995-12-08,0.2955109477043152,0.2955109477043152,0.2842532716040644,0.29081974622690276,141355200
1995-12-11,0.28988173604011536,0.2973871133263789,0.2880055858617903,0.29644906328795717,111652800
1995-12-12,0.28519126772880554,0.2898816161845885,0.28519126772880554,0.2898816161845885,177553600
1995-12-13,0.288005530834198,0.29269588033311117,0.27580980548303113,0.2870674809750042,684902400
1995-12-14,0.2870674729347229,0.29551092346041946,0.2851913231674111,0.2917577972515319,333502400
1995-12-15,0.2645520269870758,0.27487162355115874,0.2579855552757109,0.2664281760764522,726880000
1995-12-18,0.2420368492603302,0.2645521793984736,0.23922264905570037,0.2636141293640908,666534400
1995-12-19,0.24578985571861267,0.24954212916792579,0.2420367305445352,0.24578985571861267,430864000
1995-12-20,0.24485191702842712,0.2523564680933668,0.24391386693336636,0.2514183929475638,365736000
1995-12-21,0.24391381442546844,0.24578993926245446,0.2373464881948583,0.24578993926245446,332875200
1995-12-22,0.2420368492603302,0.24672805136038908,0.24109879922594735,0.2448519011901421,234662400
1995-12-26,0.24062973260879517,0.24391383438067626,0.2382845575826453,0.24391383438067626,139507200
1995-12-27,0.24297574162483215,0.25048029114044557,0.23922261514196408,0.24109876504623598,268564800
1995-12-28,0.24016070365905762,0.2457899553134166,0.23922262865393654,0.24109877866417873,249995200
1995-12-29,0.2392226606607437,0.24297578785774887,0.2373465354502238,0.24016073579137462,304136000
1996-01-02,0.2410988062620163,0.24203685632377459,0.23828458092451732,0.24203685632377459,139294400
1996-01-03,0.2410988062620163,0.24672805856073843,0.23922265603701698,0.24016073114951664,429833600
1996-01-04,0.23687744140625,0.24297574277290415,0.235470341496766,0.24297574277290415,300182400
1996-01-05,0.2570475935935974,0.2570475935935974,0.2354703185495777,0.23734646827987887,445928000
1996-01-08,0.2598617970943451,0.266428271148895,0.2551705960229276,0.2589237222149136,121340800
1996-01-09,0.24578985571861267,0.2598617266156191,0.24578985571861267,0.2598617266156191,251216000
1996-01-10,0.2570475935935974,0.260799868003465,0.2420367925041623,0.24391379395944585,365433600
1996-01-11,0.2626761198043823,0.2626761198043823,0.24297583668175093,0.24485196226926292,756739200
1996-01-12,0.2542324662208557,0.2607997899345317,0.24954211834986648,0.2607997899345317,401856000
1996-01-15,0.2561095058917999,0.25892370529546443,0.2504802553595312,0.25329445476319573,363081600
1996-01-16,0.25939273834228516,0.2607998631391333,0.25235638788674936,0.2579856385961713,352912000
1996-01-17,0.25517064332962036,0.2579856951640641,0.2532945182736733,0.2579856951640641,236409600
1996-01-18,0.23969155550003052,0.25048017656197974,0.2279648599150537,0.24672790352059504,698387200
1996-01-19,0.22421269118785858,0.2382845420511965,0.22046041640074085,0.23265614239588855,829225600
1996-01-22,0.22890296578407288,0.23265609147481794,0.21952229339478008,0.22327456736064358,499744000
1996-01-23,0.23734647035598755,0.25517059437033307,0.2326561210399421,0.25329446967435587,988288000
1996-01-24,0.2420368492603302,0.2420368492603302,0.23828457397057687,0.24109879922594735,655894400
1996-01-25,0.22702690958976746,0.24016071161892372,0.22608883455355488,0.23828456154649857,445200000
1996-01-26,0.22984197735786438,0.2345323278143926,0.2148311975379142,0.2279650004805008,735750400
1996-01-29,0.21858426928520203,0.22327461909193821,0.2157692176963764,0.21764621936444487,332595200
1996-01-30,0.20498143136501312,0.21107888075152242,0.20158050584658868,0.20263541739740665,622843200
1996-01-31,0.20732660591602325,0.21014080561431794,0.20545046860870408,0.2082646683069988,328059200
1996-02-01,0.21295499801635742,0.21295499801635742,0.20638852392840468,0.20638852392840468,333043200
1996-02-02,0.21952234208583832,0.22233654192175537,0.21576921556263265,0.2167081422499213,555979200
1996-02-05,0.21952234208583832,0.2232746168839735,0.21764621721213942,0.2228055919282331,318729600
1996-02-06,0.222336545586586,0.2251507454688902,0.21952234570428178,0.21952234570428178,226217600
1996-02-07,0.2120169699192047,0.22327464758673746,0.20826470713046008,0.22327464758673746,360326400
1996-02-08,0.20920273661613464,0.21107887386420013,0.2063885244813526,0.2063885244813526,263166400
1996-02-09,0.20826470851898193,0.2138931215276797,0.20732664594688424,0.20920278361645014,205688000
1996-02-12,0.21295499801635742,0.21389307290056075,0.21014079841448272,0.21107887329868605,194275200
1996-02-13,0.21107885241508484,0.21670810278689032,0.20920271535766602,0.21014077762369224,228502400
1996-02-14,0.20732660591602325,0.21201693039626904,0.20591949354150782,0.21201693039626904,163184000
1996-02-15,0.21014082431793213,0.21107889931776924,0.20545048689485412,0.20732662436915916,122080000
1996-02-16,0.20638856291770935,0.212955038246149,0.20638856291770935,0.21107891317405483,156441600
1996-02-20,0.21764616668224335,0.22139844060923056,0.21014076710339613,0.21014076710339613,376913600
1996-02-21,0.222336545586586,0.22327462056426664,0.2185842707266011,0.22046042068196245,221838400
1996-02-22,0.22421269118785858,0.2260888160560488,0.22233654126893107,0.22515074109658506,184184000
1996-02-23,0.22421269118785858,0.22702689101551257,0.22233654126893107,0.22421269118785858,173286400
1996-02-26,0.22139844298362732,0.22608876665461425,0.22139844298362732,0.22515069190012413,118283200
1996-02-27,0.2148311734199524,0.2242126999542502,0.21389309842381127,0.2242126999542502,149161600
1996-02-28,0.20826470851898193,0.21670817349453664,0.20732664594688424,0.21670817349453664,187913600
1996-02-29,0.20638856291770935,0.20826470051517354,0.2045124253202452,0.20638856291770935,112884800
1996-03-01,0.20169736444950104,0.20732662871553212,0.19982122693586488,0.20732662871553212,231134400
1996-03-04,0.19700701534748077,0.20545047912495135,0.19700701534748077,0.20451240416059116,187555200
1996-03-05,0.19982117414474487,0.200759248916416,0.19700697488046376,0.19888311189843988,118440000
1996-03-06,0.19653795659542084,0.20169733076493404,0.19606893168936865,0.20075926842746225,99052800
1996-03-07,0.19372376799583435,0.197945067540855,0.19044053084125115,0.19700700515041755,260064000
1996-03-08,0.195130854845047,0.19700699202630645,0.18762546692040488,0.19325471766378757,149004800
1996-03-11,0.1941928267478943,0.19794508924646542,0.1932547517292244,0.19700702675316498,127008000
1996-03-12,0.19372376799583435,0.197945067540855,0.19231666814749412,0.19513086784417458,96152000
1996-03-13,0.1932547390460968,0.19606895139204283,0.19231667661436053,0.19419281400320168,99680000
1996-03-14,0.1923166960477829,0.19419283362620599,0.1913786209958864,0.19419283362620599,93363200
1996-03-15,0.1941928267478943,0.1951308892411947,0.19137861421725413,0.1951308892411947,101382400
1996-03-18,0.19606898725032806,0.19606898725032806,0.19325477438970173,0.19466187455732945,109132800
1996-03-19,0.1932547390460968,0.19888315121262023,0.19231667661436053,0.19794507625551536,124364800
1996-03-20,0.18950162827968597,0.19325474232065934,0.1885635533066861,0.19325474232065934,115987200
1996-03-21,0.18856357038021088,0.1913786222284426,0.18762550784764276,0.1913786222284426,109984000
1996-03-22,0.19044052064418793,0.19044052064418793,0.18668739450763325,0.18950160657899587,107564800
1996-03-25,0.18012090027332306,0.1932546984349295,0.18012090027332306,0.19137856144034587,164371200
1996-03-26,0.17918287217617035,0.18387320929353734,0.17730673482414988,0.1801209345894964,160798400
1996-03-27,0.18950162827968597,0.18950162827968597,0.172615552294296,0.17449168971492696,429296000
1996-03-28,0.18152804672718048,0.1923166858233494,0.18105902175153762,0.18574935918555066,295892800
1996-03-29,0.18434225022792816,0.1857493501370504,0.178244800587907,0.18199707536247872,166521600
1996-04-01,0.19137859344482422,0.19419280567000688,0.18399088084492823,0.18856354201998032,158636800
1996-04-02,0.1876254379749298,0.1923166256666444,0.18668736326633575,0.1923166256666444,101438400
1996-04-03,0.18434225022792816,0.18856354995529487,0.18258294947899278,0.18856354995529487,72240000
1996-04-04,0.18105895817279816,0.18481121928718294,0.18012088350017835,0.18481121928718294,86049600
1996-04-08,0.18293516337871552,0.1838732258766433,0.17824481331296818,0.17918288833626544,168828800
1996-04-09,0.195130854845047,0.19888312920756587,0.1829351302299399,0.18668739206709153,235076800
1996-04-10,0.195130854845047,0.19888312920756587,0.1941927925171009,0.19606892969836034,174764800
1996-04-11,0.1932547390460968,0.19700701382377908,0.19137860165725565,0.19606895139204283,98268800
1996-04-12,0.19137859344482422,0.19419280567000688,0.19044053105334205,0.19419280567000688,81435200
1996-04-15,0.1932547390460968,0.1932547390460968,0.1876254876798761,0.19137860165725565,154078400
1996-04-16,0.1941928267478943,0.1951308892411947,0.192316689235924,0.1941928267478943,101416000
1996-04-17,0.18950162827968597,0.1951308797412903,0.1885635533066861,0.19419281729365923,85411200
1996-04-18,0.18574932217597961,0.19055734702116775,0.18199704796624233,0.19044051040040483,217246400
1996-04-19,0.18809452652931213,0.18856355148591433,0.18481127668088446,0.18481127668088446,101796800
1996-04-22,0.18856357038021088,0.1913786222284426,0.1866874327897047,0.18950164543814896,111115200
1996-04-23,0.18574932217597961,0.18950159638571692,0.18481124736086194,0.18856352157059925,169948800
1996-04-24,0.18199707567691803,0.18574935045797258,0.18152803819794405,0.18481127550002463,128340800
1996-04-25,0.1866874247789383,0.1866874247789383,0.18105902477430463,0.18293516228430565,174406400
1996-04-26,0.18574932217597961,0.18856352157059925,0.18481124736086194,0.18762545928084828,188865600
1996-04-29,0.18574932217597961,0.18762545928084828,0.18387318507111097,0.18762545928084828,121049600
1996-04-30,0.18293516337871552,0.18668742589579607,0.18105902585749048,0.18668742589579607,136662400
1996-05-01,0.18293516337871552,0.1857493633978683,0.18105902585749048,0.18293516337871552,112705600
1996-05-02,0.17824481427669525,0.1838732268708018,0.17636783754556537,0.1838732268708018,188305600
1996-05-03,0.17918287217617035,0.18105900952819082,0.17636782068577467,0.18105900952819082,108460800
1996-05-06,0.1923166960477829,0.19419283362620599,0.18574936906083508,0.18668743158736167,289486400
1996-05-07,0.20169736444950104,0.20545049120189593,0.19700702692809532,0.1979450894222287,353539200
1996-05-08,0.20075929164886475,0.20451240568321427,0.1923166795336102,0.20451240568321427,186793600
1996-05-09,0.19606898725032806,0.19888318758558352,0.19325477438970173,0.19794511245691776,98078400
1996-05-10,0.20451244711875916,0.20545052228016353,0.19513091893169204,0.19700705672912946,110588800
1996-05-13,0.20310449600219727,0.2073266481344349,0.19982124565178672,0.20357437275571197,187017600
1996-05-14,0.20638856291770935,0.21014083811263773,0.20638856291770935,0.20826470051517354,197624000
1996-05-15,0.2138931006193161,0.21670815231099763,0.2082646881608039,0.2092027631665739,292364800
1996-05-16,0.21295499801635742,0.2148311477847641,0.20920273605564702,0.2120169231321541,130076800
1996-05-17,0.20732660591602325,0.21295500531261263,0.20638853099967963,0.21295500531261263,123300800
1996-05-20,0.20967184007167816,0.21107895292882048,0.20732667702718569,0.20920281497800308,84515200
1996-05-21,0.2035743147134781,0.21107886333125933,0.2035743147134781,0.21014078849135315,114385600
1996-05-22,0.19559995830059052,0.20545052415841478,0.19325478290101106,0.20545052415841478,201880000
1996-05-23,0.19700701534748077,0.1998212151898239,0.19325474054077746,0.1960689529084893,124051200
1996-05-24,0.20075929164886475,0.20169735409484021,0.19606895436824973,0.19700701681422522,113243200
1996-05-28,0.19794507324695587,0.2045123994704649,0.19794507324695587,0.20075928555012879,101852800
1996-05-29,0.1866874247789383,0.19700702654638014,0.1857493622866225,0.19700702654638014,219520000
1996-05-30,0.19137859344482422,0.19325473075315663,0.18574934232016577,0.18668740471164794,103465600
1996-05-31,0.19606898725032806,0.19982125018887834,0.19137863665774113,0.19231671178640689,162646400
1996-06-03,0.18574932217597961,0.1951308468998931,0.18574932217597961,0.19419278461014214,125462400
1996-06-04,0.18152804672718048,0.1829351592302167,0.17918288427285858,0.18012094674951348,762238400
1996-06-05,0.18856357038021088,0.1913786222284426,0.18199709507612422,0.19044055969587448,510104000
1996-06-06,0.18199707567691803,0.18950162523902714,0.1810590132443387,0.18762548784849986,362096000
1996-06-07,0.18293516337871552,0.18293516337871552,0.17636783659198668,0.18012095083419322,267769600
1996-06-10,0.18105895817279816,0.18387315713992794,0.18012088350017835,0.18293509499267296,106366400
1996-06-11,0.18012090027332306,0.1819970372679067,0.18012090027332306,0.1819970372679067,153059200
1996-06-12,0.18199707567691803,0.1838732130674453,0.18012093828639075,0.1838732130674453,151916800
1996-06-13,0.1848112940788269,0.18703963253378733,0.1801209563936804,0.1829351690250642,191419200
1996-06-14,0.17965193092823029,0.18574938160109725,0.17918290589598723,0.18574938160109725,144961600
1996-06-17,0.17730671167373657,0.18105898588785416,0.17730671167373657,0.18105898588785416,112929600
1996-06-18,0.17073942720890045,0.17824481663336983,0.16980136469349816,0.17730675411796754,223227200
1996-06-19,0.17355364561080933,0.17542978336513695,0.16980138262752512,0.17355364561080933,134467200
1996-06-20,0.17073942720890045,0.1754297648366514,0.16886328965272615,0.1754297648366514,147089600
1996-06-21,0.16980135440826416,0.17167747932542782,0.16792521696573154,0.17167747932542782,161851200
1996-06-24,0.16698715090751648,0.16980136348442418,0.16604908839879368,0.16980136348442418,122763200
1996-06-25,0.1547914296388626,0.16698715705307746,0.15291529202700063,0.16604909450983152,246960000
1996-06-26,0.1491622030735016,0.15572953185036562,0.14728606498373972,0.15479146906817132,404331200
1996-06-27,0.1547914296388626,0.15760562979397053,0.14822410253486362,0.1501002401467256,229241600
1996-06-28,0.15760557353496552,0.15760557353496552,0.15479137438441626,0.15666751132657097,115684800
1996-07-01,0.1613578349351883,0.1613578349351883,0.15760556134118833,0.15854362347700598,131980800
1996-07-02,0.15760557353496552,0.16135784741927495,0.15760557353496552,0.16041977268551477,89006400
1996-07-03,0.14540991187095642,0.15291531517996748,0.14540991187095642,0.15291531517996748,288612800
1996-07-05,0.14634792506694794,0.1482240621678671,0.14447178796602878,0.145409850253805,106153600
1996-07-08,0.14353373646736145,0.14916213566782638,0.14259566158370554,0.1472859984258822,188910400
1996-07-09,0.14259563386440277,0.1472859697948205,0.14259563386440277,0.14634790761888306,187824000
1996-07-10,0.14071951806545258,0.14634792954024928,0.14071951806545258,0.14353373006553447,169388800
1996-07-11,0.13415215909481049,0.14165755758116175,0.1303998982393732,0.14071948297327946,291155200
1996-07-12,0.1355592906475067,0.1379053041811418,0.1294618423889185,0.1379053041811418,268990400
1996-07-15,0.12899287045001984,0.1360283844958791,0.12852384536556877,0.1360283844958791,133224000
1996-07-16,0.12664766609668732,0.1303999406992776,0.12008034007981219,0.1303999406992776,289217600
1996-07-17,0.12664766609668732,0.13133800308724117,0.12477152879539218,0.1303999406992776,233598400
1996-07-18,0.15666751563549042,0.1632339888509507,0.15279755330925016,0.16135785185719548,897052800
1996-07-19,0.1557295173406601,0.15760565525561754,0.1557295173406601,0.15666759256082488,265977600
1996-07-22,0.15197719633579254,0.15666754599167412,0.15010021977883045,0.15666754599167412,152208000
1996-07-23,0.15385334193706512,0.1547914169286541,0.15197720447925625,0.15385334193706512,130121600
1996-07-24,0.15619854629039764,0.15760564651725678,0.149162180905473,0.15010025607362673,264073600
1996-07-25,0.15760557353496552,0.16041977268551477,0.1557294365928108,0.15854363574336006,114430400
1996-07-26,0.16511096060276031,0.16511096060276031,0.1585436358390738,0.16135784751668764,123681600
1996-07-29,0.16698715090751648,0.16886328845033172,0.16323403662211985,0.16511101336470124,195697600
1996-07-30,0.16041982173919678,0.17073942353878854,0.1594817592439585,0.1698013610435503,189403200
1996-07-31,0.16511096060276031,0.16511096060276031,0.1594817105734003,0.1594817105734003,92780800
1996-08-01,0.15948179364204407,0.16511104660349055,0.15854371841910608,0.16511104660349055,110163200
1996-08-02,0.16229592263698578,0.16511097373804698,0.15948172326085594,0.16229592263698578,127948800
1996-08-05,0.15760557353496552,0.1641728982946873,0.15666751132657097,0.1622959096276695,101012800
1996-08-06,0.1613578349351883,0.1613578349351883,0.15572942454418837,0.15760556134118833,93587200
1996-08-07,0.16792522370815277,0.1698013612260148,0.16229595942944217,0.16323403445105794,248460800
1996-08-08,0.16604909300804138,0.1679252306029351,0.16417295541314766,0.1679252306029351,101516800
1996-08-09,0.17355364561080933,0.17542978336513695,0.1660491071188699,0.16698716973334815,230787200
1996-08-12,0.17261557281017303,0.1773067623817082,0.16792523496381942,0.17542977301291116,151345600
1996-08-13,0.16886326670646667,0.17355360369686354,0.16792520431853453,0.1716774663956312,103510400
1996-08-14,0.17073942720890045,0.17261556476507478,0.16980136469349816,0.16980136469349816,71859200
1996-08-15,0.16698715090751648,0.17073942599314695,0.16698715090751648,0.16980136348442418,107620800
1996-08-16,0.16886326670646667,0.16980134161976687,0.16604906701730215,0.16980134161976687,141758400
1996-08-19,0.17730671167373657,0.17730671167373657,0.16792518693887137,0.16792518693887137,226318400
1996-08-20,0.17636781930923462,0.179182870777659,0.17542974437786182,0.179182870777659,211758400
1996-08-21,0.17261557281017303,0.1773067623817082,0.1716774977256801,0.17636784809740408,113344000
1996-08-22,0.17449167370796204,0.17449167370796204,0.1716774615724925,0.17261553645943825,87684800
1996-08-23,0.17918287217617035,0.1801209345894964,0.1726155459817337,0.1726155459817337,203459200
1996-08-26,0.18105895817279816,0.18105895817279816,0.17636777066098602,0.17918282135292338,89678400
1996-08-27,0.18657061457633972,0.18762552638953436,0.1801209752858804,0.18105905043652273,289307200
1996-08-28,0.1866874247789383,0.18762549979662352,0.18387322477662146,0.1866874247789383,163598400
1996-08-29,0.1838732212781906,0.18668742122696358,0.18293515880372269,0.18668742122696358,106926400
1996-08-30,0.18199707567691803,0.18574935045797258,0.18199707567691803,0.18574935045797258,105728000
1996-09-03,0.18105895817279816,0.18293509499267296,0.17918282135292338,0.18105895817279816,68297600
1996-09-04,0.18105895817279816,0.18481121928718294,0.17918282135292338,0.17918282135292338,101449600
1996-09-05,0.17167748510837555,0.1782448118408656,0.17167748510837555,0.17636783513538584,279585600
1996-09-06,0.17261557281017303,0.17449171045378856,0.16980137260743494,0.17355363536929563,240833600
1996-09-09,0.16511096060276031,0.17073937143262236,0.16417289839379945,0.16980130922366152,148243200
1996-09-10,0.1613578349351883,0.1660490223898031,0.1613578349351883,0.1660490223898031,155713600
1996-09-11,0.1585436314344406,0.1632339799250353,0.15760556925154084,0.1613578430338705,147201600
1996-09-12,0.15291525423526764,0.1585436531544715,0.15197717939848898,0.15760559084305986,260915200
1996-09-13,0.15760557353496552,0.15948171047712023,0.15291523744226154,0.15291523744226154,166611200
1996-09-16,0.16792522370815277,0.17261556124012314,0.16041982191158013,0.16135789693319588,244652800
1996-09-17,0.17261557281017303,0.17355363536929563,0.16886329752294202,0.1716774977256801,209171200
1996-09-18,0.17636781930923462,0.18105900811503634,0.17167746970310713,0.17261554463447995,353360000
1996-09-19,0.17542974650859833,0.1773067355938157,0.17542974650859833,0.1773067355938157,119470400
1996-09-20,0.17167748510837555,0.17636783513538584,0.17073942261819514,0.17542976011983602,149150400
1996-09-23,0.16792522370815277,0.1716774862185074,0.16792522370815277,0.1716774862185074,45763200
1996-09-24,0.16886326670646667,0.1716774663956312,0.16792520431853453,0.16792520431853453,143785600
1996-09-25,0.16792522370815277,0.1698013612260148,0.16511101116867494,0.16886328620439905,109043200
1996-09-26,0.16792522370815277,0.16886328620439905,0.166987148686537,0.16792522370815277,103286400
1996-09-27,0.16745619475841522,0.16792523229320228,0.16604909467942414,0.16698715722362814,81569600
1996-09-30,0.1665181666612625,0.16792527966255041,0.1660491415195402,0.1660491415195402,85444800
1996-10-01,0.1848112940788269,0.18574936913107812,0.16511101656083743,0.16511101656083743,539246400
1996-10-02,0.17730671167373657,0.18481124757660503,0.17355358573468102,0.17730671167373657,276819200
1996-10-03,0.16792522370815277,0.17824481299346426,0.16792522370815277,0.17730675049721797,227718400
1996-10-04,0.17120839655399323,0.17355355817133897,0.16604902346032194,0.1716774213622435,133459200
1996-10-07,0.17355364561080933,0.17542978336513695,0.1716775078564817,0.17261558299633104,95715200
1996-10-08,0.17449167370796204,0.18199706190169174,0.17449167370796204,0.17636781095648585,190433600
1996-10-09,0.17261557281017303,0.1773067623817082,0.1716774977256801,0.17542977301291116,85209600
1996-10-10,0.18152804672718048,0.1838732217068716,0.17824480927083444,0.17918288427285858,276696000
1996-10-11,0.18199707567691803,0.18481127550002463,0.18012093828639075,0.18293515063486598,120691200
1996-10-14,0.18950162827968597,0.19044054245239733,0.1819970785971622,0.18387321601779313,269684800
1996-10-15,0.18950162827968597,0.19419281729365923,0.18762549085905503,0.19325474232065934,363059200
1996-10-16,0.1932547390460968,0.19606895139204283,0.18481127533393008,0.18950162506871726,334745600
1996-10-17,0.19794507324695587,0.20826467419111652,0.19794507324695587,0.2063885368307907,1026625600
1996-10-18,0.19935224950313568,0.19982127459939458,0.1951309359591986,0.19888321188150435,382659200
1996-10-21,0.1923166960477829,0.1998212338361054,0.1913786209958864,0.1988831713095788,187611200
1996-10-22,0.1866874247789383,0.19231668903406227,0.18199708726662042,0.19231668903406227,213718400
1996-10-23,0.18574932217597961,0.18950159638571692,0.18293512278136,0.18574932217597961,160059200
1996-10-24,0.18574932217597961,0.18762545928084828,0.18387318507111097,0.18762545928084828,84369600
1996-10-25,0.1838732212781906,0.1876254962268007,0.1838732212781906,0.18668742122696358,77560000
1996-10-28,0.1838732212781906,0.18856355870126862,0.1838732212781906,0.18856355870126862,119996800
1996-10-29,0.17449167370796204,0.18574933639873936,0.1735535988210163,0.1848112615117936,199628800
1996-10-30,0.17167748510837555,0.18012094934659584,0.17167748510837555,0.17636783513538584,257051200
1996-10-31,0.17261557281017303,0.17542977301291116,0.1669871598793265,0.17449171045378856,194219200
1996-11-01,0.18199707567691803,0.18199707567691803,0.17355361195716296,0.17542974934769023,211332800
1996-11-04,0.18293516337871552,0.1838732258766433,0.17824481331296818,0.18293516337871552,91268800
1996-11-05,0.19137859344482422,0.19419280567000688,0.18387320501183335,0.18387320501183335,378112000
1996-11-06,0.19137859344482422,0.19325473075315663,0.18668740471164794,0.19231666836167446,180308800
1996-11-07,0.1941928267478943,0.1951308892411947,0.1895016375055315,0.19044055172395372,155075200
1996-11-08,0.19700701534748077,0.19700701534748077,0.19325474054077746,0.19419281550513764,188708800
1996-11-11,0.195130854845047,0.19794505435425253,0.1941927925171009,0.19794505435425253,92534400
1996-11-12,0.18950162827968597,0.19700701716192123,0.1885635533066861,0.19606895471429017,142956800
1996-11-13,0.19184762239456177,0.1941927970573078,0.1876254713070684,0.19044052260706115,83608000
1996-11-14,0.1923166960477829,0.19325475857430952,0.1904405584693598,0.1913786209958864,48529600
1996-11-15,0.1876254379749298,0.19513082474169596,0.1876254379749298,0.1941927625584672,130715200
1996-11-18,0.18574932217597961,0.18856352157059925,0.18387318507111097,0.18762545928084828,152835200
1996-11-19,0.1866874247789383,0.18856356228893933,0.18481128726893725,0.1866874247789383,124432000
1996-11-20,0.1876254379749298,0.1904404887748216,0.18668736326633575,0.18668736326633575,103096000
1996-11-21,0.1838732212781906,0.1876254962268007,0.18293515880372269,0.18668742122696358,70604800
1996-11-22,0.18950162827968597,0.18950162827968597,0.18387321601779313,0.18387321601779313,103980800
1996-11-25,0.1876254379749298,0.19137855095805034,0.1876254379749298,0.1904404887748216,78948800
1996-11-26,0.18199707567691803,0.18762548784849986,0.18012093828639075,0.1866874128905519,112985600
1996-11-27,0.1838732212781906,0.18481128375265854,0.18105902132941765,0.18105902132941765,89040000
1996-11-29,0.18105895817279816,0.18481121928718294,0.18012088350017835,0.18387315713992794,42291200
1996-12-02,0.18856357038021088,0.18856357038021088,0.17918289495304993,0.1810590325435561,174977600
1996-12-03,0.18856357038021088,0.1913786222284426,0.18762550784764276,0.18950164543814896,275531200
1996-12-04,0.1876254379749298,0.1904404887748216,0.18668736326633575,0.18856350015815856,190825600
1996-12-05,0.1876254379749298,0.18950157486675262,0.1876254379749298,0.1876254379749298,142139200
1996-12-06,0.18856357038021088,0.19044055969587448,0.18012095748561804,0.1829351701340623,229387200
1996-12-09,0.1876254379749298,0.1904404887748216,0.186218338437404,0.18950157486675262,158648000
1996-12-10,0.1838732212781906,0.1876254962268007,0.18199708380388557,0.18668742122696358,184284800
1996-12-11,0.18012090027332306,0.1819970372679067,0.17824476327873942,0.17824476327873942,163363200
1996-12-12,0.17918287217617035,0.18199707194151687,0.17918287217617035,0.18105900952819082,87001600
1996-12-13,0.17449167370796204,0.1791828622915899,0.17449167370796204,0.17824478740464414,89096000
1996-12-16,0.16980135440826416,0.17636782919444388,0.16886327942431337,0.17636782919444388,149240000
1996-12-17,0.16886326670646667,0.16886326670646667,0.16698712940523433,0.16792520431853453,157248000
1996-12-18,0.17355364561080933,0.17355364561080933,0.16980138262752512,0.1707394452420034,205072000
1996-12-19,0.16698715090751648,0.17449170107877746,0.16698715090751648,0.17261556353596222,136886400
1996-12-20,0.17636781930923462,0.17730673344028167,0.1604198064791689,0.16886326995972528,546436800
1996-12-23,0.17449167370796204,0.18199706190169174,0.17449167370796204,0.18012092465316795,332304000
1996-12-24,0.17355364561080933,0.17542978336513695,0.1716775078564817,0.17449172075065866,57612800
1996-12-26,0.17261557281017303,0.17449171045378856,0.1716774977256801,0.17449171045378856,84884800
1996-12-27,0.17355364561080933,0.17824483545917463,0.1716775078564817,0.1716775078564817,136998400
1996-12-30,0.16323406994342804,0.17449173669813642,0.16323406994342804,0.17355366147255274,261800000
1996-12-31,0.15666751563549042,0.16135785185719548,0.15572944087592983,0.16041977709763489,383745600
1997-01-02,0.15760557353496552,0.15948171047712023,0.1557294365928108,0.15854363574336006,143113600
1997-01-03,0.16323406994342804,0.1669871849949558,0.15760565616604255,0.15854371886625404,119716800
1997-01-06,0.13415215909481049,0.13766992008632312,0.12946182363149092,0.13227602240440986,1882832000
1997-01-07,0.13133805990219116,0.13696647424084746,0.13133805990219116,0.136028398921718,976931200
1997-01-08,0.1322760134935379,0.13790527491026916,0.13039988945488773,0.13696636116625266,1100131200
1997-01-09,0.13321423530578613,0.13415229836213446,0.1313380966677125,0.13321423530578613,446656000
1997-01-10,0.13696643710136414,0.13696643710136414,0.1322760868282877,0.1322760868282877,353718400
1997-01-13,0.13602834939956665,0.13884340100676176,0.13602834939956665,0.13884340100676176,305748800
1997-01-14,0.13415215909481049,0.13790528420036052,0.13321409701229214,0.13790528420036052,255774400
1997-01-15,0.1294618844985962,0.1350902972160224,0.12852382197504342,0.1350902972160224,433092800
1997-01-16,0.1257096230983734,0.12852383602746936,0.12477156047225557,0.12852383602746936,671305600
1997-01-17,0.1257096230983734,0.12852383602746936,0.12477156047225557,0.1257096230983734,325147200
1997-01-20,0.12711666524410248,0.12852377732868636,0.1257095656848841,0.12664764040794002,291625600
1997-01-21,0.1294618844985962,0.1294618844985962,0.12664768440256802,0.1275857469261208,284827200
1997-01-22,0.12899287045001984,0.13133804597376364,0.1275857701459224,0.13039998327948937,205620800
1997-01-23,0.1294618844985962,0.13039995954751882,0.12852382197504342,0.1294618844985962,172345600
1997-01-24,0.12664766609668732,0.129461865785946,0.12664766609668732,0.129461865785946,188283200
1997-01-27,0.12477152049541473,0.12946185717396078,0.12477152049541473,0.12852379484839846,214043200
1997-01-28,0.12477152049541473,0.12758571999746893,0.12383260644488295,0.12758571999746893,210560000
1997-01-29,0.12477152049541473,0.12570958282097708,0.12383260644488295,0.12477152049541473,151704000
1997-01-30,0.1257096230983734,0.1257096230983734,0.12383264612089537,0.1257096230983734,139932800
1997-01-31,0.12477152049541473,0.12477152049541473,0.12383260644488295,0.12477152049541473,199628800
1997-02-03,0.12242554128170013,0.12758575604318467,0.12195650372372219,0.12664769345259952,368110400
1997-02-04,0.11539002507925034,0.12289456318921019,0.11351388742041776,0.1219565006224791,712644800
1997-02-05,0.11445190757513046,0.11726611928321254,0.11445190757513046,0.11445190757513046,394486400
1997-02-06,0.12008035182952881,0.12101841430928065,0.11445193937491005,0.11445193937491005,399504000
1997-02-07,0.11867323517799377,0.12383260940534976,0.11820419774131573,0.12383260940534976,235267200
1997-02-10,0.11726614832878113,0.12101841066000944,0.11726614832878113,0.12101841066000944,185404800
1997-02-11,0.11773514002561569,0.1200803142796992,0.11632804048331173,0.11914223956791967,140078400
1997-02-12,0.11820418387651443,0.11914224611447269,0.1163280468752319,0.11820418387651443,176265600
1997-02-13,0.1210184246301651,0.1210184246301651,0.11632808678065862,0.11820422442553527,195832000
1997-02-14,0.12242554128170013,0.12289456631430734,0.12008036601718114,0.12195650372372219,237249600
1997-02-18,0.13415215909481049,0.13415215909481049,0.12195643767050361,0.12477148816817135,368278400
1997-02-19,0.1322760134935379,0.13415215005755118,0.12852375289087445,0.13415215005755118,241292800
1997-02-20,0.127585768699646,0.1322761071685931,0.127585768699646,0.1322761071685931,124947200
1997-02-21,0.12289451062679291,0.12758569822994,0.12008031160487215,0.12664763606442145,211086400
1997-02-24,0.12477152049541473,0.12664765767190658,0.12195646926839109,0.12195646926839109,117588800
1997-02-25,0.12664766609668732,0.1303999406992776,0.12664766609668732,0.12758572848465088,138084800
1997-02-26,0.1285237967967987,0.1285237967967987,0.1257095847267143,0.12758572193164813,103174400
1997-02-27,0.127585768699646,0.12852384390865862,0.12570963080699277,0.127585768699646,102995200
1997-02-28,0.12195649743080139,0.1266476869176147,0.12195649743080139,0.1266476869176147,121878400
1997-03-03,0.1210184246301651,0.12383263736016524,0.12008036207041194,0.12383263736016524,130457600
1997-03-04,0.12383260577917099,0.12383260577917099,0.12008033144635914,0.12195646861276507,103196800
1997-03-05,0.127585768699646,0.127585768699646,0.12383265371441693,0.12477156812335213,96163200
1997-03-06,0.12477152049541473,0.12758571999746893,0.12383260644488295,0.12758571999746893,116289600
1997-03-07,0.12383260577917099,0.1257095821451747,0.12289453093328447,0.1257095821451747,70616000
1997-03-10,0.12477152049541473,0.12570958282097708,0.12336356901941818,0.12477152049541473,99187200
1997-03-11,0.12289451062679291,0.12477149920801925,0.12008031160487215,0.12477149920801925,98504000
1997-03-12,0.12195649743080139,0.12570961185006319,0.1210184223632499,0.12195649743080139,70996800
1997-03-13,0.12289451062679291,0.12289451062679291,0.12101837377039071,0.12289451062679291,105089600
1997-03-14,0.12430170178413391,0.12570964139074073,0.12195652608952931,0.12289458885214732,230417600
1997-03-17,0.12383260577917099,0.12383260577917099,0.12008033144635914,0.12195646861276507,192752000
1997-03-18,0.12195649743080139,0.12383263504053427,0.1210184223632499,0.12289455997298278,127075200
1997-03-19,0.1210184246301651,0.12289456227504175,0.11914228698528843,0.12289456227504175,208230400
1997-03-20,0.1294618844985962,0.1313380220710716,0.11914228238751721,0.12008035743643983,317038400
1997-03-21,0.12477152049541473,0.13133799435045262,0.12289453159395342,0.13133799435045262,136460800
1997-03-24,0.12383260577917099,0.12477151982465529,0.12195646861276507,0.12383260577917099,71220800
1997-03-25,0.12383260577917099,0.12477151982465529,0.12066704469349532,0.12477151982465529,112560000
1997-03-26,0.1257096230983734,0.12664769824986247,0.12195650834328847,0.12289457096940631,106836800
1997-03-27,0.13978147506713867,0.14447181234833492,0.12946187380820676,0.131338011225759,1138905600
1997-03-31,0.13696643710136414,0.14540988925717716,0.1294618866847379,0.13978148897007756,970244800
1997-04-01,0.13133805990219116,0.13368323567464133,0.13039999710843517,0.13227612269594716,220259200
1997-04-02,0.13509027659893036,0.13555931405180852,0.13227606440702938,0.13415220169317407,222432000
1997-04-03,0.1416575312614441,0.14353366760326192,0.13696634494498983,0.13884332048603656,548856000
1997-04-04,0.14447182416915894,0.14728602426306348,0.1425956865980993,0.143533761646314,475249600
1997-04-07,0.14634792506694794,0.14916212445564334,0.14447178796602878,0.1482240621678671,255259200
1997-04-08,0.14353373646736145,0.1472859984258822,0.13978146198347305,0.1472859984258822,193827200
1997-04-09,0.14259563386440277,0.1444717707416429,0.14165757168846532,0.1444717707416429,244988800
1997-04-10,0.1416575312614441,0.14353366760326192,0.13884332048603656,0.14259559316967219,116984000
1997-04-11,0.13696643710136414,0.1416576265742341,0.13602836203660082,0.1416576265742341,79564800
1997-04-14,0.14071951806545258,0.1416575929072689,0.13509026739106178,0.13790531859073776,112358400
1997-04-15,0.13837437331676483,0.14447182352694649,0.13602835903224766,0.1435337610082715,136046400
1997-04-16,0.1393124759197235,0.14259571417263364,0.13790537560067234,0.1397815135345313,86217600
1997-04-17,0.14259563386440277,0.14353370856570544,0.1360283093319113,0.13696638403321396,219464000
1997-04-18,0.13790540397167206,0.1435338189311714,0.13790540397167206,0.1435338189311714,141444800
1997-04-21,0.13509027659893036,0.13978146527662735,0.13509027659893036,0.13978146527662735,89152000
1997-04-22,0.13884340226650238,0.13884340226650238,0.13415221318688025,0.136028350633766,94651200
1997-04-23,0.13602834939956665,0.13884340100676176,0.13602834939956665,0.1379053385545145,54488000
1997-04-24,0.13415215909481049,0.13884334628287884,0.13321409701229214,0.13884334628287884,74939200
1997-04-25,0.13133805990219116,0.13415226080883258,0.13039999710843517,0.13227612269594716,87382400
1997-04-28,0.1322760134935379,0.13415215005755118,0.13133795147421282,0.1332140880382261,46771200
1997-04-29,0.13274511694908142,0.13509029195468095,0.13133801695586944,0.13509029195468095,51755200
1997-04-30,0.127585768699646,0.12946190659229923,0.12570963080699277,0.127585768699646,257633600
1997-05-01,0.127585768699646,0.12852384390865862,0.12570963080699277,0.12664770601600536,72340800
1997-05-02,0.127585768699646,0.12852384390865862,0.12570963080699277,0.127585768699646,101987200
1997-05-05,0.127585768699646,0.12852384390865862,0.12570963080699277,0.127585768699646,98492800
1997-05-06,0.12664766609668732,0.12852380339798247,0.12570959118335573,0.12758572848465088,83148800
1997-05-07,0.12383260577917099,0.1275857193115806,0.12289453093328447,0.1266476569910612,114217600
1997-05-08,0.127585768699646,0.12852384390865862,0.12383265371441693,0.12477156812335213,82936000
1997-05-09,0.12805475294589996,0.1313379897586308,0.12758571553683362,0.12758571553683362,188372800
1997-05-12,0.13180704414844513,0.13227606909256934,0.12758573197374845,0.12946186932635048,164976000
1997-05-13,0.13180704414844513,0.13415220644517137,0.12758573197374845,0.1313380066789525,197019200
1997-05-14,0.13274511694908142,0.13509029195468095,0.13133801695586944,0.1341522169422934,135643200
1997-05-15,0.13321423530578613,0.13509037394385973,0.1313380966677125,0.13321423530578613,99008000
1997-05-16,0.1294618844985962,0.13227608459462437,0.1294618844985962,0.1313380220710716,93296000
1997-05-19,0.127585768699646,0.1322761071685931,0.127585768699646,0.13133804448495245,52259200
1997-05-20,0.1294618844985962,0.13086898454661028,0.12570960935364542,0.1275857469261208,84828800
1997-05-21,0.12664766609668732,0.12852380339798247,0.12383261468240249,0.12852380339798247,122248000
1997-05-22,0.12477152049541473,0.12664765767190658,0.12383260644488295,0.12570958282097708,76764800
1997-05-23,0.12664766609668732,0.12758572848465088,0.12477152879539218,0.12477152879539218,67032000
1997-05-27,0.1294618844985962,0.13039995954751882,0.12570960935364542,0.12570960935364542,82084800
1997-05-28,0.127585768699646,0.13133804448495245,0.127585768699646,0.13039998180131185,87539200
1997-05-29,0.12477152049541473,0.12852379484839846,0.12477152049541473,0.12852379484839846,111182400
1997-05-30,0.12477152049541473,0.12758571999746893,0.12289453159395342,0.12383260644488295,177329600
1997-06-02,0.12711666524410248,0.12758570260563043,0.1257095656848841,0.12758570260563043,41585600
1997-06-03,0.12524054944515228,0.12711668668230885,0.12477152452988885,0.12570958688578332,65240000
1997-06-04,0.12477152049541473,0.12570958282097708,0.12383260644488295,0.12477152049541473,80404800
1997-06-05,0.12524054944515228,0.12852379900420197,0.1243016478896284,0.12477152452988885,64612800
1997-06-06,0.1257096230983734,0.1257096230983734,0.12383264612089537,0.12477156047225557,52875200
1997-06-09,0.12477152049541473,0.12711668257200415,0.12477152049541473,0.1252405453955123,74804800
1997-06-10,0.12195649743080139,0.12570961185006319,0.12054939735484425,0.12570961185006319,139048000
1997-06-11,0.12242554128170013,0.12336360387228529,0.12195650372372219,0.12242554128170013,105403200
1997-06-12,0.12054940313100815,0.12289456586151591,0.12008036557475832,0.12289456586151591,78691200
1997-06-13,0.11867323517799377,0.12101839731064899,0.11820419774131573,0.12054937239933844,132070400
1997-06-16,0.11632804572582245,0.1191422449372568,0.11538998349713296,0.1191422449372568,134008000
1997-06-17,0.12265999615192413,0.12383258323310707,0.11632803593382814,0.11679707327137429,142251200
1997-06-18,0.11961133033037186,0.12195650563157817,0.11820423015979645,0.12101843050094727,109648000
1997-06-19,0.11820418387651443,0.12008032087779696,0.1177351464948523,0.12008032087779696,121027200
1997-06-20,0.11679707467556,0.11820417417975035,0.11632803733237487,0.11773513683656524,110185600
1997-06-23,0.11539002507925034,0.1172661627380829,0.11539002507925034,0.1163280876459814,99545600
1997-06-24,0.11492098867893219,0.11679712635646937,0.11445195112820526,0.1158590512550155,111148800
1997-06-25,0.11351387947797775,0.11539001700553905,0.11257580445151232,0.11492097949230634,198632000
1997-06-26,0.11022976040840149,0.1135138487875091,0.1097607230219813,0.1135138487875091,381987200
1997-06-27,0.11022976040840149,0.11116783518124188,0.1097607230219813,0.11022976040840149,157953600
1997-06-30,0.10694655030965805,0.11069882528199952,0.10507041282348732,0.11069882528199952,171180800
1997-07-01,0.09897297620773315,0.10507042034280668,0.09850393867128168,0.10460138906904029,450676800
1997-07-02,0.09803404659032822,0.10038006057980826,0.09756501538997657,0.09944199191642086,249961600
1997-07-03,0.10272522270679474,0.10413232239708219,0.09756500336324697,0.09850391111056575,186782400
1997-07-07,0.10366330295801163,0.10694654011447813,0.10319426549983982,0.1046013716116712,191475200
1997-07-08,0.10319428145885468,0.10507041905631886,0.10272525019083113,0.10413235025758677,95692800
1997-07-09,0.10272522270679474,0.10413232239708219,0.10225618530157671,0.10366329125454747,142016000
1997-07-10,0.09944198280572891,0.10038005138317219,0.09568886929636317,0.09662693787380645,492508800
1997-07-11,0.1139829009771347,0.1163280759461493,0.09991103701405178,0.10038006825024395,734944000
1997-07-14,0.11726614832878113,0.11726614832878113,0.11163773604388533,0.11445193592364879,411006400
1997-07-15,0.11961133033037186,0.12008036789568731,0.11726616755453649,0.11820423015979645,418353600
1997-07-16,0.12336356937885284,0.12383260680568421,0.1172661329315141,0.11867323268664094,446252800
1997-07-17,0.13133805990219116,0.136028398921718,0.12336363059106362,0.12758578367642032,746267200
1997-07-18,0.1301654428243637,0.13462126827750753,0.12805479261772842,0.1341522307231317,317564800
1997-07-21,0.12125289440155029,0.13274506674151096,0.12008030734225286,0.1318070046092918,354916800
1997-07-22,0.12430170178413391,0.1252406037467452,0.12242556373352484,0.12289458885214732,231336000
1997-07-23,0.1210184246301651,0.12664768928997716,0.12008036207041194,0.1257096142048537,141288000
1997-07-24,0.11867323517799377,0.12101839731064899,0.11726613539332713,0.12101839731064899,133492800
1997-07-25,0.12195649743080139,0.12430167257431,0.11820422221133564,0.11914228475351703,217963200
1997-07-28,0.12336356937885284,0.12383260680568421,0.121956469623726,0.12336356937885284,110510400
1997-07-29,0.12383260577917099,0.12477151982465529,0.12289453093328447,0.12336356835622773,71243200
1997-07-30,0.13039995729923248,0.1327451198303653,0.1257096071862276,0.1271167072099812,374304000
1997-07-31,0.13133805990219116,0.13321419801507658,0.12946192178930574,0.13039999710843517,263816000
1997-08-01,0.144002765417099,0.144002765417099,0.1318070400659321,0.13227606499552905,481913600
1997-08-04,0.1482241004705429,0.14869313799831863,0.14400278777130124,0.14400278777130124,611318400
1997-08-05,0.1482241004705429,0.15010023805627587,0.14623112623410114,0.14963120052850015,247128000
1997-08-06,0.1974760890007019,0.2082647171144528,0.1876255234977643,0.1895016612447619,4190480000
1997-08-07,0.21905331313610077,0.22186751292070653,0.21295501184390872,0.21576921162851448,3755438400
1997-08-08,0.2012283354997635,0.21295502453463241,0.1960689605702757,0.20873372460616196,1814164800
1997-08-11,0.18434225022792816,0.19841411356958424,0.17636782400092463,0.19747605113862562,1550998400
1997-08-12,0.16558003425598145,0.1819970721756162,0.16417293437149827,0.18058997229113302,1048398400
1997-08-13,0.17730671167373657,0.17918284878079538,0.15338427576556946,0.16698711212265863,1201424000
1997-08-14,0.17261557281017303,0.18199710022806181,0.17027039762431107,0.1773067623817082,434448000
1997-08-15,0.17449167370796204,0.17589877351301297,0.1712084366543873,0.1735535988210163,260960000
1997-08-18,0.17730671167373657,0.1782447739645826,0.1707393863367762,0.17496069795900018,217840000
1997-08-19,0.18340417742729187,0.18387321491096845,0.17496072614825092,0.17777576519927926,289161600
1997-08-20,0.1848112940788269,0.18856356923709205,0.18152805644668735,0.18340419402581992,324307200
1997-08-21,0.18012090027332306,0.1852802738770866,0.17918283803871424,0.18387317426249036,259280000
1997-08-22,0.17730671167373657,0.1801209110716414,0.17542972284173983,0.17589876024984621,227628800
1997-08-25,0.17308460175991058,0.17777577857318944,0.1721465267219869,0.17730675357959727,138633600
1997-08-26,0.16698715090751648,0.17261556353596222,0.16604908839879368,0.16980136348442418,226206400
1997-08-27,0.17027032375335693,0.17073936109211382,0.164172888450977,0.16792516211030228,190635200
1997-08-28,0.16511096060276031,0.16886323448933502,0.16511096060276031,0.16604903533708681,95670400
1997-08-29,0.16323406994342804,0.16511104706916063,0.16135793201763288,0.16370310755621986,109670400
1997-09-02,0.16792522370815277,0.16933232371520693,0.16464197365786706,0.16511101116867494,186043200
1997-09-03,0.16886326670646667,0.17449167861016374,0.16745616686188441,0.16792520431853453,284132800
1997-09-04,0.16886326670646667,0.1716774663956312,0.16698712940523433,0.1693323041631168,122539200
1997-09-05,0.1665181666612625,0.1716775434231972,0.16511106618534827,0.16980141780556063,136707200
1997-09-08,0.1613578349351883,0.16698708452562075,0.16088879760459712,0.16698708452562075,175156800
1997-09-09,0.1637030392885208,0.1641729159053014,0.1594817275845167,0.15995076500170982,159028800
1997-09-10,0.17214658856391907,0.17355368910092162,0.16276505824154072,0.16323409592899965,274064000
1997-09-11,0.16792522370815277,0.17261556124012314,0.16558004867948284,0.1716774862185074,209876800
1997-09-12,0.16558003425598145,0.16698713414046465,0.16088884540753112,0.16651809667051412,113680000
1997-09-15,0.1613578349351883,0.1660490223898031,0.1613578349351883,0.1641728855928031,96913600
1997-09-16,0.16464197635650635,0.16616592556039111,0.16323403712661974,0.16558005139349807,134220800
1997-09-17,0.1637030392885208,0.16511097821432066,0.16276496445413458,0.16511097821432066,86766400
1997-09-18,0.16745619475841522,0.1688632948374063,0.16135790518249582,0.16135790518249582,169164800
1997-09-19,0.16464197635650635,0.16651811390512009,0.16323403712661974,0.16651811390512009,94931200
1997-09-22,0.17120839655399323,0.17308453336308866,0.16511094879309185,0.16604902346032194,200368000
1997-09-23,0.16323406994342804,0.1669871849949558,0.1627650323306362,0.1669871849949558,200536000
1997-09-24,0.1613578349351883,0.16323397173218826,0.16041976027400598,0.16276493440159712,222432000
1997-09-25,0.1585436314344406,0.1632339799250353,0.15760556925154084,0.1599507434968382,223384000
1997-09-26,0.15995079278945923,0.16464196939986034,0.15854368029342664,0.16135789276012266,208320000
1997-09-29,0.16558003425598145,0.16698713414046465,0.16182692034743215,0.16276498276196483,167238400
1997-09-30,0.1627650260925293,0.1674562161898469,0.1627650260925293,0.16511104074114075,140571200
1997-10-01,0.16159239411354065,0.16323401898312437,0.1604198067103192,0.1627649815167621,130468800
1997-10-02,0.16464197635650635,0.1651110138750022,0.1604198245410143,0.16088886205951017,135408000
1997-10-03,0.16604909300804138,0.16698715554280325,0.16276500362316046,0.16511101794790953,162232000
1997-10-06,0.16464197635650635,0.16698715142361595,0.1627649996081239,0.16651811390512009,93296000
1997-10-07,0.1637030392885208,0.16511097821432066,0.1637030392885208,0.1641729159053014,109289600
1997-10-08,0.1613578349351883,0.16370300906277943,0.15995073546877947,0.16323397173218826,108841600
1997-10-09,0.16323406994342804,0.16886332292075096,0.1590127564790459,0.15948179409183771,187331200
1997-10-10,0.17027032375335693,0.17073936109211382,0.16135783774435344,0.16135783774435344,270401600
1997-10-13,0.17027032375335693,0.1716774232442627,0.16651805009403164,0.17073936109211382,158625600
1997-10-14,0.17027032375335693,0.17073936109211382,0.16651805009403164,0.17027032375335693,165816000
1997-10-15,0.1787138730287552,0.18574938647612746,0.16604910711855014,0.16604910711855014,810868800
1997-10-16,0.1613578349351883,0.16557998505921193,0.15666749920537068,0.15854362347700598,739188800
1997-10-17,0.15103910863399506,0.158543644281389,0.14916211986589603,0.158543644281389,438670400
1997-10-20,0.14025048911571503,0.15150815194486866,0.1397814641918447,0.15103912702099834,411835200
1997-10-21,0.1430647224187851,0.14494085996750622,0.14025050983301854,0.14165762238858667,475272000
1997-10-22,0.1393124759197235,0.14447185210649263,0.1388434383049157,0.14306475178744146,151177600
1997-10-23,0.13321423530578613,0.1364974747910707,0.13321423530578613,0.13509037394385973,186782400
1997-10-24,0.12430170178413391,0.1379053841823795,0.12383266414013838,0.13602839440640413,388236800
1997-10-27,0.1257096230983734,0.13602837461252573,0.1257096230983734,0.1257096230983734,329358400
1997-10-28,0.13602834939956665,0.13884340100676176,0.11914227333108061,0.12008034830869675,343313600
1997-10-29,0.13133805990219116,0.138843451553754,0.12946192178930574,0.13837441389418928,177587200
1997-10-30,0.12383260577917099,0.1318070310673357,0.12383260577917099,0.12805475673452388,188955200
1997-10-31,0.1278202384710312,0.13039993816997184,0.12477152637525803,0.13039993816997184,267086400
1997-11-03,0.13039995729923248,0.13321415734673972,0.12805478224273004,0.13180705732298612,126011200
1997-11-04,0.1346212476491928,0.1360283475713366,0.13133801032240106,0.133214147727049,168593600
1997-11-05,0.13790540397167206,0.13978154229150516,0.13555938874042325,0.1369664893489544,387116800
1997-11-06,0.14259563386440277,0.14634790761888306,0.14165757168846532,0.14165757168846532,617086400
1997-11-07,0.1482241004705429,0.15010023805627587,0.14071955012761103,0.1416576251831625,795614400
1997-11-10,0.14025048911571503,0.16135787575203084,0.13884338929336837,0.15760560120886125,1398241600
1997-11-11,0.13790540397167206,0.14259574350856744,0.13602841392635043,0.14259574350856744,332483200
1997-11-12,0.1322760134935379,0.13884333692959425,0.1318069887465569,0.13555926187458348,208062400
1997-11-13,0.13509027659893036,0.13555931405180852,0.131338002026641,0.13509027659893036,257521600
1997-11-14,0.13837437331676483,0.1388434108387872,0.13509029651357268,0.13696643407629244,135038400
1997-11-17,0.13884340226650238,0.14212663966721023,0.1375531389547424,0.14165761469951554,205027200
1997-11-18,0.1355592906475067,0.1388433663995738,0.1355592906475067,0.1388433663995738,146641600
1997-11-19,0.13696643710136414,0.13743547463374578,0.13415222443244426,0.13415222443244426,79587200
1997-11-20,0.13884340226650238,0.13978147725262977,0.136028350633766,0.1364973881268297,128172800
1997-11-21,0.1364973932504654,0.14025050748483894,0.13509029324382568,0.1397814824995387,97776000
1997-11-24,0.1322760134935379,0.13509022460223938,0.13133795147421282,0.1318069887465569,157348800
1997-11-25,0.13039995729923248,0.13415221985411893,0.1266476822189764,0.1327451198303653,205430400
1997-11-26,0.13133805990219116,0.13274516035551187,0.12946192178930574,0.13039999710843517,60412800
1997-11-28,0.13321423530578613,0.13415229836213446,0.13086905887684988,0.13227615972406084,41316800
1997-12-01,0.13321423530578613,0.1346213361529971,0.12946195802963892,0.1327451975149235,87236800
1997-12-02,0.11914227157831192,0.13133801015540558,0.11914227157831192,0.1303999477169587,396816000
1997-12-03,0.11820418387651443,0.12101838311575522,0.1177351464948523,0.1205493582594591,343056000
1997-12-04,0.11726614832878113,0.12008034820854459,0.11726614832878113,0.12008034820854459,199640000
1997-12-05,0.11867323517799377,0.1200803349626604,0.11679709795664908,0.11679709795664908,221468800
1997-12-08,0.11679707467556,0.11820417417975035,0.11538997517136965,0.11679707467556,133582400
1997-12-09,0.11445190757513046,0.11773514413008807,0.112575770611531,0.11632804453872991,243051200
1997-12-10,0.11069883406162262,0.11304484843648363,0.10882269642665374,0.11304484843648363,194880000
1997-12-11,0.10929173231124878,0.10929173231124878,0.10413235076189321,0.10835365724528864,256939200
1997-12-12,0.10600848495960236,0.11163774965596254,0.1050704223937588,0.11069883536493136,160563200
1997-12-15,0.10460136830806732,0.10694653673680726,0.1031942622406763,0.10600846185009069,165894400
1997-12-16,0.1074155867099762,0.10788461168267763,0.1050704117449925,0.1050704117449925,185628800
1997-12-17,0.10460136830806732,0.10929171142823105,0.10460136830806732,0.10741557418016556,265294400
1997-12-18,0.10366330295801163,0.10507040280715897,0.10319426549983982,0.10507040280715897,202048000
1997-12-19,0.10272522270679474,0.10413232239708219,0.0994419796583185,0.101787154159042,190612800
1997-12-22,0.09991103410720825,0.10507040886863656,0.0989729653994318,0.1041323401608601,159476800
1997-12-23,0.09709598124027252,0.09991103278884997,0.09709598124027252,0.0985039266144103,458830400
1997-12-24,0.09850392490625381,0.0994419935853851,0.09756501702743894,0.09756501702743894,97832000
1997-12-26,0.09991103410720825,0.10038006532975428,0.09756502000671571,0.09803405122926175,107878400
1997-12-29,0.09850392490625381,0.10084909973542414,0.09662694834830766,0.09991103105629284,278196800
1997-12-30,0.09897297620773315,0.10084911382816887,0.09568889304082727,0.09756503066126299,342507200
1997-12-31,0.09850392490625381,0.10225619962277896,0.0970959795565312,0.09850392490625381,406358400
1998-01-02,0.12195649743080139,0.12195649743080139,0.1013181445239437,0.10225621332881014,718110400
1998-01-05,0.11914227157831192,0.12430165882856024,0.1139828968534323,0.12383262134665245,651873600
1998-01-06,0.1421266794204712,0.150100268931315,0.11069885392684956,0.11961134536078867,1812473600
1998-01-07,0.13133805990219116,0.14259572777952487,0.12993095944887045,0.14118862732620416,1041622400
1998-01-08,0.1364973932504654,0.1397814824995387,0.12711670566391828,0.1308689806985371,774020800
1998-01-09,0.1364973932504654,0.14540988252609752,0.13133801820920685,0.13602835573979566,886547200
1998-01-12,0.13696643710136414,0.13978148897007756,0.12852382414534466,0.13086898675651282,516398400
1998-01-13,0.14634792506694794,0.14728598735472417,0.13884337666327126,0.13978145147641421,636854400
1998-01-14,0.1482241004705429,0.14963120052850015,0.14447182529907698,0.14916216300072443,589265600
1998-01-15,0.144002765417099,0.14822407746104727,0.13978146589851875,0.144002765417099,559272000
1998-01-16,0.14118851721286774,0.14587885257438835,0.1402504426253454,0.14587885257438835,246355200
1998-01-20,0.1430647224187851,0.14494085996750622,0.13978148483986552,0.1430647224187851,241561600
1998-01-21,0.14189215004444122,0.14306473770333844,0.13931246220501575,0.140719562385544,190209600
1998-01-22,0.14447182416915894,0.14822409931127822,0.13978148650419472,0.14025051150293227,329728000
1998-01-23,0.14634792506694794,0.14775502476129562,0.14447178796602878,0.145409850253805,233161600
1998-01-26,0.145878866314888,0.14681694099076867,0.14118853051157923,0.145878866314888,146440000
1998-01-27,0.14353373646736145,0.14775503586771016,0.14259566158370554,0.14400276138382176,112235200
1998-01-28,0.144002765417099,0.14540986525662575,0.13978146589851875,0.144002765417099,151121600
1998-01-29,0.13884340226650238,0.14353375214640132,0.13884340226650238,0.14212663966721023,211881600
1998-01-30,0.13743549585342407,0.14165764844580161,0.13696645824862425,0.13743549585342407,162444800
1998-02-02,0.13274511694908142,0.13884340615323915,0.13039995446885125,0.13884340615323915,636742400
1998-02-03,0.13743549585342407,0.13978151055197433,0.13274514485616984,0.13274514485616984,402617600
1998-02-04,0.13696643710136414,0.13884341390531424,0.13509029949720758,0.13555933702958922,170195200
1998-02-05,0.13743549585342407,0.13884343534237467,0.13509032035479696,0.13696645824862425,238268800
1998-02-06,0.13884340226650238,0.14025050222032445,0.1369664256198934,0.13790533980574401,202339200
1998-02-09,0.144002765417099,0.14634794016655558,0.13790532860402707,0.13790532860402707,494670400
1998-02-10,0.145878866314888,0.14681694099076867,0.1430646673379757,0.14353370467591603,422016000
1998-02-11,0.14259563386440277,0.14634790761888306,0.14165757168846532,0.14634790761888306,211668800
1998-02-12,0.14540991187095642,0.1458789494762816,0.1430647488950745,0.1435337865003997,203750400
1998-02-13,0.14634792506694794,0.14916212445564334,0.1425956508651096,0.1440027505594573,207995200
1998-02-17,0.14728592336177826,0.1482239977673456,0.14634786148157214,0.14634786148157214,182750400
1998-02-18,0.15432238578796387,0.15572948580792362,0.14681699644792304,0.14681699644792304,494592000
1998-02-19,0.153384268283844,0.15713654231493446,0.1501001924384511,0.15666751745507274,399660800
1998-02-20,0.15010017156600952,0.15432232159473963,0.1486930721313588,0.1538532842747346,325416000
1998-02-23,0.15948179364204407,0.1622959942601137,0.15010026483959,0.15103917926246305,477489600
1998-02-24,0.15995079278945923,0.16041981776276762,0.15572948035209977,0.15995079278945923,456590400
1998-02-25,0.16745619475841522,0.17073943245118445,0.15713659242015243,0.15995080510350473,712667200
1998-02-26,0.17636781930923462,0.17683685677492103,0.16417293287896606,0.16745617008803435,595134400
1998-02-27,0.17730671167373657,0.17918284878079538,0.1693322866378238,0.17496069795900018,519601600
1998-03-02,0.17073942720890045,0.17683687739780943,0.16698715209655182,0.17683687739780943,400444800
1998-03-03,0.17355364561080933,0.174022683180734,0.16229597988498284,0.16417296936454226,334073600
1998-03-04,0.18340417742729187,0.18574935232030598,0.17167747628788366,0.17167747628788366,817824000
1998-03-05,0.1805899441242218,0.18199704378923734,0.1735535815488603,0.17449165634244826,675124800
1998-03-06,0.18340417742729187,0.18387321491096845,0.17542975110655873,0.179182877650309,666467200
1998-03-09,0.17073942720890045,0.1824661292661045,0.16886328965272615,0.17824481663336983,574929600
1998-03-10,0.1805899441242218,0.18387318085104687,0.17214648188384477,0.17261551928063876,712902400
1998-03-11,0.19606898725032806,0.19653801228929005,0.18434228409438091,0.18856358459726408,1214337600
1998-03-12,0.20263546705245972,0.20263546705245972,0.19184767801192207,0.1960689911235659,744363200
1998-03-13,0.2035743147134781,0.20451237702801722,0.19700698921064358,0.20451237702801722,566160000
1998-03-16,0.20029021799564362,0.20451236875324738,0.19653794383857365,0.20357430647666316,402360000
1998-03-17,0.19771058857440948,0.20029027624192144,0.19419283835751597,0.19888317615516404,410256000
1998-03-18,0.2021663933992386,0.2021663933992386,0.1951308811523389,0.1951308811523389,276998400
1998-03-19,0.20075929164886475,0.20216639158051236,0.19935219171721713,0.20169735409484021,160059200
1998-03-20,0.19794507324695587,0.20169734796760747,0.19513087346915137,0.20029024807870524,215476800
1998-03-23,0.19606898725032806,0.1970070498536229,0.1848113091333429,0.19466187455732945,414736000
1998-03-24,0.21014082431793213,0.21014082431793213,0.19700702279806137,0.1979450852725293,675931200
1998-03-25,0.20380885899066925,0.20826468386269553,0.19794508243930412,0.20732662140165425,387374400
1998-03-26,0.19935224950313568,0.20263548780381013,0.198414174259873,0.20075934984265723,202966400
1998-03-27,0.2021663933992386,0.20498144501293736,0.1979450810409512,0.19982121847514905,255595200
1998-03-30,0.20591948926448822,0.20638852671291794,0.2007592757082212,0.2007592757082212,250700800
1998-03-31,0.20638856291770935,0.2087337380458821,0.2045124253202452,0.2059195253870008,266896000
1998-04-01,0.20638856291770935,0.2087337380458821,0.20310448605369896,0.2059195253870008,186883200
1998-04-02,0.20498143136501312,0.2059194937569702,0.20216637993874406,0.20498143136501312,194308800
1998-04-03,0.20310449600219727,0.20451243533770738,0.20122835831283578,0.20357437275571197,203067200
1998-04-06,0.19700701534748077,0.20263542755753577,0.1965379778653007,0.20263542755753577,347592000
1998-04-07,0.19137859344482422,0.19513086806148905,0.18668740471164794,0.19372376821158177,292700800
1998-04-08,0.1876254379749298,0.1904404887748216,0.18528026372880996,0.18950157486675262,225198400
1998-04-09,0.1923166960477829,0.19419283362620599,0.18762550663925817,0.1880945441652064,170307200
1998-04-13,0.19841408729553223,0.20029022443437944,0.18762546267891708,0.192316650988304,288299200
1998-04-14,0.2021663933992386,0.20451240752304567,0.1979450810409512,0.1979450810409512,327846400
1998-04-15,0.20591948926448822,0.20638852671291794,0.19982120081136173,0.20404335199613707,557513600
1998-04-16,0.2148311734199524,0.22233654996196794,0.21154792345882756,0.2195223500242828,1837953600
1998-04-17,0.20967184007167816,0.21483122883045525,0.20779570212086076,0.21436217868603544,592166400
1998-04-20,0.21764616668224335,0.22139844060923056,0.20685753054862377,0.20732656792083862,517776000
1998-04-21,0.21764616668224335,0.21858421637594147,0.21389304103038334,0.2181151915290924,348028800
1998-04-22,0.20638856291770935,0.21764624022765505,0.20638856291770935,0.21576923837966028,284950400
1998-04-23,0.2077956199645996,0.217646195168428,0.20404334554650352,0.20591948275555158,475294400
1998-04-24,0.20967184007167816,0.2120170031161706,0.20638860178909083,0.2082647397399082,215544000
1998-04-27,0.20826470851898193,0.20826470851898193,0.20075931864089547,0.20075931864089547,409796800
1998-04-28,0.2021663933992386,0.2101408198256392,0.19700701858653674,0.20920275737122473,237171200
1998-04-29,0.20263546705245972,0.20591954421677394,0.20075932928343704,0.20216642947886126,189537600
1998-04-30,0.20545044541358948,0.20732658250909494,0.20310443171329992,0.20545044541358948,179950400
1998-05-01,0.21014082431793213,0.21201694926686798,0.20169736022113938,0.20638854936932205,184072000
1998-05-04,0.21811527013778687,0.22139852040120767,0.21670817003938952,0.21670817003938952,571144000
1998-05-05,0.22280558943748474,0.22421268933971325,0.2185842646800621,0.21952233963179346,419283200
1998-05-06,0.22749587893486023,0.22843395374161082,0.2195223057043132,0.22421265468733295,897008000
1998-05-07,0.2265578657388687,0.22984194224128232,0.224212690868914,0.22937206556251946,552899200
1998-05-08,0.2284339964389801,0.22890302140465585,0.22468172156136057,0.22561979654344994,270816000
1998-05-11,0.23218709230422974,0.2373464664466046,0.23077999254273973,0.23171804234991,665022400
1998-05-12,0.2260887771844864,0.23077997784957532,0.2246816775125828,0.22937202645275012,257812800
1998-05-13,0.2284339964389801,0.23124904805959884,0.22233654663150612,0.22561979654344994,314417600
1998-05-14,0.22561979293823242,0.22843399278879403,0.22327461804585194,0.22796496783061293,162680000
1998-05-15,0.22186753153800964,0.2279649816167947,0.21952235650380472,0.22561980658258976,272585600
1998-05-18,0.2138931006193161,0.22186752726662481,0.21295502561354612,0.2204604272833391,232388800
1998-05-19,0.2204604297876358,0.22092945477047937,0.21623827806470747,0.21717717975551434,218265600
1998-05-20,0.22186753153800964,0.2242127065722146,0.21576922973409815,0.22233655652455503,190176000
1998-05-21,0.21670813858509064,0.22280558816028626,0.21483116201806346,0.22186751321393225,130995200
1998-05-22,0.20920273661613464,0.21576919819631235,0.20498142467664537,0.21576919819631235,266593600
1998-05-26,0.20029021799564362,0.21201690454202074,0.19982118059466822,0.21060980486446115,311774400
1998-05-27,0.20075929164886475,0.2012283291345369,0.1923166795336102,0.19278570449391352,370193600
1998-05-28,0.20591948926448822,0.20920273887812854,0.2007592757082212,0.2007592757082212,298491200
1998-05-29,0.19982117414474487,0.20685753655571132,0.19841407451260432,0.20638849916987576,216720000
1998-06-01,0.19700701534748077,0.20732661652830303,0.192316678101786,0.19888315275083243,319692800
1998-06-02,0.20169736444950104,0.20498145369214452,0.19513088941445914,0.1984141269319801,179300800
1998-06-03,0.1974760890007019,0.2045124416204576,0.1965380138645176,0.2035743790096443,145140800
1998-06-04,0.2012283354997635,0.20169736047490297,0.19372378559310155,0.19982122299823749,156139200
1998-06-05,0.20169736444950104,0.20451241618239313,0.1979450894222287,0.20169736444950104,123323200
1998-06-08,0.20451244711875916,0.2077956851329318,0.2012283699047065,0.20263547012144173,126627200
1998-06-09,0.2120169699192047,0.21389312010163264,0.205450506907559,0.205450506907559,275744000
1998-06-10,0.21060986816883087,0.21764624544725633,0.20732664295124262,0.21014084315224416,229230400
1998-06-11,0.20873373746871948,0.2148311877749607,0.20873373746871948,0.2115479375944493,180118400
1998-06-12,0.21107885241508484,0.21201690215574465,0.20545044124282838,0.2073265783002472,223854400
1998-06-15,0.20638856291770935,0.2120169631847319,0.2045124253202452,0.2045124253202452,136662400
1998-06-16,0.21014082431793213,0.21107889931776924,0.20498144939493557,0.20779564934370853,129684800
1998-06-17,0.21107885241508484,0.21436207660885978,0.20967174022799592,0.21014077762369224,187174400
1998-06-18,0.20498143136501312,0.21060983076749176,0.20404335644768795,0.20826466852491501,119996800
1998-06-19,0.20310449600219727,0.20591953547338585,0.20075932075915276,0.20545051044507343,137558400
1998-06-22,0.20545044541358948,0.2068575451038769,0.20075925721257643,0.2026353943080819,134568000
1998-06-23,0.20873373746871948,0.21107891259040765,0.20451242475475476,0.2059195248176197,231056000
1998-06-24,0.2120169699192047,0.2148311951928466,0.20498146936195202,0.20826470713046008,273795200
1998-06-25,0.21436214447021484,0.21623829464693933,0.2124860193442311,0.21436214447021484,191811200
1998-06-26,0.21154789626598358,0.21483114580507212,0.2082646592522626,0.21389307092951323,111115200
1998-06-29,0.21530018746852875,0.21623826241707286,0.2106098377765452,0.21201693767399288,166185600
1998-06-30,0.21530018746852875,0.21623826241707286,0.21107888777618578,0.2148311625196252,131062400
1998-07-01,0.22468169033527374,0.22515071523576477,0.21389306549313492,0.21670811672252002,314115200
1998-07-02,0.21764616668224335,0.22561973938306684,0.21764616668224335,0.22280554020050933,298110400
1998-07-06,0.22796498239040375,0.22796498239040375,0.21858428222175016,0.2213985073027897,270950400
1998-07-07,0.22890296578407288,0.23171801672066913,0.2251506918182094,0.22796491608065586,241472000
1998-07-08,0.24438290297985077,0.24719710349317645,0.2303110236372034,0.23078007375658663,932814400
1998-07-09,0.23781552910804749,0.252356430710895,0.23593940414510087,0.24719705574936865,566608000
1998-07-10,0.24062973260879517,0.24485188435054508,0.2382845575826453,0.2415678076294029,302523200
1998-07-13,0.25470155477523804,0.2561095062037248,0.23922258126055765,0.239691631195562,715388800
1998-07-14,0.25094932317733765,0.25517062300504295,0.24860414825614435,0.2547015980410994,548531200
1998-07-15,0.25845471024513245,0.26033083504722493,0.25141833414809067,0.25282545906308057,594966400
1998-07-16,0.28143829107284546,0.2861294937341497,0.26830448678759705,0.28425334333944413,2561350400
1998-07-17,0.2767479717731476,0.2795621723814299,0.27158859564104865,0.2795621723814299,629552000
1998-07-20,0.27205759286880493,0.2748717931889337,0.2664283405033304,0.27440276815249276,383891200
1998-07-21,0.2673663794994354,0.2776859559871252,0.2668973294756326,0.27111948111053025,329504000
1998-07-22,0.2626761198043823,0.26736647134928265,0.2570477179910995,0.26220709467019104,280728000
1998-07-23,0.2622070014476776,0.26736637629245547,0.26079990149462345,0.2612689264620622,253131200
1998-07-24,0.2603308856487274,0.26642833627950135,0.25376355826374475,0.2654902611707497,271286400
1998-07-27,0.25845471024513245,0.2617379349114784,0.24954220934599822,0.257047610380879,214233600
1998-07-28,0.2523563504219055,0.2598617497123833,0.2476660269814299,0.255639599375896,225377600
1998-07-29,0.26361408829689026,0.2692433395543774,0.2528254624510896,0.2532944873952139,447720000
1998-07-30,0.27393364906311035,0.27580977361546316,0.2664282490273084,0.2687734235057992,362297600
1998-07-31,0.2598617970943451,0.2758097965159995,0.2589237222149136,0.2748717216365681,183108800
1998-08-03,0.26361408829689026,0.26689731300723335,0.24954221269000978,0.2570476138254673,301761600
1998-08-04,0.2565785348415375,0.27018138396740005,0.2551705833924535,0.2664282579611868,293921600
1998-08-05,0.27018141746520996,0.27018141746520996,0.25141834028270726,0.2532944901813143,454081600
1998-08-06,0.2767479717731476,0.2767479717731476,0.2617380167360122,0.2631451170401533,438614400
1998-08-07,0.27393364906311035,0.2805001225724448,0.2701813749076717,0.2790930228954969,298020800
1998-08-10,0.28472229838371277,0.2856603482170708,0.2720575234010268,0.27252654831770584,488600000
1998-08-11,0.2926958501338959,0.30770577361545093,0.2805001260410362,0.28331517715466675,1759475200
1998-08-12,0.30067023634910583,0.3072367090923867,0.29633124948045747,0.29832506214420623,689774400
1998-08-13,0.29597997665405273,0.30582970124661923,0.29551095169278296,0.2997322514964239,390779200
1998-08-14,0.30395349860191345,0.30582964822318914,0.2964489752690108,0.3053606233432369,450777600
1998-08-17,0.31474214792251587,0.3213086214934312,0.2992631745552685,0.3077057726961311,930876800
1998-08-18,0.31943243741989136,0.3255307371781947,0.3170872631723496,0.3184943877614591,605953600
1998-08-19,0.3077058494091034,0.32834505352753623,0.3077058494091034,0.3264689284898594,485990400
1998-08-20,0.30489155650138855,0.308644682209968,0.3020773572763012,0.3077057557264759,391921600
1998-08-21,0.32271653413772583,0.32693783270101534,0.2926958140952925,0.300201213299791,813377600
1998-08-24,0.3091137707233429,0.326468896328299,0.301139344534865,0.3259998463270329,610176000
1998-08-25,0.30629870295524597,0.31802540327847817,0.30254642839772844,0.31802540327847817,495566400
1998-08-26,0.30301547050476074,0.3086447213944924,0.2964489964623216,0.2992631960446905,406481600
1998-08-27,0.28143829107284546,0.2945720953580938,0.2673664366409879,0.2945720953580938,1114243200
1998-08-28,0.2565785348415375,0.2889435820479195,0.2561095099504052,0.27862398231218466,932254400
1998-08-31,0.23406319320201874,0.26173788921877095,0.2326560935834087,0.26079983950685226,868224000
1998-09-01,0.2561095058917999,0.26549017892092613,0.22984190794007378,0.2354703067474028,869075200
1998-09-02,0.2668972909450531,0.28050014048337485,0.2645521163168146,0.26642826603969927,843001600
1998-09-03,0.2598617970943451,0.2636140715613358,0.2551705960229276,0.26267599668190433,409752000
1998-09-04,0.26361408829689026,0.2734646392037057,0.2532944873952139,0.2664282880631091,377272000
1998-09-08,0.2870674729347229,0.2870674729347229,0.2758097977580586,0.2851913231674111,402796800
1998-09-09,0.2805001139640808,0.28612936422403895,0.2776858896458187,0.28566031431229577,354692800
1998-09-10,0.2861294448375702,0.2870675198746156,0.26830444093712735,0.2720575677597081,526881600
1998-09-11,0.2823770344257355,0.29738695429718626,0.2767477852773259,0.28894350643693706,352284800
1998-09-14,0.27909305691719055,0.29128878234591093,0.27862400693387496,0.28706748280048716,247072000
1998-09-15,0.2865983843803406,0.2894125836016734,0.2739336361594584,0.2758097606234364,433652800
1998-09-16,0.28003111481666565,0.29081974070644573,0.277685939985011,0.28988169081437337,258876800
1998-09-17,0.27018141746520996,0.2786240168567305,0.2692433425159064,0.2706504424144932,269292800
1998-09-18,0.2758098244667053,0.2758098244667053,0.2668973231107516,0.2706504496830814,305076800
1998-09-21,0.27721694111824036,0.27721694111824036,0.26502121419229824,0.2678354142347358,295870400
1998-09-22,0.2776859998703003,0.2823772022703592,0.2729956742462202,0.2786240750154132,257936000
1998-09-23,0.28753653168678284,0.28800555665843525,0.27440273024803385,0.2795621051391632,287918400
1998-09-24,0.28894364833831787,0.29691807534644254,0.28331524815050874,0.28425329814798383,482843200
1998-09-25,0.29081982374191284,0.29410307445381717,0.2823772219982915,0.2865985228701022,228289600
1998-09-28,0.2931649386882782,0.3016084154638914,0.2851913636715974,0.2983251654301611,405417600
1998-09-29,0.29644903540611267,0.3002013103591102,0.2861294338229484,0.29316493370310726,305132800
1998-09-30,0.2861294448375702,0.2945720450187607,0.2851913698005248,0.29081976992131847,167182400
1998-10-01,0.2678352892398834,0.2851912348859052,0.2654901152820645,0.2758097123806214,370216000
1998-10-02,0.26314499974250793,0.2720574994550964,0.256109501357896,0.26642824902248224,475574400
1998-10-05,0.2415677011013031,0.25939267177809167,0.23640832833928282,0.25517052189825296,551880000
1998-10-06,0.24438290297985077,0.2575167071344751,0.24391387791121097,0.25282552957057125,399862400
1998-10-07,0.23969155550003052,0.2500111267751031,0.2392225057131539,0.24297563047921034,473356800
1998-10-08,0.23124903440475464,0.23406323413411131,0.21389308258982093,0.232656134269433,689214400
1998-10-09,0.26361408829689026,0.2645521381851387,0.23078001248967683,0.2382845368493482,668236800
1998-10-12,0.2809692621231079,0.2884746652221775,0.2744027859337211,0.2814382871899415,622899200
1998-10-13,0.29081982374191284,0.29410307445381717,0.2701814927375166,0.2856604476594518,941628800
1998-10-14,0.2805001139640808,0.3100517864985717,0.2762787900120538,0.2983250877918108,2280017600
1998-10-15,0.27487173676490784,0.2795620863694766,0.2664282858125257,0.2720575370224612,840672000
1998-10-16,0.27534082531929016,0.28566040252838965,0.27393372525099224,0.2786240504617386,615563200
1998-10-19,0.28143829107284546,0.2856604436101015,0.26924341371023386,0.27534086491691145,475776000
1998-10-20,0.2706505060195923,0.2865985103770381,0.27018148096008426,0.28472238508826314,382088000
1998-10-21,0.2786240577697754,0.28096923296203025,0.2683044552392627,0.2758098575593658,430617600
1998-10-22,0.2758098244667053,0.2823771509117868,0.2720575496194572,0.27674789944120176,317374400
1998-10-23,0.26642847061157227,0.2767480785839216,0.26361426891715034,0.2758100030021963,355980800
1998-10-26,0.2809692621231079,0.28331528928403477,0.26642835776781787,0.2706505102468224,475843200
1998-10-27,0.2645520269870758,0.2922267416243138,0.26314492769540665,0.2851912201152416,538193600
1998-10-28,0.2762787938117981,0.2776858934649153,0.26361404520883336,0.26455209494375637,363708800
1998-10-29,0.2734646797180176,0.2809692302402391,0.26877350270450884,0.2734646797180176,344579200
1998-10-30,0.2786240577697754,0.2814382579801849,0.27205758226190624,0.27627888257752053,317643200
1998-11-02,0.2823770344257355,0.2833151090132578,0.27956198398916554,0.2814381081134828,253769600
1998-11-03,0.28378430008888245,0.28706755054394306,0.2800311728653303,0.2805002229593344,370451200
1998-11-04,0.2903507649898529,0.2936340153209972,0.2861294646075883,0.2894126898879915,627883200
1998-11-05,0.2865983843803406,0.29551088367326694,0.28566030962298566,0.288005483991007,607118400
1998-11-06,0.28566038608551025,0.2870675111235528,0.279562109432327,0.2842532860982063,797339200
1998-11-09,0.27487173676490784,0.28612941251047314,0.2664282858125257,0.2828461627771277,660788800
1998-11-10,0.26361408829689026,0.27205753932059623,0.262676013357905,0.271588514376472,883982400
1998-11-11,0.2518874406814575,0.2687735196189342,0.24578998986708586,0.26830446952506437,948505600
1998-11-12,0.25517064332962036,0.25845474521610573,0.2467280430017489,0.24860416805769595,595100800
1998-11-13,0.2678352892398834,0.2706503396937107,0.2603307425951538,0.2622068917817,791817600
1998-11-16,0.27018141746520996,0.275809817059557,0.2659592660443909,0.2697123674651897,384529600
1998-11-17,0.2612689733505249,0.26877352448077163,0.2607999482989129,0.26830447437841715,210728000
1998-11-18,0.2659592926502228,0.2701814444934142,0.2617379674814358,0.2640831425639309,329660800
1998-11-19,0.26830431818962097,0.27909296527819627,0.2659591692460071,0.2664281940245843,346528000
1998-11-20,0.2650212049484253,0.27580983147684407,0.26079990503200684,0.2734646565063655,399224000
1998-11-23,0.27205759286880493,0.276278893348998,0.2640831652196426,0.26689736553977134,577953600
1998-11-24,0.26971235871315,0.27580980810965794,0.2683044071351918,0.27111945856607705,319748800
1998-11-25,0.26361408829689026,0.2706504394374868,0.2622069884137808,0.2692433395543774,303800000
1998-11-27,0.26314499974250793,0.26361404966863744,0.2607998503147927,0.26314499974250793,153104000
1998-11-30,0.23969155550003052,0.26126879762392896,0.2382844311901263,0.2593926485778738,561489600
1998-12-01,0.2561095058917999,0.2612688798154294,0.23734645638366814,0.24016065578733264,865737600
1998-12-02,0.27018141746520996,0.27674789200886046,0.25141834028270726,0.2561095417035466,962483200
1998-12-03,0.25282543897628784,0.2739336637638696,0.2523563890249781,0.2725265389606747,626046400
1998-12-04,0.24578985571861267,0.25845462720346773,0.2401606063452428,0.25751655257845735,721369600
1998-12-07,0.25329452753067017,0.25329452753067017,0.2457899769311382,0.25048032731853087,566596800
1998-12-08,0.24062973260879517,0.2547016094400789,0.24016070762386077,0.2547016094400789,680108800
1998-12-09,0.24016070365905762,0.24672803031853768,0.2373465036944329,0.24532093033622532,592916800
1998-12-10,0.24016070365905762,0.24719705529572897,0.23922262865393654,0.24532093033622532,391249600
1998-12-11,0.25329452753067017,0.2551706526551828,0.2401607247816752,0.24203684990618782,689998400
1998-12-14,0.24391381442546844,0.2500112389337256,0.24203681281269174,0.2467280142063159,501446400
1998-12-15,0.2518874406814575,0.2523564657245853,0.24578998986708586,0.24578998986708586,264712000
1998-12-16,0.24625898897647858,0.2565785909696901,0.24485188894453597,0.253294514186931,374348800
1998-12-17,0.25094932317733765,0.253294498098531,0.24578994837100748,0.24719704831357592,330612800
1998-12-18,0.26408305764198303,0.2654901572288471,0.249542160152363,0.2504802348938496,791492800
1998-12-21,0.26314499974250793,0.26736632382400816,0.257047576159422,0.2654901742209563,357448000
1998-12-22,0.28519126772880554,0.28612934243010824,0.2701813460367813,0.2729955450899589,1150800000
1998-12-23,0.29879406094551086,0.30395343372671296,0.2880054388785111,0.2898815880993453,1235035200
1998-12-24,0.2945718467235565,0.3002011198308032,0.2941028220461341,0.2992630454252359,199987200
1998-12-28,0.3067677915096283,0.3086447682240767,0.2926959146869785,0.2926959146869785,725312000
1998-12-29,0.30629870295524597,0.3114589290655065,0.30207740347206463,0.3086447294100523,387352000
1998-12-30,0.30067023634910583,0.3086446603300057,0.300201211528418,0.3011392611697937,237361600
1998-12-31,0.30723676085472107,0.31052083697911304,0.2964489877555671,0.30395351140456345,271689600
1999-01-04,0.3095828592777252,0.3170873846744329,0.3002013320186183,0.3161493346565571,952884800
1999-01-05,0.3250616788864136,0.329752027260122,0.3114588569590085,0.31474210583075035,1410113600
1999-01-06,0.31333503127098083,0.331159153123127,0.30770575603946265,0.331159153123127,1348569600
1999-01-07,0.33772653341293335,0.33819555834421544,0.3161492823121292,0.3170873321746933,1429019200
1999-01-08,0.33772653341293335,0.3517984086345181,0.33022113248297785,0.3494532338766356,678832000
1999-01-11,0.34429317712783813,0.3457002776648407,0.3367886242299923,0.34335510175292033,560974400
1999-01-12,0.34616920351982117,0.3499223052951763,0.3311592513908606,0.34757630355133695,820736000
1999-01-13,0.34898433089256287,0.3550817573328259,0.3170874429760255,0.3217786458560852,1047816000
1999-01-14,0.31052085757255554,0.3452310822726454,0.308174856142729,0.3414788076739328,1723859200
1999-01-15,0.31005173921585083,0.31614918673279624,0.30020119155680114,0.31380401268391506,1006006400
1999-01-19,0.3067677915096283,0.317556418287535,0.30301551648023856,0.31474221827817744,534889600
1999-01-20,0.3044227063655853,0.3152113363288302,0.30395365619171294,0.30817498250283293,778120000
1999-01-21,0.291288822889328,0.30442262506198897,0.28143824580317567,0.30348455001552666,600488000
1999-01-22,0.29081982374191284,0.29644910168036714,0.2781550694011848,0.2828462470782447,345766400
1999-01-25,0.2955109477043152,0.2969180476198708,0.29128879623257947,0.29457202101863,385336000
1999-01-26,0.30395349860191345,0.30676772303382693,0.29738702502891534,0.29973219953014324,560044800
1999-01-27,0.30113935470581055,0.3105208811134727,0.2997322547559616,0.30770582948868497,364952000
1999-01-28,0.3067677915096283,0.3095828432441089,0.302546466444853,0.3067677915096283,336280000
1999-01-29,0.3091137707233429,0.31192797052799154,0.30020129463380685,0.3091137707233429,242715200
1999-02-01,0.30723676085472107,0.31474216127942056,0.30254641165470575,0.3128660115791207,278913600
1999-02-02,0.2941029965877533,0.3058296976638394,0.2926958966696904,0.30301549782771364,307160000
1999-02-03,0.3016084134578705,0.30442261343907107,0.2908197617371688,0.29269591175846166,338744000
1999-02-04,0.2842533588409424,0.3020775150342352,0.28331530864317755,0.3016084899353528,463780800
1999-02-05,0.27252665162086487,0.2880056320725128,0.2664283734645013,0.28706758188358017,777201600
1999-02-08,0.2833150625228882,0.28472216164791114,0.2720573927473907,0.27534064073959313,468227200
1999-02-09,0.27909305691719055,0.293164907126965,0.27815498200129546,0.2847223080361174,701153600
1999-02-10,0.28753653168678284,0.29035073161817376,0.2701814303509475,0.2767479052077723,563628800
1999-02-11,0.2973870635032654,0.29832513843526637,0.2894126374830556,0.2908197373556888,565196800
1999-02-12,0.28284621238708496,0.29363401335957773,0.27768598521223103,0.29363401335957773,428904000
1999-02-16,0.28753653168678284,0.2917578315838692,0.28425328173300135,0.2917578315838692,300227200
1999-02-17,0.2776859998703003,0.2903507783769634,0.27721697482311497,0.28612947780006864,296060800
1999-02-18,0.27018141746520996,0.2842532681761363,0.2668973159429574,0.28190726665392424,500169600
1999-02-19,0.27909305691719055,0.2828461582043272,0.2715885076915019,0.2720575326240814,361692800
1999-02-22,0.28847450017929077,0.2917577238702049,0.279562001928022,0.28050007657573844,298670400
1999-02-23,0.28847450017929077,0.2969179485813368,0.284722226639154,0.2894125497762782,322179200
1999-02-24,0.2809692621231079,0.2926959659759098,0.2805002370562743,0.2912888657246657,212755200
1999-02-25,0.27721694111824036,0.2828461929282485,0.27393371608564293,0.2800311411606779,264600000
1999-02-26,0.2612689733505249,0.277686002491099,0.25892379799098,0.2739337519767181,667251200
1999-03-01,0.25329452753067017,0.26126895487382945,0.2523564524430435,0.26126895487382945,487827200
1999-03-02,0.2598617970943451,0.2650211713551154,0.2532944713147998,0.25610952262735437,683054400
1999-03-03,0.2565785348415375,0.26361405851292524,0.2514183091111935,0.26079985906466374,293350400
1999-03-04,0.25094932317733765,0.2589237495938901,0.24297574848587064,0.2589237495938901,367270400
1999-03-05,0.24907313287258148,0.2575165820361111,0.24297568468861167,0.2575165820361111,468036800
1999-03-08,0.2579857409000397,0.2603309164237835,0.24907326226569984,0.24954228735015088,550670400
1999-03-09,0.2561095058917999,0.25798563047733175,0.25141830512693036,0.2575166055936322,319692800
1999-03-10,0.24438290297985077,0.2565786319464521,0.24344482779182774,0.2565786319464521,546280000
1999-03-11,0.2415677011013031,0.2542324723420514,0.24016060171627282,0.2420367258794039,473659200
1999-03-12,0.24907313287258148,0.2514182821272795,0.24250580812295652,0.24250580812295652,271398400
1999-03-15,0.2556396722793579,0.26267602369690723,0.24954222251206187,0.25001124747464704,352161600
1999-03-16,0.26642847061157227,0.26689749587705797,0.2622071680699394,0.262676193335425,399828800
1999-03-17,0.2556396722793579,0.27065045009036465,0.2547015973034498,0.26971237511445656,366318400
1999-03-18,0.26642847061157227,0.2673665461932975,0.2570477899465812,0.2579858404775526,227080000
1999-03-19,0.2514183521270752,0.27018143019351015,0.24672802726106954,0.2697123801713929,536502400
1999-03-22,0.26314499974250793,0.2640830745440339,0.2471970016453076,0.25517057483144545,593611200
1999-03-23,0.247666135430336,0.2584547633482354,0.2457899851920261,0.2584547633482354,415553600
1999-03-24,0.25282543897628784,0.25329446387686316,0.24391379051021544,0.2495421895200572,400153600
1999-03-25,0.25376349687576294,0.26173792246940747,0.2504802723654896,0.2579856479928556,399963200
1999-03-26,0.24954217672348022,0.2537634757643924,0.24766605216665252,0.2532944508878688,253836800
1999-03-29,0.26549023389816284,0.26595928392972595,0.25094933220936394,0.25141835719018835,568870400
1999-03-30,0.26924335956573486,0.2729956345498246,0.26267603288114977,0.26267603288114977,554523200
1999-03-31,0.26971235871315,0.278624007815512,0.26924333377908644,0.2729956084038039,422352000
1999-04-01,0.2706505060195923,0.27534085681764386,0.2683044788953075,0.2706505060195923,262057600
1999-04-05,0.2781549096107483,0.28425318407516265,0.27018133752762324,0.27018133752762324,460936000
1999-04-06,0.28519126772880554,0.28753644195669703,0.27627876896842263,0.27627876896842263,628588800
1999-04-07,0.2786240577697754,0.28706753517692857,0.2729956573489563,0.2856604100209831,411812800
1999-04-08,0.2767479717731476,0.27815507207728873,0.27018149533690755,0.2767479717731476,296408000
1999-04-09,0.2758098244667053,0.2795620993139534,0.26971237470858495,0.2720575496194572,268542400
1999-04-12,0.27205759286880493,0.2767479434361806,0.26173798993595476,0.26267606505957825,395819200
1999-04-13,0.2598617970943451,0.2762788214303477,0.2589237222149136,0.272526546963357,412384000
1999-04-14,0.26666271686553955,0.27815488850724807,0.262675918601089,0.26455204275153604,681027200
1999-04-15,0.26830431818962097,0.2715884185165938,0.2575165478765224,0.26549011941670203,1734476800
1999-04-16,0.2659592926502228,0.2706504694896174,0.26455216756013405,0.2692433694502683,502219200
1999-04-19,0.2542324662208557,0.2701813123505103,0.2514182424678258,0.2678352866902883,921816000
1999-04-20,0.2556396722793579,0.26079989879582877,0.25141834741314034,0.2542325723408646,523857600
1999-04-21,0.2579857409000397,0.2579857409000397,0.25141841273869936,0.25517068856654057,351400000
1999-04-22,0.27299562096595764,0.2748717458392799,0.2631450447664174,0.2631450447664174,740174400
1999-04-23,0.2941029965877533,0.2959799731866619,0.2720575460787146,0.2720575460787146,1046841600
1999-04-26,0.30723676085472107,0.30958278717969745,0.2945719863302985,0.2964489877555671,927931200
1999-04-27,0.3433549702167511,0.3438240202498954,0.3227166435047078,0.3227166435047078,2106048000
1999-04-28,0.3306902348995209,0.3428859622282701,0.32740698470774326,0.33491238682776175,954990400
1999-04-29,0.32271653413772583,0.33303528065958704,0.313569510475038,0.3245926584822777,789308800
1999-04-30,0.34523114562034607,0.35367459795374195,0.33022119274624046,0.33022119274624046,1472329600
1999-05-03,0.3719678521156311,0.37525195478277307,0.3433550656681575,0.3457002413336126,1470436800
1999-05-04,0.34898433089256287,0.36493233646279727,0.34663830358987113,0.3621181357902536,811238400
1999-05-05,0.3527364730834961,0.3527364730834961,0.33491232378821995,0.3475762470645069,579297600
1999-05-06,0.33397337794303894,0.35179837793671104,0.3302211036679964,0.3494532033834677,433148800
1999-05-07,0.34429317712783813,0.34429317712783813,0.3208397646592407,0.334912498530905,434716800
1999-05-10,0.3396027088165283,0.3522674600966337,0.33491235894751226,0.3508603601460764,392996800
1999-05-11,0.33585044741630554,0.3466382224873005,0.3269379456126787,0.33678849738718236,458595200
1999-05-12,0.34898433089256287,0.34898433089256287,0.3311593231148124,0.33678857618522345,395124800
1999-05-13,0.34663817286491394,0.3513293489250821,0.34147879856071695,0.34851514931383565,295523200
1999-05-14,0.3330354392528534,0.343824067460603,0.3330354392528534,0.33866469174275,226632000
1999-05-17,0.3330354392528534,0.3353814412628698,0.32271668781714735,0.328345088581808,210761600
1999-05-18,0.3396027088165283,0.3452311086187573,0.33303538230525837,0.3363194588980695,418376000
1999-05-19,0.33913367986679077,0.34335497998069736,0.3264689277999278,0.3414788549469854,298278400
1999-05-20,0.31896358728408813,0.34335504612513557,0.31896358728408813,0.3410098956439071,417715200
1999-05-21,0.329752117395401,0.33256631716857454,0.31943251646822196,0.32271661796246714,463187200
1999-05-24,0.31474214792251587,0.33256627073951395,0.31427309799197906,0.32740689685874236,260926400
1999-05-25,0.3114590346813202,0.31849456125643977,0.30723688204139027,0.31192805976603044,366508800
1999-05-26,0.3306902348995209,0.3330354100292563,0.3095828571082211,0.31333513230564974,437550400
1999-05-27,0.32646897435188293,0.3283450996531159,0.32037067155881077,0.32412379893728444,336761600
1999-05-28,0.3306902348995209,0.33256635997286516,0.3236547095103146,0.3250618095780079,201129600
1999-06-01,0.3363194465637207,0.3400717213111732,0.3330353700913515,0.33772654646267325,461025600
1999-06-02,0.34945330023765564,0.3597720510912756,0.33022119519182996,0.33397347050685006,521057600
1999-06-03,0.3560197949409485,0.3602410955035526,0.3513294442820047,0.3517984943783444,488510400
1999-06-04,0.3611798882484436,0.3616489131198712,0.3546125630698761,0.35742676239990717,368681600
1999-06-07,0.3672773838043213,0.3677464087357357,0.35648873320013885,0.3611799344422536,418286400
1999-06-08,0.3578958213329315,0.3663392712605257,0.3569577465157253,0.3658702463772893,313656000
1999-06-09,0.3635251224040985,0.363994147352548,0.3560197211994276,0.3560197211994276,353785600
1999-06-10,0.3611798882484436,0.3621179630420316,0.3550815879413036,0.3593029119870831,317049600
1999-06-11,0.34851518273353577,0.36399415885543396,0.3471072310678992,0.3611799589743292,185046400
1999-06-14,0.34100979566574097,0.3499222717183703,0.33866462082133286,0.3489842218211966,157080000
1999-06-15,0.34570014476776123,0.35086037149539234,0.33866464478739705,0.3391336697691751,130390400
1999-06-16,0.3597720265388489,0.3607101015662707,0.34804617637366264,0.34804617637366264,225019200
1999-06-17,0.34804612398147583,0.360240997299281,0.3433549228761533,0.3574267976913825,224403200
1999-06-18,0.35367441177368164,0.3546124863643566,0.3391335166217605,0.3405406159824092,208062400
1999-06-21,0.34898433089256287,0.3546127322376502,0.3452312032535993,0.3527366068062027,135150400
1999-06-22,0.34054064750671387,0.3522673450228938,0.34054064750671387,0.3475761700119725,151076800
1999-06-23,0.3278760313987732,0.33843013352330503,0.3269379563463595,0.3381956084975167,531496000
1999-06-24,0.31755635142326355,0.3274069011070186,0.3170873014866406,0.3274069011070186,433361600
1999-06-25,0.31661829352378845,0.3203705679636606,0.31568021865113666,0.3189634681800504,294134400
1999-06-28,0.31943243741989136,0.32224748822149,0.3180253378815124,0.3184943877614591,277692800
1999-06-29,0.34054064750671387,0.34194774699761965,0.3199014765068953,0.3206050262523482,380385600
1999-06-30,0.34757620096206665,0.352267376390716,0.3372574537427666,0.34288585220757317,343268800
1999-07-01,0.34007176756858826,0.34945329491300875,0.33960274255538514,0.34757631808428097,149217600
1999-07-02,0.34757620096206665,0.35179835153555944,0.33913357821412476,0.3417132775443158,123681600
1999-07-06,0.35555070638656616,0.3574268312845833,0.343824005159349,0.34476208013372645,453812800
1999-07-07,0.374313622713089,0.3808800950410665,0.35273637806478947,0.35555057691239,1099156800
1999-07-08,0.40902405977249146,0.4132453856515737,0.3818184009499063,0.3836945263011422,1625041600
1999-07-09,0.41746747493743896,0.41746747493743896,0.3977663455562738,0.40902399778435133,608697600
1999-07-12,0.40902405977249146,0.4174675382051995,0.4066789093461326,0.4165294630042097,303912000
1999-07-13,0.4029264450073242,0.4066787190043263,0.3968281449059657,0.40151934538978995,283259200
1999-07-14,0.4198126792907715,0.4249720548974379,0.4090240262647795,0.4090240262647795,624556800
1999-07-15,0.39964234828948975,0.4198125215511866,0.3851014503319849,0.41934347163998487,1691804800
1999-07-16,0.39823535084724426,0.4090239775372317,0.39776632586641986,0.40245750255199625,411499200
1999-07-19,0.40855488181114197,0.4188744817333655,0.39260688289068274,0.4048026074620734,561299200
1999-07-20,0.39682817459106445,0.4165292992108145,0.3958900997589574,0.40949294887189375,442075200
1999-07-21,0.4057406783103943,0.41606027813084046,0.39682817822562944,0.4057406783103943,718166400
1999-07-22,0.3930759131908417,0.4043335881176875,0.3836943879896742,0.4024574383920092,406728000
1999-07-23,0.40011143684387207,0.40339551301069965,0.39542108758324984,0.3963591624455212,229051200
1999-07-26,0.3822873532772064,0.39776633014488844,0.38181832829133705,0.3968282551224107,351187200
1999-07-27,0.4029264450073242,0.40480256948045923,0.39401394567089715,0.3949520204328307,395908800
1999-07-28,0.40808597207069397,0.41559134956103316,0.3977663692363468,0.40433369666275815,328910400
1999-07-29,0.40433356165885925,0.4146531610475707,0.39870431122668115,0.4005812875037792,275475200
1999-07-30,0.41793644428253174,0.4212196689750577,0.40902394331233033,0.40902394331233033,383140800
1999-08-02,0.4184054732322693,0.435291547664493,0.41652932345883614,0.4174673983455527,362443200
1999-08-03,0.4146532118320465,0.4310702618647759,0.4024574613467591,0.42591001062522527,368379200
1999-08-04,0.4038645625114441,0.4193435376782507,0.3996424112252201,0.41418416319765905,371425600
1999-08-05,0.4109000861644745,0.4118381610823525,0.3911998114684236,0.40151941213790315,322537600
1999-08-06,0.406209796667099,0.41512229880247364,0.4015194714859113,0.4057407716642022,435556800
1999-08-09,0.40855488181114197,0.4141841325343462,0.40714778206158303,0.4078513319363625,233284800
1999-08-10,0.4155912399291992,0.4202815892145031,0.402457440266246,0.40527166486786925,416225600
1999-08-11,0.44795647263526917,0.44842552278723924,0.41981273704545674,0.42028176214668167,850337600
1999-08-12,0.4503014087677002,0.4606210082119593,0.4399826610483702,0.443265910345763,666108800
1999-08-13,0.45077064633369446,0.46531155088389947,0.44936354606358875,0.4549927988692952,298435200
1999-08-16,0.45405471324920654,0.45546181340937997,0.4465493106359032,0.4488944608690312,276931200
1999-08-17,0.45264679193496704,0.45311664367765286,0.4423280400296194,0.45264679193496704,320936000
1999-08-18,0.45123958587646484,0.4653114368543478,0.4474872860080661,0.4507705358675463,468574400
1999-08-19,0.4409208595752716,0.4540546613273995,0.4395129078508823,0.4488944095373064,550020800
1999-08-20,0.4442041218280792,0.44561122186606006,0.4366987198665452,0.4446731217730868,327947200
1999-08-23,0.45593082904815674,0.460621129160031,0.4451421768424381,0.44561122689421734,355566400
1999-08-24,0.4531165063381195,0.4559307560970219,0.44983245508041486,0.45311650633811956,502264000
1999-08-25,0.460621178150177,0.4615592783535088,0.4512396751020105,0.455461827437792,295164800
1999-08-26,0.46625036001205444,0.4737549099936929,0.458745008406779,0.458745008406779,404488000
1999-08-27,0.4859505593776703,0.4878267090033986,0.47047161101951085,0.47094061084984284,446835200
1999-08-30,0.4657804071903229,0.48782670576644555,0.4653113572616365,0.48782670576644555,336593600
1999-08-31,0.489702969789505,0.4943941720728655,0.46578056366505544,0.46976819081902677,634547200
1999-09-01,0.5150324702262878,0.516439570230734,0.4953322184389191,0.5028367183949799,788625600
1999-09-02,0.5295732021331787,0.536140551839761,0.5018985074064531,0.5075277573433811,895148800
1999-09-03,0.5516196489334106,0.5647534500984919,0.5291042963997586,0.5398929477047053,1635267200
1999-09-07,0.5731967687606812,0.5849234672749403,0.5516195212468727,0.5534956707615826,984793600
1999-09-08,0.5591250658035278,0.5830466672095097,0.5591250658035278,0.5717898173059623,762204800
1999-09-09,0.5670987367630005,0.5699129874161248,0.5544339825553474,0.5666297367387193,534083200
1999-09-10,0.581170380115509,0.5830465296737787,0.5605320335540342,0.5703817310573859,458763200
1999-09-13,0.5628772974014282,0.5783562984525481,0.5614701974719221,0.5783562984525481,252000000
1999-09-14,0.5839846134185791,0.589144814102469,0.5605320662043499,0.5607665911754774,388292800
1999-09-15,0.5656915307044983,0.593835284510128,0.5647534807298611,0.5919591344593755,359576000
1999-09-16,0.5764802098274231,0.5858617120465374,0.5544339050691669,0.5708509577855913,441884800
1999-09-17,0.5774180889129639,0.5835155374848119,0.5722587401838405,0.5802322882382067,277278400
1999-09-20,0.5933660864830017,0.6013405363588431,0.5769490887380919,0.5778871384787738,456668800
1999-09-21,0.5197235941886902,0.5497434432731362,0.5178465927048319,0.5492744434095231,3357558400
1999-09-22,0.5276972055435181,0.5375478070942061,0.5179643424620264,0.5234759056617543,1123169600
1999-09-23,0.47516199946403503,0.5347336065932615,0.4728168495660899,0.5337955065529025,1143755200
1999-09-24,0.4873576760292053,0.5029543132754667,0.4728167769272262,0.4756309764130052,1179875200
1999-09-27,0.4601520001888275,0.500960495585458,0.45921390034830056,0.49814629626680806,948192000
1999-09-28,0.44748735427856445,0.4653115078441718,0.43107035095439344,0.4615592575047894,1414963200
1999-09-29,0.44326600432395935,0.459683055915016,0.435291602730646,0.4521776542482884,657283200
1999-09-30,0.47516199946403503,0.4817293510657388,0.4446730968331764,0.44701829683259775,908084800
1999-10-01,0.46320077776908875,0.468595503791953,0.4465492030748104,0.4662503040222341,614790400
1999-10-04,0.48454350233078003,0.4868886519932484,0.4681264526640784,0.4681264526640784,459356800
1999-10-05,0.5098732113838196,0.5112803116397854,0.4859507534803644,0.4925180563663175,814206400
1999-10-06,0.5042437314987183,0.5225377300363147,0.5028365817751146,0.5206615805063073,804272000
1999-10-07,0.49814626574516296,0.5150323123473605,0.48688856733394825,0.5136252127742491,605886400
1999-10-08,0.49204790592193604,0.4976771552537954,0.47656891067619295,0.49673910568643065,382804800
1999-10-11,0.5004916787147522,0.5122183830949661,0.49533232759530943,0.49533232759530943,263121600
1999-10-12,0.5079970359802246,0.5225379396678934,0.5028367835029907,0.5094041361668641,563752000
1999-10-13,0.4805566370487213,0.5215996542709627,0.4784451109453478,0.5000223575574244,636731200
1999-10-14,0.5492743849754333,0.5502124347043361,0.517846537614167,0.5197235388983421,1898803200
1999-10-15,0.559593915939331,0.5689746133310797,0.526759020096506,0.5337953698144631,1173177600
1999-10-18,0.5497434735298157,0.5572480228768311,0.5337954732304181,0.5544338231343844,776406400
1999-10-19,0.5140942335128784,0.5628771229148134,0.5136251836479524,0.5375476285854535,1022582400
1999-10-20,0.5638154745101929,0.5647535245576275,0.5253521158675605,0.5253521158675605,1081404800
1999-10-21,0.5713207721710205,0.5783563222090173,0.5431762172496047,0.5445833172369087,793452800
1999-10-22,0.5549030303955078,0.579763538684134,0.5506817295854397,0.5788254384364607,419507200
1999-10-25,0.5591250658035278,0.5713207672803838,0.5534958141773874,0.5572480640775853,326592000
1999-10-26,0.5633462071418762,0.5666294561937059,0.5502124093111548,0.562408157456266,361435200
1999-10-27,0.5731967687606812,0.575072918275391,0.5511504713428294,0.5581868211210458,443072000
1999-10-28,0.5844545960426331,0.5928972463890708,0.5708509422315141,0.5783563442082263,504089600
1999-10-29,0.6013404726982117,0.6083759702621804,0.5914899243838302,0.5914899243838302,523051200
1999-11-01,0.582577645778656,0.6055619999867297,0.5807014956857314,0.6004026498580359,278577600
1999-11-02,0.6022787094116211,0.6130673608198701,0.5802324066794906,0.5853926582883439,399235200
1999-11-03,0.6116600632667542,0.6247938603145804,0.6079069128202449,0.6125981128964479,328462400
1999-11-04,0.627608060836792,0.6407418579166712,0.6050927153064258,0.6158813632556174,379086400
1999-11-05,0.6627873778343201,0.66325722937826,0.6304223321028457,0.6351126810033604,416808000
1999-11-08,0.7232972383499146,0.7334991530304259,0.6510617704367816,0.6585663214214336,950924800
1999-11-09,0.6726379990577698,0.7092251994039112,0.6604422489085657,0.7082871495641538,809177600
1999-11-10,0.6862407922744751,0.6998435910078113,0.6613802941625522,0.6623183439247453,577897600
1999-11-11,0.6923393607139587,0.6951535611913904,0.6745143541720383,0.6874136331024456,269875200
1999-11-12,0.6801435351371765,0.6904631375587437,0.6557520800869362,0.6899940874948002,279059200
1999-11-15,0.6712310314178467,0.6970295865050852,0.6641955309806471,0.6726381315052866,259907200
1999-11-16,0.6843648552894592,0.6885861556831402,0.6641955516495122,0.675452352699328,233856000
1999-11-17,0.6773291826248169,0.7111013307496709,0.6754521811674872,0.6806124321310557,364571200
1999-11-18,0.6726379990577698,0.6838956492657458,0.6637263502249279,0.6834266493966026,364784000
1999-11-19,0.6937463283538818,0.6970295282156955,0.6609113737486269,0.671700025309621,312513600
1999-11-22,0.6801435351371765,0.6885861356792755,0.6698239327156094,0.6885861356792755,202361600
1999-11-23,0.6965605616569519,0.7148537138652683,0.6641955072503418,0.6885861096535424,543312000
1999-11-24,0.7106323838233948,0.712977533752741,0.6881170807267323,0.6979676322971605,215107200
1999-11-26,0.7134463787078857,0.7167304794712847,0.7064108808406371,0.7111012294526238,132070400
1999-11-29,0.7096942663192749,0.7486266172450985,0.6998436655850052,0.7073490665116811,464161600
1999-11-30,0.7345547676086426,0.7786464679602305,0.7308024679543831,0.7364308673343003,843180800
1999-12-01,0.7734871506690979,0.7842758017211058,0.7509717986633158,0.7580082000067844,618564800
1999-12-02,0.8269603252410889,0.8302435747367907,0.7636365268927725,0.7739561269603374,567358400
1999-12-03,0.8630785346031189,0.8672998843063698,0.8396251833992078,0.8419703832456219,647920000
1999-12-06,0.8705829381942749,0.8804334867742656,0.8363417455414202,0.8597942898461534,466782400
1999-12-07,0.8841860890388489,0.8855931389709296,0.855573234669406,0.8748053887474658,445020800
1999-12-08,0.8260223269462585,0.8846549279613309,0.8218010273748537,0.8724592275082853,412350400
1999-12-09,0.7899043560028076,0.8330580167325827,0.7570702482425782,0.8330580167325827,855198400
1999-12-10,0.7730182409286499,0.8199242015295904,0.742998384058802,0.7903733446449868,637761600
1999-12-13,0.7429983019828796,0.7692659055616843,0.742529251947966,0.7684446421380244,529961600
1999-12-14,0.712039589881897,0.7486268000349847,0.711101539790702,0.7383071969006684,435870400
1999-12-15,0.7279874086380005,0.7298644101697841,0.6834266587879135,0.699843658492355,622977600
1999-12-16,0.7378380298614502,0.7383070798834483,0.7054730272273424,0.7354928799544126,463825600
1999-12-17,0.7505026459693909,0.7655125435742403,0.7392449472077017,0.7570699458727376,495006400
1999-12-20,0.7354928851127625,0.7476886366835345,0.7251732835416647,0.7472195866582467,283987200
1999-12-21,0.7692658305168152,0.7734871301147999,0.7350237784671917,0.7368999283223425,307596800
1999-12-22,0.7500336170196533,0.7847446637824302,0.7411211174381148,0.7720799151514273,327073600
1999-12-23,0.7767704129219055,0.782399664350698,0.7584772120582746,0.7641056117619917,229532800
1999-12-27,0.7453433275222778,0.7838066765008266,0.7448743276671397,0.783337626544219,168392000
1999-12-28,0.7368999719619751,0.7476886233662003,0.7129775192718096,0.7439363234336853,247576000
1999-12-29,0.7556627988815308,0.7669196452126132,0.7167304566786108,0.7265801533795296,284502400
1999-12-30,0.7528477907180786,0.7814613879631771,0.7476884421879177,0.766919688628013,207144000
1999-12-31,0.7716109752655029,0.772080025251623,0.7467504742761059,0.757539124971593,163811200
2000-01-03,0.8400941491127014,0.84431549864423,0.7631674989791675,0.7870899493009756,535796800
2000-01-04,0.7692658305168152,0.8302436317453809,0.7594152797298118,0.8124194816500911,512377600
2000-01-05,0.7805224657058716,0.829774407685193,0.7730179179610539,0.7786463162443016,778321600
2000-01-06,0.712977409362793,0.8030379046163191,0.712977409362793,0.7964714057974143,767972800
2000-01-07,0.7467504739761353,0.7580081746532202,0.7167306235573667,0.7242351728249103,460734400
2000-01-10,0.7336167097091675,0.767388861476656,0.7111014074484417,0.7655127115419497,505064000
2000-01-11,0.6960915327072144,0.7458125425632287,0.6792054800242988,0.7200139876158402,441548800
2000-01-12,0.654344916343689,0.7167306730416629,0.6491846647215528,0.7129775213729977,976068800
2000-01-13,0.7261112928390503,0.7411212435182555,0.6942152916874769,0.7091075540043966,1032684800
2000-01-14,0.7537859678268433,0.7673887671270332,0.7458123691607932,0.750502718370148,390376000
2000-01-18,0.7800536155700684,0.7955334172685244,0.7537860150247706,0.7580081662720876,459177600
2000-01-19,0.7997547388076782,0.8161717891945548,0.7758322873045903,0.792718387685125,597643200
2000-01-20,0.8518208861351013,0.9118605840626778,0.8518208861351013,0.8668307855662604,1831132800
2000-01-21,0.8354037404060364,0.8574492377587635,0.8269602904203244,0.8574492377587635,495924800
2000-01-24,0.7974097728729248,0.8461918351843791,0.788966269822877,0.8138267769430164,440876800
2000-01-25,0.8424394726753235,0.8490068750386435,0.7683278585872426,0.7880281618209156,497145600
2000-01-26,0.8269603252410889,0.8569802239063754,0.8236771258468566,0.8255532254717124,367158400
2000-01-27,0.8255535364151001,0.8480688947569281,0.8030382281747604,0.8166410327600317,340144000
2000-01-28,0.7626986503601074,0.8321199681766505,0.755194099358323,0.8119506638162095,423348800
2000-01-31,0.77864670753479,0.7795848077877263,0.7092254350624645,0.7580084017672164,701680000
2000-02-01,0.7523790001869202,0.7880281578648236,0.7505029001299918,0.7805227556074903,318035200
2000-02-02,0.7415902614593506,0.7664507620581923,0.7279874112637873,0.756132013235965,464195200
2000-02-03,0.7753633260726929,0.7823996775460846,0.7523789233094257,0.7528479733264711,475193600
2000-02-04,0.8105436563491821,0.8255535616934128,0.777708693047526,0.7800538936859255,425320000
2000-02-07,0.856042206287384,0.8574493562935052,0.7950644033838021,0.810543404161455,441067200
2000-02-08,0.8621405959129333,0.8715211955573505,0.8349348929662456,0.8555731941729023,408643200
2000-02-09,0.845253586769104,0.8790265910176412,0.8438465369134227,0.8565112882529339,299364800
2000-02-10,0.8518208861351013,0.8546350857113496,0.8255532364710173,0.8471304867060608,302982400
2000-02-11,0.8161719441413879,0.8565114035881569,0.8124196436827107,0.8527591031294797,212251200
2000-02-14,0.8691761493682861,0.8696451994470711,0.8152338371620607,0.8203932377242477,367539200
2000-02-15,0.8930983543395996,0.9001347047626362,0.8644856061503507,0.8649546560973784,485744000
2000-02-16,0.8565115332603455,0.886532246142984,0.8415016277324404,0.8837172437998121,378246400
2000-02-17,0.8621405959129333,0.8668308957351419,0.8490067944624009,0.8644857458240377,289497600
2000-02-18,0.8349349498748779,0.8658928547082224,0.8321198980239899,0.8602644544567627,233441600
2000-02-22,0.8541659116744995,0.8776193082540932,0.80069262039025,0.826491216343707,422296000
2000-02-23,0.8724594712257385,0.8930986784135656,0.8330580589427871,0.8498273271052951,473099200
2000-02-24,0.8646026253700256,0.8940366430452236,0.8386871844611812,0.8804337908968863,376432000
2000-02-25,0.8283674716949463,0.8780885234850747,0.8264913719643588,0.8616714734578358,249144000
2000-02-28,0.8499448895454407,0.8630786924676783,0.8133577311294703,0.8264915340517079,328328000
2000-02-29,0.8602644801139832,0.8799647834082878,0.844784725611952,0.8522900277271007,368961600
2000-03-01,0.9779982566833496,0.9911320514119093,0.889345743482981,0.8898147932657293,1077003200
2000-03-02,0.91561359167099,0.9601744358558469,0.905763042435233,0.9531388875323448,311259200
2000-03-03,0.9606435298919678,0.9624028932010814,0.9006038290764972,0.9371901287774994,323366400
2000-03-06,0.9432885050773621,0.969087056603182,0.9381282536762805,0.945633654865527,210560000
2000-03-07,0.9221802949905396,0.9564223492564798,0.9090464936323053,0.9489169477265234,273011200
2000-03-08,0.91561359167099,0.9301545398567251,0.8898150447065555,0.9221800900792013,271230400
2000-03-09,0.9174898862838745,0.9381281848954733,0.8874699871779707,0.9071702860648435,276718400
2000-03-10,0.9437573552131653,0.9601744022831075,0.9081081600565268,0.9132684103648063,248606400
2000-03-13,0.9104536771774292,0.9493860326645528,0.8968508252993654,0.9165519288731344,303956800
2000-03-14,0.8574494123458862,0.932499922652194,0.8555732122150755,0.9097500441380402,428579200
2000-03-15,0.8724594712257385,0.9024801817730203,0.8565114666310177,0.8677691704593903,443609600
2000-03-16,0.9123297333717346,0.9156137848923113,0.8593254785115432,0.8804337311833891,378100800
2000-03-17,0.9381282925605774,0.9381282925605774,0.8977887886060445,0.9015419903709719,305043200
2000-03-20,0.9231184124946594,0.9475098155945444,0.9184280124137191,0.9268715141424542,204489600
2000-03-21,1.0127099752426147,1.0263127280373154,0.9127997039111622,0.9198352546358242,524328000
2000-03-22,1.0821306705474854,1.0835386217213951,0.9873798953296258,0.9965269185244412,567996800
2000-03-23,1.0605545043945312,1.1285686510958888,1.0507039544160062,1.0657138534459043,562564800
2000-03-24,1.0408536195755005,1.0802550260101282,1.0169311653208337,1.0689973238527288,446913600
2000-03-27,1.047420859336853,1.0863532134147798,1.0272507064563965,1.0328800081145326,279182400
2000-03-28,1.044137716293335,1.0657141196154403,1.0291269116879456,1.0300650118235606,202966400
2000-03-29,1.0202146768569946,1.0464822672376934,1.0043835196615716,1.0460133176413584,239836800
2000-03-30,0.9437573552131653,1.0333486915831662,0.9414121057187135,1.0023899954154316,414400000
2000-03-31,1.0192768573760986,1.0300646038511725,0.945633420620879,0.9564220689222588,404633600
2000-04-03,1.0005145072937012,1.0469522839587966,0.9714326914617025,1.0169315660379445,328563200
2000-04-04,0.95548415184021,0.9981688014984024,0.8762123017502027,0.9953546018710699,660329600
2000-04-05,0.9784684777259827,0.997230676529527,0.9306236783619641,0.949151302084068,457665600
2000-04-06,0.9395362138748169,1.0094265681042494,0.9249944613617443,0.9803447665282309,259627200
2000-04-07,0.9887874722480774,0.9897254721509655,0.9418814649261107,0.9550152672198127,242435200
2000-04-10,0.9381282925605774,0.9962927994188157,0.936252192692873,0.9883183479008152,212262400
2000-04-11,0.8963817954063416,0.9371902517546359,0.8860621933507851,0.9268715515257032,541822400
2000-04-12,0.8199241161346436,0.8930985273201758,0.7870900623670575,0.8930985273201758,941136000
2000-04-13,0.8541659116744995,0.9006036549386216,0.814295468158845,0.836810815049771,529827200
2000-04-14,0.839625358581543,0.8855932190790098,0.818048052529559,0.820393252865284,667620800
2000-04-17,0.9296858906745911,0.9301549407920618,0.8185171550195309,0.8218012573641258,409561600
2000-04-18,0.9522010087966919,0.9522010087966919,0.8959127012246231,0.9268715058662012,390924800
2000-04-19,0.9090467095375061,0.9775299325080797,0.8987271056424297,0.9470410727805532,520150400
2000-04-20,0.8921602368354797,0.9362520332180769,0.8785573878284307,0.9282783846818684,722120000
2000-04-24,0.9043559432029724,0.9043559432029725,0.8612022511350428,0.8630783504901949,443620800
2000-04-25,0.962988555431366,0.9662726059870678,0.9160825657557218,0.916551615632186,391641600
2000-04-26,0.9104536771774292,0.9606436343587821,0.9006039270141921,0.9503240325351306,366912000
2000-04-27,0.9512621164321899,0.9531391181709861,0.8749221951367011,0.8794956583740563,326603200
2000-04-28,0.9310924410820007,0.956891085522839,0.9104533451640751,0.9540768865314424,249580800
2000-05-01,0.9329695105552673,0.9390677657138649,0.9146763483276805,0.9371907628772942,226195200
2000-05-02,0.8846551179885864,0.9475099339030214,0.8818409176698156,0.9249946279024223,236432000
2000-05-03,0.8635476231575012,0.9099845762289333,0.8377490709550494,0.8926294252306746,489798400
2000-05-04,0.8307127356529236,0.8649547899250679,0.8297746356137232,0.8640166898858676,399515200
2000-05-05,0.8490067720413208,0.861202473124159,0.8309472444075243,0.8316507693216859,284076800
2000-05-08,0.8264915943145752,0.853228202082414,0.8255534940954331,0.8412669733749792,184900800
2000-05-09,0.7913113236427307,0.8349348788845643,0.7870900238130519,0.827898527443347,327140800
2000-05-10,0.7453433275222778,0.7880279758058857,0.7411211764922387,0.7809916252391405,535091200
2000-05-11,0.7716109752655029,0.7823996259609901,0.7429982246915631,0.7608223746714884,499744000
2000-05-12,0.8077291250228882,0.829305574640422,0.7862687104155464,0.7955334245993472,306913600
2000-05-15,0.7580083012580872,0.8110125116669377,0.7514409490390017,0.8110125116669377,678932800
2000-05-16,0.7931874990463257,0.8185170022871412,0.7711420474358259,0.7843926857311119,440451200
2000-05-17,0.7608224153518677,0.7781775162736321,0.75331701395497,0.7777084662624324,398092800
2000-05-18,0.756132185459137,0.7875591424112127,0.7551940852879645,0.7730182390476572,373777600
2000-05-19,0.7054729461669922,0.7448743459229592,0.7007817450653708,0.7448743459229592,740667200
2000-05-22,0.6749834418296814,0.703597053484752,0.6454325816209422,0.703597053484752,755507200
2000-05-23,0.6440252065658569,0.7007817021753202,0.6426181068491368,0.6792053047601738,517585600
2000-05-24,0.6580970883369446,0.6735760377191525,0.6229169883850082,0.6468394383157957,678462400
2000-05-25,0.6549307703971863,0.6953879137541037,0.6454324321203591,0.6641954854851831,406750400
2000-05-26,0.6482465863227844,0.674514187818703,0.6398039869726616,0.6604422870753031,181148800
2000-05-30,0.6571590304374695,0.6613803297466565,0.6135363322994583,0.6576280302930662,713059200
2000-05-31,0.6304222941398621,0.6848336347857042,0.6290151945645874,0.6519995411109534,433507200
2000-06-01,0.6688857078552246,0.6721689071402213,0.6032167120085146,0.613536311732735,903840000
2000-06-02,0.6946845054626465,0.748626821213761,0.667947847591151,0.7035970086615643,792848000
2000-06-05,0.6853027939796448,0.7148536454852032,0.673107093132805,0.700312744733098,323668800
2000-06-06,0.6970294713973999,0.7261112719199133,0.6777982215854158,0.6902284971148023,525481600
2000-06-07,0.724704384803772,0.7279876354632355,0.6876481725333635,0.7026589288101427,337019200
2000-06-08,0.7115706205368042,0.7392453308837225,0.6989058656865224,0.7326788792972072,238526400
2000-06-09,0.7186069488525391,0.735023952875836,0.708287345627714,0.7261114498508867,252358400
2000-06-12,0.6843648552894592,0.7237662642408957,0.682019705104575,0.7232972141633259,290337600
2000-06-13,0.7092253565788269,0.7106324567010326,0.6618495454961375,0.6843648509018168,351456000
2000-06-14,0.6787360906600952,0.7223587766040489,0.6763908916317986,0.7106320800421894,277446400
2000-06-15,0.6932769417762756,0.700781488005768,0.6679474010650439,0.684833494331453,248572800
2000-06-16,0.6843648552894592,0.7035969606009487,0.6684168520431931,0.7017199586669522,303564800
2000-06-19,0.7251734733581543,0.7345550274358053,0.674045353870108,0.6796746069662337,394004800
2000-06-20,0.759884238243103,0.7800535870845131,0.7383069879887898,0.7392450378145535,501390400
2000-06-21,0.8349349498748779,0.8546352525816248,0.7551940356909705,0.7580082859181803,490000000
2000-06-22,0.8067903518676758,0.8649548639434164,0.8039761517122024,0.8368111088368676,467712000
2000-06-23,0.7758323550224304,0.8199241104057502,0.7626985532418421,0.8072593586597606,204965600
2000-06-26,0.812419593334198,0.8218011455232093,0.7823997385822127,0.7880281388199338,185354400
2000-06-27,0.7767704129219055,0.8330578669608529,0.7748942629868415,0.8072593148348405,203470400
2000-06-28,0.8171097636222839,0.8311816128428416,0.7730180161592405,0.8002237149026084,286428800
2000-06-29,0.7692658305168152,0.8096052819181013,0.7664507790597863,0.7964714814099523,203660800
2000-06-30,0.7861518263816833,0.8246151753749471,0.7758322263176768,0.7927183253708227,323097600
2000-07-03,0.8002238273620605,0.8152337284912511,0.7823996762367829,0.7823996762367829,70828800
2000-07-05,0.7748942375183105,0.8283674899478883,0.761760436882407,0.7992856889167173,265216000
2000-07-06,0.7777083516120911,0.7945952517582555,0.7448743045523053,0.7880279513519134,309545600
2000-07-07,0.8171097636222839,0.8227390143454881,0.7823995662822476,0.7894350650300422,263603200
2000-07-10,0.8574494123458862,0.874336315755689,0.8067903053637592,0.8119505571441743,397796000
2000-07-11,0.8546351194381714,0.8893461207228665,0.832119768388199,0.855573119198644,357896000
2000-07-12,0.8837170004844666,0.8846550003306596,0.8461916958802164,0.8724592988799428,225433600
2000-07-13,0.8480686545372009,0.9099845572751677,0.8218010528713435,0.8780885560061487,445659200
2000-07-14,0.865892767906189,0.8855930686380652,0.8536970668925948,0.8574493667517359,190276800
2000-07-17,0.8752744793891907,0.8827789798485939,0.8574494746194153,0.8743363792556543,260002400
2000-07-18,0.8593254089355469,0.8837169095294821,0.853697009625868,0.8780885102198033,318404800
2000-07-19,0.7908423542976379,0.852759066842308,0.7767705017048911,0.8283676118543406,457872800
2000-07-20,0.8274295330047607,0.8565113373026092,0.8124195808094309,0.8255533829206176,465572800
2000-07-21,0.80397629737854,0.8349351099749207,0.7945955950930238,0.8159375269823734,196235200
2000-07-24,0.7308026552200317,0.7936566214711107,0.7129776490983303,0.7889662707521361,412171200
2000-07-25,0.7514408826828003,0.7598843342104178,0.7364309312411296,0.7551939842863049,211607200
2000-07-26,0.7514408826828003,0.7692658857837437,0.7392451311753019,0.7481576327257736,210470400
2000-07-27,0.7805224657058716,0.7992855134669055,0.7486264719167722,0.7505026213783422,294985600
2000-07-28,0.7251734733581543,0.7880282974611875,0.7035970663442707,0.7847450466277254,237893600
2000-07-31,0.7626986503601074,0.7748944037259227,0.7317407429168273,0.7378381436356358,155299200
2000-08-01,0.7401831746101379,0.7678578753640615,0.7392450746361775,0.7551939265273764,137284000
2000-08-02,0.7092253565788269,0.7495648153252937,0.7082873065311838,0.7354929623780427,162355200
2000-08-03,0.7204827070236206,0.7214208067791926,0.6641952687469297,0.6838955139183255,339897600
2000-08-04,0.7111014127731323,0.7692658688966605,0.6951534117373235,0.7425292165572742,263121600
2000-08-07,0.7195449471473694,0.736431000055386,0.7082872946336317,0.7186068971154833,187348000
2000-08-08,0.7017198801040649,0.7204829332373178,0.6951534302606639,0.7195448832886825,176674400
2000-08-09,0.712977409362793,0.7270493085133466,0.7092251601101818,0.7223589593714814,379640800
2000-08-10,0.7139154076576233,0.7270492050499051,0.7111012085932752,0.7204827071654523,251714400
2000-08-11,0.7157925367355347,0.7204828863766013,0.6838956841634927,0.7031277860709321,238056000
2000-08-14,0.7064110040664673,0.7157925045503423,0.695153353790231,0.7143846031078996,156660000
2000-08-15,0.7007818818092346,0.7195449363254901,0.6979676816544205,0.7092253339988442,114200800
2000-08-16,0.7279874086380005,0.735492809488612,0.702658709876786,0.703596809830905,143673600
2000-08-17,0.7720799446105957,0.7870898933090096,0.7251731472448265,0.7261111970176181,270900000
2000-08-18,0.7505026459693909,0.7777082920467194,0.7486264964463467,0.7711418438682609,190176000
2000-08-21,0.7580083012580872,0.7739563040522827,0.7448744986465727,0.7542551492216829,134467200
2000-08-22,0.7758323550224304,0.7927184568768537,0.7561321032648476,0.7598843532372048,276802400
2000-08-23,0.8152336478233337,0.821800998720322,0.7664507475091665,0.7725490484363071,236863200
2000-08-24,0.8422049880027771,0.8499448651404576,0.8011619552522424,0.8206277332271239,310766400
2000-08-25,0.8527590036392212,0.8630786052695941,0.8461917020297497,0.84806870376531,334460000
2000-08-28,0.8715210556983948,0.885592954936336,0.8565111567683108,0.8593253562506127,359004800
2000-08-29,0.8884082436561584,0.8921604436221353,0.8658928393952204,0.8687070394711821,267030400
2000-08-30,0.8930983543395996,0.9006037547096639,0.8811371297771771,0.8855929539695353,285392800
2000-08-31,0.9146755337715149,0.9231181311001014,0.8846547378585773,0.885123787743986,419596800
2000-09-01,0.9522010087966919,0.9550152087389459,0.9174900043674108,0.9203042043096648,256872000
2000-09-05,0.9371903538703918,0.9625199610115219,0.9343761534828711,0.9404745061830494,298642400
2000-09-06,0.8771503567695618,0.9362520530195668,0.8668307569057062,0.9212420538817523,355404000
2000-09-07,0.9306235909461975,0.9390669904467353,0.8743360979963316,0.8874698964527654,217464800
2000-09-08,0.8837170004844666,0.9249945048793956,0.8780886005954947,0.9249945048793956,195518400
2000-09-11,0.8771503567695618,0.9062321549468747,0.8724591558721074,0.8809026561481416,187381600
2000-09-12,0.8668308854103088,0.9015419895262533,0.8555731839821599,0.8607334355922928,187997600
2000-09-13,0.8705829381942749,0.8930982344557256,0.851820742425811,0.851820742425811,305984000
2000-09-14,0.8534625172615051,0.8949744914445926,0.8527588922099972,0.879026491968255,426552000
2000-09-15,0.8290709853172302,0.8733980592211129,0.8142955612237683,0.866830758722076,394514400
2000-09-18,0.9104536771774292,0.911860727084774,0.8264914660296461,0.8293056660472915,424536000
2000-09-19,0.899665892124176,0.9081084927888043,0.8790266869815003,0.8968508902789276,271510400
2000-09-20,0.9163171648979187,0.9221800380006329,0.8790263459986807,0.8916910938080321,227388000
2000-09-21,0.8508830070495605,0.894974717063283,0.8293057512142881,0.8780887135996254,510490400
2000-09-22,0.7833377718925476,0.787090072038708,0.7505028659963634,0.7551940177519838,726700800
2000-09-25,0.8030380010604858,0.8330578524410546,0.7814615507119288,0.7917803000227176,435551200
2000-09-26,0.7720799446105957,0.8218009413962071,0.7711418948378042,0.8002236923603729,290936800
2000-09-27,0.7345547676086426,0.7917802682722211,0.7242351669866106,0.7767703682345729,402259200
2000-09-28,0.8030380010604858,0.8077291523892443,0.7223590461261757,0.7401831966700055,979585600
2000-09-29,0.38650867342948914,0.4352916333288328,0.38088027310300476,0.42309588082862676,7421640800
2000-10-02,0.36399415135383606,0.40151942928884427,0.352736500336343,0.4005813543308963,2424788800
2000-10-03,0.33491238951683044,0.37525187207513944,0.33303541270325443,0.37431379700556533,2038120000
2000-10-04,0.35461267828941345,0.3564888034354407,0.3283450724901976,0.3358504749009828,1466024000
2000-10-05,0.33115917444229126,0.36774637203715105,0.33022109962233986,0.35273644844665497,873006400
2000-10-06,0.3330354392528534,0.3442930925074107,0.3152112850385357,0.3405408169807228,612656800
2000-10-09,0.32646897435188293,0.34335502894047354,0.31708742096822423,0.33960277833800756,597564800
2000-10-10,0.31333503127098083,0.3367884033039132,0.30770575603946265,0.3245926799076667,691101600
2000-10-11,0.2945718467235565,0.3152110367908335,0.28706732663118517,0.30207724359121546,1198422400
2000-10-12,0.3002012372016907,0.31239696076395257,0.29269583739961536,0.30489156096187725,1191064000
2000-10-13,0.33115917444229126,0.33209724926224266,0.3002012524413477,0.3039535016196862,1247752800
2000-10-16,0.32271653413772583,0.3489841287154948,0.32083953301761337,0.3349122567289692,820176000
2000-10-17,0.30207738280296326,0.329283056145446,0.29551090903929067,0.3255307818446711,601720000
2000-10-18,0.30207738280296326,0.3161492568931432,0.2814381832241531,0.29175778301355815,834265600
2000-10-19,0.2842533588409424,0.2973871638424309,0.2748718297827484,0.28753660968535444,1506724800
2000-10-20,0.2926958501338959,0.30582964903989845,0.2842532269170763,0.2861293765433621,791263200
2000-10-23,0.30582964420318604,0.30864469527229643,0.2917577707065879,0.3041880195688316,551292000
2000-10-24,0.2833150625228882,0.3133349223904311,0.28237698808929845,0.3105206990896619,804451200
2000-10-25,0.2776859998703003,0.2880056030395522,0.27674794977592965,0.28612947780006864,663969600
2000-10-26,0.2776859998703003,0.28331527741547213,0.2626760710769683,0.2823772022703592,721851200
2000-10-27,0.2786240577697754,0.28800558521323794,0.2683044552392627,0.28331525987946893,744503200
2000-10-30,0.28988173604011536,0.29926326350470395,0.2814382586139485,0.2870675358233686,639189600
2000-10-31,0.29363396763801575,0.30395354360493637,0.28894361794111195,0.2964490191609222,885880800
2000-11-01,0.3077058494091034,0.313335126348758,0.2917578471861169,0.2917578471861169,575366400
2000-11-02,0.33491238951683044,0.33678851460523845,0.31614933497945313,0.31708738499828704,590693600
2000-11-03,0.33397337794303894,0.3452310524931183,0.3292830538872862,0.3452310524931183,515821600
2000-11-06,0.3217785954475403,0.3396027487077066,0.3133351430273029,0.33678852342528337,393478400
2000-11-07,0.31990158557891846,0.32740696213064646,0.3123970357015546,0.32271663724534777,301963200
2000-11-08,0.30113935470581055,0.32177855748809203,0.297387079822634,0.32083963077952365,422088800
2000-11-09,0.30301547050476074,0.30770579479179727,0.28612939623481837,0.29832512116698917,476834400
2000-11-10,0.2861294448375702,0.29832517184134144,0.2861294448375702,0.29058526995011164,422251200
2000-11-13,0.29081982374191284,0.30020137747222464,0.2739337685293741,0.2814382950623451,431816000
2000-11-14,0.30395349860191345,0.30770577279373146,0.2936339241628978,0.299263174650191,409001600
2000-11-15,0.2983252704143524,0.303015622098632,0.288943740371121,0.3006704462564922,282357600
2000-11-16,0.28519126772880554,0.29738699036765226,0.28331514337693064,0.2926958152377661,239372000
2000-11-17,0.2776859998703003,0.2889436781846651,0.27393374939133314,0.2880056030395522,446180000
2000-11-20,0.2842533588409424,0.29269598597604113,0.2739337795849835,0.27909315587567024,408066400
2000-11-21,0.2823770344257355,0.292695779736299,0.2814381081134828,0.28800543184941474,301952000
2000-11-22,0.2776859998703003,0.28706755294518155,0.2758098746308167,0.2823772022703592,280532000
2000-11-24,0.28988173604011536,0.29269593625686213,0.2823771854282968,0.28308073548248347,160932800
2000-11-27,0.2805001139640808,0.2992631625645648,0.2776858896458187,0.2983250877918108,258792800
2000-11-28,0.2706505060195923,0.28519141014777116,0.26924340579032535,0.2805002326752035,269124800
2000-11-29,0.26361408829689026,0.2748717390868151,0.25892373865270096,0.271588514376472,492150400
2000-11-30,0.247666135430336,0.2551706612313509,0.2420368580409349,0.2504803357370593,809597600
2000-12-01,0.2561095058917999,0.2626759795172616,0.25235637994506305,0.25517057934872756,385705600
2000-12-04,0.2504802346229553,0.2579856091194064,0.24672796071179867,0.2579856091194064,371520800
2000-12-05,0.25517064332962036,0.261737970326698,0.24578996794840546,0.25423259332701675,613978400
2000-12-06,0.2148311734199524,0.22515074989965306,0.210140823489985,0.2195223500242828,1374464000
2000-12-07,0.2148311734199524,0.22327462495810907,0.210140823489985,0.2167081500865977,408917600
2000-12-08,0.2260887771844864,0.22984190305139524,0.21670810435488472,0.22233650304249913,435624000
2000-12-11,0.22796498239040375,0.23078003414583353,0.22327463230607694,0.22796498239040375,332511200
2000-12-12,0.23078005015850067,0.24016072592729307,0.2251507729314441,0.22890304824910923,386260000
2000-12-13,0.2251507043838501,0.23359417926583703,0.22327457982157792,0.23359417926583703,344887200
2000-12-14,0.21670813858509064,0.22890301268474492,0.21670813858509064,0.22561978794861132,263317600
2000-12-15,0.21107885241508484,0.22046037690172798,0.21014077762369224,0.21858422731894275,513945600
2000-12-18,0.2138931006193161,0.21952235227756908,0.2092027631665739,0.2185842772717991,325808000
2000-12-19,0.21014082431793213,0.22890302573534882,0.21014082431793213,0.21576922421547806,374007200
2000-12-20,0.2157692015171051,0.21952232779600048,0.20451239038083205,0.2068575651083492,565331200
2000-12-21,0.21107885241508484,0.22515070075722543,0.20826464056627342,0.21389305173852988,366844800
2000-12-22,0.2251507043838501,0.2251507043838501,0.2120169055708161,0.2120169055708161,318052000
2000-12-26,0.2204604297876358,0.22515075476828797,0.21389310304901196,0.22327462978617488,216815200
2000-12-27,0.222336545586586,0.222336545586586,0.21295501923690813,0.2153001941557409,325466400
2000-12-28,0.222336545586586,0.2242126955419473,0.21483116919226947,0.21576921911921235,305177600
2000-12-29,0.2232745885848999,0.22515071322080826,0.2176461896264407,0.2204603891056703,630336000
2001-01-02,0.2232745885848999,0.22890298754335914,0.21858423941902777,0.2232745885848999,452312000
2001-01-03,0.24578985571861267,0.2504802037929362,0.21670806435031773,0.21764613897532809,817073600
2001-01-04,0.2561095058917999,0.27768590307865654,0.25235637994506305,0.27229202923854406,739396000
2001-01-05,0.24578985571861267,0.2607998012406295,0.2410986809702532,0.2542324772422493,412356000
2001-01-08,0.24860414862632751,0.25493612342805183,0.23922262225323712,0.25423257345572003,373699200
2001-01-09,0.2579857409000397,0.2647867424036734,0.24860421213050451,0.25235648795834575,588929600
2001-01-10,0.24860414862632751,0.2551706233850039,0.24109877221328058,0.25048029858637094,580781600
2001-01-11,0.27018141746520996,0.27768594190742696,0.24391381584049024,0.24391381584049024,803734400
2001-01-12,0.2579857409000397,0.27018149532851393,0.2561096155114912,0.26830449316391697,423376800
2001-01-16,0.2570475935935974,0.27393366763761656,0.25517059213831383,0.26173791781788086,306118400
2001-01-17,0.2523563504219055,0.26361402349520213,0.2476660269814299,0.26361402349520213,840873600
2001-01-18,0.2805001139640808,0.2814381636861025,0.26455209130529284,0.26736631562355495,1227010400
2001-01-19,0.2926958501338959,0.29363392494703877,0.2805001260410362,0.2917577753207529,776664000
2001-01-22,0.28894364833831787,0.29457204852612695,0.27674792118933633,0.28612944824441333,519327200
2001-01-23,0.3077058494091034,0.3142731763422266,0.2861294470223469,0.2898817221484401,879530400
2001-01-24,0.3077058494091034,0.3105209012161334,0.2936339972745333,0.30958285122266477,717091200
2001-01-25,0.29926323890686035,0.30864476560033743,0.2964490389214258,0.30864476560033743,489708800
2001-01-26,0.29363396763801575,0.2973870690597133,0.28612941814326454,0.29269589268848756,482820800
2001-01-29,0.32553091645240784,0.3264689916781812,0.29363405410762794,0.29363405410762794,855528800
2001-01-30,0.32646897435188293,0.33022122495434886,0.3133351703657583,0.32365474882391887,692423200
2001-01-31,0.3245926797389984,0.33772647788798077,0.32177848051251096,0.3227165552715841,730704800
2001-02-01,0.3170872628688812,0.3227165377925809,0.30770573921358246,0.31052079001248695,369695200
2001-02-02,0.3095828592777252,0.329283137139388,0.307705857415326,0.3170873846744329,427341600
2001-02-05,0.30301547050476074,0.3086447213944924,0.2964489964623216,0.30770579479179727,286115200
2001-02-06,0.3170872628688812,0.32107406159095975,0.3002012166996537,0.3025463658942205,462711200
2001-02-07,0.3114590346813202,0.31333518512164976,0.2973871548565206,0.3100519343764451,393887200
2001-02-08,0.3114590346813202,0.3161493857313999,0.3030155811267651,0.30864483407157006,604128000
2001-02-09,0.2870674729347229,0.31239699783754876,0.28050014712560284,0.30770579674500526,590083200
2001-02-12,0.2955109477043152,0.30020129745665863,0.2823771467335694,0.28612942152529663,274120000
2001-02-13,0.2870674729347229,0.30676774691208464,0.2851913231674111,0.29926319794430783,237070400
2001-02-14,0.2926958501338959,0.29457197470944835,0.2776859016016074,0.2880055011189146,309120000
2001-02-15,0.30113935470581055,0.3086447561972534,0.2955109549064147,0.2955109549064147,311416000
2001-02-16,0.28519126772880554,0.2926958152377661,0.28143814224949165,0.28519126772880554,263911200
2001-02-20,0.27487173676490784,0.29175781199536643,0.27299561195352223,0.28800553732185874,314893600
2001-02-21,0.2833150625228882,0.2992630543648877,0.2739335416145702,0.2739335416145702,390258400
2001-02-22,0.2823770344257355,0.29081963056125437,0.27018131326612427,0.2861293077250974,431961600
2001-02-23,0.2823770344257355,0.2833151090132578,0.2739335865654863,0.27956198398916554,293865600
2001-02-26,0.2926958501338959,0.29551090124752644,0.27862397641475034,0.2861293765433621,206438400
2001-02-27,0.29081982374191284,0.2917578989525632,0.2805002449024387,0.2894127234513093,348516000
2001-02-28,0.27393364906311035,0.2917577717129524,0.2720574994600245,0.29081969691140946,508233600
2001-03-01,0.28143829107284546,0.28143829107284546,0.2579857347689474,0.2673664366409879,330461600
2001-03-02,0.28894364833831787,0.30676780072584814,0.2739337210954318,0.27487177109290684,406201600
2001-03-05,0.30582964420318604,0.3077057687490675,0.28894357136239923,0.2908196959082807,324172800
2001-03-06,0.32271653413772583,0.3311591312643048,0.31052078649575215,0.3109898363699379,731802400
2001-03-07,0.31896358728408813,0.32459284024553464,0.31145903560207294,0.3199016625070261,419540800
2001-03-08,0.3123970925807953,0.31708741832007814,0.30676783994810125,0.31052094224448784,204859200
2001-03-09,0.30395349860191345,0.3105208238998445,0.3002012494608288,0.30958277413994,299135200
2001-03-12,0.2795620560646057,0.29832510579755445,0.2720575075310926,0.29551090636017047,391020000
2001-03-13,0.29363396763801575,0.29363396763801575,0.27299561732775945,0.28331521834541706,443329600
2001-03-14,0.3067677915096283,0.30770584147892155,0.2767479128750032,0.2776859628442965,477775200
2001-03-15,0.2955109477043152,0.32083962296012164,0.2955109477043152,0.3133350984274044,529317600
2001-03-16,0.2945718467235565,0.304891441757195,0.28331505405963825,0.2851911778200505,470316000
2001-03-19,0.30864477157592773,0.30958284660614727,0.29269591786562654,0.29644904466089783,356008800
2001-03-20,0.2955109477043152,0.31427314833728326,0.2955109477043152,0.3109899235512327,499206400
2001-03-21,0.30207738280296326,0.3133350574302456,0.2908197081756809,0.2969180087707395,371375200
2001-03-22,0.3245926797389984,0.3264688292571447,0.3030154321856675,0.305829631412155,723301600
2001-03-23,0.34523114562034607,0.35367459795374195,0.33022119274624046,0.33115926783073335,944888000
2001-03-26,0.32691943645477295,0.3564887505853821,0.3171621742801692,0.34718287764601374,734451200
2001-03-27,0.34328025579452515,0.3459818283541649,0.3287200111926982,0.3293210286702665,543821600
2001-03-28,0.3327731490135193,0.3377265820731018,0.3227166548262994,0.33142236302898026,584662400
2001-03-29,0.3381763696670532,0.3519859688044909,0.3227167280346544,0.3267690618568046,613065600
2001-03-30,0.33127182722091675,0.3410282362101249,0.3203142355584263,0.3384771196077951,400349600
2001-04-02,0.3240674138069153,0.3401280691816786,0.3212153871125627,0.3315719640478813,340911200
2001-04-03,0.30380386114120483,0.3212152711562367,0.3021521412272119,0.3206151057554717,368687200
2001-04-04,0.2926958501338959,0.3039534994136126,0.2814381758034457,0.2965985790404565,685484800
2001-04-05,0.3132602870464325,0.3377265668040015,0.30020131199562156,0.3092071026016565,446762400
2001-04-06,0.30905741453170776,0.3158113428376601,0.29869998828816174,0.31220952329922264,324889600
2001-04-09,0.30830687284469604,0.32031431882034206,0.3011015535341467,0.31055790729507016,266582400
2001-04-10,0.33082127571105957,0.3407281647855664,0.3119086225788945,0.3137099457354199,457374400
2001-04-11,0.32721954584121704,0.3452311276203746,0.3194140611264973,0.344931044813975,334096000
2001-04-12,0.3365253508090973,0.3455311398594365,0.31746304471267084,0.3215154017830548,298933600
2001-04-16,0.32181552052497864,0.3362253056726055,0.31310981324597303,0.331571930866525,285224800
2001-04-17,0.3062053918838501,0.3183632896430172,0.2941970971078383,0.3182128349349076,685199200
2001-04-18,0.3420790135860443,0.361442232798472,0.3164124021743733,0.3237673492443474,1100842400
2001-04-19,0.38605889678001404,0.3865085825130329,0.354237700407563,0.3835069534170613,1873670400
2001-04-20,0.3758520185947418,0.38470820692983054,0.3692477164871476,0.37420114973645346,693403200
2001-04-23,0.36399415135383606,0.37525182742206636,0.36024102484771486,0.3653449372080425,541525600
2001-04-24,0.36069154739379883,0.3714986597028675,0.3528860641909779,0.365194441966391,377137600
2001-04-25,0.3710489571094513,0.3731503630680042,0.35378717197155096,0.36339312682536073,330780800
2001-04-26,0.3705984055995941,0.3917621174743777,0.3704479508907164,0.3778028714670052,799696800
2001-04-27,0.3932635486125946,0.39461433495077297,0.37149883401989026,0.37825359238540757,453012000
2001-04-30,0.38260677456855774,0.40707305471107197,0.3733000492940316,0.40076881080204546,494776800
2001-05-01,0.38921108841896057,0.39776634189494636,0.37825349405483877,0.3814056286334491,427252000
2001-05-02,0.39911702275276184,0.40076871779020923,0.38665904266550816,0.3953647485911132,368524800
2001-05-03,0.374650776386261,0.3940139925098692,0.3711985846977361,0.3898111805978815,301543200
2001-05-04,0.38650867342948914,0.388009939243829,0.35964092780297474,0.36384374060151015,281052800
2001-05-07,0.374650776386261,0.38665907166389074,0.3728494531848013,0.3845576657078969,276550400
2001-05-08,0.36879703402519226,0.3820056330510316,0.3594911635011046,0.3805052445811779,315436800
2001-05-09,0.3599409759044647,0.3684970554224325,0.35528845266512926,0.36234246488994265,324889600
2001-05-10,0.34523114562034607,0.3677464757433547,0.3444805252280117,0.3633932081375916,288976800
2001-05-11,0.3429800868034363,0.3525860431256783,0.3416293008627699,0.3453815758839968,203044800
2001-05-14,0.34958431124687195,0.35543799125525244,0.3414787707183914,0.34358017653413825,309220800
2001-05-15,0.3479335308074951,0.3827563886494126,0.3458321244606341,0.35078473084302764,237025600
2001-05-16,0.36174216866493225,0.3677463022973418,0.34297994935271825,0.3491337109883587,322330400
2001-05-17,0.35348713397979736,0.36519449627469874,0.3489842387375768,0.36369408231019895,332119200
2001-05-18,0.35318702459335327,0.3548378931671797,0.3470324093913213,0.35063505598357736,159051200
2001-05-21,0.353636771440506,0.35889031256470805,0.34598176611552517,0.35468747465519823,460997600
2001-05-22,0.3527364730834961,0.36219280000666343,0.3512352075665948,0.36024099701505935,412916000
2001-05-23,0.3486832082271576,0.35648866539115803,0.343129611401511,0.35648866539115803,281041600
2001-05-24,0.3482336103916168,0.3497340244294678,0.3395279022744769,0.34958439636288324,271756800
2001-05-25,0.34162941575050354,0.3495845060065516,0.3377266846792365,0.34823371961162464,158743200
2001-05-29,0.3222660422325134,0.3377265296848,0.31235917765010596,0.3350241314605101,515989600
2001-05-30,0.29689860343933105,0.31160846634609707,0.2896941391864724,0.31160846634609707,777078400
2001-05-31,0.29945069551467896,0.3038039882272722,0.2925463104953492,0.2971988343086619,442892800
2001-06-01,0.3135603070259094,0.31656196106845724,0.29990116911761483,0.30215217793024063,456075200
2001-06-04,0.3101082444190979,0.31686217549025275,0.30710576245454047,0.3164124645352089,281920800
2001-06-05,0.3143109977245331,0.3167124868322154,0.30545483496701137,0.3122095914210121,471794400
2001-06-06,0.3111588954925537,0.3141605502782397,0.30515475924677093,0.3141605502782397,223176800
2001-06-07,0.32511815428733826,0.3257182948766536,0.3069560918922084,0.31085799522700663,325180800
2001-06-08,0.3200141191482544,0.3249675504744629,0.31085787659667136,0.3249675504744629,342624800
2001-06-11,0.30080145597457886,0.3162619453027045,0.29945067003568193,0.31596186250232533,294000000
2001-06-12,0.3048546612262726,0.31055788770197984,0.2965986392465751,0.29674909398183796,303794400
2001-06-13,0.30725616216659546,0.3261688441767851,0.3011015461960594,0.3215154689195265,511487200
2001-06-14,0.29839998483657837,0.30695609024722104,0.2967491159980542,0.3008014740583674,297348800
2001-06-15,0.3068056106567383,0.3114589606515097,0.2904448732687249,0.3017025498079687,454624800
2001-06-18,0.30515462160110474,0.3129592511932293,0.30020119076581075,0.3063549523041833,345912000
2001-06-19,0.3030532896518707,0.3212153226674383,0.3003508665161162,0.3129593270494832,321087200
2001-06-20,0.3252677619457245,0.3279701857641069,0.2999012565357877,0.30020133936009297,431620000
2001-06-21,0.3375759720802307,0.34523097358837385,0.3167123478866822,0.32346627470326206,341331200
2001-06-22,0.3341238796710968,0.34523107519311674,0.3266184789025569,0.33742644338875605,286025600
2001-06-25,0.3600914180278778,0.3602410210291725,0.3369759256240482,0.33772654590716844,439549600
2001-06-26,0.3564887046813965,0.3567887874247572,0.3453815098059289,0.35033494175694124,272781600
2001-06-27,0.35033509135246277,0.3602411328102119,0.3377266507020755,0.35769004011593336,374130400
2001-06-28,0.3533366620540619,0.3588902855828701,0.34433087136932106,0.3459817401041685,348409600
2001-06-29,0.34898433089256287,0.37675232999790814,0.3482336853241743,0.35513809645791533,515390400
2001-07-02,0.3587406277656555,0.3636940602337297,0.3473324972310363,0.3548378983461331,230048000
2001-07-03,0.35783958435058594,0.36294349740167303,0.3527365480754214,0.352886151098549,112543200
2001-07-05,0.34808310866355896,0.3567888156055322,0.34538153708570607,0.3542377237990914,152292000
2001-07-06,0.3306717872619629,0.3446310132173744,0.3260184113345758,0.34162935803295535,302920800
2001-07-09,0.3407282829284668,0.3452311790439811,0.32541824575007083,0.33157201088388555,337467200
2001-07-10,0.317312628030777,0.3462818015588739,0.31280973296596576,0.3444804781980838,395270400
2001-07-11,0.33832669258117676,0.33847714729913186,0.3152112014674737,0.3156617389470645,470506400
2001-07-12,0.3656449019908905,0.37239965575639883,0.3497338812572904,0.3497338812572904,614801600
2001-07-13,0.37299996614456177,0.3754014552300914,0.357839559565586,0.3621928519224864,454742400
2001-07-16,0.359640896320343,0.37675222883440845,0.35889027600425183,0.37345049145283554,278667200
2001-07-17,0.37675216794013977,0.3785534910727403,0.34538150946309876,0.3599409209348331,647830400
2001-07-18,0.3120591938495636,0.3419294501651297,0.3065055942692056,0.3269195204865705,1137012800
2001-07-19,0.2996010482311249,0.3215153519716259,0.29644893988443016,0.3186633263235544,861140000
2001-07-20,0.29990118741989136,0.3011014933897464,0.29254624150814384,0.2956983504485778,444584000
2001-07-23,0.2932969033718109,0.3077058377100341,0.2928463658379996,0.301552073670233,241360000
2001-07-24,0.2865420877933502,0.29900006803218726,0.28113811852850096,0.2910449821769564,348376000
2001-07-25,0.27723535895347595,0.28969419066504665,0.26973081069078036,0.2869926194244111,443878400
2001-07-26,0.2790367007255554,0.2821888346598983,0.2679295056140523,0.2773858573156119,369140800
2001-07-27,0.28459036350250244,0.288943630673775,0.27768595421050557,0.28143822912322985,334135200
2001-07-30,0.2841406762599945,0.29059452351216375,0.2778364570791257,0.2869927030334009,243359200
2001-07-31,0.2820392847061157,0.291495613974972,0.2778364716977352,0.28924375271713787,235026400
2001-08-01,0.2860916256904602,0.29689874039183944,0.2844407568723883,0.2853410053164946,304136000
2001-08-02,0.2974998354911804,0.2982496043359203,0.2890941827344737,0.2949478658369426,252089600
2001-08-03,0.2926958501338959,0.29869998486135824,0.2851913017302192,0.2985503818815711,186054400
2001-08-06,0.2871423363685608,0.29509742452612875,0.28519138468490074,0.2857915503299589,99652000
2001-08-07,0.28894364833831787,0.29524786738079456,0.2848912903857581,0.2901448062544887,168548800
2001-08-08,0.28369006514549255,0.29569833475981455,0.2782860707660501,0.2890940344742013,276169600
2001-08-09,0.285942018032074,0.28744243221269045,0.28098858454984044,0.28459040525779966,200664800
2001-08-10,0.285491406917572,0.2899943016487428,0.2790367091917895,0.2857914896764145,186961600
2001-08-13,0.2865420877933502,0.29014473396991636,0.28158865596912247,0.28669171582408876,147996800
2001-08-14,0.281138151884079,0.2905944792138569,0.28023790357022915,0.28819299036928964,228950400
2001-08-15,0.2767857015132904,0.2842902505423788,0.27318302999100097,0.2815886790258486,289279200
2001-08-16,0.2799380123615265,0.28143840219392857,0.26973103273098087,0.27423393073018126,288092000
2001-08-17,0.271232008934021,0.2769352076826274,0.2700308265879716,0.27018130630335674,208426400
2001-08-20,0.27198201417922974,0.2736337352845186,0.2673294889565306,0.2722829488214961,252302400
2001-08-21,0.2689802050590515,0.27228279366221153,0.26567764150662576,0.27228279366221153,185701600
2001-08-22,0.2733335793018341,0.27393374497503326,0.2643269357807003,0.2692803692707957,173975200
2001-08-23,0.26732948422431946,0.2752845747405779,0.2638772907299939,0.27318316768536344,217078400
2001-08-24,0.2787366211414337,0.2794872412939636,0.26492783064151787,0.2701813700857826,290332000
2001-08-27,0.28399014472961426,0.2896941967341776,0.27258286739469106,0.2791871676069312,175644000
2001-08-28,0.276184618473053,0.2872926630524615,0.276184618473053,0.2836900174391562,171735200
2001-08-29,0.2676295042037964,0.28263945802301804,0.2676295042037964,0.27678577593844444,239971200
2001-08-30,0.2676295042037964,0.27288302060648884,0.2593735060427123,0.26627871808231734,368692800
2001-08-31,0.278436541557312,0.2791871617183123,0.2649278336311319,0.26612816454938354,216904800
2001-09-04,0.27393364906311035,0.2863916291297464,0.27288292111491913,0.27768589816781597,348213600
2001-09-05,0.278436541557312,0.28444067617112834,0.27198184446132534,0.2737831675128889,360057600
2001-09-06,0.26597860455513,0.2841406661205899,0.2649279013958123,0.27618472666758975,282368800
2001-09-07,0.2593734860420227,0.27168184161842773,0.2581731547708198,0.2626760503866891,241830400
2001-09-10,0.26072511076927185,0.26267606251225034,0.25397035369644255,0.2551706599723133,308845600
2001-09-17,0.2550210952758789,0.25622142678290916,0.236108408918083,0.24016076776619746,458007200
2001-09-18,0.24436356127262115,0.2659786450909446,0.2427126922490675,0.25367028810962733,327101600
2001-09-19,0.2554716169834137,0.25667194841552693,0.23415661559271955,0.24766615597651745,373318400
2001-09-20,0.23535767197608948,0.2544208036805382,0.23265610074693321,0.24451391522398877,411174400
2001-09-21,0.23610834777355194,0.2439138322969886,0.2203477757150833,0.22214912423447364,570516800
2001-09-24,0.24691544473171234,0.2527691255917717,0.23941006858025363,0.24181238415423084,294537600
2001-09-25,0.2332562953233719,0.24346324273175696,0.23040426903691136,0.2422620849942998,374404800
2001-09-26,0.22740252315998077,0.23850971439435728,0.22409993566646433,0.2373085571404462,493796800
2001-09-27,0.2328057438135147,0.23640839013457982,0.22815322121256143,0.2289029896939991,322240800
2001-09-28,0.2328057438135147,0.23880987879054452,0.23100442065298216,0.2358082246391477,365108800
2001-10-01,0.2332562953233719,0.24001105091371078,0.22860294576786858,0.2325056750717469,208208000
2001-10-02,0.2259012907743454,0.23760947436205723,0.2233493231454032,0.23160534124071636,235883200
2001-10-03,0.22485066950321198,0.23055472203349378,0.22259878371443453,0.22440010697001195,683043200
2001-10-04,0.23835934698581696,0.24391379636087857,0.22500111768729136,0.23040426062281727,401122400
2001-10-05,0.2422620952129364,0.24241254993932196,0.22500113539463676,0.2311548990386704,342686400
2001-10-08,0.2431630790233612,0.24541411235464036,0.2326560523466966,0.23370675501436305,207984000
2001-10-09,0.24016070365905762,0.24316318497435108,0.2346071052350099,0.24091132398788098,174025600
2001-10-10,0.252469003200531,0.2529195405895475,0.23941000726118808,0.24166186753216232,307759200
2001-10-11,0.2662786841392517,0.2662786841392517,0.25291962603609724,0.2539703291827005,334163200
2001-10-12,0.2703310251235962,0.27138172820465556,0.2530692132627877,0.2598239943130027,287812000
2001-10-15,0.2700309157371521,0.2758845961337032,0.26943075022834034,0.26943075022834034,318752000
2001-10-16,0.2703310251235962,0.27318305158280526,0.2667283783672967,0.271532182933808,202949600
2001-10-17,0.2550210952758789,0.2763352713223269,0.25457055762344677,0.2752845428656344,285538400
2001-10-18,0.27018141746520996,0.27363360943288745,0.2595239070583192,0.2595239070583192,612572800
2001-10-19,0.274684339761734,0.2761847287539273,0.26838009570746535,0.26928034413322505,166790400
2001-10-22,0.285491406917572,0.2862420271518116,0.27153216019792714,0.27333350847598414,391938400
2001-10-23,0.2722828984260559,0.2914956416186024,0.26822968806172587,0.2869927453503781,684980800
2001-10-24,0.2844407856464386,0.28654219223635247,0.26642834982164676,0.2710817006063144,374427200
2001-10-25,0.2880433201789856,0.2889435683611257,0.27258285966256207,0.276785671194243,254951200
2001-10-26,0.28023794293403625,0.28894365122130855,0.27948732256324116,0.2830899696732908,278964000
2001-10-29,0.26462695002555847,0.28023789192894377,0.2641772392244654,0.27873665146058896,239181600
2001-10-30,0.2641772925853729,0.2701814540480354,0.2560717497629998,0.260874728222764,276763200
2001-10-31,0.2635762393474579,0.2761846748957734,0.2617757428470493,0.2661281827344006,273750400
2001-11-01,0.2790367007255554,0.28188875191016066,0.2589237164249548,0.26492785144243375,312995200
2001-11-02,0.2787366211414337,0.28308988735643603,0.272582858569372,0.27798597593817126,197204000
2001-11-05,0.28624194860458374,0.28894351936709883,0.279336715298259,0.28278975781380555,235793600
2001-11-06,0.29374659061431885,0.29449721088553066,0.27813649966575893,0.2845903459844269,316019200
2001-11-07,0.29404664039611816,0.3021521810717392,0.29014473810249947,0.29209568924930884,382989600
2001-11-08,0.28083810210227966,0.29855045280807285,0.27873669578214777,0.29464769792360307,342143200
2001-11-09,0.28083810210227966,0.28894364457627403,0.27843661297561434,0.2791872333291469,134293600
2001-11-12,0.28143829107284546,0.28774253616832984,0.2695804714660055,0.2800875299246504,201499200
2001-11-13,0.29074493050575256,0.29104501327349475,0.2808380657988038,0.2863916636877626,224672000
2001-11-14,0.2943475842475891,0.2987000244974617,0.2874423737239071,0.29404667479821517,221149600
2001-11-15,0.29194536805152893,0.298700126149262,0.2886436297279032,0.29194536805152893,213029600
2001-11-16,0.2847408354282379,0.2895438137404751,0.276184730251568,0.28924373093026134,230664000
2001-11-19,0.3002012372016907,0.30095185734424157,0.2845902972038979,0.2851912893224381,332589600
2001-11-20,0.2931464612483978,0.30320295544037273,0.2926959236952021,0.29749975373974086,276584000
2001-11-21,0.2953982651233673,0.29719876163858755,0.2890940472973483,0.29434756215236413,201583200
2001-11-23,0.2977997660636902,0.29945063460765187,0.29374658205215076,0.2958479880805687,60004000
2001-11-26,0.32076480984687805,0.3234663814651791,0.2983999382350904,0.2993001865497569,460689600
2001-11-27,0.31521114706993103,0.32301660422253065,0.3077057475764491,0.3182128008425522,268553600
2001-11-28,0.30815643072128296,0.3183633802244503,0.30635510708255276,0.3129594093082598,250611200
2001-11-29,0.3065054416656494,0.31070825295012344,0.30305325049256454,0.3092070127273452,202764800
2001-11-30,0.3197140395641327,0.3218154451973361,0.3039534722643759,0.30725606045619586,303912000
2001-12-03,0.3159618377685547,0.31941402971424643,0.30920708192845714,0.3161114658198407,181165600
2001-12-04,0.33622533082962036,0.3386268199130657,0.31100843039113035,0.3159618632957791,380419200
2001-12-05,0.3566392958164215,0.36069165412864546,0.3327731784617413,0.3356252054256688,568579200
2001-12-06,0.3419294059276581,0.3527365458817978,0.3323226223055054,0.3524364630614862,338934400
2001-12-07,0.33832669258117676,0.3408786360664918,0.3302211262691796,0.3371255348603595,203515200
2001-12-10,0.33832669258117676,0.34508144807794044,0.33367334309013735,0.3345744180493189,170010400
2001-12-11,0.32691943645477295,0.3429800653493318,0.32496763330953016,0.34027766696265727,205475200
2001-12-12,0.3225661814212799,0.3290208803864356,0.31896353427488866,0.32827026000806864,192460800
2001-12-13,0.31521114706993103,0.32346631495023814,0.3077057475764491,0.32256606682069133,197842400
2001-12-14,0.3060550391674042,0.3126593417148993,0.301552118137665,0.31115892750489754,189884800
2001-12-17,0.30950722098350525,0.31521127480451167,0.3030533734210999,0.306205483163056,173712000
2001-12-18,0.3153616786003113,0.32016465647641135,0.30350301023930626,0.3135603552281905,235239200
2001-12-19,0.32451704144477844,0.32541811631418904,0.3072560843133166,0.30890695267497986,289956800
2001-12-20,0.31025782227516174,0.3222660948398937,0.309507201905564,0.3212153916573401,220864000
2001-12-21,0.31521114706993103,0.3233166869323796,0.31220949329730985,0.3153616017619214,256334400
2001-12-24,0.3206152319908142,0.3219660180114313,0.31371002046681506,0.31371002046681506,50629600
2001-12-26,0.3225661814212799,0.3347241072480587,0.3173126654471366,0.3204647750316226,146400800
2001-12-27,0.33127182722091675,0.33397337347815914,0.3239168817518655,0.3239168817518655,191508800
2001-12-28,0.33667585253715515,0.3452311053274905,0.32962101368193036,0.3297706166875315,299124000
2001-12-31,0.3287199139595032,0.3401280449757701,0.32766921086659107,0.3378761840590961,137782400
2002-01-02,0.34973394870758057,0.34973394870758057,0.32962096488548687,0.33097175056429085,529496800
2002-01-03,0.3539367914199829,0.3564887349666841,0.3417788925727737,0.34523108442603717,612007200
2002-01-04,0.355588436126709,0.3594911646408338,0.34508138302799546,0.3503348970519868,409976000
2002-01-07,0.3437306880950928,0.3602410279433414,0.3414788272025117,0.3560382156166592,444584000
2002-01-08,0.33937740325927734,0.3459817041874465,0.3371255424846707,0.3414788093125263,450038400
2002-01-09,0.32496771216392517,0.3441804799937688,0.3194141126634736,0.3422295281001895,327835200
2002-01-10,0.31866341829299927,0.32211561033465425,0.303953550045612,0.31851379023755394,452737600
2002-01-11,0.3159618377685547,0.3278196541643887,0.30920708192845714,0.3210648983242911,348801600
2002-01-14,0.31746309995651245,0.32121537493474034,0.3137099983039118,0.3153616937008052,415996000
2002-01-15,0.3257182836532593,0.32661853208232283,0.31836336145548283,0.3200142302459695,290320800
2002-01-16,0.3119086027145386,0.3213649286783812,0.3077057661243202,0.3213649286783812,566893600
2002-01-17,0.33742642402648926,0.34132832636763377,0.3282701803123967,0.3296209659957506,660576000
2002-01-18,0.3327731490135193,0.3392269961256957,0.3296210394914585,0.3302211800617564,338811200
2002-01-22,0.32751962542533875,0.33577479588050174,0.32751962542533875,0.3342743818632655,327314400
2002-01-23,0.345531165599823,0.34583207504158237,0.3240673692693065,0.32721950338990097,443279200
2002-01-24,0.34838321805000305,0.3528861132485797,0.34373069479360696,0.3438803228514264,344002400
2002-01-25,0.34898433089256287,0.3515354235923121,0.3401281410780323,0.34358033411953043,185914400
2002-01-28,0.349284291267395,0.3534871287047352,0.3410282945512271,0.35123524272931117,186446400
2002-01-29,0.34628185629844666,0.35333669612912,0.3429801185103391,0.34853371752398615,240324000
2002-01-30,0.36159268021583557,0.3623424738694697,0.34433086764411136,0.3462818191574262,471576000
2002-01-31,0.3710489571094513,0.3711985851497731,0.3618927130508629,0.3626433332752398,468445600
2002-02-01,0.3663956820964813,0.37465085289180866,0.36534497890392564,0.36534497890392564,398305600
2002-02-04,0.3805052936077118,0.38305638520773017,0.36324348411616086,0.3650448072470713,522373600
2002-02-05,0.3820057213306427,0.3899616599125708,0.3764521233357815,0.3766025780596673,456887200
2002-02-06,0.3702983558177948,0.38996165572523345,0.36249289709430266,0.3842576030677355,597576000
2002-02-07,0.3647448420524597,0.3796043159914191,0.361442277469086,0.36999835842976636,347832800
2002-02-08,0.36069154739379883,0.3698477912502392,0.35078465827881905,0.3662451449224704,355331200
2002-02-11,0.3749508857727051,0.3752518202736038,0.3563391402755996,0.35919031493257875,398602400
2002-02-12,0.3708985447883606,0.37585197749601773,0.3669958151800747,0.3701479244781883,224280000
2002-02-13,0.37540140748023987,0.37885359926873,0.3699982643936566,0.37119859544655115,312872000
2002-02-14,0.369247704744339,0.37870405842272165,0.3659451404583495,0.3760016347109306,260170400
2002-02-15,0.3587406277656555,0.37495088431880425,0.35799000749178844,0.3681969552026216,260187200
2002-02-19,0.33952781558036804,0.35829003804595894,0.33742640978954286,0.35663916968865056,390258400
2002-02-20,0.34718289971351624,0.3482336028544711,0.3354747104252835,0.3417789292710127,285443200
2002-02-21,0.32271653413772583,0.3452310032508304,0.3219658890042087,0.34403067245765145,446751200
2002-02-22,0.3413284420967102,0.34448055198468236,0.322716692288736,0.3251181817260712,406476000
2002-02-25,0.35738980770111084,0.37104894602361005,0.33562510349073493,0.34298002412592676,426848800
2002-02-26,0.35528841614723206,0.3657954460502138,0.348984198205443,0.35889023591806535,260131200
2002-02-27,0.32962098717689514,0.36399412870437986,0.31431095449870894,0.3593407791938551,1030159200
2002-02-28,0.3257182836532593,0.3390773671187529,0.32046476779770466,0.33247306528239956,456937600
2002-03-01,0.3519858121871948,0.3527364574377179,0.32751956171037594,0.32917040509463996,348992000
2002-03-04,0.3645942807197571,0.368947547306075,0.3416292450788381,0.34913379389588967,348258400
2002-03-05,0.35318702459335327,0.3666957093028661,0.3512352215241873,0.3624928971700001,274702400
2002-03-06,0.361291766166687,0.36534495055167177,0.3441804085471544,0.3524364304269447,226206400
2002-03-07,0.36594510078430176,0.3681969616453058,0.3543873419972586,0.36114212295668296,258249600
2002-03-08,0.3701479732990265,0.3766026474783705,0.3647448290320961,0.3713491312885996,269774400
2002-03-11,0.37615203857421875,0.3773532213867718,0.36174227880393317,0.3692476547981058,262785600
2002-03-12,0.3710489571094513,0.37134903986435086,0.36174225833628515,0.367896848171622,254055200
2002-03-13,0.36759594082832336,0.3729999104699472,0.3624928806175625,0.36579544428870936,200765600
2002-03-14,0.366695761680603,0.36924770560415476,0.3582901362142364,0.36474481005780357,217296800
2002-03-15,0.37450110912323,0.37465073714769853,0.36399408044370096,0.36714618904755963,240900800
2002-03-18,0.3713489770889282,0.3760014990147606,0.3650447602789784,0.37450108549390315,304556000
2002-03-19,0.37299996614456177,0.3797547475869918,0.3647447957459046,0.37059847705903215,242345600
2002-03-20,0.37405073642730713,0.37735332623494156,0.36774651644331446,0.37014800595990227,294319200
2002-03-21,0.3642942011356354,0.36474473860433515,0.3491337969317159,0.35813958626018483,616352800
2002-03-22,0.36159268021583557,0.3686466926154606,0.35829011610749123,0.3635436317291504,202193600
2002-03-25,0.35048460960388184,0.3615926574660969,0.3488337409907597,0.36129174801433106,262830400
2002-03-26,0.3521363437175751,0.35483791549460864,0.34523110781813404,0.34823358905870505,257840800
2002-03-27,0.3522860109806061,0.3560382865413779,0.34913390110767745,0.35048468724257525,127702400
2002-03-28,0.35528841614723206,0.3584405251181266,0.35213630717633754,0.35573810189643557,108455200
2002-04-01,0.36714625358581543,0.3707480735703885,0.34943390469081337,0.3509351452444018,199046400
2002-04-02,0.361291766166687,0.364744784966622,0.3582901115670787,0.360241038004932,203795200
2002-04-03,0.3564887046813965,0.3675959246075981,0.354237695819813,0.36099162423098974,214530400
2002-04-04,0.3737505078315735,0.37600154170549727,0.35528839269887424,0.35528839269887424,338497600
2002-04-05,0.3713489770889282,0.3781029046180772,0.36174219718485967,0.37450108549390315,278348000
2002-04-08,0.3686468005180359,0.3704481244976177,0.3569394346626719,0.36264348948557906,261514400
2002-04-09,0.36174216866493225,0.3752517010570953,0.36039138326559905,0.36909708769667504,191531200
2002-04-10,0.3701479732990265,0.3745012410024621,0.36039156132866046,0.36339321629090404,224980000
2002-04-11,0.37315040826797485,0.3782534690679166,0.3714987129045723,0.37570152533076767,407254400
2002-04-12,0.37615203857421875,0.3778029071567017,0.36879711730313675,0.3754014183073712,320241600
2002-04-15,0.37525179982185364,0.377502808804453,0.3722492938276471,0.37615202304959844,299370400
2002-04-16,0.38635900616645813,0.39011128077711615,0.37705228193819657,0.37750281942724895,614577600
2002-04-17,0.39191263914108276,0.3928128875254814,0.3809550453711497,0.38921106731352123,396250400
2002-04-18,0.38140562176704407,0.383056465484685,0.37345050900567733,0.3827563826790155,401710400
2002-04-19,0.3749508857727051,0.3826067416419856,0.37420109217024106,0.3826067416419856,375407200
2002-04-22,0.368196964263916,0.37420109992830325,0.36369406918420827,0.37284948739749324,269427200
2002-04-23,0.36399415135383606,0.37194923842545713,0.36159266242698795,0.3683465916980203,233469600
2002-04-24,0.3567888140678406,0.3677464067777284,0.3554380282847358,0.3647447524457495,140448000
2002-04-25,0.3620423972606659,0.36534496142545303,0.35348714405881804,0.35363674707161513,194202400
2002-04-26,0.3453814685344696,0.3657953844366076,0.3452310138436558,0.3644437722416594,304981600
2002-04-29,0.359640896320343,0.3611421369525254,0.3465818964532036,0.34763259956085985,272288800
2002-04-30,0.3642942011356354,0.36594506962186196,0.35648871777395824,0.35859014877961964,280963200
2002-05-01,0.3599409759044647,0.3645943258181498,0.35063507770070634,0.3645943258181498,214704000
2002-05-02,0.355588436126709,0.3653448440749617,0.3542376506168425,0.35738975903123726,239344000
2002-05-03,0.35288602113723755,0.3605418753689902,0.3516856902905857,0.3537871209970947,230781600
2002-05-06,0.33997756242752075,0.35273647828010307,0.3371255361694949,0.3504845924969435,249664800
2002-05-07,0.33727598190307617,0.34448044804120737,0.33232254976312414,0.3443308200009318,242748800
2002-05-08,0.3657955527305603,0.36804658740953816,0.34583216504205205,0.3482336544810644,436682400
2002-05-09,0.3630930185317993,0.3654945070763397,0.35723933853734485,0.3639940934073756,224616000
2002-05-10,0.3500349223613739,0.36459431038975776,0.34493101009241983,0.36459431038975776,235396000
2002-05-13,0.35934072732925415,0.361592587737346,0.34433077958038577,0.3530364851448553,265608000
2002-05-14,0.3844071924686432,0.38545789546447734,0.36354358726890906,0.36699577901603997,526506400
2002-05-15,0.3794546127319336,0.38996164271125916,0.3728494602591044,0.3808053984900939,335826400
2002-05-16,0.3784039318561554,0.38200572681299116,0.3714986962194063,0.37615204596065643,227052000
2002-05-17,0.37540140748023987,0.3869591656236195,0.36939727219293045,0.3826067255454584,236493600
2002-05-20,0.3713489770889282,0.3742010027897317,0.3681968686839533,0.3687970340922963,269914400
2002-05-21,0.3521363437175751,0.37525183695356806,0.3512352436249257,0.3726998681832149,280991200
2002-05-22,0.3650449216365814,0.3657955420658584,0.35003499307448666,0.3507847617785402,290875200
2002-05-23,0.37795335054397583,0.3788535988326104,0.36129173047287355,0.36699578299039304,369398400
2002-05-24,0.36249294877052307,0.37510138696392015,0.35964092203519527,0.37510138696392015,166174400
2002-05-28,0.3599409759044647,0.3632435399309653,0.35168578079899976,0.3555885354540203,149716000
2002-05-29,0.3599409759044647,0.36684618674635694,0.3519858635878908,0.3590407275377916,221793600
2002-05-30,0.36324343085289,0.36594500181600637,0.3528860059867113,0.3567887344190468,196375200
2002-05-31,0.34973394870758057,0.36399410408840566,0.3494338659649821,0.3615926154733961,365495200
2002-06-03,0.3438803553581238,0.3519858981515124,0.33892692216914017,0.3510856747471787,235110400
2002-06-04,0.3419294059276581,0.3458321359405815,0.3329227628953882,0.34342982002921624,347821600
2002-06-05,0.34102821350097656,0.3426799084562701,0.3354746165491938,0.3426799084562701,277082400
2002-06-06,0.3326227366924286,0.34868336916156006,0.33082138787443033,0.3446310106911214,259996800
2002-06-07,0.32121530175209045,0.3293208671816294,0.31416046426175587,0.32661844422183817,612376800
2002-06-10,0.32241570949554443,0.32781967992717453,0.320314303217863,0.32241570949554443,277575200
2002-06-11,0.3071057200431824,0.3257182949595694,0.30635509965570384,0.3248180715499969,349496000
2002-06-12,0.30155205726623535,0.31145894747565905,0.2993001963940506,0.30635506016843855,528718400
2002-06-13,0.2932969033718109,0.30095193312547247,0.2908945876410664,0.3005013705409225,352083200
2002-06-14,0.30170246958732605,0.30560434649703033,0.27183220263492386,0.2887931011013894,424900000
2002-06-17,0.30830687284469604,0.3096576588498049,0.2979494439640855,0.30380397726952607,324609600
2002-06-18,0.30245235562324524,0.30905750965487055,0.29990126327285926,0.3065055655792775,353360000
2002-06-19,0.25697192549705505,0.2641772178220041,0.2533701060087803,0.2607250263638826,1709467200
2002-06-20,0.25682228803634644,0.2641772081213749,0.25291955928267446,0.25772253620680796,396636800
2002-06-21,0.25291967391967773,0.26252563212188934,0.2520185736158866,0.2547209977512284,445177600
2002-06-24,0.25922366976737976,0.2661280495873293,0.2506675705863323,0.25171827302301286,431933600
2002-06-25,0.25727200508117676,0.26537754551038945,0.2530691684504216,0.2611747339303673,301201600
2002-06-26,0.24841661751270294,0.2595238095256577,0.23986051644723272,0.2521688908490234,558952800
2002-06-27,0.25607168674468994,0.259223795584644,0.24646488046418755,0.25201847794302606,251658400
2002-06-28,0.26597860455513,0.26747901858672846,0.2551706384304964,0.2566719041872318,269858400
2002-07-01,0.25607168674468994,0.26838003935892435,0.25592123203478395,0.26582809601013385,222689600
2002-07-02,0.2542703449726105,0.25757290828057006,0.25261947665571555,0.2556211305659036,305188800
2002-07-03,0.26342669129371643,0.26537764309864725,0.2514183925487261,0.2523194927975084,199029600
2002-07-05,0.28128859400749207,0.28143819699854583,0.26582810687090974,0.26582810687090974,161649600
2002-07-08,0.2703310251235962,0.27933681534000887,0.2653775925022684,0.2779860294749806,211204000
2002-07-09,0.26312658190727234,0.27453386209385044,0.2620758787318871,0.27153220731035416,226749600
2002-07-10,0.2599743604660034,0.27273242114671914,0.25892365774293014,0.26582803944482464,206880800
2002-07-11,0.274684339761734,0.2754349601204023,0.25472095453315224,0.25907339526926304,373676800
2002-07-12,0.26282644271850586,0.2820392036158352,0.25907334170118557,0.2784365573089008,443492000
2002-07-15,0.2736336588859558,0.2791872579832388,0.25231948594518044,0.261625360467079,295993600
2002-07-16,0.2680799961090088,0.2787366802319593,0.26432689455072433,0.2724324365725259,446768000
2002-07-17,0.2346070408821106,0.24316311827451287,0.2280027411441491,0.242112415437243,1215485600
2002-07-18,0.22500118613243103,0.23355644060759898,0.2213985386299881,0.23265619206924185,559462400
2002-07-19,0.22455067932605743,0.2277027896544213,0.21809597883763368,0.22064792339143888,385207200
2002-07-22,0.22395049035549164,0.2280028489259644,0.21929711434734483,0.2213985460660079,430897600
2002-07-23,0.21719563007354736,0.2271025192116759,0.21674509261296412,0.22364947586212255,399890400
2002-07-24,0.22815322875976562,0.22845331151740828,0.21389307266402743,0.2150942303688616,406593600
2002-07-25,0.21554477512836456,0.22440011013807612,0.2102912600063783,0.22410002737028997,479354400
2002-07-26,0.2152438759803772,0.21809590242218166,0.2071391608396668,0.21704519934753427,207704000
2002-07-29,0.22545082867145538,0.22665201155025808,0.21569441801294095,0.21734528668647538,274960000
2002-07-30,0.23160548508167267,0.23280581644703055,0.21854648304845223,0.2228997759848519,354838400
2002-07-31,0.22905349731445312,0.23145498626250008,0.22364950212485749,0.2311549034782863,310699200
2002-08-01,0.22214914858341217,0.23145502307132068,0.22109844533439985,0.22680164743939088,228956000
2002-08-02,0.21689555048942566,0.22515071956655042,0.2138930696073791,0.22124799042444088,179060000
2002-08-05,0.20999032258987427,0.22064780613512022,0.20969023986206445,0.21779578020965493,204024800
2002-08-06,0.22124812006950378,0.22860307024709065,0.2113420767071467,0.21329302908427786,272053600
2002-08-07,0.22560127079486847,0.23055470266296355,0.2153942992696071,0.22650149395914743,333474400
2002-08-08,0.22965365648269653,0.23085481426041346,0.22169854451181523,0.22169854451181523,227348800
2002-08-09,0.2251507043838501,0.22890297855912764,0.22139845525930574,0.22890297855912764,205716000
2002-08-12,0.22500118613243103,0.22545087201361336,0.22049743836638114,0.2236495482623919,179765600
2002-08-13,0.21899697184562683,0.2283028696021087,0.21839597962238114,0.22364949486134453,269869600
2002-08-14,0.22770269215106964,0.23040426365437872,0.21824634016448588,0.22019729143370542,399084000
2002-08-15,0.23430697619915009,0.23640838203540612,0.225301187379255,0.2289029818519548,322078400
2002-08-16,0.23730860650539398,0.24166187244819093,0.22935352139951956,0.23190546442371518,245224000
2002-08-19,0.23986057937145233,0.243913788161841,0.23595785034128536,0.23685892524975433,216557600
2002-08-20,0.23880988359451294,0.2415114550525393,0.23310583125045486,0.23971095853002358,186625600
2002-08-21,0.2419620156288147,0.2437633389976181,0.23190552238352166,0.2403111469883831,202428800
2002-08-22,0.23971088230609894,0.2439137179214469,0.23505753441698574,0.24316307288789618,258311200
2002-08-23,0.23610834777355194,0.23911000243838632,0.2319055352381573,0.23866029157700658,163245600
2002-08-26,0.23310586810112,0.2394100869492891,0.22755226959312103,0.2394100869492891,189968800
2002-08-27,0.22289972007274628,0.23625794987129514,0.22079831403599207,0.2358082390593383,262231200
2002-08-28,0.22064781188964844,0.22695205441134705,0.21989719171345695,0.22214907729276487,247973600
2002-08-29,0.22064781188964844,0.226351888940075,0.2177957858898019,0.21989719171345695,164169600
2002-08-30,0.22139844298362732,0.22725212264036798,0.21884647483158798,0.22109836026714702,193519200
2002-09-03,0.21089142560958862,0.21839597482952364,0.21089142560958862,0.21749572652587645,276936800
2002-09-04,0.21734532713890076,0.22184907487736047,0.2126928030407964,0.21314251396996642,420660800
2002-09-05,0.21284236013889313,0.21554475818512506,0.21089140896449504,0.2134433523015149,226178400
2002-09-06,0.21584485471248627,0.2198972120292651,0.21359299397586742,0.21779580601146586,181591200
2002-09-09,0.21569442749023438,0.2180959165775337,0.21239268999809208,0.21434364154577756,158244800
2002-09-10,0.21509426832199097,0.21749575748113573,0.21194215879916173,0.21629459956435867,249468800
2002-09-11,0.21449409425258636,0.21914661764512758,0.21239268798680105,0.2152438879123296,202412000
2002-09-12,0.2122422605752945,0.21779585975352694,0.21194217773788776,0.21314250908751467,269830400
2002-09-13,0.21269278228282928,0.21524389954748757,0.2108914587184448,0.21209178997842013,282951200
2002-09-16,0.21764616668224335,0.21929700989152356,0.21194209005710954,0.21224217277037158,286641600
2002-09-17,0.22214914858341217,0.22560134116238578,0.21869695600443856,0.21869695600443856,427996800
2002-09-18,0.22545082867145538,0.22650153176813154,0.21794627893768195,0.2204973959765038,328641600
2002-09-19,0.21884651482105255,0.22214910370484428,0.21734527429018186,0.22139848343940893,205945600
2002-09-20,0.22319979965686798,0.22425050266026622,0.21794625958914118,0.21944667339808516,352788800
2002-09-23,0.22289972007274628,0.22455058862325694,0.2168955596778145,0.22154808256327974,263709600
2002-09-24,0.21974758803844452,0.22244915932482698,0.21614491682306777,0.21614491682306777,250661600
2002-09-25,0.2241000384092331,0.2277027101994499,0.21989722610461776,0.22049739166975363,254682400
2002-09-26,0.22064781188964844,0.22800275732317457,0.21839595136107395,0.22665197167571102,208644800
2002-09-27,0.22094789147377014,0.2228996942896023,0.21734524534911884,0.21749570005189225,206152800
2002-09-30,0.21764616668224335,0.21869686951573106,0.21224217277037158,0.2161449013910604,237697600
2002-10-01,0.21779581904411316,0.2191466048972022,0.21014081476038934,0.21899697684370825,342423200
2002-10-02,0.21269278228282928,0.2195971670509518,0.21164207909314012,0.2150942714772014,229348000
2002-10-03,0.2146436721086502,0.21914656638574598,0.2110410260173002,0.21284234906297522,217896000
2002-10-04,0.2105913907289505,0.2161449898833599,0.20999039838223188,0.21554482421112095,190825600
2002-10-07,0.20668861269950867,0.21329291358987812,0.20653814545364407,0.20969026704084445,244697600
2002-10-08,0.20533785223960876,0.2095406648404482,0.2005340348315724,0.20863958975490238,453644800
2002-10-09,0.20398706197738647,0.2078889524923379,0.20128465092684591,0.2032364416467485,356686400
2002-10-10,0.21179169416427612,0.2134433895569982,0.20383660669472428,0.20458722702334872,321574400
2002-10-11,0.21779581904411316,0.22184902832844625,0.21164205534130107,0.2138930895383399,294677600
2002-10-14,0.22169853746891022,0.22485067157741429,0.21674510513894787,0.21839597369083955,194404000
2002-10-15,0.22755225002765656,0.22890301080332906,0.2218490239466301,0.22845332502813762,405518400
2002-10-16,0.21854646503925323,0.22710257039833248,0.2086395987189503,0.22304936063727476,307624800
2002-10-17,0.21179169416427612,0.215844878603974,0.20984074264934913,0.21329293482152503,469296800
2002-10-18,0.2152438759803772,0.21539433070861153,0.20909011226072724,0.21014081533537463,288299200
2002-10-21,0.21854646503925323,0.2195971682346058,0.21014083947643278,0.21404356944123168,238520800
2002-10-22,0.22064781188964844,0.22334938318457556,0.21404351168304725,0.21719562041852983,218148000
2002-10-23,0.2233494520187378,0.22485071788452998,0.2176462499863087,0.2195971766555678,209036800
2002-10-24,0.22049741446971893,0.22830289937165707,0.21839600810012078,0.22545084758011713,174748000
2002-10-25,0.231454998254776,0.23190553579160852,0.21899699030483344,0.22049740430364265,279070400
2002-10-28,0.23430697619915009,0.23941003608396852,0.2289029818519548,0.2334067279868437,349300000
2002-10-29,0.23175498843193054,0.23835928741037232,0.22455052409382562,0.2337067658619094,259179200
2002-10-30,0.23986057937145233,0.24571425957958884,0.23235603073009334,0.23250565876535284,270676000
2002-10-31,0.24121135473251343,0.2467649519581268,0.23896032090617444,0.24001102380491732,295836800
2002-11-01,0.24556469917297363,0.24766613068990012,0.23850985936871463,0.23926047977441736,189828800
2002-11-04,0.25351977348327637,0.26087469498270777,0.24541420664295563,0.2476660925641493,376818400
2002-11-05,0.25367024540901184,0.25457049381363117,0.24541422328119927,0.251418359335148,210694400
2002-11-06,0.2584732174873352,0.2599744581340176,0.2506677330830864,0.2563718112517258,216389600
2002-11-07,0.24016070365905762,0.2566718959207972,0.23730867707927725,0.25427040687318503,336179200
2002-11-08,0.23775912821292877,0.2431630966121039,0.2329561518630424,0.2403110710687118,190064000
2002-11-11,0.22755225002765656,0.2385098180380937,0.22695208447687742,0.2362579572112034,152975200
2002-11-12,0.23475751280784607,0.24076164755783408,0.22935354353059542,0.22995370900333276,223792800
2002-11-13,0.23400694131851196,0.24121140851297318,0.22935359125108543,0.23265615538669904,231739200
2002-11-14,0.24466358125209808,0.24631530157646658,0.23685894908074775,0.23866027240469356,141713600
2002-11-15,0.2394101321697235,0.2437634002952141,0.2365589316826713,0.24361294552900836,160994400
2002-11-18,0.23490722477436066,0.24316322300839743,0.2329562729537612,0.2430127682493512,164578400
2002-11-19,0.22920389473438263,0.23640835977714408,0.22530116616675477,0.23340670601119265,210952000
2002-11-20,0.23310586810112,0.2356578119228218,0.22890303048493502,0.22965367587584407,208740000
2002-11-21,0.24541424214839935,0.24676502819636761,0.2364084507123123,0.23866031190855805,418482400
2002-11-22,0.2403111755847931,0.24466361645919316,0.23866030674791236,0.2415115068572772,227858400
2002-11-25,0.23971088230609894,0.24226199823891176,0.23580815439980948,0.2406111302810935,199427200
2002-11-26,0.2313053160905838,0.23866023632478722,0.22920391030938284,0.2379096161637603,240262400
2002-11-27,0.23595796525478363,0.23805937216564335,0.23190560621582446,0.2341566412348138,286798400
2002-11-29,0.2326560914516449,0.23835931641042737,0.23130530589103457,0.23700853084981707,143432800
2002-12-02,0.22785234451293945,0.24166196617976243,0.22530125222412742,0.23866031126728146,398742400
2002-12-03,0.22755225002765656,0.23025464835478737,0.22665200170148786,0.22815324225274805,227869600
2002-12-04,0.2247001677751541,0.22800275625075572,0.21764618188611237,0.22785227649581064,325757600
2002-12-05,0.21959716081619263,0.2263519423729886,0.21809592010942494,0.22560132201960476,243398400
2002-12-06,0.22440007328987122,0.22800274431103792,0.21794622815651096,0.21989717916390564,245358400
2002-12-09,0.22139844298362732,0.22440007177184837,0.22019726039282428,0.2242504688014151,236084800
2002-12-10,0.22935353219509125,0.23190547533940573,0.2210983639932369,0.22139844671477438,308610400
2002-12-11,0.23250561952590942,0.23250561952590942,0.22635185761158227,0.22965359392080079,253500800
2002-12-12,0.22800284624099731,0.23340681761252532,0.22530127389249593,0.23280582523267204,149340800
2002-12-13,0.2219986766576767,0.22740267289845723,0.21989727008507812,0.22725221813991556,164780000
2002-12-16,0.22289972007274628,0.22665199466001115,0.21929704848063547,0.22229870281559005,251624800
2002-12-17,0.22635194659233093,0.22800281539590983,0.2200477275156696,0.2228997542419326,222661600
2002-12-18,0.21869689226150513,0.2230493070169618,0.21764618931873805,0.2221490838342787,150701600
2002-12-19,0.2131424844264984,0.22395045042027822,0.21164207041306574,0.21809591735679523,347519200
2002-12-20,0.2122422605752945,0.21854648018428535,0.20683827695315285,0.21449412186756975,318096800
2002-12-23,0.21749572455883026,0.21839597285433557,0.2119421267175038,0.21254229224784066,125826400
2002-12-24,0.21554477512836456,0.21719564368833413,0.21464370015071468,0.21674510619950918,39340000
2002-12-26,0.21614494919776917,0.22229871286607672,0.21434362584564098,0.21644503197740317,85422400
2002-12-27,0.21104106307029724,0.2158448675935741,0.21029126945429102,0.21479416452197111,80035200
2002-12-30,0.2111915498971939,0.21239270787915981,0.2077393573764165,0.21134200464786,155041600
2002-12-31,0.21509426832199097,0.21554480587508354,0.20939021489751633,0.2101408352612008,200726400
2003-01-02,0.22214914858341217,0.22395047224950015,0.21539436645345775,0.21554482120666013,181428800
2003-01-03,0.2236495018005371,0.2241000393133728,0.2189969786404652,0.22214911293238143,147453600
2003-01-06,0.2236495018005371,0.23085482035930352,0.22334941901675848,0.22560130495733885,390532800
2003-01-07,0.22289972007274628,0.22515072910465456,0.21719564244388126,0.22199862004952325,342344800
2003-01-08,0.21839596331119537,0.22079830372687323,0.21674509483776408,0.21884650077640322,229644800
2003-01-09,0.2203478068113327,0.22395047930779638,0.21764625961503098,0.21944673161265524,215252800
2003-01-10,0.22094789147377014,0.22244915685547312,0.21749570005189225,0.21884648568008871,175100800
2003-01-13,0.21959716081619263,0.22364951871518782,0.21554480291719744,0.22364951871518782,178942400
2003-01-14,0.21929699182510376,0.2224491251166152,0.21749566901978937,0.22049732257926463,186860800
2003-01-15,0.21659550070762634,0.22064785850616309,0.21404355690426385,0.21899698977428267,371128800
2003-01-16,0.21944670379161835,0.22154811008946118,0.2132929396369598,0.2132929396369598,559070400
2003-01-17,0.2116420418024063,0.21854642535399585,0.21134195904028621,0.21854642535399585,266761600
2003-01-21,0.21044085919857025,0.2162945390535027,0.21014077647192989,0.2132928851129209,253456000
2003-01-22,0.20833948254585266,0.21239266660722947,0.20713915147158812,0.20984072306297694,215140800
2003-01-23,0.21269278228282928,0.21554480903690287,0.2093902179690542,0.2108914587184448,228256000
2003-01-24,0.20713916420936584,0.2137434655468253,0.20353651741644455,0.2137434655468253,305468800
2003-01-27,0.21209172904491425,0.2176461779377339,0.20488726353162562,0.20533780096188864,391406400
2003-01-28,0.21884651482105255,0.22049738340042965,0.21254229660055696,0.21374345436011374,286255200
2003-01-29,0.2241000384092331,0.22665200712329608,0.2146437107238486,0.21839598551744596,373044000
2003-01-30,0.21494390070438385,0.22620158242473642,0.2144941896434157,0.2248507958923432,407058400
2003-01-31,0.21554477512836456,0.21839597475947875,0.21089142554195062,0.2129928315907451,341224800
2003-02-03,0.22004768252372742,0.22379995691898646,0.2153943081513551,0.2162945564034893,264784800
2003-02-04,0.21914666891098022,0.2198972894206959,0.21479422729902767,0.21689563405640344,317413600
2003-02-05,0.21689555048942566,0.22410001659268444,0.21674509577562268,0.2207983046822701,221614400
2003-02-06,0.21659550070762634,0.21899698977428267,0.21344339130619416,0.21554479757381562,179149600
2003-02-07,0.212392657995224,0.21914658669984066,0.2111915002953699,0.21839596647171436,269701600
2003-02-10,0.2153942883014679,0.2186968766541632,0.2110410221317215,0.21404350271062747,167888000
2003-02-11,0.2153942883014679,0.21959709977260172,0.2131424278672884,0.21764617378637977,164780000
2003-02-12,0.21599452197551727,0.21914663157454997,0.21419319839400866,0.21419319839400866,228687200
2003-02-13,0.21824638545513153,0.21974765128558973,0.2137434897904167,0.21629460710661094,208493600
2003-02-14,0.22019727528095245,0.22094789545997964,0.21539429814422562,0.2192970270706434,243297600
2003-02-18,0.22920389473438263,0.22965360546109087,0.22094787514755748,0.22139843759912692,290897600
2003-02-19,0.22289972007274628,0.22740261491232147,0.2203477514990126,0.22620145717376763,240368800
2003-02-20,0.22169853746891022,0.2245505888110965,0.22079831422069277,0.22289972025920482,224352800
2003-02-21,0.2251507043838501,0.2260518043081353,0.21989718986878312,0.2224491581623191,157444000
2003-02-24,0.22124812006950378,0.2256014142804113,0.20713926234895397,0.22304944431940585,180252800
2003-02-25,0.22545082867145538,0.22635192876182894,0.21884652730296938,0.2203477679194634,188641600
2003-02-26,0.21764616668224335,0.22545077219874826,0.21734523224410854,0.22500108651665737,217095200
2003-02-27,0.2230493128299713,0.22515071877027132,0.21779579797922133,0.218696897961084,154341600
2003-02-28,0.22530125081539154,0.22650155705235972,0.22169857855264335,0.22304936458853603,195098400
2003-03-03,0.21989722549915314,0.22755225484445787,0.21839598491611484,0.2253012206442303,203761600
2003-03-04,0.21854646503925323,0.22229874025853352,0.21674514146515944,0.22124803706318097,126414400
2003-03-05,0.21944670379161835,0.22214912742129062,0.21794628977486588,0.2192970757271378,126683200
2003-03-06,0.21854646503925323,0.21914663067247586,0.21614497583193681,0.21884654785586455,99859200
2003-03-07,0.21809594333171844,0.22079836727726637,0.21479420543454658,0.2171956948164405,200984000
2003-03-10,0.21569442749023438,0.22019732286321864,0.2146437243473919,0.21779583377591935,134573600
2003-03-11,0.21359297633171082,0.2174957052815587,0.21194210793246357,0.21554475414374022,161190400
2003-03-12,0.21344338357448578,0.21599450061105988,0.21104106792047272,0.21269276326690015,222560800
2003-03-13,0.22094789147377014,0.22214907412411733,0.21269272300181785,0.21719561732053647,335445600
2003-03-14,0.22184902429580688,0.225301216229689,0.2197476181904601,0.22034775869144707,153098400
2003-03-17,0.22530125081539154,0.22620149928117314,0.22079835513760238,0.22349992720938774,399912800
2003-03-18,0.2251507043838501,0.22650149001998218,0.2224491581623191,0.2251507043838501,229980800
2003-03-19,0.22440007328987122,0.22740257887401738,0.22199858486763327,0.22620142132582058,141316000
2003-03-20,0.22380000352859497,0.22500116145584356,0.2191466281870895,0.22410006129106308,163178400
2003-03-21,0.2251507043838501,0.22740258994426737,0.2224491581623191,0.22650149001998218,297948000
2003-03-24,0.21569442749023438,0.22214912613602766,0.21539434468862004,0.22019732286321864,161100800
2003-03-25,0.21839596331119537,0.22259877518847362,0.21569439186844452,0.21629455737255626,167697600
2003-03-26,0.2162945717573166,0.21854643255886863,0.21464370317409362,0.2183959778357106,178343200
2003-03-27,0.21749572455883026,0.2206478336045251,0.2149437810434723,0.2149437810434723,122393600
2003-03-28,0.21869689226150513,0.2194466607348384,0.2156943864175924,0.21614492387141462,145303200
2003-03-31,0.2122422605752945,0.21809594259093368,0.21074101971377765,0.21509428754238322,256659200
2003-04-01,0.21254229545593262,0.2147941562401115,0.21119150965514394,0.2131424609953283,154341600
2003-04-02,0.21914666891098022,0.22049745515864033,0.21419323488651304,0.21554484780874333,171371200
2003-04-03,0.2170451581478119,0.22064780419826827,0.21539428982225856,0.2185463984478644,145712000
2003-04-04,0.2162945717573166,0.22019730114209163,0.2159944889853036,0.21794626701484265,146020000
2003-04-07,0.21749572455883026,0.22440010818055678,0.21629456682387235,0.22289971940545053,196862400
2003-04-08,0.21689555048942566,0.21989720469722057,0.21554476476220538,0.21779579874948865,128934400
2003-04-09,0.2129928320646286,0.21944667827211853,0.21224221180634747,0.21794626442984952,146725600
2003-04-10,0.21569442749023438,0.2159945102918487,0.2131424836649356,0.2131424836649356,107100000
2003-04-11,0.1981325000524521,0.2167450821871694,0.19408014312484664,0.2108914021781171,1392708800
2003-04-14,0.2038366049528122,0.2063885487134532,0.20263543457703442,0.20578754392569792,502958400
2003-04-15,0.20098453760147095,0.2041366465067457,0.19963375188124566,0.2039870309933366,303968000
2003-04-16,0.19873353838920593,0.2051873724353392,0.19392970874938184,0.1949804243607477,1016176000
2003-04-17,0.19693218171596527,0.198883132952424,0.1909280466183383,0.19813251273093901,616257600
2003-04-21,0.19723226130008698,0.1979828815095091,0.19483077263447987,0.19708180658850677,152320000
2003-04-22,0.202785924077034,0.2044367930643042,0.19648170429890557,0.19783249044071805,300568800
2003-04-23,0.2038366049528122,0.2045872252750221,0.20053402834459208,0.2030859721052331,209680800
2003-04-24,0.2017352133989334,0.20428717002907418,0.19513091101700702,0.20293638393668867,325108000
2003-04-25,0.20038437843322754,0.203836582724815,0.19858305519122738,0.20203524695744707,205318400
2003-04-28,0.20803944766521454,0.20954068852790458,0.20158476076986348,0.2023353812012085,636798400
2003-04-29,0.21104106307029724,0.2125423036509668,0.2038365962968748,0.20984073194522446,458236800
2003-04-30,0.21344338357448578,0.2153943350347304,0.2078889461078527,0.2090901164602281,458175200
2003-05-01,0.21554477512836456,0.2159944859428981,0.21014080528533952,0.21389307989410358,342759200
2003-05-02,0.21689555048942566,0.2189969564371576,0.2152438553345994,0.217045178528977,321182400
2003-05-05,0.24151143431663513,0.2533701005050696,0.22139845147381307,0.22169850915106815,1555708000
2003-05-06,0.2626761198043823,0.26868025777040433,0.24166202520988236,0.24196210810698632,1514492000
2003-05-07,0.2649279236793518,0.27378326057101166,0.25682238052935885,0.2601241183509878,1054379200
2003-05-08,0.27018141746520996,0.27123212052816925,0.2595239070583192,0.26567767070951437,687736000
2003-05-09,0.274684339761734,0.2761847287539273,0.26838009570746535,0.27513402558667244,588386400
2003-05-12,0.2785870134830475,0.2812885848903265,0.2721323159879941,0.2724323987361098,419372800
2003-05-13,0.28023794293403625,0.2847408384843897,0.2694308032275647,0.27663527077324673,446796000
2003-05-14,0.278436541557312,0.28278980782143937,0.2766351934550156,0.28263935311956484,355488000
2003-05-15,0.281138151884079,0.2829394751860797,0.27723539745805786,0.27918720053358714,284995200
2003-05-16,0.28218895196914673,0.2853410621631241,0.2743843172087637,0.2790368167244243,341628000
2003-05-19,0.27168187499046326,0.2799378985797834,0.2710817092811405,0.27813657477728426,445888800
2003-05-20,0.2670292556285858,0.2725828781989617,0.2641772295132594,0.2716817782306314,416220000
2003-05-21,0.26792946457862854,0.27153211037219177,0.26522789357051363,0.26702921646729527,305009600
2003-05-22,0.27378326654434204,0.2761847559236856,0.2662787155682042,0.2685297501912515,178460800
2003-05-23,0.27498435974121094,0.27708576559558623,0.26958036534742,0.2733334913339775,206718400
2003-05-27,0.2833898961544037,0.2836899788022974,0.26882966262612407,0.2695802825828389,290130400
2003-05-28,0.27438414096832275,0.28008736526946704,0.27243233847521064,0.277685852090774,339679200
2003-05-29,0.27168187499046326,0.27768601210728344,0.26868021976931855,0.27453390212154266,333765600
2003-05-30,0.2694306969642639,0.27288288796884563,0.2631264803452648,0.271981813209508,382748800
2003-06-02,0.26192542910575867,0.2745338674566785,0.2592238570803977,0.27168184068571904,418588800
2003-06-03,0.25982406735420227,0.26522803900780473,0.2554716257515991,0.26177584601018444,360858400
2003-06-04,0.2641772925853729,0.26702931938161845,0.257272081040724,0.2596743969450398,271202400
2003-06-05,0.26477736234664917,0.2662786025746294,0.2601240136443912,0.26192533658314054,205497600
2003-06-06,0.257422536611557,0.2707815955028144,0.2572720818641431,0.2662786998480694,241388000
2003-06-09,0.25201845169067383,0.2557715773557989,0.2496169633019485,0.25427033711004154,259952000
2003-06-10,0.2578730285167694,0.25952389707381496,0.25141833061004354,0.2535197617058521,176646400
2003-06-11,0.26192542910575867,0.2628265042304966,0.2523194722713967,0.2574225335053482,225114400
2003-06-12,0.26672840118408203,0.26838009664870655,0.26192542288104487,0.2634266636036465,252588000
2003-06-13,0.26147493720054626,0.26943085326909705,0.25712249558573746,0.26642837122826407,191245600
2003-06-16,0.2742338478565216,0.2742338478565216,0.26192548948503935,0.26417735114155877,238526400
2003-06-17,0.27303260564804077,0.27768595563528414,0.2700309510373318,0.27633519477748525,177464000
2003-06-18,0.2869926989078522,0.2923958428855392,0.27483394655848603,0.276935352921901,454983200
2003-06-19,0.2872927486896515,0.29434758733777366,0.2817391506069136,0.29059448592431286,381528000
2003-06-20,0.28819310665130615,0.2938971616301005,0.28369020991659705,0.290444968355978,356546400
2003-06-23,0.2860916256904602,0.2955479543884696,0.28143825032578584,0.28969427281572685,307361600
2003-06-24,0.28188878297805786,0.2952478401963022,0.2809885346296254,0.29224618569386124,514382400
2003-06-25,0.2865420877933502,0.2911954368818979,0.28083803579282096,0.28308989632172554,329812000
2003-06-26,0.2895437777042389,0.28999431520069047,0.28068844254462644,0.28068844254462644,161705600
2003-06-27,0.281138151884079,0.2898438589484982,0.2773858772315865,0.28969423090000707,365792000
2003-06-30,0.2860916256904602,0.288343486812357,0.2790367611337483,0.2803875471371181,222152000
2003-07-01,0.2865420877933502,0.2878928734410118,0.2778363817618178,0.2832395243524641,180992000
2003-07-02,0.28924375772476196,0.29119553618356975,0.2854914822378799,0.2856411103196436,325298400
2003-07-03,0.2871423363685608,0.2934465556649978,0.2848913018623717,0.28519138468490074,137771200
2003-07-07,0.2982495129108429,0.3029028630143914,0.2871423158969368,0.2892437221792641,286272000
2003-07-08,0.3062053918838501,0.3077057805431106,0.2925462286897342,0.29299593946562236,256737600
2003-07-09,0.298550546169281,0.30695617407837394,0.298550546169281,0.3033535259245751,213645600
2003-07-10,0.2938970625400543,0.2993002061301328,0.2907449532210566,0.2983999577565717,170934400
2003-07-11,0.2979493737220764,0.3002012593667269,0.2931463964641271,0.29509734763947315,136858400
2003-07-14,0.2986999750137329,0.30620537489490457,0.2982494375886212,0.3003508433402432,188406400
2003-07-15,0.2943475842475891,0.30380393674719436,0.2916451859234042,0.3005013478221478,206645600
2003-07-16,0.2982495129108429,0.3002013161805333,0.2908945909226974,0.2997507535909005,250930400
2003-07-17,0.3137100338935852,0.31446065430926146,0.3021522731252556,0.3030533733445952,751212000
2003-07-18,0.3131099045276642,0.3179128837354112,0.30620551858220757,0.313710070259992,298838400
2003-07-21,0.3093574643135071,0.31220949003850057,0.30470411567409017,0.3105577951403739,183808800
2003-07-22,0.3122096061706543,0.31461109539178955,0.30770585882155077,0.3132603093720529,198424800
2003-07-23,0.3120591938495636,0.314611138164027,0.30710575998747586,0.3144606833971879,143035200
2003-07-24,0.30785635113716125,0.3227166763581378,0.3059053994014161,0.3158114395071086,229236000
2003-07-25,0.3233167827129364,0.32376734529898327,0.30620544978936803,0.30635507785155297,216686400
2003-07-28,0.3150607943534851,0.3227166510169241,0.31310984277093773,0.3227166510169241,170357600
2003-07-29,0.31100839376449585,0.31641236357162417,0.30800673943228185,0.3150607511141276,197120000
2003-07-30,0.3044041097164154,0.3137099826674046,0.3027532410761804,0.31175903124479337,173594400
2003-07-31,0.3164122998714447,0.32046465640525534,0.3087564708507143,0.3113084138576244,301464800
2003-08-01,0.3111588954925537,0.3192636114162291,0.3098072828308637,0.3152112534543914,149604000
2003-08-04,0.3183632791042328,0.32271657045539454,0.3044040586809443,0.30815633284304933,230115200
2003-08-05,0.30590540170669556,0.32121541290088435,0.3017025886985284,0.32046479248164444,249440800
2003-08-06,0.29464754462242126,0.30275310792993865,0.29269576738384057,0.30110138829103605,245464800
2003-08-07,0.2991504669189453,0.3015519550304972,0.2914954652277335,0.2961479867739689,174378400
2003-08-08,0.29479730129241943,0.3021522227967075,0.29419713572963274,0.3018521400153142,137659200
2003-08-11,0.2950974702835083,0.2991506557022372,0.29284643542827704,0.29749981163586947,137228000
2003-08-12,0.2956984043121338,0.29719881836118245,0.29209575724560266,0.296598652741563,164438400
2003-08-13,0.30290278792381287,0.30530427641193825,0.293896999424798,0.29809981094756205,284099200
2003-08-14,0.29975077509880066,0.30515477098086763,0.2993002375275795,0.3033534473704255,192780000
2003-08-15,0.29584789276123047,0.3012518858614766,0.2950972727537404,0.30050124080325874,125865600
2003-08-18,0.3053043782711029,0.3063551065530826,0.29599850394061167,0.29809991040308914,192774400
2003-08-19,0.3050042390823364,0.3069560169476363,0.3002012617856857,0.3057548592863569,133688800
2003-08-20,0.3153616786003113,0.31926358145318434,0.3023027041581852,0.302902844673377,273212800
2003-08-21,0.3254181742668152,0.32586873683249273,0.31446060589887054,0.3156617637139308,255326400
2003-08-22,0.3134098947048187,0.3302211436346743,0.30980724802718745,0.32736911723774265,250264000
2003-08-25,0.3131099045276642,0.3138605250303551,0.3075563048172263,0.31190874638844623,137782400
2003-08-26,0.3159618377685547,0.3162619205454431,0.3054548072058769,0.31145894276659514,164959200
2003-08-27,0.32241570949554443,0.32241570949554443,0.3101081813043085,0.31386045632177356,225702400
2003-08-28,0.3330731987953186,0.3335237363036244,0.32016465412587414,0.32016465412587414,319625600
2003-08-29,0.33937740325927734,0.34298004982893077,0.3309717790462815,0.33322363982088815,263155200
2003-09-02,0.3429800868034363,0.3437307071425581,0.33622533042572206,0.34012806018452624,242132800
2003-09-03,0.3444804549217224,0.3500349044072212,0.34162925535698085,0.342229420878582,268828000
2003-09-04,0.34268003702163696,0.3489842815191867,0.3417789618581146,0.34763264372316194,199780000
2003-09-05,0.33772653341293335,0.3474829433839156,0.3363757476230177,0.3411787252481157,240133600
2003-09-08,0.3413284420967102,0.34207906254734716,0.33727608367267675,0.33742653843260617,167244000
2003-09-09,0.3357747495174408,0.3402776442961787,0.3320224749808718,0.33817623828781596,180370400
2003-09-10,0.33292272686958313,0.33937742521908254,0.3318720237749717,0.33397342996419455,224890400
2003-09-11,0.33862677216529846,0.34207896390312686,0.3317223886896416,0.33397339766718853,213684800
2003-09-12,0.3467322289943695,0.34733239436599556,0.3348744161973935,0.3378760697295895,179989600
2003-09-15,0.3333733081817627,0.34373071165343194,0.33202252222336953,0.34237909902064567,226844800
2003-09-16,0.33562517166137695,0.3405786046609843,0.33322368253189444,0.3333733105981376,269007200
2003-09-17,0.332022488117218,0.335925217526341,0.32797013065830655,0.3357747628022444,289396800
2003-09-18,0.3434298038482666,0.3450814992938139,0.32947055492690097,0.3317224410355336,252907200
2003-09-19,0.3389268219470978,0.34598165945287385,0.3366757881378374,0.3434297162398049,205956800
2003-09-22,0.3314222991466522,0.33772651697562284,0.3290208104509848,0.3329226878593034,179821600
2003-09-23,0.33667585253715515,0.33712556338051614,0.3284198308087598,0.33052123699225894,132451200
2003-09-24,0.3200141191482544,0.3348744381776109,0.316412300008019,0.3333731979759429,301285600
2003-09-25,0.3066551685333252,0.320764873361126,0.30395359638008934,0.32031433577743157,574380800
2003-09-26,0.31055784225463867,0.3257182212997146,0.3024522761963806,0.30470416190030186,347250400
2003-09-29,0.3197140395641327,0.3252676363555806,0.309957631506278,0.3225660653054985,365702400
2003-09-30,0.31100839376449585,0.3185137696064597,0.30680558169482475,0.3165619916173776,285426400
2003-10-01,0.3120591938495636,0.31671254485251615,0.3030534013773367,0.3108580357384799,236112800
2003-10-02,0.308756560087204,0.3122095788823617,0.3044041195900756,0.3122095788823617,204058400
2003-10-03,0.3255677819252014,0.32811972545086143,0.31340988317823615,0.31506075173046905,299600000
2003-10-06,0.33457446098327637,0.33517462658356345,0.3239169498183489,0.3252677357561851,268329600
2003-10-07,0.3485337495803833,0.3513858017760086,0.328870469096859,0.33097187576418935,418174400
2003-10-08,0.34613218903541565,0.3533366561274908,0.3411787562395792,0.34898424064583955,428668800
2003-10-09,0.3519858121871948,0.35528840078215435,0.3420789482287478,0.3497339515878282,347748800
2003-10-10,0.3554380238056183,0.3573898268206875,0.3507846743091194,0.3527364773241886,174837600
2003-10-13,0.3654944896697998,0.3663955645024627,0.3560381389210579,0.35618861866861995,279865600
2003-10-14,0.36849701404571533,0.3713490402314646,0.36309304442941304,0.36504482234957364,275419200
2003-10-15,0.3725493550300598,0.3754013810916212,0.368947535450285,0.3729998924803644,610103200
2003-10-16,0.34898433089256287,0.3578396439310249,0.33637586516439244,0.35723950323748627,975682400
2003-10-17,0.3414788544178009,0.3525860516880182,0.33667587614004246,0.3509351829064892,359811200
2003-10-20,0.3485337495803833,0.35033507339159997,0.33592530957640143,0.33922704766818634,279132000
2003-10-21,0.3479335308074951,0.3512352683957575,0.34147885702453257,0.34988448241197667,176461600
2003-10-22,0.34162941575050354,0.34823371961162464,0.3404282574690905,0.34433098854035754,161599200
2003-10-23,0.34508150815963745,0.3474829973451176,0.33907737185872777,0.3411787782303252,165211200
2003-10-24,0.33922696113586426,0.34298006256625513,0.33367336302807443,0.33862679557673125,219856000
2003-10-27,0.33922696113586426,0.34358022812538813,0.3375760925110866,0.3414788219940988,162013600
2003-10-28,0.3560381829738617,0.3567888032025693,0.3362252809678761,0.33862676969518396,251714400
2003-10-29,0.355588436126709,0.3587405445411038,0.3503348970519868,0.3528860133821264,267080800
2003-10-30,0.3465818464756012,0.36024098490546524,0.3432801095701435,0.3600913819191722,260556800
2003-10-31,0.3435801863670349,0.35048456948088486,0.341929317942902,0.34973394928603624,218153600
2003-11-03,0.3474830090999603,0.34973404361743915,0.3419294101692138,0.3426800305665222,302842400
2003-11-04,0.3438803553581238,0.34673238214417074,0.3390773769155345,0.3462818445794184,249233600
2003-11-05,0.34568163752555847,0.34718287811191106,0.33727601292091475,0.3425295282988171,322470400
2003-11-06,0.34703248739242554,0.3474830249862977,0.3399776473445268,0.3438803775842889,397073600
2003-11-07,0.33772653341293335,0.3488337291738313,0.3369759131575824,0.3480831089184804,210145600
2003-11-10,0.3287199139595032,0.33997759024492036,0.3278196655974408,0.33697593569703366,234276000
2003-11-11,0.3233167827129364,0.33052124990598425,0.32241570764231997,0.3287199264391281,215073600
2003-11-12,0.335174560546875,0.3410282406823229,0.3224156456203463,0.3224156456203463,300003200
2003-11-13,0.3365253508090973,0.33862675669912506,0.32902080215855767,0.33127183608402794,212772000
2003-11-14,0.32211554050445557,0.33937734869568614,0.3194139693487088,0.3374263976774602,237048000
2003-11-17,0.31716209650039673,0.32076474234957486,0.314460525450577,0.32046465964116466,228256000
2003-11-18,0.3063550293445587,0.32031425065947733,0.3054547810908606,0.31836329943934183,267192800
2003-11-19,0.3065054416656494,0.3099576328387343,0.30410395331368306,0.30860684730788646,344584800
2003-11-20,0.30590540170669556,0.31641243422711346,0.3017025886985284,0.3017025886985284,239590400
2003-11-21,0.3044041097164154,0.30890700480072186,0.29794941148442877,0.30530433301280674,241836000
2003-11-24,0.31746309995651245,0.3192635967405134,0.30695606867797615,0.3077058372833849,381824800
2003-11-25,0.31040823459625244,0.3189634869567301,0.30935753155729534,0.3186634041847856,268654400
2003-11-26,0.31100839376449585,0.31746306658904194,0.30395353035762823,0.31356033728516364,245128800
2003-11-28,0.31386035680770874,0.3162618451244343,0.3080066773685578,0.3119085792119122,76098400
2003-12-01,0.32586872577667236,0.3279701318759784,0.31521121550475006,0.31581138105474854,361536000
2003-12-02,0.3233167827129364,0.3287199264391281,0.3213650045095186,0.3242170311091761,205296000
2003-12-03,0.31566181778907776,0.3278197193804796,0.3146111145237842,0.32331682348271895,191296000
2003-12-04,0.31746309995651245,0.31776318275384596,0.31175904678405764,0.3143109905729516,177940000
2003-12-05,0.3129592835903168,0.3174630042151938,0.3111587873493142,0.31370990369446294,186177600
2003-12-08,0.3159618377685547,0.3164123752710456,0.30635505553654224,0.31190865359476955,148237600
2003-12-09,0.306956022977829,0.3189634664553436,0.3062054027590625,0.31776313544471707,135144800
2003-12-10,0.30590540170669556,0.3093575942956228,0.2996011821944448,0.3069561049587374,271336800
2003-12-11,0.3183632791042328,0.3203142301997534,0.30335335578161937,0.30395349619501677,183136800
2003-12-12,0.3135603070259094,0.3200141525533594,0.3107082810146756,0.3200141525533594,192673600
2003-12-15,0.3027532398700714,0.3225661434969555,0.30125199928983937,0.3225661434969555,388908800
2003-12-16,0.302002489566803,0.3075560853136247,0.3003507699191504,0.30305319218576854,373956800
2003-12-17,0.29839998483657837,0.3021522600784718,0.29704919881647396,0.3014016396952069,274260000
2003-12-18,0.30080145597457886,0.30290286225161434,0.2987000496975434,0.2987000496975434,330915200
2003-12-19,0.2956984043121338,0.3065055438880596,0.2944972463984877,0.30305335156363694,453560800
2003-12-22,0.2979493737220764,0.2985503909357244,0.2889435846948647,0.2949477196044148,377064800
2003-12-23,0.29734930396080017,0.29945071052194955,0.29419719411907613,0.2990001729232767,308498400
2003-12-24,0.3063550293445587,0.3090574274541447,0.2949477263757521,0.2959984293421895,177475200
2003-12-26,0.3119086027145386,0.31386038045740355,0.30530427762664014,0.30545475737843236,103695200
2003-12-29,0.31746309995651245,0.3176127280179928,0.31310983270924475,0.3138604530397649,233458400
2003-12-30,0.319413959980011,0.32271654820413487,0.31746300901900815,0.31791271974900204,204853600
2003-12-31,0.32076480984687805,0.3231662986936236,0.31791278350564844,0.3204647270753226,174451200
2004-01-02,0.319413959980011,0.3264688221075212,0.31791271974900204,0.32346631659477193,144642400
2004-01-05,0.3327731490135193,0.3360748866036349,0.32151547185907553,0.32151547185907553,395018400
2004-01-06,0.33157190680503845,0.33652536403033684,0.32586870612608215,0.3339733955345288,509348000
2004-01-07,0.3390773832798004,0.34268003051657714,0.3291704916651468,0.33172246073147493,586874400
2004-01-08,0.3506351113319397,0.3561887351957126,0.3399776245951702,0.34282965137471216,460303200
2004-01-09,0.34523114562034607,0.3621928768494093,0.3420790359772062,0.34868333808553154,427459200
2004-01-12,0.35618865489959717,0.36024098698557,0.3467323031889693,0.34898418887625865,487547200
2004-01-13,0.3620423972606659,0.37284951148501194,0.3581396424422273,0.37074810520043394,679016800
2004-01-14,0.36324343085289,0.3683464900803433,0.35693921415621754,0.3662450845147858,620043200
2004-01-15,0.3429800868034363,0.3512352571850119,0.3377265711039657,0.3438803352057531,1018208800
2004-01-16,0.34102821350097656,0.34583201699707805,0.3393773452198348,0.34358015660757873,372820000
2004-01-20,0.3411787748336792,0.34222947800901754,0.3339734556238137,0.3402776997265834,315946400
2004-01-21,0.33937740325927734,0.34478137311375745,0.33667583166918386,0.34072818905432406,226660000
2004-01-22,0.33292272686958313,0.3426799892340099,0.33292272686958313,0.33862680491231056,205004800
2004-01-23,0.33862677216529846,0.3413283436689439,0.33397339766718853,0.33652536617929274,227169600
2004-01-26,0.3453814685344696,0.34613208864028794,0.3366757633204028,0.3371254740445935,271269600
2004-01-27,0.34628185629844666,0.348984280154727,0.34222949810182596,0.3458321453929057,307070400
2004-01-28,0.3380267322063446,0.35093525567601846,0.3363758630824933,0.3428297114800433,275402400
2004-01-29,0.34042802453041077,0.3422293473826408,0.3330731051103601,0.33967740445247374,212699200
2004-01-30,0.33862677216529846,0.343280121612673,0.33652536617929274,0.33997755791712114,185298400
2004-02-02,0.3350241780281067,0.34237910012766704,0.33142235768554357,0.3371255843422668,287431200
2004-02-03,0.3341238796710968,0.3362252856711693,0.3302211253810448,0.334724045192754,180812800
2004-02-04,0.3270690441131592,0.3315719392559339,0.325718258237761,0.33022115338053576,305552800
2004-02-05,0.3365253508090973,0.3438802714241944,0.32736908199835235,0.3275195617587581,352844800
2004-02-06,0.34087875485420227,0.34358032732462834,0.33622540374158655,0.33697602424438544,193340000
2004-02-09,0.3402777910232544,0.3431298185035743,0.33772667310897403,0.33952799713205145,188260800
2004-02-10,0.3449310064315796,0.34703241251693934,0.33682546486314835,0.33952786316882927,255343200
2004-02-11,0.35723942518234253,0.35829012834255425,0.3459817481758491,0.3465819137889991,348544000
2004-02-12,0.35618865489959717,0.3600913839984132,0.35423770368731045,0.3543873066744673,183988000
2004-02-13,0.34523114562034607,0.3617423392791205,0.34268002829573824,0.3579900639918895,315980000
2004-02-17,0.3476325571537018,0.35258598929615653,0.34673230888882645,0.34673230888882645,170956800
2004-02-18,0.34913378953933716,0.35183536094582524,0.3459816806736887,0.34793345854722557,141635200
2004-02-19,0.33727598190307617,0.3548378748411846,0.33637573363865564,0.35018450040530436,323080800
2004-02-20,0.33622533082962036,0.3378761995730422,0.3333733042072842,0.33772657150966745,277603200
2004-02-23,0.3330731987953186,0.33712555634708957,0.3285703037352418,0.3353250596625206,194079200
2004-02-24,0.33562517166137695,0.34132839834099826,0.33022117606350254,0.332322607436839,259056000
2004-02-25,0.34237906336784363,0.3437306758598831,0.33337327346675644,0.33442397651102684,276276000
2004-02-26,0.34583204984664917,0.3479334557401275,0.34222940355090625,0.3434297345333337,198408000
2004-02-27,0.35904067754745483,0.36054191795723733,0.3444804392051465,0.34463089391581847,468837600
2004-03-01,0.3605419993400574,0.3647448120967345,0.3582901382170856,0.3617423305994388,321680800
2004-03-02,0.35738980770111084,0.3617422475285004,0.35678879048427736,0.360240982073865,256687200
2004-03-03,0.35904067754745483,0.36309303464478615,0.3542377002452323,0.3542377002452323,225131200
2004-03-04,0.3776532709598541,0.3785534941456162,0.35889022091026235,0.3591902786050269,660223200
2004-03-05,0.4013689160346985,0.41262659116400235,0.3737505306171765,0.3745011508456491,1540599200
2004-03-08,0.390261709690094,0.40211952494807385,0.3872592288606892,0.3995675815779272,522872000
2004-03-09,0.4067729413509369,0.4087238927524403,0.38650862357782984,0.38876050948352253,618363200
2004-03-10,0.4154786467552185,0.4223830306667955,0.40437059888122234,0.4058718394443718,1006964000
2004-03-11,0.4075227379798889,0.4208818210051248,0.40662248958049363,0.40932406145305905,595851200
2004-03-12,0.4136772155761719,0.4169789519452153,0.4078235362498835,0.4100745698334851,329224000
2004-03-15,0.3970157206058502,0.4105252588442502,0.3941645205700993,0.4057222805294597,481717600
2004-03-16,0.3875594735145569,0.3994181204008095,0.3811056250488215,0.39851704510586244,605432800
2004-03-17,0.3931138217449188,0.3959650218122075,0.3869592307037578,0.3896608027014091,411432000
2004-03-18,0.38530832529067993,0.39116200628768744,0.38410714242485244,0.3893606829022222,321081600
2004-03-19,0.38816025853157043,0.40437051175863464,0.3833564300486154,0.3836573644866003,408576000
2004-03-22,0.38816025853157043,0.3928127805960264,0.3790040157480035,0.38080533870081973,419031200
2004-03-23,0.3796042203903198,0.39026173026863353,0.3785535173794719,0.3884604070108541,385515200
2004-03-24,0.3827563524246216,0.38650862721049134,0.37930416042070175,0.37930416042070175,428215200
2004-03-25,0.4033198952674866,0.4039209125472485,0.3886100524569351,0.3923631538596497,566445600
2004-03-26,0.40587180852890015,0.41067478595595025,0.4039208823356011,0.4052716680698179,419893600
2004-03-29,0.4189307987689972,0.4201311297656188,0.4082732894149258,0.4108252578448413,350728000
2004-03-30,0.4190804958343506,0.419531033369413,0.4103747629272043,0.4163789239727287,359676800
2004-03-31,0.40587180852890015,0.41998150978013277,0.4045210227946833,0.4190804348411509,390773600
2004-04-01,0.40692248940467834,0.40932397798775744,0.39956756894903117,0.40362077765650733,318332000
2004-04-02,0.41277632117271423,0.41923102083512687,0.4087239877518376,0.41652944852071383,274478400
2004-04-05,0.42508459091186523,0.4258352111732582,0.4118759889993797,0.41247615453877545,385672000
2004-04-06,0.4177296459674835,0.4225334500326865,0.4117254858409322,0.4159283227773136,257992000
2004-04-07,0.40992504358291626,0.4157787243623561,0.40407051107843117,0.4144279385420475,255119200
2004-04-08,0.41322681307792664,0.42028165217936375,0.4082733551825886,0.41848032872002094,240917600
2004-04-12,0.4208817183971405,0.4217827932512397,0.412626550054907,0.4127761530304055,230540800
2004-04-13,0.4042210280895233,0.4207322467015846,0.4028702420610705,0.4199816012629401,436396800
2004-04-14,0.39986780285835266,0.40632250258911834,0.39491436911313044,0.40136904379315297,639732800
2004-04-15,0.4397944509983063,0.4439972632913496,0.4226831440951286,0.4325900092642535,1761446400
2004-04-16,0.43799319863319397,0.4399449518800267,0.42778707628595475,0.43754348775056817,402931200
2004-04-19,0.42553508281707764,0.43153919218652886,0.4177296003526912,0.42208289152715806,712353600
2004-04-20,0.4162292182445526,0.42643533818946894,0.41367727492121253,0.42343370914009026,354519200
2004-04-21,0.4162292182445526,0.4220829234613284,0.41082524885528343,0.4142774404063907,325875200
2004-04-22,0.4169790744781494,0.4229832102556272,0.40692255600416827,0.4136773371388618,344584800
2004-04-23,0.4157789349555969,0.4202818321954588,0.40602251982344173,0.4157789349555969,315828800
2004-04-26,0.40722259879112244,0.4148776275370416,0.4052716725761305,0.4139773792623056,231128800
2004-04-27,0.40437066555023193,0.41187606797982046,0.4006183901980358,0.40887441303295463,283864000
2004-04-28,0.3970157206058502,0.4054213459939379,0.3953648518115926,0.4025701710089268,231168000
2004-04-29,0.40181946754455566,0.4052716844274629,0.38996165153864965,0.39701566324935766,460790400
2004-04-30,0.3869593143463135,0.4046716693032631,0.3826068725953489,0.4009185415840697,466502400
2004-05-03,0.39131250977516174,0.3952152398175618,0.38635907651651724,0.39026180655891723,297634400
2004-05-04,0.3923632502555847,0.3985170153889873,0.3827564405977391,0.3898113060096398,279983200
2004-05-05,0.4000181257724762,0.4015193912631906,0.3896607240805692,0.39326337046681953,238106400
2004-05-06,0.3989674150943756,0.4015193835089411,0.3887604683132863,0.3962658436939869,263558400
2004-05-07,0.4003182649612427,0.4138269758534557,0.3985169415141725,0.3985169415141725,419036800
2004-05-10,0.39446452260017395,0.3992674999313882,0.38936063584579933,0.39431406788859374,249978400
2004-05-11,0.4073731005191803,0.40812372079239134,0.3962658794432632,0.3962658794432632,305172000
2004-05-12,0.40977463126182556,0.4103747718212594,0.393863604146346,0.40211960132099983,245420000
2004-05-13,0.40812379121780396,0.4160788794728054,0.4037704985009674,0.4067730051626577,229852000
2004-05-14,0.4061720073223114,0.41007476265034126,0.3970157606476156,0.40902403432011747,257801600
2004-05-17,0.39986780285835266,0.40617202277508574,0.3956649895805306,0.40076887808904227,300445600
2004-05-18,0.4061720073223114,0.40962420000139493,0.4022692770450237,0.40482122120219105,206063200
2004-05-19,0.3973166346549988,0.4127762729504813,0.396566014283238,0.41127588393211795,375592000
2004-05-20,0.4009183645248413,0.4052716560785856,0.3973165448982528,0.3997180335407223,196296800
2004-05-21,0.40692248940467834,0.40827327506552213,0.4012184373484835,0.4037703806379724,179894400
2004-05-24,0.4103747308254242,0.41878038027645126,0.4069225389002066,0.4096241105504966,235603200
2004-05-25,0.4264355003833771,0.4279367413415385,0.40962422195974246,0.4127763319671595,319978400
2004-05-26,0.4279366135597229,0.43198982265230723,0.4202816096381412,0.4252350419813504,322168000
2004-05-27,0.42283353209495544,0.4292873525189987,0.41757999250698563,0.4271859467041041,235972800
2004-05-28,0.42118191719055176,0.42433405193840196,0.4172800388134525,0.4214828767936724,145717600
2004-06-01,0.42118191719055176,0.4232833236552912,0.41442801194352685,0.41712958406263323,182134400
2004-06-02,0.4340912997722626,0.43784354993633856,0.41728002361588207,0.4207322410651841,318712800
2004-06-03,0.42628583312034607,0.43514197104417013,0.42463493926906454,0.4310888114534195,250930400
2004-06-04,0.4319898784160614,0.4390438659889464,0.4279366688002653,0.42868728915210536,399112000
2004-06-07,0.4474494755268097,0.45000144434924766,0.4324395740913969,0.43589176624903125,295876000
2004-06-08,0.4555550217628479,0.4569058076167085,0.44775041447190944,0.45015187834740544,415620800
2004-06-09,0.4533040225505829,0.46095902700645824,0.4503014912197618,0.45165227710322836,349204800
2004-06-10,0.46140962839126587,0.46486182113079266,0.4533041099048773,0.4533041099048773,257577600
2004-06-14,0.4521027207374573,0.4605083432893811,0.4427968751088999,0.46005783093936503,243986400
2004-06-15,0.4606592059135437,0.46741313953498803,0.4542045285920948,0.458407343589821,444634400
2004-06-16,0.4914294481277466,0.5001351808414357,0.45825746111791305,0.460208412602536,909641600
2004-06-17,0.4924803078174591,0.4972832876081924,0.48347451404116853,0.48872805657386253,551320000
2004-06-18,0.49398139119148254,0.5014859406215313,0.48677604776192945,0.4902282397006697,406252000
2004-06-21,0.4852747321128845,0.5028365985395927,0.48212264848893105,0.4971333983748361,390213600
2004-06-22,0.495332270860672,0.4966830068455262,0.4846747334733501,0.4848251882271527,360511200
2004-06-23,0.5058393478393555,0.5077902997633846,0.4936805685435368,0.49533231438409653,390868800
2004-06-24,0.4980338513851166,0.5058393627620789,0.4950322210777544,0.5029873355008648,252515200
2004-06-25,0.5058393478393555,0.5058393478393555,0.49533231438409653,0.49638299267887864,323428000
2004-06-28,0.4876772463321686,0.5131942339243014,0.48347443305065674,0.5130437791608798,521096800
2004-06-29,0.48782676458358765,0.4951816607417992,0.4714660285464193,0.4813728933062294,590553600
2004-06-30,0.488427072763443,0.4948817475493962,0.47867065987617113,0.4887279822949603,373044000
2004-07-01,0.48482492566108704,0.48752649637067513,0.47882081727737846,0.4818224456068569,341941600
2004-07-02,0.4665125906467438,0.46801383114999373,0.4462491505500131,0.4575068009758159,910683200
2004-07-06,0.4645615816116333,0.47161556736630755,0.4623097211365449,0.46936455861613524,348980800
2004-07-07,0.45615601539611816,0.4707154029264234,0.45225326103976266,0.46306039903529084,397992000
2004-07-08,0.4524030387401581,0.4605085572990635,0.44955096156541524,0.4522533856023835,233380000
2004-07-09,0.45075199007987976,0.4578068279624847,0.45075199007987976,0.45435463637615253,208863200
2004-07-12,0.4373929798603058,0.4509024915347405,0.4342408456421097,0.45060158208366385,511621600
2004-07-13,0.4385939836502075,0.44429723313134734,0.43559150341665914,0.4390436943459813,316176000
2004-07-14,0.4439973533153534,0.4498519122080038,0.4313889138797618,0.4331902626605169,835800000
2004-07-15,0.49428170919418335,0.5047887452684623,0.48197332378859953,0.49022849784349715,1767724000
2004-07-16,0.4833239018917084,0.4941310412903432,0.4821227690485064,0.4923296927358891,488381600
2004-07-19,0.4798717200756073,0.48362402028074863,0.47521839486326567,0.4804718856984528,533170400
2004-07-20,0.4833239018917084,0.4833239018917083,0.4735674906981136,0.4795716518697712,323747200
2004-07-21,0.47461816668510437,0.49097885275863007,0.4704153044288263,0.486626437605777,301257600
2004-07-22,0.47551825642585754,0.47626887648191557,0.46621236136296446,0.46906443700781536,334118400
2004-07-23,0.46080857515335083,0.4765690966320714,0.45750683778966567,0.47326740936986217,273571200
2004-07-26,0.4692140817642212,0.47206610756168865,0.4620095915468436,0.46306031943484516,393932000
2004-07-27,0.4867759943008423,0.4915789715425227,0.47386750134317024,0.47731969290276705,425006400
2004-07-28,0.48437464237213135,0.48647604873398853,0.4677138462207273,0.48497480799711495,285051200
2004-07-29,0.4899279773235321,0.4926295478559106,0.48227297636581323,0.48737600972890965,222157600
2004-07-30,0.4854252338409424,0.4953321483580752,0.48032219864152065,0.49007860834058975,243023200
2004-08-02,0.4740182161331177,0.48332406792829047,0.4672634322915715,0.4680140528988466,365092000
2004-08-03,0.46966466307640076,0.4761193858433837,0.46756325709334084,0.47206617686859526,211629600
2004-08-04,0.47717007994651794,0.48212271068999013,0.46786338074958556,0.46816343846741276,276488800
2004-08-05,0.4711660146713257,0.48482513027966007,0.4690646084160837,0.4774702334370517,244501600
2004-08-06,0.4469996988773346,0.46681257324951475,0.4457985162824173,0.46381094445101256,492290400
2004-08-09,0.45480453968048096,0.4570564012374429,0.44744959088807296,0.4480506083587559,290847200
2004-08-10,0.4731166958808899,0.4734168035892128,0.4555548336826283,0.456155850722535,351036000
2004-08-11,0.46546170115470886,0.4672630488497734,0.4542040546331005,0.466812486469462,322392000
2004-08-12,0.45585525035858154,0.4630605457204109,0.45450446414687556,0.45705638342632526,226200800
2004-08-13,0.462909996509552,0.46951427307671234,0.45630566984091414,0.4593081511872916,328048000
2004-08-16,0.46200963854789734,0.4761193643778618,0.45990823265957786,0.4653113754156975,435674400
2004-08-17,0.46336036920547485,0.4672631228244635,0.45555491206896015,0.4590071032363066,323019200
2004-08-18,0.47641968727111816,0.47807058167472316,0.457656626816368,0.4579567347790275,364655200
2004-08-19,0.46095895767211914,0.4782207671721466,0.45570541793457603,0.4729672274346035,388920000
2004-08-20,0.46230974793434143,0.4651617740317645,0.4576563736365363,0.46095896224066335,316780800
2004-08-23,0.4665125906467438,0.46936461693320436,0.45930809919412274,0.46321000182371513,254660000
2004-08-24,0.4795716404914856,0.4795716404914856,0.46816348402861335,0.46921421220872395,374136000
2004-08-25,0.4960828721523285,0.497583261209402,0.47626908908330556,0.4783704955086849,505618400
2004-08-26,0.5202490091323853,0.5280536165360546,0.4914294381511796,0.49593230823646095,955858400
2004-08-27,0.5155954957008362,0.5217492578428412,0.5103419566237161,0.5205489270220202,388813600
2004-08-30,0.5121433734893799,0.5211491625537542,0.5097418597997612,0.5103420252909248,218142400
2004-08-31,0.5176970362663269,0.5246014203082616,0.5103420896613399,0.5113928177912558,376560800
2004-09-01,0.5382604598999023,0.5402122124979476,0.5131939964709458,0.5148448897828409,515726400
2004-09-02,0.5352590084075928,0.5375100681026358,0.5228001720736125,0.5328575440563175,406324800
2004-09-03,0.528804361820221,0.5391617921386785,0.52550262372147,0.52550262372147,293468000
2004-09-07,0.5367593169212341,0.543213989789977,0.5288042051625174,0.5313561737513951,301957600
2004-09-08,0.5456154942512512,0.5489180833432185,0.5355590257947167,0.5358590835342081,343526400
2004-09-09,0.5358589291572571,0.5448647169670501,0.5295547123555789,0.5418630883058883,461339200
2004-09-10,0.538411021232605,0.5438141644935327,0.5322564059772162,0.5352588870548921,328014400
2004-09-13,0.5342081785202026,0.5414126196302277,0.5301549695812051,0.538560593439221,281976800
2004-09-14,0.5327069759368896,0.5336071992173989,0.5220494405402605,0.528954676161152,254822400
2004-09-15,0.5283538103103638,0.5325566738441784,0.5223505498010033,0.5307561766656561,232668800
2004-09-16,0.5456154942512512,0.551770109861927,0.5265532353904235,0.5283536820303236,501916800
2004-09-17,0.5574732422828674,0.56107588834534,0.5463659979419849,0.5486179085010398,502308800
2004-09-20,0.5660295486450195,0.5700819070965091,0.5534211090077045,0.5535707120433999,245000000
2004-09-21,0.5705323815345764,0.5834409282075501,0.5622772104222092,0.5666296764810229,386652000
2004-09-22,0.5541716814041138,0.5724833218520224,0.5525199357734781,0.5718831562092966,401688000
2004-09-23,0.5594252347946167,0.5628774276369013,0.5543213462389975,0.555973041952332,397404000
2004-09-24,0.5597250461578369,0.5703816768428892,0.5576236406128553,0.5621265093479297,369488000
2004-09-27,0.5633277893066406,0.5700817178166684,0.5528207597641129,0.5546212061491606,397516000
2004-09-28,0.570982813835144,0.5747350632813398,0.5621266273643549,0.5622770820809095,353186400
2004-09-29,0.5805888175964355,0.5832912410523453,0.5676802727852925,0.5693311664855036,273509600
2004-09-30,0.5816396474838257,0.5894451587059831,0.5771367762494303,0.5853928000517232,425012000
2004-10-01,0.5804393887519836,0.5882439984514563,0.5790886024812649,0.5871933201055773,465404800
2004-10-04,0.5822405219078064,0.5880942280238262,0.5816395046053442,0.5880942280238262,574084000
2004-10-05,0.5909463167190552,0.5954491873212122,0.5763860748270286,0.578787539012871,406162400
2004-10-06,0.6100084781646729,0.6118097762687409,0.5924465606466727,0.5928971231546659,446303200
2004-10-07,0.5946986079216003,0.6143619375130529,0.5922971435702423,0.6085082303775354,426148800
2004-10-08,0.5862929224967957,0.5969504089845014,0.5829903331799696,0.5937983245116899,359228800
2004-10-11,0.5792378783226013,0.586292715239643,0.5733841738472663,0.5823900117825986,323870400
2004-10-12,0.574735164642334,0.5790884822004441,0.5651284063445164,0.5778872992282299,460191200
2004-10-13,0.596649706363678,0.5968001611583772,0.5814901457856859,0.5834410980685991,1163008000
2004-10-14,0.6751519441604614,0.6867096487085831,0.638677382553358,0.6482841864945972,2768427200
2004-10-15,0.6829577088356018,0.6846085525663914,0.6632944315008751,0.673651810037405,1031128000
2004-10-18,0.7167306542396545,0.7167306542396545,0.6709493796142829,0.6709493796142829,1200752000
2004-10-19,0.7117771506309509,0.7257363720138891,0.7101254053782844,0.7219840725430929,801992800
2004-10-20,0.7125278115272522,0.7144787628682718,0.7002194328678542,0.7081744945775552,605108000
2004-10-21,0.7195820212364197,0.7224340484449983,0.7108762864658088,0.712677635368,724505600
2004-10-22,0.7116265892982483,0.7155292927963258,0.7057728847613671,0.7135783418589845,483067200
2004-10-25,0.7137282490730286,0.7180815165706276,0.7065237564488789,0.708474708080921,392644000
2004-10-26,0.7200325727462769,0.7212337058027113,0.7050226180657795,0.712227061634483,594361600
2004-10-27,0.7550055980682373,0.7598094271693425,0.723034798232748,0.7281378333098633,1193494400
2004-10-28,0.7833747267723083,0.783825289358796,0.7429982968254246,0.750202738974782,864264800
2004-10-29,0.7865270972251892,0.7985353728361921,0.7775213038542499,0.7781214696324124,810219200
2004-11-01,0.7872772812843323,0.7994352033124268,0.7811235187835174,0.7880279014281716,602050400
2004-11-02,0.8030380010604858,0.8117436833096543,0.786526809748139,0.786526809748139,729988000
2004-11-03,0.8302066922187805,0.8422141119249366,0.8103929115883399,0.8160970146208005,1204173600
2004-11-04,0.8172971606254578,0.8338083494976046,0.8160968797867206,0.826003743414409,928625600
2004-11-05,0.8213504552841187,0.8255532673632888,0.7811236327147947,0.8234518613237037,1205047200
2004-11-08,0.8162466883659363,0.8323081705182385,0.808442030215405,0.8145957945194882,526920800
2004-11-09,0.8112941384315491,0.8187986890111753,0.8012367670751953,0.8139957105062592,475764800
2004-11-10,0.8218008279800415,0.8314067809852247,0.809192394655166,0.8097925099480053,508676000
2004-11-11,0.8300562500953674,0.8320072015622613,0.81399562081621,0.824802709547973,407299200
2004-11-12,0.8330578804016113,0.8359099069131251,0.8231518667023582,0.8257029837500485,395701600
2004-11-15,0.8291561007499695,0.8324578385994461,0.8156465864945498,0.8285551334580548,376045600
2004-11-16,0.8246525526046753,0.8285553086728668,0.8177481659370844,0.8279551428777672,295103200
2004-11-17,0.8240520358085632,0.8323080570612356,0.8138450632154914,0.8284053026554037,397751200
2004-11-18,0.8314071297645569,0.8323082049081088,0.8148959360512832,0.8150463908000231,459149600
2004-11-19,0.8281052708625793,0.8542224177891388,0.8180479009516141,0.8329082486772386,765279200
2004-11-22,0.920867383480072,0.9606436488626902,0.8690827956760003,0.9276213634214375,2568210400
2004-11-23,0.9196662306785583,0.9373785058659666,0.9163644430990722,0.9351266448519217,911450400
2004-11-24,0.9613943099975586,0.978656174007657,0.9238691024624257,0.9259704587723583,1390788000
2004-11-26,0.9688996076583862,0.9870616931161498,0.9657475234322225,0.9809071276695017,550144000
2004-11-29,1.0272884368896484,1.044249287198169,1.0118279251725053,1.0349434403417468,1712916800
2004-11-30,1.0064239501953125,1.0325418452050092,1.0064239501953125,1.0325418452050092,1028518400
2004-12-01,1.0175317525863647,1.0199332156689696,0.9947163502578797,1.0175317525863647,800553600
2004-12-02,0.978805422782898,1.004172795387451,0.9705503049733961,0.9926149891554256,987442400
2004-12-03,0.940830647945404,0.9756535779210302,0.9268714751919409,0.9685986890274173,1238848800
2004-12-06,0.9873619079589844,0.994266292835406,0.9448831669931943,0.964395990343656,1247920800
2004-12-07,0.943983256816864,1.0016215225853866,0.9390298219620686,0.9896131956646704,1056899200
2004-12-08,0.949836254119873,0.9670980116450885,0.9313741657532097,0.9468345752913887,691902400
2004-12-09,0.960493803024292,0.9666475656947638,0.9316742373105219,0.9427814317275639,741501600
2004-12-10,0.9779052734375,0.9914139314435195,0.9711504935212918,0.976103925311027,775773600
2004-12-13,0.9743026494979858,0.989162945970133,0.9696493251472013,0.9849601340395369,395040800
2004-12-14,0.9800071120262146,0.9888633522169724,0.975953901389371,0.9816580563637334,415721600
2004-12-15,0.9795559644699097,0.9825584446874216,0.97055022726697,0.9792558567322429,398361600
2004-12-16,0.9996700286865234,1.0131786877328457,0.9914140077923692,0.9929152482501292,1126115200
2004-12-17,0.9755041003227234,1.0062745263495403,0.9741532641808992,1.0032720447714956,783496000
2004-12-20,0.9414306879043579,0.9906632939074781,0.9270209051744871,0.9827081831963502,1168126400
2004-12-21,0.9559903144836426,0.9571914473230537,0.9246196746932629,0.9540393629208382,1064414400
2004-12-22,0.9568915963172913,0.9660478433711194,0.9516380546516078,0.9555407600397525,565829600
2004-12-23,0.9607939720153809,0.964395766640003,0.9546394073293626,0.956891267966423,245929600
2004-12-27,0.9480353593826294,0.9779056652715798,0.9438325460799564,0.9726521235924952,559490400
2004-12-28,0.9633449912071228,0.9643957191685828,0.9313742432209128,0.9501364409092282,611755200
2004-12-29,0.9672479033470154,0.9753534197524816,0.9541897561933008,0.9577915510430922,449562400
2004-12-30,0.9726518392562866,0.9761040310779387,0.963946107291322,0.9728014422514604,345340800
2004-12-31,0.9666478037834167,0.9756536447290759,0.9610942553085038,0.9740028010157404,278588800
2005-01-03,0.9499869346618652,0.9773051630209677,0.939629457378309,0.9723517306982732,691992000
2005-01-04,0.9597434401512146,0.9827084553063756,0.9451832487898647,0.9574915790539267,1096810400
2005-01-05,0.9681491851806641,0.9794068888106159,0.9613944026779389,0.9675481677584133,680433600
2005-01-06,0.9688996076583862,0.974302751176306,0.9505871175713361,0.9707001544829384,705555200
2005-01-07,1.0394463539123535,1.0451504066772985,0.9719012507072167,0.9756535504681108,2227450400
2005-01-10,1.0350937843322754,1.0612109771841185,1.018882653355615,1.0481519298450022,1725309600
2005-01-11,0.969049334526062,1.037945285058313,0.9627451652679478,1.0244366229132555,2611627200
2005-01-12,0.9825587272644043,0.9891630032478483,0.9501365609656731,0.9824083226421046,1919702400
2005-01-13,1.047702670097351,1.1170491411929813,1.0466520419011864,1.1063916529415867,3164716800
2005-01-14,1.0537059307098389,1.0765213443987578,1.0385463242169324,1.0544565511266462,1770742400
2005-01-18,1.060460090637207,1.0612107106136057,1.0169306451950442,1.0484517742613417,1006460000
2005-01-19,1.0489027500152588,1.072618383713685,1.0469517985537318,1.0580589950948658,751895200
2005-01-20,1.057608723640442,1.069767452723173,1.0427492237962466,1.0454507961815038,914922400
2005-01-21,1.058058738708496,1.074719579584456,1.0507038438663683,1.0703671652470899,911332800
2005-01-24,1.062111258506775,1.0774220669765002,1.058959174696567,1.0654138471293595,841629600
2005-01-25,1.0814744234085083,1.0933322380895085,1.0648135815417825,1.071267452048077,969231200
2005-01-26,1.0844768285751343,1.091981326310978,1.0690163187189552,1.0906305908686915,739496800
2005-01-27,1.090330958366394,1.094533771522962,1.0739702182917268,1.0831256634268493,496227200
2005-01-28,1.1104438304901123,1.1104438304901123,1.087328311536243,1.0900306850148826,801612000
2005-01-31,1.154273271560669,1.1691335696918828,1.1183997130539884,1.1194504412046804,1681097600
2005-02-01,1.1637300252914429,1.1673326232517618,1.1494706393502645,1.156525530791708,678395200
2005-02-02,1.1952506303787231,1.1994534422959944,1.1661309545605305,1.1700336586721554,1020062400
2005-02-03,1.167932391166687,1.1922490412958204,1.1607278994303059,1.1872956087794255,731651200
2005-02-04,1.1833925247192383,1.1847433603381345,1.1637293041244392,1.168833140060088,563556000
2005-02-07,1.1848938465118408,1.1910476085888193,1.1632795751228087,1.1847433417223072,524456800
2005-02-08,1.2143137454986572,1.2215182367302446,1.1826421010248254,1.186845013168495,890019200
2005-02-09,1.181891679763794,1.2306746880203219,1.1722857232388597,1.2164153061470544,1191456000
2005-02-10,1.176188349723816,1.189997116801272,1.1506713698490956,1.1815914927804643,1093019200
2005-02-11,1.2189667224884033,1.2272219394033967,1.1848937242511715,1.198702487164583,1201054400
2005-02-14,1.2703008651733398,1.2727023283364862,1.2315752425584903,1.2417814109004024,1271463200
2005-02-15,1.327039361000061,1.3370958299442444,1.2908648911713672,1.3007717571010962,2312217600
2005-02-16,1.3528567552566528,1.3539073834935584,1.3111286274107732,1.3231369524380288,1639243200
2005-02-17,1.3180334568023682,1.3641139887256344,1.312629511603222,1.3606617966247445,1518473600
2005-02-18,1.303023338317871,1.3187838571914183,1.2946177148915878,1.3169826092273853,1163254400
2005-02-22,1.2802083492279053,1.3253886650355657,1.2802083492279053,1.295367956044288,1219293600
2005-02-23,1.3243379592895508,1.3276396471393934,1.2841110763131995,1.3016721477585467,1345181600
2005-02-24,1.3348444700241089,1.3405477204305682,1.3168320907733626,1.3280897902289788,1519028000
2005-02-25,1.3357449769973755,1.349554546476772,1.3237366557109436,1.3452013296045444,915510400
2005-02-28,1.3467028141021729,1.3551084401193068,1.3196845873285767,1.341298767935589,651610400
2005-03-01,1.335895299911499,1.354206986723783,1.3256883276452953,1.350605191978795,468188000
2005-03-02,1.3244872093200684,1.3476027256180825,1.3232868782665892,1.3283899135416979,458161200
2005-03-03,1.2545404434204102,1.3331928332567995,1.2374291890518083,1.3319925023005115,1411653600
2005-03-04,1.2851612567901611,1.2911645143454538,1.2563416925700208,1.2836600165388985,756618800
2005-03-07,1.2833603620529175,1.2983703649967986,1.2713521392512954,1.2848608012107166,450632000
2005-03-08,1.2167153358459473,1.2656479439747716,1.2038067908725425,1.2578432363160006,1021451200
2005-03-09,1.1812913417816162,1.2092097843517002,1.1656812269804702,1.18999707329645,1322465200
2005-03-10,1.1957017183303833,1.208610268101178,1.1737873247789266,1.1866958745497216,777109200
2005-03-11,1.2089097499847412,1.2185166071106215,1.1948009749567023,1.207108501849743,632830800
2005-03-14,1.2104111909866333,1.2245208690101383,1.1863954490234951,1.2164152517311093,605385200
2005-03-15,1.2296241521835327,1.2350280985293218,1.2083099777497703,1.220018194155736,508608800
2005-03-16,1.236228108406067,1.2701507139340347,1.2242206890451606,1.23712923350986,697813200
2005-03-17,1.2683497667312622,1.2872624643243795,1.2404304309909204,1.2467346969229287,801920000
2005-03-18,1.2896641492843628,1.3040739310968195,1.2758544827888942,1.3007713428963497,940150400
2005-03-21,1.3118789196014404,1.319984436763275,1.2866620445731556,1.2995705899348917,541128000
2005-03-22,1.2857617139816284,1.3196843190372838,1.2812587940049314,1.3121789179937446,551415200
2005-03-23,1.2773561477661133,1.302873131675674,1.2614451204425345,1.2743536663271902,609823200
2005-03-24,1.2758549451828003,1.2908649479550782,1.2758549451828003,1.2881633759188198,352704800
2005-03-28,1.2767558097839355,1.2896643534193692,1.2749544615185953,1.2833600854039116,275410800
2005-03-29,1.253339171409607,1.2857614306128153,1.2458346738464952,1.2776558157105513,461356000
2005-03-30,1.2848602533340454,1.2848602533340454,1.255440575938381,1.2629459750217973,394959600
2005-03-31,1.250938057899475,1.27645504015765,1.248536593959135,1.274353583854687,636134800
2005-04-01,1.2275224924087524,1.2662489310940857,1.2179165359696884,1.2635465575562448,641284000
2005-04-04,1.2335269451141357,1.240131323547747,1.205608490937314,1.230525364838323,580014400
2005-04-05,1.257542371749878,1.2680494531721707,1.233526629397722,1.2374294342797232,556239600
2005-04-06,1.270751714706421,1.2851614995382876,1.2653477698363698,1.2728531708869273,414825600
2005-04-07,1.307675838470459,1.3133798904620784,1.2683500949714173,1.2707515584765758,506987600
2005-04-08,1.3130801916122437,1.3343943642429252,1.3070760299647872,1.3118790586738582,649950000
2005-04-11,1.2584431171417236,1.3283896683473473,1.2581430093830122,1.3253880897456096,821662800
2005-04-12,1.2806578874588013,1.2965689141862426,1.2611450655345067,1.2755548515987336,981061200
2005-04-13,1.2320250272750854,1.2905643778508602,1.2125122110252697,1.2893640470088532,1371946800
2005-04-14,1.1185493469238281,1.187595795890248,1.1059409093764878,1.1650803924457935,2753192400
2005-04-15,1.0612108707427979,1.1182488790911842,1.0591094150599267,1.099336278959954,1728087200
2005-04-18,1.0693169832229614,1.0897309351508548,1.020684469804528,1.050704380233386,1327177600
2005-04-19,1.1134461164474487,1.1239530957989148,1.076821041194723,1.0987362251118717,1081642800
2005-04-20,1.0660139322280884,1.1329589117636447,1.0639125764819806,1.1305574482277514,945131600
2005-04-21,1.116147756576538,1.1170487814403784,1.0777222325873315,1.092732132440421,759592400
2005-04-22,1.0657145977020264,1.1107453282689128,1.0477030068963245,1.1059414958851366,839129200
2005-04-25,1.1101436614990234,1.111344794247896,1.0840265644829492,1.0954337683925528,746460400
2005-04-26,1.0864280462265015,1.1260547058755381,1.0843265899468917,1.1041395189596077,810507600
2005-04-27,1.0792235136032104,1.091531040747509,1.066014059734718,1.077422165228493,613888800
2005-04-28,1.0669153928756714,1.0909311380223128,1.0579087494488042,1.0894298971805465,575106000
2005-04-29,1.082525610923767,1.08762944948096,1.0573086303119164,1.0852271833462757,671630400
2005-05-02,1.0936325788497925,1.100237656989005,1.0813250507837862,1.08702820213126,465920000
2005-05-03,1.0870281457901,1.1029391716743053,1.081625002367876,1.092732198668519,496739600
2005-05-04,1.1152477264404297,1.1167480653663913,1.0837265805807816,1.084026688447158,448176400
2005-05-05,1.1011377573013306,1.1188493289172983,1.0948335893382684,1.1182491132880465,387366000
2005-05-06,1.1179490089416504,1.1206505802571782,1.104440250537601,1.1074419296417868,326247600
2005-05-09,1.1098434925079346,1.124253276988282,1.103239216710574,1.1191502416891244,355695200
2005-05-10,1.0933326482772827,1.1182494195447876,1.0906310759881075,1.1032395155702683,440263600
2005-05-11,1.069016933441162,1.070818282477445,0.9939664017651078,1.0567086001529167,2041981200
2005-05-12,1.0245869159698486,1.0684154828256425,1.0206841115435223,1.0633124475482405,970242000
2005-05-13,1.043799638748169,1.0576084060592086,1.022785578340684,1.0266882826048078,702713200
2005-05-16,1.0672153234481812,1.0717182440244033,1.0365945015814637,1.0374955265897283,474294800
2005-05-17,1.0615112781524658,1.0645137596421184,1.0368946174062388,1.054907001270157,588344400
2005-05-18,1.075920820236206,1.1275557945243448,1.0504038417004342,1.0642126080533052,636722800
2005-05-19,1.127254843711853,1.1311575475618683,1.0741194325950212,1.0741194325950212,793161600
2005-05-20,1.127254843711853,1.1302573244082137,1.1164477569389293,1.1182490048697054,452650800
2005-05-23,1.1935999393463135,1.1978027521530519,1.136261800818504,1.136261800818504,1042574400
2005-05-24,1.191798448562622,1.2005040800720168,1.1716854136471035,1.184293849503407,593460000
2005-05-25,1.1942002773284912,1.1993041156858917,1.180391506221067,1.1857946508545754,396006800
2005-05-26,1.2230194807052612,1.2290235407248327,1.19900374164168,1.19900374164168,525520800
2005-05-27,1.2176154851913452,1.2245207707414998,1.2011051461433653,1.2200178507981967,316008000
2005-05-31,1.1935999393463135,1.2230197291964444,1.1881959936422053,1.2206181648224343,404205200
2005-06-01,1.2098109722137451,1.223619740734006,1.1966015175542157,1.1975026427087982,453812800
2005-06-02,1.2020055055618286,1.210411230962892,1.1887969522589643,1.2023056134161585,373973600
2005-06-03,1.1479690074920654,1.1581759807941678,1.1338602314410693,1.145567543543839,956869200
2005-06-06,1.138363003730774,1.1596771727616322,1.127555915402458,1.1506714328262817,811966400
2005-06-07,1.0969353914260864,1.1326593584236249,1.0942338187779568,1.1287566526078405,745264800
2005-06-08,1.1083422899246216,1.1182491548728082,1.0978353095278097,1.0996365577002074,404006400
2005-06-09,1.1302577257156372,1.138963459863299,1.1053409548409923,1.1107449009579038,390255600
2005-06-10,1.075020670890808,1.1227520426377773,1.0663141372929845,1.1227520426377773,678932800
2005-06-13,1.0777220726013184,1.0990362374518912,1.0753206092248488,1.0774219648314558,435772400
2005-06-14,1.0807238817214966,1.0852268014500062,1.0732192827151545,1.0783223178527621,347846800
2005-06-15,1.1146467924118042,1.1197506305809604,1.089730823432683,1.1068421836492786,563343200
2005-06-16,1.1401649713516235,1.1431666524867532,1.1053413217798282,1.1164485239692294,547674400
2005-06-17,1.150070309638977,1.156975494543294,1.1356605258516803,1.1548741387180614,596125600
2005-06-20,1.1290565729141235,1.143466360817923,1.1242535440864472,1.1362618676778922,323716400
2005-06-21,1.1365618705749512,1.1464687366227475,1.122152084002254,1.132359057909147,370526800
2005-06-22,1.1572755575180054,1.1587759962623774,1.1449672302356353,1.148569826347323,424925200
2005-06-23,1.167482852935791,1.1942001692356559,1.1602775585106118,1.1656815042787556,674254000
2005-06-24,1.1335586309432983,1.174386502871532,1.131157168246755,1.1734853781936543,410709600
2005-06-27,1.113746166229248,1.143765962522678,1.101137631339558,1.1059406584624023,600171600
2005-06-28,1.1200506687164307,1.128456294356846,1.115847855896223,1.125454714640819,350299600
2005-06-29,1.091832160949707,1.1194506034939984,1.0843267583793579,1.1176492547715722,448358400
2005-06-30,1.1050406694412231,1.1155476504714257,1.0900306679115188,1.0990365085046168,418390000
2005-07-01,1.0957337617874146,1.1098434377561714,1.0894295941165766,1.1056406259079665,250000800
2005-07-05,1.1401649713516235,1.1452680096467478,1.0957344591429805,1.0972357005225544,454269200
2005-07-06,1.1224520206451416,1.145567538946113,1.116747967624023,1.1320588784290104,394626400
2005-07-07,1.129657506942749,1.1335593099953105,1.1047406381412355,1.1050407460059064,383723200
2005-07-08,1.1482688188552856,1.1491699437701781,1.124853298868965,1.1368615173361947,290735200
2005-07-11,1.1437664031982422,1.1602776482314174,1.1341604454544574,1.1518720218683536,388788400
2005-07-12,1.1479690074920654,1.1527728372150865,1.1380630438578456,1.147668999853703,387038400
2005-07-13,1.1512714624404907,1.1557743821738964,1.1377620018196914,1.149470114181836,684835200
2005-07-14,1.2233195304870605,1.2611449395694732,1.207709514993867,1.224520763384742,2096060400
2005-07-15,1.2473359107971191,1.2479360261054697,1.2146136441257256,1.2299236487947671,687682800
2005-07-18,1.2455346584320068,1.2638463432802984,1.241931962246944,1.2431331949850688,586297600
2005-07-19,1.2965691089630127,1.2977702419581605,1.2329266959428062,1.246435358867213,671062000
2005-07-20,1.3097772598266602,1.3148811967050977,1.2803575768628197,1.2866618447422549,453395600
2005-07-21,1.2995705604553223,1.3220858631268007,1.2878631481702114,1.3118788898426677,404264000
2005-07-22,1.3208850622177124,1.3208850622177124,1.302572578468115,1.3040738185588188,301106400
2005-07-25,1.3151812553405762,1.3292909307945349,1.312779791804847,1.3205843979915648,294627200
2005-07-26,1.3097772598266602,1.3241870436090657,1.3016717439236898,1.321185464584533,268592800
2005-07-27,1.320584774017334,1.3229870398605674,1.2809589109447674,1.3157817453753173,283749200
2005-07-28,1.3148813247680664,1.320885485431293,1.2998714241247409,1.3163817637161832,251311200
2005-07-29,1.2803572416305542,1.332292310884699,1.2686499341663737,1.307675561617198,562080400
2005-08-01,1.2833603620529175,1.293266426908001,1.2632465212232011,1.27795641629493,314249600
2005-08-02,1.2965691089630127,1.305874958738551,1.2791576405803584,1.2875632668780952,296875600
2005-08-03,1.2974692583084106,1.3001716320378933,1.283960596155837,1.2965690348820442,258322400
2005-08-04,1.2821590900421143,1.290864822667066,1.2695506528640772,1.2875630352138279,269304000
2005-08-05,1.2905646562576294,1.3016718523129593,1.26144497846706,1.275554755826331,241931200
2005-08-08,1.2803572416305542,1.2983697171497526,1.2791569109438359,1.2908643186109288,176383200
2005-08-09,1.3154817819595337,1.3175831383745376,1.288163447143717,1.28876356271138,380839200
2005-08-10,1.302273154258728,1.332593069575077,1.3001716975969158,1.3208857555115876,360945200
2005-08-11,1.3208850622177124,1.3244868560409901,1.2983697675533916,1.302572578468115,271983600
2005-08-12,1.383927345275879,1.3875292396126673,1.3016715658869356,1.3046740463272495,916036800
2005-08-15,1.431359052658081,1.4508718736262052,1.3944347667761354,1.3953349900745884,1086727600
2005-08-16,1.3884307146072388,1.4259560207146131,1.3872295817574682,1.4226534314432704,537622400
2005-08-17,1.4154492616653442,1.4241549967874643,1.3920328272241171,1.39293395262499,499724400
2005-08-18,1.389931321144104,1.410945386876732,1.37342097807518,1.4082438146181078,442559600
2005-08-19,1.3758221864700317,1.401939384170376,1.3740208380238463,1.3893308468736356,376569200
2005-08-22,1.37702214717865,1.4034402472333396,1.3587104636613794,1.3854277696466095,387732800
2005-08-23,1.3731201887130737,1.3839280819408277,1.3605117481701936,1.376422778671293,295604400
2005-08-24,1.3740205764770508,1.414547552003002,1.3686166323700941,1.3689167401505564,572070800
2005-08-25,1.3827265501022339,1.395635094842341,1.3752211487940653,1.384527898521728,276253600
2005-08-26,1.3731201887130737,1.391132575869831,1.3617128812697772,1.3845282977801958,261058000
2005-08-29,1.3761223554611206,1.3818264086877965,1.3587108895538096,1.3590109974047344,256295200
2005-08-30,1.398036241531372,1.4046406164210357,1.3785234250332854,1.3806248808091317,518761600
2005-08-31,1.40764319896698,1.4118460106204507,1.3890306042117038,1.4067420739830812,402956400
2005-09-01,1.3887308835983276,1.416049217063613,1.3836269455379977,1.4109452790032828,356367200
2005-09-02,1.387529969215393,1.4049422406230754,1.384528288820109,1.3899314337751936,222378800
2005-09-06,1.4649819135665894,1.4673833780487815,1.3974367920381894,1.4019397132975049,818619200
2005-09-07,1.4613789319992065,1.4829940105152755,1.4385643239929546,1.4724869297967376,963074000
2005-09-08,1.494401216506958,1.5046081894112855,1.4751885036403634,1.4814927721213207,702640400
2005-09-09,1.540332317352295,1.5415334502268476,1.494701492880338,1.503107118334141,615641600
2005-09-12,1.5430338382720947,1.5499391245859793,1.5184179800759796,1.5340280975923917,452796400
2005-09-13,1.5256224870681763,1.539732165655414,1.5106124849117122,1.531626548052536,492884000
2005-09-14,1.489297866821289,1.5367292229176537,1.4847949476885098,1.532826419114578,474426400
2005-09-15,1.4971023797988892,1.5064091268785345,1.48089215249172,1.5010051833605673,415156000
2005-09-16,1.5373303890228271,1.5373303890228271,1.4995050805943795,1.50791070468959,591004400
2005-09-19,1.580259084701538,1.58776448675055,1.5325269040780949,1.5325269040780949,783731200
2005-09-20,1.5967707633972168,1.615383369107428,1.588665243106369,1.590766700271439,819828800
2005-09-21,1.5643479824066162,1.5925673388292003,1.5568434825431234,1.589865766975761,434747600
2005-09-22,1.5580437183380127,1.5751558768270495,1.5406322536425243,1.5574435026779374,463727600
2005-09-23,1.597070574760437,1.6060764172691004,1.556243574345895,1.5640481835999205,558457200
2005-09-26,1.6162828207015991,1.6378969953962177,1.6006727058924108,1.6219868729884883,546562800
2005-09-27,1.6042745113372803,1.628291051649683,1.6039744035337777,1.6186842952406066,341703600
2005-09-28,1.5334275960922241,1.5943684173589767,1.5187177046749973,1.5931672847480387,1125544000
2005-09-29,1.5712529420852661,1.5787575410707924,1.5253221188712898,1.5379305546037887,636846000
2005-09-30,1.609378695487976,1.6105790266834386,1.5574436042218418,1.5709531669929118,531633200
2005-10-03,1.634295105934143,1.6372967849924007,1.6114796997339549,1.6258894827040384,507553200
2005-10-04,1.6135815382003784,1.6616138254786585,1.610278948951594,1.6496055031516967,539459200
2005-10-05,1.5844615697860718,1.6318937329417564,1.583561346586884,1.6309926079161225,610769600
2005-10-06,1.5520405769348145,1.6057761189241555,1.5271238077178098,1.597070385355661,757537200
2005-10-07,1.540031909942627,1.5589446136365195,1.5175166099494797,1.5526404458738485,677882800
2005-10-10,1.5121138095855713,1.558344851265656,1.5094114358864243,1.5538410287043611,507505600
2005-10-11,1.5487380027770996,1.5571436285563893,1.5130140431136367,1.537930912779389,1225884800
2005-10-12,1.4784910678863525,1.5100122093581942,1.4370630615054498,1.4604785862335143,2697486400
2005-10-13,1.613281011581421,1.6195851787607727,1.4790909502954468,1.4841940851479443,1865575600
2005-10-14,1.621086597442627,1.6315936826973199,1.584762512105767,1.6219877229427837,1035552000
2005-10-17,1.6042745113372803,1.62799104404912,1.5814599052829779,1.6204856434821968,616834400
2005-10-18,1.5673506259918213,1.619585730104802,1.5670505181123402,1.5985716653484103,609588000
2005-10-19,1.649306058883667,1.6499062748355946,1.537331213815211,1.5631483155818624,1008683200
2005-10-20,1.6853296756744385,1.6961367656944417,1.6315932312175223,1.6351958283644383,1357762000
2005-10-21,1.6709195375442505,1.7105462965648803,1.6619137975496134,1.7063433840938367,796726000
2005-10-24,1.7048417329788208,1.7048417329788208,1.6538077823897073,1.6586108091625864,609753200
2005-10-25,1.6841282844543457,1.7066434874286327,1.67182075641415,1.6931349267806033,465127600
2005-10-26,1.7120475769042969,1.727957601027587,1.6787250856133111,1.6895321742637859,631593200
2005-10-27,1.663414716720581,1.7114461891702768,1.663414716720581,1.7108459736248547,411541200
2005-10-28,1.6351954936981201,1.6940349624351396,1.6261897541962107,1.682327651387072,769787200
2005-10-31,1.7288587093353271,1.740566020503351,1.6436011346151909,1.6571106959344357,940844800
2005-11-01,1.7261561155319214,1.7453696278966224,1.707243412384199,1.7183515091721442,749686000
2005-11-02,1.7997053861618042,1.8012066264927529,1.7291585137414998,1.7327612099675658,857060400
2005-11-03,1.8567448854446411,1.8708536631437673,1.8033084485407236,1.8090126024540234,884382800
2005-11-04,1.8357303142547607,1.838431985964676,1.789799490315607,1.8117136732254435,878035200
2005-11-07,1.8081108331680298,1.8513401775809224,1.805409161971973,1.826723325613885,638831200
2005-11-08,1.798205018043518,1.8126148014841217,1.7741883782993915,1.799705456809909,473765600
2005-11-09,1.8045097589492798,1.8375312462488484,1.8012072695292316,1.8012072695292316,552930000
2005-11-10,1.8366308212280273,1.8372310369406062,1.771487275618853,1.8204197864346312,665344400
2005-11-11,1.8474375009536743,1.8645489557251147,1.841433341099927,1.8474375009536743,425448800
2005-11-14,1.8447365760803223,1.860646802780487,1.8285255400807878,1.8474380480027082,369933200
2005-11-15,1.8696528673171997,1.8936685043804917,1.8450360126531242,1.849238924494334,536841200
2005-11-16,1.9498064517974854,1.953108138549215,1.8939685659392784,1.8957700143284315,784515200
2005-11-17,1.9368990659713745,1.9777261755502062,1.9287934452037334,1.9690203388353988,676205600
2005-11-18,1.938098669052124,1.9642167719460109,1.9323955171702722,1.9606140745892024,524960800
2005-11-21,1.9501073360443115,1.957011722272288,1.9128821288731641,1.9459046225998993,511711200
2005-11-22,1.9969379901885986,2.004143183558324,1.9368981858098402,1.9465040414713342,540282400
2005-11-23,2.0146501064300537,2.040767201844505,2.0020417705447797,2.0077449212365672,485853200
2005-11-25,2.081594944000244,2.0875983022838422,2.026357274072689,2.03116120321597,395012800
2005-11-28,2.0912017822265625,2.1335299229970186,2.073490105081551,2.1230228396283923,1018519600
2005-11-29,2.044369697570801,2.1104136510795732,2.021854298944315,2.1011078046971323,891433200
2005-11-30,2.035964012145996,2.0668850330608266,2.0269581736198856,2.0542764983937243,595674800
2005-12-01,2.1494410037994385,2.15334370929418,2.0656847433735526,2.069887656983274,812893200
2005-12-02,2.180361747741699,2.1836634353478352,2.122422591315453,2.169553655827494,895762000
2005-12-05,2.1560451984405518,2.1773593715724187,2.146138331489297,2.1599479036031672,583671200
2005-12-06,2.2229905128479004,2.246405945499999,2.20197634443782,2.219387814861023,857029600
2005-12-07,2.219987154006958,2.235297963085305,2.1950710913478564,2.2283927779702704,679464800
2005-12-08,2.2238903045654297,2.2265927784441994,2.1794605117252797,2.197472996131942,790479200
2005-12-09,2.2313954830169678,2.2392008921437037,2.201975695987751,2.2277927860910327,555402400
2005-12-12,2.248807430267334,2.2620159857872073,2.2383003469046456,2.2476069986485254,524994400
2005-12-13,2.2509090900421143,2.2653188813872265,2.2277936628260138,2.2470063839428596,493816400
2005-12-14,2.1617486476898193,2.200474279754206,2.109513654753441,2.1773588634797925,1450716400
2005-12-15,2.166851758956909,2.187265703640234,2.1419348944392027,2.1818617589460287,561162000
2005-12-16,2.1347310543060303,2.1704550158099574,2.133229813432544,2.1656518867197363,671171200
2005-12-19,2.142836093902588,2.179460272405676,2.132629220932187,2.1347306772155434,529295200
2005-12-20,2.1647512912750244,2.172856911408549,2.135031485742674,2.150341500332513,479108000
2005-12-21,2.2064785957336426,2.2097810845855617,2.177659024652929,2.179460272896211,475736800
2005-12-22,2.22208833694458,2.2361981131023625,2.2094800016153364,2.2187866501252826,370610800
2005-12-23,2.2019753456115723,2.229293671990572,2.2004741052278645,2.22659220084221,229857600
2005-12-27,2.2283926010131836,2.2569119591893174,2.2199869777173635,2.2214882180699607,590590000
2005-12-28,2.208580255508423,2.244304214001398,2.2010748533973232,2.23559838042931,398115200
2005-12-29,2.144937753677368,2.2160856631795367,2.144036728658646,2.214884430091854,490025200
2005-12-30,2.1581459045410156,2.1743569353267937,2.111614668890623,2.1287261232256283,624262800
2006-01-03,2.2440035343170166,2.2440035343170166,2.16895313628572,2.172855840352193,807234400
2006-01-04,2.250608205795288,2.2809282162669513,2.2364984277006776,2.255411133696539,619603600
2006-01-05,2.2328975200653076,2.2485075422629195,2.213984807401195,2.2464060852100234,449422400
2006-01-06,2.290534257888794,2.3025425764430354,2.237999066649089,2.2590132233073112,704457600
2006-01-09,2.283029794692993,2.3175535242893126,2.273723945214532,2.3034437442014357,675040800
2006-01-10,2.4274260997772217,2.4583471220051445,2.276424887366801,2.2890332221634693,2279869200
2006-01-11,2.5186877250671387,2.545705041380184,2.4793610795159644,2.5168864771235304,1493794400
2006-01-12,2.5303947925567627,2.5937372696616467,2.510281861143494,2.550808733555256,1280809600
2006-01-13,2.5694220066070557,2.5820303430373963,2.5397022133027565,2.5514095248325854,776305600
2006-01-17,2.543003559112549,2.5931372912935453,2.5177866892303427,2.572723348428139,835623600
2006-01-18,2.476358652114868,2.523190698845251,2.4571459415203307,2.4940711243475713,1200637200
2006-01-19,2.3727900981903076,2.451443410867822,2.36378445721956,2.439135080282771,1695848000
2006-01-20,2.2842302322387695,2.402809379203363,2.276424824696071,2.3799947749752666,1134758800
2006-01-23,2.331662178039551,2.3884000762285775,2.281528453761907,2.2845299319639696,1059730000
2006-01-24,2.282729387283325,2.384198099665606,2.2746237703543444,2.364384168988867,1142254400
2006-01-25,2.227492332458496,2.3265585620531994,2.1989727744577503,2.3232566750494237,1275786400
2006-01-26,2.1713545322418213,2.2644174076792387,2.1593470140350637,2.237399289278805,1181387200
2006-01-27,2.162348508834839,2.2094797573093787,2.134429969233139,2.189966840466376,953864800
2006-01-30,2.2515082359313965,2.2995405169111587,2.1275251298463234,2.136531771222322,1398401200
2006-01-31,2.266819477081299,2.2917363465767226,2.2139842585483134,2.2665194694112327,913542000
2006-02-01,2.2641172409057617,2.2953382801057045,2.2407016118102514,2.25000826272531,521186400
2006-02-02,2.16444993019104,2.26231572284851,2.1629486899582564,2.2545103157484623,707322000
2006-02-03,2.156944990158081,2.185164344510303,2.132629141810877,2.1686531033024057,692123600
2006-02-06,2.020353317260742,2.176758692474782,2.0035420686427075,2.1620489000354746,1651767600
2006-02-07,2.029359817504883,2.085797920344928,2.0017414827029256,2.049472952191224,1388830800
2006-02-08,2.0656840801239014,2.0737896966258136,1.9813276309591674,2.0560772231231557,953114400
2006-02-09,1.9498064517974854,2.0782924685167425,1.937197916320394,2.0743895641470953,1149764000
2006-02-10,2.0206544399261475,2.0314615286379794,1.8882656993501301,1.9567111289408063,1760477600
2006-02-13,1.9426014423370361,2.0038432846342613,1.940500186347827,2.0002405875509988,883498000
2006-02-14,2.0305604934692383,2.044370063346536,1.9513079755660043,1.954309655162309,1160938800
2006-02-15,2.0779924392700195,2.0900007601915216,2.0038430616386433,2.016150588553734,1159771200
2006-02-16,2.1185193061828613,2.13172805829893,2.0857980347255545,2.098706578820536,948175200
2006-02-17,2.110114097595215,2.1281265824081026,2.089700348952465,2.11041430567543,575999200
2006-02-21,2.07378888130188,2.1254228365460293,2.061780565279456,2.119118671040065,779606800
2006-02-22,2.1410350799560547,2.151542162116739,2.0413678032632556,2.0713886105964217,978238800
2006-02-23,2.1539435386657715,2.1914687446818477,2.1443366803040833,2.1551447717220737,856917600
2006-02-24,2.1452369689941406,2.1881653001480714,2.1374313624074537,2.165650707424732,534744000
2006-02-27,2.1311285495758057,2.1650512655875764,2.1209216738790166,2.161148359612925,791240800
2006-02-28,2.056077241897583,2.173456173367179,2.044369930689245,2.1488401176475143,1266980400
2006-03-01,2.0743892192840576,2.086097529634771,2.0419679634102117,2.0665838126541414,763817600
2006-03-02,2.0896997451782227,2.1011078493361843,2.061481195820821,2.071087851612056,625273600
2006-03-03,2.0329623222351074,2.0987070933479446,2.0272591700597937,2.0833960797070006,737668400
2006-03-06,1.965717077255249,2.0329620791780907,1.9495068441098704,2.032061855813532,912665600
2006-03-07,1.9906333684921265,2.0083458410175656,1.9537091870839984,1.9741223291924208,872877600
2006-03-08,1.9711209535598755,2.017351990962704,1.9618151052814707,1.9900336597885737,653251200
2006-03-09,1.919185757637024,1.9954373912912904,1.9155838626614712,1.9807275993141265,799304800
2006-03-10,1.8969717025756836,1.935997348742044,1.8747563054481635,1.9227885945050898,1043142800
2006-03-13,1.9717202186584473,1.9897324924643136,1.9450029176793209,1.952807521547807,861187600
2006-03-14,2.020954132080078,2.020954132080078,1.9663176797476263,1.97442309521915,642020400
2006-03-15,1.9882315397262573,2.0425681760842913,1.96691737671453,2.032661313836896,891996000
2006-03-16,1.9305936098098755,2.008345672144003,1.9302934018330922,2.0068444318542276,749638400
2006-03-17,1.9411004781723022,1.9675175748304077,1.924589241644934,1.9438019488587885,812042000
2006-03-20,1.9209868907928467,1.965116464489764,1.9173841944093175,1.957912073752072,605441200
2006-03-21,1.8555434942245483,1.9314943281721022,1.8429351567785375,1.8555434942245481,1345366400
2006-03-22,1.8513405323028564,1.898772596778754,1.839332211771355,1.866050324142179,1345895600
2006-03-23,1.8060098886489868,1.8582450857077957,1.7894994484379352,1.8558434213818962,1427826400
2006-03-24,1.8000065088272095,1.8294262952645826,1.7720871613586213,1.8087123415029127,1071980000
2006-03-27,1.7864969968795776,1.842634899400019,1.7831953095943536,1.8117138715024892,1108072000
2006-03-28,1.7624812126159668,1.8054095568387043,1.7486716436303578,1.79009954896363,1370322800
2006-03-29,1.8711538314819336,1.8768579858850152,1.7312606622124747,1.7750900435291708,2346834000
2006-03-30,1.8837615251541138,1.9002727631111838,1.8471373552205728,1.8858629809457588,1390650800
2006-03-31,1.8828613758087158,1.9095794853944963,1.868451593078845,1.8987723988544214,815357200
2006-04-03,1.8807607889175415,1.9248903806309567,1.8795597560287787,1.9113818168231882,815791200
2006-04-04,1.8363299369812012,1.8678509665314948,1.8327272415841178,1.8642482711344115,931924000
2006-04-05,2.0176520347595215,2.0176520347595215,1.9257901739984025,1.9426014241905083,2233408800
2006-04-06,2.138633966445923,2.162949822343227,2.047372300436363,2.050374782473842,2663768800
2006-04-07,2.095104217529297,2.137732560911984,2.055477554026192,2.1293269353819193,1545238800
2006-04-10,2.0614805221557617,2.1293257028576025,2.0548761488633813,2.110112798365401,903515200
2006-04-11,2.041067600250244,2.0803940524691584,2.0134490613648053,2.0710882043042877,939316000
2006-04-12,2.0026423931121826,2.0464719752040006,1.9903340611048432,2.0416690462936353,739894400
2006-04-13,1.9954378604888916,2.024556642056312,1.9756241267673398,1.9915351553619192,734678000
2006-04-17,1.945603609085083,2.0065444318473267,1.9317940407217504,1.9966375675866752,721938000
2006-04-18,1.9879323244094849,1.9954377264786214,1.9450039737373126,1.9525083737768545,794844400
2006-04-19,1.9708218574523926,2.011348760276639,1.9654177092723613,2.0059456141266048,1086033200
2006-04-20,2.0302603244781494,2.1014080212485915,1.9873317804893857,2.086698229229735,1666982800
2006-04-21,2.0125482082366943,2.0605804783118877,1.995436956267026,2.0470711205325247,788986800
2006-04-24,1.9738223552703857,2.0089462948611603,1.9663179559532633,2.0068448385977584,707028000
2006-04-25,1.9864308834075928,1.9990392201188427,1.9681191952250412,1.9801267150519677,529062800
2006-04-26,2.045870542526245,2.049772443980973,1.9933353573722608,2.000839954381772,710886400
2006-04-27,2.082195281982422,2.0972050814148355,2.0218544733985846,2.033262778704399,845947200
2006-04-28,2.1131162643432617,2.1404345943544425,2.077392510150377,2.0827956535713614,760037600
2006-05-01,2.089399576187134,2.1476389259792863,2.076191025445235,2.124523310861873,750380400
2006-05-02,2.1500403881073,2.1608474752551,2.104710383118091,2.105910814301849,771663200
2006-05-03,2.135631561279297,2.1599482196756905,2.1068127829122845,2.156345521669378,686991200
2006-05-04,2.13533091545105,2.188166128292349,2.1152177781500288,2.138032387032104,860420400
2006-05-05,2.1581459045410156,2.1689529911903818,2.1359305136487645,2.157245480991789,563911600
2006-05-08,2.1581459045410156,2.21548402643491,2.1530427696072274,2.1911681816767685,594851600
2006-05-09,2.132328987121582,2.1782598104135555,2.1200204587674882,2.1560446181803394,531666800
2006-05-10,2.1194210052490234,2.1413351936577607,2.0897004045174894,2.140134160899038,459888800
2006-05-11,2.045870542526245,2.1266242709845855,2.027858066781463,2.1251230309333597,812688800
2006-05-12,2.0323619842529297,2.0620817822163064,2.007145107033185,2.0368649049965617,641774000
2006-05-15,2.0350630283355713,2.0527752993895843,2.014949895033283,2.0224544934148496,529177600
2006-05-16,1.9507070779800415,2.0488731092905326,1.9438026934294796,2.0443701888079313,936740000
2006-05-17,1.9591119289398193,1.972321479137195,1.9233879856336358,1.9426006926135218,754194000
2006-05-18,1.8966710567474365,1.989133116689201,1.8948698087474265,1.9717208522832306,658442400
2006-05-19,1.936597466468811,1.9477045586551054,1.8858627271388888,1.8990720764573166,985866000
2006-05-22,1.9026751518249512,1.9209876465096327,1.884363458764078,1.917384948708802,718975600
2006-05-23,1.8957706689834595,1.9570115183159498,1.8912677478761641,1.9471054526105955,694414000
2006-05-24,1.9014734029769897,1.9107794473220088,1.8480371969266012,1.8909665269988554,916031200
2006-05-25,1.9311939477920532,1.9347966445215787,1.8999729142049109,1.9290926920091598,463372000
2006-05-26,1.9077790975570679,1.938098914971946,1.895470765152383,1.9305945136624416,432950000
2006-05-30,1.8378324508666992,1.9002737366051676,1.8378324508666992,1.8999735284811385,563402000
2006-05-31,1.7943024635314941,1.8549430810950287,1.7618801975823641,1.8540420562178335,1280977600
2006-06-01,1.8663508892059326,1.8696535791503357,1.7867975455760676,1.7967044129736174,942508000
2006-06-02,1.8510408401489258,1.8942694032683474,1.8276252098045371,1.8909677154197,685787200
2006-06-05,1.8012067079544067,1.8357302269809763,1.8003064847703716,1.8357302269809763,605785600
2006-06-06,1.7928013801574707,1.8201197113186052,1.7684855302893423,1.8078111813457147,726037200
2006-06-07,1.757978081703186,1.8132149481747233,1.751673914415766,1.8042091094246173,750506400
2006-06-08,1.8240227699279785,1.8291257065186013,1.7156496475842675,1.7543760924953915,1397482800
2006-06-09,1.7783915996551514,1.8480380633772011,1.774188686968716,1.836630758731741,775838000
2006-06-12,1.711146354675293,1.7931013462600995,1.7099461237283407,1.783195282525277,717785600
2006-06-13,1.7510732412338257,1.7741886594327398,1.721953662147476,1.7294588632567705,1080643200
2006-06-14,1.7294590473175049,1.764582991435322,1.7018407059195875,1.7495729884310756,878136000
2006-06-15,1.7825943231582642,1.793401412179607,1.7036420106369163,1.7201530526257598,1190383600
2006-06-16,1.7279579639434814,1.7768914840298538,1.7267577327466315,1.7699862968335494,838101600
2006-06-19,1.7171502113342285,1.7465699929394285,1.7111460515744734,1.7360629137657237,704575200
2006-06-20,1.7252559661865234,1.7516740708547307,1.7198520215609405,1.7294586779515186,672974400
2006-06-21,1.736964464187622,1.7624815496710502,1.720153212584562,1.733361967241569,863296000
2006-06-22,1.7885984182357788,1.793702355725086,1.7432686074651509,1.7471705103596384,965633200
2006-06-23,1.7660835981369019,1.8063114887450717,1.763082117966134,1.7928019220900924,660203600
2006-06-26,1.7708866596221924,1.777190827035486,1.7522739645619632,1.7762898022495823,466536000
2006-06-27,1.7240545749664307,1.7777910025918473,1.7231543518242676,1.7738882987916498,550611600
2006-06-28,1.6817264556884766,1.720152677003596,1.6634147706104738,1.7198518678006358,850704400
2006-06-29,1.7702858448028564,1.7738885415172536,1.6928345790406876,1.7039418751801296,873398400
2006-06-30,1.7192519903182983,1.7336617760436162,1.6961365721171757,1.7288588481450171,739695600
2006-07-03,1.7396653890609741,1.7465697710959878,1.7213529045255782,1.7267568480288333,194770800
2006-07-05,1.711146354675293,1.7291588371451665,1.6979378020817584,1.7156492748868593,518240800
2006-07-06,1.6742223501205444,1.723154863298642,1.6694185199259006,1.7138490142304839,633208800
2006-07-07,1.6631147861480713,1.6976384230567312,1.6412003926520926,1.665517052584617,799360800
2006-07-10,1.6511070728302002,1.695836779772053,1.6360971679455703,1.6721211400746354,529345600
2006-07-11,1.6706193685531616,1.680826341120505,1.6369968716392995,1.654408335735652,825022800
2006-07-12,1.589865803718567,1.65831123695296,1.5886646708764771,1.6562097805448253,927329200
2006-07-13,1.568550944328308,1.6246888532515558,1.543334066829287,1.5619466671780369,1249906000
2006-07-14,1.521119475364685,1.5877643579088823,1.505809466472884,1.5760561440927787,993036800
2006-07-17,1.5721536874771118,1.594368885635307,1.5505394065111597,1.5529408708148618,1024542400
2006-07-18,1.588064432144165,1.6165829930347795,1.5565432898887004,1.5958690394308477,1000448400
2006-07-19,1.624087929725647,1.6535077075230982,1.5718528488087367,1.5898652255537589,1390743200
2006-07-20,1.816217064857483,1.8489393459492611,1.7928016353942087,1.8300268374429394,1972146400
2006-07-21,1.8228212594985962,1.8357306069217327,1.7903999913754565,1.7958039368744765,891892400
2006-07-24,1.8438348770141602,1.864248618287727,1.8141150894251927,1.8390317498705386,722856400
2006-07-25,1.8591464757919312,1.8639494045752578,1.8246227447323091,1.854643554702364,589069600
2006-07-26,1.9173846244812012,1.9405002447109434,1.8516408617954299,1.8612477202965496,898427600
2006-07-27,1.9032756090164185,1.9519081070958346,1.8870643755114935,1.9362970892407545,735044800
2006-07-28,1.9690192937850952,1.9717209655344135,1.9062772210221084,1.919485772563227,691507600
2006-07-31,2.040167808532715,2.06028074974632,1.9897338484000477,2.006245093940125,892841600
2006-08-01,2.016752004623413,2.039266408368038,1.9795268036232683,2.0179522357352355,711765600
2006-08-02,2.046171188354492,2.0617812023840125,2.0266574683823717,2.0308601798830788,550768400
2006-08-03,2.089099884033203,2.1014082134480803,2.0356644553755814,2.0386661350078663,841044400
2006-08-04,2.0503742694854736,2.0596801177386057,1.9501067856973058,2.012849065178249,1852866400
2006-08-07,2.0176520347595215,2.089399955926657,1.9906337107436034,2.032962044277509,1245512800
2006-08-08,1.9447026252746582,2.014650090561214,1.9365980109198235,2.014049073315099,997864000
2006-08-09,1.9089794158935547,1.969320047794352,1.9032762630278761,1.9642171107847668,955838800
2006-08-10,1.9233886003494263,1.9456037946468094,1.8822615021859936,1.898772743789291,697760000
2006-08-11,1.910780429840088,1.925190216441134,1.8786589687607325,1.898171891614912,777529200
2006-08-14,1.919486165046692,1.9579125987053316,1.9092800924029265,1.9227886543175428,717620400
2006-08-15,1.9948365688323975,1.9963378094653788,1.9453038445861133,1.9615140770090147,861352800
2006-08-16,2.0407676696777344,2.043469342040557,1.9912349388313586,2.014350560596615,781284000
2006-08-17,2.029059886932373,2.0611811426171944,2.016751558681397,2.0413674135598083,581148400
2006-08-18,2.038666009902954,2.053375802364519,2.0191530894314935,2.03266184938322,536354000
2006-08-21,1.998138427734375,2.0206538236356204,1.9858301021590092,2.0203528140614924,526226400
2006-08-22,2.0299599170684814,2.050974075379207,1.9963374240960134,2.001741368276226,576968000
2006-08-23,2.0206544399261475,2.0608813155679506,2.0095463415483814,2.041367592411036,536258800
2006-08-24,2.0356640815734863,2.047071383948643,1.9894330532532223,2.0380655450818836,655191600
2006-08-25,2.0638833045959473,2.0728889459980593,2.020654742861908,2.021554966312033,543958800
2006-08-28,2.0107481479644775,2.059680669976666,2.001742304938255,2.0563789817872267,738161200
2006-08-29,1.9957375526428223,2.01915317848484,1.9549098605256283,2.0110475614257064,947332400
2006-08-30,2.0101466178894043,2.0359636983891445,2.0017409962086568,2.0215539180751283,680142400
2006-08-31,2.036864995956421,2.050374560414313,2.0011410348649834,2.0197537360417455,574697200
2006-09-01,2.0527758598327637,2.0608814776128277,2.035964608952616,2.05577753968021,408494800
2006-09-05,2.1458380222320557,2.1464382379766875,2.0578790602347508,2.0704873985845915,1012457600
2006-09-06,2.1023082733154297,2.1521420031891934,2.092402210243734,2.1338293139040343,974103200
2006-09-07,2.185464382171631,2.205878328041547,2.108913538102198,2.1194206188676756,1267957600
2006-09-08,2.177058696746826,2.208579938161591,2.158746207623396,2.202575777660174,895921600
2006-09-11,2.1764588356018066,2.213383022458515,2.1440365670045494,2.1743573792775277,949124400
2006-09-12,2.180361747741699,2.204977607448024,2.1449377961211695,2.1857648918721413,1684687200
2006-09-13,2.227492332458496,2.2310948282572256,2.1704542184863214,2.186965256752105,1146138000
2006-09-14,2.226593017578125,2.2416028216446113,2.205277841262498,2.2130834524162903,801729600
2006-09-15,2.2244913578033447,2.250908466256924,2.2001747038681314,2.2395011604998483,981853600
2006-09-18,2.218186140060425,2.2473051100852595,2.20047387021366,2.215483867577184,705278000
2006-09-19,2.2145848274230957,2.2322963051070794,2.1854650402204707,2.2244916955105163,710049200
2006-09-20,2.2593140602111816,2.27192259891561,2.2280930217271293,2.232896952129797,822791200
2006-09-21,2.241001844406128,2.2833309876611123,2.222089134220587,2.2590143310703548,794124800
2006-09-22,2.1914682388305664,2.2316951077053186,2.1788599039857965,2.2304938749262937,665112000
2006-09-25,2.2740249633789062,2.277327453918024,2.213084102855283,2.21578557578855,858992400
2006-09-26,2.329861640930176,2.3349647771270394,2.2845308251883627,2.2869324896630414,1102948000
2006-09-27,2.293837070465088,2.3256583147328658,2.27612459923298,2.316651674517967,810373200
2006-09-28,2.311849355697632,2.325959135696809,2.2800283007078677,2.3121495637827207,723609600
2006-09-29,2.310948371887207,2.3271586011187284,2.3019417314861164,2.3148510757092633,405812400
2006-10-02,2.247305393218994,2.2776260005412827,2.230493945550551,2.2545105856567207,712639200
2006-10-03,2.2238903045654297,2.250008206549167,2.1971729884644216,2.2349984040947186,790708800
2006-10-04,2.262916326522827,2.265317790251981,2.1962715496166703,2.2244909027975033,829082800
2006-10-05,2.2464051246643066,2.2863319899730032,2.2253911643386832,2.2373994852205636,683883200
2006-10-06,2.2280919551849365,2.252708805068021,2.2157836304463085,2.2340961137919884,466958800
2006-10-09,2.2404003143310547,2.2539096701959704,2.207377845250665,2.2154834587696146,438222400
2006-10-10,2.2157840728759766,2.238899486911139,2.193869691207865,2.2376992561675606,531588400
2006-10-11,2.198373556137085,2.2208889646868615,2.1794608454261795,2.2040777108118244,571855200
2006-10-12,2.2593140602111816,2.2632169655798338,2.209480521947505,2.209781331239333,592855200
2006-10-13,2.2521090507507324,2.3079459335769164,2.2437034273855687,2.2704207362225666,684196800
2006-10-16,2.263516426086426,2.2779262097519024,2.2452039384016254,2.257212258461085,508692800
2006-10-17,2.230193614959717,2.259613393611329,2.222689017231044,2.252709011392507,480925200
2006-10-18,2.2374002933502197,2.2626171750926214,2.218787589666446,2.244004471408848,1133907600
2006-10-19,2.371289014816284,2.4001085909206217,2.3463731459490327,2.3793946333239684,1512977200
2006-10-20,2.4001083374023438,2.401309570458842,2.3616829080084774,2.3706887490316526,639413600
2006-10-23,2.4454386234283447,2.4586471740392914,2.3941036573122276,2.40130905003046,832507200
2006-10-24,2.4331307411193848,2.4520434475221307,2.407613658000002,2.437933669123965,463212400
2006-10-25,2.452042818069458,2.461648671612743,2.4319288838141517,2.4421357545229276,485214800
2006-10-26,2.467353105545044,2.479661433478394,2.4355318582915304,2.458647273710981,432756800
2006-10-27,2.4139180183410645,2.475158857281366,2.401909696343503,2.4541446945974488,594966400
2006-10-30,2.414217710494995,2.4286274946030897,2.3865993751334007,2.401309166846321,499917600
2006-10-31,2.434030294418335,2.4520427725213305,2.4085132183233187,2.4451383900602224,501474400
2006-11-01,2.376392364501953,2.4430373421750704,2.3523759234273216,2.434631718062776,611192400
2006-11-02,2.370988607406616,2.381195480437737,2.3565788217837795,2.3691873591530235,465483200
2006-11-03,2.3502755165100098,2.3875007262052663,2.335265509695678,2.3823975884242823,431888800
2006-11-06,2.3929030895233154,2.4034101675012316,2.354476671839981,2.3700876858445534,434576800
2006-11-07,2.4169199466705322,2.4316299434446575,2.4055126398711697,2.415118698036238,525932400
2006-11-08,2.475159168243408,2.482363561129332,2.398307300645227,2.4022100057847435,690916800
2006-11-09,2.5018765926361084,2.542403470782463,2.465251616922252,2.4886672400406664,923053600
2006-11-10,2.4952714443206787,2.509681228289052,2.4766597502725465,2.5081807894677066,373864400
2006-11-13,2.5321977138519287,2.5351993944047586,2.480863525356273,2.4982749960539907,450674000
2006-11-14,2.5517098903656006,2.5517098903656006,2.518688405321987,2.5457057289319516,588954800
2006-11-15,2.5231902599334717,2.578727126482802,2.521689019803417,2.5532100523886245,655323200
2006-11-16,2.5700223445892334,2.5907365008251944,2.540302547552822,2.547807148016904,693940800
2006-11-17,2.577226400375366,2.5799288736354726,2.551709321191859,2.555912233257929,466424000
2006-11-20,2.5958399772644043,2.6117510081429476,2.557714546811663,2.5637187094073397,570794000
2006-11-21,2.659782648086548,2.659782648086548,2.6150522490457515,2.6243588991698807,622666800
2006-11-22,2.711116313934326,2.7243248646765355,2.637266949811775,2.67148965967833,671941200
2006-11-24,2.7507429122924805,2.7942722696520486,2.6868004134391774,2.6877006366063974,518677600
2006-11-27,2.688000202178955,2.7966732733053203,2.6867999716219844,2.7771605585933443,1074836000
2006-11-28,2.756147623062134,2.7609505514738824,2.6991086897496634,2.7126182535969634,1036173600
2006-11-29,2.755845785140991,2.796373662879248,2.7093147497070063,2.791870743491322,1157083200
2006-11-30,2.751643657684326,2.782264477968629,2.7336319763102406,2.7681549000263255,870486400
2006-12-01,2.7414379119873047,2.771757726203208,2.7048127259429173,2.755846697663315,795079600
2006-12-04,2.735434055328369,2.763352408378378,2.7168213523478038,2.7582494715709043,709536800
2006-12-05,2.739935874938965,2.7717569207420265,2.7279275550021995,2.751343177661272,662838400
2006-12-06,2.696707010269165,2.7435388652429595,2.6919040822408276,2.7210236621165462,638184400
2006-12-07,2.6129510402679443,2.7168210332293534,2.608748127093696,2.702711453693164,1004827600
2006-12-08,2.6495749950408936,2.6834976936995756,2.611749592809936,2.618653975241488,784277200
2006-12-11,2.664285898208618,2.6807971428943698,2.643271932946097,2.6687888191913243,499780400
2006-12-12,2.585932970046997,2.666986931142024,2.5676204811967827,2.6600825474801884,1026620000
2006-12-13,2.673290729522705,2.6738909450750064,2.6162526163383446,2.6402684530413802,857052000
2006-12-14,2.658281087875366,2.7018106494621588,2.64957545612625,2.673291088030645,832330800
2006-12-15,2.633364200592041,2.6783947984640166,2.62165669004636,2.672390638585405,739939200
2006-12-18,2.56581974029541,2.6417705808664382,2.5394016296667714,2.6306632827205783,721576800
2006-12-19,2.591036558151245,2.602143856041434,2.5102827909718735,2.543604484236517,911405600
2006-12-20,2.5445053577423096,2.601843493028786,2.5439051420379197,2.5958393319257738,567691600
2006-12-21,2.4886672496795654,2.566119111438188,2.4676530901083495,2.54270368863496,903599200
2006-12-22,2.4676527976989746,2.522890462942514,2.4496411211285545,2.5054782002826164,613303600
2006-12-26,2.44693922996521,2.4787612797340755,2.4283273349600187,2.46615274343909,490688800
2006-12-27,2.4472410678863525,2.461650056714674,2.304645406514557,2.3460725269840386,1935754800
2006-12-28,2.4277260303497314,2.4391341330976863,2.3911018621075044,2.4082131144031327,1119876800
2006-12-29,2.5469062328338623,2.5637174792230604,2.502476653380886,2.5201881229155463,1076429200
2007-01-03,2.515685796737671,2.5991420332030257,2.4586476688401935,2.5904361999698486,1238319600
2007-01-04,2.571523427963257,2.580229059891145,2.516285752487845,2.523190937886264,847260400
2007-01-05,2.5532114505767822,2.5877343811100135,2.533698725099764,2.5748258332244505,834741600
2007-01-08,2.56581974029541,2.597640995145154,2.5601155863706553,2.580529535400529,797106800
2007-01-09,2.7789618968963623,2.791270226130899,2.5562125413559693,2.5952391857455552,3349298400
2007-01-10,2.9119515419006348,2.9359671821495295,2.8053798962552325,2.84440633873989,2952880000
2007-01-11,2.875927686691284,2.9053474754008564,2.854913723675231,2.880130599538044,1440252800
2007-01-12,2.840503215789795,2.8537117658787863,2.798775107603818,2.8396019906194816,1312690400
2007-01-16,2.9149537086486816,2.919456629732287,2.8654211759171404,2.87232556138923,1244076400
2007-01-17,2.850410223007202,2.929963561562655,2.8465083195414342,2.9287633304452187,1646260000
2007-01-18,2.673891544342041,2.7651531871891417,2.6732913286552207,2.7648529791427787,2364605600
2007-01-19,2.6567800045013428,2.691303728361497,2.6453727003093883,2.6606829093894917,1364473600
2007-01-22,2.6054458618164062,2.676593759081253,2.5712231498707747,2.675992741828945,1454026000
2007-01-23,2.572723388671875,2.627059833146928,2.567020238409748,2.5736244134655544,1207424400
2007-01-24,2.6027445793151855,2.6162531394513886,2.5841318812964653,2.60214356201927,927813600
2007-01-25,2.5892350673675537,2.6567800738235077,2.582630690785013,2.615052157607856,905973600
2007-01-26,2.5631182193756104,2.6228580275645053,2.551410103566464,2.6150526170250745,986874000
2007-01-29,2.579928398132324,2.601242561321376,2.567619872207401,2.590735483498624,901664400
2007-01-30,2.568220853805542,2.596440209060096,2.559215013449113,2.59463896082645,577970400
2007-01-31,2.5736241340637207,2.5817297490211906,2.5321962370156026,2.5475062418288332,856069200
2007-02-01,2.543905258178711,2.5898352890604666,2.543905258178711,2.588635058002802,664342000
2007-02-02,2.5442049503326416,2.5592147495140107,2.5126837107123636,2.525292246641651,621530000
2007-02-05,2.5198886394500732,2.558615076852378,2.5198886394500732,2.5306957283724323,578852400
2007-02-06,2.5261924266815186,2.5357992831785836,2.487466796749172,2.535198265955255,864393600
2007-02-07,2.586233615875244,2.5931380007058813,2.508181320961364,2.5360998699790125,1066825200
2007-02-08,2.5871338844299316,2.597040750959436,2.5640184637455317,2.5646184790869833,679030800
2007-02-09,2.4997751712799072,2.5877335124858853,2.4979739232290727,2.5781274574324082,860540800
2007-02-12,2.5481083393096924,2.5571141811579023,2.510582929443838,2.5345987749136425,724071600
2007-02-13,2.5427045822143555,2.5604160591379554,2.5306962577754444,2.5565141553191033,580986000
2007-02-14,2.5607151985168457,2.5709214660101902,2.5388000207076407,2.540601468604626,507981600
2007-02-15,2.558013916015625,2.5703222448941636,2.5451053714803265,2.564919101547952,363661200
2007-02-16,2.5466067790985107,2.564018244840009,2.541502841419335,2.5592151164295798,399868000
2007-02-20,2.578727960586548,2.5865333696771793,2.5264927633172203,2.5412027569667384,617702400
2007-02-21,2.6777944564819336,2.686500089689362,2.5805294467928626,2.5811296625262017,1155313600
2007-02-22,2.687100648880005,2.726126288436359,2.6576810646961593,2.7258262808238034,838224800
2007-02-23,2.673891544342041,2.7120177658242333,2.6672871677279613,2.676594017977024,517893600
2007-02-26,2.65708065032959,2.7018112544151043,2.6300631249748205,2.697007323812354,615848800
2007-02-27,2.5195887088775635,2.6141520500006097,2.5039786902771843,2.5907366212881837,1145813200
2007-02-28,2.54000186920166,2.5697216583905345,2.4916695855683058,2.4916695855683058,919475200
2007-03-01,2.6135506629943848,2.651075851830601,2.5141834435041894,2.5225890649612963,1415528800
2007-03-02,2.5640182495117188,2.6279615624661767,2.558014088480357,2.6048459433072515,860000400
2007-03-05,2.591336488723755,2.661283164004989,2.574525237946184,2.578428143185356,838899600
2007-03-06,2.6474740505218506,2.6510767472285934,2.6237584181648077,2.635765937544082,723186800
2007-03-07,2.633364200592041,2.6708893982098814,2.6252585847559153,2.64327106439175,626284400
2007-03-08,2.6417694091796875,2.663383579725138,2.625558180053082,2.6594816780402373,511011200
2007-03-09,2.6408700942993164,2.667287200266087,2.623758636259696,2.6657867612336843,451836000
2007-03-12,2.6979076862335205,2.7015103827932863,2.641469782257986,2.6438712459546916,729408400
2007-03-13,2.653778314590454,2.7198220734475473,2.653778314590454,2.6840981214938293,867890800
2007-03-14,2.701810598373413,2.701810598373413,2.6393685339665174,2.65978227808393,796586000
2007-03-15,2.6889028549194336,2.7126184934340816,2.6810972438350222,2.7006101693133617,559498800
2007-03-16,2.689502716064453,2.701511039496468,2.681397298153775,2.6880014752295196,571704000
2007-03-19,2.735734462738037,2.7483430051779885,2.689503407666193,2.709016337043142,712961200
2007-03-20,2.746241331100464,2.757048423302746,2.7336327896565114,2.7423386252897743,488916400
2007-03-21,2.817988634109497,2.8218913390357367,2.751343845133625,2.7615507191501765,686896000
2007-03-22,2.820690155029297,2.8326982768291695,2.7918713841708835,2.8137857705727938,561492400
2007-03-23,2.8074817657470703,2.823993010516808,2.800877588488675,2.802378829365128,450884000
2007-03-26,2.8774285316467285,2.8789297725668126,2.800877669890921,2.8215916281741777,864987200
2007-03-27,2.865719795227051,2.9068468820647433,2.8519102293495653,2.8732243928559793,932052800
2007-03-28,2.7990760803222656,2.8639198248415902,2.796374608344343,2.8483088038724347,942337200
2007-03-29,2.814384937286377,2.8275944885416577,2.768755130315762,2.8275944885416577,725723600
2007-03-30,2.7891688346862793,2.842305057785641,2.7843659067462645,2.830296735906075,600558000
2007-04-02,2.8113842010498047,2.8293956816531036,2.7924714950971534,2.826093994388132,501992400
2007-04-03,2.8369014263153076,2.8588158145457783,2.8146862287868584,2.8260943362401694,583934400
2007-04-04,2.829996347427368,2.856113441971271,2.8257934353351137,2.8501092818394786,476784000
2007-04-05,2.842304229736328,2.842304229736328,2.807480507242604,2.8254929848143724,355516000
2007-04-09,2.8113842010498047,2.8609167246369203,2.7930715103731063,2.858215253053805,413341600
2007-04-10,2.829394817352295,2.8296958269278405,2.804177950587107,2.811983357343662,352466800
2007-04-11,2.7795631885528564,2.820390083182848,2.7717575783362194,2.8188888424287124,549018400
2007-04-12,2.767554521560669,2.77115721835423,2.72342494284125,2.7630516014819833,656675600
2007-04-13,2.709015130996704,2.7438388615891234,2.703611987686147,2.728828860933581,719941600
2007-04-16,2.744739055633545,2.74684051181659,2.709315109765596,2.7189219670082676,609033600
2007-04-17,2.7123172283172607,2.7708565831568093,2.692803709225681,2.76184994276435,751920400
2007-04-18,2.713817596435547,2.727327155861083,2.689801960207644,2.706613206175966,464044000
2007-04-19,2.709916353225708,2.7393361410262678,2.6967069985666914,2.707514087598326,425913600
2007-04-20,2.7309300899505615,2.7372342576364974,2.718321554172813,2.7285278246979527,522779600
2007-04-23,2.807180881500244,2.8158865126989774,2.7444388122658188,2.7495417470543395,780290000
2007-04-24,2.7990760803222656,2.893639623905531,2.740836913733535,2.820690461422774,1055252800
2007-04-25,2.8624181747436523,2.863919615884742,2.8158871269723296,2.8287956729920656,1187144000
2007-04-26,2.9671883583068848,3.077061696321362,2.950977324396819,3.0494433579992504,1737778000
2007-04-27,2.99960994720459,3.000510972181796,2.93266575537609,2.9473755492655354,699403600
2007-04-30,2.9960076808929443,3.0320316410194263,2.992104976659387,3.004713312602184,616509600
2007-05-01,2.9861013889312744,3.0125194991724737,2.9584830476057076,2.9897040862436253,532523600
2007-05-02,3.013719081878662,3.018222001637002,2.9861007464949654,2.9915046910979126,505145200
2007-05-03,3.014019250869751,3.045540289987698,3.002311739811988,3.0239261151027828,576077600
2007-05-04,3.02632737159729,3.0500430009082704,3.017021525233017,3.0260271636107783,381987200
2007-05-07,3.1196908950805664,3.1325992391156734,3.032331961849542,3.0344332176475906,861557200
2007-05-08,3.1539130210876465,3.15661469261256,3.1046797119724125,3.106180952339828,783997200
2007-05-09,3.208549976348877,3.210951440108336,3.1488095822653044,3.1494105995243062,717757600
2007-05-10,3.2223589420318604,3.267389546686365,3.179730602908242,3.2010447724700515,1197257600
2007-05-11,3.2643868923187256,3.2760952056303148,3.2055475226082373,3.2343670920258702,653696400
2007-05-14,3.282999277114868,3.302211987556201,3.249676790923997,3.290804684976315,651946400
2007-05-15,3.2277634143829346,3.3082171779573613,3.196542374429425,3.2893044692135307,954514400
2007-05-16,3.2223589420318604,3.2670895390531176,3.1046801963684363,3.258082897066875,1126767600
2007-05-17,3.2854011058807373,3.2983104518983724,3.216655671923718,3.216655671923718,735291200
2007-05-18,3.3028132915496826,3.321425788023686,3.295307890625335,3.3091174595793005,621345200
2007-05-21,3.36165189743042,3.3757606691719513,3.3037127646138074,3.3115181713806026,639892400
2007-05-22,3.4084837436676025,3.414788112166921,3.362553118465053,3.3769627027945717,572409600
2007-05-23,3.3889710903167725,3.452313381330873,3.379964448614758,3.4228937960463792,911374800
2007-05-24,3.3229265213012695,3.436102349869798,3.313320665410173,3.3865700261185783,887362000
2007-05-25,3.41088604927063,3.415688977742467,3.3472435395091207,3.3622535427088054,632959600
2007-05-29,3.43280029296875,3.448110099217075,3.382966567009467,3.43580197213187,645694000
2007-05-30,3.5654895305633545,3.568791418195515,3.4081841247207807,3.4312993422049187,1478444800
2007-05-31,3.6381375789642334,3.6675571629241253,3.5886048595453315,3.6045150827781365,1297066400
2007-06-01,3.554381847381592,3.638138297176989,3.551080360175647,3.635436424498189,885262000
2007-06-04,3.642338991165161,3.654347308187497,3.5393700775685315,3.561285256134294,886673200
2007-06-05,3.6825671195983887,3.683167936435406,3.6174235841056483,3.6447417116310663,920785600
2007-06-06,3.711686611175537,3.72399514007779,3.660953058703607,3.671459938662045,1112241200
2007-06-07,3.724595308303833,3.830866948400407,3.6981782037174993,3.7522148482746966,1915079600
2007-06-08,3.737203598022461,3.777431068992597,3.6711594416275504,3.777130059370731,1241682400
2007-06-11,3.6081175804138184,3.7870371491856964,3.588604860979326,3.7825344297533054,1874258400
2007-06-12,3.613821029663086,3.6537478886464476,3.55167918137939,3.5829000091026244,1426566400
2007-06-13,3.5273635387420654,3.6381374882600213,3.46432146016781,3.6369370570370907,1721353200
2007-06-14,3.5648884773254395,3.5859022371338822,3.4949416118060457,3.518357035778145,973266000
2007-06-15,3.6174228191375732,3.6225263542729795,3.598209911204196,3.6210253145272717,811218800
2007-06-18,3.755216360092163,3.7579178314687556,3.678665318813917,3.700879509927401,910604800
2007-06-19,3.712287425994873,3.7528143021324953,3.689772227599482,3.743207646470788,943026000
2007-06-20,3.6489458084106445,3.7423089273998467,3.6474451686721094,3.7185932883268342,897512000
2007-06-21,3.719491481781006,3.7311995916841867,3.624027759748213,3.6534473368559275,867045200
2007-06-22,3.692474603652954,3.736003971164874,3.6738621045585362,3.7179914873846314,631876000
2007-06-25,3.6726598739624023,3.7552150467873706,3.634233661533881,3.7281967351645213,965403600
2007-06-26,3.591905355453491,3.722493000783582,3.5639868192743074,3.7218925849168616,1345005200
2007-06-27,3.6591527462005615,3.6636558681753395,3.5802004124476654,3.620727307784895,974696800
2007-06-28,3.6192262172698975,3.6771651834447963,3.602414962940901,3.6732624777870835,838143600
2007-06-29,3.663654327392578,3.722493894015064,3.63513576931516,3.6615528713548016,1137841600
2007-07-02,3.6402394771575928,3.6651559439010435,3.581399901280405,3.6339351080526665,994862400
2007-07-03,3.8176584243774414,3.8245628080441,3.6474440838889675,3.662454084117267,1162481600
2007-07-05,3.9851691722869873,3.9917741480336413,3.863287148811744,3.8665898370909133,1453051600
2007-07-06,3.97166109085083,4.002882323887342,3.9146231707212453,3.996577955514131,874694800
2007-07-09,3.9125211238861084,3.989672969558063,3.8779976078664493,3.9740621549908344,995820000
2007-07-10,3.9731624126434326,4.037705130470673,3.866890781596843,3.868992237658249,1255007600
2007-07-11,3.9743640422821045,4.013690906444081,3.941942766724122,3.9647581837596526,821772000
2007-07-12,4.024796962738037,4.029900499363731,3.974362814178306,4.018192385928316,704608800
2007-07-13,4.134671688079834,4.138273383410048,4.038306898621654,4.053617109863974,907606000
2007-07-16,4.145777225494385,4.202215118034404,4.12776474837468,4.154482855290557,936112800
2007-07-17,4.170095443725586,4.190809404399986,4.127767298776269,4.151783949774916,709959600
2007-07-18,4.146378993988037,4.155985652514299,4.083936916002902,4.148480450540657,756856800
2007-07-19,4.202817916870117,4.227134777088032,4.192311032402722,4.211823760583321,732891600
2007-07-20,4.315391540527344,4.328300084135025,4.202815941739982,4.252349461725949,1167773600
2007-07-23,4.3138909339904785,4.359521754435173,4.23073491017901,4.30218282043348,1036490000
2007-07-24,4.049412727355957,4.232835388438271,4.027197337534643,4.16919290192675,1795292800
2007-07-25,4.120561122894287,4.153583604532082,4.052715713108641,4.123262594282928,1496182800
2007-07-26,4.382936477661133,4.457986471557848,4.111554866042198,4.380234204923,2186629200
2007-07-27,4.318395614624023,4.470597552668849,4.316294558202341,4.388642323803802,1161098400
2007-07-30,4.245744228363037,4.366425436127649,4.18990714516691,4.332802942688627,1106988400
2007-07-31,3.9554502964019775,4.307286481160372,3.9482457047185564,4.2919754712963005,1762392800
2007-08-01,4.0527167320251465,4.064124238927611,3.8356706862855536,4.0118892323554665,1750156800
2007-08-02,4.097445011138916,4.1115547864815,4.027197544847196,4.1022479381033845,852644800
2007-08-03,3.9581549167633057,4.081237071721971,3.9476476298098486,4.060523106825742,679187600
2007-08-06,4.060220718383789,4.0608207336469215,3.8515809420868408,3.989673833638387,925170400
2007-08-07,4.053616523742676,4.119961297282266,3.9815681983292497,4.050914651417902,949936400
2007-08-08,4.022995948791504,4.1085536495403625,3.9626561279271018,4.105551969510248,808096800
2007-08-09,3.7942423820495605,3.992675062682257,3.7552161432062205,3.9359369524387935,1125395600
2007-08-10,3.7525150775909424,3.8350702922608857,3.6114208928876934,3.696077163222539,1410749200
2007-08-13,3.8362698554992676,3.8831010913036486,3.7975434323822173,3.852180074559828,752911600
2007-08-14,3.723395347595215,3.8515809741662443,3.713788289504503,3.851281166938081,739006800
2007-08-15,3.599411725997925,3.7483116863624475,3.5919061252437148,3.6846683924738426,992852000
2007-08-16,3.513855218887329,3.557384591411446,3.3508464304307064,3.512654787308922,1866690000
2007-08-17,3.6642560958862305,3.7074848574553494,3.5970110884596944,3.662755055469401,1195062400
2007-08-20,3.6690590381622314,3.737505278990673,3.6174244500653057,3.721294443240002,803317200
2007-08-21,3.829664707183838,3.8713928113470875,3.63243329110404,3.6687576520718985,1303047200
2007-08-22,3.97796630859375,3.985170901746819,3.9125225499930916,3.9392406684678396,1061765600
2007-08-23,3.9347360134124756,4.002882433692529,3.895410365252675,3.9953768322305665,866838000
2007-08-24,4.0617194175720215,4.063820872623093,3.8969089072992795,3.918523873538867,911834000
2007-08-27,3.9701616764068604,4.042510635879003,3.965658554296407,4.00438500363437,707439600
2007-08-28,3.8071510791778564,3.974963752658124,3.80144712687922,3.9323346152379797,1179365600
2007-08-29,4.025095462799072,4.02809794300386,3.888805066468135,3.8990109339697367,1166860800
2007-08-30,4.090239524841309,4.150279912347912,3.9716601903883237,3.9827674837158473,1435582400
2007-08-31,4.157186508178711,4.1923104561872195,4.12506504207786,4.187507126434002,876887200
2007-09-04,4.327700614929199,4.374832485513771,4.19801432163742,4.201016001857912,1316842800
2007-09-05,4.105551719665527,4.378133829727192,4.08573798731426,4.352016529615104,2328222400
2007-09-06,4.0530171394348145,4.129868412177613,3.9839708768053494,4.069528585622807,1901261600
2007-09-07,3.955749988555908,3.9716610131866896,3.9026147736963956,3.96295538165331,1430576000
2007-09-10,4.104050159454346,4.1439766247296035,4.02119474781305,4.112455583423742,1487838800
2007-09-11,4.067426681518555,4.151783147796945,4.0151912773104,4.139774824617207,971885600
2007-09-12,4.108251094818115,4.184802108503153,4.0752290260423525,4.0824340159475945,1022770000
2007-09-13,4.118760585784912,4.172796836686281,4.102249141709744,4.1676928986148365,656163200
2007-09-14,4.167092323303223,4.172195459065211,4.0887400305529455,4.099847326989972,607320000
2007-09-17,4.155084609985352,4.22052836767277,4.130768958128611,4.172497079302801,793371600
2007-09-18,4.230435371398926,4.288374730646539,4.137673477258485,4.174598671198823,1064089600
2007-09-19,4.2259345054626465,4.297682265782516,4.184806380249287,4.293479751526268,1026880400
2007-09-20,4.212123870849609,4.256554275329241,4.182404066231156,4.207320540547817,691840800
2007-09-21,4.3274006843566895,4.342410689669338,4.212123571003447,4.2370400435463935,1138880400
2007-09-24,4.451382637023926,4.49851489877709,4.402450329455285,4.404851592978002,1052161600
2007-09-25,4.598482131958008,4.599683365135848,4.407553793887573,4.4081550116943,1192550800
2007-09-26,4.5861735343933105,4.653118735399803,4.540543508388764,4.637208508402769,975268000
2007-09-27,4.638108730316162,4.638708745678467,4.572664970579133,4.616194341582701,658198800
2007-09-28,4.607186794281006,4.6411103014661865,4.585572617875083,4.60628657100823,615101200
2007-10-01,4.693345069885254,4.725467332840658,4.590976925401816,4.642011094016951,837068400
2007-10-02,4.756689071655273,4.760891985362031,4.679837395693647,4.699650330115964,792069600
2007-10-03,4.740777015686035,4.778602429240768,4.7134588841252985,4.736574503700262,692518400
2007-10-04,4.690343379974365,4.745580060569094,4.608088374399154,4.743178796866057,656958400
2007-10-05,4.846747398376465,4.850650102911166,4.7341725894468185,4.754285726578979,943471200
2007-10-08,5.04067850112915,5.04067850112915,4.892378525211257,4.9079897451389485,835928800
2007-10-09,5.039177417755127,5.13674263928457,5.003753665793397,5.109424104704263,1104286400
2007-10-10,5.007054328918457,5.039775794093385,4.9713303833345845,5.029869733045854,667590000
2007-10-11,4.8701653480529785,5.15985857093641,4.599383633645746,5.088110833694382,1643992000
2007-10-12,5.0208635330200195,5.0217645577897745,4.857253787951141,4.893578553446399,988176000
2007-10-15,5.012760162353516,5.09051206149203,4.908290542118252,5.0427809743991,1077930000
2007-10-16,5.090810775756836,5.108822453238785,4.957821043232286,4.969529555462531,1067830400
2007-10-17,5.185975551605225,5.194681184458537,5.078803679977753,5.184174303260713,1127613200
2007-10-18,5.208491325378418,5.229204481172709,5.134942347317109,5.148450909756347,823676000
2007-10-19,5.116028785705566,5.242413164156386,5.103420048015067,5.230705050586637,1291780000
2007-10-22,5.234306812286377,5.250518044184171,5.102218499613145,5.113926611539329,1649499600
2007-10-23,5.588545322418213,5.661794490231153,5.486477381541676,5.660594058730542,1795164000
2007-10-24,5.581639289855957,5.620064710076931,5.380805355432079,5.57803679398194,1288481600
2007-10-25,5.487075328826904,5.580738610650389,5.453452838373793,5.549817591070296,973602000
2007-10-26,5.544715881347656,5.564829018545802,5.4900792201180035,5.562427354208876,706876800
2007-10-29,5.556423187255859,5.601453992711896,5.544715875249831,5.5672302759483365,540554000
2007-10-30,5.613762378692627,5.6849100896865785,5.545616748468353,5.589146118004974,939414000
2007-10-31,5.702320575714111,5.707423710794553,5.552219785379139,5.632673122808984,833310800
2007-11-01,5.626970291137695,5.706824018724821,5.403620340951678,5.661793217938363,805036400
2007-11-02,5.639878749847412,5.6870102043751265,5.508390448843166,5.680105821045809,1002114400
2007-11-05,5.589146137237549,5.672601578050649,5.530906972540955,5.562428019107331,804176800
2007-11-06,5.7575578689575195,5.763861836258776,5.561826658378039,5.615262080088938,954727200
2007-11-07,5.592748165130615,5.7842773092518,5.587645028678713,5.7221350394874735,994327600
2007-11-08,5.267630577087402,5.610760372897729,5.036475581800306,5.6038559883402845,1890378000
2007-11-09,4.964426517486572,5.257122942941072,4.959623188855708,5.1379431569703495,1526380800
2007-11-12,4.61589241027832,5.034372707961609,4.521929318158651,4.961723580444245,1769065200
2007-11-13,5.102219104766846,5.132839923393854,4.615893312880802,4.828735999042323,1739446800
2007-11-14,4.986642837524414,5.330673726762556,4.915495116508991,5.3183655946850745,1449168000
2007-11-15,4.932305812835693,5.091112683474215,4.812225384391381,4.995048100231647,1487410400
2007-11-16,4.995048522949219,5.013961233112946,4.783106406520702,4.962326239692179,1383494000
2007-11-19,4.921799182891846,5.049384820007577,4.866262287509263,4.986342722107412,1154428800
2007-11-20,5.0688958168029785,5.15715496426036,4.909188768984301,4.973432479008592,1543642800
2007-11-21,5.057189464569092,5.173967191558274,4.943412615696722,4.9785361565347745,1217809600
2007-11-23,5.149652004241943,5.164961814810598,5.095915559151258,5.163460774399581,465757600
2007-11-26,5.1796722412109375,5.321666662289921,5.173967886583506,5.211193289620511,1305754800
2007-11-27,5.247818946838379,5.277238546831164,5.103722627860093,5.260127081396669,1317030400
2007-11-28,5.410227298736572,5.421634405694185,5.264028749705263,5.308158541804354,1150912000
2007-11-29,5.532409191131592,5.558826303272113,5.378105023040043,5.386510850405214,1050926800
2007-11-30,5.4702653884887695,5.634775384417255,5.3946149673293124,5.623968295912132,1187802000
2007-12-03,5.369396209716797,5.527902796844089,5.334573290826061,5.459456588397452,961469600
2007-12-04,5.397917747497559,5.4306392240305295,5.313260676716366,5.318064406551096,773799600
2007-12-05,5.568732261657715,5.583742264403349,5.475970372543569,5.490379959146903,892402000
2007-12-06,5.702320575714111,5.706823695618978,5.58734331901362,5.589444774969224,899810800
2007-12-07,5.832911014556885,5.85362497513477,5.644984328675491,5.7200347594488425,1066066400
2007-12-10,5.830205917358398,5.873735277381062,5.784575902879791,5.811594223089801,722377600
2007-12-11,5.659992218017578,5.90885945920823,5.625469497714033,5.84641739268976,1110925200
2007-12-12,5.729640960693359,5.838313083150584,5.57653804076397,5.807091842495527,1225660800
2007-12-13,5.758756637573242,5.7674634694450955,5.63837646028538,5.709524138724857,864617600
2007-12-14,5.7155303955078125,5.799886853442793,5.690013512898366,5.714930380220026,674312800
2007-12-17,5.535707473754883,5.783373418146373,5.493079147805423,5.725435288555414,1024693600
2007-12-18,5.493080139160156,5.623667813716818,5.3615918406018475,5.59935176729583,1222603200
2007-12-19,5.497282981872559,5.542913795757347,5.430638009025966,5.493080069917849,827478400
2007-12-20,5.6200666427612305,5.638679143699233,5.503589109273119,5.566631205501014,774057200
2007-12-21,5.821199893951416,5.821199893951416,5.700519483693616,5.707423866924878,993960800
2007-12-24,5.967999458312988,5.983910485232639,5.8476192347173805,5.854823426415842,480202800
2007-12-26,5.972502708435059,6.032843326378512,5.908559994564394,5.9743039568045795,703732400
2007-12-27,5.961093902587891,6.092881605570606,5.937978688511588,5.972501405627991,795527600
2007-12-28,5.9989190101623535,6.050853387658316,5.910359659775058,6.021734415919747,699647200
2007-12-31,5.946383953094482,6.019032282155861,5.936477089487203,5.989012284969391,539333200
2008-01-02,5.849120140075684,6.011829717984964,5.780374892495661,5.982109918767337,1079178800
2008-01-03,5.85181999206543,5.925669548226654,5.784575011135818,5.866229974388948,842066400
2008-01-04,5.405122756958008,5.793883411861902,5.370299821292653,5.747352360800537,1455832000
2008-01-07,5.332774639129639,5.511694651818139,5.11032525521749,5.441146953432121,2072193200
2008-01-08,5.140944957733154,5.47747096325315,5.127435996452221,5.407823498087511,1523816000
2008-01-09,5.3856096267700195,5.388611306602557,5.052385889857757,5.142446305129742,1813882000
2008-01-10,5.344180107116699,5.433640079335933,5.26582782993867,5.330971357068603,1482975200
2008-01-11,5.1841721534729,5.339076240370188,5.103418223573715,5.283538574401929,1232285600
2008-01-14,5.366995811462402,5.386208321251315,5.258622730835594,5.32917040624274,1100450400
2008-01-15,5.0746002197265625,5.380204349647615,4.943111520018667,5.335174752696536,2343278000
2008-01-16,4.792411804199219,5.073699527484191,4.704152643112186,4.960223692264754,2213845200
2008-01-17,4.829935073852539,4.9641252326877705,4.755785708256176,4.848547968259852,1757859600
2008-01-18,4.844045162200928,4.975833665772357,4.791509965730951,4.854552041170227,1724343600
2008-01-22,4.672330856323242,4.802618349462706,4.382937499358601,4.44477875684259,2434754000
2008-01-23,4.17489767074585,4.202816215850358,3.786737506676002,4.088439762356526,3372969600
2008-01-24,4.070728778839111,4.223831715831093,3.962956867832436,4.202517339804579,2005866800
2008-01-25,3.902916193008423,4.175499140236763,3.8909086704292637,4.172497459997918,1554739200
2008-01-28,3.902916193008423,3.9986805744674023,3.7960441116617263,3.8473792968173943,1474844000
2008-01-29,3.9488444328308105,3.9863696215551583,3.8740950649281882,3.937137125465639,1099982800
2008-01-30,3.9680593013763428,4.066225336612964,3.902615545093158,3.9437432492295015,1243051600
2008-01-31,4.06352424621582,4.102249487793582,3.8846042270798162,3.886104465953157,1345674400
2008-02-01,4.015191078186035,4.100447763662938,3.9680592136666686,4.089940882213586,1010744000
2008-02-04,3.952147960662842,4.079732747653008,3.9452427761598114,4.028998800356481,899234000
2008-02-05,3.883401870727539,4.022695182077873,3.869592302148131,3.91552332645176,1141042000
2008-02-06,3.6624534130096436,3.9602533020875046,3.6555490306081437,3.92753103462794,1573272400
2008-02-07,3.6396379470825195,3.745909561123183,3.520457791542074,3.6015127385046384,2083331600
2008-02-08,3.766925573348999,3.773529750926974,3.650446831259872,3.664856820474131,1355972800
2008-02-11,3.886101484298706,3.9020125013601064,3.8185567178128963,3.842873154397047,1201432400
2008-02-12,3.748311758041382,3.9326346624121573,3.7110863664266445,3.923628823120728,1225980000
2008-02-13,3.884603261947632,3.89601076607954,3.7714272414559202,3.8029482824399223,968534000
2008-02-14,3.8263659477233887,3.926633472179215,3.8128561792970226,3.884605130113949,954097200
2008-02-15,3.7414073944091797,3.814956776028549,3.7242963342475868,3.7906411222428984,901300400
2008-02-19,3.6678576469421387,3.805049914967266,3.645643053698405,3.782234504834236,1005046000
2008-02-20,3.7170913219451904,3.7405067496008124,3.6528479978964734,3.6684588174160075,967439200
2008-02-21,3.6486451625823975,3.7966449374164517,3.628232215981115,3.784036599117319,938114800
2008-02-22,3.5862045288085938,3.6777656029094734,3.4784318149957634,3.6768653793380577,1529878000
2008-02-25,3.594609022140503,3.6075175660316634,3.5021469571644097,3.5600851002605713,1256774400
2008-02-26,3.5768966674804688,3.6351362262241875,3.465522289161671,3.5315668562149782,1504888000
2008-02-27,3.691274404525757,3.6939758764509794,3.545076275136369,3.5492787874710805,1475138000
2008-02-28,3.8999123573303223,3.968658372149405,3.7756290762031663,3.818557609066865,1618254400
2008-02-29,3.7531139850616455,3.908917901660656,3.7465094102182013,3.8812995721205197,1255480800
2008-03-03,3.6543493270874023,3.7819353610666315,3.542374514673512,3.735704116612797,1593043200
2008-03-04,3.7411067485809326,3.748912157470351,3.614422164639348,3.6621540396430987,1785383600
2008-03-05,3.737203598022461,3.756717117916658,3.6699586096340613,3.709885070982332,1221836000
2008-03-06,3.6303324699401855,3.8275638987172407,3.626729573432957,3.7408057981088714,1473698800
2008-03-07,3.6699588298797607,3.6918736142643636,3.5738950703177785,3.614721757299556,1230462800
2008-03-10,3.5931074619293213,3.7062834754633243,3.5835008057252216,3.6618538929546363,999588800
2008-03-11,3.8230626583099365,3.8269653638984362,3.662455321056188,3.72549782428083,1163943200
2008-03-12,3.7834367752075195,3.862990340897393,3.7576196729497915,3.813757801859306,1059629200
2008-03-13,3.840773582458496,3.8876048305622537,3.6924740289122737,3.7254965098908728,1262102800
2008-03-14,3.8008477687835693,3.9116213392407526,3.728498426110751,3.8990126004006993,1156640800
2008-03-17,3.804450035095215,3.8602879424312997,3.6789666512989148,3.6789666512989148,1072598800
2008-03-18,3.987271547317505,3.9926756930471075,3.8626884126519903,3.877998622440565,1205120000
2008-03-19,3.8927087783813477,4.031401704350019,3.8927087783813477,3.9962785615513177,1010536800
2008-03-20,4.000782012939453,4.001382028334972,3.8779993033962534,3.936238473078972,908787600
2008-03-24,4.188706398010254,4.2283330558760195,4.011888279370049,4.022995174724551,1066920400
2008-03-25,4.232234954833984,4.295877441079894,4.122661851719475,4.201614142776544,1052391200
2008-03-26,4.3547186851501465,4.375132434147788,4.22202991788327,4.228934303036387,1182084400
2008-03-27,4.210320949554443,4.362222588241813,4.202515541657567,4.3514155011963425,999829600
2008-03-28,4.293176651000977,4.342409162527763,4.250848523051438,4.256852683389715,714610400
2008-03-31,4.307887077331543,4.3742318564031075,4.27846748896565,4.300982692737662,768065200
2008-04-01,4.488908290863037,4.492810995798073,4.311189922025075,4.391943488502058,1032567200
2008-04-02,4.427666664123535,4.539041434233254,4.378434152284972,4.466392296115347,1044968400
2008-04-03,4.551348686218262,4.611989491912345,4.412956022674464,4.414757270440678,1051568000
2008-04-04,4.595480918884277,4.644413239522941,4.525534029705481,4.56876279683802,854417200
2008-04-07,4.679834842681885,4.7939110610922455,4.656419022758861,4.6870390320537965,1158326400
2008-04-08,4.588274002075195,4.696647094131315,4.5726639865298315,4.609589172483003,1014294400
2008-04-09,4.546246528625488,4.619795904605968,4.5168269385580375,4.6023846376777655,873398400
2008-04-10,4.639609336853027,4.665726636363173,4.521029558415354,4.536940585542843,955763200
2008-04-11,4.417160511016846,4.602084272102232,4.394945113969514,4.584673005769895,1210076000
2008-04-14,4.436371803283691,4.480501575526186,4.339107221669411,4.40605199918513,845087600
2008-04-15,4.454385757446289,4.49461283919838,4.374532410923758,4.485005779669905,698037200
2008-04-16,4.614090919494629,4.626098436239412,4.521628872118173,4.554650545195564,795774000
2008-04-17,4.637808799743652,4.683139421982197,4.603586278203791,4.6282021403821005,704267200
2008-04-18,4.834440231323242,4.871064411119404,4.754586492983551,4.776801087139747,1026765600
2008-04-21,5.048182964324951,5.058390038490278,4.856054613307873,4.869563174550079,1039152800
2008-04-22,4.80922269821167,5.043379344405972,4.745879607085237,5.025366863055263,1439572400
2008-04-23,4.889976978302002,4.948516344160229,4.835640525039215,4.924800710423852,1504190800
2008-04-24,5.071597576141357,5.102818808932411,4.778901975726742,4.96352589708728,1696066400
2008-04-25,5.095315933227539,5.136442840385245,4.995948653671139,5.1244353178031075,992474000
2008-04-28,5.170665264129639,5.215995073360545,5.077302170153767,5.095914667180653,787214400
2008-04-29,5.255020618438721,5.273332101986436,5.110923599993464,5.136740683526176,923476400
2008-04-30,5.221999645233154,5.403621108549705,5.191078616555062,5.2892446459251,1139524400
2008-05-01,5.403620719909668,5.403620719909668,5.249317398917616,5.25231907842291,903576800
2008-05-02,5.4318389892578125,5.461258569949354,5.360091285425794,5.409323791359084,1006082000
2008-05-05,5.545616626739502,5.563028294009586,5.435142461711437,5.461260163022485,854557200
2008-05-06,5.603555202484131,5.6173639701751625,5.469065212175309,5.543514398392027,918870400
2008-05-07,5.481373310089111,5.6497868313214825,5.419832258819445,5.585243298531825,1157133600
2008-05-08,5.555522918701172,5.598751673930853,5.495782721307743,5.516796482438001,899085600
2008-05-09,5.507191181182861,5.531207025124078,5.444749105149646,5.498485547977427,673072400
2008-05-12,5.648584842681885,5.669899212046922,5.489177985707775,5.560025878508058,818563200
2008-05-13,5.702620983123779,5.747350773307733,5.639578905498075,5.662093303374498,823236400
2008-05-14,5.591546535491943,5.771066516548469,5.570832583613024,5.740746309160995,916823600
2008-05-15,5.6957173347473145,5.700821273006605,5.529705870970104,5.60805897875679,873208000
2008-05-16,5.632375240325928,5.712829807683981,5.6137627391706095,5.707125453043447,765769200
2008-05-19,5.511692047119141,5.664494284700253,5.442645421805984,5.6395778267449135,945820400
2008-05-20,5.580739974975586,5.588544582349367,5.407223336109221,5.4582570993833635,969850000
2008-05-21,5.349285125732422,5.642281375873195,5.291045965048318,5.573835141240299,1157657200
2008-05-22,5.315060138702393,5.443545940385948,5.16345872467717,5.381404896097085,1206735600
2008-05-23,5.438745975494385,5.463362641056374,5.3375782417316655,5.426737650433942,906917200
2008-05-27,5.596650123596191,5.596650123596191,5.458858243160722,5.48617637265802,789905200
2008-05-28,5.614062309265137,5.642281063466886,5.515296268747214,5.6260698292693405,743979600
2008-05-29,5.604456901550293,5.6497875241787305,5.568732938366035,5.606558358303707,647186400
2008-05-30,5.66629695892334,5.690013394363549,5.625169659392828,5.627271115697657,610184400
2008-06-02,5.58674430847168,5.693314958890288,5.53961204580361,5.661793915511445,679840000
2008-06-03,5.564828872680664,5.649786143125306,5.473868243174677,5.609558667348041,750520400
2008-06-04,5.559424877166748,5.616463194551865,5.500585712599052,5.524301342900864,726983600
2008-06-05,5.686709880828857,5.699018408830258,5.574735102498355,5.593948013688793,755445600
2008-06-06,5.572934627532959,5.7023214878129975,5.570233155969674,5.643782122121449,966422800
2008-06-09,5.451952934265137,5.551920203365813,5.276035439076076,5.547417483765004,1888392800
2008-06-10,5.572934627532959,5.607157141848693,5.37420091206101,5.418931509459038,1140941200
2008-06-11,5.427937984466553,5.583742369005304,5.391313801535748,5.533908629884616,961550800
2008-06-12,5.201285362243652,5.481673654160337,5.139444110412371,5.44835096315801,1308333600
2008-06-13,5.174567222595215,5.228303258046741,4.962625962741574,5.152652837817996,1345957200
2008-06-16,5.3087568283081055,5.3405780771007105,5.075500805962082,5.142445591798025,1051730400
2008-06-17,5.446549415588379,5.463360663776815,5.325868197278947,5.346582149699574,899656800
2008-06-18,5.366096496582031,5.46966587381039,5.3240685700496755,5.437243803704162,811468000
2008-06-19,5.430637836456299,5.473867385805004,5.30755616899953,5.360091364328754,791949200
2008-06-20,5.261626720428467,5.433641940378805,5.253521102351924,5.384108409312524,888367200
2008-06-23,5.198284149169922,5.279938737784384,5.150251660985574,5.2457154196080085,645780800
2008-06-24,5.200984001159668,5.276934612956018,5.152351512810238,5.1745661008044594,621947200
2008-06-25,5.3252692222595215,5.368498383652053,5.219898592278559,5.241812980239475,644450800
2008-06-26,5.051185607910156,5.248718111225954,5.0436804060770974,5.22560249039198,869610000
2008-06-27,5.106122970581055,5.120532558664949,4.927803366114643,4.998650874938015,1042249600
2008-06-30,5.02656888961792,5.163460563003329,5.001952228696928,5.109124104784675,684196800
2008-07-01,5.243912220001221,5.245113051799596,4.923297745256919,4.930202127285896,1111280800
2008-07-02,5.048783302307129,5.327069315050589,5.048783302307129,5.2595241157385555,837519200
2008-07-03,5.107021808624268,5.1685636512142645,4.975834110136423,5.091111585158464,523362000
2008-07-07,5.258321762084961,5.317461124473143,5.1604567769191165,5.198282176666303,820391600
2008-07-08,5.390111446380615,5.3946145665948215,5.185674598396857,5.26552832694838,888350400
2008-07-09,5.231006622314453,5.430940419500677,5.227704733822726,5.40962604389822,895776000
2008-07-10,5.302453994750977,5.323767967304508,5.144548148293824,5.251119614308942,840688800
2008-07-11,5.180870532989502,5.316861948946943,5.133439273059731,5.267629441048436,930011600
2008-07-14,5.2198967933654785,5.382605506637164,5.195880957145537,5.380805060422338,886054400
2008-07-15,5.092611789703369,5.215694672439655,4.995046989355903,5.177869263725464,1040043200
2008-07-16,5.187775135040283,5.191377229761462,5.061390789922124,5.10942205963532,747790400
2008-07-17,5.1577558517456055,5.252920192676184,5.145147114662123,5.22650188640603,757526000
2008-07-18,4.957821846008301,5.092913056302599,4.953319126314593,5.058989548494484,868414400
2008-07-21,4.992045879364014,5.028369851316697,4.836841522563781,5.010357368149023,1360469600
2008-07-22,4.863859176635742,4.886073767859429,4.398846987195563,4.472997163588139,1879592400
2008-07-23,4.991145133972168,5.054487433412653,4.850050547749885,4.953019510755296,1061768400
2008-07-24,4.774098873138428,4.9611240509488574,4.756687209695119,4.932904498535478,839619200
2008-07-25,4.866861343383789,4.8932792502254365,4.7626911570365875,4.815226361866561,633637200
2008-07-28,4.635107040405273,4.877368953989817,4.6236987323084335,4.873466248866009,780712800
2008-07-29,4.715561389923096,4.786709112011175,4.61259240833822,4.665427434875752,684070800
2008-07-30,4.799615859985352,4.817928147854282,4.6855396214273135,4.736573780889036,725183200
2008-07-31,4.771698474884033,4.869263697323709,4.712559085576906,4.729370337470913,637498400
2008-08-01,4.7029500007629395,4.8029176464478,4.675631878504103,4.800214973231677,544639200
2008-08-04,4.599982738494873,4.740177098314049,4.590376080473322,4.701150450913332,592527600
2008-08-05,4.822432994842529,4.827235923929145,4.64771587790283,4.665727563398477,688371600
2008-08-06,4.929005146026611,5.025369159608016,4.743180303289155,4.802319707503091,791408800
2008-08-07,4.910390853881836,4.987842927650351,4.848248989874391,4.884572961543242,672372400
2008-08-08,5.08991003036499,5.092912511192421,4.915793397573092,4.919095685590339,713997200
2008-08-11,5.210291862487793,5.298551031711512,5.093513728010622,5.105522050906261,891304400
2008-08-12,5.305455207824707,5.382306054850353,5.208790230982787,5.209090438998007,836278800
2008-08-13,5.382606506347656,5.403620667551846,5.280538582238279,5.342980649793248,842346400
2008-08-14,5.383208274841309,5.417130986468832,5.338778681160214,5.3534884763599555,711300800
2008-08-15,5.275735855102539,5.3961160727321635,5.25502190113988,5.374802103500888,708251600
2008-08-18,5.26522970199585,5.337878059235575,5.21809783120653,5.270633047065717,552014400
2008-08-19,5.209389686584473,5.315660899508972,5.157754719109887,5.239709488096453,616204400
2008-08-20,5.2787370681762695,5.311759148057342,5.211791883561323,5.246615612336232,506951200
2008-08-21,5.23220682144165,5.267029353058674,5.1601584904868885,5.23760976488315,539744800
2008-08-22,5.30725622177124,5.328570188287979,5.270631246342012,5.278136446391394,439611200
2008-08-25,5.179972171783447,5.290446749517899,5.153254051454965,5.28804428307252,484425200
2008-08-26,5.2126946449279785,5.249919248589475,5.18177361003011,5.186276731735416,445550000
2008-08-27,5.243612766265869,5.276335036666523,5.1691631881165545,5.202785681683791,477780800
2008-08-28,5.215694904327393,5.29104551708728,5.185975110792815,5.261926139616504,431384800
2008-08-29,5.089310169219971,5.208489943767595,5.074600377509648,5.192279112003997,599289600
2008-09-02,4.989042282104492,5.2084895098708115,4.953318333436102,5.1754674330732335,780763200
2008-09-03,5.012158393859863,5.063793375023614,4.92329921905011,5.008555897386327,734834800
2008-09-04,4.83984375,5.040678951929678,4.827535619254345,4.979137095765804,743386000
2008-09-05,4.808621883392334,4.875266861982856,4.732670856911782,4.760890411039848,786884000
2008-09-08,4.740777015686035,4.95001762246495,4.546847420624482,4.940410964641869,1045979200
2008-09-09,4.5534515380859375,4.802017793861154,4.496713819300578,4.7089557022764215,1245025600
2008-09-10,4.551348686218262,4.652816572178085,4.466992654037464,4.572663050640086,973142800
2008-09-11,4.582571506500244,4.592778580723975,4.382937551936894,4.448381306947584,971135200
2008-09-12,4.47119665145874,4.5303364370130215,4.397947487855785,4.5303364370130215,793027200
2008-09-15,4.213623046875,4.433670709202792,4.213623046875,4.26375698308983,920634400
2008-09-16,4.199214935302734,4.277867858513643,3.967159672805118,4.01849365743692,1199836400
2008-09-17,3.8374712467193604,4.1580861895167756,3.8374712467193604,4.157485372679899,1200455200
2008-09-18,4.025397777557373,4.065624452033272,3.6228276182673524,3.9197265527150575,1676253600
2008-09-19,4.230135440826416,4.32890190400655,4.092042918050389,4.280869408492538,1430875600
2008-09-22,3.9341368675231934,4.210322300303438,3.9224295535454434,4.2010158494407115,856713200
2008-09-23,3.8077516555786133,4.076731636001863,3.8023475102563205,3.958152671293394,1280364400
2008-09-24,3.8638885021209717,3.931133482393376,3.75701687246958,3.8206593571963126,1047015200
2008-09-25,3.9605541229248047,4.046412019869226,3.8581855852594473,3.8966110122804305,1006045600
2008-09-26,3.8497774600982666,3.8966086843345193,3.6924721470460895,3.7498102456854125,1126451200
2008-09-29,3.1599175930023193,3.5928075540696778,3.0197234483999638,3.591006305880931,2622057200
2008-09-30,3.4120872020721436,3.452313881440442,3.1911390703722757,3.2496776405798227,1626682400
2008-10-01,3.2757952213287354,3.3730602226250737,3.223860231793678,3.3598516699188465,1296484000
2008-10-02,3.005014419555664,3.2658890526249817,3.0020127392898392,3.2424736218425703,1609364400
2008-10-03,2.914052724838257,3.1971418744105073,2.8414037866038027,3.122092274037705,2294398400
2008-10-06,2.9461746215820312,2.9653873365768417,2.627961687236312,2.7606504458346492,2107417200
2008-10-07,2.6765940189361572,3.0470419304209746,2.6702896499602757,3.0164211104927894,1878772000
2008-10-08,2.6955065727233887,2.891837828875179,2.572123668700095,2.5790280530802536,2207741200
2008-10-09,2.663985252380371,2.8759273052272145,2.599741737987905,2.802378143817745,1617383600
2008-10-10,2.905946969985962,3.0020115214422636,2.551709161947449,2.5727233201546142,2219299600
2008-10-13,3.310018301010132,3.3181239190838765,3.0326324510315956,3.138603898084633,1539076000
2008-10-14,3.1244935989379883,3.494341447293346,3.0962742466264848,3.4901385351865017,1980994400
2008-10-15,2.94046950340271,3.2121521024889046,2.938668255598621,3.11728778764786,1584175600
2008-10-16,3.0587501525878906,3.1049811913525374,2.7540459888329947,2.995107046511139,1980521200
2008-10-17,2.9239583015441895,3.0632521948297713,2.5784273439252026,2.9900030531433055,1762227600
2008-10-20,2.9551796913146973,3.002911962933393,2.8110836552763305,2.995406562332197,1549170000
2008-10-21,2.746540069580078,2.9389693898146287,2.736633205561954,2.9104500305742027,2193660000
2008-10-22,2.9080493450164795,3.039537086597728,2.789770359091885,2.9230593492824792,2248808800
2008-10-23,2.9488751888275146,2.9794960013368565,2.7588483511932944,2.8972410205918058,1675430400
2008-10-24,2.893338680267334,2.9389694963818926,2.7051122652153676,2.711716440655169,1590058400
2008-10-27,2.7645530700683594,2.9308643255649196,2.757647883944006,2.854012465797297,1208771200
2008-10-28,2.9993085861206055,3.0170210549698315,2.7729576113420458,2.8648186356200633,1634133200
2008-10-29,3.138604164123535,3.2884043998403345,3.000211435480428,3.0278297792638447,1950978400
2008-10-30,3.3334333896636963,3.367956912090582,3.230464440874724,3.249076937809004,1638089600
2008-10-31,3.2298645973205566,3.325629165683861,3.15631542560059,3.224160644128348,1659756000
2008-11-03,3.210951328277588,3.275194840433719,3.1479090489740704,3.180030504443314,1057938000
2008-11-04,3.33193302154541,3.3559488626851723,3.202245956305874,3.3019124184971176,1398681200
2008-11-05,3.1010782718658447,3.2938068210334857,3.0917716223341385,3.2694909721213534,1256455200
2008-11-06,2.9749932289123535,3.0854667626096632,2.941970951389779,3.033532584243826,1319074400
2008-11-07,2.949176549911499,2.9975090538357487,2.873525909463136,2.9791973610630484,1095253600
2008-11-10,2.8783297538757324,3.0140204187451554,2.836901834472225,3.0071160327191797,1123822000
2008-11-11,2.8450064659118652,2.917054386447341,2.7696558563540403,2.8462066967707758,1224538000
2008-11-12,2.7054131031036377,2.7990762277632673,2.7021114151822236,2.774759571780227,1178976400
2008-11-13,2.8951406478881836,2.8951406478881836,2.582330858087072,2.697908157532025,1854087200
2008-11-14,2.709015130996704,2.8215909375368504,2.7018107395100674,2.81468575205009,1405266800
2008-11-17,2.6459732055664062,2.7183221479894093,2.619556097846121,2.656180279944788,1162526400
2008-11-18,2.699108839035034,2.7315311126816546,2.607547975923044,2.6910040221456413,1209695200
2008-11-19,2.590435743331909,2.7492417691188447,2.588034279708985,2.6849992604071837,1171900800
2008-11-20,2.4163196086883545,2.595239407283994,2.4016096138780374,2.5589152333714535,1716814400
2008-11-21,2.479062080383301,2.5252931277127932,2.3757928944782107,2.4595483526503985,1569271200
2008-11-24,2.790369987487793,2.845606663298987,2.5469066793364528,2.5580139759440037,1442257600
2008-11-25,2.7258269786834717,2.8432057386691,2.646573644771423,2.8408042743126276,1235292800
2008-11-26,2.8519108295440674,2.859416230375908,2.697307708887114,2.699409165006381,899836000
2008-11-28,2.7819647789001465,2.8447068654601915,2.757648124561933,2.8429056169606253,297774400
2008-12-01,2.6696879863739014,2.769955445563352,2.669387978805962,2.7408358733226654,923767600
2008-12-02,2.7759604454040527,2.781364390974179,2.596740639721315,2.7027112808698965,1148722400
2008-12-03,2.8789286613464355,2.888835524915874,2.6657862011625375,2.6837978787562355,1338680000
2008-12-04,2.744138479232788,2.8582147084901854,2.6735908047974917,2.8347990867465134,1091370000
2008-12-05,2.8218910694122314,2.836601063092024,2.66758734202816,2.7123177391526676,1043795200
2008-12-08,2.9936063289642334,3.0260275936801495,2.875927386802876,2.9203571730918267,1185142000
2008-12-09,3.0038115978240967,3.110083207716824,2.918254937630891,2.9431717965874133,1203496000
2008-12-10,2.948274850845337,2.9867004678584403,2.8969408927152402,2.938067980568062,938047600
2008-12-11,2.8519108295440674,3.0392362232464123,2.8468076940661895,2.9224583107068423,1040617200
2008-12-12,2.9500770568847656,2.9719912416577996,2.7777614505605013,2.785867067597055,1041174400
2008-12-15,2.8444066047668457,2.888235177370941,2.791871397304864,2.8816310009385138,891758000
2008-12-16,2.8648200035095215,2.8963410506072442,2.7843662413083767,2.821291434713064,1093506400
2008-12-17,2.6765940189361572,2.734832375892389,2.6423703016385143,2.732730919567095,1293860400
2008-12-18,2.6846985816955566,2.7267266928014053,2.6549779945500513,2.6810958858781384,857416000
2008-12-19,2.701810598373413,2.7300291496284492,2.6657864383572183,2.7000091498855427,801920000
2008-12-22,2.5739243030548096,2.702710310046711,2.542403068803884,2.7024101020898685,844740400
2008-12-23,2.5931382179260254,2.637868021877809,2.5787284296970916,2.60784801384558,635031600
2008-12-24,2.5529115200042725,2.5892357002904207,2.538201723018825,2.5859338118008806,271334000
2008-12-26,2.576026201248169,2.6243586923329687,2.558914944655211,2.600943067072931,308324800
2008-12-29,2.6000418663024902,2.6303626750540716,2.5538108345670554,2.597340194605232,686000000
2008-12-30,2.590435743331909,2.643271149530272,2.5433036879843183,2.624358446115217,967601600
2008-12-31,2.5622169971466064,2.6339649233164533,2.561916989477957,2.580829697364265,607541200
2009-01-02,2.7243242263793945,2.7330308575306157,2.5565126035423504,2.5781267727890187,746015200
2009-01-05,2.8393027782440186,2.887335067145576,2.7831648714978288,2.7969746430464566,1181608400
2009-01-06,2.7924716472625732,2.917054785767135,2.773558940279344,2.880430604853462,1289310400
2009-01-07,2.7321300506591797,2.776859836453481,2.7096148533688242,2.756146688634722,753048800
2009-01-08,2.782864809036255,2.7963743722505376,2.7030112680889338,2.7147195829287676,673500800
2009-01-09,2.719222068786621,2.803278515366025,2.7060135163963546,2.7981753795565645,546845600
2009-01-12,2.6615829467773438,2.7315295898151293,2.6282604682411135,2.7156185697525492,617716400
2009-01-13,2.6330642700195312,2.6940050963671123,2.592237381384517,2.6489752953742483,798397600
2009-01-14,2.5616166591644287,2.619255003484755,2.543304167895206,2.588934991429266,1021664000
2009-01-15,2.5030767917633057,2.5252919816165114,2.4031101408736797,2.418720354432743,1831634000
2009-01-16,2.4715564250946045,2.5330974786787483,2.4136180689016533,2.5306960144278356,1047625600
2009-01-20,2.3475732803344727,2.461649545242409,2.3475732803344727,2.4595480886788916,919914800
2009-01-21,2.486565589904785,2.4880668302150144,2.3808949859135082,2.3832964493546345,1089270000
2009-01-22,2.6525769233703613,2.701810433387227,2.576326096614698,2.642970868737345,1409528400
2009-01-23,2.6525769233703613,2.697907529042037,2.5967400398914156,2.60634589411856,763770000
2009-01-26,2.6910037994384766,2.730930670889925,2.6507761187010344,2.667587570116221,692238400
2009-01-27,2.7237253189086914,2.7483421804817887,2.694005521313811,2.7075142833772112,618038400
2009-01-28,2.8278956413269043,2.8519114865994566,2.746841061299414,2.7654535618321674,861406000
2009-01-29,2.7918715476989746,2.8320984274150005,2.779863224789828,2.7945730195416862,592729200
2009-01-30,2.705714225769043,2.810483651792208,2.702111527969908,2.779863626385867,651478800
2009-02-02,2.747140884399414,2.7618506788231714,2.668788583224107,2.674792744544758,558247200
2009-02-03,2.7912700176239014,2.8032783383273103,2.710216257746523,2.7594487693834115,599309200
2009-02-04,2.8083813190460205,2.889436082270005,2.79487275965871,2.7984754563341645,808421600
2009-02-05,2.895740509033203,2.9194561433029693,2.780463223385139,2.784966143718484,749246400
2009-02-06,2.9936063289642334,3.0020119533753378,2.911951548680722,2.912551563927291,687209600
2009-02-09,3.077361583709717,3.0920713754667086,2.9870009762747505,3.0020117776668784,715010800
2009-02-10,2.936868190765381,3.077361739602955,2.9137527739182847,3.041938595280004,849060800
2009-02-11,2.906547784805298,2.9512775845879684,2.8750267392282396,2.8930392233429476,674973600
2009-02-12,2.9800965785980225,2.9945063626805237,2.8768274279685255,2.8768274279685255,817188400
2009-02-13,2.9767954349517822,3.0002110628009766,2.945574397413605,2.9716914970356116,608977600
2009-02-17,2.837801218032837,2.913151831451182,2.8302966183874294,2.908048695676069,678238400
2009-02-18,2.832998752593994,2.877428346518387,2.783466022061735,2.8534127018669713,684779200
2009-02-19,2.7210235595703125,2.829395656353514,2.705112533386928,2.802978350757782,922804400
2009-02-20,2.737835645675659,2.7738596195976353,2.6717908584605237,2.6837991837777877,750316000
2009-02-23,2.610248327255249,2.761849741864293,2.59703977804858,2.7513428639294544,786982000
2009-02-24,2.709315061569214,2.7285279740892077,2.611750060082864,2.6252588198016,807105600
2009-02-25,2.736633539199829,2.7894689513026942,2.679295407351524,2.697607897211727,833053200
2009-02-26,2.6774940490722656,2.7894688366436924,2.6705896653134316,2.761850299578902,629868400
2009-02-27,2.6810970306396484,2.7408368351422947,2.631863707283405,2.639669117341202,706658400
2009-03-02,2.639968156814575,2.7378341510708037,2.6318627420561937,2.6453721006632525,770929600
2009-03-03,2.6528773307800293,2.7240252335554955,2.6381675376035534,2.669688580240545,724340400
2009-03-04,2.736933708190918,2.7849659914200497,2.6852995297850795,2.7072139145607363,741403600
2009-03-05,2.666987180709839,2.757947814590303,2.6552798684347785,2.715619682161256,706899200
2009-03-06,2.5607151985168457,2.6537774477631717,2.4715550509505957,2.6519759998661865,1011147200
2009-03-09,2.494971513748169,2.629761706916413,2.4787612828560603,2.527093571168294,698297600
2009-03-10,2.6606829166412354,2.67689395028271,2.5324968901344103,2.547806898850342,844258800
2009-03-11,2.782263994216919,2.82399210428274,2.6892019197802948,2.69610630291714,846372800
2009-03-12,2.8924379348754883,2.8993431206174005,2.7618504433728193,2.788868766200573,768457200
2009-03-13,2.879828929901123,2.9179553448452444,2.8522105962894875,2.8909370264052425,601168400
2009-03-16,2.8645195960998535,2.923659181506224,2.8272943976083376,2.8978420897831403,797244000
2009-03-17,2.9918053150177,2.9927055383639263,2.854012424113572,2.8591163618209823,786646000
2009-03-18,3.0476419925689697,3.106481363871554,2.9936063505797152,2.999309501551711,796037200
2009-03-19,3.0506439208984375,3.0980751780091302,3.009516029274328,3.0575483035564917,500180800
2009-03-20,3.049743413925171,3.095374235543089,3.019123395501152,3.0647534154954448,695587200
2009-03-23,3.231966733932495,3.246976739416933,3.054548140440665,3.0833669180939154,666397200
2009-03-24,3.197141408920288,3.285400550177561,3.163819726284905,3.1929386976444394,640612000
2009-03-25,3.1968424320220947,3.2529801394344595,3.1178899130113225,3.229564711282022,646618000
2009-03-26,3.2983107566833496,3.30161244407924,3.229564514750166,3.237068914521122,616252000
2009-03-27,3.2076499462127686,3.2580837068899555,3.1941411823110957,3.2490778642888403,492872800
2009-03-30,3.1368026733398438,3.1524126918280406,3.080364756909286,3.137402889092067,502796000
2009-03-31,3.155714750289917,3.225661415070037,3.1521120536557157,3.165620813294233,570080000
2009-04-01,3.2628862857818604,3.2721921322344323,3.118789256570991,3.1247934163582,589372000
2009-04-02,3.3835675716400146,3.4448088186006505,3.295608606713575,3.3064158973775655,812366800
2009-04-03,3.4820337295532227,3.4862366426384512,3.4078843384659523,3.427997478035841,636241200
2009-04-06,3.5558838844299316,3.564889727389857,3.4006794899238515,3.4505132371708784,658064400
2009-04-07,3.452313184738159,3.5024471212152846,3.4279967365310435,3.4982442090391817,536580800
2009-04-08,3.491940498352051,3.506049475976623,3.4397054967621212,3.465222381012942,455630000
2009-04-09,3.5895044803619385,3.602413022078522,3.541171799495712,3.554981766733025,530756800
2009-04-13,3.609018564224243,3.631833977457734,3.572394380955438,3.602714194553819,389236400
2009-04-14,3.551679849624634,3.607517741761662,3.519858599965287,3.589505259903401,454622000
2009-04-15,3.5315663814544678,3.54987826800009,3.475128479368479,3.518356828520721,412882400
2009-04-16,3.6459431648254395,3.696976926808845,3.5660894318883027,3.578097753119024,593446000
2009-04-17,3.705082893371582,3.729999761465504,3.609919343506131,3.6378378913792795,497495600
2009-04-20,3.6174228191375732,3.6921729952270925,3.577195755575969,3.6543475952586206,466466000
2009-04-21,3.6552486419677734,3.6666569474175796,3.560385313532639,3.569090945207789,470685600
2009-04-22,3.647744655609131,3.7630221422200285,3.6384378052245645,3.6813671556676884,938767200
2009-04-23,3.764522075653076,3.818558718780682,3.707783961099696,3.8011470540615324,945156800
2009-04-24,3.719491481781006,3.756716465490841,3.6915729444044687,3.741706468990748,540764000
2009-04-27,3.7444097995758057,3.752515418150292,3.682267926273706,3.6894733213740145,480690000
2009-04-28,3.719491481781006,3.788837914114674,3.700278574033618,3.702980044738059,455856800
2009-04-29,3.7567172050476074,3.8080511707128846,3.717390757972222,3.7480115737046455,458110800
2009-04-30,3.7774322032928467,3.8125553472140585,3.7501140688612815,3.789139517121383,498489600
2009-05-01,3.819758892059326,3.841073257445343,3.776529745338061,3.776529745338061,397516000
2009-05-04,3.9647576808929443,3.970161025727985,3.832969134409692,3.8497803867215468,609358400
2009-05-05,3.983968496322632,3.988471214507923,3.9362362365782673,3.955148935553803,398255200
2009-05-06,3.977665424346924,4.007685425807293,3.9092191957508895,4.002582290094812,473538800
2009-05-07,3.8743958473205566,3.974362305089176,3.8395721203236,3.97256105709907,531776000
2009-05-08,3.878300428390503,3.9395416872595184,3.790341446360415,3.8737969054237946,467964000
2009-05-11,3.8897058963775635,3.931434004829341,3.8161565430170516,3.823662143482602,404658800
2009-05-12,3.7351009845733643,3.8939077600061074,3.6999778620832613,3.889404641425983,609481600
2009-05-13,3.5871036052703857,3.7230950379822296,3.5838009161090616,3.6987781874083994,595971600
2009-05-14,3.690972328186035,3.708384792716035,3.5934075354469623,3.5958087985963587,447826400
2009-05-15,3.6750619411468506,3.74110609386744,3.6507454954432728,3.672059460518422,367567200
2009-05-18,3.8020474910736084,3.803548932101778,3.649545813209195,3.7143895481206566,458841600
2009-05-19,3.8260645866394043,3.881901686038829,3.774729806797468,3.8071518784902314,372422400
2009-05-20,3.7786312103271484,3.8788986700335406,3.761519756544243,3.8314666115525844,388584000
2009-05-21,3.7278974056243896,3.8059494781010867,3.689171777778581,3.7570171795200786,407946000
2009-05-22,3.6774656772613525,3.72789944416636,3.65495046676042,3.7239967382054604,297998400
2009-05-26,3.926029682159424,3.9275311228338046,3.7390045241998138,3.74530889162302,636927200
2009-05-27,3.9941771030426025,4.052115252373507,3.9299333822545495,3.956051482487336,646422000
2009-05-28,4.054816246032715,4.064422499746313,3.9635546312892456,4.0061829583101405,487552800
2009-05-29,4.077030658721924,4.0797321293799955,4.018191104704769,4.06442232600813,456534400
2009-06-01,4.1833038330078125,4.20251634681138,4.08273613912762,4.096845917644477,452499600
2009-06-02,4.187506198883057,4.24304308360539,4.153282882783891,4.172496598352734,456223600
2009-06-03,4.231335163116455,4.236138090303285,4.174897261568402,4.202815803936643,565199600
2009-06-04,4.315090179443359,4.3282993295697665,4.204016441692108,4.206717912497181,550634000
2009-06-05,4.343009948730469,4.394943926438346,4.299180384238821,4.362222458280753,632716000
2009-06-08,4.318395614624023,4.329803124509084,4.185706807222686,4.317495390907293,931652400
2009-06-09,4.284470558166504,4.33970722408621,4.2193266279432295,4.317192026052848,676964400
2009-06-10,4.210320949554443,4.273363426286294,4.151781993574843,4.2712619703140575,688623600
2009-06-11,4.201314449310303,4.249647136663991,4.159286530895833,4.189307331502791,524823600
2009-06-12,4.111856460571289,4.175798780332253,4.083937107917342,4.167093146445584,563085600
2009-06-15,4.085436820983887,4.110653891795207,4.049413063957597,4.083035557831528,539750400
2009-06-16,4.0932416915893555,4.1568837679938255,4.08573609260993,4.102547335694093,514805200
2009-06-17,4.070126533508301,4.126264219595168,4.038605499330594,4.102847998714353,571412800
2009-06-18,4.079134464263916,4.142776981190629,4.070428829768953,4.0860388500747,427680400
2009-06-19,4.187205791473389,4.187805806661736,4.1097537307079985,4.144876463466619,721856800
2009-06-22,4.123863220214844,4.24964758226494,4.0926427867452295,4.222930269358549,634914000
2009-06-23,4.022995948791504,4.11125512148628,3.9890736377127642,4.094744879290998,706532400
2009-06-24,4.089340686798096,4.127766519517863,4.048513991055575,4.065325242768991,485525600
2009-06-25,4.198614597320557,4.208821673463421,4.059021427968002,4.075231864924022,589447600
2009-06-26,4.276066780090332,4.30968928882582,4.195012188721775,4.196513229362816,439384400
2009-06-29,4.261954307556152,4.321393876170396,4.249045767004086,4.306684087986181,567616000
2009-06-30,4.275765419006348,4.316892719045188,4.25685311365275,4.28026853971521,434224000
2009-07-01,4.287774562835693,4.34271225547412,4.278468911470758,4.307888509618077,414178800
2009-07-02,4.2034173011779785,4.287773774836927,4.196512915557402,4.240342497374498,370479200
2009-07-06,4.1610894203186035,4.172497729861135,4.090241906186649,4.163790892627097,498688400
2009-07-07,4.064723968505859,4.193210219623607,4.058119791631693,4.157186052050849,461596800
2009-07-08,4.11936092376709,4.1439775869590285,4.035304660496377,4.0803354743256275,575929200
2009-07-09,4.093543529510498,4.142476243404942,4.0806349830696504,4.135571858476976,343025200
2009-07-10,4.158386707305908,4.171895267253683,4.092341741247264,4.092942958940694,445275600
2009-07-13,4.273063659667969,4.273063659667969,4.128667579689482,4.189007400385929,483501200
2009-07-14,4.270960807800293,4.298279333649654,4.237639324680385,4.26375661777687,347247600
2009-07-15,4.409355640411377,4.41295813767037,4.332504369612305,4.354118551542485,485587200
2009-07-16,4.428567409515381,4.4435782130377435,4.370028843003378,4.375732395221562,393570800
2009-07-17,4.555551528930664,4.563657143756312,4.461888650559416,4.475398008602162,602154000
2009-07-20,4.5903754234313965,4.6543189301111445,4.529735407409212,4.601183312970491,735526400
2009-07-21,4.548347473144531,4.605986616100486,4.4955124605271575,4.601784104286701,874781600
2009-07-22,4.705353736877441,4.765094344562028,4.6864410282097895,4.736874784386241,874104000
2009-07-23,4.7377753257751465,4.756387022832007,4.669929507480503,4.702051368695769,526962800
2009-07-24,4.802917957305908,4.803217764468373,4.698147378375701,4.711656336402081,438362400
2009-07-27,4.806220054626465,4.8296358787786735,4.720963383987201,4.808321510712975,433311200
2009-07-28,4.803217887878418,4.806219566885625,4.731169174659227,4.769595395529831,363554800
2009-07-29,4.8041181564331055,4.81672689179183,4.75068273839781,4.77019585659363,382158000
2009-07-30,4.886975288391113,4.9449134364185845,4.848248851797955,4.854253012635933,469604800
2009-07-31,4.9049859046936035,4.953318186513784,4.890575921810026,4.892977585623956,422536800
2009-08-03,4.996249675750732,5.002553645162532,4.94941761204378,4.95962428683215,394240000
2009-08-04,4.969829559326172,4.970429975320115,4.929602890167238,4.951217064325689,395810800
2009-08-05,4.956622123718262,5.025067154787296,4.9296037998169435,4.975834637446188,423183600
2009-08-06,4.920597076416016,4.998649151971907,4.895980421349304,4.970729808109752,341616800
2009-08-07,4.968628406524658,5.001350677909647,4.947314440020009,4.968028391332799,387354800
2009-08-10,4.944913387298584,5.001351296179547,4.913092136797,4.973132942956767,300294400
2009-08-11,4.888176441192627,4.934707492119063,4.859657474626724,4.913993134170806,355342400
2009-08-12,4.962625503540039,5.004653421820017,4.877067825331027,4.879769296565251,445071200
2009-08-13,5.05598783493042,5.063493436534187,4.998349496095213,5.002852616570398,439980800
2009-08-14,5.006755352020264,5.050283913636401,4.969230149451341,5.041578281475532,305816000
2009-08-17,4.790910243988037,4.910990643158113,4.785806306970043,4.909789410297824,524381200
2009-08-18,4.923299789428711,4.930504382398655,4.845547902259444,4.852152079080906,431152400
2009-08-19,4.941309928894043,4.962324086715541,4.876767217150622,4.885773055753137,413271600
2009-08-20,4.993245601654053,5.004953714050328,4.941611427153426,4.952718321905855,342031200
2009-08-21,5.080003261566162,5.084507183297634,5.007354927883277,5.032872207683265,416074400
2009-08-24,5.075200080871582,5.124733597962496,5.051484451110593,5.107021326422199,406929600
2009-08-25,5.085409164428711,5.131640011082828,5.077303545432446,5.087210413094548,324354800
2009-08-26,5.025667667388916,5.0899101775230635,5.00615414672283,5.070997473689235,303998800
2009-08-27,5.086908340454102,5.0905100348418335,4.94821545051564,5.065894181200327,449181600
2009-08-28,5.104918956756592,5.178168090497766,5.059288953355096,5.171563916662988,453700800
2009-08-31,5.049683094024658,5.068895603487304,4.998348730901659,5.048181653284326,311337600
2009-09-01,4.962326526641846,5.1034215411578465,4.951519434842745,5.043080909848739,469028000
2009-09-02,4.958724498748779,5.031673070826169,4.926602629409837,4.941913244154644,364249200
2009-09-03,4.999849319458008,5.016360357693933,4.953318284577076,4.996547432460203,293955200
2009-09-04,5.112724304199219,5.124432413664722,5.01605975399504,5.021763704760285,374628800
2009-09-08,5.191378116607666,5.197682084055413,5.163459573081929,5.192879156669455,315047600
2009-09-09,5.1376423835754395,5.237608844022212,5.094412831466515,5.186874893376963,811087200
2009-09-10,5.180273056030273,5.200987017008385,5.127737833636249,5.1652630497479715,491134000
2009-09-11,5.168264389038086,5.19888521667617,5.129538743728238,5.190779597380582,348961200
2009-09-14,5.215095520019531,5.22049846362383,5.110925324406028,5.128336590739169,322011200
2009-09-15,5.258321762084961,5.27303155069516,5.21119071759219,5.2246992736011695,426470800
2009-09-16,5.45975923538208,5.4861771453088775,5.339979018511391,5.343281307353722,754023200
2009-09-17,5.540212631225586,5.607457632705493,5.462761357437521,5.463061565494339,810572000
2009-09-18,5.554323196411133,5.600253833172762,5.546517385016708,5.578639651644867,601582800
2009-09-21,5.524302005767822,5.558524519331192,5.452254081408367,5.532407622714897,437715600
2009-09-22,5.538111209869385,5.565129534342123,5.48917849873393,5.55942598203832,356753600
2009-09-23,5.568732261657715,5.670801001789341,5.554622482313686,5.565730581758063,593563600
2009-09-24,5.518296718597412,5.634774205935899,5.486775682972436,5.619764208057896,550880400
2009-09-25,5.474768161773682,5.568731267204522,5.446849617766102,5.463961073954051,445239200
2009-09-28,5.5882439613342285,5.604154986191513,5.5035877056434535,5.519798537705142,337444800
2009-09-29,5.565129280090332,5.625769701933484,5.533007820898745,5.605656965353782,345385600
2009-09-30,5.564228534698486,5.597250614926754,5.481973542144653,5.587643958388045,539585200
2009-10-01,5.429439067840576,5.590346177456351,5.424634937305109,5.564229278933825,524711600
2009-10-02,5.550719738006592,5.581940976372787,5.444149079999369,5.4459503284134865,553308000
2009-10-05,5.584341526031494,5.609558599792737,5.5318063231063785,5.589745671394648,423133200
2009-10-06,5.7041215896606445,5.7041215896606445,5.622768020966202,5.635976372378006,605085600
2009-10-07,5.7113261222839355,5.7203319608208165,5.674701149744677,5.696616332159606,465668000
2009-10-08,5.6819071769714355,5.747350920304201,5.6704988717099765,5.72363528899284,438211200
2009-10-09,5.717930316925049,5.72483469963799,5.662393844807029,5.672900723271966,293272000
2009-10-12,5.728139877319336,5.749154044192396,5.6930163300982715,5.734444247624823,288024800
2009-10-13,5.704423427581787,5.738946152865163,5.694816769433922,5.722735318052479,348020400
2009-10-14,5.742548942565918,5.773468769650946,5.71072768967279,5.771367714032423,375510800
2009-10-15,5.720633029937744,5.731440117971158,5.689712805954888,5.692714485377884,373556400
2009-10-16,5.645282745361328,5.7146291995429666,5.63897837650416,5.684308989044001,431426800
2009-10-19,5.699619293212891,5.7038222058543155,5.570233232772477,5.639279480062921,942230800
2009-10-20,5.966795921325684,6.056556491890439,5.939477800484672,6.022033781321047,1141039200
2009-10-21,6.151721477508545,6.265498309652709,5.980907127316164,5.989612758826,1193726800
2009-10-22,6.160126686096191,6.239680203012479,6.07937313880094,6.145116686877133,791392000
2009-10-23,6.1223015785217285,6.178139467738742,6.100987611060971,6.175137788397794,420786800
2009-10-26,6.078472137451172,6.206657730810093,6.007024245698206,6.114196083327655,484338400
2009-10-27,5.925069808959961,6.088378540634232,5.89745027407564,6.053855825478645,756551600
2009-10-28,5.775871276855469,5.9445842004886496,5.736844629397378,5.935277349704757,818386800
2009-10-29,5.8944501876831055,5.90826015926236,5.76806580084978,5.853923301996801,570270400
2009-10-30,5.658790111541748,5.907956685370962,5.648883249688572,5.8857420998083745,717525200
2009-11-02,5.683108329772949,5.790279797922571,5.57083332477417,5.697818123408709,678983200
2009-11-03,5.66629695892334,5.689412176652842,5.581340086658586,5.639279437439535,522541600
2009-11-04,5.728139877319336,5.819400737822628,5.710728608575592,5.72573861325295,487530400
2009-11-05,5.824803352355957,5.853922729721266,5.75845857998159,5.775870645768761,384801200
2009-11-06,5.834108829498291,5.859625709749477,5.775870477278359,5.779172364709195,295097600
2009-11-09,6.047852039337158,6.061060389607499,5.891747487897585,5.912160429298269,528855600
2009-11-10,6.09348201751709,6.153521604740277,6.034342252539745,6.034642460496154,401195200
2009-11-11,6.101590156555176,6.154125371676272,6.058961007121015,6.1409162152620045,443870000
2009-11-12,6.0637640953063965,6.1502216084567065,6.046952845391868,6.0982868184696954,363731200
2009-11-13,6.137612342834473,6.149019846147152,6.066164441302144,6.090180279940601,343240800
2009-11-16,6.203057289123535,6.24418459112506,6.154424785582408,6.1685337628531975,485206400
2009-11-17,6.214163780212402,6.227372131584464,6.1541237789339736,6.18654544375421,396513600
2009-11-18,6.182942867279053,6.214164102439493,6.124103695040109,6.20035533430614,374320800
2009-11-19,6.019333362579346,6.142416258864948,5.998019392539294,6.142416258864948,542326400
2009-11-20,6.001623153686523,6.01573293508468,5.9367798041255835,5.97850793046654,406666400
2009-11-23,6.180542945861816,6.184145443102418,6.092583574818021,6.094085016146826,474896800
2009-11-24,6.137310028076172,6.180538763273314,6.0910792138768075,6.164027328761096,318438400
2009-11-25,6.129807472229004,6.173637042926687,6.116898927768092,6.166131441374957,286454000
2009-11-27,6.021734237670898,6.0928811222324475,5.955089270258507,5.980606146279406,295257200
2009-11-30,6.001322269439697,6.054457492986142,5.9670993521114415,6.037346034322013,424858000
2009-12-01,5.913062572479248,6.087179224091786,5.908859660002995,6.071268198288828,465763200
2009-12-02,5.890847682952881,6.046652058658389,5.876438096896551,5.972802479206391,715260000
2009-12-03,5.8983540534973145,5.973404880875188,5.89205008380488,5.926572815083411,448719600
2009-12-04,5.8034892082214355,6.000420473524857,5.712227566559365,5.995017530384102,826884800
2009-12-07,5.672299861907959,5.816997311351414,5.664194646768682,5.803488352244788,714758800
2009-12-08,5.6999192237854,5.774369613088083,5.664796086570158,5.684609015005898,690398800
2009-12-09,5.937981128692627,5.94878822018164,5.7131300569524575,5.742249843729144,684782000
2009-12-10,5.896850109100342,5.995016111696858,5.887544062797963,5.989011952268413,489669600
2009-12-11,5.844015598297119,5.9439828639418515,5.806790605796802,5.937377886753266,429774800
2009-12-14,5.913361549377441,5.926870508199602,5.780672823467282,5.865029265122487,495790400
2009-12-15,5.829006195068359,5.929273678996331,5.801988272384101,5.878839929390386,419459600
2009-12-16,5.854823112487793,5.898952892595865,5.840413527428026,5.856924568760729,352984800
2009-12-17,5.7596588134765625,5.853922121295759,5.73384172713349,5.831707130136273,388838800
2009-12-18,5.8668293952941895,5.868930850836859,5.781872153030021,5.798984406117714,608770400
2009-12-21,5.950888633728027,5.996519461337201,5.874036966688492,5.885445274808584,611906400
2009-12-22,6.014829635620117,6.029539426874061,5.96379547782745,5.987211301120274,349515600
2009-12-23,6.0670671463012695,6.075472973831454,6.028341500472958,6.040048815766166,345525600
2009-12-24,6.2754058837890625,6.284712735186105,6.104591492457058,6.110595654124918,500889200
2009-12-28,6.352557182312012,6.4228038634009925,6.29251677350979,6.355859871741909,644565600
2009-12-29,6.277207374572754,6.385880700896211,6.266100075870361,6.383178828041388,445205600
2009-12-30,6.353457450866699,6.364265341778195,6.253490973127556,6.269100990536756,412084400
2009-12-31,6.326138496398926,6.404791795014638,6.321035360882961,6.398187218590505,352410800
2010-01-04,6.42460298538208,6.439312773537281,6.375670293906889,6.407191325783986,493729600
2010-01-05,6.435712814331055,6.472037185269431,6.4017897068824965,6.442317391160505,601904800
2010-01-06,6.33334493637085,6.461230768036579,6.326740358855194,6.435713482992475,552160000
2010-01-07,6.321636199951172,6.364265343432451,6.275705569451124,6.356760141972397,477131200
2010-01-08,6.3636627197265625,6.364263536484609,6.276004797243845,6.313228982669677,447610800
2010-01-11,6.307525157928467,6.3942828480207465,6.257691441338166,6.388278689199827,462229600
2010-01-12,6.235778331756592,6.297320178477966,6.196752488900064,6.279907711305143,594459600
2010-01-13,6.323736667633057,6.332142491954052,6.127105630676993,6.2402816461283805,605892000
2010-01-14,6.287113666534424,6.318034696676718,6.274805536578112,6.3075278151255025,432894000
2010-01-15,6.182040691375732,6.352254987963611,6.1802394437154895,6.332141055757567,594067600
2010-01-19,6.455526828765869,6.460029950088654,6.221370532159046,6.254092011335684,730007600
2010-01-20,6.3561577796936035,6.470834009165088,6.2892126098245145,6.45162110133343,612152800
2010-01-21,6.2462849617004395,6.4035907622237715,6.220467872859289,6.366666377134003,608154400
2010-01-22,5.936477184295654,6.22917316356756,5.918765714338398,6.207558989702684,881767600
2010-01-25,6.096185684204102,6.145117995477656,6.009727765674213,6.079374433401396,1065699600
2010-01-26,6.182342052459717,6.415598457416765,6.081474569542195,6.182642260459086,1867110000
2010-01-27,6.240582466125488,6.321636237504604,5.9899139464243545,6.209661436738208,1722568400
2010-01-28,5.982708930969238,6.169134115050728,5.964997458293693,6.1520230584531195,1173502400
2010-01-29,5.765665054321289,6.070069261988136,5.711328589216638,6.036446755520669,1245952400
2010-02-01,5.845816612243652,5.883942227268218,5.74284767136387,5.774969126286376,749876400
2010-02-02,5.879738807678223,5.893548374720965,5.805289232897693,5.881240248385894,698342400
2010-02-03,5.980907917022705,6.010027697131553,5.836511051116827,5.859026254109648,615328000
2010-02-04,5.765365123748779,5.955091834178497,5.750955134874931,5.9058585071499525,757652000
2010-02-05,5.867731094360352,5.883942326910442,5.729338408158305,5.782774632348042,850306800
2010-02-08,5.827505588531494,5.940381418058595,5.823903091688999,5.874637453930443,478270800
2010-02-09,5.889647483825684,5.928973538768982,5.846418323139816,5.896551868660504,632886800
2010-02-10,5.85752534866333,5.90195574038187,5.831708257330147,5.880640567477774,370361600
2010-02-11,5.964097023010254,5.996519093612496,5.825704309857831,5.850320970675201,550345600
2010-02-12,6.015432834625244,6.053258256150037,5.868934478449705,5.947286793769425,655468800
2010-02-16,6.106090545654297,6.114796175856147,6.049652650484299,6.06226098424395,543737600
2010-02-17,6.080574989318848,6.133409999547613,6.029840232872504,6.129807503174255,436396800
2010-02-18,6.091982841491699,6.120802415208275,6.0316422222583475,6.052956193462975,422825200
2010-02-19,6.054157733917236,6.100088769030145,6.037346482067324,6.05986208831077,415469600
2010-02-22,6.016632080078125,6.079074154338788,5.979707691005793,6.074271226173992,390563600
2010-02-23,5.915762901306152,6.043948901389362,5.875236026977121,6.004022042200676,575094800
2010-02-24,6.023836135864258,6.047251557798771,5.939178683897498,5.950886795676495,460566400
2010-02-25,6.064064025878906,6.08988111696725,5.910661317187328,5.925371111060244,665126000
2010-02-26,6.142716884613037,6.159227927762016,6.064064373804336,6.0754718797290606,507460800
2010-03-01,6.2739057540893555,6.289215564984891,6.1676340947796415,6.176639936626168,550093600
2010-03-02,6.269703388214111,6.329142991701313,6.236380688280741,6.30212466217921,566546400
2010-03-03,6.284109115600586,6.300320345907853,6.242381811204635,6.2724018064465294,372052800
2010-03-04,6.3255391120910645,6.331843481524197,6.2630970363317555,6.28261096157948,366041200
2010-03-05,6.57290506362915,6.595420266955474,6.4432179894761905,6.452524439186623,899620400
2010-03-08,6.576807975769043,6.6071277878625185,6.551891107215477,6.604726524157207,429889600
2010-03-09,6.6950860023498535,6.754525585734661,6.541082898836807,6.553691234583317,920259200
2010-03-10,6.749723434448242,6.76893675064911,6.7004909149308665,6.719403622254259,596218000
2010-03-11,6.769535064697266,6.769535064697266,6.704091723019218,6.721803995489282,405700400
2010-03-12,6.802558898925781,6.836481206144874,6.777041615484182,6.825673716343427,416323600
2010-03-15,6.719702243804932,6.7695347668763395,6.611929577744894,6.7659330725627065,493502800
2010-03-16,6.738014221191406,6.75392484431759,6.679775472665593,6.729909006034774,446908000
2010-03-17,6.728108882904053,6.798055354266688,6.702592000360965,6.751524309104,450956800
2010-03-18,6.744019031524658,6.754525911685149,6.682777796293037,6.72750718918501,342109600
2010-03-19,6.671969890594482,6.761730075843335,6.641349076324719,6.748221117060292,559445600
2010-03-22,6.747020244598389,6.784545842435799,6.608927776063413,6.6185344317175945,456419600
2010-03-23,6.855395317077637,6.86800405776271,6.727509066428988,6.773740313983797,602431200
2010-03-24,6.885714530944824,6.91063139830884,6.829876635210568,6.833779740676431,597780400
2010-03-25,6.804057598114014,6.933745033878708,6.792049279536708,6.932243593244842,542284400
2010-03-26,6.931644916534424,6.963165554628323,6.8610972377853665,6.873105557986953,640875200
2010-03-29,6.976375579833984,7.02080557362131,6.9532607603327214,6.994688673349031,540744400
2010-03-30,7.080246448516846,7.129179973111215,7.032213949128383,7.102761657554443,527310000
2010-03-31,7.0547261238098145,7.103059211352657,7.038515693314387,7.069436716729487,430659600
2010-04-01,7.083847522735596,7.166702545462233,6.987182928742675,7.127076683336795,603145200
2010-04-05,7.15949821472168,7.1600986308520636,7.047823219341294,7.0541279895221605,684507600
2010-04-06,7.1910200119018555,7.2120337758677495,7.1147687628669996,7.150792930825467,447017200
2010-04-07,7.222841262817383,7.262467927712534,7.164601696981553,7.191319815261961,628502000
2010-04-08,7.203327655792236,7.251059534828856,7.145989118849282,7.218037449899484,572989200
2010-04-09,7.258563995361328,7.261566877439996,7.218637527744609,7.247757307346772,334182800
2010-04-12,7.273576259613037,7.296991691532958,7.259166269739963,7.270873985699923,333026400
2010-04-13,7.277778148651123,7.288886249649753,7.238151479338481,7.2606674886369955,306210800
2010-04-14,7.375643253326416,7.379245750128945,7.327011149739634,7.363335123396282,404076400
2010-04-15,7.472606658935547,7.475908546065798,7.370237736792443,7.378342951838323,376784800
2010-04-16,7.426977634429932,7.539253046633068,7.341420339381804,7.462100775838474,750545600
2010-04-19,7.417071342468262,7.44168760291775,7.2579642697095395,7.4158705101720095,566924400
2010-04-20,7.342620372772217,7.482514110299202,7.29368766560357,7.461199740669977,738326400
2010-04-21,7.7818145751953125,7.812735601401879,7.677043977027009,7.769205837964527,982391200
2010-04-22,7.999463081359863,8.007868909222946,7.691156137470361,7.752397795991813,793424800
2010-04-23,8.130349159240723,8.170876048134094,8.015372268783086,8.045091666655404,796955600
2010-04-26,8.090420722961426,8.179279889363826,8.051093874324673,8.161868626346026,479068800
2010-04-27,7.866473197937012,8.040589899126108,7.820843167021122,8.023478437126695,709343600
2010-04-28,7.853265285491943,7.925312833365651,7.697460869987625,7.90279842556854,758402400
2010-04-29,8.064599990844727,8.105426658649897,7.8655665783960735,7.895886371374572,558840800
2010-04-30,7.837950706481934,8.122540646726259,7.835249235570334,8.084715244223368,542463600
2010-05-03,7.995858669281006,8.041790102580844,7.891688474407178,7.920508448751758,454342000
2010-05-04,7.765604496002197,7.903997612401731,7.707666341792637,7.891990091068162,723819600
2010-05-05,7.684847354888916,7.749390861696877,7.466901192952716,7.595988206568637,883103200
2010-05-06,7.392453670501709,7.7526944727324425,5.9815076559469755,7.620005735826906,1285860800
2010-05-07,7.080546855926514,7.402062978024091,6.760832784393474,7.316205850059568,1676018400
2010-05-10,7.6248064041137695,7.644620128389599,7.46089687503955,7.51253183971079,984306400
2010-05-11,7.700758457183838,7.801925726438935,7.520037286926823,7.5602635473048645,848906800
2010-05-12,7.867969036102295,7.899189856671967,7.766201361750972,7.782410985412341,654379600
2010-05-13,7.755995750427246,7.955329027531092,7.697155791476142,7.901892811898054,599712400
2010-05-14,7.619703769683838,7.699557484665453,7.49001713604708,7.65993083513791,759362800
2010-05-17,7.631714344024658,7.690554320593279,7.4362833111018025,7.646124330520721,762834800
2010-05-18,7.575877666473389,7.761702051957458,7.512834773707722,7.7145705876352295,782678400
2010-05-19,7.455197334289551,7.592689439895214,7.3504275113195625,7.490020672848502,1025726800
2010-05-20,7.1375837326049805,7.320406022677415,7.091051886544276,7.261265438754481,1282915200
2010-05-21,7.27447509765625,7.339918845405901,6.9451537002479515,6.989283078530614,1223891200
2010-05-24,7.407764911651611,7.532048656494129,7.392755308720552,7.423375732388602,754238800
2010-05-25,7.3615336418151855,7.407764079402579,7.11957155894201,7.185315119446508,1048006400
2010-05-26,7.328208923339844,7.56897090908022,7.317401436260898,7.507429476760258,850654000
2010-05-27,7.605594635009766,7.621805865535033,7.478309661082847,7.523039446578539,666282400
2010-05-28,7.711568355560303,7.787219184095018,7.605596913512075,7.7869193768442235,815614800
2010-06-01,7.830148696899414,7.983551428447793,7.774010984724601,7.795925775177764,876472800
2010-06-02,7.923811435699463,7.949327919839273,7.815137714943544,7.941522509827984,688548000
2010-06-03,7.898894309997559,7.971842866371017,7.817539126106945,7.960734767057087,650106800
2010-06-04,7.683947563171387,7.8622662857213905,7.644021106019579,7.751492351647128,758304400
2010-06-07,7.5332465171813965,7.779711250568982,7.521538005435496,7.753894166542661,886942000
2010-06-08,7.4849138259887695,7.619103976739918,7.374439702967778,7.602292331191267,1000770400
2010-06-09,7.300890922546387,7.562067069294527,7.279577357268142,7.549157724656313,854630000
2010-06-10,7.520338535308838,7.534447108640114,7.270870901989907,7.350124209431382,776356000
2010-06-11,7.610401153564453,7.620908035095645,7.426077408579387,7.4518945007128705,545759200
2010-06-14,7.63351583480835,7.7797135534704625,7.625410617958677,7.6839499875229285,602960400
2010-06-15,7.795926570892334,7.800729900974939,7.670142170037577,7.674345083859856,585074000
2010-06-16,8.022876739501953,8.03788633995598,7.824143024112093,7.838252401253267,783678000
2010-06-17,8.16157054901123,8.192491579892163,8.09042243774591,8.123444524337804,872855200
2010-06-18,8.227612495422363,8.255532242343993,8.148059373469323,8.172976238540528,784621600
2010-06-21,8.110532760620117,8.375910180383064,8.067303616637165,8.336283531867306,776490400
2010-06-22,8.221007347106934,8.284649834036955,8.15046047762038,8.170273402184094,717262000
2010-06-23,8.134549140930176,8.24532387991627,8.042387296439394,8.242922216110424,768457200
2010-06-24,8.075409889221191,8.201494028091654,8.048391172357459,8.135449077381493,714277200
2010-06-25,8.006365776062012,8.113538054612302,7.97964765824011,8.107234085858883,549942400
2010-06-28,8.054397583007812,8.097927349310577,7.940921345331728,8.013269481097577,584948000
2010-06-29,7.690254211425781,7.9370196348396975,7.634116504489281,7.928913616097131,1133344800
2010-06-30,7.55095911026001,7.7442882534439095,7.505329097288711,7.70646284688645,739452000
2010-07-01,7.4593987464904785,7.649126222562139,7.301493323146844,7.634115820331938,1022896000
2010-07-02,7.413168430328369,7.532948636372917,7.300892223084419,7.519738680573851,693842800
2010-07-06,7.46390438079834,7.589087563527874,7.389754175226677,7.535051703450311,615235600
2010-07-07,7.7653021812438965,7.768305062947238,7.497523852735401,7.519737642079049,654556000
2010-07-08,7.747891426086426,7.892288681705228,7.651827262108041,7.879679944543784,738144400
2010-07-09,7.793824195861816,7.802229220460165,7.65993379733871,7.7118685926323,433322400
2010-07-12,7.723877906799316,7.860769602055847,7.650929338214806,7.761102911792216,562878400
2010-07-13,7.559064865112305,7.697157349137071,7.397856764138528,7.694756486577691,1190924000
2010-07-14,7.586981773376465,7.679143617330673,7.4750070047628085,7.486415709397591,812047600
2010-07-15,7.548558235168457,7.714269061162609,7.4239747072341356,7.451893653473834,824866000
2010-07-16,7.5020246505737305,7.654226464331931,7.457294871276149,7.600490447101621,1039858400
2010-07-19,7.372340202331543,7.501427259888971,7.192820596882327,7.501427259888971,1024478000
2010-07-20,7.561767578125,7.592088192601379,7.205129206258773,7.291887335053968,1074950800
2010-07-21,7.632314682006836,7.959834047963345,7.625110490456182,7.958032799669774,1185671200
2010-07-22,7.775812149047852,7.805231740858314,7.664436949391987,7.735585065771758,645318800
2010-07-23,7.803423881530762,7.816633026576271,7.693550216248706,7.717866650634583,533388800
2010-07-26,7.78361701965332,7.8082332802160375,7.736485554244147,7.805231199461597,420551600
2010-07-27,7.927712440490723,7.94932661689404,7.814236210720269,7.831347667513104,584771600
2010-07-28,7.834051609039307,7.985053489127931,7.812738034755736,7.915406807884315,519985200
2010-07-29,7.7484917640686035,7.884783000755719,7.688151955177171,7.826544247224904,643806800
2010-07-30,7.7226786613464355,7.796227661281097,7.652130941583496,7.681851952172896,448210000
2010-08-02,7.860771179199219,7.882985782755303,7.79382675954087,7.818443028521826,428055600
2010-08-03,7.863169193267822,7.903095659980014,7.787818979612194,7.835550855330682,417653600
2010-08-04,7.894690036773682,7.9337154755932655,7.814536500587923,7.890487124551118,420375200
2010-08-05,7.856265544891357,7.9006955371565635,7.821742018019267,7.85716576827997,289097200
2010-08-06,7.8079328536987305,7.849961179303903,7.734082474620317,7.798626003286247,444897600
2010-08-09,7.857764720916748,7.869773041352887,7.792320977786844,7.849658703810591,303128000
2010-08-10,7.787518501281738,7.818740137830204,7.731680606770597,7.80072765520609,451920000
2010-08-11,7.510732650756836,7.675843858486021,7.499325547397691,7.6671382265478405,620054400
2010-08-12,7.558765411376953,7.598091461776274,7.388551061757304,7.4056625190491605,534920400
2010-08-13,7.478011608123779,7.561467039238449,7.47771099926886,7.55456265505865,354869200
2010-08-16,7.434182643890381,7.505330753495815,7.40356142098668,7.432381395484281,318430000
2010-08-17,7.564168930053711,7.644022662237861,7.4810125087504655,7.507430815208939,422640400
2010-08-18,7.597189903259277,7.645222384167079,7.5524601113372745,7.575876336571304,339696000
2010-08-19,7.501428604125977,7.6095011173986,7.465404433035102,7.59028779861745,426706000
2010-08-20,7.494223594665527,7.6227094572635865,7.475010275922623,7.48671879284347,384230000
2010-08-23,7.378945350646973,7.565070349274345,7.362435108935711,7.558766380502867,414041600
2010-08-24,7.202727794647217,7.294888870354384,7.1643019616848,7.2849832060607245,602565600
2010-08-25,7.291586399078369,7.324609285534672,7.1207724226117755,7.145989097918388,596867600
2010-08-26,7.213233947753906,7.377444145091125,7.213233947753906,7.368437903520178,466505200
2010-08-27,7.25346040725708,7.283180601097653,7.071538351139285,7.257363512417155,548391200
2010-08-30,7.279877662658691,7.377443263965425,7.225240605277504,7.22764226940958,383289200
2010-08-31,7.2978925704956055,7.341722153857571,7.215337342561374,7.260366956764894,420786800
2010-09-01,7.514934062957764,7.548856360672982,7.393352642437183,7.429076187947993,697037600
2010-09-02,7.5701751708984375,7.570175170898437,7.462102644569354,7.5428566307679725,415427600
2010-09-03,7.7683024406433105,7.768602247738329,7.640116470188253,7.6578283358685475,520788800
2010-09-07,7.739487648010254,7.791121833826048,7.692655989785941,7.704363703936093,342557600
2010-09-08,7.892887592315674,7.937016961528385,7.778209750872208,7.798623892858964,526551200
2010-09-09,7.8973917961120605,8.000960759691296,7.892889076521161,7.956531574965288,438575200
2010-09-10,7.907601356506348,7.940323640914129,7.847260726564483,7.900996777838153,387542400
2010-09-13,8.01657485961914,8.053799868566879,7.978149819696214,7.979950266970945,388780000
2010-09-14,8.047194480895996,8.080516379737428,7.970943221761664,7.9916571812031245,408150400
2010-09-15,8.112032890319824,8.116837018931196,8.040585004619333,8.050492267343838,429368800
2010-09-16,8.302659034729004,8.305661113559042,8.090417271996037,8.112632655338317,652103200
2010-09-17,8.266641616821289,8.344393510187068,8.215907650666754,8.336287490724686,634477200
2010-09-20,8.502592086791992,8.519103116846583,8.281043515090413,8.287947894459263,658677600
2010-09-21,8.518808364868164,8.626280438432607,8.489388778540219,8.521510638042864,668074400
2010-09-22,8.638288497924805,8.6451928818309,8.477980615751694,8.486986856688066,585289600
2010-09-23,8.67341136932373,8.788688844905604,8.585753031766947,8.595659495681558,786116800
2010-09-24,8.775483131408691,8.811807915497516,8.72234829474577,8.768879353959697,649488000
2010-09-27,8.740654945373535,8.847826386167334,8.736152226585425,8.825311990603359,482834800
2010-09-28,8.611568450927734,8.758966953860513,8.255530623688678,8.758966953860513,1035042400
2010-09-29,8.626877784729004,8.700126917255412,8.585750500275019,8.622674873660058,469644000
2010-09-30,8.518209457397461,8.705835089241228,8.44315904433522,8.675815084341066,673391600
2010-10-01,8.481284141540527,8.603165407741388,8.446160199235672,8.590256861937684,448142800
2010-10-04,8.364808082580566,8.492692730728187,8.338689575911397,8.453667279246538,435302000
2010-10-05,8.674015045166016,8.689324456191898,8.460270881037294,8.465675428588687,501967200
2010-10-06,8.6815185546875,8.765575216673684,8.56353958095334,8.693526878292309,670868800
2010-10-07,8.682417869567871,8.720243279848695,8.613071818468747,8.716040367414873,408399600
2010-10-08,8.828014373779297,8.840922917154293,8.705833323317476,8.757166888001361,658403200
2010-10-11,8.866741180419922,8.923179491101624,8.843926972309685,8.848129884928166,427753200
2010-10-12,8.962203979492188,8.991023946087264,8.780581755651706,8.868240884131476,558544000
2010-10-13,9.010238647460938,9.064874910841958,9.000031573475425,9.012039895811322,630092400
2010-10-14,9.075379371643066,9.080181897248718,9.018040053658309,9.056766478630609,435296400
2010-10-15,9.448531150817871,9.456336559641626,9.153433469474109,9.229384097430906,922194000
2010-10-18,9.54640007019043,9.576419278615347,9.435024862944843,9.560509450864616,1093010800
2010-10-19,9.290924072265625,9.419409883013376,9.006633925018807,9.108101818811178,1232784000
2010-10-20,9.322147369384766,9.433822364210355,9.212274424565047,9.276216738074089,721624400
2010-10-21,9.291829109191895,9.448533736496078,9.210174105475689,9.37708580865035,551460000
2010-10-22,9.230284690856934,9.307436147333926,9.19516155522729,9.278316370433721,372778000
2010-10-25,9.271410942077637,9.35426594074156,9.259402622724842,9.278916542484861,392462000
2010-10-26,9.247694969177246,9.298428911922585,9.175645860485242,9.212271231562234,392929600
2010-10-27,9.241094589233398,9.303235661032058,9.174149386276065,9.235690843506612,399002800
2010-10-28,9.163339614868164,9.246194616610637,9.033052551543227,9.244693175824022,551051200
2010-10-29,9.03545093536377,9.182549606056615,9.03214824751327,9.133016502908504,430511200
2010-11-01,9.131518363952637,9.17414710133406,9.072078779009704,9.072679195052029,423889200
2010-11-02,9.28702449798584,9.311941369335267,9.216177791651475,9.216177791651475,433930000
2010-11-03,9.390294075012207,9.392695739695116,9.262108028245027,9.347364719617088,508348400
2010-11-04,9.554502487182617,9.611841018229986,9.457236689129218,9.469845426334844,642488000
2010-11-05,9.520277976989746,9.593527126630585,9.508870874474981,9.546095865302679,361253200
2010-11-08,9.565008163452148,9.59953087997262,9.509170278764692,9.522379430365127,281758400
2010-11-09,9.488755226135254,9.645460562646303,9.441323975369096,9.63795496341489,383544000
2010-11-10,9.5472993850708,9.569513981970408,9.41280856644934,9.505570861629364,384227200
2010-11-11,9.505867004394531,9.558402188272924,9.433817904788114,9.456333098110752,361284000
2010-11-12,9.247096061706543,9.501366254873277,9.115008534581033,9.486356654764656,795846800
2010-11-15,9.21737289428711,9.322443258516522,9.194257285896917,9.260001616126951,403606000
2010-11-16,9.053765296936035,9.234185884939164,8.985619287551597,9.177748387648235,657650000
2010-11-17,9.02104663848877,9.125816451004392,8.938791229167663,9.042060402119798,479449600
2010-11-18,9.259103775024414,9.296328767252053,9.14682918393518,9.162138590261245,494491200
2010-11-19,9.208067893981934,9.25820141848782,9.163338112499618,9.245292877632075,384843200
2010-11-22,9.407105445861816,9.407105445861816,9.18225480721753,9.206570458967647,393075200
2010-11-23,9.268111228942871,9.358773267539792,9.202968079598584,9.319746217113693,519447600
2010-11-24,9.450331687927246,9.468344168472886,9.358771050835912,9.366275048627978,413725200
2010-11-26,9.45633602142334,9.537390582117224,9.39449477366361,9.418510613207763,237585600
2010-11-29,9.512473106384277,9.530784591662522,9.347662524268712,9.471345011839533,445785200
2010-11-30,9.34075927734375,9.43712405149849,9.332353452452836,9.412506992889384,501858000
2010-12-01,9.498364448547363,9.538891328537813,9.456336127655296,9.464441343328678,461750800
2010-12-02,9.550897598266602,9.57641407187913,9.453031408672006,9.532284705149536,462837200
2010-12-03,9.529584884643555,9.565908850872441,9.496562805663292,9.51667634121929,342092800
2010-12-06,9.610941886901855,9.676385641347869,9.559006292846952,9.565610870228848,448481600
2010-12-07,9.552701950073242,9.726217393839272,9.550000478425595,9.720514643304742,391454000
2010-12-08,9.63675594329834,9.637056552103306,9.519678032433886,9.595328041856549,321935600
2010-12-09,9.599231719970703,9.681486310157661,9.577016327144944,9.670379816180073,294151200
2010-12-10,9.623250007629395,9.637959803106948,9.56441002409545,9.595931472475197,262511200
2010-12-13,9.656569480895996,9.758338794610884,9.63645674651105,9.73762484257792,439815600
2010-12-14,9.615144729614258,9.682690346450222,9.576418287377097,9.658373892324326,351008000
2010-12-15,9.617244720458984,9.696497234818008,9.582120782066683,9.606436429849541,417312000
2010-12-16,9.643961906433105,9.684789396000408,9.60943918617029,9.63915857805771,322030800
2010-12-17,9.624749183654785,9.660172928023552,9.613341279013193,9.655369599753408,386929200
2010-12-20,9.672780990600586,9.704002624768034,9.55330140480014,9.65446870214107,385610400
2010-12-21,9.732522964477539,9.73822651710497,9.6679802322502,9.69649879701105,256354000
2010-12-22,9.761338233947754,9.778149879465799,9.713005955518444,9.737322399116783,265921600
2010-12-23,9.714509010314941,9.761040048741982,9.701600466887477,9.756537329470289,223157200
2010-12-27,9.746933937072754,9.769749755011944,9.652070572618195,9.691997853199851,249816000
2010-12-28,9.770646095275879,9.806369643273653,9.758337968627512,9.78385444507301,175924000
2010-12-29,9.765243530273438,9.800066859325964,9.759539177023333,9.793161673983581,163139200
2010-12-30,9.716310501098633,9.771846979456571,9.697998213113518,9.770946756229145,157494400
2010-12-31,9.683289527893066,9.710907866627615,9.645763922783448,9.69499724092874,193508000
2011-01-03,9.893730163574219,9.914444118041562,9.751735364401682,9.775751206579976,445138400
2011-01-04,9.94536304473877,9.981687008378735,9.851099340980749,9.979885760474183,309080800
2011-01-05,10.026716232299805,10.036923303381828,9.891625850943198,9.893127291619914,255519600
2011-01-06,10.018614768981934,10.064244791064837,9.993697900698969,10.048334164623364,300428800
2011-01-07,10.090361595153809,10.097265979140396,9.963676209376015,10.026418486195487,311931200
2011-01-10,10.280391693115234,10.303807124624345,10.121885815411437,10.171718759600546,448560000
2011-01-11,10.256073951721191,10.355739819824842,10.190930006000583,10.35333895700034,444108000
2011-01-12,10.339527130126953,10.339827738952502,10.266879195662218,10.30440479657325,302590400
2011-01-13,10.377354621887207,10.406174596997019,10.322418548393367,10.361744603659755,296780400
2011-01-14,10.461408615112305,10.461408615112305,10.340127790573883,10.383656747791358,308840000
2011-01-18,10.226353645324707,10.349736359014297,9.78655883379426,9.8922296717921,1880998000
2011-01-19,10.172015190124512,10.465010977433604,10.113176026592372,10.457505376777592,1135612800
2011-01-20,9.987092018127441,10.155804918457196,9.910240367704501,10.099667220750733,764789200
2011-01-21,9.808170318603516,10.053134410193158,9.805468046068055,10.01981172641192,754401200
2011-01-24,10.130285263061523,10.130285263061523,9.808168970083022,9.812672489815132,574683200
2011-01-25,10.248868942260742,10.250070576200562,10.043832034838896,10.096667855124071,546868000
2011-01-26,10.322415351867676,10.37495054612424,10.251868480368824,10.29569724236189,506875600
2011-01-27,10.303206443786621,10.347636442350908,10.291799337254014,10.320317905209324,285026000
2011-01-28,10.089763641357422,10.338931581029364,10.012612957161782,10.332027194809307,592057200
2011-01-31,10.186427116394043,10.20804209776856,10.03572667104021,10.080756278989725,377246800
2011-02-01,10.357839584350586,10.376451678439752,10.236258151909821,10.245864807761512,426633200
2011-02-02,10.336529731750488,10.364447885076896,10.313414106823842,10.34043283820658,258955200
2011-02-03,10.310108184814453,10.334124827404185,10.163310064290847,10.320915673979833,393797600
2011-02-04,10.401968002319336,10.407972161675453,10.312207824003917,10.316110126773687,321840400
2011-02-07,10.56347942352295,10.604605921725348,10.436193617015311,10.4436984173461,485021600
2011-02-08,10.663148880004883,10.672755540703344,10.571588200906294,10.617518844934974,381040800
2011-02-09,10.752001762390137,10.777219230010864,10.653236153224046,10.662842005932394,482745200
2011-02-10,10.643333435058594,10.80724383809305,10.44700136143326,10.728891534300404,928550000
2011-02-11,10.71268081665039,10.741199382820827,10.613313942724462,10.649638720873977,367572800
2011-02-14,10.78262710571289,10.791632546646508,10.708477712716755,10.710879377398713,310416400
2011-02-15,10.804239273071289,10.806341130088226,10.733692390243101,10.782924903802286,284174800
2011-02-16,10.901206970214844,10.95434179565919,10.822253448585725,10.831258889250769,481157600
2011-02-17,10.756209373474121,10.815349162609161,10.702773137028961,10.724688727610632,530583200
2011-02-18,10.52385425567627,10.792233873610064,10.492632614494994,10.768517835447692,816057200
2011-02-22,10.165114402770996,10.368951309789878,10.13839708220299,10.271385673667226,872555600
2011-02-23,10.285493850708008,10.34613347498712,10.165112420662233,10.169916551327498,671854400
2011-02-24,10.293296813964844,10.361442831417596,10.157906605546039,10.327520527917443,499900800
2011-02-25,10.45180606842041,10.459911286108996,10.350938554174814,10.36474732481111,380018800
2011-02-28,10.60340404510498,10.658640712650529,10.540661776911753,10.544264272833002,403074000
2011-03-01,10.486327171325684,10.678756119932675,10.43739446225017,10.671251319592502,456136800
2011-03-02,10.570683479309082,10.637628670206325,10.459008492611531,10.505840145516597,602590800
2011-03-03,10.794036865234375,10.80094125156795,10.684763508324902,10.722889540881638,500788400
2011-03-04,10.807242393493652,10.81594802572389,10.73969678784429,10.809343448933381,453266800
2011-03-07,10.667948722839355,10.857375578395068,10.546367277940922,10.84926956087789,546123200
2011-03-08,10.679952621459961,10.729185919429556,10.57458164407244,10.654435348702123,356316800
2011-03-09,10.581192970275879,10.649939426383545,10.52505605666024,10.647837568760272,453306000
2011-03-10,10.407073974609375,10.500136866757396,10.35393835225461,10.480622942717536,507539200
2011-03-11,10.566781997680664,10.576689265395919,10.356942556359611,10.3668482208274,471080400
2011-03-14,10.613914489746094,10.70157365003148,10.546369672590059,10.602506582163047,435957200
2011-03-15,10.36984920501709,10.442197336917179,10.209841930720838,10.26988193407869,721081200
2011-03-16,9.906936645507812,10.296898408564537,9.794361454624383,10.266878411103853,1162011200
2011-03-17,10.04593276977539,10.195132561075452,9.926452372542974,10.11167632767769,659422400
2011-03-18,9.926751136779785,10.152802560725858,9.906637600657374,10.120680704045729,753214000
2011-03-21,10.18582534790039,10.199033699807483,10.06454370671671,10.086459294068048,409402000
2011-03-22,10.242859840393066,10.285489367054138,10.181018609187735,10.28368811944874,325922800
2011-03-23,10.18252182006836,10.21344204023535,10.085256035712298,10.18522329113449,372996400
2011-03-24,10.356038093566895,10.386959115552797,10.172615421628434,10.26237560607941,404712000
2011-03-25,10.55327320098877,10.568883219000556,10.417581558259196,10.449103004788206,448910000
2011-03-28,10.520247459411621,10.636726555692514,10.520247459411621,10.601602621852816,309355200
2011-03-29,10.535860061645508,10.535860061645508,10.38876213046356,10.436793813518383,352900800
2011-03-30,10.465911865234375,10.533458267310586,10.430188314142255,10.526252473379001,329406000
2011-03-31,10.462310791015625,10.501036424532147,10.388761827569043,10.39776726686451,274019200
2011-04-01,10.343730926513672,10.554772769313349,10.305905515167266,10.540363585043615,418661600
2011-04-04,10.24256420135498,10.344933144527864,10.158808157678825,10.336227511704124,460084800
2011-04-05,10.173514366149902,10.27438183267996,10.08675627248616,10.11647645878345,482731200
2011-04-06,10.148000717163086,10.323918630952914,10.120982793579012,10.243465276316417,402539200
2011-04-07,10.149200439453125,10.219746514081198,10.087658199994163,10.149800053832264,373447200
2011-04-08,10.058541297912598,10.211343594749463,10.025219405338444,10.204439210108847,377535200
2011-04-11,9.93065357208252,10.076850456084268,9.90723815019756,10.028518171534122,398946800
2011-04-12,9.978686332702637,10.01861279456258,9.91264137383784,9.921347005090455,425639200
2011-04-13,10.090662002563477,10.090961809780408,9.982288908254752,10.057339312187423,346220000
2011-04-14,9.979287147521973,10.086759220374198,9.968480459765605,10.050735057397901,301800800
2011-04-15,9.830387115478516,10.015911674077573,9.81057418667602,10.00570460082777,453605600
2011-04-18,9.962178230285645,9.973586138651044,9.611243361042096,9.789562973161171,609898800
2011-04-19,10.142597198486328,10.14619889335276,9.95797286067799,9.999701377542486,419378400
2011-04-20,10.279189109802246,10.379456198960053,10.251871378235892,10.312211195433576,700666400
2011-04-21,10.528058052062988,10.661047450770532,10.46261428159231,10.657144344186403,753810400
2011-04-25,10.597402572631836,10.619617969779819,10.516047388214616,10.51724902211657,266546000
2011-04-26,10.519647598266602,10.656839038474999,10.48752574506522,10.61571174745414,338800000
2011-04-27,10.511541366577148,10.577586319515248,10.419980739798854,10.574283630975456,356213200
2011-04-28,10.409476280212402,10.499535487228659,10.372551091484812,10.3926646296904,360959200
2011-04-29,10.510943412780762,10.625619670960562,10.407073040171293,10.410375729232848,1006345200
2011-05-02,10.395366668701172,10.521151040754267,10.3719512415339,10.499236253082275,442713600
2011-05-03,10.453001976013184,10.503735921216744,10.375549921918113,10.446698009366834,313348000
2011-05-04,10.49413013458252,10.561975533936018,10.413375391444667,10.454803290524112,389250400
2011-05-05,10.409476280212402,10.53556045263295,10.388461717059899,10.459008603584257,335969200
2011-05-06,10.40677261352539,10.507039682270692,10.393263654119444,10.497733634932475,280134400
2011-05-09,10.434995651245117,10.483028150128295,10.40287378234297,10.442800260953668,204747200
2011-05-10,10.49052906036377,10.497734052766653,10.406773027739108,10.473717411423708,282091600
2011-05-11,10.423882484436035,10.507038893095032,10.364143100019065,10.477619312454118,336000000
2011-05-12,10.404074668884277,10.420586516831232,10.274989181220526,10.390566505482292,322000000
2011-05-13,10.221846580505371,10.3944617421012,10.217343862085983,10.376750675560704,326116000
2011-05-16,10.005703926086426,10.243463865424449,9.98468936493043,10.182823449335656,449775200
2011-05-17,10.090964317321777,10.090964317321777,9.92855534073312,9.96668136904276,452334400
2011-05-18,10.202935218811035,10.238358959785094,10.086757533092811,10.100866907722464,334776400
2011-05-19,10.222752571105957,10.27919008963782,10.166914667139485,10.26928362332885,261170000
2011-05-20,10.06334114074707,10.23535669403534,10.057336981564049,10.193628188525047,337968400
2011-05-23,10.038728713989258,10.086160791768647,9.889229089558889,9.905740134108864,383600000
2011-05-24,9.972381591796875,10.083756756873752,9.94686431234844,10.071748436751312,321927200
2011-05-25,10.110174179077148,10.16361040581023,9.992195231140737,10.009606494936754,294224000
2011-05-26,10.056741714477539,10.113479845370676,10.039630252856933,10.085861500612186,222560800
2011-05-27,10.1290864944458,10.135691070730383,10.036024415306377,10.050734207128453,203599200
2011-05-31,10.441899299621582,10.441899299621582,10.23686157150006,10.239864454193425,417754400
2011-06-01,10.372248649597168,10.57098153054816,10.3464323655337,10.47311693165605,554682800
2011-06-02,10.389963150024414,10.446401465178091,10.335927301038133,10.401971472743,338783200
2011-06-03,10.310108184814453,10.366846300497318,10.267179638620684,10.302303577596374,313250000
2011-06-06,10.148000717163086,10.418482165120828,10.141096332644048,10.377955279744716,461941200
2011-06-07,9.967877388000488,10.153401913063655,9.963674476245592,10.151901273962919,529785200
2011-06-08,9.973883628845215,10.050735285152625,9.926152553727741,9.960074860392607,333723600
2011-06-09,9.951369285583496,10.016813036555138,9.929153890114698,10.004204298586362,275088800
2011-06-10,9.783554077148438,9.956469859535407,9.771845565521351,9.92314717571873,433955200
2011-06-13,9.804574012756348,9.855908405480744,9.758643366890928,9.822585700662348,329473200
2011-06-14,9.979887008666992,10.004203457608005,9.885923901952747,9.906637854634088,334569200
2011-06-15,9.80907154083252,9.91564256639998,9.752933050253668,9.89913152856741,399196000
2011-06-16,9.761338233947754,9.867009029476757,9.556301410770706,9.813573616612587,510591200
2011-06-17,9.614241600036621,9.884123399407207,9.587223679865811,9.876317990888836,615020000
2011-06-20,9.465944290161133,9.537392206557183,9.32124720897466,9.527185132322412,640645600
2011-06-21,9.765541076660156,9.780550672715204,9.462338258166394,9.50676823367115,493382400
2011-06-22,9.684789657592773,9.873616902144837,9.67788447205485,9.761340701584432,390583200
2011-06-23,9.943565368652344,9.957374139257361,9.55000177880571,9.574617239096447,559759200
2011-06-24,9.797067642211914,10.001204347815325,9.759242221874505,9.947768907339944,439807200
2011-06-27,9.967877388000488,10.02371527112066,9.824081371692067,9.834288443096815,339813600
2011-06-28,10.06454086303711,10.107770006208874,10.009904619389994,10.0162085855276,294299600
2011-06-29,10.027921676635742,10.097868156867467,9.963077531448883,10.087961690805493,352545200
2011-06-30,10.07685375213623,10.090664125987072,9.991897667813497,10.047734769658184,322954800
2011-07-01,10.304705619812012,10.311909811229583,10.032722743872585,10.085257949029137,435313200
2011-07-05,10.489927291870117,10.501935610993364,10.281888373612224,10.296897970892843,355054000
2011-07-06,10.5598726272583,10.630120485058919,10.408271221703968,10.475516198418669,444626000
2011-07-07,10.723186492919922,10.7472023358422,10.627121517983511,10.64723585860255,399663600
2011-07-08,10.798534393310547,10.80724082590151,10.5730834015805,10.607306311089143,489633200
2011-07-11,10.627120971679688,10.800338205879914,10.591697224419107,10.697368851741674,442674400
2011-07-12,10.619614601135254,10.737593529368262,10.465610715981633,10.613009224076379,451609200
2011-07-13,10.747801780700684,10.807241362899836,10.69856766750283,10.75710702649183,391638800
2011-07-14,10.740297317504883,10.855574799651247,10.697368770347953,10.837562317304814,430533600
2011-07-15,10.954939842224121,10.957341506314965,10.782324644624056,10.84236464364812,484467200
2011-07-18,11.221518516540527,11.247034994096321,10.96574691199482,10.97024963118149,572653200
2011-07-19,11.313081741333008,11.367117586611469,11.207110304672208,11.347604464344553,819145600
2011-07-20,11.614785194396973,11.89607417057431,11.587767267149871,11.891571449907714,941340400
2011-07-21,11.626489639282227,11.709644447779551,11.524721133568898,11.61628256750568,526534400
2011-07-22,11.806912422180176,11.8594476283294,11.640300562260839,11.657412020245175,516728800
2011-07-25,11.963019371032715,12.00804898255835,11.696440190941956,11.718354179695918,589806000
2011-07-26,12.110414505004883,12.1431367776466,11.998439721713403,12.00804557651658,476582400
2011-07-27,11.78559398651123,12.087296157950085,11.772384836908799,12.025754731555605,659324400
2011-07-28,11.762480735778809,11.917684667445522,11.651706787339517,11.75647737728733,594034000
2011-07-29,11.72225570678711,11.862450064213368,11.52772569491305,11.636999023172054,632584400
2011-08-01,11.910481452941895,11.993035855605692,11.778992740519213,11.941401677632603,612836000
2011-08-02,11.675122261047363,11.945003247216073,11.658311414275635,11.937498447851382,639539600
2011-08-03,11.784997940063477,11.814417528007784,11.474890632797328,11.737265259841573,732508000
2011-08-04,11.328691482543945,11.747471678133913,11.328091066463823,11.690133946541282,871407600
2011-08-05,11.21611499786377,11.51271491755176,10.884393544654635,11.420852864420143,1204590800
2011-08-08,10.60340404510498,11.040496462444812,10.597699692417926,10.857974010552182,1143833600
2011-08-09,11.227822303771973,11.245834783476953,10.657139330283226,10.846266359068085,1082583600
2011-08-10,10.918014526367188,11.247034462464358,10.88229097850358,11.141964072338277,878656800
2011-08-11,11.218520164489746,11.271055379493664,10.94893890236622,11.123055592047097,741969200
2011-08-12,11.31728458404541,11.39683691042276,11.234428766732027,11.349705449713198,528976000
2011-08-15,11.510011672973633,11.55684331966869,11.350304222381272,11.396535453072246,460544000
2011-08-16,11.422049522399902,11.508808414261146,11.28936081996957,11.453271148029,498750000
2011-08-17,11.420853614807129,11.543335291531966,11.347604454560463,11.476991317180554,442061200
2011-08-18,10.988862037658691,11.186996116722563,10.848367896211679,11.132658868010097,851435200
2011-08-19,10.68806266784668,11.017384095979413,10.687162444478197,10.8723864086321,775888400
2011-08-22,10.700368881225586,10.953739628836361,10.659842002804814,10.942631531789983,535315200
2011-08-23,11.215513229370117,11.21671406124901,10.71717922235723,10.816245447495678,656835200
2011-08-24,11.292969703674316,11.376425147061173,11.12545679747862,11.211614514462676,626267600
2011-08-25,11.219120025634766,11.271054821869955,10.957344187053348,10.959745851731764,871346000
2011-08-26,11.515115737915039,11.521719512409922,11.131457923272487,11.14256521865985,641477200
2011-08-29,11.706944465637207,11.752875893661866,11.64780548746884,11.653208430414253,405269200
2011-08-30,11.707545280456543,11.76308256576075,11.594069045513443,11.655309882800724,417922400
2011-08-31,11.552644729614258,11.770290401965667,11.46348492371084,11.724960179134026,522586400
2011-09-01,11.438567161560059,11.627994058056089,11.429261111550653,11.58236403147022,343725200
2011-09-02,11.229024887084961,11.347604257954753,11.162380305029298,11.249738039540983,438939200
2011-09-06,11.399839401245117,11.417550472886884,11.001771562797886,11.028489677119424,509698000
2011-09-07,11.525622367858887,11.575755901237374,11.467682624885903,11.574555069241836,350576800
2011-09-08,11.531926155090332,11.666116322815745,11.476989294586874,11.479690765722935,416158400
2011-09-09,11.331995964050293,11.587766841645776,11.258145576138821,11.52562577158402,564813200
2011-09-12,11.405844688415527,11.434062643264575,11.164482214013969,11.197505101148042,467832400
2011-09-13,11.546339988708496,11.594071071642638,11.415151055559274,11.471889182946132,440560400
2011-09-14,11.686829566955566,11.774188089919127,11.580558341015422,11.618383746968592,534724400
2011-09-15,11.796708106994629,11.817722675342436,11.704846827374233,11.750777467184431,417818800
2011-09-16,12.023055076599121,12.023055076599121,11.85884570358606,11.874155911328344,698513200
2011-09-19,12.357179641723633,12.405212124421052,11.863950278517803,11.917985318508208,823860800
2011-09-20,12.41181468963623,12.69430438509381,12.343969289774561,12.465850522493504,775754000
2011-09-21,12.372492790222168,12.656182610972127,12.368289877117702,12.597643238024052,605976000
2011-09-22,12.062682151794434,12.302843759093985,11.908979653006044,12.03896692054698,968480800
2011-09-23,12.137133598327637,12.210382756254385,12.00354382727906,12.01645237208398,546277200
2011-09-26,12.10321044921875,12.127526899368677,11.74687192686444,12.003843593174889,812876400
2011-09-27,11.985832214355469,12.285732435009423,11.949808050684393,12.270122418338675,632497600
2011-09-28,11.918285369873047,12.12032013845604,11.903274168610965,12.013748305080652,429637600
2011-09-29,11.724953651428223,12.074387685754846,11.594065391311828,12.065682056097241,651086800
2011-09-30,11.447271347045898,11.674524434256337,11.44306843430354,11.621388009682608,547640800
2011-10-03,11.245535850524902,11.48689832200473,11.202608101829433,11.418753096166686,669099200
2011-10-04,11.182493209838867,11.461680280026805,10.634326944665123,11.244635073013779,1233677200
2011-10-05,11.355109214782715,11.40223987062548,10.816247433716061,11.043199890762365,786469600
2011-10-06,11.328691482543945,11.551140429675678,11.161479211536218,11.207409839230136,812582400
2011-10-07,11.101439476013184,11.339799054237252,11.062113424246835,11.280959880205495,535458000
2011-10-10,11.672122955322266,11.672122955322266,11.353909606816412,11.380327917716874,442514800
2011-10-11,12.01675033569336,12.103509242813224,11.752874324929184,11.784995377588759,605687600
2011-10-12,12.07379150390625,12.28573277760143,12.01225005558047,12.228395043634203,622286000
2011-10-13,12.261115074157715,12.261115074157715,12.093602218051114,12.157544517458193,426185200
2011-10-14,12.668489456176758,12.668489456176758,12.46645305967101,12.513285512263355,573367200
2011-10-17,12.608150482177734,12.809585687162413,12.486568218523756,12.660685691717044,686044800
2011-10-18,12.675692558288574,12.752844812790636,12.488066964938382,12.66128257411351,881602400
2011-10-19,11.966619491577148,12.260816155052156,11.942002432390241,12.048574282128213,1104059600
2011-10-20,11.867253303527832,12.01855496736786,11.834232018408505,12.00804808551757,549270400
2011-10-21,11.7940034866333,11.982230332649959,11.730360981260997,11.95100949608286,621244400
2011-10-24,12.181262016296387,12.2031759988766,11.869953921294053,11.893369344755593,502138000
2011-10-25,11.941102981567383,12.20468006307077,11.929396068943827,12.159049236771768,430427200
2011-10-26,12.026058197021484,12.084597557866497,11.802407633418444,12.060880723725772,456304800
2011-10-27,12.148839950561523,12.27822760475602,12.064784108771066,12.23499764933029,494664800
2011-10-28,12.15664291381836,12.19867122707119,12.083393773995157,12.098103563390136,322842800
2011-10-31,12.151546478271484,12.288138371239004,12.039570850250188,12.080698963098008,385501200
2011-11-01,11.903276443481445,11.993036646415938,11.804510800666215,11.930295167994561,531790000
2011-11-02,11.93029499053955,12.021256024321643,11.861247941656694,12.01074914353464,327350800
2011-11-03,12.10020923614502,12.110115701249903,11.868754033917428,11.980128417783119,441386400
2011-11-04,12.01524829864502,12.111312439890924,11.982826640954235,12.068984320443612,302229200
2011-11-07,11.999939918518066,12.008045935932493,11.891868236976983,12.00534446454339,270275600
2011-11-08,12.195073127746582,12.248209555612274,12.054879565604539,12.074392689448286,400442000
2011-11-09,11.866351127624512,12.03476422327752,11.83483048726004,11.917085081695545,558684000
2011-11-10,11.564347267150879,11.924288218041532,11.472185421370789,11.91888447440278,744752400
2011-11-11,11.546339988708496,11.668821684687426,11.415451664465449,11.606079395414591,653786000
2011-11-14,11.385428428649902,11.565249418844987,11.353607181299969,11.513313834067997,432905200
2011-11-15,11.672721862792969,11.69283459763038,11.391133153963075,11.431660034092218,430810800
2011-11-16,11.550843238830566,11.742071394734682,11.537333473155922,11.685333264746808,349210400
2011-11-17,11.3298921585083,11.54513610971118,11.272553626082544,11.527123627555845,479900400
2011-11-18,11.255742073059082,11.407343525199952,11.253940824828028,11.375222467514885,371938000
2011-11-21,11.077722549438477,11.157876081767935,10.984659672234747,11.119449457581824,447980400
2011-11-22,11.302873611450195,11.345502348568681,11.135661352000437,11.138063016154918,409021200
2011-11-23,11.017085075378418,11.282763234694132,11.013782385429318,11.24283595775607,428271200
2011-11-25,10.914414405822754,11.14196649714404,10.90690880373499,11.06001170326978,254760800
2011-11-28,11.291166305541992,11.30917878862714,11.117350252700312,11.177990675839705,346413200
2011-11-29,11.203505516052246,11.3725190048351,11.113445525138387,11.282758821095458,375855200
2011-11-30,11.473688125610352,11.476089789882073,11.356609397234715,11.446370396954908,405938400
2011-12-01,11.64570426940918,11.677825328118569,11.430159700627692,11.483895738799022,387181200
2011-12-02,11.698841094970703,11.816820064321202,11.665218591750264,11.702743399185401,379055600
2011-12-05,11.798209190368652,11.900278351505115,11.719557065038282,11.81261918063465,357210000
2011-12-06,11.736361503601074,11.84683643200684,11.68923085692738,11.783193144743434,283598000
2011-12-07,11.68052864074707,11.736065932148845,11.610581361755074,11.705745317406265,304746400
2011-12-08,11.727660179138184,11.87295768175027,11.714751632653348,11.751376216383036,376356400
2011-12-09,11.81651496887207,11.829123703401272,11.738763110000498,11.793400158003639,296993200
2011-12-12,11.763081550598145,11.824922798632153,11.691333838850296,11.758278222343304,301067200
2011-12-13,11.672122955322266,11.869956471690644,11.620788576348971,11.797907334494905,338928800
2011-12-14,11.413346290588379,11.629191434957622,11.337996086193831,11.608777290834816,406887600
2011-12-15,11.375823020935059,11.519919674664719,11.35691031509245,11.507611545749048,256200000
2011-12-16,11.438261985778809,11.53222507668922,11.394733032397646,11.418449061306537,421478400
2011-12-19,11.473986625671387,11.553239928825173,11.422051046152365,11.481792033119937,235530400
2011-12-20,11.886463165283203,11.890966685926905,11.625588435193889,11.640598033010312,337215200
2011-12-21,11.90147590637207,11.926993189628751,11.768185937991055,11.908680097897197,262948000
2011-12-22,11.964517593383789,11.981929659578116,11.890968628173649,11.917985748331441,202358800
2011-12-23,12.108015060424805,12.115820470202321,11.992737567043298,11.998741728410618,269399200
2011-12-27,12.204080581665039,12.280932252384304,12.098709542121542,12.101112008556774,265076000
2011-12-28,12.087296485900879,12.255708738972777,12.048270253549102,12.214882060522445,228662000
2011-12-29,12.161744117736816,12.177655538082904,12.023352677506665,12.11010995947533,215978000
2011-12-30,12.158145904541016,12.196571727132099,12.112815698723125,12.113415313102974,179662000
2012-01-03,12.345171928405762,12.383297946425055,12.278227543493562,12.290235864385238,302220800
2012-01-04,12.411516189575195,12.44874198521609,12.286632855854885,12.308247032345378,260022000
2012-01-05,12.549310684204102,12.564920702364814,12.388402363690387,12.456849002659856,271269600
2012-01-06,12.680495262145996,12.69100214094469,12.585031526555946,12.601542565132027,318292800
2012-01-09,12.660383224487305,12.841104447035224,12.648975319561561,12.773559645612751,394024400
2012-01-10,12.705711364746094,12.788567162730644,12.653475978636678,12.785864890139642,258196400
2012-01-11,12.684996604919434,12.69400284360839,12.587731631948847,12.688898907539624,215084800
2012-01-12,12.650176048278809,12.69550625715163,12.570922733742126,12.67689416141687,212587200
2012-01-13,12.60274600982666,12.62195932631961,12.568223284188916,12.599444923489962,226021600
2012-01-17,12.749543190002441,12.788269624899316,12.697307794623635,12.734532788564975,242897200
2012-01-18,12.88193416595459,12.892740855078154,12.797577700569905,12.817390631982859,276791200
2012-01-19,12.841107368469238,12.94977949151752,12.803882366603027,12.913155707460374,261738400
2012-01-20,12.617453575134277,12.833598537748195,12.600942535002252,12.833298730542806,413974400
2012-01-23,12.830896377563477,12.862118009671944,12.677493696336285,12.688600991563124,306062400
2012-01-24,12.620759010314941,12.761553795316427,12.594941916845126,12.761553795316427,547638000
2012-01-25,13.408782005310059,13.642637998957532,13.320823075214344,13.64233819180284,958314000
2012-01-26,13.347848892211914,13.472731464543761,13.303119083861123,13.459823717557892,323985200
2012-01-27,13.427399635314941,13.463423802365517,13.322029407625628,13.339140065310367,299709200
2012-01-30,13.599414825439453,13.626132943795087,13.370661879438853,13.380267736392215,379341200
2012-01-31,13.703584671020508,13.756419691671658,13.601215716276261,13.67686655179273,391683600
2012-02-01,13.694875717163086,13.778932358831023,13.67566400728674,13.761521095436455,270046000
2012-02-02,13.662755966186523,13.724296611601822,13.62853305054148,13.686171392167777,186796400
2012-02-03,13.799647331237793,13.809253988509592,13.675964825357811,13.728200222649608,286599600
2012-02-06,13.928435325622559,13.9587559419463,13.755220467986295,13.760623411990684,249412800
2012-02-07,14.07433032989502,14.101949466911,13.946743929260451,13.966858266812114,316223600
2012-02-08,14.309988975524902,14.313290061342004,14.100447783624237,14.124464425460163,407890000
2012-02-09,14.805018424987793,14.912490478127877,14.426464575131345,14.432468734796732,884214800
2012-02-10,14.81252384185791,14.93860799359851,14.666325353587201,14.738675079762423,631302000
2012-02-13,15.088109970092773,15.125034353096993,14.922698161326581,14.99594731293514,517216000
2012-02-14,15.294045448303223,15.29704672648148,15.070095906460404,15.149948824315329,460398400
2012-02-15,14.940110206604004,15.799283845048324,14.916693181354482,15.43814284548607,1506120000
2012-02-16,15.07640266418457,15.156856814517,14.608688965600827,14.754887473325986,944552000
2012-02-17,15.073702812194824,15.243316763307828,15.019065745442646,15.103422208491228,535805200
2012-02-21,15.455857276916504,15.455857276916504,15.133740875203154,15.216596688062054,605595200
2012-02-22,15.401516914367676,15.475065862652507,15.28233635483308,15.402717746242669,483302400
2012-02-23,15.502086639404297,15.545316594882935,15.295248521313134,15.462760590675046,568027600
2012-02-24,15.682811737060547,15.697521533067269,15.569636891293742,15.600557122986999,415072000
2012-02-27,15.783377647399902,15.86563224792275,15.498786830048564,15.649787069706376,547582000
2012-02-28,16.073070526123047,16.073070526123047,15.786078063569002,15.849420755212613,600387200
2012-02-29,16.284109115600586,16.43931464678079,16.081774535957223,16.257692414977118,952011200
2012-03-01,16.345046997070312,16.457323965328456,16.17393247889705,16.456121530318338,683270000
2012-03-02,16.36636734008789,16.414998637024322,16.286512804176187,16.33814858634187,431712400
2012-03-05,16.005525588989258,16.43541225989742,15.790579848664475,16.373571811353703,809124400
2012-03-06,15.918465614318848,16.0214341587494,15.496983176779235,15.720333132297567,810238800
2012-03-07,15.931373596191406,16.144215852055165,15.709524298940432,16.114796270450427,798520800
2012-03-08,16.270601272583008,16.300620468290038,15.974301999083366,16.05145344833639,516457200
2012-03-09,16.366065979003906,16.44321743283253,16.304223931114553,16.33724601029888,418919200
2012-03-12,16.571107864379883,16.571107864379883,16.421005425681887,16.48044582466856,407282400
2012-03-13,17.054426193237305,17.056827857251935,16.683676926402253,16.737414559541325,690855200
2012-03-14,17.69926643371582,17.853569407251854,17.273580115416284,17.35313487051615,1418844000
2012-03-15,17.578580856323242,18.01237148544299,17.36814021549969,18.00036316296782,1159718000
2012-03-16,17.578882217407227,17.687854947818902,17.35162990503113,17.553364930703793,825487600
2012-03-19,18.04509162902832,18.065204364359833,17.68334937429863,17.963136841887934,901236000
2012-03-20,18.19099235534668,18.219209508104292,17.756300704126414,17.997361764031467,816662000
2012-03-21,18.087121963500977,18.301766326821443,18.054401287594704,18.094326957254847,644042000
2012-03-22,17.992250442504883,18.147154524436164,17.877873227784594,17.94541800646958,623870800
2012-03-23,17.893491744995117,18.06610696629698,17.843957817131702,18.026780913844828,430488800
2012-03-26,18.22161293029785,18.226717670243694,17.86977866966502,18.005767723354168,595742000
2012-03-27,18.446760177612305,18.500796016262232,18.193990644103334,18.1975931402298,607129600
2012-03-28,18.541025161743164,18.656002036956586,18.32157749042492,18.56383936984868,655460400
2012-03-29,18.308069229125977,18.50920461825394,18.22911731618822,18.395728378111354,608238400
2012-03-30,17.99856185913086,18.32908250247211,17.950228764281746,18.275346464390122,731038000
2012-04-02,18.57134246826172,18.57554457850787,18.02347450879769,18.067004266635617,598351600
2012-04-03,18.89225959777832,18.97901932099147,18.687823131996165,18.831618374996946,834559600
2012-04-04,18.741857528686523,18.788388569106594,18.52240987614964,18.743058360760212,572980800
2012-04-05,19.023151397705078,19.052570988330135,18.71454390016683,18.822015989428962,641298000
2012-04-09,19.09970474243164,19.208077874285056,18.77158567041572,18.79650174299596,597536800
2012-04-10,18.865840911865234,19.33295335281675,18.79259176065333,19.210771498397474,889725200
2012-04-11,18.79859733581543,19.11891169125472,18.712738640094198,19.09879895550093,696614800
2012-04-12,18.695632934570312,18.95260627985321,18.627486892624194,18.76257814401631,614336800
2012-04-13,18.169069290161133,18.753561742865617,18.117435126077062,18.735849073027676,859644800
2012-04-16,17.415573120117188,18.320678425296453,17.359135605033497,18.314074649243114,1050786800
2012-04-17,18.30325698852539,18.31226242418481,17.168798153196935,17.379839904593027,1025528000
2012-04-18,18.262434005737305,18.61997408267407,18.093419724267083,18.423941885520524,954531200
2012-04-19,17.635019302368164,18.154067445294498,17.547360146905767,18.0186764079017,834719200
2012-04-20,17.200931549072266,17.850567502347964,17.124079872319378,17.753301673094928,1030985200
2012-04-23,17.162500381469727,17.31170177617572,16.70979787112659,17.12977970853604,966529200
2012-04-24,16.819673538208008,17.04212251508399,16.6611668783559,16.889620016835927,1076149200
2012-04-25,18.31226921081543,18.552430817619125,18.192189209037135,18.48158332798545,905777600
2012-04-26,18.243223190307617,18.45306418115573,18.076010935415955,18.440454643064886,536068400
2012-04-27,18.102130889892578,18.19759625194457,18.027081279295285,18.16427435951215,406722400
2012-04-30,17.53114891052246,17.964040121012047,17.50172932186992,17.94602763716947,506144800
2012-05-01,17.475618362426758,17.914812087477245,17.448600429103582,17.55877402037081,610999200
2012-05-02,17.5911865234375,17.633815261100136,17.377443220701593,17.41887112627166,427389200
2012-05-03,17.466306686401367,17.753900418739203,17.42067666100268,17.726882492875085,390549600
2012-05-04,16.968870162963867,17.362433663594082,16.966468498772862,17.324008639785102,529992400
2012-05-07,17.09585189819336,17.194618314039786,16.84818553907505,16.856291554894145,460118400
2012-05-08,17.056827545166016,17.156493393455534,16.77313780242838,17.098855061406045,497252000
2012-05-09,17.086851119995117,17.230949391913953,16.836784608768465,16.922341905589175,480704000
2012-05-10,17.127079010009766,17.28798733839218,17.064638934313486,17.24896108864641,333200000
2012-05-11,17.012693405151367,17.24564993529213,16.9418459411147,16.961359054597168,399546000
2012-05-14,16.757829666137695,17.0367161287358,16.739217568798207,16.8884173612446,352626400
2012-05-15,16.606225967407227,16.90792820090662,16.5635972319994,16.85479338767987,476336000
2012-05-16,16.39338493347168,16.717902999924416,16.242083292928445,16.632645522698034,560896000
2012-05-17,15.914259910583496,16.43600930340486,15.914259910583496,16.370264964780855,717220000
2012-05-18,15.922073364257812,16.31323532187888,15.675909121406539,16.02954546522949,732292400
2012-05-21,16.84969139099121,16.857497602073835,16.032243692347404,16.045754257308026,631106000
2012-05-22,16.72031021118164,17.227949732880635,16.58852164804469,17.09796161689643,694870400
2012-05-23,17.128280639648438,17.19552564482734,16.608031672108236,16.73621611049054,584897600
2012-05-24,16.970972061157227,17.30659741805339,16.84818898315275,17.287683911691502,496230000
2012-05-25,16.88001251220703,16.986884980155047,16.765335436188643,16.949059565569122,328507200
2012-05-29,17.179609298706055,17.231544882138135,16.97067094271311,17.13848280657172,380508800
2012-05-30,17.386749267578125,17.41136552271583,17.008195384918956,17.08744869612268,529429600
2012-05-31,17.34351921081543,17.456694011872496,17.15529321644642,17.43387820541214,491674400
2012-06-01,16.840984344482422,17.191019693915756,16.82687576946484,17.08624909518577,520987600
2012-06-04,16.94004249572754,17.03640722354811,16.466026666568553,16.856287300804,556995600
2012-06-05,16.896224975585938,17.00549912118062,16.761135338158077,16.84939411504395,388214400
2012-06-06,17.155296325683594,17.227043240163226,16.976375543823686,17.04452156514068,401455600
2012-06-07,17.163097381591797,17.331209036189723,17.1264728106272,17.33030961470876,379766800
2012-06-08,17.42127799987793,17.429084212437452,17.081450432299135,17.15950293840875,347516400
2012-06-11,17.146589279174805,17.666836532657637,17.13037724504428,17.643421109548825,591264800
2012-06-12,17.2963924407959,17.310201210617173,17.012402816562577,17.245359472935572,435380400
2012-06-13,17.17630958557129,17.36603624788084,17.122873358674177,17.247157076317865,293580000
2012-06-14,17.157394409179688,17.2165349836148,17.029210003741316,17.1486887781023,345573200
2012-06-15,17.235448837280273,17.25015862994745,17.097955964327227,17.14148572789196,335255200
2012-06-18,17.585182189941406,17.6485248797658,17.122573254372796,17.14028592837568,440412000
2012-06-19,17.634119033813477,17.711870116540336,17.504732164189058,17.513737604466126,361404400
2012-06-20,17.583984375,17.689354592876253,17.435684005973123,17.658132956266204,358943200
2012-06-21,17.341720581054688,17.65843244671404,17.334815395347224,17.574977016759032,326351200
2012-06-22,17.474706649780273,17.477408120810825,17.274172527227535,17.38284541201321,284471600
2012-06-25,17.13457679748535,17.405658551952023,17.122568480026143,17.330607369455297,304382400
2012-06-26,17.172405242919922,17.24625400352775,17.03130989260833,17.151389882014026,276536400
2012-06-27,17.24656105041504,17.313806065099772,17.169109761417957,17.261570654579703,202997200
2012-06-28,17.082948684692383,17.231548874133676,16.97968031477759,17.161602397659685,282836400
2012-06-29,17.53174591064453,17.53174591064453,17.239049130794523,17.351624322045463,421500800
2012-07-02,17.78752326965332,17.8160418369635,17.51974405513522,17.55366716991575,400092000
2012-07-03,17.99435806274414,18.01207073828256,17.83195072029605,17.858367425115617,241712800
2012-07-05,18.310466766357422,18.44255507455007,18.001559560583193,18.02887728504907,484383200
2012-07-06,18.188589096069336,18.26544075618663,18.05950363837988,18.22491387051969,418930400
2012-07-09,18.429046630859375,18.429346438043943,18.135450425077178,18.17117397420313,379405600
2012-07-10,18.25853157043457,18.608565243144117,18.171472061368057,18.551526530867235,511957600
2012-07-11,18.145057678222656,18.242022058541057,17.928612916309536,18.195790827210676,469322000
2012-07-12,17.979040145874023,18.116231550758762,17.79231483761876,18.019267203404766,428041600
2012-07-13,18.161273956298828,18.22791775026061,18.012074136488465,18.100634324394083,311427200
2012-07-16,18.219507217407227,18.36090077595659,18.1627683064282,18.16577118804063,301260400
2012-07-17,18.22041130065918,18.357302964638766,18.10663365241549,18.335987792327693,293624800
2012-07-18,18.200002670288086,18.26244436022017,18.118947274034298,18.20990913810564,252700000
2012-07-19,18.441959381103516,18.47287960799836,18.192191091788924,18.35069773661864,436861600
2012-07-20,18.141159057617188,18.445562823080497,18.123146573588997,18.40323388642609,397471200
2012-07-23,18.127044677734375,18.18918653079826,17.643120608363812,17.84395454819234,487975600
2012-07-24,18.039691925048828,18.302667790376407,17.967342178515405,18.233620733537823,565132400
2012-07-25,17.260665893554688,17.43568276198064,17.111466113475288,17.245356486821702,877312800
2012-07-26,17.257959365844727,17.42366933619828,17.12226858573972,17.404456028361352,406632800
2012-07-27,17.566570281982422,17.586684620361698,17.159198014529267,17.261866753659838,403936400
2012-07-30,17.862869262695312,17.995257391289098,17.64642288908582,17.73948657301538,379142400
2012-07-31,18.335084915161133,18.36330527056677,18.093724080907002,18.109033487438555,462327600
2012-08-01,18.216508865356445,18.504402395703735,18.102131593396887,18.489692600912115,384501600
2012-08-02,18.245925903320312,18.33298382760117,18.019574658891216,18.09732733662917,332158400
2012-08-03,18.48338508605957,18.5518309104477,18.35910137232942,18.421243229194495,344920800
2012-08-06,18.689022064208984,18.758668719534633,18.470175634677855,18.531115055246623,302103200
2012-08-07,18.63979148864746,18.762572970623122,18.553632982955964,18.695627779635885,290446800
2012-08-08,18.608266830444336,18.728948037711955,18.52541102834278,18.594156654084124,244706000
2012-08-09,18.714397430419922,18.74454713500617,18.626060808646073,18.627567891342615,221642400
2012-08-10,18.74363899230957,18.74544716920577,18.653193114490907,18.653494208951805,194938800
2012-08-13,18.99387550354004,18.99387550354004,18.790369464554857,18.7945912274511,278832400
2012-08-14,19.044828414916992,19.25346113147144,19.00020846630687,19.050256166315837,340169200
2012-08-15,19.018901824951172,19.114474373935263,18.92604395692446,19.03307258835918,257342400
2012-08-16,19.18501853942871,19.19768060651667,19.00894753736835,19.03035422377914,254534000
2012-08-17,19.539875030517578,19.54228700653947,19.259490063561376,19.29536699928889,442761200
2012-08-20,20.053606033325195,20.053606033325195,19.5938333650777,19.597150233214943,613384800
2012-08-21,19.77955436706543,20.346959514184913,19.606800248713842,20.224554175619836,812719600
2012-08-22,20.16576385498047,20.169682912616167,19.539870706967157,19.73011084574003,565322800
2012-08-23,19.977636337280273,20.196818590871114,19.933014786862188,20.082554059893955,420128800
2012-08-24,19.995426177978516,20.1841592767865,19.76418401435319,19.88357360744213,437340400
2012-08-27,20.37108612060547,20.527558652278618,20.306566560853724,20.50102691347526,427008400
2012-08-28,20.344547271728516,20.383741067106765,20.220031053751924,20.34997341134008,267416800
2012-08-29,20.304454803466797,20.43108033112369,20.278225770424683,20.35812046775738,202806800
2012-08-30,20.01502227783203,20.24656713677127,19.984270389783074,20.219132118159497,302699600
2012-08-31,20.05632972717285,20.157629509954475,19.815438025771595,20.116928618115555,338321200
2012-09-04,20.349666595458984,20.35479163923572,20.03400705029585,20.071994847287545,367892000
2012-09-05,20.20676612854004,20.391277411036366,20.18777142026902,20.3677614566159,336375200
2012-09-06,20.388870239257812,20.449771825670375,20.223955814946958,20.29540858832445,391196400
2012-09-07,20.51459312438965,20.57609690167258,20.373796844460625,20.442534939543762,329666400
2012-09-10,19.9809513092041,20.600511809097394,19.96165550545004,20.514889900199726,487998000
2012-09-11,19.916135787963867,20.20285179734379,19.79282552311099,20.05240921669341,503983200
2012-09-12,20.19350242614746,20.196819295380948,19.77774896903673,20.104864731339937,712233200
2012-09-13,20.591176986694336,20.667152642126084,20.343653112370017,20.42204074448631,598360000
2012-09-14,20.84140968322754,21.013258961637195,20.739203399655818,20.80161368617729,600474000
2012-09-17,21.097673416137695,21.09827560503187,20.941803100391144,21.084708643474936,398031200
2012-09-18,21.161890029907227,21.174552097854395,20.996371812609027,21.10068735127805,373503200
2012-09-19,21.167625427246094,21.224606360777017,21.091348681247045,21.11215157653144,326874800
2012-09-20,21.065101623535156,21.106105193087387,20.9119444516441,21.078969672877548,336568400
2012-09-21,21.10701560974121,21.257157058962648,21.085006735884313,21.17696128895823,571589200
2012-09-24,20.82662582397461,20.957171964467527,20.591765785038536,20.70814116919215,639766400
2012-09-25,20.30655860900879,20.886625790103757,20.290276970598768,20.750350795199637,518789600
2012-09-26,20.054519653320312,20.280937865598656,19.934526260784125,20.161849366608244,576503200
2012-09-27,20.541120529174805,20.56674736800336,19.908896303654167,20.027683689591367,594090000
2012-09-28,20.112394332885742,20.534781338813634,20.10184154104318,20.463629695309994,535110800
2012-10-01,19.87995719909668,20.40334476705915,19.792826570956183,20.234810746693,543594800
2012-10-02,19.937837600708008,20.08978884076849,19.616449102837525,19.952911642896858,627992400
2012-10-03,20.243547439575195,20.25591002142203,19.97763439034304,20.044866998782265,424281200
2012-10-04,20.10335350036621,20.327963465826596,20.065668399206338,20.237516002782165,370725600
2012-10-05,19.67494010925293,20.07923747814599,19.635445214226415,20.05511933094871,594006000
2012-10-08,19.24019432067871,19.523293969218393,19.17808674296963,19.50279217296273,637994000
2012-10-09,19.170246124267578,19.310137495494907,18.799413713755524,19.25466366417317,838597200
2012-10-10,19.32280158996582,19.445508049626493,19.20491908224184,19.287526843961462,510356000
2012-10-11,18.93659210205078,19.51243927971881,18.93659210205078,19.491335295383458,546081200
2012-10-12,18.985137939453125,19.156082352779833,18.852181352435824,18.98061508080424,460014800
2012-10-15,19.13738441467285,19.14853940043966,18.808458856449338,19.064725654899036,432502000
2012-10-16,19.590526580810547,19.605903331788888,19.02402614306563,19.15577833178862,549771600
2012-10-17,19.434350967407227,19.68096984811612,19.41596005516466,19.562786258674315,389037600
2012-10-18,19.073474884033203,19.35747788721415,18.99388126520936,19.283010926338136,476624400
2012-10-19,18.386075973510742,19.047242504651162,18.3794422333017,19.025536327039976,744086000
2012-10-22,19.115373611450195,19.156074492195064,18.413805905973696,18.46385359472252,546730800
2012-10-23,18.492191314697266,19.11145229201736,18.44214524200136,19.02401899172996,707145600
2012-10-24,18.59681510925293,18.889863783306286,18.410192874640565,18.73580322809141,558527200
2012-10-25,18.377031326293945,18.752689429327123,18.256736813284537,18.69239001542285,656325600
2012-10-26,18.21000099182129,18.511491538312956,17.81806456948674,18.37370942791068,1018432800
2012-10-31,17.94831085205078,18.148500052315956,17.718575747506982,17.935044982549332,510003200
2012-11-01,17.98509407043457,18.179855534021335,17.913641280507406,18.03574396593762,361298000
2012-11-02,17.389944076538086,17.997446261894577,17.328139222615718,17.965488394481493,599373600
2012-11-05,17.625713348388672,17.72068208066045,17.41406649085708,17.59254948519987,529135600
2012-11-06,17.572345733642578,17.81022157989291,17.489135800732267,17.79484644396999,374917200
2012-11-07,16.899980545043945,17.400921948369543,16.83183430778672,17.379721579716286,793648800
2012-11-08,16.286672592163086,17.028091808927275,16.21216803050744,16.979631979410467,1056146000
2012-11-09,16.56865119934082,16.805493084128493,16.164626046474705,16.367547649578235,929913600
2012-11-12,16.440536499023438,16.793982851937173,16.31393756532428,16.783381855227564,515802000
2012-11-13,16.442657470703125,16.67223035841447,16.24458186931483,16.321813545345893,532949200
2012-11-14,16.260326385498047,16.58045731137014,16.23912601542036,16.5213980977708,477170400
2012-11-15,15.919301986694336,16.33968148730604,15.828443001450717,16.280017317888678,789910800
2012-11-16,15.98169231414795,16.051957476242542,15.31750448442713,15.906581167254771,1266893600
2012-11-19,17.13410758972168,17.18771429284544,16.35119610239461,16.376333443932428,823317600
2012-11-20,16.98811912536621,17.322485610490386,16.796405106326795,17.321274114276388,642754000
2012-11-21,17.012048721313477,17.183773883179843,16.857585360813225,17.089280401563602,373002000
2012-11-23,17.308853149414062,17.323997659155495,17.039302550312254,17.177712338102932,272826400
2012-11-26,17.85492706298828,17.869160931184346,17.375790797233403,17.442119005542043,630579600
2012-11-27,17.7110538482666,17.88187148425516,17.56931210520683,17.855521051917442,533330000
2012-11-28,17.655336380004883,17.74195593242973,17.33187336322926,17.4836096235552,520864400
2012-11-29,17.84977912902832,17.997880927865513,17.725302319256755,17.87582711094759,514698800
2012-11-30,17.72620391845703,17.820698991291838,17.647458294008807,17.77193668046609,391319600
2012-12-03,17.753772735595703,18.008182171127018,17.73287482345379,17.979712809547316,364280000
2012-12-04,17.44059944152832,17.620805024216423,17.327933548015654,17.620805024216423,557068400
2012-12-05,16.318174362182617,17.240706693436,16.317567805464428,17.230409786587995,1044638000
2012-12-06,16.5740966796875,16.757935114318606,15.70759244629523,16.019849444491292,1177212400
2012-12-07,16.150388717651367,16.815181453677745,16.051956678180012,16.760665744888943,787040800
2012-12-10,16.046504974365234,16.3096956235502,15.796941634230286,15.900522122888482,630484400
2012-12-11,16.396923065185547,16.644365903050012,16.275170125359608,16.347858278652794,592345600
2012-12-12,16.32453155517578,16.597111628367415,16.241848992282076,16.59014512344971,487144000
2012-12-13,16.042570114135742,16.283350567818083,15.924754114876245,16.08678892257293,625259600
2012-12-14,15.439857482910156,15.692448699459657,15.312351187561084,15.590079729190123,1009579200
2012-12-17,15.713662147521973,15.74909802528089,15.180616484421403,15.413823962027902,757607200
2012-12-18,16.170080184936523,16.200365980413043,15.75666548980518,15.900527870774665,625685200
2012-12-19,15.940196990966797,16.164016437928314,15.915664600346632,16.096476746312597,449369200
2012-12-20,15.801488876342773,16.058017166340086,15.71517178209946,16.051959684508525,481689600
2012-12-21,15.728800773620605,15.73909768403213,15.453493480121681,15.521033189694972,596268400
2012-12-24,15.754244804382324,15.877814232395949,15.710025983723696,15.759697348256793,175753200
2012-12-26,15.537080764770508,15.732733330239403,15.480142068747524,15.718800317128162,302436400
2012-12-27,15.599472045898438,15.635512839841407,15.284489546604028,15.553435196548973,455120400
2012-12-28,15.43381118774414,15.58191463677979,15.389289897338454,15.455013188639244,354278400
2012-12-31,16.117677688598633,16.21550478489892,15.415935156635094,15.462272860290962,659492400
2013-01-02,16.628313064575195,16.80912523764561,16.404192731860814,16.77338690758647,560518000
2013-01-03,16.418432235717773,16.64770271923172,16.385116886682983,16.593489457416933,352965200
2013-01-04,15.96109676361084,16.313331598063744,15.925660904398038,16.263055314883555,594333600
2013-01-07,15.86721134185791,16.03075850719833,15.603716529940277,15.809666070264864,484156400
2013-01-08,15.909910202026367,16.109197266037164,15.78694739203704,16.02802864511815,458707200
2013-01-09,15.661252975463867,15.900820193544131,15.627633564158844,15.824800048635554,407604400
2013-01-10,15.855395317077637,16.013187418783332,15.613403432211928,16.008038965006662,601146000
2013-01-11,15.758179664611816,15.910218420373056,15.719411779486915,15.7793800430469,350506800
2013-01-14,15.196357727050781,15.370505853399035,15.09822815476895,15.224522991146245,734207600
2013-01-15,14.716917037963867,15.1127640572231,14.639987850357164,15.091866155499448,876772400
2013-01-16,15.327808380126953,15.429270019982075,14.916213276706259,14.981025926702987,690804800
2013-01-17,15.224523544311523,15.468938457397947,15.20483875269055,15.455611999044192,453678400
2013-01-18,15.143350601196289,15.210586188508033,15.034317602132168,15.098525258837494,472922800
2013-01-22,15.287822723388672,15.382013716688125,15.041288922679177,15.28146277309153,461546400
2013-01-23,15.567673683166504,15.597354533021216,15.28782451490422,15.410182403130888,861509600
2013-01-24,13.644164085388184,14.105430328568794,13.636591021302722,13.931887143635564,1460852400
2013-01-25,13.322516441345215,13.817703698084392,13.174717166253718,13.680202947600094,1208026400
2013-01-28,13.623871803283691,13.726240807326494,13.200766859051289,13.260431834586198,785517600
2013-01-29,13.879486083984375,13.93794035119419,13.693223055267103,13.88645258911381,571158000
2013-01-30,13.835882186889648,14.010636919659033,13.765314536819186,13.84103064270184,417155200
2013-01-31,13.795291900634766,13.910078315108978,13.779846539873073,13.8404197218989,319334400
2013-02-01,13.738658905029297,13.916139065594276,13.579048718890816,13.90493312942241,539484400
2013-02-04,13.396418571472168,13.80892332590397,13.386726601796012,13.747441106384555,477117200
2013-02-05,13.866467475891113,13.924012732489295,13.393388757637098,13.448813491667321,573347600
2013-02-06,13.851625442504883,14.128747462953202,13.70715656974906,13.82497253113,593706400
2013-02-07,14.2634916305542,14.317714972363586,13.833959270312711,14.112089595926001,704580800
2013-02-08,14.4694185256958,14.586092467047315,14.264400048845857,14.439564703987648,633158400
2013-02-11,14.620216369628906,14.772838604362033,14.416723852779231,14.515727951152021,517490400
2013-02-12,14.253742218017578,14.694850025754501,14.248867990733526,14.607419794030536,609053200
2013-02-13,14.226629257202148,14.428600569488127,14.111173849387942,14.232722041102384,475207600
2013-02-14,14.21384048461914,14.3676796744807,14.135550216167509,14.150781368098936,355275200
2013-02-15,14.01795768737793,14.32259039628587,14.010646346180616,14.28268225218927,391745200
2013-02-19,14.012776374816895,14.096246699395907,13.825733606403848,14.046591731624574,435783600
2013-02-20,13.673418045043945,13.942712596633768,13.671893628823799,13.942712596633768,476302400
2013-02-21,13.588428497314453,13.683170095492365,13.489727808585213,13.586600661590428,447182400
2013-02-22,13.733123779296875,13.757189053117752,13.604873538089693,13.685601696528634,330654800
2013-02-25,13.489115715026855,13.86442226805647,13.482108606574915,13.825734309155346,372579200
2013-02-26,13.677074432373047,13.755364679108048,13.332535198710586,13.520188079495991,501499600
2013-02-27,13.543033599853516,13.78277934542184,13.42361829592806,13.660621068711393,587350400
2013-02-28,13.446467399597168,13.643563683298234,13.446467399597168,13.527194757547162,322515200
2013-03-01,13.113504409790039,13.348375954945704,13.09857749511937,13.342891635669973,552448400
2013-03-04,12.7960786819458,13.044353558583115,12.764091968865849,13.032167989132486,582755600
2013-03-05,13.13391399383545,13.25729002747158,12.817401580727402,12.839639836452333,638433600
2013-03-06,12.966979026794434,13.259122003184213,12.929508801083307,13.2365786958631,460250000
2013-03-07,13.116859436035156,13.160422451272629,12.826849316333126,12.931642800133611,468473600
2013-03-08,13.15158462524414,13.26460293906428,13.056843852833174,13.093095516587669,391482000
2013-03-11,13.338932991027832,13.373661864496775,12.95113577857843,13.09157162156327,474236000
2013-03-12,13.051359176635742,13.369700247629352,13.025161017133053,13.269781023689907,465911600
2013-03-13,13.04892349243164,13.236272159524846,12.957839202634494,13.05197069842582,405549200
2013-03-14,13.175342559814453,13.240532899036324,13.11289193936597,13.185394431810519,303875600
2013-03-15,13.515314102172852,13.532678130446449,13.320044028759696,13.340759495077293,643960800
2013-03-18,13.882701873779297,13.935706659935674,13.440375469083712,13.447991043178186,606197200
2013-03-19,13.845229148864746,14.042630443718785,13.662753139204517,13.997848080491751,526775200
2013-03-20,13.771812438964844,13.94088433689686,13.695959316727182,13.934487320839926,308660800
2013-03-21,13.791618347167969,13.951550311531097,13.711501062163673,13.715156733590309,383255600
2013-03-22,14.071269035339355,14.077055960560157,13.80319301898209,13.84797376587626,395105200
2013-03-25,14.122136116027832,14.316187557507044,14.067302706258765,14.155949835130619,501135600
2013-03-26,14.047810554504395,14.190986909194569,14.02922797029587,14.178801341367407,294294000
2013-03-27,13.771812438964844,13.915598878209966,13.730687369817547,13.905241959537932,331237200
2013-03-28,13.484851837158203,13.763894863813652,13.453170170736945,13.70296864480784,442839600
2013-04-01,13.06597900390625,13.516530144291927,13.030337443086353,13.461695910050038,389732000
2013-04-02,13.09278678894043,13.34715438836588,12.989516146631958,13.026072846082485,529519200
2013-04-03,13.159805297851562,13.320955748169373,13.10862673394262,13.14091767049081,363216000
2013-04-04,13.029731750488281,13.251504248651452,12.954487887716045,13.213730607728937,358447600
2013-04-05,12.892036437988281,12.9453470776598,12.78480506679109,12.931637906969124,383695200
2013-04-08,12.983731269836426,13.023028510220092,12.870408730395566,12.942301148120379,300829200
2013-04-09,13.007185935974121,13.053489464255799,12.878326410393491,12.988299120337917,306614000
2013-04-10,13.2725248336792,13.314260007899838,12.977640521193813,13.041308909902252,375928000
2013-04-11,13.23109245300293,13.342587148724311,13.135741601581516,13.212509054684237,328364400
2013-04-12,13.093094825744629,13.225609230972967,13.071465847023449,13.225609230972967,238613200
2013-04-15,12.789983749389648,13.0349079600257,12.780844573836424,13.007795479279016,317520000
2013-04-16,12.98464298248291,12.995913411512714,12.811916234817707,12.842379338154922,305771200
2013-04-17,12.270583152770996,12.812829435767222,12.12771105608826,12.802775937379067,945056000
2013-04-18,11.943103790283203,12.361668179872535,11.872733373716928,12.337297863717854,666299200
2013-04-19,11.896803855895996,12.173105539088168,11.731387599604108,11.818817839221774,609274400
2013-04-22,12.144770622253418,12.252307024125267,11.919344154485383,11.961077685213263,429920400
2013-04-23,12.372028350830078,12.440570132742574,12.149036538180061,12.306836379716486,664238400
2013-04-24,12.351617813110352,12.649852672941114,11.95681436135933,11.988496837883668,969651200
2013-04-25,12.440572738647461,12.609948091055651,12.398533336425475,12.527392889559856,384837600
2013-04-26,12.709257125854492,12.757084263529263,12.436611123057432,12.484134028238108,764097600
2013-04-29,13.102843284606934,13.20946457535456,12.794554889714972,12.808263248416136,640326400
2013-04-30,13.488506317138672,13.563750984558215,13.162245439207533,13.254549089550917,691538400
2013-05-01,13.382189750671387,13.554002199895464,13.232920603258027,13.539684563581444,506909200
2013-05-02,13.57197380065918,13.665494361339356,13.42300809993046,13.458040382813829,421828400
2013-05-03,13.707841873168945,13.806847581927713,13.682556412228534,13.748356854110849,361300800
2013-05-06,14.034712791442871,14.080101999583608,13.839746953055487,13.882394815064924,496641600
2013-05-07,13.972260475158691,14.188244359103411,13.821162700747687,14.164483317312676,483753200
2013-05-08,14.130059242248535,14.17666862766099,13.885440094220826,13.98383569719982,472598000
2013-05-09,14.006787300109863,14.197829246932447,13.970296509746046,14.100008970511066,398487600
2013-05-10,13.890263557434082,14.096945381730976,13.813908343843242,14.043588114786845,334852000
2013-05-13,13.944541931152344,14.041443500202588,13.845188754042807,13.845495000340128,316948800
2013-05-14,13.610908508300781,13.958647877755553,13.558470793916975,13.917250587223414,447118000
2013-05-15,13.150625228881836,13.52320404825286,12.951611043251669,13.46678104881641,741613600
2013-05-16,13.326335906982422,13.426610258159366,12.845511308057032,12.978596585761714,603204000
2013-05-17,13.285857200622559,13.495298492036005,13.216861731057165,13.463407125395092,427904400
2013-05-20,13.582382202148438,13.670390289318046,13.188951767676187,13.244455188554847,451578400
2013-05-21,13.482111930847168,13.660581402782654,13.314682060940706,13.435808161707772,456022000
2013-05-22,13.53393840789795,13.748593288144493,13.437957227852637,13.616733803218741,443038400
2013-05-23,13.558161735534668,13.681434842739106,13.363439913371142,13.368346403469644,353021200
2013-05-24,13.650467872619629,13.666106905932706,13.503583458004579,13.518609179837918,276166800
2013-05-28,13.536696434020996,13.83322548219073,13.518604979250892,13.79612219629669,386145200
2013-05-29,13.644327163696289,13.72252310557999,13.474137007575257,13.492536341726705,330576400
2013-05-30,13.847637176513672,13.937178977155547,13.63083616337494,13.665794084153736,353519600
2013-05-31,13.790910720825195,14.016910629087167,13.78385723093473,13.875850657360814,384302800
2013-06-03,13.821268081665039,13.871557973121407,13.56858954520065,13.821574327910394,372352400
2013-06-04,13.778027534484863,13.935031931267071,13.719151295111576,13.897927011919052,292728800
2013-06-05,13.649235725402832,13.821265841061315,13.606304758037139,13.665794309813542,290589600
2013-06-06,13.44531536102295,13.707193546743536,13.310083908025742,13.660276461897148,416934000
2013-06-07,13.548040390014648,13.591890910150937,13.27082947469012,13.38520996012031,404535600
2013-06-10,13.458500862121582,13.770975174994415,13.39441188155018,13.637583658640052,450153200
2013-06-11,13.418943405151367,13.577174445721969,13.287698061871385,13.361907910580399,286112400
2013-06-12,13.25304889678955,13.530873220278265,13.231890063582123,13.47720970274413,265227200
2013-06-13,13.368654251098633,13.404838801069456,13.147560837011238,13.262554665369521,285832400
2013-06-14,13.18742561340332,13.378774661166174,13.13989439300864,13.351482715402314,271866000
2013-06-17,13.247218132019043,13.360678247513261,13.196928251292777,13.23004623725692,259414400
2013-06-18,13.240166664123535,13.336147828545423,13.19233002385662,13.233727305358403,195025600
2013-06-19,12.97123908996582,13.236796363162904,12.97123908996582,13.228823315331608,310940000
2013-06-20,12.782341003417969,13.062616880738586,12.73113074127416,12.857776651003489,357310800
2013-06-21,12.679924011230469,12.879246145679558,12.514334007783887,12.832941538905416,481118400
2013-06-24,12.343830108642578,12.531499212543789,12.206144631531211,12.492861431774719,480746000
2013-06-25,12.346595764160156,12.50482600354027,12.230069060291509,12.440737012426752,314162800
2013-06-26,12.206765174865723,12.412832901341377,12.132862376156334,12.385540952253988,367724000
2013-06-27,12.075206756591797,12.308566332352974,12.067847841453737,12.242944494235227,337246000
2013-06-28,12.159538269042969,12.274224204667963,11.924644958514397,12.001000985696477,578516400
2013-07-01,12.548672676086426,12.642201403036921,12.30335393528325,12.348431897718806,391053600
2013-07-02,12.832938194274902,12.929226432723938,12.556342161706938,12.571367879453533,469865200
2013-07-03,12.90377426147461,12.970624374908347,12.801047483783329,12.905614195390406,240928800
2013-07-05,12.800126075744629,12.980129244551318,12.736650407866135,12.891201568975779,274024800
2013-07-08,12.727452278137207,12.909908725769986,12.592527052217356,12.882617598089482,298138400
2013-07-09,12.95130443572998,12.986568604683951,12.58424624689608,12.682986902575353,352584400
2013-07-10,12.901625633239746,13.026432420999894,12.825577497510945,12.866974777128329,281405600
2013-07-11,13.102791786193848,13.13223073448549,12.915123403876745,12.969706482820126,326292400
2013-07-12,13.07887077331543,13.17945136946619,12.983809978835657,13.113828698391496,279563200
2013-07-15,13.10738754272461,13.230660647661615,13.026432914108792,13.032873091664685,241917200
2013-07-16,13.192028999328613,13.207667214279542,13.007119267314579,13.079181321286544,216538000
2013-07-17,13.195393562316895,13.253964368058654,13.13130459387338,13.17668880039433,198990400
2013-07-18,13.239860534667969,13.335227569834965,13.204596365412547,13.289537109140142,218878800
2013-07-19,13.031034469604492,13.307937567177097,13.01263513022148,13.28095268825555,268721600
2013-07-22,13.072737693786621,13.178224780581418,13.046979438096313,13.169332176175507,207796400
2013-07-23,12.848274230957031,13.092672694175327,12.839687870948765,13.063234564415918,369395600
2013-07-24,13.50818157196045,13.633293826306677,13.347191008956479,13.459730788610102,591936800
2013-07-25,13.446540832519531,13.53546932318038,13.364052519193079,13.514004248972636,229493600
2013-07-26,13.522897720336914,13.524430589090096,13.318976226914536,13.348414349000924,200152400
2013-07-29,13.731417655944824,13.798880253058773,13.498671368365668,13.517069886287613,248057600
2013-07-30,13.900993347167969,14.018439570940854,13.775573259300401,13.797958707710796,309422400
2013-07-31,13.876769065856934,14.024266738690297,13.781708277345466,13.952205531784022,322957600
2013-08-01,14.0040283203125,14.007708187871135,13.899154551411806,13.975511393833413,206250800
2013-08-02,14.183722496032715,14.193229228686201,14.003413923224993,14.044811199368803,274783600
2013-08-05,14.395624160766602,14.433035342283459,14.171771201987156,14.249659303586776,318855600
2013-08-06,14.266829490661621,14.470443953229026,14.172381177005432,14.351771068626759,334857600
2013-08-07,14.258545875549316,14.320489490098497,14.160111471570547,14.222361332310523,298858000
2013-08-08,14.23015022277832,14.325530407555892,14.135694842848054,14.318122077816518,255777200
2013-08-09,14.02765941619873,14.213172634187432,14.002966631800518,14.156993623605507,266865200
2013-08-12,14.42615795135498,14.465975663650992,14.09495087733191,14.10205093888937,364434000
2013-08-13,15.111720085144043,15.268834686009706,14.44745310989305,14.536661325634071,881941200
2013-08-14,15.387365341186523,15.564852030384406,15.229942465023651,15.368227981436016,756372400
2013-08-15,15.369158744812012,15.507754231714598,15.09660003922527,15.323167409927324,490294000
2013-08-16,15.505590438842773,15.524419534451393,15.398481205952342,15.438298923981638,362306000
2013-08-19,15.672578811645508,15.857782091150096,15.557134824145116,15.56762913264758,510518400
2013-08-20,15.466693878173828,15.759934471181152,15.458977280751535,15.733388782590852,358688400
2013-08-21,15.506519317626953,15.654372745159003,15.470712379290198,15.544485783113526,335879600
2013-08-22,15.525029182434082,15.60621086960837,15.378100648214918,15.587381782354488,244207600
2013-08-23,15.465149879455566,15.537070343112147,15.413601495423721,15.534600900218647,222731600
2013-08-26,15.525343894958496,15.748515300207904,15.449101069315043,15.456817667516924,330965600
2013-08-27,15.081470489501953,15.511145380854876,15.010784735718785,15.371931751310463,424188800
2013-08-28,15.152774810791016,15.304025743859516,15.00152552621608,15.00152552621608,307608000
2013-08-29,15.177469253540039,15.325632558250875,15.159874881711795,15.17592626356241,239657600
2013-08-30,15.039182662963867,15.216051173678677,15.016957674274629,15.186727772194908,272297200
2013-09-03,15.081162452697754,15.452187247175663,15.043195997781169,15.220682704179024,331928800
2013-09-04,15.393228530883789,15.502808828348558,15.318838620643612,15.420084135806066,345032800
2013-09-05,15.28766918182373,15.454663280176508,15.237355494142216,15.441389605879744,236367600
2013-09-06,15.378722190856934,15.414527467029897,15.1234496942669,15.385513983574825,359525600
2013-09-09,15.624120712280273,15.67813855642285,15.541087729137654,15.588005510575089,340687200
2013-09-10,15.268217086791992,15.663628005483826,15.109559490096489,15.625043369472698,743195600
2013-09-11,14.43696403503418,14.621549174338451,14.347447528813868,14.415355579295241,898696400
2013-09-12,14.590680122375488,14.67432962420679,14.384484916365574,14.461345922275443,404051200
2013-09-13,14.350229263305664,14.564139517434594,14.344057301071565,14.487280124485192,298835600
2013-09-16,13.894006729125977,14.24867192365833,13.804491868319072,14.229844476184514,543706800
2013-09-17,14.054513931274414,14.19002173636763,13.8131316382539,13.827330111815876,399380800
2013-09-18,14.343427658081055,14.39497603011424,14.219340654305743,14.297126438851885,456862000
2013-09-19,14.578640937805176,14.687603054395172,14.484495479872187,14.529253724108548,404541200
2013-09-20,14.42770004272461,14.771560931532397,14.384176519723601,14.754584746400043,699302800
2013-09-23,15.144743919372559,15.338281932375038,14.896569905885071,15.313279240423311,762106800
2013-09-24,15.097214698791504,15.29383877805242,15.057705251651313,15.275627868778932,364344400
2013-09-25,14.863542556762695,15.11387609943576,14.8604565779941,15.100295814662418,316957200
2013-09-26,15.008316993713379,15.080545745621915,14.936704778452427,15.001526848121431,237221600
2013-09-27,14.901205062866211,14.96047004949791,14.838544179807114,14.932997906797645,228040400
2013-09-30,14.716002464294434,14.867560010167917,14.643772073592185,14.731435660335935,260156400
2013-10-01,15.062026977539062,15.098450447056072,14.766316870777349,14.76847804609017,353883600
2013-10-02,15.111413955688477,15.180556728128224,14.932075971496893,14.990106247715188,289184000
2013-10-03,14.921578407287598,15.197532930716557,14.839163620705275,15.140735733914795,322753200
2013-10-04,14.909849166870117,14.958309931106454,14.773106628740234,14.935468404785446,258868400
2013-10-07,15.0555419921875,15.206791262987629,14.981460346623608,15.018810261920812,312292400
2013-10-08,14.845335960388184,15.144748521458611,14.832988744747327,15.123140069840407,290917200
2013-10-09,15.019735336303711,15.05677533550375,14.763228107876753,14.959543895171883,301725200
2013-10-10,15.113884925842285,15.198460905107396,15.033629649075056,15.165743246780242,278602800
2013-10-11,15.211729049682617,15.243521891380679,14.975593924547514,15.032081195812982,267738800
2013-10-14,15.311430931091309,15.358966886887924,15.104929107857345,15.119745766572144,261898000
2013-10-15,15.392919540405273,15.495399772267424,15.29537984283664,15.356804350114182,320073600
2013-10-16,15.46793270111084,15.51176450270561,15.409902422433978,15.458054926273281,251101200
2013-10-17,15.5725679397583,15.581210990213796,15.423788121007716,15.433047707963373,253593200
2013-10-18,15.708076477050781,15.719497239280381,15.609918586433105,15.618561637294796,290542000
2013-10-21,16.092994689941406,16.183744260268764,15.789259752015592,15.796976350357143,398106800
2013-10-22,16.046998977661133,16.311840961835525,15.681529666958962,16.24887181569503,534063600
2013-10-23,16.204116821289062,16.22603354377891,16.02014658336922,16.02014658336922,313723200
2013-10-24,16.418638229370117,16.435924325997803,16.12663408669907,16.20534467755184,384764800
2013-10-25,16.2349853515625,16.45938984738518,16.20874792654385,16.400433120295016,337792000
2013-10-28,16.355985641479492,16.390557852228163,16.15010031261082,16.330056483417987,550440800
2013-10-29,15.948537826538086,16.64521445415904,15.882482673446207,16.553230139525304,635807200
2013-10-30,16.2022647857666,16.28313658120333,15.959029565890354,16.038976556458557,354163600
2013-10-31,16.134353637695312,16.282208657251562,16.090213579008957,16.20534930200086,275696400
2013-11-01,16.051939010620117,16.19917584654342,15.922604812948945,16.175099600533073,274890000
2013-11-04,16.25936508178711,16.26152625633288,16.01427865673539,16.08496439536845,244627600
2013-11-05,16.219240188598633,16.325424597009576,16.143615551710862,16.192386230344642,265213200
2013-11-06,16.17329216003418,16.29561983481333,16.08884253883219,16.27357515252002,223375600
2013-11-07,15.911561012268066,16.24377000467085,15.908146946517329,16.131689492567382,262620400
2013-11-08,16.162111282348633,16.179808374723848,15.914662057143435,15.976446846432784,279316800
2013-11-11,16.1152286529541,16.196572595956468,15.971168062307692,16.144413184341126,227452400
2013-11-12,16.145038604736328,16.26643441044874,16.051585406455185,16.072386498920487,204276800
2013-11-13,16.164289474487305,16.214586836636794,16.050343581202114,16.082633778027432,197220800
2013-11-14,16.398082733154297,16.432855144189052,16.202792807692884,16.231977358101673,282419200
2013-11-15,16.299657821655273,16.426951577240068,16.284134516460732,16.349023324993432,317920400
2013-11-18,16.102188110351562,16.367956214732835,16.08883860348949,16.299651707755288,244944000
2013-11-19,16.13075065612793,16.24966256455971,16.0816952449733,16.114605564412106,208938800
2013-11-20,15.989489555358887,16.15776865947713,15.96868846201619,16.12082081069632,193916800
2013-11-21,16.180124282836914,16.182298076191927,15.948199931843494,16.070215897987918,262026800
2013-11-22,16.138519287109375,16.21179153847949,16.099089231947996,16.1298257724243,223725600
2013-11-25,16.26084327697754,16.326973997447077,16.17577353263309,16.176393668767677,229311600
2013-11-26,16.560766220092773,16.645837644213245,16.26892079539695,16.27264492938858,401382800
2013-11-27,16.950725555419922,16.951967486224753,16.56076757329522,16.651116795757886,363448400
2013-11-29,17.264610290527344,17.334776865138068,17.008157487583674,17.060006833900218,318127600
2013-12-02,17.11434555053711,17.521067076017577,17.101616175423008,17.32453693211055,472544800
2013-12-03,17.582849502563477,17.58471322741562,17.314599140837817,17.333848234973512,450968000
2013-12-04,17.5418643951416,17.671953693637104,17.41208516469467,17.557387694985014,377809600
2013-12-05,17.631912231445312,17.856696775876774,17.585652372741116,17.77938864109687,447580000
2013-12-06,17.387248992919922,17.5962000664367,17.37327934759922,17.566393734770834,344352400
2013-12-09,17.586261749267578,17.684060857360837,17.41456861838472,17.41456861838472,320493600
2013-12-10,17.558937072753906,17.63127908811274,17.42388007316629,17.49777408665426,278269600
2013-12-11,17.428855895996094,17.727224358791737,17.377008190803608,17.603964809049373,359718800
2013-12-12,17.403396606445312,17.552424970093657,17.387563234046304,17.45307383307368,262290000
2013-12-13,17.21369171142578,17.476044106392127,17.190096693126474,17.47511224410933,332822000
2013-12-16,17.309005737304688,17.468591287226662,17.231699310020026,17.232009378053018,282592800
2013-12-17,17.231081008911133,17.369242046443695,17.18109372075293,17.256539755134007,229902400
2013-12-18,17.100055694580078,17.12116850800298,16.72841678694515,17.06683530528236,565863200
2013-12-19,16.904150009155273,17.07615323993119,16.88148519181982,17.060629937575897,320308800
2013-12-20,17.045730590820312,17.126144365976334,16.91533117395752,16.93427020399715,436413600
2013-12-23,17.69989776611328,17.719456926565705,17.472319406393378,17.635007316443417,501306400
2013-12-24,17.62476348876953,17.755472934404047,17.5738443416683,17.693688139741692,167554800
2013-12-26,17.50771713256836,17.681584109613528,17.49157203390647,17.638116536293047,204008000
2013-12-27,17.389423370361328,17.523548551130194,17.371106138664533,17.5052313194334,225884400
2013-12-30,17.21648597717285,17.389421049324394,17.148181465377476,17.307767029725344,253629600
2013-12-31,17.418298721313477,17.426370441093376,17.200344047955127,17.20562349655398,223084400
2014-01-02,17.173328399658203,17.294414110506587,17.13886607919326,17.252500208624717,234684800
2014-01-03,16.796100616455078,17.191024459141047,16.779023662203507,17.164945583864927,392467600
2014-01-06,16.8876953125,16.97680092758169,16.566973795590943,16.686507538147357,412610800
2014-01-07,16.766918182373047,16.950718894911127,16.701097533698622,16.899801410038737,317209200
2014-01-08,16.87310218811035,16.938301048173493,16.725005715858895,16.72872984901171,258529600
2014-01-09,16.657634735107422,16.978666352263563,16.621308677483636,16.976802627196502,279148800
2014-01-10,16.546485900878906,16.790519496230083,16.489668811167316,16.7604030892835,304976000
2014-01-13,16.63311195373535,16.84330338295627,16.451483278900575,16.45241514166413,378492800
2014-01-14,16.964073181152344,16.97462876172836,16.693027228522844,16.710414256157172,332561600
2014-01-15,17.304672241210938,17.392847694168967,17.12770119878342,17.185450167823667,391638800
2014-01-16,17.20810890197754,17.288832739493742,17.12831526889907,17.22828986135659,229278000
2014-01-17,16.786476135253906,17.140417959533895,16.762569392901856,17.12210073226499,426739600
2014-01-21,17.047279357910156,17.078325960671624,16.77871729018589,16.79641438435771,328526800
2014-01-22,17.123037338256836,17.30249050245023,17.008161247554124,17.104408379681686,379985200
2014-01-23,17.26802635192871,17.277961795454527,16.915016329271936,17.074290177529512,403239200
2014-01-24,16.954132080078125,17.25063502278153,16.91314838575705,17.200337681537228,429354800
2014-01-27,17.0916748046875,17.22517983410134,16.944200131068637,17.07832529661692,554878800
2014-01-28,15.72558307647705,15.989485797575409,15.588040542530722,15.795749649622724,1065523200
2014-01-29,15.547061920166016,15.752597279946801,15.480931191331523,15.646414705589226,502810000
2014-01-30,15.516939163208008,15.725580092948565,15.421313866704251,15.602630677544747,678501600
2014-01-31,15.542405128479004,15.571279600705802,15.323520246790988,15.374127675689236,464797200
2014-02-03,15.571277618408203,15.763773522708442,15.502042897244511,15.604809740695194,401464000
2014-02-04,15.796679496765137,15.817482242866998,15.609463072437467,15.705400111071896,376681200
2014-02-05,15.914658546447754,15.99817626866382,15.717816781172324,15.727442153474023,328344800
2014-02-06,16.007429122924805,16.038351312620534,15.86063129002144,15.930907629112543,257765200
2014-02-07,16.23137664794922,16.332885460024603,16.159540668969047,16.284473821656942,370280400
2014-02-10,16.52215576171875,16.61585643582112,16.17890077153098,16.19951445278133,345559200
2014-02-11,16.739856719970703,16.795762874848453,16.538086809888288,16.572757099574826,282256800
2014-02-12,16.738601684570312,16.852292184420925,16.6548976003395,16.770773237001702,308100800
2014-02-13,17.00440216064453,17.017519655824035,16.68488339740451,16.699250257269853,307398000
2014-02-14,16.990652084350586,17.052808374739477,16.90382543637235,16.943177909411418,272924400
2014-02-18,17.05312156677246,17.21553393229013,17.041251771122766,17.053433490857127,260251600
2014-02-19,16.783889770507812,17.08123182813491,16.689565259547873,17.014391666172052,313768000
2014-02-20,16.589618682861328,16.772334484863947,16.522466593130535,16.64708778086657,305858000
2014-02-21,16.405336380004883,16.696431539026328,16.38503463067704,16.64083567138217,278784800
2014-02-24,16.477184295654297,16.551208754358196,16.31695865670568,16.33975915077985,288909600
2014-02-25,16.305706024169922,16.540267925976487,16.27259870288038,16.534334696339904,231952000
2014-02-26,16.15859603881836,16.397531546149196,16.103937600331196,16.35411738664891,276217200
2014-02-27,16.48093032836914,16.51559894798858,16.117997386837292,16.152042158124473,301882000
2014-02-28,16.436267852783203,16.639597385054618,16.30758494757134,16.52496941670682,371968800
2014-03-03,16.483741760253906,16.5740062796278,16.32913578939224,16.34818818508076,238781200
2014-03-04,16.592424392700195,16.636152136448903,16.484044975483773,16.584929876100425,259140000
2014-03-05,16.62741470336914,16.702061326127954,16.526529753511582,16.582439241604135,200062800
2014-03-06,16.577125549316406,16.692377341033673,16.4943572350632,16.64084147168327,185488800
2014-03-07,16.56744384765625,16.615543546475212,16.430329014024075,16.58774560359763,220729600
2014-03-10,16.58243751525879,16.65770964656155,16.50185433342933,16.5024798497445,178584000
2014-03-11,16.743913650512695,16.82668197518699,16.634596743502325,16.723925483753888,279224400
2014-03-12,16.760156631469727,16.783269045648446,16.61617109510229,16.694567483236362,199326400
2014-03-13,16.574003219604492,16.855415492268758,16.527464807630352,16.78607826255761,257742800
2014-03-14,16.387849807739258,16.581496270136295,16.33506458306784,16.51590547839891,237199200
2014-03-17,16.451889038085938,16.552772356123704,16.424091080164324,16.481873802058274,199544800
2014-03-18,16.59743309020996,16.615236123783113,16.403786526584526,16.425649579244816,209647200
2014-03-19,16.593061447143555,16.748603216530636,16.52247316002831,16.62429557154057,224756000
2014-03-20,16.513092041015625,16.637089341843094,16.470927254027764,16.550259371645563,208398400
2014-03-21,16.64334487915039,16.670830906269362,16.439079561215266,16.613985638749796,374046400
2014-03-24,16.84073829650879,16.881653737901424,16.711743481016246,16.81668844392617,355700800
2014-03-25,17.02189826965332,17.04563620798798,16.853237307048285,16.91289491118988,282293200
2014-03-26,16.859163284301758,17.147135966664028,16.830429568519456,17.06967703482943,299768000
2014-03-27,16.786706924438477,16.91289111076621,16.713621580160375,16.866664609659765,222031600
2014-03-28,16.767963409423828,16.83292870412363,16.686444449882035,16.813564385789228,200564000
2014-03-31,16.764211654663086,16.89133155016298,16.738910777142813,16.84198249547962,168669200
2014-04-01,16.917570114135742,16.92444245310307,16.765150976883646,16.796071498106308,200760000
2014-04-02,16.9456787109375,16.974726017199472,16.874154681696254,16.940369329070506,180420800
2014-04-03,16.828245162963867,16.94412081909781,16.79232717909313,16.90945219991937,162344000
2014-04-04,16.610546112060547,16.86603533800292,16.57181747698948,16.86010210710673,275251200
2014-04-07,16.349750518798828,16.581815452011003,16.300403109407572,16.49186285106988,289850400
2014-04-08,16.348814010620117,16.43251978356003,16.200766784975823,16.40347246918484,243888400
2014-04-09,16.563697814941406,16.569007197670935,16.30446048929675,16.32382480726945,206169600
2014-04-10,16.35006332397461,16.62366754012425,16.340380329865418,16.57494231343628,239652000
2014-04-11,16.22918701171875,16.32975835523909,16.15204000231773,16.210132951429284,271717600
2014-04-14,16.293840408325195,16.308831114808978,16.154226839616374,16.30071107929512,205674000
2014-04-15,16.177642822265625,16.29258096488539,15.970565343129007,16.249792336399015,266490000
2014-04-16,16.210447311401367,16.2754126025896,16.058340090353177,16.180462560986708,214765600
2014-04-17,16.395662307739258,16.483741689424935,16.216382634528994,16.241369929765177,284334400
2014-04-21,16.590240478515625,16.62053547529077,16.365046334719334,16.408148565567792,182548800
2014-04-22,16.606800079345703,16.61086009743487,16.444386011430318,16.500917676615188,202563200
2014-04-23,16.389724731445312,16.58899418802072,16.380353664194025,16.524340829768686,394940000
2014-04-24,17.73338508605957,17.80303590112398,17.51350195327373,17.7471280946168,759911600
2014-04-25,17.863630294799805,17.86518991535556,17.614387917599288,17.632189276498806,390275200
2014-04-28,18.55544662475586,18.60729440862558,17.882678134822218,17.8904879126454,669485600
2014-04-29,18.5004825592041,18.614485014366117,18.412404841157137,18.544522252249497,337377600
2014-04-30,18.43052101135254,18.72224187889128,18.42146353279063,18.510166773115724,456640800
2014-05-01,18.473934173583984,18.577628109671956,18.31401882487082,18.49017424696535,244048000
2014-05-02,18.508285522460938,18.558885617787393,18.418646540336383,18.50079100364433,191514400
2014-05-05,18.770023345947266,18.77127437858751,18.427705786662596,18.43207939677289,287067200
2014-05-06,18.565444946289062,18.877777735028893,18.565444946289062,18.796258785425408,374564400
2014-05-07,18.5004825592041,18.655400461328867,18.35680894049798,18.591684523333715,282864400
2014-05-08,18.467498779296875,18.66913756140837,18.41756042188644,18.47566416703952,230297200
2014-05-09,18.39055061340332,18.412849436099243,18.226914089638953,18.359142049014785,291597600
2014-05-12,18.619508743286133,18.645576586914217,18.44896321848816,18.45179124656595,213208800
2014-05-13,18.648725509643555,18.673223356500472,18.552619475168115,18.593448101689454,159737200
2014-05-14,18.652175903320312,18.76304603342757,18.585277761181853,18.606949250197946,166404000
2014-05-15,18.493574142456055,18.73792699238847,18.46907629191504,18.67825321417231,230846000
2014-05-16,18.766508102416992,18.767135435218,18.386158237997105,18.487604996834243,276256400
2014-05-19,18.98887062072754,19.07492757425717,18.760848628333584,18.777181082412486,317755200
2014-05-20,18.99264144897461,19.045719833062567,18.86763786233035,18.986359735271872,234836000
2014-05-21,19.04289436340332,19.05514244767095,18.90941171509685,18.965002787241172,196859600
2014-05-22,19.073041915893555,19.15407517499834,18.973480538799297,19.051999435341504,200760000
2014-05-23,19.28850555419922,19.307350698177846,19.047921753500134,19.072419601992152,232209600
2014-05-27,19.649690628051758,19.656913339695173,19.33561169995536,19.34346342155379,348866000
2014-05-28,19.59881019592285,19.781603849188176,19.591585806697477,19.661939314308327,315481600
2014-05-29,19.955913543701172,20.0027118782252,19.71689985625793,19.719412541029143,376474000
2014-05-30,19.881166458129883,20.231991312058568,19.75239386170067,20.03757691353402,564020800
2014-06-02,19.744543075561523,19.938643816982648,19.551385010445543,19.911319623013256,369350800
2014-06-03,20.023757934570312,20.061448212876023,19.731979492133426,19.738574871496937,292709200
2014-06-04,20.252405166625977,20.348828193983117,19.97884288160026,20.020615849736338,335482000
2014-06-05,20.331865310668945,20.395309762818773,20.182992930537136,20.295746724899537,303805600
2014-06-06,20.27596092224121,20.454673548609023,20.241414019058755,20.4119579030252,349938400
2014-06-09,20.600404739379883,20.639978690933813,20.171688328678886,20.380549825715807,301660000
2014-06-10,20.721330642700195,20.89721528726935,20.5718291980245,20.826861764913744,251108000
2014-06-11,20.635578155517578,20.83344787325239,20.54983489072575,20.694938232158254,182724000
2014-06-12,20.2904109954834,20.69274590615886,20.20466770991124,20.675157109795354,218996000
2014-06-13,20.068359375,20.323391919684994,19.98041706037207,20.27062552449215,218100000
2014-06-16,20.2706241607666,20.39154504491496,20.10573296094249,20.118925397533236,142244000
2014-06-17,20.244237899780273,20.38054685285865,20.18267880131138,20.294803583225598,118904000
2014-06-18,20.266223907470703,20.290408079655155,20.083743945482457,20.286010042516327,134056000
2014-06-19,20.195880889892578,20.292617628830737,20.081555347991014,20.290418609120167,142112000
2014-06-20,19.987010955810547,20.347572879119408,19.984811937018698,20.19367343352766,403592000
2014-06-23,19.969419479370117,20.143105038692195,19.918852118105352,20.077147902670266,174776000
2014-06-24,19.84849739074707,20.16948529959155,19.82871125758411,19.9518294480013,156144000
2014-06-25,19.866086959838867,19.940836813412776,19.709990197352525,19.83310839258466,147476000
2014-06-26,19.98480796813965,20.0177865340285,19.742967947220635,19.86828515571064,130516000
2014-06-27,20.22224998474121,20.22664634373432,19.956224138274518,19.967217551796395,256116000
2014-06-30,20.43111228942871,20.606996849083007,20.24643333405575,20.248632352325284,197929200
2014-07-01,20.560834884643555,20.681755782196653,20.475091585418706,20.560834884643555,152892000
2014-07-02,20.552030563354492,20.67954509192777,20.46628563516179,20.63777381418793,113860000
2014-07-03,20.672962188720703,20.688351969249357,20.490482164337884,20.593814266756112,91567200
2014-07-07,21.099485397338867,21.10388175946254,20.688355928310795,20.697150329918735,225872000
2014-07-08,20.963159561157227,21.28195009929926,20.64876705932578,21.165425620100137,260888000
2014-07-09,20.97196388244629,21.095082119664358,20.83345586557596,20.982957301066552,145744000
2014-07-10,20.89501190185547,21.00713838127311,20.56083148247425,20.613597871235452,158744000
2014-07-11,20.934593200683594,21.081895646937117,20.855445267128754,20.965372766248194,136072000
2014-07-14,21.205007553100586,21.301744260084714,21.029124613645827,21.075293948153703,171240000
2014-07-15,20.956573486328125,21.2929512869469,20.892815350398532,21.281959546010153,181911600
2014-07-16,20.837854385375977,21.347917863298534,20.82905998504072,21.319337320229206,213585200
2014-07-17,20.466297149658203,20.9477800424237,20.3519733100139,20.892816303153126,229192000
2014-07-18,20.760906219482422,20.829060727810646,20.450909886711308,20.582824219083943,199952000
2014-07-21,20.653175354003906,20.886221073436452,20.604806994719368,20.884022054188915,156316000
2014-07-22,20.824661254882812,20.862036194036243,20.692748619578843,20.81586685554786,220788000
2014-07-23,21.36769676208496,21.5193954917909,20.92358895605745,20.978552677184442,371672000
2014-07-24,21.3325252532959,21.396283389251746,21.19841360134742,21.334724272428204,182916000
2014-07-25,21.473230361938477,21.51060529703939,21.24678005503769,21.292949388519986,173876000
2014-07-28,21.770036697387695,21.818405055401698,21.446851325618105,21.506211424860634,221272000
2014-07-29,21.62932777404785,21.862375144379964,21.60074723651581,21.838190967483612,172572000
2014-07-30,21.578760147094727,21.699679343392937,21.473229050324043,21.642518273445365,132040000
2014-07-31,21.018131256103516,21.42486254661911,20.95877116224103,21.361106092135714,227372000
2014-08-01,21.134658813476562,21.242388962344155,20.844450304363026,20.864238124968246,194044000
2014-08-04,21.015933990478516,21.23359159997358,20.923595313495245,21.187422261481945,159832000
2014-08-05,20.912595748901367,21.035713938820297,20.745505578754578,20.96536044781526,223732000
2014-08-06,20.877431869506836,20.991757415787625,20.822468116161243,20.831262517979813,154232000
2014-08-07,20.87521743774414,21.20001035434394,20.79125591917659,20.974643599970115,186844000
2014-08-08,20.932661056518555,20.950337341626526,20.61007643896305,20.826606717277382,167460000
2014-08-11,21.208845138549805,21.228731379267458,20.95475403724489,21.0497619556214,146340000
2014-08-12,21.204437255859375,21.40549960381546,21.124895625587687,21.219903590317536,135180000
2014-08-13,21.48503303527832,21.48503303527832,21.219895492686675,21.24419996408964,127664000
2014-08-14,21.542482376098633,21.557948706273844,21.38781907434653,21.50492152934506,112464000
2014-08-15,21.64853858947754,21.69493758037571,21.401075618983715,21.630862301791502,195804000
2014-08-18,21.909250259399414,21.955649234046835,21.648531007307025,21.76121350900662,190288000
2014-08-19,22.211946487426758,22.24508909069257,21.94459907630079,21.964485312541406,277596000
2014-08-20,22.22079086303711,22.335683342803662,22.08380218442407,22.192068164521295,210796000
2014-08-21,22.22299575805664,22.302537335816588,22.119149715664324,22.22078580153472,133912000
2014-08-22,22.38650131225586,22.419643923448547,22.136830121250327,22.15892463347771,176736000
2014-08-25,22.435115814208984,22.57431279289351,22.377668719609044,22.490352951327175,161080000
2014-08-26,22.291494369506836,22.426273091414952,22.284866184118453,22.408596806577066,132608000
2014-08-27,22.565465927124023,22.66268379030253,22.24950955749687,22.32021299825315,209476000
2014-08-28,22.59198570251465,22.709088145978956,22.439530687444233,22.44615887319453,273840000
2014-08-29,22.647218704223633,22.735598431429512,22.580933487393448,22.726760290138614,178380000
2014-09-02,22.823986053466797,22.921202269887637,22.695835488976062,22.7709571873787,214256000
2014-09-03,21.86064910888672,22.80188867652142,21.781107499550885,22.779794159640037,501684000
2014-09-04,21.67947006225586,22.114737244177114,21.606556643823563,21.84076154286896,342872000
2014-09-05,21.86727523803711,21.96007321163032,21.721448406073414,21.82971439430225,233828000
2014-09-08,21.73249626159668,21.942396678413356,21.664002760768724,21.94018840695036,185426800
2014-09-09,21.65074348449707,22.77537224899579,21.241989088302557,21.89157823097379,759385200
2014-09-10,22.315797805786133,22.340102274886316,21.599925160052866,21.655162283334516,403478400
2014-09-11,22.41080665588379,22.41301661290373,22.010890406142867,22.18543992524556,249412400
2014-09-12,22.461631774902344,22.57873424384659,22.333481203501417,22.362203909903517,250504400
2014-09-15,22.45499610900879,22.76874426937705,22.413017039051553,22.715715414110022,245266000
2014-09-16,22.28487205505371,22.37325181682344,21.84960311904338,22.05066711921211,267632400
2014-09-17,22.44394874572754,22.492557684814493,22.225208519836247,22.375453565330808,243706000
2014-09-18,22.4903507232666,22.61408135872851,22.439531820442756,22.52128338213208,149197600
2014-09-19,22.306961059570312,22.614079349377064,22.20532494865688,22.60082297838502,283609600
2014-09-22,22.329051971435547,22.567676725021986,22.22299764919917,22.49255505391314,211153600
2014-09-23,22.67815589904785,22.744441129157078,22.214164345393538,22.227420717134013,253608800
2014-09-24,22.48151206970215,22.72455510628797,22.359989708557517,22.572101772683318,240687200
2014-09-25,21.624235153198242,22.25172822483723,21.59109253362212,22.207539189204834,400368000
2014-09-26,22.26056480407715,22.26056480407715,21.74133608623442,21.77005878880576,249482000
2014-09-29,22.119150161743164,22.19206355711072,21.792145703723882,21.796565616856856,199065200
2014-09-30,22.26056480407715,22.43511434824962,22.21195585687677,22.273821176694145,221056400
2014-10-01,21.913671493530273,22.247304188287956,21.807615475711472,22.225207990535928,205965200
2014-10-02,22.0727596282959,22.143463094132716,21.661795206337022,21.933560968330205,191031200
2014-10-03,22.010894775390625,22.141253608487744,21.8827442140485,21.97112396965354,173878400
2014-10-06,22.010894775390625,22.23847150822365,21.96670405473629,22.083806514488924,148204800
2014-10-07,21.818660736083984,22.12136073745286,21.8142425085303,21.96890575845425,168376800
2014-10-08,22.2716121673584,22.340105671215564,21.72144912212648,21.820876970571234,229618800
2014-10-09,22.320219039916992,22.620709165893956,22.229631022100815,22.435113215810013,309506000
2014-10-10,22.256145477294922,22.54337754595089,22.161137544917896,22.24730733408503,265326400
2014-10-13,22.052871704101562,22.48814056733929,22.052871704101562,22.38871440553625,214333600
2014-10-14,21.818660736083984,22.20973877415055,21.778889945288824,22.1810160807941,254754400
2014-10-15,21.551311492919922,21.90703862365398,21.029873028702404,21.64631939154522,403734400
2014-10-16,21.268508911132812,21.591093607260355,21.080702971800825,21.111635635422388,288618000
2014-10-17,21.580041885375977,21.87390382619572,21.390026020312344,21.542481040950328,272718800
2014-10-20,22.041820526123047,22.086009547218964,21.701559669434562,21.72365417998252,310069200
2014-10-21,22.640592575073242,22.762113236023197,22.375453369385337,22.762113236023197,378495600
2014-10-22,22.7554874420166,23.002950389521306,22.669317654681738,22.722344827110096,273052400
2014-10-23,23.162033081054688,23.21064202375041,22.896893853360762,22.996321695884753,284298800
2014-10-24,23.248210906982422,23.307866284566185,23.095755840473746,23.23937276109891,188215600
2014-10-27,23.22389793395996,23.305649489206928,23.133308236061698,23.16645084957822,136750800
2014-10-28,23.584047317504883,23.584047317504883,23.2769289735584,23.28797707513492,192243600
2014-10-29,23.716615676879883,23.723245549127476,23.50008704982585,23.564162329257154,210751600
2014-10-30,23.637073516845703,23.718823390760512,23.398448709611454,23.63265360243205,162619200
2014-10-31,23.862436294555664,23.8712744362084,23.687886789746294,23.864646251394635,178557200
2014-11-03,24.17176628112793,24.370620268630454,23.864648000425305,23.911046983225347,209130400
2014-11-04,23.99500274658203,24.191646743811546,23.80056870597953,24.162924050472324,166297600
2014-11-05,24.05245018005371,24.149668044665955,23.891157057920037,24.1054773399772,149743600
2014-11-06,24.121246337890625,24.141218811922123,23.921531755653476,24.099056016865717,139874000
2014-11-07,24.19002914428711,24.258819620666234,24.087952352784686,24.132332977607543,134766000
2014-11-10,24.15009880065918,24.26105211497663,24.11459292743125,24.19225990885082,108782000
2014-11-11,24.34314727783203,24.354243282272723,24.05466978551243,24.121240733118842,109769200
2014-11-12,24.687105178833008,24.72704842796646,24.269921449115735,24.272139295780626,187769600
2014-11-13,25.03549575805664,25.17529626867707,24.764769508558715,24.809151832336063,238091600
2014-11-14,25.337291717529297,25.339511257227954,24.67822894708576,25.108728225937146,176254400
2014-11-17,25.295129776000977,26.02520260415283,25.142015391917358,25.357263345543636,186986800
2014-11-18,25.623552322387695,25.672372039457766,25.27293952980517,25.284035535689387,176896000
2014-11-19,25.446027755737305,25.68346773452769,25.2529701098595,25.61689677467816,167476800
2014-11-20,25.809955596923828,25.932004901730068,25.4859721704535,25.499287717440616,173582000
2014-11-21,25.845462799072266,26.0895597282726,25.74782335018691,26.07624587361116,228717200
2014-11-24,26.32477378845215,26.355840570449484,25.878742835627836,25.929780394760897,189803200
2014-11-25,26.09621810913086,26.57331767955855,26.062931777610203,26.42242111060963,275361600
2014-11-26,26.406883239746094,26.42907355932818,26.14725294530865,26.171662804752806,163073200
2014-11-28,26.39134407043457,26.495640411957076,26.19606693063471,26.466791479102984,99257600
2014-12-01,25.5347900390625,26.462359609228074,24.69154435963458,26.364720172469745,335256000
2014-12-02,25.437158584594727,25.68569464114723,25.019974693644492,25.186404680520177,237395600
2014-12-03,25.72563362121582,25.818833992020842,25.543670266924213,25.68569036329751,172253600
2014-12-04,25.62799072265625,26.007450775329467,25.583610083389495,25.690124294834852,168178000
2014-12-05,25.519256591796875,25.75891610350379,25.43937008789457,25.738943631021794,153275600
2014-12-08,24.942304611206055,25.44159450990141,24.769217717207106,25.319545190792834,230659600
2014-12-09,25.323986053466797,25.363929315893923,24.265490445654557,24.451892901318914,240832000
2014-12-10,24.842443466186523,25.485972951871183,24.751462639552038,25.388335198045517,178261200
2014-12-11,24.769214630126953,25.252971072735487,24.70707936168018,24.911234714836528,165606800
2014-12-12,24.349811553955078,24.824691534538125,24.316525225911544,24.511802421147056,224112400
2014-12-15,24.01694679260254,24.76477078697034,23.599761392622153,24.56505455219384,268872400
2014-12-16,23.688526153564453,24.44522836371554,23.57979240919822,23.604202267139403,243162800
2014-12-17,24.27879524230957,24.374213428778393,23.704056425988124,23.77062906488676,213647200
2014-12-18,24.997772216796875,24.997772216796875,24.556178673640154,24.824685385459695,236024800
2014-12-19,24.804719924926758,25.128703363614193,24.778092215974358,24.91123583977545,353719200
2014-12-22,25.0621280670166,25.18417566232007,24.846878427447695,24.88904121668652,180670000
2014-12-23,24.97336769104004,25.148674099243564,24.955614757624083,25.126483778980077,104113600
2014-12-24,24.855751037597656,25.011084932256676,24.855751037597656,24.98223769268071,57918400
2014-12-26,25.295129776000977,25.412739988779983,24.855755709656275,24.87572648857522,134884000
2014-12-29,25.277381896972656,25.46822001750199,25.230780020608087,25.25075249519476,110395600
2014-12-30,24.968929290771484,25.27959886195474,24.87794846731103,25.21746528632068,119526000
2014-12-31,24.494049072265625,25.104292201680494,24.456325357861267,25.035501699765142,165613600
2015-01-02,24.26104736328125,24.729270393437197,23.821671579713147,24.718174386973395,212818400
2015-01-05,23.577577590942383,24.110153799834524,23.391176848987335,24.030267283850048,257142000
2015-01-06,23.579792022705078,23.83942229690088,23.218083238966898,23.64192558989593,263188400
2015-01-07,23.91043472290039,24.010292009735185,23.677432129602,23.78838542297973,160423600
2015-01-08,24.829126358032227,24.886822541149925,24.121243847243377,24.238855753255983,237458000
2015-01-09,24.855751037597656,25.130914662284695,24.45631860417092,25.002208467845808,214798000
2015-01-12,24.2432918548584,24.99333542358363,24.143434579343243,24.986678497617646,198603200
2015-01-13,24.458539962768555,25.0310592622604,24.16784292699338,24.727046682372265,268367600
2015-01-14,24.365339279174805,24.518453643730982,24.07686009393188,24.19668983120144,195826400
2015-01-15,23.704059600830078,24.42303640937501,23.668555430204687,24.409722557017083,240056000
2015-01-16,23.519882202148438,23.872714608651194,23.34457576901996,23.750665290329735,314053200
2015-01-20,24.12567901611328,24.18115565046122,23.633046232221588,23.930400179680525,199599600
2015-01-21,24.30986785888672,24.644945594224467,24.025825998667738,24.176722549122562,194303600
2015-01-22,24.942304611206055,24.957838007000497,24.347594797483953,24.467424576332416,215185600
2015-01-23,25.071002960205078,25.24187026011724,24.749237444378423,24.920106437303215,185859200
2015-01-26,25.097631454467773,25.377234192519005,25.03106050265451,25.23965151661796,222460000
2015-01-27,24.218883514404297,24.960052356934085,24.1944736556585,24.946736811155496,382274800
2015-01-28,25.588041305541992,26.211599802995735,25.588041305541992,26.102864384866415,585908400
2015-01-29,26.384687423706055,26.449040522197077,25.643518714371965,25.812168155485935,337745600
2015-01-30,25.998577117919922,26.62879102622777,25.929784923186702,26.273740817813987,334982000
2015-02-02,26.32477378845215,26.444603530304434,25.75891309377555,26.196069274325748,250956400
2015-02-03,26.32921600341797,26.426853747175713,26.09843295751384,26.295929677881375,207662800
2015-02-04,26.531145095825195,26.74195732236966,26.253761923802895,26.295924707714292,280598800
2015-02-05,26.72051239013672,26.78511946783196,26.566792043217205,26.738333684226184,168984800
2015-02-06,26.495500564575195,26.78957314987504,26.388564306423362,26.738332469997374,174826400
2015-02-09,26.671506881713867,26.698239679585615,26.384117406729843,26.410851904296266,155559200
2015-02-10,27.18390655517578,27.212869353760585,26.76953287234802,26.771759472473963,248034000
2015-02-11,27.821062088012695,27.829973586883128,27.290840652931514,27.350991145688674,294247200
2015-02-12,28.173051834106445,28.400290751132346,27.97477570633153,28.08393856663931,297898000
2015-02-13,28.31118392944336,28.35573972347411,27.992605073009173,28.35573972347411,217088800
2015-02-17,28.4782657623291,28.71218788961449,28.27553302538919,28.402518885994155,252609600
2015-02-18,28.676544189453125,28.68991058646957,28.393609654845907,28.43371054558967,179566800
2015-02-19,28.616392135620117,28.745606306357125,28.589659341463797,28.623075334159196,149449600
2015-02-20,28.85031509399414,28.85031509399414,28.527281357761577,28.65426553296407,195793600
2015-02-23,29.63006591796875,29.63006591796875,28.885973349115567,28.966175167275157,283896400
2015-02-24,29.445144653320312,29.763725201645627,29.222362289234308,29.61668802549548,276912400
2015-02-25,28.69214630126953,29.31816775532509,28.54956568881683,29.30925455488995,298846800
2015-02-26,29.055267333984375,29.15551868971371,28.206467309747538,28.69213109498162,365150000
2015-02-27,28.61862564086914,29.08869659224438,28.56961324598533,28.961709005666517,248059200
2015-03-02,28.75897216796875,29.024083703045708,28.58297561073508,28.794618159106065,192386800
2015-03-03,28.819128036499023,28.8547740321923,28.536193469691177,28.730016446655085,151265200
2015-03-04,28.636445999145508,28.863684981508023,28.58743700235103,28.761206989043135,126665200
2015-03-05,28.16192054748535,28.683230483724483,28.017111665298497,28.645357888294036,226068400
2015-03-06,28.204252243041992,28.821358759432627,28.128507040900164,28.605259553788784,291368400
2015-03-09,28.324548721313477,28.865911616282308,27.861161011018062,28.507230185990295,354114000
2015-03-10,27.738636016845703,28.342376093308992,27.580460722985116,28.16192290025722,275426400
2015-03-11,27.232913970947266,27.796553044141444,27.20395287735549,27.7920981450098,275756000
2015-03-12,27.725263595581055,27.825516675855415,27.09701741803413,27.248509488491273,193450800
2015-03-13,27.53367805480957,27.936915384693087,27.308669037798854,27.714132968068252,207309200
2015-03-16,27.83665657043457,27.83665657043457,27.373270530624637,27.598279501504912,143497200
2015-03-17,28.302268981933594,28.364647765853334,27.992601661978895,28.04829724757786,204092400
2015-03-18,28.620845794677734,28.774566144065084,28.153003248357336,28.293355502345175,261083600
2015-03-19,28.404754638671875,28.794623819986978,28.38247673967853,28.68323262532552,183238000
2015-03-20,28.04830551147461,28.605259831865816,27.883447005443692,28.571843830416558,274780400
2015-03-23,28.340145111083984,28.482725692046003,28.18642473173338,28.320095513618043,150838800
2015-03-24,28.224294662475586,28.525048776130525,28.195331871021246,28.344597327754162,131369200
2015-03-25,27.486886978149414,28.253258840820795,27.486886978149414,28.190880051941875,206620800
2015-03-26,27.678470611572266,27.821051137992047,27.31310780015984,27.34875378161176,190291600
2015-03-27,27.457929611206055,27.780963397342344,27.38218441433897,27.752002298486357,158184800
2015-03-30,28.153011322021484,28.1596945217907,27.625016444221654,27.636156243633515,188398800
2015-03-31,27.72081184387207,28.17974300661866,27.70521714512907,28.09062971393237,168362400
2015-04-01,27.680715560913086,27.874536877334418,27.424515439122583,27.807701471756037,162485600
2015-04-02,27.919090270996094,27.972557571025973,27.667346771147866,27.854483171099858,128880400
2015-04-06,28.371335983276367,28.406981980219054,27.698533938082665,27.729723335560173,148776000
2015-04-07,28.072811126708984,28.54288043413627,28.06612792655855,28.43594583233963,140049200
2015-04-08,27.981470108032227,28.15969671433038,27.841117802866478,28.037165710038536,149316800
2015-04-09,28.195341110229492,28.199797710234062,27.772055893319394,28.037165803965053,129936000
2015-04-10,28.315637588500977,28.340143784052685,27.905718862353325,28.059437534811437,160752000
2015-04-13,28.25994110107422,28.6431287193776,28.206473812338743,28.598569529324855,145460400
2015-04-14,28.13741111755371,28.357965165260012,28.05052613816352,28.2933580806401,102098400
2015-04-15,28.24434471130371,28.322318190138613,28.072803057866928,28.161916333547257,115881600
2015-04-16,28.10845184326172,28.31563951998062,28.09508544466522,28.132958040485054,113476000
2015-04-17,27.792097091674805,28.101764410267815,27.727490008700773,27.970323644685543,207828000
2015-04-20,28.427026748657227,28.54287281964804,27.88566558485998,27.974778862380663,188217200
2015-04-21,28.273303985595703,28.56069167187547,28.219835007023242,28.538415480344838,129740400
2015-04-22,28.654264450073242,28.70996003695296,28.141866070596485,28.29112983550747,150618000
2015-04-23,28.888195037841797,29.055281847314507,28.547338218468653,28.58298422034306,183083600
2015-04-24,29.02408218383789,29.102057360445713,28.790160053403067,29.07086796968031,178103600
2015-04-27,29.552078247070312,29.659016225812266,29.217904712126938,29.476333061669838,387816800
2015-04-28,29.086467742919922,29.973140686476548,28.86591535661162,29.955321087077223,475696000
2015-04-29,28.65871810913086,29.315925287019514,28.58297293459747,28.99734819445281,253544400
2015-04-30,27.88121223449707,28.658722182170372,27.75422635937739,28.658722182170372,332781600
2015-05-01,28.727783203125,28.990668142439187,27.914628989612147,28.092853848868014,234050400
2015-05-04,28.672088623046875,29.088693941596958,28.57406384221156,28.850315188257536,203953200
2015-05-05,28.026018142700195,28.616389964792756,28.021561544215924,28.54955458508318,197085600
2015-05-06,27.85002326965332,28.237664099723222,27.482432036108552,28.19533490746636,288564000
2015-05-07,28.02228355407715,28.205728097991734,27.744878277488812,27.91266298375682,175763600
2015-05-08,28.55023956298828,28.55023956298828,28.212432622052773,28.33994890075382,222201600
2015-05-11,28.259416580200195,28.536820128929442,28.10505411598105,28.498789341360546,168143200
2015-05-12,28.15875244140625,28.38470131456575,27.923853137743748,28.09834898307268,192640000
2015-05-13,28.19007110595703,28.45405247207108,28.158751427502352,28.221390784411707,138776800
2015-05-14,28.847780227661133,28.847780227661133,28.447335604555988,28.50326383431632,180814000
2015-05-15,28.807510375976562,28.96858393307791,28.682231701250593,28.874624927033434,152832000
2015-05-18,29.125186920166016,29.243754500049338,28.715791848392346,28.720267062799756,203531600
2015-05-19,29.09834861755371,29.279555583127085,29.002150262176887,29.237049571234245,178532800
2015-05-20,29.096099853515625,29.30191531631098,28.935026288964824,29.082677625401065,145819600
2015-05-21,29.393638610839844,29.447330937222763,29.04464702332097,29.098339349703892,158921600
2015-05-22,29.650909423828125,29.74710775614542,29.3958768271936,29.440622142832332,182384000
2015-05-26,28.997671127319336,29.733688635308464,28.885814653705438,29.664338167842033,282790400
2015-05-27,29.539058685302734,29.588275811170842,29.0938720652989,29.158747323803784,183332800
2015-05-28,29.48089027404785,29.51892106333219,29.328767116910498,29.49878771846198,122933200
2015-05-29,29.14532470703125,29.407068465551777,29.060312688274706,29.357851340333667,203538000
2015-06-01,29.203487396240234,29.39364477181429,29.093870233915997,29.145323257325103,128451200
2015-06-02,29.073740005493164,29.230338406743176,28.93056383669471,29.051367342347824,134670400
2015-06-03,29.109535217285156,29.292981520532248,29.06031808293055,29.230342152006305,123934000
2015-06-04,28.939510345458984,29.212440445810152,28.838840190251535,28.988727472642903,153800400
2015-06-05,28.780662536621094,29.01332585870942,28.715787299139233,28.970819862543983,142507200
2015-06-08,28.590511322021484,28.905947352561356,28.373509520607943,28.836593481249118,210699200
2015-06-09,28.5054931640625,28.653144475857136,28.102811026683334,28.344419626393343,224301600
2015-06-10,28.832122802734375,28.935028836397862,28.601697056785675,28.61735689322936,156349200
2015-06-11,28.767250061035156,29.12295286491456,28.74264149773343,28.899239894385772,141563600
2015-06-12,28.4495792388916,28.709087114788105,28.4361570062744,28.677767434151573,147544800
2015-06-15,28.393648147583008,28.465236225689328,28.122955673906148,28.2102035907609,175955600
2015-06-16,28.5457706451416,28.60169887983302,28.27060468626461,28.418254338316935,125976400
2015-06-17,28.478654861450195,28.6084070554388,28.353374467993678,28.572613876447008,131672400
2015-06-18,28.6084041595459,28.70460077186533,28.460754537610217,28.462992144443856,141628800
2015-06-19,28.322059631347656,28.594989708279165,28.277317723271246,28.570381146798823,218867600
2015-06-22,28.548009872436523,28.648680017876067,28.42944228124948,28.521163703815272,136157200
2015-06-23,28.418258666992188,28.548012600871054,28.38470137970703,28.518930528847665,121075600
2015-06-24,28.659866333007812,29.037941766950528,28.43839098908134,28.458524335440853,221123600
2015-06-25,28.523399353027344,28.90371066168334,28.523399353027344,28.827649082669843,127752400
2015-06-26,28.355606079101562,28.633009558107293,28.30191546857001,28.56142150846731,176267200
2015-06-29,27.858978271484375,28.292982016698804,27.847793646101373,28.067031419708393,196645600
2015-06-30,28.060317993164062,28.21468048917627,27.93280166809144,28.091637672529654,177482800
2015-07-01,28.322059631347656,28.39812292323082,28.185594592881902,28.389174200256658,120955200
2015-07-02,28.28626823425293,28.342196476280925,28.136379248454087,28.284030626669352,108844000
2015-07-06,28.18783187866211,28.239286608477762,27.930561643172588,27.950696696333278,112241600
2015-07-07,28.118480682373047,28.221388432547396,27.68895052960031,28.163222588781263,187787200
2015-07-08,27.420494079589844,27.88357978178453,27.413782964699145,27.84778660010273,243046400
2015-07-09,26.86121368408203,27.75382787155724,26.671058019032134,27.70684835714216,314380000
2015-07-10,27.579330444335938,27.706846749433172,27.11624473563605,27.279555929712142,245418000
2015-07-13,28.11176872253418,28.134139675066198,27.81199249686344,27.970828478673333,165762000
2015-07-14,28.1005859375,28.27060827041979,27.973069614508784,28.19678258163685,127072400
2015-07-15,28.37127685546875,28.445102540173007,28.093873269458246,28.125192946582285,134596800
2015-07-16,28.749347686767578,28.762773330113234,28.48984157296087,28.5770894799712,144889600
2015-07-17,28.997671127319336,28.997671127319336,28.704607712625105,28.87686763779534,184658800
2015-07-20,29.545759201049805,29.747099410584763,29.239270260133992,29.299673688429426,235600800
2015-07-21,29.25047492980957,29.73593173316305,29.154279977741187,29.720273598133325,307025600
2015-07-22,28.01333236694336,28.07597171201857,27.290738877867724,27.290738877867724,461802400
2015-07-23,27.999910354614258,28.43167465891091,27.97753769680489,28.232570293325455,203998000
2015-07-24,27.852258682250977,28.129662226565415,27.718031270924257,28.035703209316125,168649200
2015-07-27,27.465238571166992,27.653158339783495,27.31982651671652,27.536826648069855,177822000
2015-07-28,27.601699829101562,27.720269112015007,27.416019400149505,27.601699829101562,134472400
2015-07-29,27.514455795288086,27.628549879982344,27.35338219496546,27.5502506872684,148046800
2015-07-30,27.375751495361328,27.420493398050073,27.22810014425895,27.364565166292053,134513200
2015-07-31,27.136383056640625,27.436157607379755,27.049135137736286,27.427208884056945,171540000
2015-08-03,26.49656105041504,27.42049487435575,26.290743849300853,27.181122097815482,279904000
2015-08-04,25.646455764770508,26.331016934036064,25.33549486064043,26.268377573030666,496554400
2015-08-05,25.81647491455078,26.2728495398974,25.078221492738294,25.268377159934126,397250400
2015-08-06,25.87265396118164,26.180528605790244,25.64568237253006,26.061424329374656,211612000
2015-08-07,25.960296630859375,26.124347048434043,25.731077307919982,25.749055764685426,154681600
2015-08-10,26.904142379760742,26.96481752220185,26.187267346347056,26.187267346347056,219806400
2015-08-11,25.504104614257812,26.558068092610604,25.46814941438968,26.47491901397798,388331200
2015-08-12,25.897377014160156,25.937827689726046,24.636666292630203,25.288370859182763,404870000
2015-08-13,25.87714958190918,26.15805654281892,25.740066847823627,26.077155200915314,194143200
2015-08-14,26.059179306030273,26.137832919914096,25.62096508973455,25.69062947424305,171718000
2015-08-17,26.32884407043457,26.438959100707535,25.955798865502036,26.077150858148052,163538800
2015-08-18,26.18052864074707,26.39177122306131,26.070413592624128,26.16479791958665,138242800
2015-08-19,25.845687866210938,26.185022236948075,25.771528017829972,26.090637910565032,193146000
2015-08-20,25.315330505371094,25.697363208610664,25.08610951181161,25.636688071797668,274006400
2015-08-21,23.766979217529297,25.146794222652353,23.742259265115024,24.81644732631634,513102000
2015-08-24,23.173704147338867,24.45014560508796,20.6747548949793,21.319717974691265,648825200
2015-08-25,23.31302833557129,24.969256274672787,23.25909468303851,24.969256274672787,414406400
2015-08-26,24.650144577026367,24.69508899839027,23.60741822780192,24.065856812176996,387098400
2015-08-27,25.37601089477539,25.44792300842983,24.724306400364522,25.220951417704274,338464400
2015-08-28,25.45916175842285,25.46365551573893,25.06589198423986,25.207468485718483,212657600
2015-08-31,25.34005355834961,25.73781702840714,25.169261659877726,25.176003152070585,224917200
2015-09-01,24.207443237304688,25.142300893154797,24.126541879694923,24.75352654391043,307383600
2015-09-02,25.245668411254883,25.245668411254883,24.52429957443131,24.77149906032221,247555200
2015-09-03,24.802959442138672,25.344547123280524,24.728799599538373,25.27937650837601,212935600
2015-09-04,24.555757522583008,24.82093371239402,24.38496735692281,24.48834089335494,199985200
2015-09-08,25.23892593383789,25.29510732125327,24.79172257007705,25.113080174673804,219374400
2015-09-09,24.753520965576172,25.623207792112183,24.6681241548325,25.564780380521217,340043200
2015-09-10,25.297359466552734,25.45691442888302,24.697342555848657,24.780489926424618,251571200
2015-09-11,25.66590690612793,25.66590690612793,25.11532995053779,25.122071443252118,199662000
2015-09-14,25.91310691833496,26.268173757691024,25.811981089875907,26.198509374286793,233453600
2015-09-15,26.13109016418457,26.187271559176203,25.71310044828522,26.05243655410031,173364800
2015-09-16,26.160303115844727,26.18951682125369,25.942319049544135,26.12434620347682,148694000
2015-09-17,25.600740432739258,26.17828516726287,25.55579599768322,25.991764218712042,256450400
2015-09-18,25.4951171875,25.686135308277102,25.14005206268317,25.21645793937788,297141200
2015-09-21,25.89063835144043,25.926595273439382,25.54231467080771,25.544560692542337,200888000
2015-09-22,25.483875274658203,25.659160912564044,25.286115712286712,25.479379803957187,201384800
2015-09-23,25.690624237060547,25.78051479796886,25.461404935538205,25.535563062356704,143026800
2015-09-24,25.843433380126953,25.95579613395359,25.25240591222587,25.450163741733714,200878000
2015-09-25,25.77826690673828,26.223224237560725,25.623205732971094,26.167042851647377,224607600
2015-09-28,25.26814079284668,25.746805585795155,25.26814079284668,25.58500291929994,208436000
2015-09-29,24.508563995361328,25.50859356084949,24.23889406451037,25.355780142828717,293461600
2015-09-30,24.787227630615234,25.0658868188322,24.434408603064135,24.758012213260688,265892000
2015-10-01,24.62541961669922,24.63440884204557,24.115291794040168,24.510809136682518,255716400
2015-10-02,24.80520248413086,24.946780660186405,24.169230560341717,24.2726040946485,232079200
2015-10-05,24.895097732543945,25.02768670699786,24.51081722343039,24.692844381821025,208258800
2015-10-06,25.014198303222656,25.110830350118995,24.668120779792048,24.861384873584722,192787200
2015-10-07,24.895097732543945,25.117575561079164,24.58722480682349,25.110834068475068,187062400
2015-10-08,24.607450485229492,24.762511680769144,24.31755428746931,24.762511680769144,247918400
2015-10-09,25.19622802734375,25.232183222001257,24.60519876301035,24.71980926786326,211064400
2015-10-12,25.07937240600586,25.337807145516006,25.043417207593652,25.33331338865947,121868800
2015-10-13,25.122072219848633,25.270390207708786,24.872626694587392,24.90408813790682,132197200
2015-10-14,24.76700782775879,25.061397811041235,24.620935846874744,25.00971188388734,177849600
2015-10-15,25.137794494628906,25.191728134407825,24.82991994329023,24.92879971165116,150694000
2015-10-16,24.953527450561523,25.169263791604298,24.838916930016286,25.119823891976157,156930400
2015-10-19,25.108592987060547,25.1130867448407,24.74453688413621,24.89959810261663,119036800
2015-10-20,25.567028045654297,25.65691861902344,24.904088281782034,25.020944826997862,195871200
2015-10-21,25.564781188964844,25.973781655635417,25.55129648896206,25.6187148454159,167180800
2015-10-22,25.9558048248291,25.9558048248291,25.64118866586654,25.69287630432216,166616400
2015-10-23,26.76032257080078,26.794031750821848,26.142327223655005,26.225474591250833,237467600
2015-10-26,25.90636444091797,26.546831997375826,25.825463095415913,26.535596747151715,265335200
2015-10-27,25.742321014404297,26.189524527825313,25.616473498604474,25.933337452637762,279537600
2015-10-28,26.80301284790039,26.809756053906188,26.08164411205352,26.277155937748724,342205600
2015-10-29,27.086170196533203,27.122127107408968,26.57828997479224,26.67492202962101,204909200
2015-10-30,26.854703903198242,27.241232133282942,26.843466939606508,27.189544501088857,197461200
2015-11-02,27.23223876953125,27.272689431990326,26.879419769284738,27.14684368857083,128813200
2015-11-03,27.54460906982422,27.751356152892235,27.12437169736484,27.14459788729529,182076000
2015-11-04,27.41651725769043,27.825517692462064,27.331122165426425,27.670456513423844,179544400
2015-11-05,27.290138244628906,27.689606174007757,27.12312993906488,27.500027735863718,158210800
2015-11-06,27.321727752685547,27.490993374920475,27.22242642517181,27.33301281624479,132169200
2015-11-09,27.21114158630371,27.490993601922444,27.093784844869713,27.299159572843948,135485600
2015-11-10,26.353532791137695,26.646927276347803,26.193294847382997,26.382873272774255,236511600
2015-11-11,26.204580307006836,26.500230432282027,26.00146117741121,26.26325954930319,180872000
2015-11-12,26.116559982299805,26.36481590890519,26.100761924839254,26.2384314492208,130102400
2015-11-13,25.353731155395508,26.08270248717664,25.33793310037159,25.999197498130858,183249600
2015-11-16,25.768997192382812,25.782537890533277,25.051310918807488,25.137071543525202,152426800
2015-11-17,25.658414840698242,25.96535000733251,25.574909837970388,25.936009527581543,110467600
2015-11-18,26.470888137817383,26.51602495087476,26.066907290075378,26.12558652453721,186698800
2015-11-19,26.807161331176758,27.02607848458693,26.351273332729036,26.54987771550227,173183200
2015-11-20,26.924522399902344,27.064447563301567,26.822961980617343,26.9019522699329,137148400
2015-11-23,26.5747013092041,27.021563286288874,26.482168614034364,26.917745528146632,129930000
2015-11-24,26.829729080200195,26.935802479511832,26.432520324379073,26.47991449222617,171212800
2015-11-25,26.637897491455078,26.908723546347577,26.61307172671012,26.904208831743524,85553200
2015-11-27,26.588237762451172,26.72365160906687,26.54084360487911,26.696568495372013,52185600
2015-11-30,26.69883155822754,26.949344817405905,26.574702746253053,26.62886726336058,156721200
2015-12-01,26.482168197631836,26.81392907024415,26.373839170978123,26.800388372377142,139409600
2015-12-02,26.24294662475586,26.655955232252715,26.19780980593119,26.482174863873283,133546400
2015-12-03,25.99919891357422,26.358042928452033,25.778026131198292,26.303878411401044,166278000
2015-12-04,26.86358070373535,26.9132322252668,25.978886187647753,26.019510003277226,231108000
2015-12-07,26.694318771362305,27.050905455271643,26.588245364718215,26.852301063632314,128336800
2015-12-08,26.683034896850586,26.76653817303483,26.373842390228827,26.522795250523913,137238000
2015-12-09,26.0939884185791,26.561161457673343,25.972116966399007,26.549876394341165,185445600
2015-12-10,26.21811866760254,26.391899021464493,26.06916580043713,26.18877991000337,116850800
2015-12-11,25.54332160949707,26.04209097881291,25.468844291246285,25.996954149372257,187544800
2015-12-14,25.385332107543945,25.43046892120061,24.778232149265072,25.317625165199875,257274800
2015-12-15,24.93621063232422,25.45754991228746,24.90461452103662,25.263458530458536,213292400
2015-12-16,25.1280517578125,25.274749014163888,24.554806878544248,25.067116875069924,224954000
2015-12-17,24.595420837402344,25.333418094657837,24.595420837402344,25.28150921978591,179091200
2015-12-18,23.92963981628418,24.717288527036718,23.8799883022676,24.57962076797971,385813200
2015-12-21,24.223041534423828,24.23206924169769,23.825831023669416,24.211756469866728,190362400
2015-12-22,24.200468063354492,24.311054441066283,24.02443039113775,24.238834519846108,131157600
2015-12-23,24.51191520690918,24.566079715273958,24.193695061316415,24.20949311466692,130629600
2015-12-24,24.381019592285156,24.59993673598354,24.36296417959976,24.59993673598354,54281600
2015-12-28,24.107942581176758,24.30429135781022,23.963502695558784,24.281721226671767,106816800
2015-12-29,24.541255950927734,24.696980862220546,24.116964110854564,24.139532514352073,123724800
2015-12-30,24.220783233642578,24.53223137409268,24.18918712034441,24.50514997518513,100855200
2015-12-31,23.75586700439453,24.155333126354996,23.656563952261514,24.150820133921222,163649200
2016-01-04,23.776174545288086,23.780689258914776,23.02012186753966,23.157791361555017,270597600
2016-01-05,23.18036651611328,23.889025238352783,23.112661288720396,23.86645682922182,223164000
2016-01-06,22.72673225402832,23.103631715714023,22.5394129236889,22.695136139423642,273829600
2016-01-07,21.767560958862305,22.598091114446778,21.763047966009083,22.270844894024773,324377600
2016-01-08,21.882661819458008,22.367890333756343,21.837525004022453,22.24150587304948,283192000
2016-01-11,22.236989974975586,22.35660407918737,21.96842128840713,22.336293029880032,198957600
2016-01-12,22.55972671508789,22.724479379997394,22.306956045675555,22.69288326155327,196616800
2016-01-13,21.979705810546875,22.837319011904945,21.959394761740434,22.640970264147654,249758400
2016-01-14,22.460420608520508,22.677082136934686,21.607322082128857,22.108348638100864,252680400
2016-01-15,21.9210262298584,22.051925392953642,21.521560112936886,21.711136786226017,319335600
2016-01-19,21.814960479736328,22.264078244149463,21.553162082399982,22.209913711612767,212350800
2016-01-20,21.84429359436035,22.160256442532464,21.08372609034322,21.462881163777954,289337600
2016-01-21,21.73370933532715,22.090294316035074,21.426774163732585,21.905230614502393,208646000
2016-01-22,22.889225006103516,22.89825271239898,22.200879189198982,22.259556697331114,263202000
2016-01-25,22.44236946105957,22.91405559174768,22.390460569397693,22.91179823423387,207178000
2016-01-26,22.566492080688477,22.76735381293576,22.133172504729767,22.552951382020684,300308000
2016-01-27,21.083724975585938,21.80818161437232,21.065669563077257,21.675026821303355,533478800
2016-01-28,21.234935760498047,21.331981453056176,20.851267704445334,21.16723054453172,222715200
2016-01-29,21.96842384338379,21.96842384338379,21.293618595455786,21.3929216619094,257666000
2016-02-01,21.763046264648438,21.826238490808326,21.53058840904926,21.77207397150828,163774000
2016-02-02,21.322956085205078,21.67502803961913,21.27781755139622,21.535101167600182,149428800
2016-02-03,21.744993209838867,21.855579617615156,21.2326832734449,21.440315388168315,183857200
2016-02-04,21.91971206665039,22.085358688228332,21.59976685401658,21.75179757017025,185886800
2016-02-05,21.33428382873535,21.99232954098681,21.259404120041232,21.901564316675803,185672400
2016-02-08,21.558927536010742,21.715495769016933,21.111910247219463,21.132331513227943,216085600
2016-02-09,21.554384231567383,21.76995180866636,21.313857911151835,21.39554642208585,177324800
2016-02-10,21.391010284423828,21.862988030728157,21.35243562960538,21.765415724821036,169374400
2016-02-11,21.261669158935547,21.493120536610025,21.009796517396957,21.282092154002086,200298800
2016-02-12,21.327470779418945,21.443196451353334,21.105097859767017,21.37285424449232,161405600
2016-02-16,21.928789138793945,21.976440480596768,21.468157770164417,21.56119084762643,196231600
2016-02-17,22.26462173461914,22.285042998016483,21.817604502985187,21.935598064308735,179452800
2016-02-18,21.842561721801758,22.439339989629463,21.80398534468879,22.427993690854684,156084000
2016-02-19,21.79264259338379,21.956019614625014,21.738184163370807,21.783565899847915,141496800
2016-02-22,21.983245849609375,21.987785061541857,21.765410419307297,21.853906008767453,137123200
2016-02-23,21.486316680908203,21.89702720718241,21.454549111539077,21.874336333519135,127770400
2016-02-24,21.80625343322754,21.86978854705989,21.1754380441749,21.325200867810022,145022800
2016-02-25,21.956016540527344,21.956016540527344,21.613378765130957,21.794909148027568,110330800
2016-02-26,21.990060806274414,22.24193174037207,21.91517936930351,22.055863816846017,115964400
2016-02-29,21.940134048461914,22.28957893074847,21.93105735566461,21.978708694448848,140865200
2016-03-01,22.811479568481445,22.865938003101313,22.10578259998999,22.15797315943575,201628400
2016-03-02,22.861406326293945,22.893173898821846,22.60953362182068,22.806947877846525,132678400
2016-03-03,23.03157615661621,23.079227485747754,22.79331777975671,22.822817458172747,147822800
2016-03-04,23.374216079711914,23.542130550225167,23.002080371438247,23.228992473127164,184220400
2016-03-07,23.115541458129883,23.333376915463656,22.90905056963086,23.233535014984803,143315600
2016-03-08,22.9249324798584,23.09057909838733,22.781978459551485,22.868204446707725,126247600
2016-03-09,22.945362091064453,23.04974149442775,22.75248533775127,22.988474231478037,108806800
2016-03-10,22.95670509338379,23.19950105946724,22.725255428909005,23.01116526366232,134054400
2016-03-11,23.20403289794922,23.20857037842906,23.03157920928109,23.199493686267363,109632800
2016-03-14,23.263031005859375,23.351528330026163,23.095116512952448,23.124616198075437,100304400
2016-03-15,23.7304744720459,23.866621423892376,23.5648278309777,23.5897883074565,160270800
2016-03-16,24.045879364013672,24.12302865938923,23.732739507907148,23.73727872010701,153214000
2016-03-17,24.007299423217773,24.159330105551582,23.816692370499254,23.943762584843714,137682800
2016-03-18,24.03453254699707,24.166141998722768,23.868887660516602,24.12983522671478,176820800
2016-03-21,24.032270431518555,24.4270971501143,23.857547078961193,24.03680791350588,142010800
2016-03-22,24.216060638427734,24.345400471784775,23.873422867842528,23.88249955998011,129777600
2016-03-23,24.082176208496094,24.295474098029704,24.029987404377206,24.161596814140566,102814000
2016-03-24,23.97780418395996,24.109413633873384,23.800813000863634,23.932422450777057,104532000
2016-03-28,23.86888885498047,24.095800997779172,23.839389168447187,24.052687136662694,77645600
2016-03-29,24.433895111083984,24.45885558069643,23.798540535643134,23.80081014139025,124760400
2016-03-30,24.860490798950195,25.055635356609592,24.642655376000597,24.65400167424672,182404400
2016-03-31,24.731159210205078,24.937650134974405,24.706198730701036,24.896805871349844,103553600
2016-04-01,24.95806884765625,24.96033845407058,24.5518958596139,24.68350533240577,103496000
2016-04-04,25.214479446411133,25.457275384549654,25.021602728478562,25.05563989818445,149424800
2016-04-05,24.917219161987305,25.125979626582534,24.82872357432712,24.849146565203664,106314800
2016-04-06,25.17816925048828,25.182708462473773,24.77880342466941,25.012524368262575,105616400
2016-04-07,24.629039764404297,25.055633893028244,24.53373709703117,24.94898492807177,127207600
2016-04-08,24.656278610229492,24.90814954039236,24.545090394208763,24.71300665592076,94326800
2016-04-11,24.737958908081055,25.098750084172945,24.694846781893023,24.72661434064299,117630000
2016-04-12,25.0601806640625,25.07379484030774,24.656277277563966,24.81057589154995,108929200
2016-04-13,25.423234939575195,25.49130753901483,25.14186438658,25.14186438658,133029200
2016-04-14,25.43684959411621,25.502654319993418,25.262128014595618,25.327932740472825,101895600
2016-04-15,24.926294326782227,25.482230021387846,24.89906598221837,25.439116167559117,187756000
2016-04-18,24.388521194458008,24.722080635634136,24.26598841289836,24.708466459195005,243286000
2016-04-19,24.259178161621094,24.50651156776309,24.104877834353754,24.47928148723276,129539600
2016-04-20,24.309099197387695,24.526934664317128,24.06630325423904,24.197912723176323,122444000
2016-04-21,24.045879364013672,24.263714807147394,23.943767863943286,24.263714807147394,126210000
2016-04-22,23.980072021484375,24.16160240323268,23.73954573718959,23.828041322211334,134732400
2016-04-25,23.843931198120117,23.973271065549785,23.714591330690446,23.825777809062714,112126400
2016-04-26,23.67828369140625,23.89385128341724,23.57844351762662,23.57844351762662,224064800
2016-04-27,22.196544647216797,22.398496305875128,21.71095282401562,21.783564636890503,458408400
2016-04-28,21.518075942993164,22.210156844152678,21.386466502871624,22.148891335793763,328970800
2016-04-29,21.270748138427734,21.493122845651882,20.991647115086046,21.327476185747887,274126000
2016-05-02,21.248050689697266,21.347892576065583,20.966680146807196,21.322932104473505,192640400
2016-05-03,21.597501754760742,21.724572023888832,21.25713347856544,21.375127052584013,227325200
2016-05-04,21.37285804748535,21.760877654093807,21.288899920562095,21.602038094877038,164102000
2016-05-05,21.28609848022461,21.475582619214084,21.158254599336406,21.459602134103058,143562000
2016-05-06,21.167388916015625,21.334042316235802,20.968772800264414,21.315780146744064,174799600
2016-05-09,21.183366775512695,21.407093564283763,21.13770700309048,21.23130823024935,131745600
2016-05-10,21.327198028564453,21.361442433506753,21.02813382500346,21.306652430644746,134747200
2016-05-11,21.11945152282715,21.361442297187626,21.108036140671633,21.340896699399032,114876400
2016-05-12,20.62404441833496,21.181081398325425,20.425430087275,21.167384338732894,305258800
2016-05-13,20.66514778137207,20.9276859205945,20.546435807517753,20.546435807517753,177571200
2016-05-16,21.432209014892578,21.548639273749824,20.923115108488627,21.09205193583078,245039200
2016-05-17,21.343177795410156,21.619412966896792,21.233597793399337,21.585170304857616,187667600
2016-05-18,21.587448120117188,21.73583934875711,21.43449178460419,21.49613204871639,168249600
2016-05-19,21.505264282226562,21.605714060292538,21.36143988869421,21.605714060292538,121768400
2016-05-20,21.738122940063477,21.78606440043992,21.578316330399563,21.605712197075714,128104000
2016-05-23,22.014362335205078,22.18786604099745,21.840858629412708,21.88651841606479,152074400
2016-05-24,22.349952697753906,22.393327314659892,22.10796020090344,22.19471291820069,140560800
2016-05-25,22.74261474609375,22.770008870229137,22.39789083620361,22.525734726815106,152675200
2016-05-26,22.922971725463867,22.996025641299752,22.518890892760112,22.756316554662423,225324800
2016-05-27,22.909265518188477,22.936661380930502,22.65814287248419,22.701519219723522,145364800
2016-05-31,22.797407150268555,22.920685947159715,22.559981512745864,22.73805030545224,169228800
2016-06-01,22.47779655456543,22.724354158290147,22.448119001831813,22.605640463870408,116693200
2016-06-02,22.308856964111328,22.336251088878907,22.060015966437184,22.281461097601333,160766400
2016-06-03,22.354520797729492,22.434423251929037,22.24722246991459,22.32484324095334,114019600
2016-06-06,22.51660919189453,23.260847213899535,22.270053295661338,22.370501349036758,93170000
2016-06-07,22.607921600341797,22.799689186633326,22.59194111329604,22.65814648584059,89638000
2016-06-08,22.587377548217773,22.72891851693019,22.52802070296341,22.605639719129243,83392400
2016-06-09,22.749467849731445,22.82708687270618,22.47779778583443,22.486929742962527,106405600
2016-06-10,22.562271118164062,22.680983098575187,22.482368656181283,22.493782298325655,126851600
2016-06-13,22.222108840942383,22.62847310681115,22.16731883836454,22.530306742081844,152082000
2016-06-14,22.249500274658203,22.482360787211686,22.08741198229849,22.217539301051637,127727600
2016-06-15,22.176450729370117,22.466384714868173,22.151338282067364,22.33169052099497,117780800
2016-06-16,22.270055770874023,22.315713823688178,21.932180258122845,22.018931255166965,125307200
2016-06-17,21.763240814208984,22.06458845588902,21.75639228126626,22.057739922946293,244032800
2016-06-20,21.710725784301758,22.04631772875336,21.69474529845846,21.916190417817262,137647600
2016-06-21,21.895645141601562,21.996093164749333,21.6148431814507,21.674200019044168,142185600
2016-06-22,21.81346321105957,22.119375925721634,21.767803427103743,21.97326810054831,116876400
2016-06-23,21.939023971557617,21.982400331420813,21.744974677118222,21.9024978856802,128960800
2016-06-24,21.322629928588867,21.610280451299293,21.151409669646895,21.21076651376802,301245600
2016-06-27,21.01215171813965,21.242728835816965,20.888872914878785,21.231313454466964,181958400
2016-06-28,21.36600112915039,21.381983356170746,21.034976044786063,21.208479700478406,161779600
2016-06-29,21.55092430114746,21.585168702387083,21.375137187597293,21.45275794652327,146124000
2016-06-30,21.824874877929688,21.863684384477043,21.528094146885635,21.56005512189434,143345600
2016-07-01,21.891082763671875,22.02349352775068,21.763238848971074,21.799764935281573,104106000
2016-07-05,21.68561553955078,21.779216781642216,21.56462017137795,21.776933357221267,110820800
2016-07-06,21.808902740478516,21.8385820441661,21.544082883050635,21.59658947277868,123796400
2016-07-07,21.902490615844727,22.030334486595997,21.82943672659513,21.847698892600945,100558400
2016-07-08,22.07143211364746,22.119373575400004,21.927607728389834,22.028055758934098,115648400
2016-07-11,22.139921188354492,22.292877531346107,22.08284777006725,22.087412877163526,95179600
2016-07-12,22.240371704101562,22.304293661043687,22.171884639553298,22.183298279439995,96670000
2016-07-13,22.114809036254883,22.297442932134132,22.10795876290648,22.238087830388203,103568800
2016-07-14,22.553129196166992,22.598787228060342,22.217537262349833,22.233517747686733,155676000
2016-07-15,22.550853729248047,22.669567440847203,22.486931765345215,22.58281471119946,120548000
2016-07-18,22.79055404663086,22.859041092225457,22.50975210864059,22.53258112383879,145975600
2016-07-19,22.79969024658203,22.829367797691717,22.67869313419053,22.72891802202426,95119600
2016-07-20,22.820236206054688,22.934383046866333,22.770011317418756,22.829368162328727,105104000
2016-07-21,22.699241638183594,23.05766266136883,22.630752834571584,22.790559462418727,130808000
2016-07-22,22.523454666137695,22.669562477855106,22.4435504870095,22.660430521904956,113254800
2016-07-25,22.222108840942383,22.564549405103758,22.126225900995465,22.42985695257015,161531600
2016-07-26,22.06914520263672,22.36592762382777,22.01207179408015,22.103389596119104,224959200
2016-07-27,23.502838134765625,23.82244969597528,23.45718008676834,23.804185780079212,369379200
2016-07-28,23.82016372680664,23.84527617304574,23.473158070559652,23.47544149523849,159479200
2016-07-29,23.79047966003418,23.868100402180733,23.669484311320236,23.785914553668956,110934800
2016-08-01,24.210546493530273,24.23337551415566,23.836144981697537,23.836144981697537,152671600
2016-08-02,23.852123260498047,24.215109357517452,23.742541533208858,24.210544250512367,135266400
2016-08-03,24.151187896728516,24.162601535342965,23.918327374689763,23.92745933062682,120810400
2016-08-04,24.300376892089844,24.330215204841707,24.164953085526086,24.233812885633416,109634800
2016-08-05,24.6699275970459,24.70894734386879,24.371537383414264,24.39219427837535,162213600
2016-08-08,24.874204635620117,24.874204635620117,24.596473122532792,24.679102437368666,112148800
2016-08-09,24.975204467773438,25.005044543160835,24.791581182274818,24.842078154919832,105260800
2016-08-10,24.789278030395508,24.995855697550994,24.73419123621325,24.95224437026883,96034000
2016-08-11,24.773216247558594,25.002746648536185,24.75485339519767,24.90863834356994,109938000
2016-08-12,24.83060073852539,24.890279137653604,24.738788220907708,24.738788220907708,74641600
2016-08-15,25.12898826599121,25.142759529232542,24.80764536466262,24.821416627903954,103472800
2016-08-16,25.106029510498047,25.301131712498695,25.06700977056897,25.163412099044677,135177600
2016-08-17,25.069311141967773,25.103741052991392,24.867323264590826,25.041766862913274,101424000
2016-08-18,25.037181854248047,25.15653691748151,25.023408836475387,25.071611771912163,87938800
2016-08-19,25.101449966430664,25.177195434653218,24.871919518128394,24.966026091319584,101472400
2016-08-22,24.906347274780273,25.041769386964035,24.754856351478242,24.986682574480657,103280800
2016-08-23,24.98438262939453,25.09226219300446,24.91093297455895,24.924704237597524,85030800
2016-08-24,24.79616928100586,24.961431452188137,24.715833989786145,24.920115909392567,94700400
2016-08-25,24.69058609008789,24.761739956685368,24.48630416564258,24.64927054631367,100344800
2016-08-26,24.545984268188477,24.77780873714092,24.401378979340926,24.653863848383264,111065200
2016-08-29,24.5184383392334,24.66074782393342,24.396787502056984,24.47253295768013,99881200
2016-08-30,24.330217361450195,24.44498253768345,24.21545218521694,24.284311991427938,99455600
2016-08-31,24.353174209594727,24.46105377388423,24.24759043955208,24.2521820280458,118649600
2016-09-01,24.49778175354004,24.513848812405232,24.243002854979064,24.362357899237917,106806000
2016-09-02,24.727310180664062,24.78928261668749,24.5184366810136,24.720422797836626,107210000
2016-09-06,24.720426559448242,24.858146218106235,24.676816968639535,24.766333696060308,107521600
2016-09-07,24.87190818786621,24.96372067559811,24.575813834299048,24.7502573858719,169457200
2016-09-08,24.220050811767578,24.621729074362353,24.155782569940936,24.617139236165414,212008000
2016-09-09,23.671466827392578,24.26595140634348,23.671466827392578,24.018058182274892,186228000
2016-09-12,24.201690673828125,24.26595891822008,23.533756238515352,23.561300522331184,181171200
2016-09-13,24.777807235717773,24.970613692105253,24.614840853597038,24.67681504539868,248704800
2016-09-14,25.65460968017578,25.943818447931307,24.926998799315932,24.956838869327946,443554800
2016-09-15,26.526830673217773,26.563556381127075,26.049406977465686,26.13433386362234,359934400
2016-09-16,26.37763214111328,26.655363704373332,26.1756460272454,26.423539270068193,319547600
2016-09-19,26.070066452026367,26.666845215037196,25.994320990446937,26.439610581477087,188092000
2016-09-20,26.067764282226562,26.194006687318172,25.824462648243934,25.948409259285395,138057200
2016-09-21,26.06317710876465,26.164169291980812,25.808398229672562,26.132035176705948,144012800
2016-09-22,26.308773040771484,26.382222693035583,26.166463573369487,26.246798856911806,124296000
2016-09-23,25.870370864868164,26.34779451144863,25.604116514660802,26.262867634038905,209924800
2016-09-26,25.909395217895508,26.026456231636505,25.604121066169935,25.62477796502985,119477600
2016-09-27,25.957595825195312,25.978254474776232,25.78544800045996,25.93693892679262,98429600
2016-09-28,26.15498924255371,26.31336578415655,26.035634201133718,26.09531259743273,118564400
2016-09-29,25.748716354370117,26.120556175207742,25.661495446302002,25.973656882052122,143548000
2016-09-30,25.94841194152832,26.021861598125504,25.661498946824015,25.812988097415356,145516400
2016-10-03,25.826759338378906,25.94841191901747,25.771672533773295,25.87037067391307,86807200
2016-10-04,25.93693733215332,26.237621620494203,25.85201044674781,25.950708596908438,118947200
2016-10-05,25.94841194152832,26.088425623038255,25.865780858959244,26.028747229809934,85812400
2016-10-06,26.141216278076172,26.244504254294586,25.96677268933728,26.097604943096968,115117200
2016-10-07,26.180234909057617,26.29500010048947,26.053994249189287,26.237617504773542,97433600
2016-10-10,26.63700294494629,26.79767352040043,26.33172710040549,26.400585167952435,144944000
2016-10-11,26.694385528564453,27.242963030251325,26.671431088217037,27.01572667929305,256164000
2016-10-12,26.93309783935547,27.07999891486021,26.79767573615792,26.935393633816908,150347200
2016-10-13,26.850465774536133,26.95604954372329,26.56125699300216,26.80685444008874,140769600
2016-10-14,26.999658584594727,27.12360520276217,26.88489339197797,27.05704118090311,142608800
2016-10-17,26.981298446655273,27.047860719709664,26.80455906306444,26.930801479915033,94499600
2016-10-18,26.962936401367188,27.132788407246363,26.95834481270187,27.125902775426365,98214000
2016-10-19,26.882604598999023,27.02950393414288,26.120563641248435,26.912442924482608,80138400
2016-10-20,26.868825912475586,26.942275564548005,26.701269714549984,26.82292053662201,96503200
2016-10-21,26.76324462890625,26.834400244608954,26.68979497002262,26.811445803375694,92770800
2016-10-24,27.00425148010254,27.024908375208078,26.855056372243375,26.87800906164218,94154800
2016-10-25,27.141965866088867,27.167214346523632,26.92620676098368,27.073106055598103,192516000
2016-10-26,26.531414031982422,26.556662512209698,26.008085080322005,26.23761544516799,264536800
2016-10-27,26.276639938354492,26.593391247584655,26.189417269000195,26.485511683600915,138248000
2016-10-28,26.10219955444336,26.444199388758573,26.04022536059289,26.136629467562717,151446800
2016-10-31,26.060880661010742,26.219257190306994,25.982839417887263,26.086129143976173,105677600
2016-11-01,25.59034538269043,26.11367444675242,25.36999639525265,26.042520578744472,175303200
2016-11-02,25.61330223083496,25.78774586422669,25.530672879416112,25.56969263587081,113326800
2016-11-03,25.338754653930664,25.71480946411333,25.27415645440667,25.604070196406166,107730400
2016-11-04,25.110353469848633,25.435653833140005,24.941936974380564,25.03883428082814,123348000
2016-11-07,25.472566604614258,25.4956371390579,25.253392126977282,25.396432256798185,130240000
2016-11-08,25.622520446777344,25.774789109654122,25.30875631736632,25.449488835418407,97016800
2016-11-09,25.58099937438965,25.682511842437588,24.92809459719402,25.35029049985817,236705600
2016-11-10,24.86811065673828,25.629448912912636,24.415921458243243,25.629448912912636,228538000
2016-11-11,25.015762329101562,25.117274793064155,24.582030296098672,24.71353427888251,136575600
2016-11-14,24.38823127746582,24.87271948967614,24.01217650173713,24.849648957698268,204702000
2016-11-15,24.711227416992188,24.842731403605516,24.49205469269297,24.58664441491077,129058000
2016-11-16,25.37566375732422,25.43103514392962,24.593560963251985,24.616631494253227,235362000
2016-11-17,25.36643409729004,25.45871797747786,25.10804134496648,25.334135003249596,110528000
2016-11-18,25.391817092895508,25.502558122457543,25.29953495512426,25.313376923756156,113715600
2016-11-21,25.777101516723633,25.83708455257024,25.380281998753023,25.405660113983856,117058400
2016-11-22,25.793254852294922,25.93629323895214,25.70097094338013,25.82785977798995,103862000
2016-11-23,25.661746978759766,25.726345177193878,25.454108655100914,25.691738496555917,109705600
2016-11-25,25.790939331054688,25.809396459189642,25.597143005974885,25.63867066419423,45903600
2016-11-28,25.740188598632812,25.947826934014603,25.698660931556454,25.7078894975922,108776000
2016-11-29,25.714811325073242,25.84631531509791,25.394126125536435,25.55792921766056,114115200
2016-11-30,25.497941970825195,25.88553291901066,25.44026475687003,25.74710795755204,144649200
2016-12-01,25.26030921936035,25.594838077842606,25.15418336913557,25.46333411558922,148347600
2016-12-02,25.35490608215332,25.39873957212392,25.11266105582341,25.18648782648706,106112000
2016-12-05,25.17264175415039,25.384893465192334,24.974232010298948,25.377972481597084,137298000
2016-12-06,25.36643409729004,25.461025558528924,25.191096661118657,25.262615832184125,104782000
2016-12-07,25.615602493286133,25.65251675295582,25.184178084451563,25.207248616660728,119994800
2016-12-08,25.867076873779297,25.93859605396477,25.516398436381394,25.576383230177928,108273200
2016-12-09,26.289274215698242,26.46230586282263,25.91091182146642,25.91091182146642,137610400
2016-12-12,26.13930892944336,26.531513203161815,25.95243359605431,26.137001348491545,105497600
2016-12-13,26.57535171508789,26.74376818178369,26.243130423831104,26.263893374450276,174935200
2016-12-14,26.57535171508789,26.808366375046116,26.526903070141067,26.540745037220514,136127200
2016-12-15,26.720701217651367,26.9306471339548,26.58458382941252,26.619188751731556,186098000
2016-12-16,26.755308151245117,26.87758357170394,26.68148138265664,26.870662587175175,177404400
2016-12-19,26.909881591796875,27.080605657266887,26.70455084490443,26.716086992101552,111117600
2016-12-20,26.981399536132812,27.108290108794712,26.919108920569876,26.93295088843523,85700000
2016-12-21,27.00678253173828,27.085224470879808,26.94218432313301,26.946799486701483,95132800
2016-12-22,26.829139709472656,26.879895951970116,26.679178563958146,26.8429816810013,104343600
2016-12-23,26.8821964263916,26.8821964263916,26.66763710953097,26.66763710953097,56998000
2016-12-27,27.05292320251465,27.177506206360043,26.875276382891595,26.8821973675215,73187600
2016-12-28,26.937570571899414,27.228262506869555,26.80837239618798,27.112908061515615,83623600
2016-12-29,26.930644989013672,27.01831371885434,26.85451064563767,26.866045032102345,60158000
2016-12-30,26.720701217651367,27.039078824169433,26.630724899283894,26.912190001938654,122345200
2017-01-03,26.79683494567871,26.838362611667527,26.476149765052995,26.71608719519183,115127600
2017-01-04,26.7668399810791,26.879888584810086,26.7045493661033,26.72761989905105,84472400
2017-01-05,26.90296173095703,26.96063894901325,26.71839392910952,26.74377204586778,88774400
2017-01-06,27.202882766723633,27.26055998223089,26.870661442147778,26.942180626122717,127007600
2017-01-09,27.452051162719727,27.553563640659554,27.209807876957683,27.21211369860599,134247600
2017-01-10,27.4797306060791,27.542021219612735,27.292857005309397,27.40128868367026,97848400
2017-01-11,27.62738609313965,27.668913758508953,27.36207055106736,27.394369650780273,110354400
2017-01-12,27.512033462524414,27.52356961039183,27.27209602026828,27.431285707959617,108344800
2017-01-13,27.463584899902344,27.597396470859678,27.410521083774768,27.479734450868296,104447600
2017-01-17,27.6850643157959,27.740433951580172,27.27440281007196,27.302086747879606,137759200
2017-01-18,27.682756423950195,27.800418438820728,27.61815822289781,27.68506400546463,94852000
2017-01-19,27.634305953979492,27.70582513469806,27.53971624014224,27.546637224060962,102389200
2017-01-20,27.6850643157959,27.788882602912537,27.62277369555971,27.788882602912537,130391600
2017-01-23,27.703521728515625,27.87193821911541,27.63200078139348,27.68506459634417,88200800
2017-01-24,27.678142547607422,27.708134066106123,27.569709100480594,27.581245247686446,92844000
2017-01-25,28.118797302246094,28.169553536826044,27.74966345098608,27.781962552960767,129510400
2017-01-26,28.13263511657715,28.24798953085189,28.054193199582617,28.070342747174333,105350400
2017-01-27,28.134944915771484,28.227228812273786,28.05419716639532,28.17878016264809,82251600
2017-01-30,28.061119079589844,28.061119079589844,27.837332955386962,27.899623575491066,121510000
2017-01-31,27.996519088745117,28.00574765412798,27.828102610972287,27.95037802199968,196804000
2017-02-01,29.703763961791992,30.105198621684547,29.302331062068244,29.306944464520072,447940000
2017-02-02,29.65300941467285,29.851419174554426,29.479977770136752,29.526120598114392,134841600
2017-02-03,29.7799015045166,29.805279621151534,29.56764976554168,29.602254688072048,98029200
2017-02-06,30.059059143066406,30.107509557970577,29.738373933032584,29.79143951134149,107383600
2017-02-07,30.345136642456055,30.474333043221506,30.095970646549304,30.11673359945706,152735200
2017-02-08,30.462799072265625,30.504328501385984,30.273619620583087,30.30361290159567,92016400
2017-02-09,30.68291664123535,30.6898676309441,30.381694123322713,30.50449965564401,113399600
2017-02-10,30.61341094970703,30.80341414472541,30.597193148152336,30.692194745661524,80262000
2017-02-13,30.884511947631836,31.007321053462746,30.75939055865098,30.83585500465084,92141600
2017-02-14,31.28537368774414,31.301591491424002,30.875247459477247,30.926223760644948,132904800
2017-02-15,31.39889907836914,31.575000258332146,31.1926781194127,31.401218432168847,142492400
2017-02-16,31.36183738708496,31.489274601345418,31.24366344830343,31.43598248253097,90338400
2017-02-17,31.447559356689453,31.473047499131166,31.303900845981765,31.303900845981765,88792800
2017-02-21,31.67462730407715,31.686213464017555,31.507796500614244,31.56572376471665,98028800
2017-02-22,31.769636154174805,31.77195197245432,31.53792704460766,31.612072121156924,83347600
2017-02-23,31.635244369506836,31.85536731594082,31.581952264403967,31.832198526400646,83152800
2017-02-24,31.66537094116211,31.66537094116211,31.34561120646375,31.491589091539225,87106400
2017-02-27,31.727920532226562,31.846094418007187,31.577311054411727,31.776580991477363,81029600
2017-02-28,31.741832733154297,31.84610112711568,31.674635110298848,31.762685704826477,93931600
2017-03-01,32.3906135559082,32.47402897339035,31.883173596458814,31.950367679841516,145658400
2017-03-02,32.198299407958984,32.50415359395043,32.15195475758415,32.439275326146166,104844000
2017-03-03,32.38829803466797,32.39988419690233,32.11256363725176,32.15658893238212,84432400
2017-03-06,32.286346435546875,32.38598319104028,32.11488395747979,32.2932974259766,87000000
2017-03-07,32.32805252075195,32.434636719888175,32.15890234311395,32.22146478601568,69785200
2017-03-08,32.20756149291992,32.39292946043081,32.16585555641993,32.19597533202551,74828800
2017-03-09,32.1334228515625,32.158910999190404,31.755739345659407,32.147328370305814,88623600
2017-03-10,32.2400016784668,32.290977959592624,32.1241471369263,32.26548981902971,78451200
2017-03-13,32.25391387939453,32.30720599542405,32.165866804128626,32.17281779597591,69686800
2017-03-14,32.20524597167969,32.35817127585512,32.17048748867623,32.277075220046925,61236400
2017-03-15,32.54586410522461,32.61305819344029,32.214518229649315,32.302568825435856,102767200
2017-03-16,32.599151611328125,32.67561603336158,32.499514866642095,32.60610260100389,76928000
2017-03-17,32.43695831298828,32.67098323211855,32.41378598865446,32.67098323211855,175540000
2017-03-20,32.777584075927734,32.786850888005176,32.49257922222209,32.531969360854205,86168000
2017-03-21,32.40220260620117,33.08806315947732,32.376714461487516,32.92818330041899,158119600
2017-03-22,32.76830291748047,32.810012397072626,32.38366493453308,32.40452144212943,103440800
2017-03-23,32.652442932128906,32.805371772549314,32.5806136834587,32.731223170309136,81385200
2017-03-24,32.58757781982422,32.842459323352124,32.520383715585794,32.786847849236565,89582400
2017-03-27,32.64318084716797,32.72196109674541,32.119515990987495,32.29793299728972,94300400
2017-03-28,33.31977844238281,33.375386378878005,32.58294146341025,32.65013910081028,133499200
2017-03-29,33.39391326904297,33.479648037448705,33.17842551017487,33.2919607026795,116760000
2017-03-30,33.34989929199219,33.48197521657877,33.25026604552978,33.4101459392498,84829200
2017-03-31,33.28731918334961,33.428661829188385,33.136706196630094,33.3012211590716,78646800
2017-04-03,33.29659652709961,33.3939139235539,33.14598702831087,33.298915880853436,79942800
2017-04-04,33.544525146484375,33.572329105226935,33.17378919711673,33.19232634814512,79565600
2017-04-05,33.37074279785156,33.70440443981025,33.322082335232594,33.417083906879164,110871600
2017-04-06,33.28731918334961,33.48658908509609,33.23865873272352,33.43329346402964,84596000
2017-04-07,33.213191986083984,33.40782684272374,33.19697418249804,33.30355842206683,66688800
2017-04-10,33.17378234863281,33.3382973202968,33.111219918777564,33.27341907289111,75733600
2017-04-11,32.81696701049805,33.215507018771966,32.45318195938717,33.12050542172507,121517600
2017-04-12,32.85634231567383,32.93743835766397,32.673290195605915,32.81000121516527,81400000
2017-04-13,32.68256759643555,32.99074110800135,32.68256759643555,32.881837553703654,71291600
2017-04-17,32.86329650878906,32.874882668945915,32.640854254816404,32.782196923290776,66328400
2017-04-18,32.71732711791992,32.91196193065789,32.69647414561241,32.765987588904714,58790000
2017-04-19,32.59683609008789,32.90269381418117,32.5435439844415,32.87488985220922,69313600
2017-04-20,33.00465393066406,33.115873339566704,32.70806648318951,32.721968467352184,93278400
2017-04-21,32.96525955200195,33.06025761008088,32.86794213979374,33.00464968059094,69283600
2017-04-24,33.2827033996582,33.35453267312754,33.17611563103839,33.25026425887847,68537200
2017-04-25,33.488929748535156,33.57466101949237,33.336000830934395,33.34527117869297,75486000
2017-04-26,33.291961669921875,33.5051371524754,33.222451768654714,33.47501383819278,80164800
2017-04-27,33.31745910644531,33.40319390125838,33.20623969779198,33.34758242913109,56985200
2017-04-28,33.28501510620117,33.43562816204325,33.19696804102041,33.38696768908486,83441600
2017-05-01,33.96391677856445,34.107575274268,33.58854920690039,33.62098833611086,134411600
2017-05-02,34.17941665649414,34.31380839253497,34.02417194475762,34.186367648392704,181408800
2017-05-03,34.07514190673828,34.17477866476059,33.42867503116293,33.73452922463498,182788000
2017-05-04,33.952335357666016,34.093678055158506,33.78550451683552,33.95001953939907,93487600
2017-05-05,34.51538848876953,34.520020125056426,34.00562564919355,34.00562564919355,109310800
2017-05-08,35.45381546020508,35.61369533801015,34.531614041197315,34.531614041197315,195009600
2017-05-09,35.6808967590332,35.88711778120895,35.55577182590105,35.65308925411418,156521600
2017-05-10,35.5117301940918,35.6692941975358,35.245266182343556,35.597464952748,103222800
2017-05-11,35.81884765625,35.84676992620444,35.437276435343065,35.46984945846219,109020400
2017-05-12,36.3191032409668,36.39355439026992,35.986389571650086,35.993369255953645,130108000
2017-05-15,36.22600555419922,36.447036995419694,36.074774449730626,36.298131267105546,104038800
2017-05-16,36.17250442504883,36.30977621366105,35.99800530556742,36.28185749060601,80194000
2017-05-17,34.9579963684082,35.96311317607233,34.83235854254733,35.73742732481981,203070800
2017-05-18,35.49079132080078,35.67692441779575,35.16273568693745,35.195308712647055,134272800
2017-05-19,35.61178207397461,35.82583391523636,35.51173760966273,35.68623674060161,107843200
2017-05-22,35.82817077636719,35.96544260439057,35.5768915461477,35.8304961538915,91865600
2017-05-23,35.78396224975586,36.039892224279505,35.669954852346024,36.039892224279505,79675600
2017-05-24,35.676937103271484,35.87004994942603,35.521051599791384,35.79326988648304,76712000
2017-05-25,35.80023956298828,35.91192155979556,35.60480139386626,35.76766653480128,76942400
2017-05-26,35.73975372314453,35.88633414933184,35.669953351141324,35.83049314169039,87710400
2017-05-30,35.75370407104492,35.93052855869252,35.674598659481006,35.69553770074319,80507600
2017-05-31,35.54197692871094,35.870036102775956,35.45356646173107,35.823503717492855,97804800
2017-06-01,35.63970184326172,35.67460380058862,35.416344937223215,35.6373764661842,65616400
2017-06-02,36.16785430908203,36.16785430908203,35.57223114698154,35.73277092352461,111082800
2017-06-05,35.81419372558594,35.93518076279885,35.70484422198563,35.909587419353684,101326800
2017-06-06,35.93518829345703,36.251613537729305,35.77930282351177,35.807221549414194,106499600
2017-06-07,36.14925003051758,36.29117617633315,35.942177806314035,36.06781920763012,84278400
2017-06-08,36.060829162597656,36.18879235467997,35.92355381168636,36.121320917949184,85003200
2017-06-09,34.662498474121094,36.107352511017226,33.9738107157814,36.107352511017226,259530800
2017-06-12,33.834228515625,33.990114029574805,33.15717081981394,33.908683205974484,289229200
2017-06-13,34.1064338684082,34.306526334991915,33.77139498945931,34.23905490390617,136661600
2017-06-14,33.773719787597656,34.31815612423404,33.46659966937615,34.31815612423404,126124800
2017-06-15,33.5713005065918,33.615507515769394,33.087359432946215,33.34561825744221,128661600
2017-06-16,33.10132598876953,33.62016912726743,33.08503769755581,33.452649661441285,201444400
2017-06-19,34.04827117919922,34.14133951686314,33.42472929272425,33.42472929272425,130165600
2017-06-20,33.73881912231445,34.17157704616285,33.72253438522746,34.17157704616285,99600400
2017-06-21,33.93891906738281,33.98545501263646,33.64576178333343,33.857488263577295,85063200
2017-06-22,33.883087158203125,34.13203746511765,33.764425448659736,33.915660195094596,76425200
2017-06-23,34.03432083129883,34.23906767819987,33.76210252813903,33.766756833803605,141757600
2017-06-26,33.92728805541992,34.49964325030576,33.82491465791016,34.24138437938582,102769600
2017-06-27,33.441001892089844,34.006380743779246,33.41540855229826,33.73881336410492,99047600
2017-06-28,33.929622650146484,33.99476872986094,33.30840596488683,33.61785161862802,88329600
2017-06-29,33.429378509521484,33.766746336520576,33.10364821816349,33.669027249113185,125997600
2017-06-30,33.508480072021484,33.72718616937671,33.452639084337235,33.60852451432183,92096400
2017-07-03,33.38749694824219,33.80629552940867,33.294432174735654,33.70857645216875,57111200
2017-07-05,33.52477264404297,33.687637791782386,33.20602202988196,33.43170785967585,86278400
2017-07-06,33.208343505859375,33.387496922424134,33.133892397150426,33.275818484263944,96515200
2017-07-07,33.545711517333984,33.67833256208607,33.24789994864159,33.24789994864159,76806800
2017-07-10,33.75046920776367,33.95754143650216,33.35726380089961,33.5294376119499,84362400
2017-07-11,33.85982131958008,33.93427600871559,33.59225732466367,33.673688146936286,79127200
2017-07-12,33.90867614746094,34.01104600008935,33.6946242825563,33.93892025269907,99538000
2017-07-13,34.38098907470703,34.548508553539335,33.838877921012845,33.85283728588311,100797600
2017-07-14,34.67647171020508,34.74394670723084,34.278615611252704,34.42752141995793,80528400
2017-07-17,34.79745101928711,35.10922193193041,34.5671144503343,34.62528082434359,95174000
2017-07-18,34.91844177246094,34.930075758534684,34.590382536229406,34.7136949781841,71475200
2017-07-19,35.13715362548828,35.23021842877535,34.88819977389362,35.01151223583659,83692000
2017-07-20,34.97893524169922,35.304669116735596,34.94403683196409,35.248828110965114,68974800
2017-07-21,34.9626350402832,35.00218773722447,34.63923023569971,34.89748900412197,105010400
2017-07-24,35.38610076904297,35.467535127297985,34.876562673559796,35.03477708526242,85972800
2017-07-25,35.53733444213867,35.79326439582778,35.318628275219126,35.318628275219126,75415600
2017-07-26,35.70485305786133,35.81420258852235,35.61178471766851,35.679259708082576,63124000
2017-07-27,35.030120849609375,35.828165445859824,34.271632516750024,35.77232444183195,129905200
2017-07-28,34.78349685668945,34.953341700129265,34.7113711101682,34.87423627169913,68854800
2017-07-31,34.60435104370117,34.976617395268526,34.46475382450969,34.87656934882934,79383600
2017-08-01,34.91144943237305,34.951002130527165,34.529878258788436,34.69041797789166,141474400
2017-08-02,36.561065673828125,37.168322922742696,36.33305442084484,37.05896982637226,279747200
2017-08-03,36.19578170776367,36.57735307186901,36.06781494384535,36.540125731421035,108389200
2017-08-04,36.38656234741211,36.62155325627429,36.22369718531979,36.31211122339602,82239600
2017-08-07,36.949615478515625,36.975208831058765,36.451711342835544,36.54245076545312,87481200
2017-08-08,37.24509811401367,37.65226278763925,36.823974076752,36.900754126944705,144823600
2017-08-09,37.473106384277344,37.52196770334755,37.0194093508851,37.0543077572253,104526000
2017-08-10,36.27952575683594,37.37267478346706,36.118355526570475,37.34931543607299,163217200
2017-08-11,36.784053802490234,37.03865785573756,36.45470981788437,36.57850651677837,105028400
2017-08-14,37.3376350402832,37.42172369145836,37.0806965049881,37.21383835440527,88490800
2017-08-15,37.746395111083984,37.88654047391011,37.40536795635006,37.52683012210759,117862000
2017-08-16,37.59457015991211,37.9589531283983,37.40770609388094,37.82581484259094,110686400
2017-08-17,36.8728141784668,37.538516351633625,36.86814159631568,37.49413573153772,111762400
2017-08-18,36.78872299194336,37.25588137914264,36.606531506066496,36.87281164420466,109712400
2017-08-21,36.72098922729492,36.87982137954748,36.230471459906205,36.788725630076534,105474000
2017-08-22,37.32128143310547,37.37266913830147,36.91018335567292,36.95923298800108,86418400
2017-08-23,37.36799240112305,37.48244747071968,37.111057467851445,37.15543807777942,77596400
2017-08-24,37.20216751098633,37.54552928776131,37.03399016872362,37.47311672762162,79275600
2017-08-25,37.33997344970703,37.50347818736776,37.202162568259844,37.29092024634083,101920400
2017-08-28,37.716033935546875,37.83983062715919,37.356319969471436,37.40537316998564,103864000
2017-08-29,38.052391052246094,38.10144069184242,37.372674676180424,37.39603402350743,118067600
2017-08-30,38.15516662597656,38.281297835278444,37.982316721839304,38.26027656108413,109078400
2017-08-31,38.307003021240234,38.42846524829035,38.18554079419012,38.222914335457396,107140400
2017-09-01,38.31867218017578,38.52655754572336,38.22056933438058,38.49385659712495,66364400
2017-09-05,37.858516693115234,38.3653831231186,37.50347531557039,38.248593524570296,117874000
2017-09-06,37.818824768066406,38.07109083609199,37.49414968835646,38.00568891817468,86606800
2017-09-07,37.666969299316406,37.89587941337107,37.45674950753158,37.86084040531715,87714000
2017-09-08,37.05266189575195,37.64127879060468,37.02930255497772,37.5735424049754,114446000
2017-09-11,37.72303009033203,37.85149932668642,37.34696754253176,37.48945095664577,126323200
2017-09-12,37.57353591918945,38.29763258858021,37.085356432836434,37.98229936323454,286856000
2017-09-13,37.29090881347656,37.36332134179477,36.884483385057884,37.342296510148905,179629600
2017-09-14,36.970909118652344,37.23251663703886,36.92652850803996,37.13675189028781,95042800
2017-09-15,37.34463882446289,37.59923926426366,36.90550884452375,37.015291339508536,196458400
2017-09-18,37.06201171875,37.48946208801053,36.90551408040912,37.39836634139014,113077600
2017-09-19,37.07602310180664,37.318947450546545,37.00828670625804,37.25821458129381,83242400
2017-09-20,36.45470428466797,36.9662396943106,35.931485639078424,36.882151047057555,211805600
2017-09-21,35.828712463378906,36.391639176912975,35.679221921624595,36.391639176912975,150046800
2017-09-22,35.47834014892578,35.56710137444985,35.16767942372686,35.39658601340253,186581600
2017-09-25,35.165340423583984,35.464321439215524,34.84066555985278,35.03453667476204,177549200
2017-09-26,35.770320892333984,35.95251239515675,35.43163174293966,35.45265301692629,146640000
2017-09-27,36.024932861328125,36.13938799639862,35.86376258113357,35.92449547751825,102016800
2017-09-28,35.80302429199219,36.03660352331475,35.667547910128754,35.9455077656644,88022000
2017-09-29,35.99922180175781,36.001559874586356,35.504035084523316,35.78666745834996,105199200
2017-10-02,35.926815032958984,36.07630557361352,35.67221456849255,36.031924956770894,74795200
2017-10-03,36.08331298828125,36.225796439570175,35.950174700693445,35.97353048167491,64921200
2017-10-04,35.849727630615234,35.93848884983833,35.61147945922963,35.884766642267266,80655200
2017-10-05,36.29587173461914,36.30755140744281,35.98287646210498,36.013239334483636,85135200
2017-10-06,36.27485656738281,36.31923719310094,36.10200664725335,36.197774990736015,69630400
2017-10-09,36.40098571777344,36.608871086309875,36.31923512717011,36.393978626125616,65051600
2017-10-10,36.41499328613281,36.905510997192735,36.22813279061998,36.45236681088958,62468000
2017-10-11,36.56682205200195,36.667259390567565,36.37995799154572,36.43134569727457,67622400
2017-10-12,36.4383544921875,36.75835684944804,36.375287111454575,36.52010863625373,64500400
2017-10-13,36.66960144042969,36.73733784307192,36.534125071009335,36.60886856481677,65576800
2017-10-16,37.34463882446289,37.372667184327845,36.82375470940392,36.88214950187943,96486000
2017-10-17,37.482452392578125,37.57588264164802,37.19281291784457,37.32128218341734,75989200
2017-10-18,37.31661605834961,37.538519175522126,37.27924609073712,37.47077920371068,65496800
2017-10-19,36.43368148803711,36.69062002572236,36.20944745890783,36.613538464416784,170336800
2017-10-20,36.49674987792969,36.847118676757816,36.42901347837597,36.58083853221387,95896400
2017-10-23,36.47806930541992,36.8331107464487,36.32157164307858,36.64624664253164,87937200
2017-10-24,36.69528579711914,36.77002927157843,36.485062424174004,36.506083692228025,71028800
2017-10-25,36.53411865234375,36.80039876224637,36.26783854244113,36.650908236759555,84828400
2017-10-26,36.7677116394043,36.86581449948685,36.62055556721215,36.72566551986228,68002000
2017-10-27,38.085079193115234,38.21354843194133,37.06900851637727,37.20681935251125,177816800
2017-10-30,38.94232177734375,39.25765510087755,38.24158422650019,38.2812922600184,178803200
2017-10-31,39.484222412109375,39.62670585228483,38.99370828012982,39.21794229356751,144187200
2017-11-01,38.982025146484375,39.69444228409179,38.68304411236308,39.67809003241036,134551200
2017-11-02,39.266998291015625,39.35809403375087,38.6059687469068,38.9142949925557,165573600
2017-11-03,40.292396545410156,40.70349449664017,39.97005623252387,40.642765211022414,237594400
2017-11-06,40.7011833190918,40.87403324296213,40.11022811614637,40.262053199286115,140105200
2017-11-07,40.831993103027344,40.934768555826,40.549364171968,40.621773178038794,97446000
2017-11-08,41.16598892211914,41.16598892211914,40.71985190926793,40.796933453174276,97638000
2017-11-09,41.081912994384766,41.133300706214804,40.441904669678934,40.90205600297962,117930400
2017-11-10,40.945945739746094,41.11238472002674,40.852179617610815,41.04909062026387,100582000
2017-11-13,40.78185272216797,40.90609444205388,40.64823224401809,40.67167556272979,67928400
2017-11-14,40.16532516479492,40.66698136401759,40.12781729008067,40.56383649702732,99130000
2017-11-15,39.63554382324219,39.92622451600959,39.471451326094524,39.84417647896168,116632400
2017-11-16,40.10906219482422,40.289562113801495,39.92152642033926,40.127812553020064,94550000
2017-11-17,39.88636779785156,40.17704847340767,39.766815466354466,40.09500044121785,87598000
2017-11-20,39.84652328491211,39.982486675001006,39.74806777697502,39.91919257098841,65049600
2017-11-21,40.5872917175293,40.71856574058504,40.03406292254518,40.03406292254518,100525200
2017-11-22,41.01392364501953,41.02329882517969,40.56618278223153,40.63885205355306,102355600
2017-11-24,41.016273498535156,41.140515224167366,40.94125773674674,41.04674909888025,56106800
2017-11-27,40.809974670410156,41.04205060785331,40.634160541817714,41.035018328865426,82867200
2017-11-28,40.57087707519531,40.992828195521916,40.28722865795972,40.859211294604684,105715200
2017-11-29,39.72932052612305,40.53572224343833,39.18547045113428,40.46774232542066,166665600
2017-11-30,40.28487777709961,40.35285766463597,39.48550870018034,39.951999887391175,166108800
2017-12-01,40.09735107421875,40.242689638583734,39.499582200892725,39.839488869427655,159037200
2017-12-04,39.80432891845703,40.46538833955485,39.76447813570898,40.43256983747125,130169600
2017-12-05,39.766822814941406,40.207531500009885,39.47614208566985,39.63085942110222,109400800
2017-12-06,39.61912536621094,39.89808434759984,39.02136020831757,39.26515421886437,114240000
2017-12-07,39.69179916381836,39.95434711641052,39.59568658226316,39.62381569805587,102693200
2017-12-08,39.70351791381836,40.08562176887001,39.57459041296198,39.966069447786815,93420800
2017-12-11,40.47710418701172,40.52867662244406,39.56755786423912,39.6636704554492,141095200
2017-12-12,40.24972152709961,40.41147112880748,40.19346328438264,40.35520930914222,77636800
2017-12-13,40.38334655761719,40.68105599740082,40.32005245048068,40.437261905278596,95273600
2017-12-14,40.371620178222656,40.58494221949004,40.23799969843486,40.413813860083046,81906000
2017-12-15,40.78185272216797,40.82873578264314,40.42788150208995,40.702151161665356,160677200
2017-12-18,41.35618209838867,41.53902855507116,40.9904891850237,40.995178564590795,117684400
2017-12-19,40.91547393798828,41.11473143720515,40.80998614655819,41.03034048867136,109745600
2017-12-20,40.870933532714844,41.12175987659661,40.61307133157632,40.99282877602735,93902400
2017-12-21,41.0256462097168,41.262411563773604,40.812327750992395,40.8287352123028,83799600
2017-12-22,41.0256462097168,41.12175880736465,40.906093870632915,40.94828755138669,65397600
2017-12-26,39.98481369018555,40.19578916493492,39.776177538627756,40.03872900894207,132742000
2017-12-27,39.99186325073242,40.034056933138324,39.78323058595714,39.87465380811825,85992800
2017-12-28,40.10438537597656,40.2848889284281,39.96373260682888,40.085631434960305,65920800
2017-12-29,39.670711517333984,39.98952138106239,39.668368615913096,39.97311391721872,103999600
2018-01-02,40.3809928894043,40.3903716472095,39.677736285832275,39.88871541307271,102223600
2018-01-03,40.37397003173828,40.91782364902339,40.31067949804907,40.444296423897406,118071600
2018-01-04,40.56149673461914,40.66464160959015,40.33879952381251,40.44663020077451,89738400
2018-01-05,41.02329635620117,41.11003018101677,40.56618034076445,40.65760354385179,94640000
2018-01-08,40.870933532714844,41.166300036515835,40.77247445449957,40.870933532714844,82271200
2018-01-09,40.86624526977539,41.037370056869754,40.6505803215452,40.91781771141178,86336000
2018-01-10,40.856868743896484,40.859215222157154,40.554469935001535,40.591977817686534,95839600
2018-01-11,41.08894348144531,41.13817302307532,40.90375412891968,40.927193872166164,74670800
2018-01-12,41.51323699951172,41.576531096215895,41.175673253020285,41.29991496847226,101672400
2018-01-16,41.30226135253906,42.05240102251029,41.290539693628176,41.703115617875326,118263600
2018-01-17,41.98442459106445,42.01958599375267,41.03971675139146,41.29288600464342,137547200
2018-01-18,42.02191925048828,42.21883379119358,41.785157513847274,42.04770546552424,124773600
2018-01-19,41.834388732910156,42.09693669519118,41.58824822979784,41.86955012894861,129700400
2018-01-22,41.49214553833008,41.67499199522446,41.398379408570904,41.56247192412374,108434400
2018-01-23,41.50151824951172,42.064125725414605,41.4499493850786,41.562469449479835,130756400
2018-01-24,40.8404541015625,41.56246462005955,40.60134586266364,41.55074296166244,204420400
2018-01-25,40.11139678955078,41.011564028345326,39.975433470626605,40.908419194889284,166116000
2018-01-26,40.20517349243164,40.32004001039495,39.86526689378004,40.32004001039495,156572000
2018-01-29,39.37299728393555,39.88871811273601,39.1643646205002,39.88871811273601,202561600
2018-01-30,39.14093017578125,39.23469631975067,38.6087981875346,38.80336633437279,184192800
2018-01-31,39.248748779296875,39.485514121767004,39.030740952174725,39.11747478744508,129915600
2018-02-01,39.33079528808594,39.527706268230695,39.09168705393994,39.18779964315865,188923200
2018-02-02,37.62422180175781,39.101061129926585,37.53045570156668,38.91352535259687,346375200
2018-02-05,36.684207916259766,38.4165631120856,36.56934138957845,37.29604127104793,290954000
2018-02-06,38.217308044433594,38.37905763685267,36.100505937010205,36.29507402811228,272975200
2018-02-07,37.399169921875,38.30402653965215,37.28899638802637,38.231357291456675,206434400
2018-02-08,36.37008285522461,37.74143454751271,36.34195373807335,37.57499559148965,217562000
2018-02-09,36.81496047973633,37.16331405651416,35.36269890163118,36.97030865548044,282690400
2018-02-12,38.297794342041016,38.57553458515744,37.073843817404885,37.30686591322081,243278000
2018-02-13,38.68146896362305,38.77797343170304,38.048310583021724,38.11892369604445,130196800
2018-02-14,39.3946533203125,39.434666579116744,38.33782345919585,38.375480672961444,162579600
2018-02-15,40.71746826171875,40.74100357542089,39.77832197075912,39.96426639259657,204588800
2018-02-16,40.58564376831055,41.148192554732624,40.430299249571625,40.56916941260214,160704400
2018-02-20,40.44912338256836,41.016373396035,40.347910444638984,40.49619758069618,135722000
2018-02-21,40.26553726196289,40.98342696716154,40.25141176812373,40.67979529295451,149886400
2018-02-22,40.60211944580078,40.943411905444705,40.41617508774313,40.437357940269045,123967600
2018-02-23,41.30824661254883,41.34355136962207,40.84691076811192,40.87751061859656,135249600
2018-02-26,42.125,42.223856918735805,41.47536728050816,41.50831958675342,152648800
2018-02-27,41.988487243652344,42.480419442055016,41.93435207517368,42.15560483965056,155712400
2018-02-28,41.92493438720703,42.51337105260813,41.90846002817264,42.19326136296864,151128400
2018-03-01,41.1905632019043,42.31565372661089,40.63978739020082,42.023787871542986,195208000
2018-03-02,41.475364685058594,41.49654753956239,40.590353787227414,40.67273634345124,153816000
2018-03-05,41.61894607543945,41.835490315892,41.077583678542055,41.23999275676447,113605600
2018-03-06,41.5836296081543,41.95552190228312,41.456528906087364,41.87549540129537,95154000
2018-03-07,41.197628021240234,41.390636973725314,41.01874456578016,41.17644516300136,126814000
2018-03-08,41.647193908691406,41.6895596245667,41.20704443328036,41.303545316618205,95096400
2018-03-09,42.36272430419922,42.36743280236171,41.75310488306619,41.88727014420893,128740800
2018-03-12,42.77227783203125,42.92997840234038,42.416863435501575,42.43569024525722,128828400
2018-03-13,42.3603630065918,43.19123497797366,42.188540570618734,42.97704325044786,126774000
2018-03-14,42.00025177001953,42.4898314572597,41.8519645959978,42.44275724707992,117473600
2018-03-15,42.04969024658203,42.4239387627482,41.9131760761697,42.014385476912125,90975200
2018-03-16,41.90138626098633,42.16029615966206,41.80723426839683,42.049669813076456,157618800
2018-03-19,41.261173248291016,41.77193576305772,40.87515899977217,41.73663100526373,133787200
2018-03-20,41.2470588684082,41.61424278256529,41.176445748408966,41.2470588684082,78597600
2018-03-21,40.31261444091797,41.21174367230431,40.31025839600515,41.199974222335854,148219600
2018-03-22,39.743011474609375,40.64449323230522,39.68416781153861,40.013690888122035,165963200
2018-03-23,38.822689056396484,39.994853617877645,38.822689056396484,39.63473074903987,164115200
2018-03-26,40.66567611694336,40.743350176373866,39.175754267573126,39.55941606646361,150164800
2018-03-27,39.62296676635742,41.22586751967293,39.288735202377374,40.87986650516944,163690400
2018-03-28,39.185157775878906,40.01838577275935,38.881526158001726,39.36639720210921,166674000
2018-03-29,39.49116134643555,40.42559906185457,39.284030490161584,39.49822229912376,153594000
2018-04-02,39.23223876953125,39.76418769347283,38.71206288607714,39.222825365285466,150347200
2018-04-03,39.634735107421875,39.719470120673925,38.808571421863356,39.45820412910777,121112000
2018-04-04,40.39265060424805,40.48679904342445,38.78268859021559,38.80857994971901,138422000
2018-04-05,40.67273712158203,41.009321121354404,40.50326709924583,40.62095441522754,107732800
2018-04-06,39.632389068603516,40.59742308466145,39.59001975935393,40.24200861708244,140021200
2018-04-09,40.02547073364258,40.7410082821338,39.97839650926724,39.98545746334688,116070800
2018-04-10,40.778648376464844,40.9551793218175,40.37380378780024,40.719804728013955,113634400
2018-04-11,40.588008880615234,40.93636238839856,40.413830330957346,40.538578619383784,89726400
2018-04-12,40.98812484741211,41.19054710829122,40.729211400404864,40.8163024279604,91557200
2018-04-13,41.12701416015625,41.38828018165204,40.919886897448386,41.13878361169851,100497200
2018-04-16,41.383567810058594,41.47065527100543,41.150545641067694,41.19761984721377,86313600
2018-04-17,41.95318603515625,42.11794759983636,41.52244992150718,41.541280327689584,106421600
2018-04-18,41.8590202331543,42.08968993935178,41.63306261636813,41.85195928210045,83018000
2018-04-19,40.67273712158203,41.28235655639959,40.639784816768426,40.89869475700905,139235200
2018-04-20,39.006290435791016,40.30085111535037,38.93802977051973,40.154919969854056,261964400
2018-04-23,38.893314361572266,39.288742109648695,38.62263131807293,39.2675592499016,146062000
2018-04-24,38.35193634033203,39.14985605824976,37.947091757459134,38.99450796659433,134768000
2018-04-25,38.5190544128418,38.935668488153105,38.22719218802867,38.27661884605533,113528400
2018-04-26,38.653221130371094,39.008635520485086,38.453151262893755,38.62968223130373,111852000
2018-04-27,38.20602035522461,38.67912217617682,37.8082365654064,38.60144809962658,142623200
2018-04-30,38.898006439208984,39.36875565537939,38.093025710541376,38.16128635814372,169709600
2018-05-01,39.801841735839844,39.82537703822418,38.900356690154524,39.168683559746505,214277600
2018-05-02,41.56009292602539,41.83783321725984,40.90810430851587,41.24468824703198,266157600
2018-05-03,41.63541793823242,41.77899660543915,41.05875081606934,41.3976908561332,136272800
2018-05-04,43.2689208984375,43.36777781715899,41.93669956186944,41.95552996422572,224805200
2018-05-07,43.58197021484375,44.17275928199006,43.48546574823855,43.58667512184981,169805600
2018-05-08,43.79145050048828,43.8314637564863,43.23125773345237,43.541953968070146,113611200
2018-05-09,44.099788665771484,44.109202070237544,43.59608712584332,43.90913579943176,92844800
2018-05-10,44.730594635009766,44.808268696550556,44.16804939372825,44.18923584071716,111957200
2018-05-11,44.56047821044922,44.90781348080531,44.29111653194672,44.77313444424495,104848800
2018-05-14,44.45649719238281,44.78256780194117,44.38797693658166,44.659700040959976,83115200
2018-05-15,44.05246353149414,44.20132250361029,43.735846179883595,44.13279863168529,94780800
2018-05-16,44.463600158691406,44.52976251767143,43.948506490621085,43.965047981711514,76732400
2018-05-17,44.18242263793945,44.63608416033303,44.03356365522016,44.42106643093434,69176000
2018-05-18,44.02174758911133,44.37617098156991,43.979218512599275,44.22967713307568,73190800
2018-05-21,44.333641052246094,44.7211438096648,44.163517538708014,44.42106433364887,73603200
2018-05-22,44.22259521484375,44.62900105083375,44.13280678898637,44.5108599032874,60962800
2018-05-23,44.506126403808594,44.53920577581942,43.891791088886215,44.0312003616429,80233600
2018-05-24,44.45649719238281,44.61953249716199,43.998112725016156,44.60299461695363,92936000
2018-05-25,44.558109283447266,44.81092942832429,44.33836490556683,44.475409049812235,69844000
2018-05-29,44.39743423461914,44.598275593350905,44.154063800606444,44.32655244248424,90056400
2018-05-30,44.30292510986328,44.421066243489584,44.1328015890109,44.35490749708936,74762000
2018-05-31,44.15406036376953,44.47540434949912,43.9815753406986,44.23676058866452,109931200
2018-06-01,44.95034408569336,44.95506713561209,44.36199988646543,44.4187089339248,93770000
2018-06-04,45.326026916503906,45.701714849155046,45.21261243983928,45.28113270970008,105064800
2018-06-05,45.675716400146484,45.82457535582119,45.45124900716665,45.6190109735128,86264000
2018-06-06,45.83403015136719,45.857659818677284,45.34728928997988,45.75133352654392,83734400
2018-06-07,45.71116256713867,45.88600911282106,45.446524013451096,45.87183275564473,85388800
2018-06-08,45.29530715942383,45.36619255636937,44.839284141914064,45.170077853818505,106627200
2018-06-11,45.18425369262695,45.35910385569814,44.94324839331655,45.21261001430778,73234000
2018-06-12,45.432350158691406,45.51032373283676,45.16535006589498,45.22205910310459,67644400
2018-06-13,45.059024810791016,45.57412199581187,44.9975927231053,45.46543057334217,86553600
2018-06-14,45.08266067504883,45.264599043908696,44.94561651717608,45.25987238870438,86440400
2018-06-15,44.619537353515625,44.93143164101872,44.48249322161708,44.900713796085,246876800
2018-06-18,44.595916748046875,44.70933122765769,44.2320400347811,44.39271385249596,73939600
2018-06-19,43.875267028808594,44.026487577841436,43.34599330450249,43.74531102447202,134314000
2018-06-20,44.06664276123047,44.23203962692559,43.884704406275205,44.03120186336054,82514800
2018-06-21,43.82090759277344,44.503763149833475,43.69803981348712,44.24385123314723,102847600
2018-06-22,43.69330978393555,43.983935918958444,43.641327404613634,43.97684774044916,108801600
2018-06-25,43.043540954589844,43.69331720103491,42.703293906863045,43.334167138947585,126652400
2018-06-26,43.577537536621094,44.07373174817735,43.130964188373,43.23729409469315,98276800
2018-06-27,43.51374435424805,44.25094389386628,43.48302650497016,43.76656451210169,101141200
2018-06-28,43.830360412597656,43.998122408091795,43.42868128083608,43.499566681824895,69460800
2018-06-29,43.738216400146484,44.22968401345426,43.21839606475345,44.017027781669555,90950800
2018-07-02,44.227317810058594,44.25567413683767,43.33889768758348,43.43341276787764,70925200
2018-07-03,43.457035064697266,44.40925233310828,43.36724664755097,44.371446304269696,55819200
2018-07-05,43.80673599243164,44.04538341750769,43.542100976106674,43.77365661539102,66416800
2018-07-06,44.41396713256836,44.52265492974039,43.759464403860584,43.811446778292556,69940800
2018-07-09,45.03067398071289,45.05430004371361,44.728232973406556,44.7754887047892,79026400
2018-07-10,44.9763298034668,45.19607057551594,44.936158646379255,45.06139156160415,63756400
2018-07-11,44.39270782470703,44.84164263268709,44.32891061123423,44.53920165787048,75326000
2018-07-12,45.136993408203125,45.22678180793195,44.73058769047775,44.78257006870174,72164400
2018-07-13,45.207889556884766,45.328392223058444,45.106286300581004,45.148818986242105,50055600
2018-07-16,45.10865020751953,45.519779060598594,44.992870594262484,45.25278254019406,60172400
2018-07-17,45.23624038696289,45.3354785088503,44.70460527339231,44.8345612444525,62138000
2018-07-18,44.98815155029297,45.318948956113694,44.87709857327811,45.314222300283994,65573600
2018-07-19,45.33783721923828,45.49614588688389,44.82037853844009,44.82037853844009,81147200
2018-07-20,45.2338752746582,45.46779239863314,44.93379580262433,45.314210375712605,82704800
2018-07-23,45.27404022216797,45.35674044845101,44.78966090832627,45.05429586382263,63957600
2018-07-24,45.602481842041016,45.75842901829502,45.37801438824719,45.47252586182934,74791600
2018-07-25,46.03250503540039,46.0395932137554,45.46778705365949,45.61664600987609,66839600
2018-07-26,45.88837814331055,46.301872087879055,45.74660734873463,45.98288960277378,76304000
2018-07-27,45.125179290771484,46.119929065766975,44.917253379961814,46.072673340827535,96096000
2018-07-30,44.872379302978516,45.41346426614587,44.67390300599521,45.342578844256884,84118000
2018-07-31,44.9621467590332,45.39927035389456,44.73767934763721,44.96451188892407,157492000
2018-08-01,47.61088180541992,47.67231390336049,46.620858425756325,47.05089392748525,271742800
2018-08-02,49.00257873535156,49.2364994753582,47.33915317811474,47.393497089492804,249616000
2018-08-03,49.14434814453125,49.32155983804991,48.55127736944488,48.91751559045967,133789600
2018-08-06,49.3995361328125,49.44206521101312,48.92697159077175,49.14671237223766,101701600
2018-08-07,48.93640899658203,49.50112333818187,48.85370878035653,49.458594270669614,102349600
2018-08-08,48.96950149536133,49.101818992504654,48.32445189409689,48.68596348642828,90102000
2018-08-09,49.354637145996094,49.567289727173105,48.95768109431642,49.50821916513716,93970400
2018-08-10,49.207637786865234,49.57990373485978,49.00372221427533,49.16732935737988,98444800
2018-08-13,49.525367736816406,50.01855899446181,49.247948332770804,49.62969714374494,103563600
2018-08-14,49.73401641845703,49.92607568843563,49.380719838430274,49.83123276583713,82992000
2018-08-15,49.8502082824707,49.96876375949691,49.397325491904326,49.60835409628994,115230400
2018-08-16,50.58049774169922,50.696679764445875,50.14184113974823,50.208231900753496,114001600
2018-08-17,51.59059143066406,51.678321308233336,50.54256165890498,50.60895242323178,141708000
2018-08-20,51.087913513183594,51.96996268783579,51.004923255185325,51.713886112694034,121150800
2018-08-21,50.98834228515625,51.498133050353275,50.74886150377362,51.40565991516332,104639200
2018-08-22,50.99070358276367,51.30131830611395,50.70379778037172,50.765448934519426,76072400
2018-08-23,51.09503936767578,51.46493186680774,50.88401076916968,50.895863422121245,75532800
2018-08-24,51.253910064697266,51.429369873537276,51.004942813259866,51.35823947429209,73905600
2018-08-27,51.67595291137695,51.86564236521051,51.29420419707113,51.48863326418211,82100400
2018-08-28,52.09326934814453,52.29244165624201,51.90832311662178,51.92966223148389,91107200
2018-08-29,52.87099075317383,52.99191963522178,52.024506668965344,52.19996643032836,109019200
2018-08-30,53.35707092285156,54.12293819410298,52.73346803514367,52.93501376769563,195175200
2018-08-31,53.97355270385742,54.267567890044155,53.58706079785708,53.707986048495975,173360400
2018-09-04,54.14664840698242,54.34107747487814,53.73644753925483,54.15850467627464,109560400
2018-09-05,53.79336166381836,54.45727306710993,53.37367787485255,54.296039352981474,133332000
2018-09-06,52.89944839477539,53.907169818025736,52.47264800955837,53.6416031238765,137160000
2018-09-07,52.47265625,53.4376959772682,52.33276165171727,52.60306800180006,150479200
2018-09-10,51.768436431884766,52.60306802575918,51.32740990070395,52.38966599052748,158066000
2018-09-11,53.07727813720703,53.18397732206969,51.34873759393582,51.69254768650452,142996000
2018-09-12,52.418121337890625,53.34996566824342,52.126472253925435,53.33573958961606,197114800
2018-09-13,53.684295654296875,54.14429151556606,52.77379039666529,52.999045094846494,166825600
2018-09-14,53.07490921020508,53.78624199360212,52.76192466688371,53.527791950627346,127997200
2018-09-17,51.661720275878906,52.86387056968871,51.51708249272369,52.67418113994048,148780400
2018-09-18,51.74707794189453,52.60304833344586,51.481511305335744,51.640375155210535,126286800
2018-09-19,51.77791213989258,52.07430079960809,51.049983473004616,51.808737718271196,108495200
2018-09-20,52.171512603759766,52.70501214477556,51.962853847727715,52.221307486185715,106435200
2018-09-21,51.60956573486328,52.48687544958484,51.52183223077317,52.34935067644082,384986800
2018-09-24,52.35171890258789,52.463161325425574,51.36534021627481,51.41039187036139,110773600
2018-09-25,52.683677673339844,52.8330587157541,52.09327016010668,52.105126430112286,98217600
2018-09-26,52.26399612426758,53.053576036425326,52.10750202606852,52.401520911955295,95938800
2018-09-27,53.338104248046875,53.691400844636,53.003776960471846,53.070171351034034,120724800
2018-09-28,53.525428771972656,53.549137696873096,53.117597636213965,53.300170468249014,91717600
2018-10-01,53.885826110839844,54.397986563838984,53.67005792440383,54.0494332237167,94403200
2018-10-02,54.36479187011719,54.5355120232843,53.73644937445043,53.88345698822329,99152800
2018-10-03,55.02633285522461,55.35828669549664,54.48334682317725,54.54736778452454,114619200
2018-10-04,54.05891418457031,55.09271783017239,53.760152141715395,54.72045198884526,128168000
2018-10-05,53.18161392211914,54.1585135062695,52.30193431480549,54.05181430129419,134322000
2018-10-08,53.058311462402344,53.30253542001235,52.21182374324933,52.68841900691634,118655600
2018-10-09,53.79336166381836,53.88820821744634,52.697910200104225,53.02749428565605,107564000
2018-10-10,51.30131912231445,53.670058530674225,51.22781531553088,53.45902995525262,167962400
2018-10-11,50.84843444824219,52.04584527964782,50.3433906650113,50.86503394876488,212497600
2018-10-12,52.664710998535156,52.84728743527982,51.415135332389916,52.26399293127614,161351600
2018-10-15,51.53842544555664,52.59831145957878,51.51708633285087,52.43944759050496,123164000
2018-10-16,52.674190521240234,52.87336644786293,51.39616278070378,51.910693053592425,116736000
2018-10-17,52.44656753540039,52.790377662588455,52.007910864764305,52.7097608141769,91541600
2018-10-18,51.220706939697266,52.102759937440126,50.50463087851335,51.65699020665962,130325200
2018-10-19,52.00080108642578,52.463166708392414,51.55503134933697,51.70441240336693,132314800
2018-10-22,52.31852722167969,52.96109945803747,51.91306954225045,52.114611669502295,115168400
2018-10-23,52.811710357666016,52.9350090401459,50.907710097982076,51.175646575863766,155071200
2018-10-24,51.000186920166016,53.16738058448687,50.869775190546356,52.780892245101086,163702000
2018-10-25,52.11697006225586,52.4916056718286,51.393781183587734,51.62140921121065,119423200
2018-10-26,51.28710174560547,52.20946324201055,50.42638779676054,51.192255190098145,189033600
2018-10-29,50.324424743652344,52.09090043654111,48.86619036324804,51.972344972346896,183742000
2018-10-30,50.57575988769531,51.02152595640416,49.620203170895984,50.06596923960483,146640000
2018-10-31,51.89409255981445,52.271098028598864,51.36296283271689,51.42461398325226,153435600
2018-11-01,52.6907844543457,52.72397983560384,51.40801361782539,51.93914333598085,233292800
2018-11-02,49.195770263671875,50.658744134392954,48.70969217782817,49.68659158073086,365314800
2018-11-05,47.7991943359375,48.46310570278856,46.98827534156456,48.4417665861533,264654800
2018-11-06,48.316097259521484,48.54135192892878,47.82290607013109,47.877440573286876,127531600
2018-11-07,49.781436920166016,49.80751926608168,48.401453247422836,48.83773647180707,133697600
2018-11-08,49.60773849487305,49.995575306650395,49.19372470423426,49.962264102620765,101450400
2018-11-09,48.65122985839844,49.01765313270148,48.123006700822515,48.90820358078531,137463200
2018-11-12,46.20046615600586,47.551957204167856,46.11004846587322,47.34970825433935,204542000
2018-11-13,45.738868713378906,46.91666232300983,45.553277169104916,45.59610794197945,187531600
2018-11-14,44.446861267089844,46.274225096940185,44.23985254198161,46.13622049041776,243204000
2018-11-15,45.54376220703125,45.67700704876969,44.47065835463488,44.825187661199365,185915200
2018-11-16,46.04818344116211,46.39081505897768,45.0797767733839,45.327230924778966,147713200
2018-11-19,44.22319793701172,45.37481805625231,44.01619284637753,45.20826202754382,167701200
2018-11-20,42.11030197143555,43.17864580539984,41.76053252405978,42.44103592697434,271300800
2018-11-21,42.06272506713867,42.89313089673163,42.00800028423962,42.76464220391683,124496800
2018-11-23,40.99437713623047,42.01989398446868,40.94917192107717,41.624915640839525,94496000
2018-11-26,41.54877853393555,41.62729859680167,40.5113675567691,41.458364462378924,179994000
2018-11-27,41.45835876464844,41.5844657368947,40.65888616156213,40.808784778569425,165549600
2018-11-28,43.052547454833984,43.135823663787434,41.62253625141104,42.05082582673446,184250000
2018-11-29,42.7218132019043,43.495112508761814,42.28162599035636,43.461801299230856,167080000
2018-11-30,42.49101257324219,42.90740450537757,42.1222075643638,42.89788494233646,158126000
2018-12-03,43.97575378417969,44.00430521540804,43.1167964651105,43.89009585984467,163210000
2018-12-04,42.04130172729492,43.397548760146584,41.94136811757415,43.05491716644746,165377200
2018-12-06,41.57258224487305,41.58685796271705,40.54944677513024,40.86828324248133,172393600
2018-12-07,40.09022521972656,41.51785501067056,40.04501636210929,41.2799167121799,169126400
2018-12-10,40.35432434082031,40.47091174724844,38.86245065612961,39.259807055498264,248104000
2018-12-11,40.123531341552734,40.875413510017815,39.735690802451394,40.844484003983546,189126800
2018-12-12,40.235355377197266,40.906339285051075,40.216319883482726,40.544672165773235,142510800
2018-12-13,40.67554473876953,41.061007188033315,40.34243262770178,40.56609517255429,127594400
2018-12-14,39.3740234375,40.23060265163264,39.32643651019259,40.211567154579704,162814800
2018-12-17,39.007598876953125,40.05690747360841,38.71969198522412,39.36688434207388,177151600
2018-12-18,39.514408111572266,39.86179593388226,39.11466995158238,39.35023013321837,135366000
2018-12-19,38.28189468383789,39.84276942196333,37.85360499821799,39.497759597393305,196189200
2018-12-20,37.315860748291016,38.572174571532805,36.95181547170675,38.16529851677097,259092000
2018-12-21,35.86442947387695,37.63231246407767,35.60269959136626,37.32299202961106,382978400
2018-12-24,34.93647766113281,36.05954661946022,34.87937116759668,35.25055429895659,148676800
2018-12-26,37.396751403808594,37.41102711679266,34.9102976111204,35.28624045251434,234330000
2018-12-27,37.154056549072266,37.30158073396154,35.7073951737711,37.08029627195242,212468400
2018-12-28,37.1730842590332,37.71796477444169,36.7733498226303,37.47526679196917,169165600
2018-12-31,37.53238296508789,37.917841789878466,37.232578429673204,37.720352595634594,140014000
2019-01-02,37.5752067565918,37.796491209681555,36.69721406234268,36.85425417348387,148158800
2019-01-03,33.83243942260742,34.6723611316717,33.787230575440596,34.258347280967,365248800
2019-01-04,35.27672576904297,35.345729898875284,34.21552314309918,34.3892170595102,234428400
2019-01-07,35.19820785522461,35.41235448462619,34.715193439506045,35.38142134656096,219111200
2019-01-08,35.86919021606445,36.1237858793811,35.33858894951646,35.58604312532892,164101200
2019-01-09,36.47832489013672,36.76860994397454,35.60271357607896,35.997688445653495,180396400
2019-01-10,36.59490203857422,36.63535110369678,35.895363032061816,36.28558160044058,143122800
2019-01-11,36.235618591308594,36.571112433090754,36.05002702578016,36.37600493397239,108092800
2019-01-14,35.69073486328125,35.992917435038834,35.505143332444135,35.89298381309956,129756800
2019-01-15,36.421207427978516,36.49734577535337,35.70263294063492,35.754979642864214,114843600
2019-01-16,36.86614990234375,37.08981241923674,36.4045491556751,36.42358464973506,122278800
2019-01-17,37.08506393432617,37.51335360451104,36.4664228962091,36.69008548123066,119284800
2019-01-18,37.313472747802734,37.56568667566943,37.113601887219595,37.47526899184965,135004000
2019-01-22,36.47593688964844,37.29206339899699,36.314136980893885,37.2159250418447,121576000
2019-01-23,36.62345886230469,36.913743848335805,36.09523560120871,36.67818364898762,92522400
2019-01-24,36.33316421508789,36.756693941632484,36.10474556492736,36.66865796507572,101766000
2019-01-25,37.53714370727539,37.62518334431793,36.71863903105032,36.99464469097902,134142000
2019-01-28,37.18975067138672,37.19688852871694,36.5615938117792,37.06839983547352,104768400
2019-01-29,36.80428695678711,37.62517682803338,36.66866404152659,37.177851753922326,166348800
2019-01-30,39.31929016113281,39.53343310309419,38.12483930122953,38.843413729530596,244439200
2019-01-31,39.602439880371094,40.211561172854836,39.15511484279429,39.523919828201805,162958400
2019-02-01,39.621490478515625,40.20681671868992,39.48110410894883,39.726183921317705,130672400
2019-02-04,40.746925354003906,40.844480907959166,39.80231021008978,39.83324334442914,125982000
2019-02-05,41.444087982177734,41.65823461315933,41.00866412354689,41.13001133964811,144406400
2019-02-06,41.45835876464844,41.7748170482294,41.12762476808099,41.55591068027246,112958400
2019-02-07,40.67316436767578,41.38697910594836,40.53039996776146,41.02055217380472,126966800
2019-02-08,40.7209587097168,40.78069839317819,40.245429516724585,40.381637745202596,95280000
2019-02-11,40.48677062988281,40.91212046871485,40.44375981423957,40.873886201773935,83973600
2019-02-12,40.83564758300781,40.86193318295091,40.55128617804705,40.64687183521285,89134000
2019-02-13,40.665992736816406,41.21559851553818,40.603864782993156,40.95513438892217,89960800
2019-02-14,40.81415557861328,40.924074562670334,40.474834588255234,40.553691413976786,87342800
2019-02-15,40.723350524902344,41.02921743911906,40.563248596853064,40.921686728784024,98507200
2019-02-19,40.84521484375,40.96708613224222,40.50111732800384,40.55368854142776,75891200
2019-02-20,41.108062744140625,41.416321493088006,40.859547313325095,40.90733832161036,104457600
2019-02-21,40.87627410888672,41.18930941843482,40.69466681187952,41.0531048572345,68998800
2019-02-22,41.332698822021484,41.33986729343823,40.95275525204778,41.00054627689994,75652800
2019-02-25,41.63376998901367,42.02566208018677,41.56686185000022,41.61704477737037,87493600
2019-02-26,41.657684326171875,41.88947463319666,41.38049126780097,41.50953105017642,68280800
2019-02-27,41.78671646118164,41.817782266227354,41.27534486960349,41.39004769767015,111341600
2019-02-28,41.37569808959961,41.79626774171743,41.32073860868711,41.65528298161905,112861600
2019-03-01,41.810604095458984,41.85361491133981,41.31356956114267,41.64572200880833,103544800
2019-03-04,42.02088928222656,42.474909358370766,41.57164575485241,41.982655014743564,109744800
2019-03-05,41.94442367553711,42.05673456522143,41.70785323096829,42.04239762546951,78949600
2019-03-06,41.70308303833008,41.93487332290462,41.56448652256851,41.73892539317305,83241600
2019-03-07,41.22038269042969,41.68396322987974,41.10568351605907,41.54775499776006,99185600
2019-03-08,41.318355560302734,41.356589832825826,40.50350540248133,40.69945331449648,95997600
2019-03-11,42.74971389770508,42.802285108230926,41.90141335177229,41.93486742699595,128044000
2019-03-12,43.230018615722656,43.6505846085032,42.86202018159688,43.012565327032,129870400
2019-03-13,43.421199798583984,43.80114336864438,43.232420327975866,43.55023593033642,124130000
2019-03-14,43.90387725830078,43.99229444933617,43.62429604022909,43.944499796357,94318000
2019-03-15,44.47499465942383,44.76413630754834,43.9062753998339,44.171519718082784,156171600
2019-03-18,44.92902755737305,45.01744113272922,44.396146891586056,44.39853881279332,104879200
2019-03-19,44.57297897338867,45.16081915056755,44.427213978176695,45.00788568396985,126585600
2019-03-20,44.96247863769531,45.28029420823643,44.142848240779564,44.501286360698266,124140800
2019-03-21,46.61845397949219,46.914764093298665,45.356752279123555,45.40693521269051,204136800
2019-03-22,45.65306854248047,47.23975444886868,45.58854866098074,46.67819994478431,169630800
2019-03-25,45.10107421875,45.87529820823624,44.589702657387456,45.7629873079454,175381200
2019-03-26,44.63510513305664,46.09036675118269,44.1070083158494,45.79883677256588,199202000
2019-03-27,45.03655242919922,45.34480758857709,44.57775210214657,45.103460582338926,119393600
2019-03-28,45.09629821777344,45.29702270436908,44.811936705318935,45.15125771253195,83121600
2019-03-29,45.390201568603516,45.42126736450016,45.053268947051265,45.36152769314211,94256000
2019-04-01,45.69846725463867,45.80360602937068,45.01504516466666,45.79404928483894,111448000
2019-04-02,46.36276626586914,46.467908673343175,45.65305866163964,45.66261540494625,91062800
2019-04-03,46.68059158325195,46.95539267732806,46.15487943528214,46.1787767679066,93087200
2019-04-04,46.761837005615234,46.924327200684935,46.152491481661734,46.54677194916167,76457200
2019-04-05,47.07487106323242,47.09876839535696,46.81918346513947,46.94344302898936,74106400
2019-04-08,47.815643310546875,47.846705466003094,46.91715615255903,46.93627328849716,103526800
2019-04-09,47.672264099121094,48.47277726052693,47.60774422451132,47.86821199748385,143072800
2019-04-10,47.93989562988281,47.968573154749954,47.35683578926549,47.47631514525361,86781200
2019-04-11,47.54084014892578,48.03070629058641,47.41897250530564,47.99486393841018,83603200
2019-04-12,47.521728515625,47.825207168671724,46.88610097069138,47.60058534576571,111042800
2019-04-15,47.60774230957031,47.75589918776008,47.316212394506586,47.452420608068394,70146400
2019-04-16,47.612525939941406,48.11911726997724,47.44764383635256,47.66270887651136,102785600
2019-04-17,48.53968811035156,48.5994277929976,47.459593627169305,47.68182349642656,115627200
2019-04-18,48.7141227722168,48.78341919378796,48.39391897587181,48.53729201415646,96783200
2019-04-22,48.87423324584961,48.97220720924463,48.350912995670726,48.46800409676876,77758000
2019-04-23,49.57915496826172,49.64367484459723,48.7236822999395,48.85033013179243,93292000
2019-04-24,49.502689361572266,49.818112976264246,49.476403756496204,49.55048037637763,70162400
2019-04-25,49.05344772338867,49.64606435188864,49.015213451557486,49.42383448353397,74172800
2019-04-26,48.819271087646484,48.986541475636166,48.29833914079749,48.962644143257215,74596400
2019-04-29,48.893341064453125,49.2183250510199,48.71412203464543,48.843158131769954,88818800
2019-04-30,47.95185089111328,48.60420724360658,47.57907583254568,48.522962145451295,186139600
2019-05-01,50.30559158325195,51.4502022665524,49.997332787495154,50.15265814578386,259309200
2019-05-02,49.97822952270508,50.81458528858688,49.73449418192778,50.143111671374406,127985200
2019-05-03,50.599517822265625,50.62102323573923,50.23629948330786,50.394013141223624,83569600
2019-05-06,49.81810760498047,49.90413288084334,48.62809432739427,48.81687009169931,129772400
2019-05-07,48.475162506103516,49.56481360545872,47.9900766320153,49.19681880816507,155054800
2019-05-08,48.48471450805664,49.067774268181125,48.20991348570915,48.24575582906923,105358000
2019-05-09,47.96378707885742,48.19318537234518,46.993615410579324,47.887318550214744,139634400
2019-05-10,47.29931640625,47.69991736200202,46.24145331372256,47.35688865588017,164834800
2019-05-13,44.55031967163086,45.4522632218253,43.86186824428685,45.02768010823459,229722400
2019-05-14,45.25556182861328,45.50503431641319,44.4759552713781,44.71583421206585,146118800
2019-05-15,45.79768753051758,45.99678749318761,44.622282169503194,44.682251905478665,106178800
2019-05-16,45.596187591552734,46.16949808957643,45.298736399758674,45.555408612560825,132125600
2019-05-17,45.33711624145508,45.792884728984006,44.79978613867689,44.84056511617059,131516400
2019-05-20,43.91943359375,44.2216833962281,43.24537436800454,44.022583439754115,154449200
2019-05-21,44.761409759521484,45.0972387970972,44.30563759679789,44.430375665152575,113459200
2019-05-22,43.8450813293457,44.54792867065674,43.78991018673327,44.29605500008093,118994400
2019-05-23,43.096649169921875,43.30774013800977,42.652871688121444,43.13023207349917,146118800
2019-05-24,42.93113708496094,43.69155293690162,42.84717798618397,43.22618717622051,94858800
2019-05-28,42.75362777709961,43.31974229243036,42.67686841007409,42.919144851959835,111792800
2019-05-29,42.54972457885742,43.0222863504974,42.218690493477034,42.31943920201413,113924800
2019-05-30,42.77042007446289,42.99350575437615,42.379416191299306,42.68646097283773,84873600
2019-05-31,41.99561309814453,42.69605925236911,41.976422341284085,42.27386992196449,108174400
2019-06-03,41.571022033691406,42.67926159185684,40.84418912083457,42.12274434101084,161584400
2019-06-04,43.091854095458984,43.13743168124543,41.86367505232312,42.0843632453702,123872000
2019-06-05,43.78749465942383,44.37520091765044,43.45166564923293,44.2048852808854,119093600
2019-06-06,44.430381774902344,44.490351515591904,43.69395160230855,43.917040941010214,90105200
2019-06-07,45.612979888916016,46.03756664607893,44.56231259968643,44.73982067626788,122737600
2019-06-10,46.195892333984375,46.8651530476269,45.96560691300584,46.01118450280199,104883600
2019-06-11,46.7308235168457,47.016280088740814,46.44057200073888,46.74281819790048,107731600
2019-06-12,46.58209228515625,47.00907650866019,46.390188399699355,46.52452002144053,73012800
2019-06-13,46.572486877441406,47.20576702576018,46.44055641091537,46.70442100422897,86698400
2019-06-14,46.23426818847656,46.43816309120982,45.6489629895488,45.94881166438785,75046000
2019-06-17,46.5101318359375,46.76680408242516,46.09753972812017,46.27265034565791,58676400
2019-06-18,47.60396194458008,48.0453381954951,46.826756733243016,47.02825410949624,106204000
2019-06-19,47.46483612060547,47.946995045558715,47.330504524090045,47.89901633800765,84496800
2019-06-20,47.84626007080078,48.12211941703031,47.503231246787394,48.06454714761381,86056000
2019-06-21,47.68313980102539,48.17969100957761,47.53201488359428,47.68793840514165,191202400
2019-06-24,47.63515853881836,48.014167688883454,47.536807298683456,47.62556133183534,72881600
2019-06-25,46.913124084472656,47.79827426131573,46.84595461664959,47.599174310237565,84281200
2019-06-26,47.927825927734375,48.21328252930671,47.34012309757769,47.44087184043914,104270000
2019-06-27,47.91341781616211,48.35239668831733,47.8726388381274,48.04534829675481,83598800
2019-06-28,47.47684860229492,47.85585784046347,47.26815505517702,47.65915531446873,124442400
2019-07-01,48.34760665893555,49.05285140942517,48.13171339190629,48.73620941522062,109012000
2019-07-02,48.63066101074219,48.726614791836525,48.302028003617494,48.3140226837871,67740800
2019-07-03,49.03366470336914,49.04086078017165,48.62107255213199,48.76260027626513,45448000
2019-07-05,48.99048614501953,49.19438475496231,48.671446642300936,48.77939511830769,69062000
2019-07-08,47.98058319091797,48.31161361559423,47.59437797857743,48.17008592952371,101354400
2019-07-09,48.27325439453125,48.338019093323474,47.690346483558116,47.78389915318797,82312000
2019-07-10,48.7505989074707,48.87053838474361,48.350001492610694,48.419568439175904,71588400
2019-07-11,48.395565032958984,49.0288451427419,48.38597148807709,48.769775507795075,80767200
2019-07-12,48.76739501953125,48.93530956539922,48.50352669012259,48.56349643223705,70380800
2019-07-15,49.22555923461914,49.38387655433497,48.93530410465948,48.95689233094862,67789600
2019-07-16,49.05524444580078,49.4414496951831,48.815365499855545,49.07683267247292,67467200
2019-07-17,48.77939224243164,49.19677932673481,48.76020148472326,48.94730679705147,56430000
2019-07-18,49.33350372314453,49.38627738281287,48.863339389807166,48.93530380392419,74162400
2019-07-19,48.59708023071289,49.53500789300967,48.541909091831506,49.36469221177238,83717200
2019-07-22,49.70772171020508,49.71011918227102,48.84175846024879,48.851352008775265,89111600
2019-07-23,50.09632110595703,50.11311439007564,49.72450798606768,50.00516959017549,73420800
2019-07-24,50.055545806884766,50.170686691236945,49.69572734055431,49.815666829331136,59966400
2019-07-25,49.65974044799805,50.19227200117714,49.59017350388009,50.1083129059347,55638400
2019-07-26,49.83245849609375,50.30981530335246,49.68852965013139,49.77008762138751,70475600
2019-07-29,50.29781723022461,50.52810263617911,50.00036967035038,50.005168274295485,86693600
2019-07-30,50.08192825317383,50.41296238448018,49.72930589424204,50.0771296491696,135742800
2019-07-31,51.103816986083984,53.10200935598429,50.686429897756184,51.91460912083272,277125600
2019-08-01,49.99797439575195,52.30081408403645,49.592581991324444,51.310112718391856,216071600
2019-08-02,48.94010925292969,49.51821479790987,48.36679865203575,49.302325185624134,163448400
2019-08-05,46.37819290161133,47.65194947419942,46.195886226790655,47.493632157235574,209572000
2019-08-06,47.256160736083984,47.51283301071378,46.54611731958452,47.090643648371376,143299200
2019-08-07,47.74550247192383,47.870240545244116,46.493337776109705,46.874744411167086,133457600
2019-08-08,48.79856491088867,48.822554265996544,47.82945572487444,48.02375705635851,108038000
2019-08-09,48.39645004272461,48.82264628400615,47.98710353990854,48.47109445761,98478800
2019-08-12,48.273643493652344,48.651686068806626,47.953391919398044,48.0665636664717,89927600
2019-08-13,50.31795883178711,51.081263786709165,48.27364747421818,48.403676318422924,188874000
2019-08-14,48.82024383544922,49.708760821603875,48.7817164973543,48.918968761504,146189600
2019-08-15,48.57704162597656,49.39572726363103,48.07860388821186,48.99120128008472,108909600
2019-08-16,49.72320556640625,49.88212807374593,49.08270237561469,49.18865071384114,110481600
2019-08-19,50.65026092529297,51.2233395654569,50.5732062354932,50.71527168637045,97654400
2019-08-20,50.65265655517578,51.372621001381795,50.64302655811778,50.77786856194401,107537200
2019-08-21,51.20166015625,51.44485708837532,50.95123980751882,51.28593824887725,86141600
2019-08-22,51.15831756591797,51.635081413266526,50.746564465365324,51.33409348642569,89014800
2019-08-23,48.793758392333984,51.0595965612192,48.39886234899058,50.42872331972758,187272000
2019-08-26,49.720794677734375,49.889347167504845,49.376462608332325,49.569095599856595,104174400
2019-08-27,49.15975570678711,50.21682513114525,49.0080566199062,50.05067921202214,103493200
2019-08-28,49.48964309692383,49.53539385383809,48.95749845133117,49.14531464085439,63755200
2019-08-29,50.32759094238281,50.40223903898198,49.76173581076194,50.20478918362739,83962000
2019-08-30,50.262577056884766,50.674326482082,49.891757874550635,50.604498899890494,84573600
2019-09-03,49.530574798583984,49.838786156000836,49.174206105477474,49.706350727227374,80092000
2019-09-04,50.37092590332031,50.44075347709429,49.92064919607755,50.1782929190848,76752400
2019-09-05,51.355770111083984,51.52191605519389,50.92957012499807,51.0475587296686,95654800
2019-09-06,51.350948333740234,51.63026601944907,51.17035557259266,51.54117476635039,77449200
2019-09-09,51.570068359375,52.116663477775006,50.82362048552351,51.731397451538086,109237600
2019-09-10,52.179264068603516,52.19852773601174,50.977722666637575,51.495420409371455,127111600
2019-09-11,53.838314056396484,53.867211397143734,52.427282443184204,52.50915395543735,177158400
2019-09-12,53.717918395996094,54.519750703833786,53.66253764416418,54.12967151186865,128906800
2019-09-13,52.67289352416992,53.164104263143614,52.25632721215194,52.97388148716518,159053200
2019-09-16,52.949798583984375,53.00518301207086,52.38635002455924,52.42728394477362,84632400
2019-09-17,53.14244079589844,53.171338142470326,52.76199152120304,52.9642582505265,73274800
2019-09-18,53.640869140625,53.66013281018693,52.839036806684845,53.22911601134843,101360000
2019-09-19,53.205039978027344,53.87925005196079,53.062970872148405,53.45786691866771,88242400
2019-09-20,52.42729187011719,53.590309923205204,52.364687689884846,53.306179019647026,221652400
2019-09-23,52.66566848754883,52.935352518365704,52.40802103554608,52.72104924226958,76662000
2019-09-24,52.415245056152344,53.57344980178492,52.29726012839584,53.22189425113329,124763200
2019-09-25,53.22188949584961,53.335061251581074,52.28521520368025,52.624730470874646,87613600
2019-09-26,52.94739532470703,53.200225952875144,52.69215811549392,52.97388241288026,75334000
2019-09-27,52.68975830078125,53.2050496216399,52.318939018736145,53.10391441804941,101408000
2019-09-30,53.9298210144043,54.0767032912969,53.1641057052064,53.190592793635226,103909600
2019-10-01,54.0791130065918,54.953183301231086,53.98520490111425,54.194695039617834,139223200
2019-10-02,52.72345733642578,53.835907592119455,52.47543989247352,53.71069557972817,138449200
2019-10-03,53.17131805419922,53.205028550655555,51.80122060149436,52.59582568570346,114426000
2019-10-04,54.66181182861328,54.77739383312959,53.910547170101694,54.331930250207414,138478800
2019-10-07,54.67386245727539,55.364929664081245,54.38009790316798,54.48363967592858,122306000
2019-10-08,54.033355712890625,54.91464931879182,54.016502298134355,54.37528125988171,111820000
2019-10-09,54.66663360595703,54.84963295173128,54.33193516189685,54.66663360595703,74770400
2019-10-10,55.40345764160156,55.48773574425298,54.73165409816712,54.88334953910222,113013600
2019-10-11,56.87708282470703,57.22141121701625,55.93799837681441,56.09210403389139,166795600
2019-10-14,56.795223236083984,57.3394118222186,56.5062755277323,56.56165628390875,96427600
2019-10-15,56.66279220581055,57.2238305403229,56.55684385407052,56.92043599375151,87360000
2019-10-16,56.43404006958008,56.64353019818746,56.15231576645595,56.19324969007197,73903200
2019-10-17,56.65315628051758,56.86264272047436,56.22936656457934,56.607405523706475,67585200
2019-10-18,56.92524719238281,57.206971459334895,56.414769154933225,56.48700699434459,97433600
2019-10-21,57.91249465942383,58.02807669059552,57.14437641113333,57.19253375370334,87247200
2019-10-22,57.780052185058594,58.31942020062354,57.69818067626545,58.068999861135396,82293600
2019-10-23,58.55540084838867,58.56985135699846,58.083453777214395,58.295350480124185,75828800
2019-10-24,58.6517219543457,58.945486515651,58.22552194750612,58.87565524701943,69275200
2019-10-25,59.37408447265625,59.41020155520193,58.48316091956122,58.55058192309258,73477200
2019-10-28,59.968841552734375,60.01699889123348,59.40779955750476,59.57635207933633,96572800
2019-10-29,58.58188247680664,60.137389750244175,58.40851680551002,59.949573571684454,142839600
2019-10-30,58.57465362548828,59.065867950121,58.08103639445505,58.93583911600165,124522000
2019-10-31,59.89899444580078,59.99771935182168,57.12990596156792,59.532995830677365,139162000
2019-11-01,61.5989875793457,61.625470989989275,59.995323006149384,60.08682083845471,151125200
2019-11-04,62.0035285949707,62.087806705447385,61.49305411780669,61.962590993308346,103272000
2019-11-05,61.9144401550293,62.169677405290855,61.719400508099994,61.89517280689243,79897600
2019-11-06,61.94091033935547,62.00110792982626,61.49063353836815,61.82773857533684,75864400
2019-11-07,62.65578842163086,62.877983882065635,62.336989123337645,62.48914366890488,94940400
2019-11-08,62.8272590637207,62.89971008902826,62.0326784243177,62.47706191046912,69986400
2019-11-11,63.32478332519531,63.389989255763524,62.37804804912244,62.38287566125335,81821200
2019-11-12,63.266822814941406,63.46728298393451,63.01565428641184,63.1678014762245,87388800
2019-11-13,63.87303161621094,63.947900159976264,63.05188775625443,63.06637796663469,102734400
2019-11-14,63.431053161621094,63.97204056534304,63.30063392308077,63.69912937208669,89182800
2019-11-15,64.18456268310547,64.18939029468679,63.52040125590579,63.68221100347261,100206400
2019-11-18,64.50822448730469,64.58792065875762,63.815082274401675,64.19425267488225,86703200
2019-11-19,64.31256103515625,64.7255466008755,64.09520059900923,64.70139380343717,76167200
2019-11-20,63.563865661621094,64.26183504250234,62.89004170668697,64.13142320895275,106234400
2019-11-21,63.27890396118164,63.76193057545326,63.07844378883424,63.68464454827351,121395200
2019-11-22,63.22334289550781,63.561459996057096,62.99631983433901,63.418968052625615,65325200
2019-11-25,64.3318862915039,64.34879398870619,63.40205876057649,63.44794686989705,84020400
2019-11-26,63.82954406738281,64.52268597166542,63.39723325121489,64.46955275755316,105207600
2019-11-27,64.6869125366211,64.72072793178671,64.07588426604244,64.14109019477613,65235600
2019-11-29,64.54442596435547,64.72556092964365,64.21838155275661,64.3874438018525,46617600
2019-12-02,63.79814147949219,64.78592979489937,63.626669134427246,64.54924415479319,94487200
2019-12-03,62.66062927246094,62.67994709368159,61.89744635222638,62.385300569859396,114430400
2019-12-04,63.213680267333984,63.592857866147476,62.957676793454816,63.05187050555753,67181600
2019-12-05,64.14112091064453,64.21599684002494,63.45281366652823,63.70881726246278,74424400
2019-12-06,65.38005828857422,65.45009920383288,64.55649711525137,64.5999751073708,106075600
2019-12-09,64.46471405029297,65.40177918364618,63.979270103563984,65.208571549437,128042400
2019-12-10,64.84148406982422,65.22548927689962,64.20871312410253,64.87046448237331,90420400
2019-12-11,65.3945541381836,65.47425765527915,64.84632159591263,64.92119012991083,78756800
2019-12-12,65.56119537353516,65.8268614655368,64.56133418960256,64.67242823883937,137310400
2019-12-13,66.45238494873047,66.48861047070119,65.43319849834741,65.56120025624476,133587600
2019-12-16,67.58989715576172,67.8145100882346,66.8943451606707,66.89917277250892,128186000
2019-12-17,67.72274017333984,68.0511946985015,67.33389995738182,67.51986990125756,114158400
2019-12-18,67.56092071533203,68.08259027011515,67.41118366514803,67.57541092209821,116028400
2019-12-19,67.62854766845703,67.90870396456602,67.37013405403286,67.50296341312566,98369200
2019-12-20,67.48847961425781,68.26373527194914,67.27594672320693,68.16230380965749,275978000
2019-12-23,68.58975982666016,68.65013813636672,67.71306559045694,67.75170859311704,98572000
2019-12-24,68.65498352050781,68.8047279584797,68.32894646001048,68.75642235004993,48478800
2019-12-26,70.01712036132812,70.03402806090413,68.7588381558722,68.78781857205915,93121200
2019-12-27,69.99056243896484,70.99767630190148,69.58482179982006,70.30936181417954,146266000
2019-12-30,70.40595245361328,70.6885262491251,68.88442165735184,69.90843566014871,144114400
2019-12-31,70.92037963867188,70.92762474291384,69.92292852242264,70.02194986066347,100805600
2020-01-02,72.53852081298828,72.59889913772518,71.29231130597061,71.5458973217052,135480400
2020-01-03,71.83329010009766,72.59405542623057,71.60868452797844,71.76566667933918,146322800
2020-01-06,72.40567779541016,72.44432080433776,70.7030121336898,70.95418800651902,118387200
2020-01-07,72.0651626586914,72.67135607636844,71.84538465436648,72.41535254834196,108872000
2020-01-08,73.22440338134766,73.5262949460089,71.76807876823776,71.76807876823776,132079200
2020-01-09,74.7797622680664,74.97296995476395,73.95137344000949,74.20254195863613,170108400
2020-01-10,74.94882202148438,75.51396965111952,74.44647758118805,75.01403533204297,140644800
2020-01-13,76.550048828125,76.57661912211044,75.14685723047293,75.26520375211625,121532000
2020-01-14,75.5163803100586,76.69738393857047,75.39321353332888,76.48726853727727,161954400
2020-01-15,75.19274139404297,76.19743749233605,74.76043057245047,75.31591552157606,121923600
2020-01-16,76.13465118408203,76.24575261001203,75.37388575466262,75.73615570871007,108829200
2020-01-17,76.97753143310547,76.97994155406593,76.07668423312775,76.38340344954888,137816400
2020-01-21,76.45585632324219,77.04755940221253,76.31819199284013,76.60559336877427,110843200
2020-01-22,76.72876739501953,77.28182746630861,76.63457368368562,76.94129287751667,101832400
2020-01-23,77.09828186035156,77.17797799443389,76.23366024847726,76.78190007438859,104472000
2020-01-24,76.8760986328125,78.08849275649891,76.68530106036428,77.34463502870749,146537600
2020-01-27,74.61553192138672,75.29659377968004,73.63257108817264,74.88360812840847,161940000
2020-01-28,76.72635650634766,76.89782887589077,75.39803343183497,75.4970547636558,162234000
2020-01-29,78.33240509033203,79.18011893979981,77.61752794800897,78.35897537992071,216229200
2020-01-30,78.2188949584961,78.27202816821715,76.98234829996913,77.41465908040864,126743200
2020-01-31,74.75078582763672,77.9315119457232,74.456139298992,77.50886365949354,199588400
2020-02-03,74.54549407958984,75.71200004458515,72.99014787932889,73.49249228699044,173788400
2020-02-04,77.00650024414062,77.19729777289353,75.7458008005722,76.15154128644726,136616400
2020-02-05,77.63444519042969,78.43385354098093,77.03066200298008,78.13437206813377,118826800
2020-02-06,78.54252624511719,78.54494373627665,77.34704001476739,77.90493506301061,105425600
2020-02-07,77.47492218017578,78.2907522912515,76.98348700831134,78.04140355652011,117684000
2020-02-10,77.84291076660156,77.84291076660156,75.97884915779663,76.05873445176091,109348800
2020-02-11,77.37325286865234,78.41180589004748,77.15537652396827,78.33918290445037,94323200
2020-02-12,79.210693359375,79.215532428976,77.82353527181141,77.82353527181141,113730400
2020-02-13,78.64663696289062,78.97345520254548,78.27866815708352,78.48201992249481,94747600
2020-02-14,78.66598510742188,78.91533382442148,78.1576021480164,78.61514163995746,80113600
2020-02-18,77.22557067871094,77.40713550005586,76.16280771158402,76.34437253292894,152531200
2020-02-19,78.34400939941406,78.57399446337855,77.46765770370357,77.46765770370357,93984000
2020-02-20,77.54029846191406,78.59337615293093,77.03433859303921,78.10436411115981,100566000
2020-02-21,75.78517150878906,77.57661741601534,75.16785392447004,77.13359500928858,129554000
2020-02-24,72.18534088134766,73.63785968182607,70.01867143670297,71.96262546916086,222195200
2020-02-25,69.74028015136719,73.23843325634256,69.26821587876495,72.85593981243385,230673600
2020-02-26,70.84658813476562,72.11270274954929,69.35775815457548,69.36502045153675,198054800
2020-02-27,66.21548461914062,69.23672624207228,66.07991679515257,68.05050408823062,320605600
2020-02-28,66.17674255371094,67.39928345046577,62.06369649730183,62.279156964871476,426510000
2020-03-02,72.33785247802734,72.97454103190371,67.23225006740749,68.33616370279057,341397200
2020-03-03,70.04045867919922,73.59428625555064,69.18830958377835,73.51440097180128,319475600
2020-03-04,73.28926849365234,73.44904647858813,70.96282065269989,71.76412641873794,219178400
2020-03-05,70.91197967529297,72.51700693831131,70.546426702123,71.5413986547228,187572800
2020-03-06,69.97024536132812,70.40358216932741,68.08197403311165,68.26837793734198,226176800
2020-03-09,64.43614959716797,67.32181576257562,63.66873234822989,63.850297174318,286744800
2020-03-10,69.07696533203125,69.34326197621986,65.2108433903716,67.09186034094932,285290000
2020-03-11,66.6778564453125,68.07953879233956,65.81360621039644,67.15235111618254,255598800
2020-03-12,60.09312438964844,65.36334796143669,60.037445534949256,61.959612728994784,418474000
2020-03-13,67.29276275634766,67.76483423256263,61.23575946723115,64.12627561961224,370732000
2020-03-16,58.635765075683594,62.7197589173465,58.10075235573811,58.572820229839216,322423600
2020-03-17,61.21397399902344,62.36388083182577,57.71340264383957,59.91881013868682,324056000
2020-03-18,59.715457916259766,60.521606153497835,57.40353182240701,58.045063064001496,300233600
2020-03-19,59.25792694091797,61.20914333463061,58.73259973445275,59.88977278720958,271857200
2020-03-20,55.49590301513672,60.96463541715743,55.195714466288855,59.83893112943769,401693200
2020-03-23,54.31694412231445,55.316762499666766,51.47000835368413,55.21508661799568,336752800
2020-03-24,59.766300201416016,59.96238962255932,56.72085240856594,57.21954987318864,287531200
2020-03-25,59.43706130981445,62.51882052847167,59.14171556978869,60.703172304024285,303602000
2020-03-26,62.564815521240234,62.622913898421515,59.64041109887326,59.67914581295788,252087200
2020-03-27,59.9744987487793,61.94265908510833,59.80745850642363,61.18735053944383,204216800
2020-03-30,61.68605041503906,61.85793342734731,60.376361777058186,60.700760441559225,167976400
2020-03-31,61.5601692199707,63.545277612218875,61.00579280749305,61.87730561089299,197002000
2020-04-01,58.321048736572266,60.21174335831203,57.890135142365466,59.67431113291772,176218400
2020-04-02,59.29422378540039,59.34748309215544,57.35027017067756,58.18304802836145,165934000
2020-04-03,58.44209289550781,59.48064217824671,57.85140134510496,58.77859292542469,129880000
2020-04-06,63.540443420410156,63.69537493741288,60.37153204839501,60.73950086568339,201820400
2020-04-07,62.80447769165039,65.77488277079468,62.700382304932994,65.55699908413254,202887200
2020-04-08,64.41194152832031,64.72665094840988,63.240244033180964,63.6057895375852,168895200
2020-04-09,64.87673950195312,65.38028340961694,64.0802804727914,65.04862618518483,161834800
2020-04-13,66.15013122558594,66.25907309767462,64.35384627795469,64.95422341312944,131022800
2020-04-14,69.49093627929688,69.78144307379056,67.31215748427826,67.78422917835682,194994800
2020-04-15,68.85665893554688,69.31662179135925,67.93673322392213,68.36522365380796,131154400
2020-04-16,69.40377807617188,69.76933104897813,68.35312357088294,69.57081834931556,157125200
2020-04-17,68.46204376220703,69.46670842031787,67.02404968637673,68.91959068992213,215250000
2020-04-20,67.04100799560547,68.19091879039594,67.02164432762936,67.28794093663315,130015200
2020-04-21,64.96874237060547,67.11847132681476,64.25700758407963,66.8836471640781,180991600
2020-04-22,66.84007263183594,67.27582530173389,65.89593692179542,66.23727232674312,116862400
2020-04-23,66.58102416992188,68.20784511921251,66.5422894582851,66.78437586509685,124814400
2020-04-24,68.50321197509766,68.51289750296907,67.05795538482593,67.10637563628991,126161200
2020-04-27,68.55162811279297,68.88328539052851,67.77210939351758,68.21996344716476,117087600
2020-04-28,67.4404296875,69.19555618187054,67.34844305638214,69.01399137210808,112004800
2020-04-29,69.65552520751953,70.12517343259273,68.72591428235458,68.92926597961963,137280800
2020-04-30,71.125,71.30172577794379,69.80563320705274,70.19538886698345,183064000
2020-05-01,69.97993469238281,72.38385146458401,69.2004159964793,69.29724910279991,240616800
2020-05-04,70.9700698852539,71.09837541785019,69.31419932975179,70.00414724151751,133568000
2020-05-05,72.03523254394531,72.86801039665262,71.28476318520556,71.43001651075052,147751200
2020-05-06,72.77845764160156,73.41029979065098,72.35238308451844,72.7372996904726,142333600
2020-05-07,73.5313491821289,73.8775384826827,73.102858748214,73.40546686513248,115215200
2020-05-08,75.28150177001953,75.33490525251078,73.86389080775889,74.19159365905105,133838400
2020-05-11,76.46607971191406,76.96126753964525,74.57997160607404,74.78873335955656,145946400
2020-05-12,75.59222412109375,77.60212591001033,75.47085322222706,77.15062231412254,162301200
2020-05-13,74.67950439453125,76.69426553932014,73.60173033825646,75.77184236444022,200622400
2020-05-14,75.13829803466797,75.19898348401253,73.19393386714296,73.91730709017112,158929200
2020-05-15,74.69408416748047,74.7402057064117,72.87352049775028,72.90750790870699,166348400
2020-05-18,76.4539566040039,76.82778105681554,75.32763848421635,76.01945410801251,135178400
2020-05-19,76.01216888427734,77.31811351260087,75.98061126581322,76.47094702256406,101729600
2020-05-20,77.49046325683594,77.56085304131686,76.83262768101243,76.8714672558423,111504800
2020-05-21,76.91275787353516,77.89343703729402,76.67486818992178,77.3521200363698,102688800
2020-05-22,77.4079360961914,77.49046741917871,76.54862805066547,76.65057545816492,81803200
2020-05-26,76.88361358642578,78.70659948141834,76.82778030514494,78.52697291852887,125522000
2020-05-27,77.21859741210938,77.36424398683408,76.00003613296077,76.74040313452282,112945200
2020-05-28,77.25259399414062,78.51242479204967,76.61661153049658,76.89333338822178,133560800
2020-05-29,77.17732238769531,77.9565214299296,76.82049167356892,77.49531352794295,153532400
2020-06-01,78.1264419555664,78.24781284336196,77.00011656103608,77.13119919406478,80791200
2020-06-02,78.48812866210938,78.51240432243173,77.41763649054919,77.8594283215851,87642800
2020-06-03,78.92021942138672,79.18238473569964,78.23568571032708,78.80856025827174,104491200
2020-06-04,78.24053192138672,79.04157682827717,77.86670750782196,78.74300918140095,87560400
2020-06-05,80.46890258789062,80.5295880347895,78.46143067131722,78.49055850056602,137250400
2020-06-08,80.94469451904297,80.97868193353462,79.45426342517924,80.16549526156611,95654400
2020-06-09,83.50072479248047,83.89396520727647,80.59268362692559,80.62424123688398,147712400
2020-06-10,85.64901733398438,86.11750723835495,84.01051015507953,84.44987222819896,166651600
2020-06-11,81.5369644165039,85.21693078033901,81.43501701482725,84.79213265493966,201662400
2020-06-12,82.24091339111328,84.42558944538845,81.12915928074322,83.67794801073093,200146000
2020-06-15,83.25800323486328,83.91097923516973,80.7310603407497,80.89370059767263,138808800
2020-06-16,85.46452331542969,85.73640033379766,83.6779473563593,85.31402459590804,165428800
2020-06-17,85.34558868408203,86.27043435065384,85.22421778392413,86.2097489005749,114406400
2020-06-18,85.37956237792969,85.79707850372552,84.77027818647716,85.3018832364117,96820400
2020-06-19,84.89165496826172,86.55200784219969,83.7823232639959,86.08594777647562,264476000
2020-06-22,87.11273956298828,87.25595632121572,85.23877276466217,85.2848942945191,135445200
2020-06-23,88.97215270996094,90.39219373833417,87.93807025920542,88.35801624501319,212155600
2020-06-24,87.40160369873047,89.520742080351,87.02777928766403,88.60074867063001,192623200
2020-06-25,88.5619125366211,88.60075211142514,86.79718241483171,87.55696539217314,137522400
2020-06-26,85.84076690673828,88.67841857898394,85.69269058598132,88.45752269581561,205256800
2020-06-29,87.81912231445312,87.91379516599585,85.27033358259102,85.74853519336081,130646000
2020-06-30,88.55219268798828,88.83863359997088,87.38703518205058,87.40645126373022,140223200
2020-07-01,88.38469696044922,89.17360766512026,88.33615305412683,88.6298685038104,110737200
2020-07-02,88.38469696044922,89.92853837615466,88.27061544704088,89.29255616257464,114041600
2020-07-06,90.74901580810547,91.21750566495867,89.78290085821105,89.81445847482968,118655600
2020-07-07,90.4674301147461,91.90688702119085,90.3557709756679,91.12768802006694,112424400
2020-07-08,92.57440948486328,92.60596709403707,91.35827108513517,91.44566195730023,117092000
2020-07-09,92.9725341796875,93.52112558076603,91.92388788228862,93.46772209132743,125642800
2020-07-10,93.13518524169922,93.19344831932051,91.9554634823418,92.56717023816866,90257200
2020-07-13,92.70551300048828,97.0530191182004,92.49189905133328,94.44111522553601,191649200
2020-07-14,94.23963928222656,94.43139994531549,91.15196369614016,92.08651357687286,170989200
2020-07-15,94.88776397705078,96.36606058527201,93.6886189450088,96.11603683855265,153198000
2020-07-16,93.72016906738281,94.57704721895716,93.12059659931413,93.7590086395202,110577600
2020-07-17,93.53083801269531,94.32703078332698,93.05748856156698,94.17167989066034,92186800
2020-07-20,95.50189208984375,95.64025667561853,93.27352443554929,93.61822100588265,90318000
2020-07-21,94.18379974365234,96.36847551090202,93.93377603549384,96.29322616043909,103433200
2020-07-22,94.44839477539062,95.13049855916786,93.79784860710124,93.88523208886058,89001600
2020-07-23,90.1494369506836,94.25905321228731,89.33868035280699,94.18137407038651,197004400
2020-07-24,89.92611694335938,90.27081352736032,86.55685988171646,88.34587300700521,185438800
2020-07-27,92.05738067626953,92.14962372831235,90.7660001713413,90.98931843723298,121214000
2020-07-28,90.54512786865234,91.80495849622993,90.54026829124304,91.62775430231531,103625600
2020-07-29,92.28070831298828,92.46519442099822,90.9917501608235,91.02815994322266,90329200
2020-07-30,93.3973388671875,93.50171606500183,91.0451701940575,91.45297464683811,158130000
2020-07-31,103.17498016357422,103.32547889929636,97.89776821941581,99.89796575503286,374336800
2020-08-03,105.77472686767578,108.39633503514682,104.76006804130827,105.05863567902395,308151200
2020-08-04,106.4811019897461,107.5734399165085,105.24068773636387,105.96406085248272,173071600
2020-08-05,106.8670654296875,107.18748634754088,105.73588787997431,106.20195534302388,121776800
2020-08-06,110.59556579589844,111.09076104294732,106.60975038646124,107.19961106444998,202428800
2020-08-07,108.08112335205078,110.57371303352541,107.28349495082885,110.11653442162098,198045600
2020-08-10,109.65204620361328,110.67096868829299,106.99895752533313,109.52802230986417,212403600
2020-08-11,106.39099884033203,109.41371732342775,106.13079507349751,108.91520246878905,187902400
2020-08-12,109.92684173583984,110.18461136167227,107.2883431931704,107.48288378658236,165598000
2020-08-13,111.87226867675781,112.87660092461535,110.81929757369635,111.30809060988061,210082000
2020-08-14,111.77256774902344,111.86254295487012,109.96087794353791,111.69718271594931,165565200
2020-08-17,111.48075103759766,112.92037661537533,110.85335133570575,112.89605718665909,119561600
2020-08-18,112.40970611572266,112.83527017348905,110.89712956784018,111.2327184122214,105633600
2020-08-19,112.55075073242188,113.96605702763473,112.4559145982573,112.81824963342837,145538000
2020-08-20,115.04818725585938,115.16248188226466,112.57504924247161,112.59207358329192,126907200
2020-08-21,120.9769058227539,121.46083051491364,115.99658841174927,116.008744414782,338054800
2020-08-24,122.423828125,125.27146481367004,120.5562117393656,125.18634310109493,345937600
2020-08-25,121.41948699951172,121.76480505707879,119.69534572328152,121.29547053607867,211495600
2020-08-26,123.07068634033203,123.52786489142996,121.66997034058484,122.73753168290901,163022400
2020-08-27,121.59943389892578,124.00690856663964,120.45405353787604,123.67375396331288,155552400
2020-08-28,121.40245819091797,122.9928461715313,121.17872987082973,122.57457729408102,187630000
2020-08-31,125.51950073242188,127.42603418683149,122.56244509573105,124.09934102961832,225702700
2020-09-01,130.51927185058594,131.12236700060433,126.96885769324331,129.13801430731166,151948100
2020-09-02,127.81510162353516,134.21558595979664,123.53514962091081,133.83622664521172,200119000
2020-09-03,117.5821304321289,125.32496358779086,117.21250032267771,123.44762527133629,257599600
2020-09-04,117.65994262695312,120.32518728542867,107.86467480854796,116.79422439020836,332607200
2020-09-08,109.74201202392578,115.74367852876145,109.60583213787987,110.841180367367,231366600
2020-09-09,114.11924743652344,115.88959346489294,112.11545122343698,114.06088674565609,176940500
2020-09-10,110.39374542236328,117.21249954875044,109.43075684011971,117.07631964504925,182274400
2020-09-11,108.94436645507812,112.08624743158622,106.99893133980886,111.44425028134927,180860300
2020-09-14,112.21271514892578,112.76716394445175,109.72256019656312,111.59017641083511,140150100
2020-09-15,112.3878173828125,115.5880598889027,110.51047170055435,115.10170098076587,184642000
2020-09-16,109.07083129882812,112.83525140975061,108.98329026941566,112.08626205798284,154679000
2020-09-17,107.32966613769531,109.13892163117578,105.74413897781598,106.72658592069983,178011000
2020-09-18,103.9251708984375,107.85495187903756,103.19563251538361,107.38805146978207,287104900
2020-09-21,107.07677459716797,107.18377414626174,100.28720125318382,101.68791722586771,195713800
2020-09-22,108.75956726074219,109.78092384803477,106.18187120745131,109.60583435939168,183055400
2020-09-23,104.19751739501953,109.05137639314981,103.85706028034124,108.5747468223456,150718700
2020-09-24,105.26751708984375,107.24213295365429,102.13536471776598,102.30072495573343,167743300
2020-09-25,109.21674346923828,109.37238186529035,104.73251422513682,105.4717817638898,149981400
2020-09-28,111.82361602783203,112.17379496261228,109.70309133221676,111.87225487703624,137672400
2020-09-29,110.97736358642578,112.16408041867875,110.47155362609944,111.42482027829774,99382200
2020-09-30,112.65043640136719,114.06088154339487,110.52018964814512,110.68554987889233,142675200
2020-10-01,113.60370635986328,114.50833415980816,112.66989821496011,114.4305149590877,116120400
2020-10-02,109.93656921386719,112.2224621206602,109.1583993790266,109.81011856378328,144712000
2020-10-05,113.32161712646484,113.46752627225055,110.45210275141814,110.80228173280487,106243800
2020-10-06,110.07274627685547,112.95198998188178,109.18756954507073,112.5434428788478,161498200
2020-10-07,111.94036865234375,112.39754721573827,111.01628226939263,111.49291934511135,96849000
2020-10-08,111.83335876464844,113.22434541737783,111.46372127712412,113.07843627342072,83477200
2020-10-09,113.77879333496094,113.80797367927401,111.78471903276535,112.13489800701674,100506900
2020-10-12,121.00609588623047,121.76481458334483,116.0257780752071,116.78449677232146,240226800
2020-10-13,117.79611206054688,121.9690718867462,116.38567436315013,121.85234309102313,262330500
2020-10-14,117.88367462158203,119.67347184273211,116.35650794568298,117.69885586154554,150712000
2020-10-15,117.41675567626953,117.8933852834975,114.92660067544894,115.48104948176437,112559200
2020-10-16,115.77286529541016,118.23384747833158,115.56859545500912,117.97120952549623,115393800
2020-10-19,112.8158187866211,117.13468096654279,112.50454937346234,116.68723164895509,120639300
2020-10-20,114.3040771484375,115.73397358180452,112.4753628325675,113.02981171272529,124423700
2020-10-21,113.6815414428711,115.47133878200704,113.27299429263485,113.4869934138899,89946000
2020-10-22,112.59207916259766,114.81960369273567,111.46372301440654,114.24569636322538,101988000
2020-10-23,111.90145874023438,113.37026472424279,111.16219112016253,113.2146263110706,82572600
2020-10-26,111.9111557006836,113.37023200749175,109.80035300335427,110.89952857074711,111850700
2020-10-27,113.41889190673828,114.08034029540528,111.41509565044463,112.3391745749253,92276800
2020-10-28,108.16620635986328,112.28080553761286,108.06893607313397,111.91117547954262,143937800
2020-10-29,112.17381286621094,113.73988906858685,109.138930754146,109.30429841508608,146129200
2020-10-30,105.89006042480469,108.93466447069503,104.78116272521534,108.03003661879342,190272600
2020-11-02,105.80249786376953,107.66039217853414,104.39206020859244,106.1332257311281,122866900
2020-11-03,107.42695617675781,108.44830541372347,105.7636096297727,106.66823748036964,107624400
2020-11-04,111.81391906738281,112.4364579265143,109.28485402450514,111.02601994719268,138235500
2020-11-05,115.78260803222656,116.35651544029349,113.68154127114309,114.7320709410606,126387100
2020-11-06,115.65104675292969,116.14798328794187,113.15658830155392,115.2905176092489,114457900
2020-11-09,113.34175109863281,118.86657505737031,113.07866742947716,117.41472698776981,154515300
2020-11-10,113.00070190429688,114.57921861893705,111.20780945261693,112.59145738080137,138023400
2020-11-11,116.43057250976562,116.56698735100086,113.45866925822499,114.18946623657861,112295000
2020-11-12,116.15772247314453,117.44392463230551,115.53410975561496,116.55722831965096,103162300
2020-11-13,116.20646667480469,116.60596516096147,114.85205685711352,116.38185824859463,81581900
2020-11-16,117.21984100341797,117.89216918384535,115.12488813037272,115.87516977446028,91183000
2020-11-17,116.33313751220703,117.5803631991879,115.91414693604456,116.48904444010537,74271000
2020-11-18,115.00796508789062,116.75213491699658,114.9787343957129,115.57311658349965,76322100
2020-11-19,115.60232543945312,116.01156992074252,113.81917921291296,114.57920680217912,74113000
2020-11-20,114.33561706542969,115.72900356959502,114.28690172841969,115.60233477250766,73604300
2020-11-23,110.93498992919922,114.60846723797194,110.83755181002277,114.17973059273324,127959300
2020-11-24,112.22117614746094,112.8837656693911,109.70723289360379,110.99344264268959,113874200
2020-11-25,113.05915069580078,113.76071690599676,112.22116965962786,112.5914448450371,76499200
2020-11-27,113.60482025146484,114.48177809334693,113.24429850772803,113.58533560344574,46691300
2020-11-30,116.00182342529297,117.87266158456667,113.81917147209029,113.97507836905477,169410200
2020-12-01,119.5778579711914,120.3086548468947,116.93724615240289,117.91164198667394,127728200
2020-12-02,119.92865753173828,120.21123325455888,117.79472798281287,118.89579275045067,89004200
2020-12-03,119.792236328125,120.61072532946784,119.08092403824773,120.35738030969706,78967600
2020-12-04,119.11990356445312,119.7142856820755,118.40859125787107,119.46094065635505,78260400
2020-12-07,120.5815200805664,121.3805246031321,119.11992589777167,119.17838728618668,86712000
2020-12-08,121.19537353515625,121.78001709074977,119.93840178511279,121.18563492753421,82225500
2020-12-09,118.66194915771484,122.72517888074941,117.90192143214601,121.34153828117272,115089200
2020-12-10,120.08456420898438,120.69843846339406,117.07368405582885,117.41472117824993,81312200
2020-12-11,119.27583312988281,119.61687028653722,117.46345574417373,119.29531778138343,86939800
2020-12-14,118.66194915771484,120.19175065083598,118.42809618847487,119.46095361716566,79184500
2020-12-15,124.60575866699219,124.62525075019607,120.95177364167792,121.15639591100933,157243700
2020-12-16,124.53754425048828,125.0832036047306,123.31954931044656,124.14779181691584,98208600
2020-12-17,125.40474700927734,126.26222014302118,124.76164215896948,125.5996232120097,94359800
2020-12-18,123.41700744628906,125.79453619074846,122.89083268641434,125.65812133826819,192541500
2020-12-21,124.9468002319336,125.02475369942195,120.28918834325576,121.81898983096859,121251600
2020-12-22,128.50335693359375,130.9685777717825,126.33044301842824,128.24026583476893,168904800
2020-12-23,127.6069107055664,129.03925919185082,127.43151168864978,128.7761829686311,88223700
2020-12-24,128.5910186767578,130.0428738137408,127.74329906375385,127.95766733547217,54930100
2020-12-28,133.19017028808594,133.82352163941158,130.09158377292042,130.5593044830477,124486200
2020-12-29,131.41676330566406,135.236393246922,130.9003346955004,134.5153498347467,121047300
2020-12-30,130.29620361328125,132.50808617525803,129.98438983005124,132.1085803410319,96452100
2020-12-31,129.29261779785156,131.29013272873263,128.3474524139923,130.64702774975748,99116600
2021-01-04,126.09658813476562,130.18904830293448,123.51443728468345,130.1013562325265,143301900
2021-01-05,127.65560913085938,128.36692888537684,125.14166577453908,125.58989445727471,97664900
2021-01-06,123.35853576660156,127.69460255545032,123.14416745080455,124.44986199518105,155088000
2021-01-07,127.5678939819336,128.25972152904515,124.5862452682212,125.07344315917028,109578200
2021-01-08,128.6689910888672,129.23414253685505,126.89558328296363,129.0392514479538,105158200
2021-01-11,125.67760467529297,126.83713841190136,125.2098987108819,125.88223439803161,100384500
2021-01-12,125.50220489501953,126.36941672040446,123.6118743194809,125.2098831281038,91951100
2021-01-13,127.5386734008789,128.08433270307023,125.20012928631586,125.46320546323611,88636800
2021-01-14,125.60938262939453,127.64586655028748,125.46321431935365,127.4509903383349,90221800
2021-01-15,123.88471221923828,126.88585381359638,123.7482973680449,125.48272113383378,111598500
2021-01-19,124.55704498291016,125.41451823804258,123.6898331200979,124.5083222083043,90757300
2021-01-20,128.6494903564453,129.0977190154373,125.25859676461178,125.36578090905975,104319500
2021-01-21,133.36558532714844,136.0938972964428,130.1695674073792,130.3741971240205,120150900
2021-01-22,135.50926208496094,136.26928979361904,131.56295521732648,132.79068885405798,114459400
2021-01-25,139.26063537597656,141.37507231722816,133.04398588629473,139.40680365573613,157611700
2021-01-26,139.49449157714844,140.60530207721382,137.75031495305467,139.92322806280498,98390600
2021-01-27,138.42266845703125,140.60532045654497,136.81492129375977,139.75758597887605,140843800
2021-01-28,133.57994079589844,138.35448999967483,133.19992695994156,135.9477307492471,142621100
2021-01-29,128.581298828125,133.2389103783543,126.8761058794983,132.3522064767238,177523800
2021-02-01,130.70545959472656,131.91371580928939,127.57764235343213,130.32544580541983,106239800
2021-02-02,131.53370666503906,132.8199015096137,131.16343146870483,132.2547501087198,83305400
2021-02-03,130.51060485839844,132.29375135316877,130.18905238870838,132.28399787741546,89880900
2021-02-04,133.87225341796875,133.88199202454763,131.1439418976162,132.81016544490666,84183100
2021-02-05,133.45751953125,134.1015854508509,132.57925865202728,134.033283551068,75693800
2021-02-08,133.60389709472656,133.65269267140306,131.66194630942968,132.7451425942424,71297200
2021-02-09,132.72561645507812,134.55046970081816,132.56949146196018,133.32088673165194,76774200
2021-02-10,132.12063598632812,133.68200554782806,131.1545368949886,133.18431136880906,73046600
2021-02-11,131.86688232421875,133.09645045385943,130.53972304081887,132.61827762495054,64280000
2021-02-12,132.1011199951172,132.25725993550554,130.46169529201237,131.10576137837108,60145100
2021-02-16,129.97372436523438,132.72561913740805,129.58337464875356,132.21818684146174,80576300
2021-02-17,127.68045043945312,129.02713073582913,126.34353819122421,128.08055326523402,97918500
2021-02-18,126.5777816772461,126.86077223279327,124.33331888275549,126.08008757945029,96856700
2021-02-19,126.73390197753906,127.55362902270863,125.68974801869315,127.09497736433161,87668800
2021-02-22,122.95735168457031,126.58752230648321,122.5670093965397,124.91880883902334,103916400
2021-02-23,122.82072448730469,123.65019713865051,115.53110938005393,120.7714369236387,158273000
2021-02-24,122.32304382324219,122.52797184498519,119.2783904200208,121.92294838417055,111039900
2021-02-25,118.06832122802734,123.40623239958438,117.62919084390654,121.66921718039119,148199500
2021-02-26,118.33181762695312,121.83512279314837,118.27326144324365,119.62969515081251,164560400
2021-03-01,124.70413970947266,124.84075840671721,119.82487925027971,120.76169636502549,116307900
2021-03-02,122.0986099243164,125.61167577926304,121.99126560430425,125.30916402931615,102260900
2021-03-03,119.11251068115234,122.67437250675799,118.89782201758517,121.79610408542001,112966300
2021-03-04,117.22911071777344,120.61531871405342,115.75557939943269,118.80999380846009,178155000
2021-03-05,118.48795318603516,118.99540041730722,114.73092431231343,118.05858335014369,153766600
2021-03-08,113.55014038085938,118.07809310772461,113.40376109045417,118.00978376489019,154376600
2021-03-09,118.1659164428711,119.1124940848032,115.92146128458052,116.15566368258474,129525800
2021-03-10,117.08273315429688,119.21984409787017,116.5655253098007,118.75143927948164,111943300
2021-03-11,119.01490020751953,120.23471511713066,118.33180683620104,119.58089611241735,103026500
2021-03-12,118.10735321044922,118.24397187961576,116.28251493865656,117.49256919919979,88105100
2021-03-15,120.99589538574219,121.00565599103153,117.51210381348422,118.47820271779908,92403800
2021-03-16,122.5377426147461,124.1478999993401,121.7082698545493,122.6646007020175,115227900
2021-03-17,121.7472915649414,122.82072722265787,119.38572418377375,121.05443757273207,111932600
2021-03-18,117.61943817138672,120.20544741210641,117.41451014863442,119.91268883951182,121229700
2021-03-19,117.09248352050781,118.49771283246503,116.78997177230154,117.00466041109058,185549500
2021-03-22,120.41038513183594,120.87879739667785,117.3559708631763,117.42428020959487,111912300
2021-03-23,119.5809097290039,121.23985521691415,119.19056742444849,120.35183373308179,95467100
2021-03-24,117.19005584716797,119.93220486001856,117.17054208424707,119.8541349180161,88530500
2021-03-25,117.677978515625,118.72214720900618,116.12637754894163,116.65333847493577,98844700
2021-03-26,118.28303527832031,118.54651952158424,116.04833301675248,117.44380185449447,94071200
2021-03-29,118.45867156982422,119.61993781154605,117.81461313280423,118.71239516993987,80819200
2021-03-30,117.004638671875,117.49256459840896,115.98975185126531,117.20956666760021,85671900
2021-03-31,119.20033264160156,120.53724522159463,118.2244805650353,118.71240660331843,118323800
2021-04-01,120.02980041503906,121.18130611520114,119.53211379208796,120.6738663324064,75089100
2021-04-05,122.8597640991211,123.11348769511308,120.09810124646425,120.87878579790437,88651200
2021-04-06,123.16229248046875,124.06007462441202,122.61581768766165,123.44529048250403,80171300
2021-04-07,124.81147003173828,124.830983795515,122.11811647580448,122.79145672607788,83466700
2021-04-08,127.21207427978516,127.24134865016218,125.4165100751645,125.83611931078231,88844600
2021-04-09,129.7882843017578,129.8273118204854,126.34352877429735,126.66556164248553,106686700
2021-04-12,128.07081604003906,129.6419382844939,127.47554575138676,129.31990535224077,91420000
2021-04-13,131.18374633789062,131.40820296609388,128.7441169120697,129.2418108447396,91266500
2021-04-14,128.84173583984375,131.7400174141813,128.48067537183306,131.68146867778168,87222800
2021-04-15,131.25209045410156,131.7400164409198,130.41285716116144,130.5885182593821,89347100
2021-04-16,130.92031860351562,131.41799780371278,130.06156400836352,131.05693729907884,84922400
2021-04-19,131.5838623046875,132.1986537464163,130.12008450271816,130.28597753343655,94264200
2021-04-20,129.89564514160156,132.25720491889302,128.6270347117328,131.7595258175455,94812300
2021-04-21,130.2762451171875,130.52020812302493,128.12937364388216,129.16377440618163,68847100
2021-04-22,128.7539520263672,130.9105772235827,128.2367515099133,129.82738059867802,84566500
2021-04-23,131.0764617919922,131.85713156314563,128.96861767310645,128.96861767310645,78657500
2021-04-26,131.46678161621094,131.79856771997257,130.33478973127393,131.57412593099494,66905100
2021-04-27,131.144775390625,132.14014879502187,130.87153796829216,131.74979898431587,66015800
2021-04-28,130.3543243408203,131.75955373687952,129.8663982944287,131.06669219926212,107760100
2021-04-29,130.25672912597656,133.7600493468008,129.25160269288304,133.174532153205,151101000
2021-04-30,128.2855224609375,130.3348029182655,127.90494074098223,128.59778738715457,109839500
2021-05-03,129.3394012451172,130.83246831624223,128.64655475092198,128.85147530654447,75135100
2021-05-04,124.7626724243164,128.3147804318186,123.64044117384255,128.0220218638134,137564700
2021-05-05,125.00665283203125,127.29989620196363,124.87978730136861,126.08008114657817,84000900
2021-05-06,126.60706329345703,126.61681645444045,124.06008114134522,124.8017308599431,78128300
2021-05-07,127.28153228759766,128.30790544082245,126.56793953638302,127.90713783845663,78973300
2021-05-10,123.99708557128906,126.62658120316634,123.95798429414883,126.49951510362119,88071200
2021-05-11,123.0782241821289,123.43012073939632,120.0088375044798,120.72242271776828,126142800
2021-05-12,120.00885009765625,121.83679573122357,119.50054838799285,120.62468591755979,112172300
2021-05-13,122.15935516357422,123.31281659403801,121.46532436035183,121.77812708092819,105861300
2021-05-14,124.58358001708984,125.0136865740081,123.01956634348547,123.41057162633793,81918000
2021-05-17,123.43011474609375,124.07527456166959,122.35485584460592,123.96774792574027,74244600
2021-05-18,122.04206085205078,124.13393060717105,121.97363548465174,123.71360121948956,63342900
2021-05-19,121.88565826416016,122.110481266006,120.09681414325692,120.39006996753153,92612000
2021-05-20,124.44673919677734,124.84752169451296,122.2864439727993,122.41352498808429,76857100
2021-05-21,122.60904693603516,125.12124666848861,122.3939936000745,124.94529461704875,79295400
2021-05-24,124.24147033691406,125.06258229000034,123.10756306374581,123.17598843835246,63092900
2021-05-25,124.04598236083984,125.4340518020938,123.47902494524365,124.94528949452591,72009500
2021-05-26,123.99708557128906,124.52494162597304,123.57675616428918,124.10461221897317,56575900
2021-05-27,122.46239471435547,124.76931783925218,122.26689578830224,123.5963093673209,94625600
2021-05-28,121.80745697021484,122.97069563858864,121.74880878787852,122.74586517662357,71311100
2021-06-01,121.48490905761719,122.53084417907016,121.15255932641132,122.26691983121887,67637100
2021-06-02,122.2473373413086,122.42328935200692,121.26005810254007,121.48488111421776,59278900
2021-06-03,120.76156616210938,122.0421016621252,120.36078354917753,121.8759267797034,76229200
2021-06-04,123.05867767333984,123.32260943039987,121.06455727986688,121.27961057589917,75169300
2021-06-07,123.06845092773438,123.47900313915719,122.02251603226817,123.33237521856165,71057600
2021-06-08,123.88956451416016,125.57088967583601,123.37148561983427,123.75271376689696,74403800
2021-06-09,124.2707748413086,124.87683339071532,123.67449347467762,124.34897738790404,56877900
2021-06-10,123.27371978759766,125.30694127390441,123.10754496766629,124.16324952672848,71186400
2021-06-11,124.48583984375,124.57381958141005,123.26395290484824,123.68428231014268,53522400
2021-06-14,127.54546356201172,127.60411175847095,124.21215930864992,124.94529159561948,96906500
2021-06-15,126.7243423461914,127.66275811320399,126.47996494927916,127.01759820560862,62746300
2021-06-16,127.22285461425781,127.94621700907624,125.57087609933701,127.43790789607921,91815000
2021-06-17,128.8259735107422,129.56889029442954,126.73410372753868,126.88073910539828,96721700
2021-06-18,127.52593994140625,128.55231333811335,127.31088658394356,127.77031740073963,108953300
2021-06-21,129.3245086669922,129.43203530764706,126.304007918975,127.36948968462076,79663300
2021-06-22,130.9667510986328,131.06450803911002,128.65982751015113,129.158367024724,74783600
2021-06-23,130.6930389404297,131.29910507401638,130.2336082056393,130.76147177632404,60214200
2021-06-24,130.40957641601562,131.6119092053028,129.94036100724742,131.42617997045056,68711000
2021-06-25,130.1162872314453,130.87874343114333,129.82303140488202,130.45842151503766,70783700
2021-06-28,131.7487335205078,132.20816419376467,130.3509020493391,130.40955023475712,62111300
2021-06-29,133.26385498046875,133.42026006032864,131.32839059293283,131.76826682888063,64556100
2021-06-30,133.87973022460938,134.31960659055045,132.81423335434383,133.10748923684247,63261400
2021-07-01,134.18275451660156,134.24140270940268,132.70670539157666,133.52782483763312,52485800
2021-07-02,136.81222534179688,136.8513191558301,134.65192295511142,134.7985434022486,78852600
2021-07-06,138.82591247558594,139.9304881404482,136.91977180863466,136.91977180863466,108181800
2021-07-07,141.31858825683594,141.63138361305735,139.45154110030262,140.31173951662257,104911600
2021-07-08,140.01846313476562,140.8200131513889,137.50625661436462,138.39579381995796,105575500
2021-07-09,141.8463897705078,142.37423828416007,139.44171008126813,139.53946698760842,99890800
2021-07-12,141.25013732910156,143.02921196222175,140.76138252865485,142.92168530949897,76299700
2021-07-13,142.3644561767578,144.14353029125917,140.3996678213391,140.7906655814714,100827100
2021-07-14,145.79551696777344,146.20608403003186,144.35857699669697,144.7691440589554,127050800
2021-07-15,145.140625,146.62644380694877,143.7818872173468,145.88354186128097,106820300
2021-07-16,143.09765625,146.39185943911193,142.59913163129056,145.12110865625078,93251400
2021-07-19,139.24624633789062,140.82982210985173,138.48379000590003,140.51701186307943,121434600
2021-07-20,142.86300659179688,143.79165254365046,139.7447638348333,140.2335185818673,96350000
2021-07-21,142.1298828125,142.8434755242887,141.3772111971352,142.2569638271825,74993500
2021-07-22,143.49838256835938,144.86688975892292,142.53064289499747,142.65772388969611,77338200
2021-07-23,145.2188262939453,145.37523141238975,143.6157111189225,144.2315469505393,71447400
2021-07-26,145.63916015625,146.46026463758602,144.37816442398642,144.9353520535012,72434100
2021-07-27,143.4691162109375,145.85424248763385,142.2765530725893,145.7662552705701,104818600
2021-07-28,141.7193145751953,143.66456373234172,139.3341891527353,141.55313976010396,118931200
2021-07-29,142.3644561767578,143.25399323400848,141.32829868835964,141.43582530973728,56699500
2021-07-30,142.57955932617188,143.038990058725,140.8689174245079,141.13284920856503,70440600
2021-08-02,142.2471923828125,143.6450238649846,141.98326063074202,143.06829681635188,62880000
2021-08-03,144.0457763671875,144.7104755562565,141.91479825833053,142.53063391308058,64786600
2021-08-04,143.64503479003906,144.4661392860283,142.99010513855148,143.9578450260043,56368300
2021-08-05,143.7525634765625,144.51501979299104,142.88258050445233,143.67436091646556,46397700
2021-08-06,143.06727600097656,144.01688208379585,142.56800458197282,143.2728671370131,54126800
2021-08-09,143.01832580566406,143.61550061721744,142.4603183242228,143.12601355653302,48908700
2021-08-10,142.53863525390625,144.60427120704347,142.24494003565766,143.36096991463478,69023100
2021-08-11,142.79315185546875,143.63507011431875,142.47008863472837,142.97915931025486,48493500
2021-08-12,145.7594451904297,145.91608462298464,142.77357136091953,143.11621825238865,72282600
2021-08-13,145.9650421142578,146.29788971819715,145.15249183078768,145.83777070300374,59375000
2021-08-16,147.94259643554688,148.01113180908496,143.39037176189015,145.41684086363392,103296000
2021-08-17,147.03211975097656,148.4907815727172,145.95524228570045,147.0712721415507,92229700
2021-08-18,143.2826385498047,147.55096588599457,143.07704743235058,146.65031157772893,86326000
2021-08-19,143.61550903320312,144.888178453154,141.46176882757268,141.9806239472667,86960300
2021-08-20,145.0741729736328,145.37765255184942,143.6938159198485,144.33994240518913,60549600
2021-08-23,146.56224060058594,147.03214405494413,144.7805003067872,145.1916676965958,60131800
2021-08-24,146.4740753173828,147.68800837397345,146.01395637307587,146.3076515410526,48606400
2021-08-25,145.24063110351562,147.15942734858208,144.69240787291454,146.66014088374254,58991300
2021-08-26,144.4378662109375,145.98464744634347,144.40849817604698,145.23084796686985,48597200
2021-08-27,145.47555541992188,145.62239555790586,143.7427671019152,144.37909428379132,55802400
2021-08-30,149.90054321289062,150.26277386938224,145.48537440398061,145.86717379155408,90956700
2021-08-31,148.6376495361328,149.587255672955,148.10899512080897,149.45019988712295,86453100
2021-09-01,149.3032989501953,151.7213655946437,149.13687518550302,149.61657775758482,80313700
2021-09-02,150.41937255859375,151.46688207200458,149.19565486795125,150.63474806718364,71115500
2021-09-03,151.05572509765625,151.3787883827347,149.87115971903515,150.5270706537238,57808700
2021-09-07,153.39544677734375,153.95345421989785,151.1438034675188,151.71161021089787,82278300
2021-09-08,151.8486785888672,153.73809149809526,150.7424330368148,153.67935544010308,74420200
2021-09-09,150.83053588867188,152.8276363360627,150.71304884732544,152.22067721794593,57305700
2021-09-10,145.8378143310547,152.21093215614994,145.5734870662827,151.74102863719358,140893200
2021-09-13,146.4055633544922,148.23623993767643,145.62238117403191,147.4628570574199,102404300
2021-09-14,145.00559997558594,147.8935847454844,143.8210499979133,147.1887223877142,109296300
2021-09-15,145.89649963378906,146.29788257432963,143.2924251085685,145.4363806410637,83281300
2021-09-16,145.66152954101562,145.83775262228568,144.1245481851662,145.31889761636606,68034100
2021-09-17,142.98898315429688,145.69096176910773,142.69528787817018,145.69096176910773,129868800
2021-09-20,139.9345703125,141.7946152611483,138.29968524042357,140.7764886965952,123478900
2021-09-21,140.4142608642578,141.55967381165956,139.77793361611074,140.90374795912805,75834000
2021-09-22,142.7833709716797,143.35116277449677,140.67856780429392,141.412798340786,76404300
2021-09-23,143.7427520751953,143.98749557155614,142.5777706424446,143.56652899007761,64838200
2021-09-24,143.83087158203125,144.36931031939181,142.4994662214484,142.59736960568088,53477900
2021-09-27,142.31346130371094,142.8910673802959,140.7960633866369,142.41136468969736,74150700
2021-09-28,138.9262237548828,141.7065067266194,138.71084824910437,140.23804551701713,108972300
2021-09-29,139.826904296875,141.41283791942243,139.04372185116122,139.47447294320193,74602000
2021-09-30,138.5248260498047,141.34427605273183,138.30945056691672,140.63941355200004,89056700
2021-10-01,139.650634765625,139.9149619275733,136.1850733872401,138.91640426751349,94639600
2021-10-04,136.2144317626953,139.21988889227816,135.36272922536708,138.77933867425367,98322000
2021-10-05,138.14308166503906,139.24932754508342,136.42987642183758,136.55714787719538,80861100
2021-10-06,139.01429748535156,139.16113759906187,135.4606173539954,136.53749464772653,83221100
2021-10-07,140.27716064453125,141.187614120357,139.71915330085915,140.0520008348359,61732700
2021-10-08,139.89540100097656,141.14848672637,139.5625533728477,141.00164657806616,58773200
2021-10-11,139.8072967529297,141.76524506387435,138.82832259745734,139.27865728167708,64452200
2021-10-12,138.5346221923828,140.23804253698972,138.07450316144806,140.2184588719824,73035900
2021-10-13,137.947265625,138.42695344884726,136.27321307906425,138.2703289211617,78762700
2021-10-14,140.73727416992188,140.8547611887896,138.53458302508278,139.12197330555534,69907100
2021-10-15,141.7946319580078,141.85336802507683,140.49259436544995,140.7471372400319,67940300
2021-10-18,143.4686737060547,143.75256965473264,140.1499517260529,140.43384767473086,85589200
2021-10-19,145.6322021484375,146.03358517080088,143.46867744948042,143.91899723333478,76378900
2021-10-20,146.12168884277344,146.6013915952755,145.00565881312252,145.57346566160615,58418800
2021-10-21,146.33706665039062,146.4937061154404,144.76091751098588,145.68115569570142,61421000
2021-10-22,145.56369018554688,147.0223523235176,145.5147384832475,146.5426644796855,58883400
2021-10-25,145.5147247314453,146.2293717159997,144.51616686316274,145.55387712680738,50720600
2021-10-26,146.180419921875,147.6684497999659,145.87692540269924,146.190204285219,60893400
2021-10-27,145.7202911376953,146.5817781309956,145.36785988744936,146.2195625180611,56094900
2021-10-28,149.36209106445312,149.94946658313845,146.57200880232836,146.66991219108917,100077900
2021-10-29,146.6503143310547,146.7873700992779,143.3315929295454,144.12455951269104,124953200
2021-11-01,145.82797241210938,146.55240360585222,144.69235899634896,145.85734043683098,74588300
2021-11-02,146.8656768798828,148.38308949739522,145.5244724040128,145.53427170385322,69122000
2021-11-03,148.3048095703125,148.77471301203136,146.66992441982393,147.22793195599735,54511500
2021-11-04,147.78591918945312,149.22499720293538,147.47264034437023,148.3928782793543,60394600
2021-11-05,148.31533813476562,149.21730693838492,147.11924549176268,148.9133844562671,65463900
2021-11-08,147.4918212890625,148.5996814029073,147.2173096615232,148.44281334152436,55020900
2021-11-09,147.8545379638672,148.46238288844518,147.1192358932613,147.25649168138406,56787900
2021-11-10,145.02117919921875,147.18787595185904,144.9525587828528,147.08003104634736,65187100
2021-11-11,144.97219848632812,146.50162489581308,144.7859195077794,146.04084921172387,41000000
2021-11-12,147.05064392089844,147.45259776115682,144.58982294106508,145.52120275202367,63804000
2021-11-15,147.06045532226562,148.90361781609556,146.50161841135474,147.42319965826968,59222800
2021-11-16,148.04083251953125,148.52123530858523,146.41336017433824,147.0016078768631,59256200
2021-11-17,150.4820098876953,151.96241252093498,148.03100323413184,148.04080187523343,88807000
2021-11-18,154.77618408203125,155.56050930807018,150.05065040073163,150.6977198341957,137827700
2021-11-19,157.4036865234375,157.86447707717755,153.46246272837266,154.56050917485408,117305600
2021-11-22,157.86448669433594,162.4527653050192,157.84487444666516,158.51154126985364,117467900
2021-11-23,158.246826171875,158.6291826815126,155.94287351139204,157.96250097049108,96041900
2021-11-24,158.76644897460938,158.96252656383666,156.5115192990928,157.59976712302952,69463600
2021-11-26,153.73696899414062,157.30563478087385,153.29579070221752,156.44289044282164,76959800
2021-11-29,157.0997772216797,158.03115705077292,155.67818094806347,156.24681646555752,88748200
2021-11-30,162.0606231689453,162.27631303141865,156.78605010261836,156.85468549511577,174048100
2021-12-01,161.54100036621094,166.96262755361067,161.30569826962912,164.1978840178816,152052500
2021-12-02,160.55076599121094,160.98214564054786,154.70757335862984,155.62915443498412,136739200
2021-12-03,158.6684112548828,161.72727865884264,156.58996176944189,160.80569748404918,118023100
2021-12-06,162.0802459716797,164.59007548777717,161.06061838091264,161.07041702629473,107497000
2021-12-07,167.82537841796875,168.21754859396336,165.04103748733866,165.76654109310675,120405400
2021-12-08,171.64895629882812,172.51171571219845,167.35478644015964,168.75677048688644,116998900
2021-12-09,171.13912963867188,173.28621440591945,170.5116723744327,171.48227664120193,108923700
2021-12-10,175.9333038330078,176.1097841405235,171.26659124422937,171.776404959566,115402700
2021-12-13,172.2960205078125,178.56079478498526,172.09012930519359,177.57057822727617,153237000
2021-12-14,170.91368103027344,174.2568593248658,168.83523116255722,171.8156501230515,139380400
2021-12-15,175.78623962402344,175.98231720834798,168.9332180976385,171.67834915746462,131063300
2021-12-16,168.88418579101562,177.59016769208043,167.40378290602789,175.7666178333374,150185800
2021-12-17,167.78616333007812,170.07050404048465,166.36458201855805,166.59986915660923,195432700
2021-12-20,166.4233856201172,167.2371217897491,164.178269651189,164.98219221796626,107499100
2021-12-21,169.59991455078125,169.80579079626787,165.8057448980021,168.19793052968907,91185900
2021-12-22,172.19796752929688,172.4136573675495,168.77635596770887,169.64891396436306,92135300
2021-12-23,172.8253936767578,173.38423041880975,171.83519229563672,172.40382767956797,68356600
2021-12-27,176.79608154296875,176.8843142259983,173.59997302631623,173.6195703160363,74919600
2021-12-28,175.77642822265625,177.77645850319618,175.03132740898585,176.62938891278105,79144300
2021-12-29,175.8647003173828,177.09020410494455,174.64899517460688,175.81567717392772,62348900
2021-12-30,174.7078094482422,177.03137470215592,174.5999645211849,175.95292543158308,59773000
2021-12-31,174.09014892578125,175.71760635907094,173.7862114626908,174.59994765921613,64062300
2022-01-03,178.44313049316406,179.2960912081591,174.22740989529922,174.34505345884557,104487900
2022-01-04,176.1784210205078,179.3549322145944,175.6097854694808,179.051009669682,99310400
2022-01-05,171.49208068847656,176.639196130045,171.21756906170717,176.09017287650624,94537600
2022-01-06,168.62928771972656,171.86462006909193,168.27634210052742,169.3155667126804,96904000
2022-01-07,168.79595947265625,170.72735431349597,167.6783008049415,169.50185073224034,86709100
2022-01-10,168.8155975341797,169.11952007524562,164.8743732254317,165.76654355936012,106765600
2022-01-11,171.64895629882812,171.7469876214078,167.47244497092254,168.9430494474789,76138300
2022-01-12,172.0901336669922,173.70779259806037,171.39405592953122,172.66856783412447,74805200
2022-01-13,168.8155975341797,173.15877570962883,168.42342735235042,172.33524076743157,84505800
2022-01-14,169.67835998535156,170.37443776083572,167.73715121031663,167.98225196839815,80440800
2022-01-18,166.472412109375,169.15870642783565,166.09005558435084,168.1488926576498,90956700
2022-01-19,162.97239685058594,167.72735768644768,162.68808654482677,166.6685205840363,94815000
2022-01-20,161.2860870361328,166.35476859042288,160.9625522612085,163.7076835662155,91420500
2022-01-21,159.2272186279297,163.07039571920242,159.1193737240524,161.197822824496,122848900
2022-01-24,158.45272827148438,159.11941009139656,151.66834129815217,156.88409244537576,162294600
2022-01-25,156.6487579345703,159.5703540851256,153.94285159644792,155.86443270388338,115798400
2022-01-26,156.56056213378906,161.1684533792907,154.727213256224,160.29589528165266,108275300
2022-01-27,156.09974670410156,160.62920319221885,155.17816560951687,159.26644379654334,121954600
2022-01-28,166.9920196533203,167.01163189910224,159.6095873711376,162.4625632621154,179935700
2022-01-31,171.35484313964844,171.5705330064948,166.18811489980484,166.82538585540124,115541600
2022-02-01,171.1881561279297,171.41364461299403,168.93322639800166,170.5999083862923,86213900
2022-02-02,172.39405822753906,172.4332827246188,169.93325210735014,171.32542255843316,84914300
2022-02-03,169.51162719726562,172.786183707371,168.74691425939443,171.0606653164751,89418100
2022-02-04,169.22702026367188,170.90565209755536,167.5483884297884,168.53004061879486,82465400
2022-02-07,168.51039123535156,170.75836779564654,167.81341170266444,169.68837067678015,77251200
2022-02-08,171.62222290039062,172.1326861402394,168.28459707531294,168.57909567441112,74829200
2022-02-09,173.04559326171875,173.40879966630814,171.6909088658484,172.81981752201338,71285000
2022-02-10,168.96192932128906,172.26028048182204,168.40239549718422,170.94487045999796,90865900
2022-02-11,165.54579162597656,169.90432887481495,164.95679443820137,169.16808987950634,98670700
2022-02-14,165.78138732910156,166.46854070339387,163.5039475985097,164.2990832872494,86185500
2022-02-15,169.61962890625,169.77669680858907,167.1262396166007,167.8330301983069,62527400
2022-02-16,169.38404846191406,170.1595469185717,166.92991856527323,168.69689508661867,61177400
2022-02-17,165.78138732910156,168.7557915611827,165.37890643172315,167.8919330456037,69589300
2022-02-18,164.2303924560547,167.4109355405672,163.1407580714809,166.70415983864797,82772700
2022-02-22,161.30506896972656,163.63157949063682,159.17487088048674,161.95294792646703,91162800
2022-02-23,157.1330108642578,163.10144062873755,156.81887509832848,162.5026324314003,90009200
2022-02-24,159.75404357910156,159.86202589264875,149.2110962540396,149.78045618194105,141147500
2022-02-25,161.82534790039062,162.09038317154068,157.91836192123637,160.83386973446065,91974200
2022-02-28,162.0903778076172,162.38487641130448,159.44973145996255,160.06817702982372,95056600
2022-03-01,160.2056121826172,163.5432381527931,158.99818435052663,161.67809026330085,83474400
2022-03-02,163.5039520263672,164.2892766091773,159.96018776566925,161.37376901896334,79724800
2022-03-03,163.1800537109375,165.81088960066296,162.51253735282546,165.37896020243753,76678400
2022-03-04,160.17613220214844,162.5124684222201,159.1257725009118,161.47191984720897,83737200
2022-03-07,156.37718200683594,161.9922331985085,156.12194287523664,160.3626871229987,96418800
2022-03-08,154.55126953125,159.89145798739116,152.94136109775025,155.90595387633803,131148300
2022-03-09,159.96018981933594,160.41175632836593,156.4851483427237,158.51716018630677,91454900
2022-03-10,155.61151123046875,157.44719605469442,153.1181062496422,157.26067973973213,105342000
2022-03-11,151.89100646972656,156.3575259685623,151.665230708696,156.01394178449013,96970100
2022-03-14,147.85643005371094,151.2922123001873,147.34598176184335,148.67120306961968,108732100
2022-03-15,152.24441528320312,152.7156190595178,147.6208424416319,148.1312907310734,92964300
2022-03-16,156.66184997558594,157.0643309184818,151.62598505111097,154.16846031293665,102300200
2022-03-17,157.6729278564453,158.04596038224682,154.73779817864818,155.6998128738619,75615400
2022-03-18,160.97128295898438,161.4621089351798,156.8287105215893,157.56494948588247,123511700
2022-03-21,162.34559631347656,163.29779985653147,160.01907112060528,160.509897071507,95811400
2022-03-22,165.7224884033203,166.31147058252574,161.88422570672876,162.4732078859342,81532000
2022-03-23,167.0869903564453,169.47239748158006,164.57394870167656,164.90772175927947,98062700
2022-03-24,170.8761749267578,170.94488277941835,167.08699751675573,167.9213927494687,90131400
2022-03-25,171.51422119140625,172.0639438588756,169.58036574981767,170.6896371902022,80546200
2022-03-28,172.37811279296875,172.5057173789197,168.8441592815926,169.01103833923784,90371900
2022-03-29,175.6764373779297,175.7255079917634,173.10449911531725,173.44808328507239,100589400
2022-03-30,174.50828552246094,176.31452166228107,173.45791066079582,175.27397290735905,92633200
2022-03-31,171.40628051757812,174.763529034082,171.20012697779308,174.5770127311391,103049300
2022-04-01,171.1117401123047,171.67128888454906,168.78522990497535,170.8368787788995,78751300
2022-04-04,175.16598510742188,175.21507070313862,171.2393771112145,171.3669966643139,76468400
2022-04-05,171.84799194335938,175.0285497272662,171.21973527998745,174.2432251533462,73401800
2022-04-06,168.67727661132812,170.44425332917226,167.00847109179495,169.19755100896808,89058800
2022-04-07,168.98159790039062,170.17921470325928,166.7336211021802,168.01958300227122,77594700
2022-04-08,166.9691925048828,168.62818685521674,166.0955227852114,168.62818685521674,76575500
2022-04-11,162.70884704589844,165.92866496258833,162.46343400359692,165.61454405743055,72246700
2022-04-12,164.58375549316406,166.7531977294746,163.58246639550293,164.93715076417277,79265200
2022-04-13,167.2735137939453,167.90177054609936,163.71012681510052,164.31874633095592,70618900
2022-04-14,162.2572479248047,168.12753750441655,162.01183493170848,167.4894547350742,75329400
2022-04-18,162.04129028320312,163.5432165286054,160.56881239721503,160.91238158332047,69023900
2022-04-19,164.3285369873047,164.7408440040976,160.90258113171808,161.99221543879506,67723800
2022-04-20,164.1616668701172,165.7814017275046,163.05241024771163,165.66359329680822,67929800
2022-04-21,163.3665313720703,168.38277391627963,162.86589422198446,165.81085035411152,87227800
2022-04-22,158.82147216796875,164.78991818851023,158.53679967564108,163.40580023778472,84882400
2022-04-25,159.89149475097656,160.1761672620124,155.55259437743032,158.16377751272768,96046400
2022-04-26,153.92306518554688,159.36141168498818,153.84453121350143,159.27306658349588,95623200
2022-04-27,153.697265625,156.85817138310125,152.52909731194325,153.0493716898695,88063200
2022-04-28,160.6375274658203,161.5013859909982,156.01394010524191,156.3280759248776,130216800
2022-04-29,154.75743103027344,163.15055858383272,154.36477622377623,158.87055528620192,131747600
2022-05-02,155.061767578125,155.32680285229077,150.45781697290937,153.83470249054395,123055300
2022-05-03,156.55386352539062,157.76130632227486,153.4518544553603,155.24826451156082,88966500
2022-05-04,162.97386169433594,163.42541320530594,156.33788489489382,156.74036579119067,108256500
2022-05-05,153.89361572265625,161.06949072780478,152.10700157369598,160.84371492154636,130525300
2022-05-06,154.62107849121094,156.7445658918497,151.57347999950738,153.37254446386834,116124600
2022-05-09,149.4893341064453,153.19560424531912,148.92897809122042,152.3108102727315,131577900
2022-05-10,151.8979034423828,154.09021465537515,150.3446125608553,152.89083834180113,115366700
2022-05-11,144.02330017089844,152.82199025284592,143.34496277337416,150.90495956472975,142689800
2022-05-12,140.14991760253906,143.7283801675573,136.45348852465227,140.3563740008872,182602000
2022-05-13,144.62301635742188,145.59628520412005,140.6906387962122,142.1456142936274,113990900
2022-05-16,143.07955932617188,145.0260971333287,141.74255027718928,143.08939987118117,86643800
2022-05-17,146.7169952392578,147.23803400578663,144.20026129048028,146.3434146138869,78336300
2022-05-18,138.43936157226562,144.86879239266452,137.53490151723796,144.36741964547258,109742900
2022-05-19,135.02801513671875,139.26514939022877,134.29069437332384,137.5152426451712,136095600
2022-05-20,135.26394653320312,138.32137052821327,130.36814092411527,136.73858804203445,137426100
2022-05-23,140.69064331054688,140.83810147349175,135.32294116689727,135.46057378592263,117726300
2022-05-24,137.9871063232422,139.56988862899178,135.00833201503448,138.4294957252956,104132700
2022-05-25,138.14442443847656,139.39294348204788,136.00127092128338,136.0897458139781,92482700
2022-05-26,141.34930419921875,141.89983463413682,134.82155832650707,135.0673319135833,90601500
2022-05-27,147.11026000976562,147.14957718930077,142.8043013103354,142.9321083952799,90978500
2022-05-31,146.32374572753906,148.11298447709316,144.35755721198225,146.5498682074242,103718400
2022-06-01,146.1959228515625,149.1746966245389,145.18332217877943,147.36579217097548,74286600
2022-06-02,148.65370178222656,148.712685042506,144.37723540201858,145.33083811208033,72348100
2022-06-03,142.9222412109375,145.46845161750497,142.01779633681872,144.4165336112239,88570300
2022-06-06,143.66940307617188,146.05833007006927,142.45036072118282,144.54435641942476,71598400
2022-06-07,146.1959228515625,146.48101352584723,141.66385867868283,141.9096321913101,67808200
2022-06-08,145.45864868164062,147.3363475160415,144.96710149969525,146.06816238698744,53950200
2022-06-09,140.22854614257812,145.4487735742131,140.1204051882147,144.59348648113703,69473000
2022-06-10,134.8117218017578,138.38034379484614,134.7428980025847,137.9084627463307,91437900
2022-06-13,129.65048217773438,132.91434748083088,129.2179182819536,130.6237359424125,122207100
2022-06-14,130.51559448242188,131.62649584691928,129.25723497256138,130.87934957569854,84784300
2022-06-15,133.14047241210938,135.0181863871141,129.9257644034857,132.0197453538818,91533000
2022-06-16,127.86123657226562,130.1518479895085,126.85847623062334,129.84709117019267,108123900
2022-06-17,129.3358917236328,130.8301993524765,127.61547659200777,127.87109072638007,134520300
2022-06-21,133.57301330566406,134.74289788395257,131.06613492456364,131.16443535080262,81000500
2022-06-22,133.06179809570312,135.4310435768621,131.64614013134977,132.5112527755898,73409200
2022-06-23,135.93246459960938,136.24704700188127,133.33709602733944,134.5069807437755,72433800
2022-06-24,139.26516723632812,139.51094085562102,137.40711927450707,137.53491135597412,89116800
2022-06-27,139.26516723632812,141.0642319296519,138.5868296469467,140.28757889222084,70207900
2022-06-28,135.11648559570312,140.99538542275212,134.99851907769516,139.72720035167993,67083400
2022-06-29,136.876220703125,138.29187895229046,134.35950159386607,135.1361545226192,66242400
2022-06-30,134.4086456298828,136.03074512479165,131.50852062340732,134.92968437677243,98964500
2022-07-01,136.581298828125,136.6894398129789,133.36659091632603,133.7401565905966,71051600
2022-07-05,139.1668243408203,139.2159820551499,134.6150930089742,135.44090360755794,73353800
2022-07-06,140.50381469726562,141.68352468196488,138.694925054005,138.9603646758309,74064300
2022-07-07,143.87582397460938,144.0724397895783,140.85771796190696,140.8675435023666,66253700
2022-07-08,144.55418395996094,145.0555716697527,142.54867812328092,142.8042772492725,64547800
2022-07-11,142.42086791992188,144.1609490492264,141.34929872199137,143.20734636825597,63141600
2022-07-12,143.39414978027344,145.94036067600746,142.59784571642712,143.29583433994398,77588800
2022-07-13,143.03041076660156,143.97417299746286,139.71737241231898,140.57267474752288,71185600
2022-07-14,145.96002197265625,146.43190306892052,140.82826817318988,141.64423829848138,78140700
2022-07-15,147.63128662109375,148.30962416813094,145.69458942189468,147.24788039896364,76259900
2022-07-18,144.5836944580078,149.00761906982018,144.219939344917,148.1916489524308,81420900
2022-07-19,148.44725036621094,148.67335787183444,144.42639797966964,145.41931789638997,82982400
2022-07-20,150.4527587890625,151.12127077444447,147.8278985688421,148.5652193610668,64823400
2022-07-21,152.7237091064453,152.93999105761137,149.37135386420036,151.8880729314102,65086600
2022-07-22,151.4849853515625,153.6379641019081,150.8164884797473,152.76301084272214,66675400
2022-07-25,150.36424255371094,152.4189056629446,149.70557129384864,151.4063199200849,53623900
2022-07-26,149.03709411621094,150.50189494637155,148.25061571701698,149.68592491978026,55138700
2022-07-27,154.1393585205078,154.6702378768067,149.58764182197348,150.00053965418954,78620700
2022-07-28,154.68988037109375,154.97497109241723,151.79958098557822,154.32612531182656,81378700
2022-07-29,159.76263427734375,160.8637099904221,156.80352611275504,158.51411543428287,101786900
2022-08-01,158.779541015625,160.82437877972106,158.17002740354454,158.287993908895,67829400
2022-08-02,157.304931640625,159.66436723257505,156.9313659642097,157.39342153843546,59907000
2022-08-03,163.32147216796875,163.77368717681702,158.0324196674791,158.1208945604064,82507500
2022-08-04,163.0068817138672,164.36355679986545,161.65020662786893,163.20349759569137,55474100
2022-08-05,162.7804412841797,163.2726712063917,160.46695464111716,160.67369781797885,56697000
2022-08-08,162.3079071044922,165.20222176015508,161.64832074077538,163.78459702908208,60276900
2022-08-09,162.3571319580078,163.2431549194952,160.71308565619225,161.47112401818703,63135500
2022-08-10,166.61001586914062,166.7084528561764,164.30636805182522,165.07424565037454,70170500
2022-08-11,165.8716278076172,168.33277716959444,165.5762868798472,167.41722179567384,57149200
2022-08-12,169.425537109375,169.49444148391456,166.76748363956287,167.18096997345785,68039400
2022-08-15,170.4986114501953,170.69550042466776,168.6872088503834,168.85456522976827,54091700
2022-08-16,170.34109497070312,171.01053551269388,168.992389717206,170.09497999617207,56377100
2022-08-17,171.8374786376953,173.4126054655057,169.88825224075944,170.0851412165275,79542000
2022-08-18,171.44366455078125,172.1820093852319,170.4296721798688,171.04988664773987,62290100
2022-08-19,168.8545684814453,171.04007069000778,168.64782529018512,170.34109754225454,70346300
2022-08-22,164.96595764160156,167.22036427123675,164.54263206053483,167.0530078857762,69026800
2022-08-23,164.6312255859375,166.0882370598649,164.06023703885776,164.4835626089626,54147100
2022-08-24,164.9265594482422,165.4975479706951,163.6664520268514,164.7198312893935,53841500
2022-08-25,167.38771057128906,167.49600175790545,165.73382519932846,166.15713573322356,51218200
2022-08-26,161.07730102539062,168.3918448489658,161.0182358432931,167.91930837052172,78961000
2022-08-29,158.8721466064453,160.36851486839709,157.33639153558275,158.645710009374,73314000
2022-08-30,156.44052124023438,160.0337937500244,155.26901159376436,159.61048321715364,77906200
2022-08-31,154.77676391601562,158.08454929439134,154.6980053329991,157.8187409544185,87991100
2022-09-01,155.5052947998047,155.95813794862076,152.2664132669702,154.20580050146393,74229900
2022-09-02,153.38870239257812,157.86799816901853,152.56175963985066,157.26747699870455,76957800
2022-09-06,152.12860107421875,154.64881624550407,151.3016582877034,154.03845585855234,73714800
2022-09-07,153.53636169433594,154.2353197614945,151.22287508520006,152.41407808901712,87449600
2022-09-08,152.05967712402344,153.93014485598613,150.30732474708108,152.23687268905203,84923800
2022-09-09,154.9244384765625,155.36745741692656,152.34515853161906,153.05397081020374,68028800
2022-09-12,160.8902587890625,161.70736223015916,156.82445000741808,157.10993674145692,104956000
2022-09-13,151.4492950439453,158.04517283101427,150.98659772699438,157.41511914732905,122656600
2022-09-14,152.89646911621094,154.65866080063967,151.22289024182777,152.38454574724284,87965400
2022-09-15,150.00213623046875,152.82754609590185,149.02753063381346,152.24670339235885,90481100
2022-09-16,148.35812377929688,148.99803181293044,146.06433010273614,148.86020800935316,162278800
2022-09-19,152.07936096191406,152.15811955641868,146.78297692105565,146.98970508767258,81474200
2022-09-20,154.46177673339844,155.62344741041255,150.70114713182537,151.0161665383874,107689800
2022-09-21,151.3311767578125,156.2731696529989,151.21304637695786,154.89491678247586,101696800
2022-09-22,150.3664093017578,152.06952070873675,148.5648458969192,150.01200313979504,86652500
2022-09-23,148.09228515625,149.11613179254852,146.25135007934554,148.84048424162157,96029900
2022-09-26,148.42703247070312,151.38041235260212,147.31458790825445,147.33428131353384,93339400
2022-09-27,149.40162658691406,152.315634453065,147.619756600354,150.3664080888261,84442700
2022-09-28,147.51145935058594,148.29903022974963,142.58916013289422,145.34565069913458,146691400
2022-09-29,140.26585388183594,144.439969608928,138.4938229117654,143.82960922766318,128138200
2022-09-30,136.05235290527344,140.8762153477741,135.85546393289223,139.0844911492741,124925300
2022-10-03,140.236328125,140.84670355770672,135.5503037948178,136.06222721595856,114311700
2022-10-04,143.8296356201172,143.9477660325762,142.01821750628275,142.77625603679124,87830100
2022-10-05,144.12489318847656,145.08967450416395,140.7875754267863,141.83111532059078,79471000
2022-10-06,143.16998291015625,145.24719370943012,142.96325476225735,143.54408244476417,68402200
2022-10-07,137.91297912597656,140.8762129387206,137.28292541213156,140.32490279514894,85925600
2022-10-10,138.23788452148438,139.6850420606086,136.41664236157902,138.23788452148438,74899000
2022-10-11,136.8202362060547,139.15341644364526,136.0720520706598,137.72593753469053,77033700
2022-10-12,136.19015502929688,138.17876788392184,136.01295948883356,136.96788662576586,70433700
2022-10-13,140.76791381835938,141.35858069211028,132.2818600306571,132.8922353283637,113224000
2022-10-14,136.22955322265625,142.27413585110418,136.04250345541635,142.0673926816115,88598000
2022-10-17,140.19696044921875,140.67933626371678,138.09021652620234,138.87778757684748,85250900
2022-10-18,141.51611328125,144.42026703642762,138.4249097380949,143.22907894720203,99136600
2022-10-19,141.62440490722656,142.69746261645687,139.30107889163025,139.488128680181,61758300
2022-10-20,141.16171264648438,143.62286253921314,140.4332068704366,140.7974672692939,64522000
2022-10-21,144.98141479492188,145.5524033439164,140.43319980718348,140.6497821885837,86548600
2022-10-24,147.1275177001953,147.89539516122247,143.73113431154985,144.90264390563777,75981900
2022-10-25,149.97256469726562,150.12024264321047,147.03887943542102,147.75753070303858,74732300
2022-10-26,147.0290985107422,149.62807215966112,145.73944336708044,148.61407962000084,88194300
2022-10-27,142.54978942871094,146.73374379544853,141.8902031311427,145.76897734753766,109180200
2022-10-28,153.31979370117188,155.05243775655637,145.52287291944214,145.89695747516933,164762400
2022-10-31,150.9570770263672,151.84309994681692,149.55914577499016,150.77988145527678,97943200
2022-11-01,148.3088836669922,153.03429437423398,146.8125153766711,152.6700490040681,80379300
2022-11-02,142.7761993408203,149.80524150264998,142.74666674943285,146.63527983930877,93604600
2022-11-03,136.72178649902344,140.58086724418428,136.59380191372105,139.8523615595117,97918500
2022-11-04,136.45555114746094,140.68588340372804,132.51117923439392,140.11394767074316,140814800
2022-11-07,136.98805236816406,137.21484956931474,133.78324977627878,135.20322625521413,83374600
2022-11-08,137.55995178222656,139.46310374939873,135.5779105819191,138.4572998817349,89908500
2022-11-09,132.9943389892578,136.623168532168,132.71823419264956,136.57386087993447,74917800
2022-11-10,144.82745361328125,144.82745361328125,137.55995404597397,139.27576104009148,118854000
2022-11-11,147.61814880371094,147.92383528778683,142.3622702502016,143.7921174252736,93979700
2022-11-14,146.21786499023438,148.19005093835904,145.37967994364752,146.89827154979093,73374100
2022-11-15,147.953369140625,151.45400187502815,146.49395589081533,150.1030594439155,89868300
2022-11-16,146.72076416015625,147.7857463571914,145.24162472759372,147.05604720027458,64218300
2022-11-17,148.6239471435547,149.3733724520642,144.11749463891493,144.39359949187033,80389400
2022-11-18,149.18600463867188,150.5763993918672,147.88436969164823,150.19182372040734,74829600
2022-11-21,145.9516143798828,148.27879437989566,145.66565404043791,148.07172328326632,58724100
2022-11-22,148.09141540527344,148.32808310350964,144.8866136770819,146.06993712168025,51804100
2022-11-23,148.96908569335938,149.71851100166924,147.2631338671993,147.3716047055876,58301400
2022-11-25,146.05023193359375,146.80952774156987,145.0739944661959,146.24744752036312,35195900
2022-11-28,142.21432495117188,144.6006680593858,141.38601049309779,143.12152865000314,69246000
2022-11-29,139.20675659179688,142.79613475713955,138.39816810033238,142.2833621487803,83763800
2022-11-30,145.97134399414062,146.65175056417294,138.59537264763534,139.43354266054223,111380900
2022-12-01,146.2474365234375,147.05603992895004,144.57108159207246,146.14883626075934,71250400
2022-12-02,145.75436401367188,145.9417240398246,143.624400105695,143.93010149112266,65447400
2022-12-05,144.59085083007812,148.8211840404808,143.74281007563297,145.71499647698562,68826400
2022-12-06,140.9225616455078,145.2515095410952,139.94632410744387,145.02471235222268,64727200
2022-12-07,138.97991943359375,141.37611767720244,138.05298980885266,140.21253541402993,69721100
2022-12-08,140.6661834716797,141.52409475387847,139.1377511085993,140.38022307533845,62128300
2022-12-09,140.1829833984375,143.54556411340621,138.94049659830839,140.3604729146931,76097000
2022-12-12,142.48057556152344,142.4904310742392,139.09826892356506,140.71546075742316,70462700
2022-12-13,143.4469451904297,147.8843635443182,142.23405505341051,147.420898645852,93886200
2022-12-14,141.21836853027344,144.62038597056736,139.19687510886934,143.3286067000526,82291200
2022-12-15,134.6016845703125,139.827980094081,134.1382196907759,139.14757356682156,98931900
2022-12-16,132.6393585205078,135.7356898104224,131.8702072160859,134.78904899571134,160156900
2022-12-19,130.52911376953125,133.31975851229708,129.49372825060226,133.23101376151752,79592600
2022-12-20,130.46014404296875,131.39692965029462,128.0836556253542,129.56279554637067,77432800
2022-12-21,133.56629943847656,134.90738657654524,130.9038512362098,131.13064842267107,85928000
2022-12-22,130.39109802246094,132.68869695584948,128.4879453921836,132.48162581248053,77852100
2022-12-23,130.02622985839844,130.57843955760072,127.8371020889996,129.09929998620072,63814900
2022-12-27,128.22171020507812,129.5825237698457,126.92993039346352,129.5529421746629,69007800
2022-12-28,124.28714752197266,129.2077488876003,124.11951353793032,127.86666196867824,85438400
2022-12-29,127.80752563476562,128.66542180572807,125.95367333920198,126.2100521251047,75703700
2022-12-30,128.12306213378906,128.14278820773606,125.6578370442106,126.62421153870504,77034200
2023-01-03,123.33063507080078,129.07955079083166,122.44314998227297,128.46817802573926,112117500
2023-01-04,124.60271453857422,126.87073149260826,123.3405166774151,125.12534263515172,89113600
2023-01-05,123.28134155273438,125.99309725880703,123.02496279365805,125.36199835089351,80962700
2023-01-06,127.81736755371094,128.4780480462767,123.15315196037015,124.25757880895641,87754700
2023-01-09,128.33998107910156,131.55465346679887,128.08360234953716,128.65553802002677,70790800
2023-01-10,128.9119415283203,129.4345696464241,126.33823803970584,128.44847658636624,63896200
2023-01-11,131.63356018066406,131.65327120715185,128.64569958998982,129.42470644063985,69458900
2023-01-12,131.5546417236328,132.3928115608032,129.61203773839415,132.0181065351313,71379600
2023-01-13,132.8859100341797,133.0436885523966,129.82903023831255,130.1938798959249,57809700
2023-01-17,134.0494842529297,135.38070076927318,132.26465833803292,132.95492042575748,63646600
2023-01-18,133.3296356201172,136.68234566241608,133.15213106325567,134.91724588612811,69672800
2023-01-19,133.38880920410156,134.3551761664197,131.90966964997585,132.21535608370812,58280400
2023-01-20,135.95260620117188,136.10052914550886,132.35337358769686,133.3986295227189,80223600
2023-01-23,139.1475830078125,141.32685514540398,135.9822178760608,136.19915953850284,81760300
2023-01-24,140.5478057861328,141.169049065949,138.34882305195495,138.35867856319985,66435100
2023-01-25,139.88714599609375,140.44921115138996,136.87955949987148,138.93063463423644,65799300
2023-01-26,141.95794677734375,142.24390711048304,139.9265826744515,141.17892492583348,54105100
2023-01-27,143.9005126953125,145.18243632337052,141.09015728986634,141.16904651814795,70555800
2023-01-30,141.01129150390625,143.5258315295515,140.863383580403,142.94404030165967,64015300
2023-01-31,142.28334045410156,142.3326481092963,140.301299106578,140.71545632636276,65874500
2023-02-01,143.407470703125,144.57106804774983,139.35464368271474,141.96778362091698,77663600
2023-02-02,148.7225341796875,149.07751316889315,146.10937904089744,146.82922262442523,118339000
2023-02-03,152.35133361816406,155.19128562284567,145.77409661965578,145.97131216518497,154357300
2023-02-06,149.61988830566406,150.97084596204795,148.68310295478358,150.4482178700856,69858300
2023-02-07,152.49929809570312,153.07123392254363,148.54507002072867,148.54507002072867,83322600
2023-02-08,149.8072509765625,152.4302620416696,149.06768120571854,151.73999993153234,64120100
2023-02-09,148.77183532714844,152.1837234806971,148.32809651858278,151.64136936063508,56007100
2023-02-10,149.1372528076172,149.46316214008027,147.3694580195322,147.60648709847575,57450700
2023-02-13,151.94204711914062,152.3469510828992,149.0483754519819,149.07800220373113,62199000
2023-02-14,151.3001251220703,151.8630636416052,148.989147669325,150.23351666628918,61707600
2023-02-15,153.40367126464844,153.5715611952289,150.98405804107867,151.21120146838675,65573800
2023-02-16,151.8037872314453,154.39129073768956,151.44825113314346,151.6062554560653,68167900
2023-02-17,150.65814208984375,151.1025583652421,148.97922778858558,150.46062541961737,59144100
2023-02-21,146.6386260986328,149.4236611977066,146.56950203742764,148.33729678255915,58867200
2023-02-22,147.0632781982422,148.09037388155102,145.3349810354075,147.0237658241407,51011300
2023-02-23,147.54721069335938,148.47555569965527,145.4140093743504,148.22865607328114,48394200
2023-02-24,144.89059448242188,145.3646375819345,143.91286646196608,145.2856278870893,55469600
2023-02-27,146.0855712890625,147.32006943922315,145.6213987790375,145.8781840387877,44998500
2023-02-28,145.58192443847656,147.23121241896578,145.0091153980784,145.22638831235219,50547000
2023-03-01,143.50796508789062,145.40415278885536,143.21168246314858,145.0091193355728,55479000
2023-03-02,144.10052490234375,144.89060684866965,142.11544194013547,142.58950014966683,52238100
2023-03-03,149.15699768066406,149.23600736765022,145.50288630750634,146.20407279147852,70732300
2023-03-06,151.9222869873047,154.36165661510182,151.55688034550414,151.88277460629178,87558000
2023-03-07,149.7199249267578,152.11978182875635,149.25575246867027,151.79387254523385,56182000
2023-03-08,150.9741668701172,151.5667319547554,149.94707113557456,150.9149133755646,47204800
2023-03-09,148.7224578857422,152.62346903568368,148.3669218148619,151.65562670311525,53833600
2023-03-10,146.6584014892578,149.06814463866203,145.77943928176788,148.3472018339828,68572400
2023-03-13,148.60394287109375,151.24082897559975,145.86829089184172,145.97692732623966,84457100
2023-03-14,150.6976318359375,151.49758410543407,148.23852153630807,149.4038803808697,73695900
2023-03-15,151.0927276611328,151.34949789320206,148.06079247647403,149.31504702106903,77167900
2023-03-16,153.91725158691406,154.51968735037045,149.7594547490333,150.27301025301884,76161100
2023-03-17,153.07777404785156,154.7962009363973,152.36670189187112,154.14438228182223,98944600
2023-03-20,155.447998046875,155.8628026785515,152.23830291826783,153.14690680049927,73641400
2023-03-21,157.30470275878906,157.42320976774403,154.59867718770118,155.36901795458434,73938300
2023-03-22,155.87271118164062,160.12925934644002,155.85295498733328,157.32448253723237,75701800
2023-03-23,156.9590301513672,159.54654859691777,155.72453196517867,156.86027933820688,67622100
2023-03-24,158.26266479492188,158.35154504613158,155.8924343453171,156.88990343786057,59196500
2023-03-27,156.3170928955078,158.77621864094067,155.9121738846932,157.95651005912973,52390300
2023-03-28,155.69488525390625,156.5244793815335,154.045597696947,156.0109239824416,45992200
2023-03-29,158.77621459960938,159.0527409732352,157.37382654206215,157.39356766192319,51305700
2023-03-30,160.34652709960938,160.45516356045198,159.27004812279844,159.5268183622626,49501700
2023-03-31,162.85498046875,162.95374634284104,159.9020707098414,160.42549668949934,68749800
2023-04-03,164.1092529296875,164.22775993608965,162.18343872786127,162.23282167038158,56976200
2023-04-04,163.57595825195312,164.77094409936112,163.06240276891677,164.53393008377392,46278300
2023-04-05,161.72915649414062,163.003167246698,159.79347149537082,162.69701406308565,51511700
2023-04-06,162.61801147460938,162.91429410929996,159.99099522034615,160.41565544340602,45390100
2023-04-10,160.0205535888672,160.0205535888672,158.0947398907547,159.41811801463155,47716900
2023-04-11,158.80584716796875,160.34649846878187,158.51943515436048,160.33662790848967,47644200
2023-04-12,158.1145477294922,160.05023261805474,157.7985089324277,159.22065338009935,50133100
2023-04-13,163.50682067871094,163.74384976611952,159.4181631056541,159.62556544083142,68445600
2023-04-14,163.16114807128906,164.25738296375815,161.78838681581487,162.54882677930067,49386500
2023-04-17,163.18092346191406,163.3389428652635,161.99580807591275,163.04266025137323,41516200
2023-04-18,164.40553283691406,165.33387789076258,163.5956947875371,164.04012619342146,49923000
2023-04-19,165.55117797851562,166.07460409367388,163.48708520430753,163.7438705155961,47720200
2023-04-20,164.58331298828125,165.78818457608216,163.50683405035483,164.03026014199096,52456400
2023-04-21,162.9735107421875,164.38576938158798,162.45008473615934,163.00313749199609,58337300
2023-04-24,163.27967834472656,163.54633418620037,161.85753394961128,162.95376899838274,41949600
2023-04-25,161.739013671875,164.2475072794641,161.69950129216383,163.1414017604714,48714100
2023-04-26,161.72915649414062,163.23031072654587,160.7810701880869,161.0378404231514,45498800
2023-04-27,166.32147216796875,166.4696059197472,163.14140369362494,163.14140369362494,64902300
2023-04-28,167.57571411132812,167.74361912541863,165.79804878354395,166.40048449959994,55275900
2023-05-01,167.48681640625,168.33615167039042,166.5486008988935,167.18066329991268,52472900
2023-05-02,166.4498748779297,168.2374411469596,165.46227619804043,167.98065584567004,48425700
2023-05-03,165.3733673095703,168.80033534118735,165.08697037258037,167.3979472668269,65136000
2023-05-04,163.73399353027344,164.96849199339607,162.27235156941342,162.84516066464968,81235400
2023-05-05,171.41746520996094,172.13840783799864,168.64230098781798,168.8595738460577,113453200
2023-05-08,171.34832763671875,171.6939931151052,169.9755664215469,170.34097301845657,55962800
2023-05-09,169.6398162841797,171.38785496168964,169.47192632998963,170.9039412906591,45326900
2023-05-10,171.40757751464844,171.87174997260468,169.76816053844368,170.87428100420712,53724500
2023-05-11,171.59521484375,172.42479384845967,170.03480762847894,171.6939807074533,49514700
2023-05-12,170.66563415527344,172.13918180226995,169.11295243629542,171.70403494878815,45533100
2023-05-15,170.17115783691406,171.29857695594924,169.5777729993573,171.249125704419,37266700
2023-05-16,170.17115783691406,171.2293421857262,169.9041331509732,170.09203885254627,42110300
2023-05-17,170.7843017578125,171.02164360752573,168.53934785672587,169.81512066054435,57951600
2023-05-18,173.11825561523438,173.30616130301183,170.6755118549318,171.09087517456516,65496700
2023-05-19,173.22703552246094,174.44345770293714,173.00946211256743,174.44345770293714,55809500
2023-05-22,172.27764892578125,172.7820305841642,171.53592539559813,172.06007548302856,43570900
2023-05-23,169.66677856445312,171.46670153051892,169.38986966050507,171.2194603598222,50747300
2023-05-24,169.94366455078125,170.51726580029353,168.6382391925545,169.20194113871563,45143500
2023-05-25,171.08099365234375,171.98093998050487,169.79533663873903,170.50739236656926,56058300
2023-05-26,173.49404907226562,173.83030849826073,171.19965909306288,171.40734829469508,54835000
2023-05-30,175.3434295654297,177.01478218217846,174.62148962052487,175.00718521743593,55964400
2023-05-31,175.2939910888672,177.37082297149757,174.80939295881248,175.3731100748192,99625300
2023-06-01,178.10264587402344,178.1323136072369,174.97751385870967,175.73902088879638,68901800
2023-06-02,178.95314025878906,179.77398268262323,177.2817876805341,179.03225923715402,61996900
2023-06-05,177.59823608398438,182.90897030198119,176.07522239457762,180.61458064640706,121946500
2023-06-06,177.23236083984375,178.1323071989488,175.47198988688834,177.98396853821802,64848400
2023-06-07,175.85769653320312,179.21028600208987,175.36321422162453,176.47084977063176,61944600
2023-06-08,178.57736206054688,178.8443716628685,175.50168125821915,175.93681304769265,50214900
2023-06-09,178.96302795410156,180.21900204187077,178.6366678484163,179.4970621604222,48900000
2023-06-12,181.7617950439453,181.86069753893617,178.97292275194738,179.26961514651788,54274900
2023-06-13,181.28709411621094,182.11782073883157,180.4266997635254,180.78272761470595,54929100
2023-06-14,181.92005920410156,182.35520610009794,180.01136451714052,181.34645784941577,57462900
2023-06-15,183.95730590820312,184.46168752877136,181.75191900244837,181.9299404833556,65433200
2023-06-16,182.8793487548828,184.92651290759443,182.2365277422246,184.66937243020826,101256200
2023-06-20,182.96835327148438,184.0463362605814,182.37498350716317,182.37498350716317,49799100
2023-06-21,181.929931640625,183.36392727035516,180.57503989811684,182.85954567430247,49515700
2023-06-22,184.93637084960938,184.98582209518955,181.64311708726814,181.7123518491607,51245300
2023-06-23,184.61990356445312,185.49019723798705,182.96833449974372,183.5023838322858,53117000
2023-06-26,183.22549438476562,185.9748150463911,183.1859273460984,184.76827690390465,48088700
2023-06-27,185.98468017578125,186.31104030447904,183.62105538648717,183.83862880561904,50730800
2023-06-28,187.1615447998047,187.80436573389431,185.5297592960992,185.8561043245189,51216800
2023-06-29,187.49777221679688,187.97248603247579,186.8549513406989,186.9934057643385,46347300
2023-06-30,191.8294677734375,192.3338342950544,189.14936702429083,189.51529419368583,85213200
2023-07-03,190.33615112304688,191.7404791738125,189.64386376682972,191.6415766685233,31458200
2023-07-05,189.2185821533203,190.8503675642152,188.51641070905347,189.45593906907268,46920300
2023-07-06,189.6932830810547,189.90097227103217,187.11208506779732,187.74502176003202,45094300
2023-07-07,188.5757598876953,190.54380484505052,188.14062814608695,189.29771490007704,46815000
2023-07-10,186.5286102294922,187.89338618022617,184.97592859390042,187.17143117099337,59922200
2023-07-11,186.00445556640625,187.21099353236755,184.54079224834234,187.07253909809666,46638100
2023-07-12,187.67579650878906,189.5844907414315,186.3901396467477,187.58677823550266,60750200
2023-07-13,188.4373016357422,189.0801376574393,187.6856939986458,188.39774969290625,41342300
2023-07-14,188.5856475830078,189.07023054213465,187.53734760154848,188.13071726198152,41616200
2023-07-17,191.84922790527344,192.17558799962066,189.69327745817978,189.78228064107432,50520200
2023-07-18,191.59210205078125,192.18548682934457,190.2965608776665,191.21630577539946,48288200
2023-07-19,192.947021484375,196.04247077365844,190.52404586593127,190.96909205897046,80507300
2023-07-20,190.9987335205078,194.3018715848771,190.3756810082794,192.9370956401489,59581200
2023-07-21,189.82188415527344,192.8184459451999,189.11971258876892,191.95805149771712,71951700
2023-07-24,190.62294006347656,192.7591073714878,190.12845772868155,191.27566036710277,45377800
2023-07-25,191.48333740234375,192.2942956871053,190.79106514120798,191.19654428358876,37283200
2023-07-26,192.35362243652344,193.4810415222525,191.18665140498055,191.53277997466063,47471900
2023-07-27,191.08775329589844,195.02382842734414,190.4251487828704,193.85685736898512,47460200
2023-07-28,193.66893005371094,194.46010471349214,191.9975775461535,192.52172755154825,48291400
2023-07-31,194.28208923339844,194.32165626732748,193.10521896564188,193.8963936498011,38824100
2023-08-01,193.45135498046875,194.55899044039094,193.12499487022708,194.07440747187567,35175100
2023-08-02,190.45481872558594,193.02611782368746,189.73287873889473,192.88766337294663,50389300
2023-08-03,189.06036376953125,190.247118290272,188.58566497931545,189.45595867004647,61235200
2023-08-04,179.98165893554688,185.31217710978225,179.9124241755589,183.47270249377223,115956800
2023-08-07,176.8763427734375,181.10911048560996,175.39289572224425,180.12014578481444,97576100
2023-08-08,177.81582641601562,178.28064095471063,175.6203239410226,177.70703971354655,67823000
2023-08-09,176.22360229492188,178.93335560733482,175.05661623443876,178.87402014653773,60378500
2023-08-10,176.00604248046875,178.75536303948698,175.64013038367378,177.4993736907431,54686900
2023-08-11,176.06544494628906,176.88739582771854,174.83748251539495,175.60001780962375,52036700
2023-08-14,177.71925354003906,177.94701832041608,175.5900993670502,176.2437010263368,43675600
2023-08-15,175.72874450683594,177.73905244130324,175.3326305229056,177.1448814654077,43622600
2023-08-16,174.8572998046875,176.80817714322055,174.78797154296882,175.41186545531423,46964900
2023-08-17,172.3122100830078,175.78815784652573,171.79724982185638,175.42175166053434,66062900
2023-08-18,172.79747009277344,173.40155375891743,170.29201204567954,170.62871045348956,61172200
2023-08-21,174.13436889648438,174.42156439236868,172.05474771785234,173.37184868637627,46311900
2023-08-22,175.5108642578125,175.95649623435884,174.54037449165708,175.34251507159627,42038900
2023-08-23,179.36314392089844,179.78898080878903,176.60021337314086,176.78837280424742,52722800
2023-08-24,174.66912841796875,179.3433458832632,174.30270712253693,178.91750900229638,54945800
2023-08-25,176.87750244140625,177.41225784961358,174.1145717959043,175.6594375427037,51449600
2023-08-28,178.4421844482422,178.83829845949455,176.81809282485807,178.34314839003864,43820700
2023-08-29,182.33404541015625,183.10647826164347,177.7588638881504,177.95692088146865,53003900
2023-08-30,185.8297882080078,186.0278602958339,182.94802670379437,183.14608368084174,60813900
2023-08-31,186.0476531982422,187.28552817850573,185.6614368088311,186.01794540757814,60794500
2023-09-01,187.6222686767578,188.07779827305947,186.45370666949987,187.65197647170007,45766500
2023-09-05,187.85989379882812,188.1371765705135,185.79017057061324,186.45366971077303,45280000
2023-09-06,181.13577270507812,187.01815699545173,179.70973831822653,186.57250991647675,81755800
2023-09-07,175.8376922607422,176.48139642487362,171.85668142571674,173.48077306769622,112488800
2023-09-08,176.45166015625,178.4916910043361,176.06544373133067,176.62002446653017,65551300
2023-09-11,177.62022399902344,178.5511084974291,175.619813594627,178.3233437087065,58953100
2023-09-12,174.58990478515625,178.38275585399316,173.12426491742679,177.7489644157226,90370200
2023-09-13,172.5201873779297,175.58021106580875,172.29240747476095,174.7978655233742,84267900
2023-09-14,174.0353240966797,174.39183269426235,171.89627251118375,172.31219668990042,60895800
2023-09-15,173.31240844726562,174.78796097983732,172.13396406629226,174.76815074757482,109259500
2023-09-18,176.24371337890625,177.64004017321716,174.46117014263496,174.76816076178545,67257600
2023-09-19,177.33303833007812,177.88760394386657,175.4118538031827,175.7980702206982,51826900
2023-09-20,173.7877655029297,177.95692035427507,173.69862701203755,177.52118590379774,58436200
2023-09-21,172.24285888671875,174.58987998681354,172.17354574949883,172.85685511620576,63149100
2023-09-22,173.0945587158203,175.36235454947433,172.36174626663464,172.97572753179696,56725400
2023-09-25,174.37203979492188,175.2534062611611,172.46075278406465,172.51027081019092,46172700
2023-09-26,170.2919921875,173.50055447022797,169.99489916963813,173.1242507509963,64588900
2023-09-27,168.7768096923828,171.3614931122097,167.4102060653185,170.94556895520947,66921800
2023-09-28,169.03433227539062,170.36133082824708,165.9941036111019,167.69742105029528,56294400
2023-09-29,169.5492706298828,171.39122924497295,168.68769934956754,170.3514112168,51861100
2023-10-02,172.06460571289062,172.60927367399333,169.27195277275155,169.5591482025953,52164500
2023-10-03,170.7277069091797,171.94578673866616,169.16304627124387,170.58906551933305,49594600
2023-10-04,171.9755096435547,172.5201776911012,169.31160010164683,169.43043127173715,53020300
2023-10-05,173.21340942382812,173.7481648763392,171.00502912591972,172.10426293848624,48527900
2023-10-06,175.7683868408203,176.2635369377298,171.50018031240361,172.11417670790303,57266700
2023-10-09,177.25381469726562,177.3132302836497,174.09475506108697,175.09495269037185,42390800
2023-10-10,176.65960693359375,177.97670767634264,176.2238725392073,176.37242659771795,43698000
2023-10-11,178.0559539794922,178.10547200469523,175.87729686757618,176.4714678376734,47551100
2023-10-12,178.95712280273438,180.57130155585352,177.30330847610173,178.3233313959954,56743100
2023-10-13,177.1151885986328,180.16529977566205,176.41206884050376,179.6602521369707,51427100
2023-10-16,176.98641967773438,177.34292828713865,174.79784999846225,175.0355274416581,52517000
2023-10-17,175.43165588378906,176.6893412361662,173.1044597256959,174.93650583601004,57549400
2023-10-18,174.13436889648438,175.85749653944856,173.4114540423014,173.87689630601963,54764400
2023-10-19,173.75804138183594,176.11494506219307,173.4906561558451,174.33240207355175,59302900
2023-10-20,171.20309448242188,173.7184502104905,170.96541700693638,173.60951658974062,64244000
2023-10-23,171.32191467285156,172.32211231863303,168.2816861592976,169.25219112217718,55980100
2023-10-24,171.7576446533203,171.98540943587548,169.78694209599936,171.3714282347356,43816600
2023-10-25,169.44036865234375,171.38134856384042,168.99472147795794,170.21280159213268,57157000
2023-10-26,165.27117919921875,169.71763198356828,164.06301189675906,168.71741923518283,70625300
2023-10-27,166.58828735351562,167.321114882013,165.2117707914918,165.29099661436564,58499100
2023-10-30,168.63819885253906,169.50966778359705,167.23197451155576,167.3805285943209,51131000
2023-10-31,169.113525390625,169.24225410780494,166.27135428067592,167.70730128574397,44846000
2023-11-01,172.28248596191406,172.53995851269775,168.4698250558493,169.34129385969914,56934900
2023-11-02,175.84759521484375,176.05554977286621,173.75806140886317,173.8174769968696,77334800
2023-11-03,174.93650817871094,175.10487249469713,171.66852990822986,172.5498964006483,79829200
2023-11-06,177.491455078125,177.6895120451555,174.50076012117472,174.66910929868956,63841300
2023-11-07,180.0563507080078,180.67033186387974,177.23398970359145,177.4419442386158,70530000
2023-11-08,181.11598205566406,181.67054768588966,179.82858892219454,180.5812266581694,49340300
2023-11-09,180.640625,182.33402952271553,180.04643896103886,181.18529301725127,53763500
2023-11-10,184.8351287841797,185.00371491529177,181.98922784820692,182.425536381392,66133400
2023-11-13,183.24856567382812,184.46823531200093,182.66352248721634,184.26000678217753,43627500
2023-11-14,185.8664093017578,186.53078271340215,184.7359804157126,186.1242211071054,60108400
2023-11-15,186.43161010742188,187.90910668353808,186.20354524355434,186.2729648412074,53790500
2023-11-16,188.11734008789062,189.35684600106327,187.06622636374277,187.9785160308428,54412900
2023-11-17,188.0974884033203,188.78169803245333,186.98689603758916,188.6527845861859,50922700
2023-11-20,189.8427276611328,190.29887250675844,188.2859160609316,188.2958266614519,46505100
2023-11-21,189.03952026367188,189.91213724546566,188.14708208188244,189.80306012274144,38134500
2023-11-22,189.7039031982422,191.31029805901488,189.22793715258507,189.88239992204348,39617700
2023-11-24,188.37513732910156,189.2973223945837,187.66118076777323,189.26757546541884,24048300
2023-11-27,188.1966552734375,189.0692722786972,187.31412766791345,188.3255687303111,40552600
2023-11-28,188.80152893066406,189.47582799498892,187.8099242301234,188.1867388581487,38415400
2023-11-29,187.7801971435547,190.47736342450784,187.38356127369806,189.2973512852548,43014200
2023-11-30,188.3553009033203,188.72220491397636,186.61008216023393,188.24622378620953,48794400
2023-12-01,189.63449096679688,189.95179660734362,187.64135580786584,188.73212704562349,45704800
2023-12-04,187.83969116210938,188.454496430777,185.8763178825686,188.3850768316175,43389500
2023-12-05,191.79617309570312,192.76794143388682,188.58336852388663,188.61313058416235,66628400
2023-12-06,190.7054443359375,193.12494736273675,190.4972006683192,192.81755229252437,41089700
2023-12-07,192.6390380859375,193.3629052381858,191.96473906125271,192.0044117201268,47477700
2023-12-08,194.06698608398438,194.34463422327846,192.04410377691167,192.56965312133897,53406400
2023-12-11,191.55819702148438,191.8656072016425,189.81297812056516,191.48879255742054,60943700
2023-12-12,193.0753631591797,193.08527375940776,190.11045957675134,191.45904261144975,52696900
2023-12-13,196.29806518554688,196.33772271445184,193.21417408717826,193.45214952198077,70404200
2023-12-14,196.4468231201172,197.9441408874326,194.51319682969313,196.35758232148717,66831600
2023-12-15,195.91136169433594,196.73438033852585,195.34613971264017,195.87168903034603,128538400
2023-12-18,194.24545288085938,194.97924583916173,192.75804576345098,194.4437708037096,55751900
2023-12-19,195.28662109375,195.29653169314724,194.2454331909677,194.51317068155427,40714100
2023-12-20,193.19435119628906,196.0204155959587,193.19435119628906,195.24696511767544,52242800
2023-12-21,193.0456085205078,195.42546903656068,191.87552215973167,194.45370060278358,46482500
2023-12-22,191.97467041015625,193.7694724442452,191.34995462543642,193.54139247575878,37149600
2023-12-26,191.4293212890625,192.26226574027075,191.21116700936184,191.984617589868,28919300
2023-12-27,191.5284423828125,191.87551008122907,189.48573911500236,190.87399477798158,48087700
2023-12-28,191.954833984375,193.02576884449476,191.54827243799232,192.51013017909935,34049900
2023-12-29,190.91366577148438,192.76796185552627,190.12037892679615,192.27215946893213,42672100
2024-01-02,184.0814971923828,186.85799339797134,182.34618895522584,185.5788148528252,82488700
2024-01-03,182.7031707763672,184.31949132166326,181.8900476382689,182.6734238450404,58414500
2024-01-04,180.38282775878906,181.552914127362,179.36147605378457,180.62080322049852,71983600
2024-01-05,179.65895080566406,181.22568820887324,178.6574354024576,180.46216340525032,62379700
2024-01-08,184.00218200683594,184.04185467153414,179.97626898919978,180.56131218264795,59144500
2024-01-09,183.58570861816406,183.59561921893004,181.19593746369003,182.37594957443397,42841800
2024-01-10,184.6269073486328,184.8351358915854,182.37596012806688,182.80235807668967,46792900
2024-01-11,184.03192138671875,185.4796709750172,182.07845882443647,184.97394287034564,49128400
2024-01-12,184.35914611816406,185.17226924419936,183.63527891547233,184.49797017252533,40477800
2024-01-16,182.08834838867188,182.71304896641044,179.41100399867784,180.63068848947412,65603000
2024-01-17,181.14634704589844,181.39424823145328,178.786338048284,179.74819585869176,47317400
2024-01-18,187.04638671875,187.55209963440907,184.26989072089356,184.5277024783634,78005800
2024-01-19,189.95181274414062,190.3385380102556,187.23482528040057,187.74053828049293,68903000
2024-01-22,192.26226806640625,193.69018150329035,190.64594728289305,190.68561995096738,60133900
2024-01-23,193.54139709472656,194.10661903356933,192.20273983497614,193.38275184285894,42355600
2024-01-24,192.86712646484375,194.73134826169684,192.7084660713482,193.77940103141137,53631300
2024-01-25,192.53988647460938,194.62226243680658,191.48878789336808,193.58107445570798,54822100
2024-01-26,190.80458068847656,193.1249321296598,190.3286146537771,192.63905549468925,44594000
2024-01-29,190.12037658691406,190.5864320350317,187.98843240307312,190.3980247095346,47145600
2024-01-30,186.46136474609375,190.1898085739461,185.89615786346673,189.33702781871273,55859400
2024-01-31,182.8518829345703,185.52922747005408,182.8023148089162,185.46971848403524,55467800
2024-02-01,185.291259765625,185.38050055962896,182.2767880551107,182.44535904290282,64885400
2024-02-02,184.28973388671875,185.75730456104918,177.7451370154647,178.35001646911297,102551700
2024-02-05,186.10438537597656,187.66121220628375,184.27983613833493,186.5704408518845,69668800
2024-02-06,187.7107696533203,187.72068025311026,185.2020110139772,185.2912518041467,43490800
2024-02-07,187.81983947753906,189.4460704904296,187.02655273524672,189.03950895453542,53439000
2024-02-08,186.739013671875,187.94875754592414,185.77715585449096,187.8000228857875,40962000
2024-02-09,187.50350952148438,188.63538073939827,186.65956394365634,187.30492339729363,45155200
2024-02-12,185.8156280517578,187.32479480430874,185.45819421957458,187.0765772861258,41781900
2024-02-13,183.72067260742188,184.88234393093236,182.20158259974826,184.4454786725173,56529500
2024-02-14,182.8369903564453,184.20715569890234,181.13919127121986,183.9986614989588,54630500
2024-02-15,182.54908752441406,183.17460050228618,180.05698915939104,182.2413002337134,65434500
2024-02-16,181.0101318359375,183.53203018346474,180.37469562592958,182.11221816970058,49752500
2024-02-20,180.2655029296875,181.12929511659567,178.71662791178477,180.4938588233536,53665600
2024-02-21,181.02008056640625,181.5860086349742,179.37191259479573,180.64278508736416,41371400
2024-02-22,183.05545043945312,183.64125529629035,181.15908011476066,182.17179668082835,52292200
2024-02-23,181.21864318847656,183.72066477086588,180.9307023940782,183.6908798817894,45119700
2024-02-26,179.8683319091797,181.45691481099774,179.36195851579282,180.94063332165365,40867400
2024-02-27,181.32786560058594,182.60866132395924,178.27974721589908,179.8087756065873,54318900
2024-02-28,180.12648010253906,181.814356133641,178.84568442217187,181.20870480571682,48953900
2024-02-29,179.46128845214844,181.26831948615475,178.2499855974841,179.97758519757838,136682600
2024-03-01,178.3790283203125,179.24282037465971,176.11528592616577,178.26981201401622,73563100
2024-03-04,173.85153198242188,175.63868574855184,172.55085963930404,174.89403329600003,81510100
2024-03-05,168.90704345703125,170.8133520831047,168.41060844555398,169.5424796657224,95132400
2024-03-06,167.91416931152344,170.01906401050476,167.47730408815008,169.8403395327639,68587700
2024-03-07,167.7950439453125,169.51270494606766,167.28868565722726,167.94396839769192,71765100
2024-03-08,169.51272583007812,172.46155155044823,167.7354948294159,167.7950646177067,76267000
2024-03-11,171.51829528808594,173.13667826239134,170.8232893067872,171.7069430151515,60139500
2024-03-12,171.994873046875,172.7891721100731,169.79070034274764,171.91544162555573,59825400
2024-03-13,169.90985107421875,171.95516088785197,169.54247886546352,171.53815729817867,52488700
2024-03-14,171.7665252685547,173.06718266017282,170.82330171470906,171.67717059661035,72913500
2024-03-15,171.38922119140625,171.38922119140625,169.0758321837892,169.94956266563446,121752700
2024-03-18,172.4813690185547,176.44292557517804,172.28279805844676,174.3181844870376,75604200
2024-03-19,174.82455444335938,175.35077434046616,171.79629786095623,173.09695515946524,55215200
2024-03-20,177.3960723876953,177.3960723876953,173.8415961439034,174.46710906124463,53423100
2024-03-21,170.1481475830078,176.22452301821235,169.62192763151074,175.78765774149878,106181300
2024-03-22,171.05165100097656,171.8161651814705,168.84747827799018,170.53535433298114,71160100
2024-03-25,169.63185119628906,170.7140758962492,168.24182406010684,169.3538487990515,54288300
2024-03-26,168.49998474121094,170.19778406175462,168.37090678526505,168.78791039294236,57388400
2024-03-27,172.07431030273438,172.36225110852925,168.89712909220745,169.19499314475576,60273300
2024-03-28,170.25735473632812,171.00200728609337,169.29426955996547,170.5254338962422,65672700
2024-04-01,168.8177032470703,170.02900599080004,168.2716216576847,169.96943620832081,46240500
2024-04-02,167.63616943359375,168.13260444031488,167.0305181193942,167.87446369081778,49329500
2024-04-03,168.44039916992188,169.46305411699578,167.37803608655156,167.5865303145986,47691700
2024-04-04,167.6163330078125,170.69422114433502,167.6163330078125,169.0758380772312,53704400
2024-04-05,168.37091064453125,169.17513298848516,167.74539764368038,168.3808338913719,42104800
2024-04-08,167.24896240234375,167.99361496437555,167.04046816897213,167.82482886831443,37425500
2024-04-09,168.4602813720703,168.86736178126412,167.14970061441764,167.49719608690285,42373800
2024-04-10,166.583740234375,167.88439761067826,165.91851910107465,167.59647195447172,49709300
2024-04-11,173.7919921875,174.20901100120696,166.96105555101482,167.1397649140348,91070300
2024-04-12,175.29119873046875,177.08829097776882,172.96788660357228,173.0175179827845,101670900
2024-04-15,171.458740234375,175.37065085788137,171.27009249111015,174.1097015871075,73531800
2024-04-16,168.1723175048828,172.5210775974863,167.0702312509368,170.52541444574328,73711200
2024-04-17,166.8021697998047,169.43326939438703,166.8021697998047,168.4006911997193,50901200
2024-04-18,165.8489990234375,167.4375970919546,165.36250241682455,166.83194578270678,43122900
2024-04-19,163.8235626220703,165.21357466916862,162.9101239696921,165.02494208062998,68149400
2024-04-22,164.65756225585938,166.06743588145892,163.59519920100377,164.33985172403135,48116400
2024-04-23,165.7100067138672,165.85894631264824,163.74412823991455,164.17107024309314,49537800
2024-04-24,167.8148956298828,168.09289802448964,165.02493328758231,165.35256706337344,48251800
2024-04-25,168.6787109375,169.39357866495865,166.95111140447554,168.32127707377066,50558300
2024-04-26,168.09288024902344,170.1183282169712,167.9737255567964,168.66874661981072,44838400
2024-04-29,172.26296997070312,174.77493022282954,171.8658279731322,172.13389200399433,68169400
2024-04-30,169.11553955078125,173.74231713050509,168.78789065093028,172.09414938579766,65934800
2024-05-01,168.09288024902344,171.4785703074486,167.90423254049057,168.3708826142321,50383100
2024-05-02,171.79629516601562,172.1835138606425,169.67155396857694,171.27999852318183,94214900
2024-05-03,182.07252502441406,185.66670996286234,181.35765733555206,185.31919936550048,163224100
2024-05-06,180.4144287109375,182.88666551151155,179.1336178251023,181.04986495546194,78569700
2024-05-07,181.0994873046875,183.5816623782166,180.02720100491794,182.1420038655686,77305800
2024-05-08,181.4370880126953,181.76473696457006,180.15627709627628,181.5463043299869,45057100
2024-05-09,183.2540283203125,183.34338298682428,180.81156138569682,181.25834986825006,48983000
2024-05-10,181.99136352539062,184.01955884653998,181.07668601424152,183.83065525294157,50759500
2024-05-13,185.2026824951172,186.01794745703555,183.55227916041125,184.3675441223296,72044800
2024-05-14,186.3460235595703,187.2110023802185,185.2126171602605,186.42556271379902,52393600
2024-05-15,188.62281799316406,189.54743236218252,186.2864023770235,186.82328796013638,70400000
2024-05-16,188.7421112060547,189.99483406684226,188.56315946625315,189.36847263644847,52845200
2024-05-17,188.7719268798828,189.70649303935699,188.08591490450098,188.4140082479681,41282900
2024-05-20,189.93516540527344,190.81008101901142,187.91690657220929,188.2350632210391,44361300
2024-05-21,191.2375946044922,191.6153866469515,189.815856788038,189.98487181213304,42309400
2024-05-22,189.7959747314453,191.7048842739564,189.1696284842733,191.15806201805708,34648500
2024-05-23,185.79922485351562,189.89539287135,185.55067067436462,189.87550428926582,51005900
2024-05-24,188.88128662109375,189.47782271626807,186.9525037733123,187.72800676525614,36327000
2024-05-28,188.89125061035156,191.8838376427625,188.00639828711084,190.40244918609352,52280100
2024-05-29,189.18951416015625,191.13818582461732,188.41402624535667,188.51345399670836,53068000
2024-05-30,190.1837158203125,191.06856812279528,189.52754429358754,189.6567821553814,49889100
2024-05-31,191.13818359375,191.45634025792617,188.81171987650453,190.33287039705309,75158300
2024-06-03,192.9078826904297,193.8623374845637,191.4066207978332,191.784412862338,50080500
2024-06-04,193.2260284423828,194.19041988861153,191.91365507081835,193.51434462038463,47471400
2024-06-05,194.7372283935547,195.76127042413225,193.74301165159252,194.269945311189,54156800
2024-06-06,193.3552703857422,195.3635924798522,193.04706561878618,194.55827933508485,41181800
2024-06-07,195.7513427734375,195.80105664694403,193.01724660656404,193.52429170702464,53103900
2024-06-10,192.0031280517578,196.15896182874013,191.03873662001607,195.76126603853862,97010200
2024-06-11,205.95199584960938,205.96194772636147,192.51019617172983,192.53006958414636,172373300
2024-06-12,211.83778381347656,218.9265393804105,205.7034527218097,206.1707358379729,198134300
2024-06-13,213.00099182128906,215.49647028335949,210.37626033331,213.49810017257707,97862700
2024-06-14,211.26112365722656,213.92561727783075,210.07800329190465,212.61325905037393,70122700
2024-06-17,215.41693115234375,217.68374402084368,211.48977821080922,212.13601299934342,93728300
2024-06-18,213.0507049560547,217.3656172672209,211.7681719978675,216.3316233309755,79943300
2024-06-20,208.4673614501953,213.00100258632773,207.64217489543017,212.6927826496957,86172500
2024-06-21,206.2900390625,210.66458669732776,205.91223184266303,209.17326157128963,241805100
2024-06-24,206.936279296875,211.46990537136972,205.39524025887107,206.51871007112354,80727000
2024-06-25,207.86090087890625,210.15753911842552,207.40355450398363,207.94042486793816,55549700
2024-06-26,212.0167236328125,213.61741321993355,209.42181728774156,210.2768443064002,66213200
2024-06-27,212.86181640625,214.49233130131694,211.1219370597224,213.4484006592916,49772700
2024-06-28,209.40191650390625,214.8204096554565,209.08377504858177,214.52214161134154,82542700
2024-07-01,215.49647521972656,216.25207446959737,210.6944066158183,210.86342163866271,60402900
2024-07-02,218.9961395263672,219.10550398155982,213.85604047340246,214.89995598050683,58046200
2024-07-03,220.2687225341797,220.2687225341797,217.76329209306175,218.72768354780237,37369800
2024-07-05,225.03102111816406,225.14038557018992,220.36814201808318,220.36814201808318,60412400
2024-07-08,226.50247192382812,226.53229721329785,221.95889400104966,225.7766827586142,59085900
2024-07-09,227.3574676513672,228.0733048889389,225.0608295018841,226.61180512644188,48076100
2024-07-10,231.6326141357422,231.73204187894612,227.9241899064988,227.97390377810078,62627700
2024-07-11,226.25390625,231.04602295166967,224.46431311990926,230.0518062316796,64710600
2024-07-12,229.20669555664062,231.294556551059,227.3574520151832,227.59606946814418,53046500
2024-07-15,233.04440307617188,235.8580383346859,231.7419815445035,235.11237576276483,62631300
2024-07-16,233.4619903564453,234.9036016458956,230.9863851256273,233.64094209406048,43234300
2024-07-17,227.55633544921875,230.1214164943178,225.32928445945876,228.1230311101644,57345900
2024-07-18,222.8834991455078,229.10730558155058,220.9845567217071,228.94822726389444,66034600
2024-07-19,223.0127716064453,225.48837694008958,221.98872949944,223.5198318918375,49151500
2024-07-22,222.664794921875,226.4626951020567,221.799816014305,225.69714393989972,48201800
2024-07-23,223.70870971679688,225.6275559695254,221.3921828247117,223.07241159149987,39960300
2024-07-24,217.276123046875,223.4999296447353,215.8742889513949,222.70455320631825,61777600
2024-07-25,216.23219299316406,219.57276167257183,213.37878078186108,217.6638522810165,51391200
2024-07-26,216.69949340820312,218.22064384945838,214.76075857434793,217.4352041073067,41601300
2024-07-29,216.97787475585938,218.0317421116191,214.50226952108,215.70527849563507,36311800
2024-07-30,217.5346221923828,219.05577256608925,214.87011348402856,217.92236610782675,41643800
2024-07-31,220.795654296875,222.52559687691686,219.35404306544518,220.1593561933901,50036300
2024-08-01,217.09718322753906,223.1817852498598,215.76493634313655,223.07242079394348,62501000
2024-08-02,218.58848571777344,224.29529507499745,216.45092586682142,217.88258518105536,105568600
2024-08-05,208.0597381591797,212.26527065556354,194.866477978878,197.9386040162881,119548600
2024-08-06,206.03152465820312,208.7755724881847,199.90716125146164,204.11269368890086,69660500
2024-08-07,208.6065673828125,212.40446750854989,205.19639601521322,205.70344110024527,63516400
2024-08-08,212.0763702392578,212.96122253044004,207.6222834948103,211.87752992550045,47161100
2024-08-09,214.9894256591797,215.5262960046125,210.7441160828828,210.8733691090516,42201600
2024-08-12,216.52230834960938,218.49313190431408,214.60125621149956,215.06908018890428,38028100
2024-08-13,220.24497985839844,220.86210287308924,217.99543949730662,217.99543949730662,44155300
2024-08-14,220.69288635253906,221.99681536538918,218.68223972219693,219.54821978702563,41960600
2024-08-15,223.67898559570312,224.30607198028108,221.72805861485108,223.55954635601313,46414000
2024-08-16,225.00283813476562,225.77922361016536,222.6139468974481,222.88270038911833,44340200
2024-08-19,224.84356689453125,224.94310972106823,222.00676340736013,224.67435623990076,40687800
2024-08-20,225.460693359375,226.11763957317405,224.4056062095116,224.72413110884563,30299000
2024-08-21,225.35121154785156,226.92389412945442,224.00747444255492,225.4706659840429,34765500
2024-08-22,223.4898681640625,227.28221598709214,222.86278176595104,226.7347608131935,43695300
2024-08-23,225.78916931152344,227.16278137803022,223.29080225181497,224.61464290366072,38677300
2024-08-26,226.12759399414062,226.22713682494347,222.85284141893553,225.7095414433551,30602200
2024-08-27,226.97366333007812,227.7898720189865,223.84820980142854,224.9530683997657,35934600
2024-08-28,225.4407958984375,228.79517959293358,224.63453544627717,226.86416416696267,38052200
2024-08-29,228.72549438476562,231.84099956412553,227.819721489883,229.03407107214645,51906300
2024-08-30,227.9391632080078,229.33267166766268,226.42620031745173,229.123652992766,52990800
2024-09-03,221.73802185058594,227.93915711237167,220.14542777805318,227.49124477575393,50190600
2024-09-04,219.82691955566406,220.75260404502964,216.47252073588626,220.6331648046219,43840200
2024-09-05,221.34983825683594,224.43546851590304,220.49382156548631,220.60331260233696,36615400
2024-09-06,219.79705810546875,224.1965806221913,218.75191919539128,222.91254804497814,48423000
2024-09-09,219.8866424560547,220.24497537072617,215.7061019102892,219.79706302441255,67180000
2024-09-10,219.09034729003906,220.45399594379384,215.72600018375593,217.905857501112,51591000
2024-09-11,221.6285400390625,222.05654079085224,216.88063262193214,220.43410202901993,44587100
2024-09-12,221.73802185058594,222.5144072842174,218.80169076819996,221.46926837337423,37455600
2024-09-13,221.4692840576172,223.00214343080088,220.8820208371711,222.54428285449177,36766600
2024-09-16,215.3179168701172,216.21374159471785,212.92902562434276,215.5368837592455,59357400
2024-09-17,215.78570556640625,215.89519659483264,213.50632075947794,214.75053008791312,45519300
2024-09-18,219.6676788330078,221.6783256446234,216.53226176931298,216.54222516573412,59894900
2024-09-19,227.8097686767578,228.75538000957175,223.58941994126667,223.94775287051627,66781300
2024-09-20,227.1428680419922,232.01021467188832,226.56555305015522,228.90467282845125,318679900
2024-09-23,225.4208984375,228.3870895913876,224.76395218553373,226.28686337720748,54146000
2024-09-24,226.3166961669922,228.28753468756818,224.6842941282367,227.59076531001585,43556100
2024-09-25,225.3213348388672,226.23707111110926,222.9822303399746,223.88800321688734,42308700
2024-09-26,226.4660186767578,227.44147457763864,224.36579263659118,226.24703661091274,36636700
2024-09-27,226.73475646972656,228.45675318264773,226.24703611440785,227.40166606122023,34026000
2024-09-30,231.92063903808594,231.92063903808594,228.58615167195362,228.97434440874213,54541900
2024-10-01,225.16209411621094,228.5861456381701,222.70353511874544,228.45675818805825,63285000
2024-10-02,225.7294464111328,226.31670960653594,221.98686997976517,224.84356992020335,32880600
2024-10-03,224.6245880126953,225.75930638603796,222.28548343692833,224.09704443839323,34044200
2024-10-04,225.7493438720703,226.94378179124593,223.0917145657714,226.84423896960539,37245100
2024-10-07,220.6630401611328,224.64451046166124,220.3047072265611,223.4600206171574,39505400
2024-10-08,224.72415161132812,224.93317030599542,222.21582095858878,223.26095999623888,31855700
2024-10-09,228.47665405273438,228.68568791487783,223.78848153487698,224.18662246797504,33591100
2024-10-10,227.97897338867188,228.43684913724616,226.11764095959848,226.72481576308653,28183500
2024-10-11,226.4958953857422,228.34727968813561,226.28686151162026,228.23778864704394,31759200
2024-10-14,230.228515625,230.65651637799863,227.54102629778745,227.64055393917852,39882100
2024-10-15,232.76669311523438,236.38983016358188,231.29353829774286,232.527799450427,64751400
2024-10-16,230.70628356933594,231.0447048824563,228.7752681420796,230.52712470524975,34082200
2024-10-17,231.07456970214844,232.76670668063704,229.4521309302649,232.348638945834,32993800
2024-10-18,233.91136169433594,235.0858880500012,232.92594240501305,235.0858880500012,46431500
2024-10-21,235.38450622558594,235.75280253487685,233.36391138062547,233.36391138062547,36254500
2024-10-22,234.76739501953125,235.12572795126604,231.52250221800776,232.80651969699693,38846600
2024-10-23,229.69100952148438,234.05072423456664,226.7049068825192,232.99563706556216,52287000
2024-10-24,229.50189208984375,229.75073396519565,227.35189464165862,228.91461372105516,31109500
2024-10-25,230.3380126953125,232.13962556438537,228.5065400142299,228.6757506783198,38802300
2024-10-28,232.31878662109375,233.6426273223557,231.4727332926884,232.23917058038825,36087100
2024-10-29,232.58753967285156,233.24448591818899,231.24380255804743,232.02018805231754,35417200
2024-10-30,229.03407287597656,232.38845656475567,228.48661770128336,231.5324398883544,47070900
2024-10-31,224.8634796142578,228.76531846185907,224.32597264925337,228.27758291037028,64370100
2024-11-01,221.8773651123047,224.30606415529357,219.2495956140762,219.94634980146594,65276700
2024-11-04,220.98153686523438,221.75792231303782,218.69220372782075,219.96627293386246,44944500
2024-11-05,222.4148712158203,222.91255498009295,220.11557465497725,220.7725208689619,28111300
2024-11-06,221.68824768066406,225.02273483375984,220.16533664224426,221.57875664968802,54561100
2024-11-07,226.42620849609375,226.82436463330757,223.52970043689453,223.5894200604507,42137700
2024-11-08,226.15716552734375,227.8511489598711,225.60910803907555,226.366414165256,38328800
2024-11-11,223.4368133544922,224.90161465065876,220.7164746065314,224.20409384410638,42005600
2024-11-12,223.4368133544922,224.79200315214243,222.5698957238352,223.75568869738083,40398300
2024-11-13,224.3236541748047,225.84824072641777,221.97200184604,223.2175800878685,48566200
2024-11-14,227.41270446777344,228.06039910056816,224.20409355692922,224.22402706703753,44923900
2024-11-15,224.20408630371094,226.1172926822584,223.47667285882866,225.59912786989784,47923700
2024-11-18,227.21339416503906,228.92731096181708,224.37346982490487,224.4531886532215,44633700
2024-11-19,227.4724884033203,229.34584301691135,225.8582238051146,226.17708394083317,36211800
2024-11-20,228.18994140625,229.11664435033194,225.0909420304879,227.25326410482543,35169600
2024-11-21,227.71163940429688,229.34583747298603,224.9115819089953,228.07036655131708,42108300
2024-11-22,229.05685424804688,229.9038535446,227.2532593649619,227.2532593649619,38168300
2024-11-25,232.04624938964844,232.42491005721112,228.92733167542056,230.64124862727573,90152800
2024-11-26,234.22850036621094,234.73670603206307,232.50462429580293,232.50462429580293,45986200
2024-11-27,234.0989532470703,234.85627456038557,232.98291999142185,233.6405889619916,33498400
2024-11-29,236.49046325683594,236.96876103246996,233.1423484177734,233.979373326336,28481400
2024-12-02,238.7424774169922,239.93822952974793,236.32108052902282,236.4306920263062,48137100
2024-12-03,241.79165649414062,241.90126799408412,238.05492154808562,238.96170621081686,38861000
2024-12-04,242.150390625,243.2465056559754,240.3966217802532,242.01088645785893,44383900
2024-12-05,242.18026733398438,243.6749612569442,241.27349790971317,243.12691898237586,40033900
2024-12-06,241.98097229003906,243.7646488451358,241.2236661935451,242.0507319698173,36870600
2024-12-09,245.8771514892578,246.36542364679892,240.89483838917155,240.97455722335047,44649200
2024-12-10,246.8935546875,247.33200068563022,244.47214254503118,246.0166626912396,36914800
2024-12-11,245.6180877685547,249.91283942191654,245.38889040813984,247.08288910248365,45205800
2024-12-12,247.0828857421875,247.8601253939288,244.81093690846672,246.01666340683192,32777500
2024-12-13,247.2522735595703,248.40815863747187,245.36895982515324,246.9433725816478,33155300
2024-12-16,250.1519775390625,250.490786396497,246.7739697560149,247.1127786134494,51694800
2024-12-17,252.58334350585938,252.93211150871377,248.89643481128522,249.1953766416157,51356400
2024-12-18,247.1725616455078,253.38051965426092,246.86366065893745,251.26802371656945,56774100
2024-12-19,248.90640258789062,251.1085917693189,246.21595643132494,246.6245097734382,60882300
2024-12-20,253.5897979736328,254.09798847685343,244.82092317346877,247.16260139536695,147495300
2024-12-23,254.36703491210938,254.74568039470608,252.55346551957817,253.8688035675433,40858800
2024-12-24,257.28668212890625,257.2966260773909,254.386956808638,254.58626151312842,23234700
2024-12-26,258.1037292480469,259.1799258751944,256.7186620602343,257.27667867815336,27237100
2024-12-27,254.68588256835938,257.78489719249416,252.16483330495137,256.917949151404,42355300
2024-12-30,251.307861328125,252.60326573181473,249.86299361835324,251.33775398934142,35557500
2024-12-31,249.53416442871094,252.38404809530297,248.54766097322468,251.54702315387914,39480700
2025-01-02,242.9874267578125,248.21885574509324,240.96460876578237,248.0494437119358,55740700
2025-01-03,242.49916076660156,243.31625226562878,241.03435939639962,242.49916076660156,40244100
2025-01-06,244.1333465576172,246.45510633108967,242.33971076643533,243.4457849039297,45045600
2025-01-07,241.3532257080078,244.681407317594,240.496267218822,242.12049100282684,40856000
2025-01-08,241.8414764404297,242.84791342439922,239.20085656180404,241.06423680804883,37628900
2025-01-10,236.01219177246094,239.3104808095479,232.17580437363205,239.16100228470233,61710900
2025-01-13,233.5708465576172,233.8398957390806,228.90740850459227,232.7039288898965,49630700
2025-01-14,232.45480346679688,235.28475371553364,231.6476711610837,233.91960476413306,39435300
2025-01-15,237.02854919433594,238.11470496290485,233.60071548412043,233.80997931617492,39832000
2025-01-16,227.4525604248047,237.1680713225123,227.22337827123218,236.51041752509497,71759100
2025-01-17,229.16647338867188,231.4682996512766,227.67177943063626,231.2989028272768,68488300
2025-01-21,221.85243225097656,223.62613445935494,218.6039696546368,223.20762199269615,98070400
2025-01-22,223.03823852539062,223.3272060060417,219.01252087308487,219.01252087308487,64126500
2025-01-23,222.8688507080078,226.2269251350915,221.51366083038826,223.94503224654224,60234800
2025-01-24,221.991943359375,224.831867935065,220.6267944226493,223.9848686181573,54697900
2025-01-27,229.04690551757812,231.32879829775732,223.18770026542342,223.2275672861503,94863400
2025-01-28,237.4171905517578,239.3403714135585,229.99354669273774,230.03341371427896,75707600
2025-01-29,238.51329040527344,239.01152170916106,233.18220937175082,233.29182086679862,45486100
2025-01-30,236.74954223632812,239.93821947161274,236.37089679279623,237.825723654139,55658300
2025-01-31,235.16519165039062,246.31561143302469,232.61424963135997,246.31561143302469,100959800
2025-02-03,227.20343017578125,231.00992457632861,224.90160402054906,229.17643705581955,73063300
2025-02-04,231.97650146484375,232.3053359547129,225.84824721606736,226.44613087124998,45067300
2025-02-05,231.64768981933594,231.84697932244578,227.46254943477126,227.72162426833262,39620300
2025-02-06,232.39501953125,232.9729696905443,229.61488023403817,230.47183871784506,29925300
2025-02-07,226.8247833251953,233.1722451327125,226.4560818290891,231.77720359418535,39707200
2025-02-10,227.0941162109375,230.02693972945139,226.64521806905947,229.0094413336025,33115600
2025-02-11,232.052001953125,234.6556296697615,227.57297502290857,227.64279618723114,53718400
2025-02-12,236.29161071777344,236.38140252594314,230.11672290007743,230.63545743654387,45243300
2025-02-13,240.94024658203125,241.74826634141837,234.99480784534867,236.33153226758247,53614100
2025-02-14,244.00274658203125,244.9504238462646,240.40156080072015,240.66092045804314,40896200
2025-02-18,243.87306213378906,244.58131995427482,241.2494791133952,243.55383619329416,48822500
2025-02-19,244.27207946777344,245.40929524371262,242.56626341463,244.06260076305156,32204200
2025-02-20,245.229736328125,246.1774135823035,243.69348816231408,244.34191013103748,32316900
2025-02-21,244.95042419433594,248.08275639920348,244.6212281548445,245.34944139409683,53197400
2025-02-24,246.49664306640625,248.25234005966587,243.82317911276243,244.3319283268952,51326400
2025-02-25,246.43678283691406,249.38956194785018,244.3119941197594,247.3944454522674,48013300
2025-02-26,239.77308654785156,244.3818005030484,238.5460942392985,243.7333937698084,44433600
2025-02-27,236.72056579589844,241.86796980219768,236.48114634623442,238.82541422357912,41153600
2025-02-28,241.24948120117188,241.49887076126774,229.63790389196947,236.37142201455794,56833400
2025-03-03,237.4487762451172,243.43412542285543,235.53346633482454,241.19958958341564,47184000
2025-03-04,235.35391235351562,239.4838181516717,234.10696453181083,237.1295800554318,53798100
2025-03-05,235.1643829345703,235.97240266650644,228.67026910680244,234.84515699420854,47227600
2025-03-06,234.75538635253906,237.27920752401755,232.59068676229822,233.86756011302523,45170400
2025-03-07,238.4862518310547,240.78062356819368,234.1867631010968,234.53591456798168,46273600
2025-03-10,226.92454528808594,235.583358769024,223.6725108894593,234.96486230654432,72071200
2025-03-11,220.30076599121094,225.2885573705892,216.91904404485373,223.26351528828414,76137400
2025-03-12,216.45018005371094,221.20853706339403,214.38524243690583,219.60246770742089,62547500
2025-03-13,209.1680145263672,216.31053552178076,207.9110965632093,215.4227092543014,61368300
2025-03-14,212.96871948242188,213.42758776028128,209.06826301296118,210.7341834889886,60107600
2025-03-17,213.4774627685547,214.69448503570536,209.4573042902151,212.78914514941675,48073400
2025-03-18,212.170654296875,214.62463892519543,210.97358751075308,213.63706605687162,42432400
2025-03-19,214.7144317626953,218.22582565599035,213.22806456968678,213.6969181399133,54385400
2025-03-20,213.5772247314453,216.9589465476154,211.70181037410745,213.46749271646212,48862900
2025-03-21,217.73703002929688,218.30563028145062,210.764092813104,211.04340788811464,94127800
2025-03-24,220.19102478027344,220.93919345594836,218.04628066528426,220.460369765545,44299500
2025-03-25,223.2036590576172,223.55281053469957,219.54262209652958,220.23093972638688,34493600
2025-03-26,220.9890594482422,224.47054292972726,219.93165022699972,222.96422035625233,34466100
2025-03-27,223.30340576171875,224.4406214835582,220.0214308095873,220.84940592957574,37094800
2025-03-28,217.36793518066406,223.26350805320467,217.1484711493609,221.12873402087155,39818600
2025-03-31,221.58761596679688,225.06908447075043,215.7020132379398,216.48010744476517,65299300
2025-04-01,222.64501953125,223.13381331282267,218.36548628233527,219.27326790744206,36412700
2025-04-02,223.3433074951172,224.6401362151353,220.4803202973195,220.77959080525144,35905900
2025-04-03,202.69386291503906,206.9833664271943,200.75859747782033,205.03811566571247,103419000
2025-04-04,187.92002868652344,199.39194860307396,186.88255957870848,193.4165691841804,125910900
2025-04-07,181.0169219970703,193.6759230716255,174.19361217758157,176.76731422169505,160466300
2025-04-08,171.99899291992188,189.87523506652792,168.79683943762106,186.244123618335,120859500
2025-04-09,198.3644561767578,200.1201531468693,171.47028013366514,171.53013119082922,184395900
2025-04-10,189.95504760742188,194.30440235729913,182.55316692796467,188.6083530498886,121880000
2025-04-11,197.66615295410156,199.05275825525484,185.60567786476867,185.64558871717136,87435900
2025-04-14,202.02549743652344,212.42005238891582,200.66881763194172,210.9237150406947,101352900
2025-04-15,201.64642333984375,203.01307326666696,199.31214069618733,201.36710824854455,51343900
2025-04-16,193.79563903808594,200.2099310657198,191.9002692932641,197.8756484915953,59732400
2025-04-17,196.4990234375,198.34451232255947,193.9452767059697,196.71848747425943,52164700
2025-04-21,192.68833923339844,193.32677585155812,189.3465132845993,192.79807124065385,46742500
2025-04-22,199.25228881835938,201.097762433896,195.49148998245192,195.64111763020085,52976400
2025-04-23,204.10043334960938,207.4921254657249,202.30482537338813,205.49700887470834,52929200
2025-04-24,207.8612060546875,208.32008954356945,202.44447210591895,204.38970763388747,47311000
2025-04-25,208.76898193359375,209.2378355121778,205.69650080604464,205.86608387594285,38222300
2025-04-28,209.62689208984375,210.98357193193158,206.95344326011445,209.48723454234343,38743100
2025-04-29,210.69427490234375,211.72175863443914,207.86119803545407,208.18042396697467,36827600
2025-04-30,211.9811248779297,213.0584895980106,206.16535854293033,208.78894157113288,52286500
2025-05-01,212.79913330078125,214.0360957896086,208.3899124386699,208.56948083895412,57365700
2025-05-02,204.8485870361328,206.48458191182934,201.66637387157866,205.58677037884885,101010600
2025-05-05,198.40435791015625,203.60164304236298,197.72602561272546,202.6040848015313,69018500
2025-05-06,198.0252685546875,200.16004244803628,196.53891661034845,197.72601327833053,51216500
2025-05-07,195.7707977294922,198.95301083885846,192.77812311451905,198.6836658614824,68536700
2025-05-08,197.00778198242188,199.56152863729463,194.20463054641704,197.2372161152265,50478900
2025-05-09,198.0452423095703,200.0503289543839,197.05765414160055,198.51409591462888,36453900
2025-05-12,210.55104064941406,211.03050749278242,206.5156271207593,210.7308445260501,63775800
2025-05-13,212.68861389160156,213.1580823159532,208.76307628033234,210.19144790738707,51909300
2025-05-14,212.08929443359375,213.69746987061376,210.34127831689767,212.18917192393894,49325800
2025-05-15,211.21029663085938,212.71859464512332,209.30245815432872,210.71086343228015,45029500
2025-05-16,211.0205078125,212.32903558469047,209.53220664773164,212.11926693678467,54737900
2025-05-19,208.54331970214844,209.24252311349682,204.02843943795537,207.67431083672193,46140500
2025-05-20,206.62550354003906,208.2336790492342,204.79757620413463,207.4345828831543,42496600
2025-05-21,201.86090087890625,206.80528635778637,200.4824756537251,204.93741112479617,59211800
2025-05-22,201.13172912597656,202.52015274475195,199.4736073247078,200.48247209416806,46742400
2025-05-23,195.04864501953125,197.4758830409797,193.24069928507132,193.45045269257122,78432900
2025-05-27,199.98304748535156,200.51244545494848,197.20618488735448,198.07520901450675,56288500
2025-05-28,200.1927947998047,202.50017366149785,199.67338002302156,200.36260025266836,45339700
2025-05-29,199.72332763671875,203.57895243464628,198.28495762525483,203.3492174371598,51396800
2025-05-30,200.622314453125,201.73105672211125,196.55692105301176,199.14398126681596,70819900
2025-06-02,201.47134399414062,201.9008644592711,199.89313329888972,200.05295557621693,35423300
2025-06-03,203.03956604003906,203.5389992121068,200.7321872237246,201.1217444882778,46381600
2025-06-04,202.590087890625,206.00620910456834,201.8709028727957,202.67998220748078,43604000
2025-06-05,200.40257263183594,204.5178973620389,199.92310578136215,203.26931435006063,55126100
2025-06-06,203.68882751464844,205.4668084267123,201.82095228760733,202.76987228695742,46607700
2025-06-09,201.2216339111328,205.76647909477697,199.79326227022588,204.15830357568726,72862600
2025-06-10,202.44024658203125,204.11835001917973,200.34263633745982,200.3726011094186,54672600
2025-06-11,198.55465698242188,204.26817387189894,198.18508130061548,203.26930749599725,60989900
2025-06-12,198.97418212890625,199.45363372918547,197.13627162659284,198.85432303920933,43904600
2025-06-13,196.227294921875,200.1428492549886,195.47814514596445,199.50357538920457,51447300
2025-06-16,198.195068359375,198.46476655376847,196.33717625414866,197.07634287373045,43020700
2025-06-17,195.418212890625,198.16509536417735,194.98870767431248,196.97644196425614,38856200
2025-06-18,196.35714721679688,197.3460303816964,194.84886452825484,195.71787336797544,45394700
2025-06-20,200.7721405029297,201.47134391409438,196.6368343380514,198.01527480684123,96813500
2025-06-23,201.27157592773438,202.07067208145295,198.73446202428119,201.40143343464243,55814300
2025-06-24,200.07293701171875,203.2093768046809,199.9730442780961,202.36033429336192,54064000
2025-06-25,201.33151245117188,203.43912119943792,200.39257558111612,201.2216365357081,39525700
2025-06-26,200.7721405029297,202.41028074115465,199.23389299836737,201.20164572639828,50799100
2025-06-27,200.85205078125,202.98962419564972,199.77327327657756,201.66113009938155,73188600
2025-06-30,204.93740844726562,207.15489297707504,199.0341046248948,201.78098710410558,91912800
2025-07-01,207.58441162109375,209.95171998702364,205.90630823197938,206.4357061767528,78788900
2025-07-02,212.1991729736328,213.09814660534315,207.9040445567577,208.6731759252599,67941800
2025-07-03,213.30792236328125,214.40666625629999,211.56988934364432,211.90950026104147,34955800
2025-07-07,209.7119903564453,215.9848699115094,208.56330013289198,212.43889126622693,50229000
2025-07-08,209.7719268798828,211.1903153368944,208.213697736729,209.86183643928914,42848900
2025-07-09,210.90065002441406,211.09043707809712,206.98509558510867,209.2924745188519,48749400
2025-07-10,212.16920471191406,213.23798377907798,209.7918979255535,210.27134950514616,44443600
2025-07-11,210.92062377929688,211.88952536572023,209.6220944658076,210.33129628612954,39765800
2025-07-14,208.3834991455078,210.67091168904602,207.3047216270235,209.69201166358403,38840100
2025-07-15,208.87295532226562,211.64980271899068,208.6831682659836,208.9828312368767,42296300
2025-07-16,209.92176818847656,212.1592191902425,208.40348697906978,210.06160887608695,47490500
2025-07-17,209.78192138671875,211.5599023237274,209.35240091776063,210.33130094399476,48068100
2025-07-18,210.9405975341797,211.54990664350106,209.46227954032304,210.63095139102305,48974600
2025-07-21,212.23912048339844,215.53538252867688,211.39009321998003,211.8595616297783,51377400
2025-07-22,214.15695190429688,214.7063314773177,211.9894136266437,212.89838571641525,46404100
2025-07-23,213.9072265625,214.90609293027538,212.1692088371252,214.75626907170553,46989300
2025-07-24,213.51766967773438,215.44548969662856,213.28793468034502,213.65751035981805,46022600
2025-07-25,213.63754272460938,214.9960015887686,213.15807589620647,214.45660521718813,40268800
2025-07-28,213.80735778808594,214.60645396318566,212.81847455673218,213.78737619229818,37858000
2025-07-29,211.03050231933594,214.5664825639156,210.58101550100253,213.93719187335407,51411700
2025-07-30,208.81301879882812,212.14922883427738,207.48452469073794,211.65977882345743,45512500
2025-07-31,207.33470153808594,209.60211724381097,206.92516266487007,208.25365677749065,80698400
2025-08-01,202.1505889892578,213.33788973606855,201.27158167093614,210.63095505795985,104434500
2025-08-04,203.11949157714844,207.64435521756303,201.4513712516652,204.27816503495924,75109300
2025-08-05,202.68995666503906,205.1072113881769,201.93082373064988,203.1694082424696,44155100
2025-08-06,213.0082550048828,215.1358452662651,205.35693489516686,205.39689808550258,108483100
2025-08-07,219.7805633544922,220.59964108330854,216.33447747046458,218.63187314031333,90224800
2025-08-08,229.0900115966797,230.73813503605493,219.00145500716468,220.57966572513484,113854000
2025-08-11,227.17999267578125,229.55999755859375,224.75999450683594,227.9199981689453,61806100
2025-08-12,229.64999389648438,230.8000030517578,227.07000732421875,228.00999450683594,55626200
2025-08-13,233.3300018310547,235.0,230.42999267578125,231.07000732421875,69878500
2025-08-14,232.77999877929688,235.1199951171875,230.85000610351562,234.05999755859375,51916300
2025-08-15,231.58999633789062,234.27999877929688,229.33999633789062,234.0,56038700
2025-08-18,230.88999938964844,233.1199951171875,230.11000061035156,231.6999969482422,37476200
2025-08-19,230.55999755859375,232.8699951171875,229.35000610351562,231.27999877929688,39402600
2025-08-20,226.00999450683594,230.47000122070312,225.77000427246094,229.97999572753906,42263900
2025-08-21,224.89999389648438,226.52000427246094,223.77999877929688,226.27000427246094,30621200
2025-08-22,227.75999450683594,229.08999633789062,225.41000366210938,226.1699981689453,42477800
2025-08-25,227.16000366210938,229.3000030517578,226.22999572753906,226.47999572753906,30983100
2025-08-26,229.30999755859375,229.49000549316406,224.69000244140625,226.8699951171875,54575100
2025-08-27,230.49000549316406,230.89999389648438,228.25999450683594,228.61000061035156,31259500
2025-08-28,232.55999755859375,233.41000366210938,229.33999633789062,230.82000732421875,38074700
2025-08-29,232.13999938964844,233.3800048828125,231.3699951171875,232.50999450683594,39418400
2025-09-02,229.72000122070312,230.85000610351562,226.97000122070312,229.25,44075600
2025-09-03,238.47000122070312,238.85000610351562,234.36000061035156,237.2100067138672,66427800
2025-09-04,239.77999877929688,239.89999389648438,236.74000549316406,238.4499969482422,47549400
2025-09-05,239.69000244140625,241.32000732421875,238.49000549316406,240.0,54870400
2025-09-08,237.8800048828125,240.14999389648438,236.33999633789062,239.3000030517578,48999500
2025-09-09,234.35000610351562,238.77999877929688,233.36000061035156,237.0,66313900
2025-09-10,226.7899932861328,232.4199981689453,225.9499969482422,232.19000244140625,83440800
2025-09-11,230.02999877929688,230.4499969482422,226.64999389648438,226.8800048828125,50208600
2025-09-12,234.07000732421875,234.50999450683594,229.02000427246094,229.22000122070312,55824200
2025-09-15,236.6999969482422,238.19000244140625,235.02999877929688,237.0,42699500
2025-09-16,238.14999389648438,241.22000122070312,236.32000732421875,237.17999267578125,63421100
2025-09-17,238.99000549316406,240.10000610351562,237.72999572753906,238.97000122070312,46508000
2025-09-18,237.8800048828125,241.1999969482422,236.64999389648438,239.97000122070312,44249600
2025-09-19,245.5,246.3000030517578,240.2100067138672,241.22999572753906,163741300
2025-09-22,256.0799865722656,256.6400146484375,248.1199951171875,248.3000030517578,105517400
2025-09-23,254.42999267578125,257.3399963378906,253.5800018310547,255.8800048828125,60275200
2025-09-24,252.30999755859375,255.74000549316406,251.0399932861328,255.22000122070312,42303700
2025-09-25,256.8699951171875,257.1700134277344,251.7100067138672,253.2100067138672,55202100
2025-09-26,255.4600067138672,257.6000061035156,253.77999877929688,254.10000610351562,46076300
2025-09-29,254.42999267578125,255.0,253.00999450683594,254.55999755859375,40091100
