Price,Adj Close,Close,High,Low,Open,Volume
1995-01-03,1.6973274946212769,2.117284059524536,2.1913580894470215,2.117284059524536,2.1790120601654053,36302175
1995-01-04,1.7121721506118774,2.1358020305633545,2.1481480598449707,2.09259295463562,2.1234569549560547,46052550
1995-01-05,1.6775331497192383,2.09259295463562,2.1481480598449707,2.0864200592041016,2.141974925994873,37764225
1995-01-06,1.6973274946212769,2.117284059524536,2.1543209552764893,2.061728000640869,2.09259295463562,41864850
1995-01-09,1.7468117475509644,2.1790120601654053,2.1790120601654053,2.1296300888061523,2.1358020305633545,34639650
1995-01-10,1.7517601251602173,2.185184955596924,2.2160489559173584,2.185184955596924,2.1913580894470215,42089625
1995-01-11,1.6998010873794556,2.1203699111938477,2.2160489559173584,2.0987648963928223,2.2037041187286377,46763325
1995-01-12,1.6874300241470337,2.10493803024292,2.1296300888061523,2.0864200592041016,2.1234569549560547,41295825
1995-01-13,1.6676362752914429,2.080246925354004,2.14506196975708,2.0740740299224854,2.1296300888061523,55039500
1995-01-16,1.6577388048171997,2.0679008960723877,2.080246925354004,1.9753090143203735,2.024691104888916,54575775
1995-01-17,1.7171199321746826,2.141974925994873,2.141974925994873,2.0679008960723877,2.0679008960723877,39588750
1995-01-18,1.7121721506118774,2.1358020305633545,2.160494089126587,2.1296300888061523,2.1358020305633545,28842075
1995-01-19,1.7715545892715454,2.2098770141601562,2.2160489559173584,2.117284059524536,2.1296300888061523,55819125
1995-01-20,1.7393889427185059,2.169753074645996,2.2160489559173584,2.1296300888061523,2.2098770141601562,48519000
1995-01-23,1.7022756338119507,2.1234569549560547,2.1543209552764893,2.0987648963928223,2.1543209552764893,37551600
1995-01-24,1.6973274946212769,2.117284059524536,2.1358020305633545,2.0864200592041016,2.1234569549560547,28961550
1995-01-25,1.7319660186767578,2.160494089126587,2.19753098487854,2.0864200592041016,2.10493803024292,67278600
1995-01-26,1.6973274946212769,2.117284059524536,2.160494089126587,2.117284059524536,2.1543209552764893,27544050
1995-01-27,1.6923778057098389,2.1111109256744385,2.1358020305633545,2.0864200592041016,2.1234569549560547,35708850
1995-01-30,1.6527903079986572,2.061728000640869,2.117284059524536,2.055556058883667,2.1111109256744385,44440650
1995-01-31,1.6874300241470337,2.10493803024292,2.1296300888061523,2.061728000640869,2.0740740299224854,37910025
1995-02-01,1.6775331497192383,2.09259295463562,2.141974925994873,2.080246925354004,2.1296300888061523,24385050
1995-02-02,1.6973274946212769,2.117284059524536,2.1234569549560547,2.080246925354004,2.09259295463562,24166350
1995-02-03,1.7418639659881592,2.172840118408203,2.19753098487854,2.1234569549560547,2.1358020305633545,53943975
1995-02-06,1.7591826915740967,2.194443941116333,2.2037041187286377,2.160494089126587,2.172840118408203,24820425
1995-02-07,1.7567082643508911,2.1913580894470215,2.2037041187286377,2.160494089126587,2.19753098487854,18530775
1995-02-08,1.7369149923324585,2.1666669845581055,2.2037041187286377,2.1543209552764893,2.19753098487854,26294625
1995-02-09,1.7220690250396729,2.1481480598449707,2.2160489559173584,2.1481480598449707,2.185184955596924,48529125
1995-02-10,1.7517601251602173,2.185184955596924,2.2037041187286377,2.1481480598449707,2.160494089126587,36316350
1995-02-13,1.7616571187973022,2.19753098487854,2.240741014480591,2.172840118408203,2.1913580894470215,33374025
1995-02-14,1.7468117475509644,2.1790120601654053,2.2283949851989746,2.160494089126587,2.2160489559173584,28030050
1995-02-15,1.811141014099121,2.259258985519409,2.259258985519409,2.185184955596924,2.185184955596924,44547975
1995-02-16,1.8259878158569336,2.277777910232544,2.2839510440826416,2.2345681190490723,2.259258985519409,45473400
1995-02-17,1.8061931133270264,2.2530860900878906,2.277777910232544,2.2469139099121094,2.2716050148010254,20790675
1995-02-21,1.8259878158569336,2.277777910232544,2.2962958812713623,2.259258985519409,2.2716050148010254,27060075
1995-02-22,1.8655754327774048,2.327159881591797,2.3333330154418945,2.2530860900878906,2.2654318809509277,40435200
1995-02-23,1.8631010055541992,2.3240740299224854,2.3796300888061523,2.2962958812713623,2.3518519401550293,42391350
1995-02-24,1.811141014099121,2.259258985519409,2.3240740299224854,2.25,2.3240740299224854,34298100
1995-02-27,1.8037188053131104,2.25,2.3333330154418945,2.25,2.2685189247131348,31062150
1995-02-28,1.8631010055541992,2.3240740299224854,2.3333330154418945,2.25,2.277777910232544,23047200
1995-03-01,1.8556785583496094,2.314815044403076,2.3518519401550293,2.305556058883667,2.34259295463562,24347250
1995-03-02,1.8779469728469849,2.34259295463562,2.34259295463562,2.277777910232544,2.3333330154418945,14650200
1995-03-03,1.952173113822937,2.435184955596924,2.444443941116333,2.314815044403076,2.34259295463562,44343450
1995-03-06,1.9299052953720093,2.40740704536438,2.4259259700775146,2.3611109256744385,2.4166669845581055,27614250
1995-03-07,1.915060043334961,2.3888890743255615,2.4259259700775146,2.3703699111938477,2.3981480598449707,30264300
1995-03-08,1.9299052953720093,2.40740704536438,2.40740704536438,2.3796300888061523,2.3888890743255615,17986050
1995-03-09,1.9447509050369263,2.4259259700775146,2.444443941116333,2.3888890743255615,2.4166669845581055,45534150
1995-03-10,1.9595959186553955,2.444443941116333,2.444443941116333,2.40740704536438,2.4166669845581055,26088750
1995-03-13,1.9670183658599854,2.4537041187286377,2.490741014480591,2.444443941116333,2.4537041187286377,30138750
1995-03-14,1.9744417667388916,2.462963104248047,2.509258985519409,2.462963104248047,2.490741014480591,24873750
1995-03-15,1.9447509050369263,2.4259259700775146,2.4814810752868652,2.4166669845581055,2.4814810752868652,24436350
1995-03-16,1.9744417667388916,2.462963104248047,2.462963104248047,2.4259259700775146,2.4259259700775146,19735650
1995-03-17,1.9818639755249023,2.472222089767456,2.5,2.444443941116333,2.472222089767456,29170800
1995-03-20,1.9967097043991089,2.490741014480591,2.564815044403076,2.4537041187286377,2.4814810752868652,20464650
1995-03-21,2.033823013305664,2.537036895751953,2.564815044403076,2.46990704536438,2.527777910232544,46642500
1995-03-22,1.9595959186553955,2.444443941116333,2.472222089767456,2.4166669845581055,2.4537041187286377,87223500
1995-03-23,1.8927909135818481,2.3611109256744385,2.4537041187286377,2.3333330154418945,2.4537041187286377,53838000
1995-03-24,1.9076374769210815,2.3796300888061523,2.40740704536438,2.34259295463562,2.3611109256744385,59328450
1995-03-27,1.922481894493103,2.3981480598449707,2.40740704536438,2.3611109256744385,2.3796300888061523,55688850
1995-03-28,1.9447509050369263,2.4259259700775146,2.4259259700775146,2.3796300888061523,2.3981480598449707,43761600
1995-03-29,1.9002131223678589,2.3703699111938477,2.4537041187286377,2.3333330154418945,2.4259259700775146,42786900
1995-03-30,1.8631010055541992,2.3240740299224854,2.3981480598449707,2.287036895751953,2.3888890743255615,42184800
1995-03-31,1.8556785583496094,2.314815044403076,2.3611109256744385,2.2685189247131348,2.277777910232544,21331350
1995-04-03,1.9076374769210815,2.3796300888061523,2.3981480598449707,2.287036895751953,2.305556058883667,34187400
1995-04-04,1.8705236911773682,2.3333330154418945,2.462963104248047,2.2962958812713623,2.3333330154418945,62237700
1995-04-05,1.8556785583496094,2.314815044403076,2.3333330154418945,2.277777910232544,2.3333330154418945,42781500
1995-04-06,1.7443370819091797,2.1759259700775146,2.314815044403076,2.1666669845581055,2.2962958812713623,51304050
1995-04-07,1.8185646533966064,2.2685189247131348,2.305556058883667,2.2037041187286377,2.222222089767456,74368800
1995-04-10,1.8185646533966064,2.2685189247131348,2.277777910232544,2.2314810752868652,2.259258985519409,33039900
1995-04-11,1.8482557535171509,2.305556058883667,2.305556058883667,2.277777910232544,2.2962958812713623,27496800
1995-04-12,1.9002131223678589,2.3703699111938477,2.3796300888061523,2.314815044403076,2.3333330154418945,20217600
1995-04-13,1.9002131223678589,2.3703699111938477,2.4166669845581055,2.314815044403076,2.3888890743255615,23033700
1995-04-17,1.8519665002822876,2.310184955596924,2.3888890743255615,2.305556058883667,2.3796300888061523,35958600
1995-04-18,1.8334095478057861,2.287036895751953,2.34259295463562,2.2685189247131348,2.3240740299224854,38098350
1995-04-19,1.7962965965270996,2.240741014480591,2.287036895751953,2.194443941116333,2.277777910232544,52084350
1995-04-20,1.7740285396575928,2.212963104248047,2.277777910232544,2.194443941116333,2.259258985519409,34001100
1995-04-21,1.7814509868621826,2.222222089767456,2.2314810752868652,2.2037041187286377,2.222222089767456,62858700
1995-04-24,1.807430624961853,2.2546300888061523,2.2685189247131348,2.2037041187286377,2.2314810752868652,55102950
1995-04-25,1.7666054964065552,2.2037041187286377,2.287036895751953,2.194443941116333,2.259258985519409,56012850
1995-04-26,1.7220690250396729,2.1481480598449707,2.222222089767456,2.1388890743255615,2.2037041187286377,53532900
1995-04-27,1.8556785583496094,2.314815044403076,2.3611109256744385,2.0740740299224854,2.1481480598449707,150140250
1995-04-28,1.811141014099121,2.259258985519409,2.3518519401550293,2.222222089767456,2.3240740299224854,66035250
1995-05-01,1.7851618528366089,2.2268519401550293,2.277777910232544,2.212963104248047,2.2685189247131348,49532850
1995-05-02,1.7703171968460083,2.2083330154418945,2.2314810752868652,2.2037041187286377,2.2314810752868652,43858800
1995-05-03,1.8705236911773682,2.3333330154418945,2.3703699111938477,2.212963104248047,2.222222089767456,91555650
1995-05-04,1.8259878158569336,2.277777910232544,2.4166669845581055,2.277777910232544,2.3611109256744385,68866200
1995-05-05,1.8185646533966064,2.2685189247131348,2.3333330154418945,2.259258985519409,2.314815044403076,30327750
1995-05-08,1.8334095478057861,2.287036895751953,2.319443941116333,2.2685189247131348,2.287036895751953,24262200
1995-05-09,1.840832233428955,2.2962958812713623,2.3333330154418945,2.259258985519409,2.314815044403076,35996400
1995-05-10,1.8482557535171509,2.305556058883667,2.3333330154418945,2.2685189247131348,2.305556058883667,22288500
1995-05-11,1.9076374769210815,2.3796300888061523,2.3796300888061523,2.277777910232544,2.2962958812713623,38153700
1995-05-12,1.9299052953720093,2.40740704536438,2.462963104248047,2.3611109256744385,2.3703699111938477,72420750
1995-05-15,2.0152676105499268,2.5138890743255615,2.527777910232544,2.40740704536438,2.435184955596924,56471850
1995-05-16,2.0375349521636963,2.5416669845581055,2.59259295463562,2.509258985519409,2.5185189247131348,88011900
1995-05-17,2.04866886138916,2.555556058883667,2.6018519401550293,2.5462958812713623,2.564815044403076,48359700
1995-05-18,1.9818639755249023,2.472222089767456,2.564815044403076,2.472222089767456,2.555556058883667,37798650
1995-05-19,2.0189783573150635,2.5185189247131348,2.5185189247131348,2.444443941116333,2.4537041187286377,31641300
1995-05-22,1.9967097043991089,2.490741014480591,2.5462958812713623,2.472222089767456,2.5462958812713623,35698050
1995-05-23,2.070936679840088,2.5833330154418945,2.5833330154418945,2.4861109256744385,2.5,34003800
1995-05-24,2.2342369556427,2.787036895751953,2.7962958812713623,2.694443941116333,2.712963104248047,121258350
1995-05-25,2.197122573852539,2.740741014480591,2.8518519401550293,2.7037041187286377,2.805556058883667,56305800
1995-05-26,2.1451642513275146,2.6759259700775146,2.740741014480591,2.6481480598449707,2.740741014480591,33050700
1995-05-30,2.033823013305664,2.537036895751953,2.685184955596924,2.537036895751953,2.685184955596924,64639350
1995-05-31,2.0635132789611816,2.5740740299224854,2.5833330154418945,2.4537041187286377,2.5462958812713623,49482900
1995-06-01,2.1154723167419434,2.6388890743255615,2.65740704536438,2.59259295463562,2.59259295463562,38859750
1995-06-02,2.1377410888671875,2.6666669845581055,2.694443941116333,2.555556058883667,2.6296300888061523,41283000
1995-06-05,2.1154723167419434,2.6388890743255615,2.740741014480591,2.6111109256744385,2.740741014480591,43310700
1995-06-06,2.0635132789611816,2.5740740299224854,2.6481480598449707,2.5185189247131348,2.6388890743255615,33983550
1995-06-07,2.093204975128174,2.6111109256744385,2.6388890743255615,2.564815044403076,2.59259295463562,30613950
1995-06-08,2.1154723167419434,2.6388890743255615,2.65740704536438,2.6111109256744385,2.6296300888061523,19055250
1995-06-09,2.182276964187622,2.722222089767456,2.7314810752868652,2.6018519401550293,2.6388890743255615,37539450
1995-06-12,2.2119686603546143,2.759258985519409,2.805556058883667,2.694443941116333,2.759258985519409,41046750
1995-06-13,2.2193920612335205,2.7685189247131348,2.805556058883667,2.722222089767456,2.7962958812713623,43447050
1995-06-14,2.2193920612335205,2.7685189247131348,2.777777910232544,2.7314810752868652,2.7685189247131348,30049650
1995-06-15,2.2193920612335205,2.7685189247131348,2.805556058883667,2.740741014480591,2.7685189247131348,19678950
1995-06-16,2.2342369556427,2.787036895751953,2.805556058883667,2.740741014480591,2.7962958812713623,26306100
1995-06-19,2.2936179637908936,2.8611109256744385,2.8981480598449707,2.7962958812713623,2.805556058883667,39505050
1995-06-20,2.3158857822418213,2.8888890743255615,2.9166669845581055,2.8333330154418945,2.8796300888061523,41229000
1995-06-21,2.3084638118743896,2.8796300888061523,2.944443941116333,2.8333330154418945,2.935184955596924,47906100
1995-06-22,2.3826913833618164,2.972222089767456,3.0,2.8888890743255615,2.90740704536438,71227350
1995-06-23,2.330731153488159,2.90740704536438,2.9814810752868652,2.8240740299224854,2.962963104248047,78651000
1995-06-26,2.2639269828796387,2.8240740299224854,2.9259259700775146,2.777777910232544,2.90740704536438,40347450
1995-06-27,2.24165940284729,2.7962958812713623,2.8888890743255615,2.777777910232544,2.805556058883667,36228600
1995-06-28,2.237947702407837,2.7916669845581055,2.8518519401550293,2.722222089767456,2.787036895751953,42115950
1995-06-29,2.2936179637908936,2.8611109256744385,2.8888890743255615,2.777777910232544,2.805556058883667,42813900
1995-06-30,2.2936179637908936,2.8611109256744385,2.9166669845581055,2.8333330154418945,2.8703699111938477,27302400
1995-07-03,2.3233087062835693,2.8981480598449707,2.9259259700775146,2.8518519401550293,2.8703699111938477,12094650
1995-07-05,2.3010408878326416,2.8703699111938477,2.944443941116333,2.8611109256744385,2.90740704536438,38658600
1995-07-06,2.3381547927856445,2.9166669845581055,2.9259259700775146,2.8333330154418945,2.8796300888061523,39179700
1995-07-07,2.397536277770996,2.990741014480591,3.0,2.90740704536438,2.90740704536438,52281450
1995-07-10,2.4198050498962402,3.0185189247131348,3.0740740299224854,2.990741014480591,3.0,36128700
1995-07-11,2.3158857822418213,2.8888890743255615,3.0185189247131348,2.8888890743255615,3.0185189247131348,36520200
1995-07-12,2.427227258682251,3.027777910232544,3.0462958812713623,2.9166669845581055,2.9259259700775146,36703800
1995-07-13,2.4198050498962402,3.0185189247131348,3.1203699111938477,2.972222089767456,3.027777910232544,32470200
1995-07-14,2.4235153198242188,3.0231480598449707,3.037036895751953,2.944443941116333,2.990741014480591,29301750
1995-07-17,2.508877754211426,3.1296300888061523,3.1296300888061523,3.037036895751953,3.0462958812713623,41150700
1995-07-18,2.3826913833618164,2.972222089767456,3.1296300888061523,2.962963104248047,3.1296300888061523,53179200
1995-07-19,2.271348476409912,2.8333330154418945,2.9537041187286377,2.7037041187286377,2.814815044403076,98180100
1995-07-20,2.278773546218872,2.84259295463562,2.8703699111938477,2.7962958812713623,2.8333330154418945,55798200
1995-07-21,2.2824831008911133,2.847222089767456,2.8981480598449707,2.814815044403076,2.814815044403076,31044600
1995-07-24,2.3270204067230225,2.902777910232544,2.9166669845581055,2.84259295463562,2.8703699111938477,27229500
1995-07-25,2.390113592147827,2.9814810752868652,3.0185189247131348,2.90740704536438,2.944443941116333,43366050
1995-07-26,2.508877754211426,3.1296300888061523,3.1296300888061523,3.0,3.0185189247131348,49709700
1995-07-27,2.575680732727051,3.212963104248047,3.259258985519409,3.1388890743255615,3.1481480598449707,40501350
1995-07-28,2.501452684402466,3.1203699111938477,3.2037041187286377,3.1111109256744385,3.2037041187286377,28096200
1995-07-31,2.4866085052490234,3.1018519401550293,3.1296300888061523,3.055556058883667,3.1296300888061523,17105850
1995-08-01,2.4123809337615967,3.009258985519409,3.1111109256744385,2.9537041187286377,3.1111109256744385,30454650
1995-08-02,2.3529999256134033,2.935184955596924,3.1296300888061523,2.90740704536438,3.0462958812713623,48919950
1995-08-03,2.334442615509033,2.912036895751953,2.935184955596924,2.7986109256744385,2.8703699111938477,71761950
1995-08-04,2.397536277770996,2.990741014480591,3.0,2.8888890743255615,2.90740704536438,22397850
1995-08-07,2.393825054168701,2.9861109256744385,3.055556058883667,2.972222089767456,2.990741014480591,15670800
1995-08-08,2.371556520462036,2.9583330154418945,3.009258985519409,2.944443941116333,3.0,12748050
1995-08-09,2.4346492290496826,3.037036895751953,3.0462958812713623,2.9814810752868652,3.009258985519409,23404950
1995-08-10,2.4494948387145996,3.055556058883667,3.0833330154418945,3.027777910232544,3.037036895751953,22918950
1995-08-11,2.427227258682251,3.027777910232544,3.0740740299224854,2.962963104248047,3.064815044403076,18045450
1995-08-14,2.4866085052490234,3.1018519401550293,3.1111109256744385,2.990741014480591,3.0185189247131348,28755000
1995-08-15,2.4717633724212646,3.0833330154418945,3.1296300888061523,3.0185189247131348,3.1111109256744385,24783300
1995-08-16,2.5385677814483643,3.1666669845581055,3.1666669845581055,3.0740740299224854,3.0833330154418945,31606200
1995-08-17,2.564547300338745,3.1990740299224854,3.2037041187286377,3.1481480598449707,3.1666669845581055,26642250
1995-08-18,2.568258762359619,3.2037041187286377,3.25,3.15740704536438,3.2314810752868652,38807100
1995-08-21,2.512587308883667,3.134258985519409,3.287036895751953,3.1296300888061523,3.259258985519409,31201200
1995-08-22,2.5385677814483643,3.1666669845581055,3.1759259700775146,3.064815044403076,3.1388890743255615,32066550
1995-08-23,2.545990228652954,3.1759259700775146,3.212963104248047,3.1296300888061523,3.1666669845581055,25450200
1995-08-24,2.5237221717834473,3.1481480598449707,3.185184955596924,3.09259295463562,3.185184955596924,35104050
1995-08-25,2.5385677814483643,3.1666669845581055,3.2037041187286377,3.1481480598449707,3.1666669845581055,21134250
1995-08-28,2.4606292247772217,3.069443941116333,3.185184955596924,3.055556058883667,3.1666669845581055,28777950
1995-08-29,2.4123809337615967,3.009258985519409,3.0462958812713623,2.8796300888061523,3.037036895751953,68793300
1995-08-30,2.367845058441162,2.9537041187286377,3.0462958812713623,2.90740704536438,3.0185189247131348,48201750
1995-08-31,2.3826913833618164,2.972222089767456,3.009258985519409,2.944443941116333,2.962963104248047,28209600
1995-09-01,2.330731153488159,2.90740704536438,2.972222089767456,2.8888890743255615,2.972222089767456,41072400
1995-09-05,2.6276402473449707,3.277777910232544,3.2962958812713623,2.90740704536438,2.90740704536438,98297550
1995-09-06,2.583103895187378,3.222222089767456,3.287036895751953,3.1111109256744385,3.1296300888061523,67088250
1995-09-07,2.605372428894043,3.25,3.2962958812713623,3.194443941116333,3.2314810752868652,32711850
1995-09-08,2.605372428894043,3.25,3.277777910232544,3.194443941116333,3.25,24305400
1995-09-11,2.6870222091674805,3.3518519401550293,3.3981480598449707,3.240741014480591,3.240741014480591,59000400
1995-09-12,2.664752960205078,3.3240740299224854,3.40740704536438,3.287036895751953,3.3888890743255615,28702350
1995-09-13,2.7315573692321777,3.40740704536438,3.472222089767456,3.314815044403076,3.3240740299224854,40741650
1995-09-14,2.664752960205078,3.3240740299224854,3.4814810752868652,3.287036895751953,3.435184955596924,51487650
1995-09-15,2.2342369556427,2.787036895751953,2.9259259700775146,2.7037041187286377,2.8703699111938477,384968700
1995-09-18,2.3604214191436768,2.944443941116333,2.944443941116333,2.814815044403076,2.8518519401550293,111746250
1995-09-19,2.3826913833618164,2.972222089767456,3.027777910232544,2.944443941116333,2.9537041187286377,71099100
1995-09-20,2.364133358001709,2.9490740299224854,3.0462958812713623,2.944443941116333,3.009258985519409,56150550
1995-09-21,2.3084638118743896,2.8796300888061523,2.9537041187286377,2.8518519401550293,2.944443941116333,43667100
1995-09-22,2.3381547927856445,2.9166669845581055,2.9259259700775146,2.8333330154418945,2.8611109256744385,28745550
1995-09-25,2.3233087062835693,2.8981480598449707,2.944443941116333,2.8333330154418945,2.935184955596924,29099250
1995-09-26,2.278773546218872,2.84259295463562,2.962963104248047,2.84259295463562,2.935184955596924,39081150
1995-09-27,2.2936179637908936,2.8611109256744385,2.8796300888061523,2.694443941116333,2.814815044403076,83974050
1995-09-28,2.330731153488159,2.90740704536438,2.9166669845581055,2.8240740299224854,2.8888890743255615,49927050
1995-09-29,2.278773546218872,2.84259295463562,2.9537041187286377,2.8240740299224854,2.90740704536438,44082900
1995-10-02,2.2360918521881104,2.7893519401550293,2.8796300888061523,2.7685189247131348,2.8611109256744385,22100850
1995-10-03,2.2936179637908936,2.8611109256744385,2.8796300888061523,2.777777910232544,2.814815044403076,52654050
1995-10-04,2.256505250930786,2.814815044403076,2.8796300888061523,2.777777910232544,2.8240740299224854,38646450
1995-10-05,2.2861945629119873,2.8518519401550293,2.8518519401550293,2.75,2.814815044403076,56722950
1995-10-06,2.24165940284729,2.7962958812713623,2.90740704536438,2.787036895751953,2.8703699111938477,49299300
1995-10-09,2.189699649810791,2.7314810752868652,2.777777910232544,2.6296300888061523,2.777777910232544,61938000
1995-10-10,2.197122573852539,2.740741014480591,2.740741014480591,2.59259295463562,2.685184955596924,78255450
1995-10-11,2.2861945629119873,2.8518519401550293,2.90740704536438,2.759258985519409,2.8703699111938477,68327550
1995-10-12,2.364133358001709,2.9490740299224854,2.962963104248047,2.8703699111938477,2.8796300888061523,60049350
1995-10-13,2.345576763153076,2.9259259700775146,3.027777910232544,2.8888890743255615,2.972222089767456,75654000
1995-10-16,2.3752684593200684,2.962963104248047,2.9814810752868652,2.9259259700775146,2.935184955596924,37396350
1995-10-17,2.4235153198242188,3.0231480598449707,3.027777910232544,2.8888890743255615,2.972222089767456,69709950
1995-10-18,2.553413152694702,3.185184955596924,3.2037041187286377,3.0231480598449707,3.064815044403076,146954250
1995-10-19,2.6276402473449707,3.277777910232544,3.287036895751953,3.15740704536438,3.1666669845581055,75375900
1995-10-20,2.531144618988037,3.15740704536438,3.2962958812713623,3.1296300888061523,3.287036895751953,66594150
1995-10-23,2.5385677814483643,3.1666669845581055,3.1759259700775146,3.1018519401550293,3.1203699111938477,40321800
1995-10-24,2.583103895187378,3.222222089767456,3.240741014480591,3.1666669845581055,3.194443941116333,45974250
1995-10-25,2.553413152694702,3.185184955596924,3.25,3.15740704536438,3.25,29930850
1995-10-26,2.51629900932312,3.1388890743255615,3.212963104248047,3.055556058883667,3.1666669845581055,32055750
1995-10-27,2.568258762359619,3.2037041187286377,3.222222089767456,3.1111109256744385,3.1203699111938477,32741550
1995-10-30,2.620217800140381,3.2685189247131348,3.314815044403076,3.222222089767456,3.25,41168250
1995-10-31,2.5905258655548096,3.2314810752868652,3.3333330154418945,3.2314810752868652,3.314815044403076,31108050
1995-11-01,2.620217800140381,3.2685189247131348,3.314815044403076,3.222222089767456,3.240741014480591,37859400
1995-11-02,2.724134922027588,3.3981480598449707,3.40740704536438,3.277777910232544,3.287036895751953,56992950
1995-11-03,2.7464041709899902,3.4259259700775146,3.444443941116333,3.3599541187286377,3.40740704536438,37719000
1995-11-06,2.6795995235443115,3.34259295463562,3.5185189247131348,3.3333330154418945,3.3981480598449707,39363300
1995-11-07,2.620217800140381,3.2685189247131348,3.3333330154418945,3.194443941116333,3.3240740299224854,52207200
1995-11-08,2.6573309898376465,3.314815044403076,3.4166669845581055,3.2685189247131348,3.2962958812713623,38385900
1995-11-09,2.7983627319335938,3.490741014480591,3.490741014480591,3.3888890743255615,3.3888890743255615,56284200
1995-11-10,2.7983627319335938,3.490741014480591,3.5740740299224854,3.4259259700775146,3.462963104248047,42309000
1995-11-13,2.7315573692321777,3.40740704536438,3.564815044403076,3.3888890743255615,3.4814810752868652,37777050
1995-11-14,2.70928955078125,3.3796300888061523,3.5,3.3611109256744385,3.3703699111938477,43622550
1995-11-15,2.7835168838500977,3.472222089767456,3.4814810752868652,3.3703699111938477,3.4259259700775146,50059350
1995-11-16,2.820631504058838,3.5185189247131348,3.5833330154418945,3.435184955596924,3.462963104248047,56000700
1995-11-17,2.8577446937561035,3.564815044403076,3.6111109256744385,3.509258985519409,3.537036895751953,50357700
1995-11-20,2.701866626739502,3.3703699111938477,3.6018519401550293,3.3703699111938477,3.59259295463562,30149550
1995-11-21,2.724134922027588,3.3981480598449707,3.4259259700775146,3.34259295463562,3.3703699111938477,48174750
1995-11-22,2.661041498184204,3.319443941116333,3.4166669845581055,3.2962958812713623,3.4166669845581055,34026750
1995-11-24,2.6795995235443115,3.34259295463562,3.3611109256744385,3.2685189247131348,3.3518519401550293,19989450
1995-11-27,2.6981568336486816,3.365741014480591,3.444443941116333,3.34259295463562,3.3981480598449707,54460350
1995-11-28,2.7909395694732666,3.4814810752868652,3.490741014480591,3.3518519401550293,3.3703699111938477,49608450
1995-11-29,2.776094675064087,3.462963104248047,3.5462958812713623,3.435184955596924,3.5185189247131348,34668000
1995-11-30,2.6944453716278076,3.3611109256744385,3.472222089767456,3.34259295463562,3.462963104248047,34888050
1995-12-01,2.6499087810516357,3.305556058883667,3.3888890743255615,3.25,3.3703699111938477,45725850
1995-12-04,2.6981568336486816,3.365741014480591,3.4259259700775146,3.212963104248047,3.2962958812713623,59077350
1995-12-05,2.672175407409668,3.3333330154418945,3.462963104248047,3.277777910232544,3.34259295463562,57187350
1995-12-06,2.597949981689453,3.240741014480591,3.34259295463562,3.1666669845581055,3.3240740299224854,50564250
1995-12-07,2.6276402473449707,3.277777910232544,3.3703699111938477,3.2037041187286377,3.3611109256744385,44254350
1995-12-08,2.768672227859497,3.4537041187286377,3.462963104248047,3.305556058883667,3.3518519401550293,67216500
1995-12-11,2.7538259029388428,3.435184955596924,3.527777910232544,3.435184955596924,3.509258985519409,44805150
1995-12-12,2.6424853801727295,3.2962958812713623,3.4537041187286377,3.287036895751953,3.4537041187286377,34990650
1995-12-13,2.568258762359619,3.2037041187286377,3.3240740299224854,3.185184955596924,3.287036895751953,51725250
1995-12-14,2.4866085052490234,3.1018519401550293,3.2685189247131348,2.972222089767456,3.222222089767456,109447200
1995-12-15,2.575680732727051,3.212963104248047,3.277777910232544,3.1759259700775146,3.194443941116333,122081850
1995-12-18,2.4494948387145996,3.055556058883667,3.212963104248047,2.9537041187286377,3.212963104248047,83242350
1995-12-19,2.6573309898376465,3.314815044403076,3.314815044403076,3.0833330154418945,3.1111109256744385,80933850
1995-12-20,2.553413152694702,3.185184955596924,3.3888890743255615,3.1759259700775146,3.3888890743255615,51555150
1995-12-21,2.5385677814483643,3.1666669845581055,3.240741014480591,3.1296300888061523,3.2037041187286377,56763450
1995-12-22,2.6276402473449707,3.277777910232544,3.314815044403076,3.1666669845581055,3.1666669845581055,41440950
1995-12-26,2.635061740875244,3.287036895751953,3.314815044403076,3.259258985519409,3.305556058883667,16459200
1995-12-27,2.583103895187378,3.222222089767456,3.305556058883667,3.2037041187286377,3.2962958812713623,30029400
1995-12-28,2.51629900932312,3.1388890743255615,3.2037041187286377,3.1296300888061523,3.2037041187286377,51989850
1995-12-29,2.51629900932312,3.1388890743255615,3.1666669845581055,3.09259295463562,3.1481480598449707,45870300
1996-01-02,2.568258762359619,3.2037041187286377,3.212963104248047,3.1388890743255615,3.1666669845581055,45603000
1996-01-03,2.4494948387145996,3.055556058883667,3.212963104248047,3.055556058883667,3.1481480598449707,55518750
1996-01-04,2.4198050498962402,3.0185189247131348,3.0833330154418945,2.935184955596924,3.0833330154418945,129803850
1996-01-05,2.545990228652954,3.1759259700775146,3.185184955596924,2.944443941116333,2.972222089767456,83783700
1996-01-08,2.508877754211426,3.1296300888061523,3.2314810752868652,3.1203699111938477,3.222222089767456,12594150
1996-01-09,2.390113592147827,2.9814810752868652,3.1388890743255615,2.9259259700775146,3.1388890743255615,96068700
1996-01-10,2.4346492290496826,3.037036895751953,3.1481480598449707,2.9259259700775146,2.935184955596924,124564500
1996-01-11,2.4866085052490234,3.1018519401550293,3.1296300888061523,3.0185189247131348,3.0833330154418945,61105050
1996-01-12,2.531144618988037,3.15740704536438,3.15740704536438,3.0833330154418945,3.1111109256744385,61249500
1996-01-15,2.3752684593200684,2.962963104248047,3.185184955596924,2.9259259700775146,3.1759259700775146,69793650
1996-01-16,2.4791862964630127,3.09259295463562,3.1018519401550293,2.944443941116333,2.990741014480591,78514650
1996-01-17,2.5385677814483643,3.1666669845581055,3.277777910232544,3.037036895751953,3.0462958812713623,79512300
1996-01-18,2.6424853801727295,3.2962958812713623,3.2962958812713623,3.2037041187286377,3.2037041187286377,56856600
1996-01-19,2.701866626739502,3.3703699111938477,3.40740704536438,3.2962958812713623,3.3240740299224854,63830700
1996-01-22,2.7315573692321777,3.40740704536438,3.435184955596924,3.3518519401550293,3.3518519401550293,51493050
1996-01-23,2.7464041709899902,3.4259259700775146,3.5,3.3703699111938477,3.3888890743255615,67290750
1996-01-24,2.917126178741455,3.6388890743255615,3.6388890743255615,3.4259259700775146,3.4814810752868652,88524900
1996-01-25,2.8354766368865967,3.537036895751953,3.6666669845581055,3.5,3.65740704536438,57435750
1996-01-26,2.8132071495056152,3.509258985519409,3.5740740299224854,3.444443941116333,3.509258985519409,54751950
1996-01-29,2.7983627319335938,3.490741014480591,3.564815044403076,3.490741014480591,3.5185189247131348,22009050
1996-01-30,2.8132071495056152,3.509258985519409,3.537036895751953,3.472222089767456,3.509258985519409,25807950
1996-01-31,2.8354766368865967,3.537036895751953,3.564815044403076,3.462963104248047,3.537036895751953,49115700
1996-02-01,2.8280532360076904,3.527777910232544,3.555556058883667,3.4814810752868652,3.527777910232544,33097950
1996-02-02,2.9245495796203613,3.6481480598449707,3.6759259700775146,3.527777910232544,3.537036895751953,62912700
1996-02-05,3.0136215686798096,3.759258985519409,3.777777910232544,3.6296300888061523,3.6481480598449707,61314300
1996-02-06,2.976508378982544,3.712963104248047,3.777777910232544,3.65740704536438,3.7685189247131348,71672850
1996-02-07,2.902279853820801,3.6203699111938477,3.712963104248047,3.587963104248047,3.7037041187286377,50296950
1996-02-08,2.9839296340942383,3.722222089767456,3.722222089767456,3.564815044403076,3.6111109256744385,61416900
1996-02-09,2.917126178741455,3.6388890743255615,3.814815044403076,3.6296300888061523,3.712963104248047,91428750
1996-02-12,2.9653735160827637,3.6990740299224854,3.7314810752868652,3.6296300888061523,3.6388890743255615,41428800
1996-02-13,2.9839296340942383,3.722222089767456,3.759258985519409,3.6111109256744385,3.6203699111938477,56459700
1996-02-14,3.0396010875701904,3.7916669845581055,3.805556058883667,3.685184955596924,3.7314810752868652,55507950
1996-02-15,3.1398074626922607,3.9166669845581055,3.935184955596924,3.777777910232544,3.777777910232544,79474500
1996-02-16,3.1175384521484375,3.8888890743255615,3.944443941116333,3.8611109256744385,3.90740704536438,60269400
1996-02-20,3.0804262161254883,3.84259295463562,3.90740704536438,3.787036895751953,3.7962958812713623,41756850
1996-02-21,3.147230625152588,3.9259259700775146,3.9259259700775146,3.8240740299224854,3.8703699111938477,33825600
1996-02-22,3.214033842086792,4.009259223937988,4.046296119689941,3.962963104248047,3.962963104248047,62515800
1996-02-23,3.1843438148498535,3.972222089767456,4.037036895751953,3.884258985519409,4.027778148651123,53785350
1996-02-26,3.2214579582214355,4.018518924713135,4.074073791503906,3.962963104248047,4.0,50557500
1996-02-27,3.1435182094573975,3.9212958812713623,4.037036895751953,3.90740704536438,4.037036895751953,54657450
1996-02-28,3.132385015487671,3.90740704536438,4.018518924713135,3.8888890743255615,3.935184955596924,40702500
1996-02-29,3.0878474712371826,3.8518519401550293,3.9259259700775146,3.787036895751953,3.8518519401550293,44960400
1996-03-01,2.917126178741455,3.6388890743255615,3.8611109256744385,3.6203699111938477,3.8611109256744385,79751250
1996-03-04,2.8725900650024414,3.5833330154418945,3.7037041187286377,3.555556058883667,3.694443941116333,47478150
1996-03-05,3.0730020999908447,3.8333330154418945,3.8518519401550293,3.537036895751953,3.564815044403076,65632950
1996-03-06,2.9468162059783936,3.6759259700775146,3.777777910232544,3.5833330154418945,3.740741014480591,117100350
1996-03-07,2.954239845275879,3.685184955596924,3.722222089767456,3.6759259700775146,3.722222089767456,59216400
1996-03-08,2.7909395694732666,3.4814810752868652,3.685184955596924,3.4814810752868652,3.59259295463562,71003250
1996-03-11,2.9616613388061523,3.694443941116333,3.7037041187286377,3.5185189247131348,3.555556058883667,56099250
1996-03-12,2.865165948867798,3.5740740299224854,3.685184955596924,3.5185189247131348,3.6666669845581055,68634000
1996-03-13,2.9468162059783936,3.6759259700775146,3.712963104248047,3.6111109256744385,3.6296300888061523,60023700
1996-03-14,2.8577446937561035,3.564815044403076,3.7037041187286377,3.5462958812713623,3.694443941116333,74818350
1996-03-15,2.902279853820801,3.6203699111938477,3.685184955596924,3.564815044403076,3.59259295463562,106088400
1996-03-18,2.9839296340942383,3.722222089767456,3.740741014480591,3.6759259700775146,3.6759259700775146,45759600
1996-03-19,2.9616613388061523,3.694443941116333,3.7962958812713623,3.65740704536438,3.7685189247131348,40910400
1996-03-20,2.9616613388061523,3.694443941116333,3.7083330154418945,3.6111109256744385,3.694443941116333,33072300
1996-03-21,2.887434482574463,3.6018519401550293,3.722222089767456,3.5833330154418945,3.7037041187286377,41195250
1996-03-22,2.902279853820801,3.6203699111938477,3.6481480598449707,3.462963104248047,3.6481480598449707,87752700
1996-03-25,2.8280532360076904,3.527777910232544,3.6666669845581055,3.527777910232544,3.6481480598449707,68667750
1996-03-26,2.8503220081329346,3.555556058883667,3.6203699111938477,3.4814810752868652,3.509258985519409,48683700
1996-03-27,2.865165948867798,3.5740740299224854,3.6203699111938477,3.5462958812713623,3.564815044403076,24835950
1996-03-28,2.8577446937561035,3.564815044403076,3.6111109256744385,3.5185189247131348,3.537036895751953,38156400
1996-03-29,2.7983627319335938,3.490741014480591,3.59259295463562,3.472222089767456,3.5833330154418945,29841750
1996-04-01,2.7835168838500977,3.472222089767456,3.527777910232544,3.40740704536438,3.5185189247131348,50288850
1996-04-02,2.7909395694732666,3.4814810752868652,3.527777910232544,3.4537041187286377,3.5185189247131348,28575450
1996-04-03,2.70928955078125,3.3796300888061523,3.4537041187286377,3.3518519401550293,3.4537041187286377,88381800
1996-04-04,2.701866626739502,3.3703699111938477,3.4259259700775146,3.3611109256744385,3.3888890743255615,70027200
1996-04-08,2.568258762359619,3.2037041187286377,3.2685189247131348,3.185184955596924,3.259258985519409,193920750
1996-04-09,2.464341163635254,3.0740740299224854,3.259258985519409,2.943286895751953,3.25,388102050
1996-04-10,2.568258762359619,3.2037041187286377,3.25,3.1296300888061523,3.1296300888061523,146442600
1996-04-11,2.605372428894043,3.25,3.2962958812713623,3.134258985519409,3.222222089767456,92761200
1996-04-12,2.612795352935791,3.259258985519409,3.277777910232544,3.185184955596924,3.2685189247131348,51096150
1996-04-15,2.5793917179107666,3.21759295463562,3.2962958812713623,3.2037041187286377,3.259258985519409,36983250
1996-04-16,2.7204246520996094,3.3935189247131348,3.4259259700775146,3.3240740299224854,3.34259295463562,82638900
1996-04-17,2.772382974624634,3.4583330154418945,3.5,3.3888890743255615,3.402777910232544,56881800
1996-04-18,2.8280532360076904,3.527777910232544,3.555556058883667,3.4861109256744385,3.5138890743255615,39339000
1996-04-19,2.8503220081329346,3.555556058883667,3.652777910232544,3.527777910232544,3.6388890743255615,50414400
1996-04-22,2.950528383255005,3.680556058883667,3.7083330154418945,3.6076390743255615,3.625,54228600
1996-04-23,3.0284674167633057,3.777777910232544,3.805556058883667,3.694443941116333,3.7083330154418945,41809500
1996-04-24,3.084137201309204,3.847222089767456,3.8958330154418945,3.789931058883667,3.8333330154418945,58420800
1996-04-25,3.0618677139282227,3.819443941116333,3.8611109256744385,3.722222089767456,3.8611109256744385,33487200
1996-04-26,3.0396010875701904,3.7916669845581055,3.902777910232544,3.777777910232544,3.777777910232544,27234000
1996-04-29,3.0507354736328125,3.805556058883667,3.8611109256744385,3.7638890743255615,3.7916669845581055,19857600
1996-04-30,3.0061988830566406,3.75,3.847222089767456,3.7083330154418945,3.8333330154418945,23940000
1996-05-01,3.0396010875701904,3.7916669845581055,3.819443941116333,3.7083330154418945,3.75,21137400
1996-05-02,2.928260326385498,3.652777910232544,3.7916669845581055,3.6388890743255615,3.7916669845581055,29428200
1996-05-03,2.967229127883911,3.7013890743255615,3.7638890743255615,3.6388890743255615,3.715277910232544,29212200
1996-05-06,3.0396010875701904,3.7916669845581055,3.805556058883667,3.7083330154418945,3.7083330154418945,26137800
1996-05-07,2.9839296340942383,3.722222089767456,3.805556058883667,3.694443941116333,3.805556058883667,29140200
1996-05-08,2.928260326385498,3.652777910232544,3.722222089767456,3.555556058883667,3.722222089767456,45999900
1996-05-09,2.9950640201568604,3.7361109256744385,3.7361109256744385,3.6666669845581055,3.694443941116333,18920700
1996-05-10,3.0173327922821045,3.7638890743255615,3.7916669845581055,3.722222089767456,3.7760419845581055,28980900
1996-05-13,3.10640549659729,3.875,3.8888890743255615,3.75,3.777777910232544,31299300
1996-05-14,3.128673553466797,3.902777910232544,3.9583330154418945,3.8888890743255615,3.902777910232544,39534300
1996-05-15,3.0730020999908447,3.8333330154418945,3.930556058883667,3.819443941116333,3.902777910232544,29283300
1996-05-16,3.1175384521484375,3.8888890743255615,3.9166669845581055,3.7638890743255615,3.7916669845581055,36248400
1996-05-17,3.128673553466797,3.902777910232544,3.9861109256744385,3.875,3.930556058883667,27947700
1996-05-20,3.162076234817505,3.944443941116333,4.0,3.930556058883667,3.930556058883667,30397500
1996-05-21,3.162076234817505,3.944443941116333,4.0,3.930556058883667,3.984375,28045800
1996-05-22,3.0284674167633057,3.777777910232544,3.972222089767456,3.7083330154418945,3.930556058883667,57283200
1996-05-23,3.0173327922821045,3.7638890743255615,3.8611109256744385,3.722222089767456,3.8611109256744385,60604200
1996-05-24,2.9616613388061523,3.694443941116333,3.819443941116333,3.694443941116333,3.819443941116333,31229100
1996-05-28,2.950528383255005,3.680556058883667,3.7361109256744385,3.6666669845581055,3.7361109256744385,30819600
1996-05-29,2.917126178741455,3.6388890743255615,3.7083330154418945,3.6111109256744385,3.7083330154418945,29542500
1996-05-30,2.9616613388061523,3.694443941116333,3.75,3.6111109256744385,3.652777910232544,28426500
1996-05-31,2.950528383255005,3.680556058883667,3.7638890743255615,3.6388890743255615,3.75,44240400
1996-06-03,2.894857883453369,3.6111109256744385,3.680556058883667,3.5833330154418945,3.680556058883667,47610000
1996-06-04,2.939394474029541,3.6666669845581055,3.680556058883667,3.597222089767456,3.652777910232544,40733100
1996-06-05,3.0284674167633057,3.777777910232544,3.777777910232544,3.6388890743255615,3.680556058883667,33570900
1996-06-06,2.928260326385498,3.652777910232544,3.8333330154418945,3.6388890743255615,3.7916669845581055,35834400
1996-06-07,3.0173327922821045,3.7638890743255615,3.7638890743255615,3.555556058883667,3.597222089767456,33907500
1996-06-10,2.956094980239868,3.6875,3.819443941116333,3.6666669845581055,3.777777910232544,24889500
1996-06-11,3.0173327922821045,3.7638890743255615,3.819443941116333,3.694443941116333,3.722222089767456,31121100
1996-06-12,3.0730020999908447,3.8333330154418945,3.875,3.7916669845581055,3.819443941116333,40072500
1996-06-13,3.0618677139282227,3.819443941116333,3.847222089767456,3.75,3.8333330154418945,25838100
1996-06-14,3.0173327922821045,3.7638890743255615,3.819443941116333,3.7083330154418945,3.819443941116333,27813600
1996-06-17,3.0173327922821045,3.7638890743255615,3.819443941116333,3.722222089767456,3.819443941116333,24302700
1996-06-18,2.9839296340942383,3.722222089767456,3.7916669845581055,3.680556058883667,3.777777910232544,28930500
1996-06-19,3.0618677139282227,3.819443941116333,3.8333330154418945,3.7083330154418945,3.7361109256744385,45620100
1996-06-20,3.10640549659729,3.875,3.9583330154418945,3.722222089767456,3.8611109256744385,62536500
1996-06-21,3.3847556114196777,4.222221851348877,4.25,4.0416669845581055,4.236111164093018,140348700
1996-06-24,3.3736231327056885,4.2083330154418945,4.236111164093018,4.152778148651123,4.2083330154418945,41876100
1996-06-25,3.395890474319458,4.236111164093018,4.305555820465088,4.180555820465088,4.2083330154418945,41244300
1996-06-26,3.329087734222412,4.152778148651123,4.236111164093018,4.138888835906982,4.236111164093018,34527600
1996-06-27,3.5183660984039307,4.388888835906982,4.388888835906982,4.111111164093018,4.152778148651123,50741100
1996-06-28,3.5127978324890137,4.381944179534912,4.486111164093018,4.319444179534912,4.402778148651123,53573400
1996-07-01,3.4849627017974854,4.347221851348877,4.444444179534912,4.3333330154418945,4.388888835906982,27046800
1996-07-02,3.4070255756378174,4.25,4.361111164093018,4.236111164093018,4.319444179534912,32082300
1996-07-03,3.4070255756378174,4.25,4.25,4.194444179534912,4.236111164093018,23870700
1996-07-05,3.3068184852600098,4.125,4.194444179534912,4.097221851348877,4.180555820465088,14093100
1996-07-08,3.362489700317383,4.194444179534912,4.25,4.069444179534912,4.125,49334400
1996-07-09,3.340221643447876,4.1666669845581055,4.2916669845581055,4.138888835906982,4.263888835906982,29492100
1996-07-10,3.418159246444702,4.263888835906982,4.263888835906982,4.125,4.194444179534912,35837100
1996-07-11,3.3513543605804443,4.180555820465088,4.236111164093018,4.0833330154418945,4.2083330154418945,62100900
1996-07-12,3.3179523944854736,4.138888835906982,4.25,4.069444179534912,4.222221851348877,29214900
1996-07-15,3.195476531982422,3.9861109256744385,4.1666669845581055,3.944443941116333,4.140625,50607900
1996-07-16,3.228879928588867,4.027778148651123,4.0833330154418945,3.694443941116333,3.944443941116333,104453100
1996-07-17,3.340221643447876,4.1666669845581055,4.2083330154418945,4.0,4.138888835906982,66102300
1996-07-18,3.3847556114196777,4.222221851348877,4.236111164093018,4.138888835906982,4.180555820465088,38337300
1996-07-19,3.3068184852600098,4.125,4.194444179534912,4.097221851348877,4.180555820465088,31993200
1996-07-22,3.295685052871704,4.111111164093018,4.125,4.055555820465088,4.111111164093018,24929100
1996-07-23,3.2066116333007812,4.0,4.194444179534912,3.9861109256744385,4.138888835906982,42314400
1996-07-24,3.2511487007141113,4.055555820465088,4.097221851348877,3.8333330154418945,3.8333330154418945,49374900
1996-07-25,3.395890474319458,4.236111164093018,4.25,4.055555820465088,4.055555820465088,52945200
1996-07-26,3.395890474319458,4.236111164093018,4.277778148651123,4.180555820465088,4.222221851348877,29223900
1996-07-29,3.362489700317383,4.194444179534912,4.305555820465088,4.194444179534912,4.194444179534912,22145400
1996-07-30,3.4070255756378174,4.25,4.25,4.125,4.222221851348877,16803000
1996-07-31,3.4849627017974854,4.347221851348877,4.347221851348877,4.25,4.263888835906982,31266900
1996-08-01,3.496098279953003,4.361111164093018,4.430555820465088,4.319444179534912,4.347221851348877,33699600
1996-08-02,3.5295004844665527,4.402778148651123,4.444444179534912,4.375,4.402778148651123,37225800
1996-08-05,3.4404261112213135,4.2916669845581055,4.430555820465088,4.263888835906982,4.4166669845581055,20058300
1996-08-06,3.551767349243164,4.430555820465088,4.444444179534912,4.236111164093018,4.277778148651123,28454400
1996-08-07,3.7243449687957764,4.6458330154418945,4.6666669845581055,4.430555820465088,4.4583330154418945,60687900
1996-08-08,3.6297073364257812,4.527778148651123,4.680555820465088,4.527778148651123,4.597221851348877,36591300
1996-08-09,3.6853749752044678,4.597221851348877,4.652778148651123,4.4583330154418945,4.513888835906982,42211800
1996-08-12,3.674243688583374,4.5833330154418945,4.6666669845581055,4.513888835906982,4.611111164093018,27784800
1996-08-13,3.618572950363159,4.513888835906982,4.5833330154418945,4.444444179534912,4.5416669845581055,32004000
1996-08-14,3.618572950363159,4.513888835906982,4.5833330154418945,4.472221851348877,4.527778148651123,22608000
1996-08-15,3.551767349243164,4.430555820465088,4.513888835906982,4.4166669845581055,4.513888835906982,27615600
1996-08-16,3.540635108947754,4.4166669845581055,4.472221851348877,4.388888835906982,4.472221851348877,28794600
1996-08-19,3.5295004844665527,4.402778148651123,4.444444179534912,4.361111164093018,4.444444179534912,23042700
1996-08-20,3.4738290309906006,4.3333330154418945,4.402778148651123,4.25,4.388888835906982,37595700
1996-08-21,3.3736231327056885,4.2083330154418945,4.222221851348877,4.111111164093018,4.2083330154418945,66442500
1996-08-22,3.395890474319458,4.236111164093018,4.236111164093018,4.1666669845581055,4.2083330154418945,31723200
1996-08-23,3.4626948833465576,4.319444179534912,4.361111164093018,4.2083330154418945,4.236111164093018,35185500
1996-08-26,3.395890474319458,4.236111164093018,4.305555820465088,4.236111164093018,4.305555820465088,17714700
1996-08-27,3.4070255756378174,4.25,4.305555820465088,4.222221851348877,4.263888835906982,21181500
1996-08-28,3.329087734222412,4.152778148651123,4.263888835906982,4.111111164093018,4.263888835906982,37978200
1996-08-29,3.240013599395752,4.0416669845581055,4.1666669845581055,4.0416669845581055,4.138888835906982,36720000
1996-08-30,3.1398074626922607,3.9166669845581055,4.027778148651123,3.902777910232544,4.0,59006700
1996-09-03,3.3179523944854736,4.138888835906982,4.152778148651123,3.8333330154418945,3.8611109256744385,42780600
1996-09-04,3.3513543605804443,4.180555820465088,4.194444179534912,4.055555820465088,4.125,36766800
1996-09-05,3.295685052871704,4.111111164093018,4.25,4.097221851348877,4.1666669845581055,45176400
1996-09-06,3.340221643447876,4.1666669845581055,4.194444179534912,4.111111164093018,4.138888835906982,28923300
1996-09-09,3.340221643447876,4.1666669845581055,4.194444179534912,4.0833330154418945,4.180555820465088,21618900
1996-09-10,3.340221643447876,4.1666669845581055,4.2083330154418945,4.111111164093018,4.194444179534912,21915000
1996-09-11,3.2622830867767334,4.069444179534912,4.138888835906982,4.0,4.138888835906982,36380700
1996-09-12,3.340221643447876,4.1666669845581055,4.2083330154418945,4.013888835906982,4.097221851348877,72135900
1996-09-13,3.7521820068359375,4.680555820465088,4.680555820465088,4.444444179534912,4.513888835906982,137418300
1996-09-16,3.707644462585449,4.625,4.694444179534912,4.569444179534912,4.6666669845581055,65257200
1996-09-17,3.707644462585449,4.625,4.694444179534912,4.611111164093018,4.694444179534912,47449800
1996-09-18,3.8635215759277344,4.819444179534912,4.888888835906982,4.5833330154418945,4.611111164093018,70453800
1996-09-19,3.87465500831604,4.8333330154418945,4.875,4.7291669845581055,4.819444179534912,41037300
1996-09-20,3.9637279510498047,4.944444179534912,4.944444179534912,4.75,4.847221851348877,51914700
1996-09-23,3.8189849853515625,4.763888835906982,4.9166669845581055,4.763888835906982,4.902778148651123,26159400
1996-09-24,3.852388620376587,4.805555820465088,4.8333330154418945,4.736111164093018,4.777778148651123,32219100
1996-09-25,3.8579554557800293,4.8125,4.861111164093018,4.763888835906982,4.847221851348877,25498800
1996-09-26,3.774449586868286,4.7083330154418945,4.888888835906982,4.680555820465088,4.8333330154418945,42945300
1996-09-27,3.824552536010742,4.7708330154418945,4.7916669845581055,4.6666669845581055,4.7083330154418945,31671000
1996-09-30,3.7911505699157715,4.7291669845581055,4.7916669845581055,4.722221851348877,4.763888835906982,19625400
1996-10-01,3.796718120574951,4.736111164093018,4.784721851348877,4.694444179534912,4.715278148651123,28845000
1996-10-02,3.9414584636688232,4.9166669845581055,4.9166669845581055,4.736111164093018,4.75,69027300
1996-10-03,3.9414584636688232,4.9166669845581055,5.0,4.888888835906982,4.9583330154418945,47147400
1996-10-04,4.0305352210998535,5.027778148651123,5.055555820465088,4.944444179534912,4.9583330154418945,44637300
1996-10-07,4.097336769104004,5.111111164093018,5.152778148651123,5.013888835906982,5.055555820465088,40375800
1996-10-08,3.985995054244995,4.972221851348877,5.125,4.9583330154418945,5.125,27200700
1996-10-09,3.9303252696990967,4.902778148651123,5.0416669845581055,4.888888835906982,5.027778148651123,27216000
1996-10-10,3.9971301555633545,4.986111164093018,5.013888835906982,4.875,4.888888835906982,24118200
1996-10-11,4.019399166107178,5.013888835906982,5.055555820465088,4.972221851348877,5.013888835906982,20200500
1996-10-14,4.052801609039307,5.055555820465088,5.0833330154418945,4.986111164093018,5.027778148651123,20278800
1996-10-15,3.985995054244995,4.972221851348877,5.111111164093018,4.9583330154418945,5.097221851348877,29951100
1996-10-16,3.9637279510498047,4.944444179534912,4.986111164093018,4.9166669845581055,4.9583330154418945,17309700
1996-10-17,3.896925210952759,4.861111164093018,5.013888835906982,4.847221851348877,4.986111164093018,25299000
1996-10-18,3.9637279510498047,4.944444179534912,4.972221851348877,4.847221851348877,4.875,32248800
1996-10-21,3.8412535190582275,4.7916669845581055,5.013888835906982,4.763888835906982,4.944444179534912,25776900
1996-10-22,3.7410483360290527,4.6666669845581055,4.763888835906982,4.611111164093018,4.75,41041800
1996-10-23,3.774449586868286,4.7083330154418945,4.763888835906982,4.611111164093018,4.6666669845581055,39315600
1996-10-24,3.830120086669922,4.777778148651123,4.875,4.638888835906982,4.75,24696000
1996-10-25,3.7688822746276855,4.701388835906982,4.805555820465088,4.694444179534912,4.763888835906982,14219100
1996-10-28,3.7855818271636963,4.722221851348877,4.819444179534912,4.694444179534912,4.75,22207500
1996-10-29,3.6965107917785645,4.611111164093018,4.777778148651123,4.597221851348877,4.736111164093018,21115800
1996-10-30,3.6631088256835938,4.569444179534912,4.6666669845581055,4.555555820465088,4.638888835906982,25898400
1996-10-31,3.7688822746276855,4.701388835906982,4.736111164093018,4.5416669845581055,4.597221851348877,34004700
1996-11-01,3.9303252696990967,4.902778148651123,4.930555820465088,4.75,4.763888835906982,44876700
1996-11-04,3.985995054244995,4.972221851348877,4.986111164093018,4.888888835906982,4.944444179534912,27158400
1996-11-05,3.9303252696990967,4.902778148651123,5.027778148651123,4.7916669845581055,5.013888835906982,71874000
1996-11-06,4.008265972137451,5.0,5.055555820465088,4.902778148651123,4.9583330154418945,61611300
1996-11-07,4.019399166107178,5.013888835906982,5.055555820465088,4.9166669845581055,5.013888835906982,52985700
1996-11-08,4.095944881439209,5.109375,5.125,5.0,5.013888835906982,45939600
1996-11-11,4.06393575668335,5.069444179534912,5.194444179534912,5.027778148651123,5.138888835906982,29286000
1996-11-12,3.9971301555633545,4.986111164093018,5.111111164093018,4.9583330154418945,5.097221851348877,22623300
1996-11-13,4.052801609039307,5.055555820465088,5.097221851348877,4.930555820465088,5.013888835906982,23460300
1996-11-14,4.21981143951416,5.263888835906982,5.319444179534912,5.027778148651123,5.069444179534912,41656500
1996-11-15,4.186409950256348,5.222221851348877,5.361111164093018,5.138888835906982,5.319444179534912,39432600
1996-11-18,4.141873359680176,5.1666669845581055,5.25,5.055555820465088,5.222221851348877,23641200
1996-11-19,4.108471393585205,5.125,5.194444179534912,5.111111164093018,5.1666669845581055,26652600
1996-11-20,4.26434850692749,5.319444179534912,5.319444179534912,5.125,5.180555820465088,31980600
1996-11-21,4.208676815032959,5.25,5.5,5.222221851348877,5.3333330154418945,53435700
1996-11-22,4.431357383728027,5.527778148651123,5.569444179534912,5.263888835906982,5.263888835906982,39298500
1996-11-25,4.431357383728027,5.527778148651123,5.569444179534912,5.430555820465088,5.5416669845581055,44185500
1996-11-26,4.409089088439941,5.5,5.569444179534912,5.375,5.527778148651123,35476200
1996-11-27,4.386820316314697,5.472221851348877,5.527778148651123,5.444444179534912,5.527778148651123,21384000
1996-11-29,4.364553928375244,5.444444179534912,5.513888835906982,5.444444179534912,5.493055820465088,9449100
1996-12-02,4.420224666595459,5.513888835906982,5.527778148651123,5.361111164093018,5.430555820465088,25705800
1996-12-03,4.431357383728027,5.527778148651123,5.6666669845581055,5.501736164093018,5.5416669845581055,37220400
1996-12-04,4.1641435623168945,5.194444179534912,5.527778148651123,5.1666669845581055,5.513888835906982,77348700
1996-12-05,4.1752753257751465,5.2083330154418945,5.222221851348877,5.097221851348877,5.194444179534912,45355500
1996-12-06,4.06393575668335,5.069444179534912,5.194444179534912,4.986111164093018,5.055555820465088,44388000
1996-12-09,4.342286586761475,5.4166669845581055,5.4166669845581055,5.0833330154418945,5.111111164093018,39070800
1996-12-10,4.3979573249816895,5.486111164093018,5.5833330154418945,5.430555820465088,5.5416669845581055,42397200
1996-12-11,4.275482177734375,5.3333330154418945,5.486111164093018,5.222221851348877,5.402778148651123,51597000
1996-12-12,4.208676815032959,5.25,5.486111164093018,5.222221851348877,5.4166669845581055,39253500
1996-12-13,3.919191837310791,4.888888835906982,4.9583330154418945,4.7708330154418945,4.875,226649700
1996-12-16,3.7911505699157715,4.7291669845581055,4.972221851348877,4.7083330154418945,4.9583330154418945,67174200
1996-12-17,3.852388620376587,4.805555820465088,4.819444179534912,4.611111164093018,4.694444179534912,69094800
1996-12-18,3.763314723968506,4.694444179534912,4.8333330154418945,4.6666669845581055,4.819444179534912,67949100
1996-12-19,3.7521820068359375,4.680555820465088,4.777778148651123,4.638888835906982,4.763888835906982,70351200
1996-12-20,3.852388620376587,4.805555820465088,4.888888835906982,4.5833330154418945,4.7083330154418945,67197600
1996-12-23,3.774449586868286,4.7083330154418945,4.847221851348877,4.6666669845581055,4.819444179534912,25519500
1996-12-24,3.852388620376587,4.805555820465088,4.819444179534912,4.6666669845581055,4.722221851348877,9664200
1996-12-26,3.924757480621338,4.8958330154418945,4.902778148651123,4.805555820465088,4.819444179534912,26187300
1996-12-27,3.8189849853515625,4.763888835906982,4.902778148651123,4.722221851348877,4.902778148651123,26540100
1996-12-30,3.71321177482605,4.631944179534912,4.819444179534912,4.625,4.7916669845581055,27697500
1996-12-31,3.7187795639038086,4.638888835906982,4.7083330154418945,4.625,4.652778148651123,31612500
1997-01-02,3.7410483360290527,4.6666669845581055,4.722221851348877,4.527778148651123,4.680555820465088,54342000
1997-01-03,3.974863290786743,4.9583330154418945,4.9583330154418945,4.736111164093018,4.75,47344500
1997-01-06,3.9971301555633545,4.986111164093018,5.013888835906982,4.956596851348877,5.0,35468100
1997-01-07,3.985995054244995,4.972221851348877,4.986111164093018,4.875,4.972221851348877,32473800
1997-01-08,3.8635215759277344,4.819444179534912,5.013888835906982,4.798611164093018,4.9791669845581055,41618700
1997-01-09,3.7187795639038086,4.638888835906982,4.888888835906982,4.625,4.875,81560700
1997-01-10,3.640840530395508,4.5416669845581055,4.652778148651123,4.5,4.625,120012300
1997-01-13,3.651975631713867,4.555555820465088,4.597221851348877,4.513888835906982,4.5833330154418945,53683200
1997-01-14,3.852388620376587,4.805555820465088,4.861111164093018,4.597221851348877,4.611111164093018,65166300
1997-01-15,3.674243688583374,4.5833330154418945,4.847221851348877,4.5833330154418945,4.847221851348877,52612200
1997-01-16,3.674243688583374,4.5833330154418945,4.75,4.5625,4.652778148651123,61376400
1997-01-17,3.6965107917785645,4.611111164093018,4.7083330154418945,4.555555820465088,4.5833330154418945,54756900
1997-01-20,3.796718120574951,4.736111164093018,4.763888835906982,4.625,4.652778148651123,38762100
1997-01-21,3.7187795639038086,4.638888835906982,4.8333330154418945,4.611111164093018,4.763888835906982,64057500
1997-01-22,3.774449586868286,4.7083330154418945,4.75,4.625,4.638888835906982,57422700
1997-01-23,3.6074376106262207,4.5,4.763888835906982,4.486111164093018,4.763888835906982,85063500
1997-01-24,3.5295004844665527,4.402778148651123,4.513888835906982,4.347221851348877,4.513888835906982,106879500
1997-01-27,3.395890474319458,4.236111164093018,4.444444179534912,4.1666669845581055,4.4166669845581055,105248700
1997-01-28,3.3513543605804443,4.180555820465088,4.402778148651123,4.138888835906982,4.402778148651123,136550700
1997-01-29,3.3569223880767822,4.1875,4.277778148651123,4.1666669845581055,4.236111164093018,85716900
1997-01-30,3.340221643447876,4.1666669845581055,4.25,4.111111164093018,4.236111164093018,96756300
1997-01-31,3.4626948833465576,4.319444179534912,4.4166669845581055,4.1666669845581055,4.2083330154418945,85518000
1997-02-03,3.5072309970855713,4.375,4.472221851348877,4.347221851348877,4.375,59693400
1997-02-04,3.551767349243164,4.430555820465088,4.472221851348877,4.361111164093018,4.4166669845581055,50998500
1997-02-05,3.4404261112213135,4.2916669845581055,4.5,4.180555820465088,4.5,71854200
1997-02-06,3.5183660984039307,4.388888835906982,4.4583330154418945,4.305555820465088,4.319444179534912,70651800
1997-02-07,3.5629019737243652,4.444444179534912,4.486111164093018,4.361111164093018,4.4583330154418945,34070400
1997-02-10,3.5740342140197754,4.4583330154418945,4.5416669845581055,4.430555820465088,4.472221851348877,48582900
1997-02-11,3.4849627017974854,4.347221851348877,4.486111164093018,4.305555820465088,4.4583330154418945,68290200
1997-02-12,3.6909446716308594,4.6041669845581055,4.611111164093018,4.430555820465088,4.444444179534912,79970400
1997-02-13,3.6798107624053955,4.590278148651123,4.694444179534912,4.5416669845581055,4.652778148651123,49575600
1997-02-14,3.640840530395508,4.5416669845581055,4.652778148651123,4.527778148651123,4.597221851348877,36990900
1997-02-18,3.6297073364257812,4.527778148651123,4.569444179534912,4.430555820465088,4.569444179534912,36747900
1997-02-19,3.6853749752044678,4.597221851348877,4.652778148651123,4.472221851348877,4.527778148651123,36259200
1997-02-20,3.7187795639038086,4.638888835906982,4.736111164093018,4.618055820465088,4.625,59025600
1997-02-21,3.640840530395508,4.5416669845581055,4.6666669845581055,4.486111164093018,4.652778148651123,53787600
1997-02-24,3.590735912322998,4.4791669845581055,4.5416669845581055,4.430555820465088,4.5,35872200
1997-02-25,3.640840530395508,4.5416669845581055,4.569444179534912,4.451388835906982,4.513888835906982,33201000
1997-02-26,3.6297073364257812,4.527778148651123,4.611111164093018,4.4583330154418945,4.5416669845581055,27000000
1997-02-27,3.5629019737243652,4.444444179534912,4.527778148651123,4.430555820465088,4.527778148651123,32757300
1997-02-28,3.496098279953003,4.361111164093018,4.4583330154418945,4.319444179534912,4.4166669845581055,45770400
1997-03-03,3.5072309970855713,4.375,4.388888835906982,4.236111164093018,4.361111164093018,55296900
1997-03-04,3.5183660984039307,4.388888835906982,4.444444179534912,4.305555820465088,4.402778148651123,68404500
1997-03-05,3.540635108947754,4.4166669845581055,4.5,4.319444179534912,4.4166669845581055,38627100
1997-03-06,3.2567145824432373,4.0625,4.4166669845581055,3.9583330154418945,4.4166669845581055,170810100
1997-03-07,3.189911365509033,3.9791669845581055,4.180555820465088,3.9166669845581055,4.125,119399400
1997-03-10,3.2066116333007812,4.0,4.0833330154418945,3.8611109256744385,4.013888835906982,86598900
1997-03-11,3.1843438148498535,3.972222089767456,4.069444179534912,3.902777910232544,4.055555820465088,56134800
1997-03-12,3.0396010875701904,3.7916669845581055,3.972222089767456,3.7361109256744385,3.9583330154418945,77609700
1997-03-13,3.217745542526245,4.013888835906982,4.111111164093018,3.7916669845581055,3.805556058883667,120248100
1997-03-14,3.651975631713867,4.555555820465088,4.569444179534912,4.388888835906982,4.402778148651123,155835000
1997-03-17,3.7410483360290527,4.6666669845581055,4.680555820465088,4.430555820465088,4.5,84921300
1997-03-18,3.6074376106262207,4.5,4.722221851348877,4.430555820465088,4.680555820465088,65855700
1997-03-19,3.5072309970855713,4.375,4.444444179534912,4.25,4.4166669845581055,72075600
1997-03-20,3.551767349243164,4.430555820465088,4.5,4.319444179534912,4.361111164093018,53210700
1997-03-21,3.551767349243164,4.430555820465088,4.5,4.4166669845581055,4.472221851348877,46665000
1997-03-24,3.551767349243164,4.430555820465088,4.444444179534912,4.319444179534912,4.388888835906982,43705800
1997-03-25,3.4738290309906006,4.3333330154418945,4.5,4.2916669845581055,4.4583330154418945,52730100
1997-03-26,3.6074376106262207,4.5,4.527778148651123,4.3333330154418945,4.361111164093018,44325000
1997-03-27,3.5072309970855713,4.375,4.527778148651123,4.2916669845581055,4.513888835906982,48681000
1997-03-31,3.4348604679107666,4.284721851348877,4.375,4.222221851348877,4.347221851348877,40222800
1997-04-01,3.295685052871704,4.111111164093018,4.2916669845581055,4.027778148651123,4.055555820465088,71018100
1997-04-02,3.2734150886535645,4.0833330154418945,4.180555820465088,4.027778148651123,4.125,42739200
1997-04-03,3.4404261112213135,4.2916669845581055,4.305555820465088,4.013888835906982,4.097221851348877,71208900
1997-04-04,3.4626948833465576,4.319444179534912,4.4166669845581055,4.2083330154418945,4.222221851348877,54000000
1997-04-07,3.540635108947754,4.4166669845581055,4.430555820465088,4.319444179534912,4.388888835906982,37730700
1997-04-08,3.5183660984039307,4.388888835906982,4.4166669845581055,4.305555820465088,4.388888835906982,27486000
1997-04-09,3.418159246444702,4.263888835906982,4.444444179534912,4.25,4.402778148651123,39940200
1997-04-10,3.340221643447876,4.1666669845581055,4.277778148651123,4.138888835906982,4.263888835906982,34047900
1997-04-11,3.2511487007141113,4.055555820465088,4.138888835906982,4.055555820465088,4.097221851348877,42588000
1997-04-14,3.4626948833465576,4.319444179534912,4.3333330154418945,4.0,4.069444179534912,41932800
1997-04-15,3.323519706726074,4.1458330154418945,4.402778148651123,4.013888835906982,4.361111164093018,67640400
1997-04-16,3.340221643447876,4.1666669845581055,4.180555820465088,4.055555820465088,4.111111164093018,31331700
1997-04-17,3.30125093460083,4.118055820465088,4.3333330154418945,4.097221851348877,4.194444179534912,37100700
1997-04-18,3.3068184852600098,4.125,4.194444179534912,4.013888835906982,4.152778148651123,53865000
1997-04-21,3.217745542526245,4.013888835906982,4.125,3.9861109256744385,4.0833330154418945,30331800
1997-04-22,3.1398074626922607,3.9166669845581055,4.0416669845581055,3.875,4.0416669845581055,48249000
1997-04-23,3.362489700317383,4.194444179534912,4.222221851348877,3.902777910232544,3.944443941116333,69930900
1997-04-24,3.5183660984039307,4.388888835906982,4.430555820465088,4.236111164093018,4.25,66723300
1997-04-25,3.3736231327056885,4.2083330154418945,4.375,4.2083330154418945,4.347221851348877,32589900
1997-04-28,3.3847556114196777,4.222221851348877,4.319444179534912,4.0833330154418945,4.222221851348877,30512700
1997-04-29,3.4292924404144287,4.277778148651123,4.430555820465088,4.222221851348877,4.3333330154418945,55114200
1997-04-30,3.540635108947754,4.4166669845581055,4.444444179534912,4.222221851348877,4.236111164093018,80145900
1997-05-01,3.6018707752227783,4.493055820465088,4.569444179534912,4.402778148651123,4.430555820465088,81002700
1997-05-02,3.7855818271636963,4.722221851348877,4.736111164093018,4.472221851348877,4.486111164093018,65894400
1997-05-05,3.985995054244995,4.972221851348877,5.013888835906982,4.75,4.763888835906982,123752700
1997-05-06,3.913625717163086,4.881944179534912,5.0,4.805555820465088,4.9583330154418945,62184600
1997-05-07,3.830120086669922,4.777778148651123,4.944444179534912,4.763888835906982,4.805555820465088,45734400
1997-05-08,3.908057451248169,4.875,4.944444179534912,4.694444179534912,4.736111164093018,60463800
1997-05-09,3.908057451248169,4.875,4.972221851348877,4.75,4.902778148651123,42534000
1997-05-12,3.896925210952759,4.861111164093018,4.9583330154418945,4.777778148651123,4.847221851348877,37386900
1997-05-13,3.9915642738342285,4.9791669845581055,5.0833330154418945,4.902778148651123,4.9166669845581055,93183300
1997-05-14,3.9470279216766357,4.923611164093018,5.125,4.875,5.111111164093018,74369700
1997-05-15,4.091771125793457,5.1041669845581055,5.125,4.9166669845581055,4.930555820465088,64282500
1997-05-16,3.9525935649871826,4.930555820465088,5.097221851348877,4.9166669845581055,4.986111164093018,69361200
1997-05-19,3.9414584636688232,4.9166669845581055,4.944444179534912,4.8333330154418945,4.9166669845581055,35838000
1997-05-20,4.0305352210998535,5.027778148651123,5.027778148651123,4.861111164093018,4.930555820465088,44722800
1997-05-21,4.180842876434326,5.215278148651123,5.236111164093018,5.097221851348877,5.097221851348877,80141400
1997-05-22,4.1641435623168945,5.194444179534912,5.2916669845581055,5.1666669845581055,5.263888835906982,43659900
1997-05-23,4.186409950256348,5.222221851348877,5.263888835906982,5.138888835906982,5.194444179534912,22555800
1997-05-27,4.21981143951416,5.263888835906982,5.319444179534912,5.111111164093018,5.1666669845581055,39391200
1997-05-28,4.197543144226074,5.236111164093018,5.305555820465088,5.1666669845581055,5.25,40014000
1997-05-29,4.197543144226074,5.236111164093018,5.347221851348877,5.194444179534912,5.263888835906982,48439800
1997-05-30,4.153008460998535,5.180555820465088,5.236111164093018,4.888888835906982,4.888888835906982,69277500
1997-06-02,4.364553928375244,5.444444179534912,5.444444179534912,5.111111164093018,5.194444179534912,55036800
1997-06-03,4.141873359680176,5.1666669845581055,5.430555820465088,5.159721851348877,5.4166669845581055,59567400
1997-06-04,4.158576011657715,5.1875,5.2708330154418945,5.111111164093018,5.180555820465088,51327000
1997-06-05,4.230944633483887,5.277778148651123,5.375,5.222221851348877,5.236111164093018,49992300
1997-06-06,4.364553928375244,5.444444179534912,5.444444179534912,5.263888835906982,5.277778148651123,60370200
1997-06-09,4.364553928375244,5.444444179534912,5.513888835906982,5.4166669845581055,5.4375,44697600
1997-06-10,4.242079734802246,5.2916669845581055,5.4791669845581055,5.2708330154418945,5.4375,41639400
1997-06-11,4.336717128753662,5.409721851348877,5.4375,5.243055820465088,5.2916669845581055,31883400
1997-06-12,4.417440891265869,5.5104169845581055,5.548611164093018,5.381944179534912,5.402778148651123,52849800
1997-06-13,4.631771564483643,5.777778148651123,5.777778148651123,5.4583330154418945,5.5,95150700
1997-06-16,4.659607410430908,5.8125,5.888888835906982,5.680555820465088,5.777778148651123,85806000
1997-06-17,4.7431135177612305,5.9166669845581055,5.944444179534912,5.763888835906982,5.784721851348877,67364100
1997-06-18,4.481462001800537,5.590278148651123,5.763888835906982,5.555555820465088,5.625,99493200
1997-06-19,4.414656162261963,5.506944179534912,5.638888835906982,5.486111164093018,5.5833330154418945,63288000
1997-06-20,4.297749996185303,5.361111164093018,5.5416669845581055,5.361111164093018,5.513888835906982,79125300
1997-06-23,4.297749996185303,5.361111164093018,5.513888835906982,5.361111164093018,5.4166669845581055,64331100
1997-06-24,4.464761257171631,5.569444179534912,5.597221851348877,5.347221851348877,5.444444179534912,51371100
1997-06-25,4.537132263183594,5.659721851348877,5.777778148651123,5.513888835906982,5.611111164093018,73665900
1997-06-26,4.514864444732666,5.631944179534912,5.756944179534912,5.597221851348877,5.638888835906982,45954000
1997-06-27,4.487029552459717,5.597221851348877,5.7083330154418945,5.590278148651123,5.652778148651123,34057800
1997-06-30,4.487029552459717,5.597221851348877,5.652778148651123,5.4583330154418945,5.597221851348877,30345300
1997-07-01,4.32558536529541,5.3958330154418945,5.597221851348877,5.347221851348877,5.548611164093018,46398600
1997-07-02,4.286616802215576,5.347221851348877,5.4166669845581055,5.263888835906982,5.409721851348877,52347600
1997-07-03,4.431357383728027,5.527778148651123,5.5416669845581055,5.361111164093018,5.375,22314600
1997-07-07,4.392389297485352,5.4791669845581055,5.625,5.444444179534912,5.5416669845581055,28595700
1997-07-08,4.537132263183594,5.659721851348877,5.6666669845581055,5.472221851348877,5.4791669845581055,30799800
1997-07-09,4.592803955078125,5.7291669845581055,5.8125,5.6666669845581055,5.694444179534912,57402900
1997-07-10,4.637340545654297,5.784721851348877,5.8541669845581055,5.569444179534912,5.722221851348877,48904200
1997-07-11,4.659607410430908,5.8125,5.875,5.763888835906982,5.777778148651123,29150100
1997-07-14,4.787650108337402,5.972221851348877,5.9791669845581055,5.8125,5.8125,35348400
1997-07-15,5.029816627502441,6.274305820465088,6.305555820465088,6.069444179534912,6.111111164093018,72235800
1997-07-16,5.116104602813721,6.381944179534912,6.555555820465088,6.368055820465088,6.402778148651123,75413700
1997-07-17,4.976927757263184,6.2083330154418945,6.402778148651123,6.194444179534912,6.3958330154418945,54171900
1997-07-18,4.976927757263184,6.2083330154418945,6.284721851348877,6.0,6.1875,73792800
1997-07-21,4.9156904220581055,6.131944179534912,6.2083330154418945,6.0416669845581055,6.2083330154418945,27926100
1997-07-22,5.0660014152526855,6.319444179534912,6.3333330154418945,6.055555820465088,6.152778148651123,36589500
1997-07-23,5.043732643127441,6.2916669845581055,6.4166669845581055,6.111111164093018,6.381944179534912,51560100
1997-07-24,4.876721382141113,6.0833330154418945,6.298611164093018,6.055555820465088,6.236111164093018,45485100
1997-07-25,4.876721382141113,6.0833330154418945,6.236111164093018,6.0416669845581055,6.097221851348877,39303900
1997-07-28,4.854454517364502,6.055555820465088,6.180555820465088,5.986111164093018,6.1041669845581055,29468700
1997-07-29,4.854454517364502,6.055555820465088,6.0833330154418945,5.951388835906982,6.048611164093018,30496500
1997-07-30,4.932392120361328,6.152778148651123,6.25,6.013888835906982,6.069444179534912,32689800
1997-07-31,4.848886013031006,6.048611164093018,6.236111164093018,6.027778148651123,6.1666669845581055,28381500
1997-08-01,4.887855529785156,6.097221851348877,6.194444179534912,6.0416669845581055,6.069444179534912,39107700
1997-08-04,4.999197483062744,6.236111164093018,6.263888835906982,6.097221851348877,6.125,28911600
1997-08-05,5.060433864593506,6.3125,6.3333330154418945,6.2083330154418945,6.2916669845581055,37244700
1997-08-06,5.166207790374756,6.444444179534912,6.4583330154418945,6.277778148651123,6.3333330154418945,44258400
1997-08-07,5.0660014152526855,6.319444179534912,6.486111164093018,6.305555820465088,6.472221851348877,49798800
1997-08-08,5.110537528991699,6.375,6.430555820465088,6.1666669845581055,6.25,59588100
1997-08-11,5.07713508605957,6.3333330154418945,6.430555820465088,6.173611164093018,6.4166669845581055,38808900
1997-08-12,5.0103302001953125,6.25,6.388888835906982,6.25,6.381944179534912,25629300
1997-08-13,5.054868698120117,6.305555820465088,6.347221851348877,6.1666669845581055,6.3333330154418945,33688800
1997-08-14,5.1550726890563965,6.430555820465088,6.444444179534912,6.3125,6.3333330154418945,37004400
1997-08-15,4.965795040130615,6.194444179534912,6.513888835906982,6.180555820465088,6.430555820465088,46280700
1997-08-18,5.143940448760986,6.4166669845581055,6.4375,6.0208330154418945,6.2083330154418945,30523800
1997-08-19,5.494661808013916,6.8541669845581055,6.8645830154418945,6.5,6.5729169845581055,60157200
1997-08-20,5.477960586547852,6.8333330154418945,7.0208330154418945,6.7604169845581055,6.9791669845581055,54691200
1997-08-21,5.344351768493652,6.6666669845581055,6.8958330154418945,6.6458330154418945,6.8854169845581055,36745200
1997-08-22,5.461261749267578,6.8125,6.8125,6.4166669845581055,6.5625,41149200
1997-08-25,5.294248104095459,6.6041669845581055,6.84375,6.59375,6.8333330154418945,27442200
1997-08-26,5.160639762878418,6.4375,6.625,6.40625,6.6041669845581055,50061000
1997-08-27,5.127237796783447,6.3958330154418945,6.5416669845581055,6.3020830154418945,6.4791669845581055,33187200
1997-08-28,4.8516693115234375,6.0520830154418945,6.4375,6.0208330154418945,6.3958330154418945,48157200
1997-08-29,5.093837261199951,6.3541669845581055,6.4166669845581055,6.0625,6.1458330154418945,50159400
1997-09-02,5.194040775299072,6.4791669845581055,6.53125,6.3541669845581055,6.4375,37926000
1997-09-03,5.143940448760986,6.4166669845581055,6.5625,6.3958330154418945,6.5416669845581055,30378000
1997-09-04,5.219095230102539,6.5104169845581055,6.5520830154418945,6.4166669845581055,6.4583330154418945,23112600
1997-09-05,5.277548313140869,6.5833330154418945,6.65625,6.5104169845581055,6.5625,21586800
1997-09-08,5.336001873016357,6.65625,6.6666669845581055,6.53125,6.6145830154418945,25389000
1997-09-09,5.319302082061768,6.6354169845581055,6.6770830154418945,6.5208330154418945,6.65625,27785400
1997-09-10,5.06878662109375,6.3229169845581055,6.6041669845581055,6.2708330154418945,6.6041669845581055,50615400
1997-09-11,5.202392578125,6.4895830154418945,6.53125,6.1979169845581055,6.3333330154418945,34527000
1997-09-12,5.168990612030029,6.4479169845581055,6.5625,6.3125,6.5416669845581055,23408400
1997-09-15,5.07713508605957,6.3333330154418945,6.5729169845581055,6.3229169845581055,6.4791669845581055,31686600
1997-09-16,5.285897731781006,6.59375,6.6041669845581055,6.3333330154418945,6.3958330154418945,41925000
1997-09-17,4.818268775939941,6.0104169845581055,6.2708330154418945,5.9583330154418945,6.2291669845581055,164461200
1997-09-18,4.901772499084473,6.1145830154418945,6.2604169845581055,6.03125,6.1354169845581055,84763800
1997-09-19,5.0103302001953125,6.25,6.28125,6.0625,6.1458330154418945,61997400
1997-09-22,4.964402675628662,6.1927080154418945,6.3541669845581055,6.1875,6.3125,32969400
1997-09-23,4.9936299324035645,6.2291669845581055,6.3229169845581055,6.15625,6.1979169845581055,30796200
1997-09-24,5.06878662109375,6.3229169845581055,6.5208330154418945,6.3125,6.4166669845581055,64599600
1997-09-25,5.110537528991699,6.375,6.4375,6.1770830154418945,6.3020830154418945,35757000
1997-09-26,5.027031421661377,6.2708330154418945,6.4166669845581055,6.2291669845581055,6.40625,37310400
1997-09-29,4.9936299324035645,6.2291669845581055,6.3125,6.1458330154418945,6.2916669845581055,30647400
1997-09-30,4.868370532989502,6.0729169845581055,6.25,6.0729169845581055,6.2291669845581055,26589000
1997-10-01,4.8099164962768555,6.0,6.1666669845581055,5.9375,6.1666669845581055,37809600
1997-10-02,4.8099164962768555,6.0,6.125,5.9166669845581055,6.0416669845581055,32830800
1997-10-03,4.926825523376465,6.1458330154418945,6.2916669845581055,6.0520830154418945,6.1041669845581055,32593200
1997-10-06,4.951877593994141,6.1770830154418945,6.2916669845581055,6.125,6.2083330154418945,21720000
1997-10-07,5.014504909515381,6.2552080154418945,6.2916669845581055,6.132812976837158,6.1875,25854600
1997-10-08,4.976927757263184,6.2083330154418945,6.2916669845581055,6.125,6.2916669845581055,22747200
1997-10-09,4.968579292297363,6.1979169845581055,6.25,6.125,6.1666669845581055,17358000
1997-10-10,4.8266191482543945,6.0208330154418945,6.1666669845581055,6.0,6.1041669845581055,38638200
1997-10-13,4.860019683837891,6.0625,6.1145830154418945,6.0208330154418945,6.0833330154418945,21827400
1997-10-14,4.8099164962768555,6.0,6.1041669845581055,5.9375,6.0520830154418945,23269800
1997-10-15,4.667961120605469,5.8229169845581055,5.9895830154418945,5.7708330154418945,5.9375,53673000
1997-10-16,4.601153373718262,5.7395830154418945,5.9166669845581055,5.6666669845581055,5.875,36670800
1997-10-17,4.567751407623291,5.6979169845581055,5.7604169845581055,5.5625,5.625,45437400
1997-10-20,4.609504699707031,5.75,5.8229169845581055,5.6979169845581055,5.75,29237400
1997-10-21,4.768165588378906,5.9479169845581055,5.9583330154418945,5.8125,5.8333330154418945,38733600
1997-10-22,4.684660911560059,5.84375,6.0625,5.8125,5.96875,27979800
1997-10-23,4.55940055847168,5.6875,5.7916669845581055,5.5416669845581055,5.5833330154418945,30819600
1997-10-24,4.5343499183654785,5.65625,5.8541669845581055,5.59375,5.7916669845581055,34748400
1997-10-27,4.1752753257751465,5.2083330154418945,5.6666669845581055,5.1666669845581055,5.5625,43253400
1997-10-28,4.642906188964844,5.7916669845581055,5.8125,4.7916669845581055,4.8333330154418945,80150400
1997-10-29,4.684660911560059,5.84375,5.9791669845581055,5.6666669845581055,5.8125,62920200
1997-10-30,4.509299278259277,5.625,5.9791669845581055,5.5833330154418945,5.5833330154418945,49981200
1997-10-31,4.780691623687744,5.9635419845581055,5.9791669845581055,5.75,5.84375,55548000
1997-11-03,4.793217658996582,5.9791669845581055,6.125,5.8333330154418945,6.0208330154418945,49341000
1997-11-04,4.901772499084473,6.1145830154418945,6.1458330154418945,5.9583330154418945,6.0,42405000
1997-11-05,4.860019683837891,6.0625,6.2083330154418945,6.0416669845581055,6.1458330154418945,24966600
1997-11-06,4.726410865783691,5.8958330154418945,6.0625,5.8645830154418945,6.0520830154418945,29761200
1997-11-07,4.667961120605469,5.8229169845581055,5.8541669845581055,5.625,5.6875,32662200
1997-11-10,4.6262054443359375,5.7708330154418945,6.0,5.75,5.8958330154418945,24766800
1997-11-11,4.667961120605469,5.8229169845581055,5.8541669845581055,5.7083330154418945,5.8333330154418945,23399400
1997-11-12,4.342286586761475,5.4166669845581055,5.8333330154418945,5.2916669845581055,5.7083330154418945,50317800
1997-11-13,4.459194660186768,5.5625,5.6041669845581055,5.3229169845581055,5.5416669845581055,44474400
1997-11-14,4.601153373718262,5.7395830154418945,5.8125,5.5833330154418945,5.6041669845581055,30315600
1997-11-17,4.709712028503418,5.875,6.0208330154418945,5.8333330154418945,5.8645830154418945,44148000
1997-11-18,4.642906188964844,5.7916669845581055,5.90625,5.7708330154418945,5.8958330154418945,20984400
1997-11-19,4.651256084442139,5.8020830154418945,5.8333330154418945,5.6666669845581055,5.7916669845581055,18663600
1997-11-20,4.701358795166016,5.8645830154418945,5.96875,5.7708330154418945,5.8541669845581055,24085200
1997-11-21,4.676309108734131,5.8333330154418945,5.9791669845581055,5.7291669845581055,5.9583330154418945,31270800
1997-11-24,4.342286586761475,5.4166669845581055,5.7083330154418945,5.3333330154418945,5.6875,63726000
1997-11-25,4.467546463012695,5.5729169845581055,5.6666669845581055,5.4375,5.6041669845581055,46028400
1997-11-26,4.392389297485352,5.4791669845581055,5.6979169845581055,5.4375,5.6354169845581055,29482800
1997-11-28,4.450845241546631,5.5520830154418945,5.5833330154418945,5.4166669845581055,5.4791669845581055,13800600
1997-12-01,4.258780002593994,5.3125,5.3958330154418945,5.2083330154418945,5.375,73719000
1997-12-02,4.058366775512695,5.0625,5.28125,5.0,5.2708330154418945,60875400
1997-12-03,4.041668891906738,5.0416669845581055,5.1041669845581055,4.9375,5.03125,73313400
1997-12-04,4.041668891906738,5.0416669845581055,5.2291669845581055,5.03125,5.125,41658000
1997-12-05,4.166922569274902,5.1979169845581055,5.25,5.03125,5.0416669845581055,46664400
1997-12-08,4.32558536529541,5.3958330154418945,5.4166669845581055,5.21875,5.3125,49045800
1997-12-09,3.064652442932129,3.8229169845581055,4.0,3.7291669845581055,3.8333330154418945,1030963200
1997-12-10,3.131455898284912,3.90625,3.9791669845581055,3.7916669845581055,3.9375,397717800
1997-12-11,2.931044340133667,3.65625,3.90625,3.625,3.875,197842200
1997-12-12,3.0396010875701904,3.7916669845581055,3.828125,3.65625,3.7291669845581055,110835000
1997-12-15,3.098055124282837,3.8645830154418945,3.90625,3.8020830154418945,3.8854169845581055,90271200
1997-12-16,3.114755630493164,3.8854169845581055,3.9270830154418945,3.8541669845581055,3.90625,84283200
1997-12-17,3.022899627685547,3.7708330154418945,3.9583330154418945,3.7291669845581055,3.9375,79088400
1997-12-18,2.939394474029541,3.6666669845581055,3.8333330154418945,3.6666669845581055,3.8333330154418945,72075000
1997-12-19,2.8892905712127686,3.6041669845581055,3.6979169845581055,3.5,3.6041669845581055,105211800
1997-12-22,2.905992269515991,3.625,3.7916669845581055,3.6041669845581055,3.65625,58378200
1997-12-23,2.8224856853485107,3.5208330154418945,3.6458330154418945,3.4895830154418945,3.6458330154418945,62624400
1997-12-24,2.814135789871216,3.5104169845581055,3.5625,3.5,3.5208330154418945,28986000
1997-12-26,2.864239454269409,3.5729169845581055,3.5729169845581055,3.5104169845581055,3.5416669845581055,22574400
1997-12-29,2.905992269515991,3.625,3.6666669845581055,3.5729169845581055,3.65625,45751200
1997-12-30,2.989497184753418,3.7291669845581055,3.7291669845581055,3.625,3.6354169845581055,43931400
1997-12-31,2.9811460971832275,3.71875,3.75,3.6666669845581055,3.7291669845581055,51522000
1998-01-02,3.0730020999908447,3.8333330154418945,3.90625,3.6875,3.7291669845581055,29169000
1998-01-05,3.123106002807617,3.8958330154418945,3.9166669845581055,3.8125,3.8541669845581055,66106800
1998-01-06,3.031250238418579,3.78125,3.8958330154418945,3.7395830154418945,3.8854169845581055,41610000
1998-01-07,2.8224856853485107,3.5208330154418945,3.75,3.5,3.75,98762400
1998-01-08,2.7139289379119873,3.3854169845581055,3.5833330154418945,3.3541669845581055,3.5520830154418945,97678800
1998-01-09,2.5051651000976562,3.125,3.375,3.1041669845581055,3.375,149899800
1998-01-12,2.4133098125457764,3.0104169845581055,3.125,2.9583330154418945,3.0625,150830400
1998-01-13,2.5469181537628174,3.1770830154418945,3.2083330154418945,3.0625,3.1458330154418945,129453000
1998-01-14,2.613722801208496,3.2604169845581055,3.3125,3.1875,3.2291669845581055,99942600
1998-01-15,2.571969747543335,3.2083330154418945,3.2916669845581055,3.1458330154418945,3.28125,59463600
1998-01-16,2.597020149230957,3.2395830154418945,3.3020830154418945,3.21875,3.25,71509800
1998-01-20,2.7055792808532715,3.375,3.375,3.2916669845581055,3.3541669845581055,60654600
1998-01-21,2.688878297805786,3.3541669845581055,3.4166669845581055,3.3333330154418945,3.3958330154418945,45778800
1998-01-22,2.6638264656066895,3.3229169845581055,3.3645830154418945,3.2916669845581055,3.3541669845581055,40696200
1998-01-23,2.597020149230957,3.2395830154418945,3.375,3.1979169845581055,3.375,54330000
1998-01-26,2.530216932296753,3.15625,3.25,3.1458330154418945,3.25,45301200
1998-01-27,2.5385677814483643,3.1666669845581055,3.1979169845581055,3.125,3.1458330154418945,53340000
1998-01-28,2.8308372497558594,3.53125,3.5833330154418945,3.4166669845581055,3.4270830154418945,153802200
1998-01-29,2.985321283340454,3.7239580154418945,3.8125,3.5833330154418945,3.59375,125407200
1998-01-30,3.10640549659729,3.875,3.9791669845581055,3.7916669845581055,3.8125,128443800
1998-02-02,3.29011607170105,4.1041669845581055,4.1458330154418945,4.0729169845581055,4.125,100587600
1998-02-03,3.2984678745269775,4.1145830154418945,4.1458330154418945,4.0208330154418945,4.1354169845581055,67231200
1998-02-04,3.2650654315948486,4.0729169845581055,4.125,4.03125,4.0625,50851800
1998-02-05,3.189911365509033,3.9791669845581055,4.2083330154418945,3.9375,4.1145830154418945,70332000
1998-02-06,3.6074376106262207,4.5,4.5,3.9583330154418945,3.9791669845581055,133721400
1998-02-09,3.6992950439453125,4.6145830154418945,4.789062976837158,4.5,4.7291669845581055,161128800
1998-02-10,3.640840530395508,4.5416669845581055,4.65625,4.46875,4.65625,99507000
1998-02-11,3.599086046218872,4.4895830154418945,4.5625,4.4270830154418945,4.4895830154418945,58904400
1998-02-12,3.590735912322998,4.4791669845581055,4.5,4.3020830154418945,4.3958330154418945,65746800
1998-02-13,3.540635108947754,4.4166669845581055,4.4583330154418945,4.3541669845581055,4.40625,35910600
1998-02-17,3.4237253665924072,4.2708330154418945,4.5,4.2395830154418945,4.4791669845581055,43597200
1998-02-18,3.4654784202575684,4.3229169845581055,4.3645830154418945,4.1875,4.25,37574400
1998-02-19,3.3819735050201416,4.21875,4.3541669845581055,4.1875,4.34375,54198600
1998-02-20,3.3569223880767822,4.1875,4.2708330154418945,4.0520830154418945,4.2708330154418945,59091000
1998-02-23,3.5239317417144775,4.3958330154418945,4.40625,4.25,4.2708330154418945,67914000
1998-02-24,3.4988811016082764,4.3645830154418945,4.46875,4.2916669845581055,4.4583330154418945,50905200
1998-02-25,3.4821794033050537,4.34375,4.3854169845581055,4.21875,4.3645830154418945,55740000
1998-02-26,3.4153757095336914,4.2604169845581055,4.3125,4.1875,4.2916669845581055,53124600
1998-02-27,3.29011607170105,4.1041669845581055,4.2395830154418945,4.0625,4.2291669845581055,79120200
1998-03-02,3.2233121395111084,4.0208330154418945,4.1145830154418945,4.0208330154418945,4.09375,41014800
1998-03-03,3.4821794033050537,4.34375,4.3645830154418945,4.0208330154418945,4.1145830154418945,105721800
1998-03-04,3.4821794033050537,4.34375,4.4583330154418945,4.28125,4.3333330154418945,57533400
1998-03-05,3.3819735050201416,4.21875,4.3229169845581055,4.1614580154418945,4.1875,50005800
1998-03-06,3.590735912322998,4.4791669845581055,4.5,4.1875,4.2604169845581055,73587600
1998-03-09,3.4153757095336914,4.2604169845581055,4.513020992279053,4.2291669845581055,4.46875,79209000
1998-03-10,3.6074376106262207,4.5,4.5208330154418945,4.346354007720947,4.4583330154418945,83075400
1998-03-11,3.732696533203125,4.65625,4.6770830154418945,4.5208330154418945,4.53125,110964600
1998-03-12,3.6992950439453125,4.6145830154418945,4.7083330154418945,4.4583330154418945,4.625,94375200
1998-03-13,3.8997066020965576,4.8645830154418945,5.1666669845581055,4.8333330154418945,5.1666669845581055,264699600
1998-03-16,3.9581620693206787,4.9375,4.9895830154418945,4.8958330154418945,4.8958330154418945,64366800
1998-03-17,3.8412535190582275,4.7916669845581055,4.9479169845581055,4.75,4.9375,57643200
1998-03-18,3.924757480621338,4.8958330154418945,4.9270830154418945,4.7083330154418945,4.7291669845581055,61584000
1998-03-19,3.908057451248169,4.875,4.90625,4.8125,4.8958330154418945,38823600
1998-03-20,3.866304636001587,4.8229169845581055,4.875,4.7395830154418945,4.875,56153400
1998-03-23,4.016615867614746,5.0104169845581055,5.0208330154418945,4.75,4.7916669845581055,83642400
1998-03-24,4.0500168800354,5.0520830154418945,5.1041669845581055,4.9791669845581055,4.9895830154418945,86273400
1998-03-25,4.100118160247803,5.1145830154418945,5.1666669845581055,5.0625,5.1458330154418945,83322600
1998-03-26,4.208676815032959,5.25,5.252604007720947,5.0625,5.0625,65593800
1998-03-27,4.150224685668945,5.1770830154418945,5.2916669845581055,5.0833330154418945,5.2604169845581055,45736200
1998-03-30,4.183626174926758,5.21875,5.2291669845581055,5.1041669845581055,5.125,42528000
1998-03-31,4.217027187347412,5.2604169845581055,5.28125,5.2083330154418945,5.21875,42608400
1998-04-01,4.1919779777526855,5.2291669845581055,5.3125,5.1041669845581055,5.2916669845581055,51238800
1998-04-02,4.02496337890625,5.0208330154418945,5.1979169845581055,4.9791669845581055,5.1770830154418945,42534600
1998-04-03,3.7577483654022217,4.6875,4.8854169845581055,4.625,4.8541669845581055,135210600
1998-04-06,3.6241393089294434,4.5208330154418945,4.65625,4.4375,4.625,75051000
1998-04-07,3.6241393089294434,4.5208330154418945,4.53125,4.375,4.4479169845581055,60317400
1998-04-08,3.6157891750335693,4.5104169845581055,4.5833330154418945,4.4375,4.5,35712000
1998-04-09,3.599086046218872,4.4895830154418945,4.5416669845581055,4.4375,4.53125,27467400
1998-04-13,3.7995007038116455,4.7395830154418945,4.7708330154418945,4.4270830154418945,4.4791669845581055,49784400
1998-04-14,3.807851791381836,4.75,4.8125,4.6666669845581055,4.7083330154418945,32473800
1998-04-15,3.774449586868286,4.7083330154418945,4.78125,4.65625,4.7708330154418945,26488200
1998-04-16,3.674243688583374,4.5833330154418945,4.6875,4.5416669845581055,4.6666669845581055,25158600
1998-04-17,3.640840530395508,4.5416669845581055,4.6041669845581055,4.5,4.5416669845581055,31989000
1998-04-20,3.674243688583374,4.5833330154418945,4.6354169845581055,4.5104169845581055,4.5104169845581055,36512400
1998-04-21,3.682593584060669,4.59375,4.59375,4.5208330154418945,4.5729169845581055,24115200
1998-04-22,3.674243688583374,4.5833330154418945,4.6145830154418945,4.5520830154418945,4.5625,30639000
1998-04-23,3.4821794033050537,4.34375,4.5625,4.34375,4.5520830154418945,54849000
1998-04-24,3.5656850337982178,4.4479169845581055,4.5,4.3541669845581055,4.3645830154418945,29288400
1998-04-27,3.5155820846557617,4.3854169845581055,4.40625,4.3020830154418945,4.34375,37527000
1998-04-28,3.5072309970855713,4.375,4.5,4.3541669845581055,4.4375,41070600
1998-04-29,3.5239317417144775,4.3958330154418945,4.4166669845581055,4.3020830154418945,4.3958330154418945,40535400
1998-04-30,3.4571282863616943,4.3125,4.4791669845581055,4.3125,4.46875,46720200
1998-05-01,3.4153757095336914,4.2604169845581055,4.3645830154418945,4.21875,4.3541669845581055,52196400
1998-05-04,3.5155820846557617,4.3854169845581055,4.4375,4.2708330154418945,4.3020830154418945,40241400
1998-05-05,3.448777198791504,4.3020830154418945,4.3541669845581055,4.2135419845581055,4.3125,65786400
1998-05-06,3.5155820846557617,4.3854169845581055,4.414062976837158,4.3020830154418945,4.3645830154418945,43002000
1998-05-07,3.4821794033050537,4.34375,4.40625,4.3229169845581055,4.375,34075200
1998-05-08,3.590735912322998,4.4791669845581055,4.4791669845581055,4.3333330154418945,4.3333330154418945,28894200
1998-05-11,3.4738290309906006,4.3333330154418945,4.5,4.3333330154418945,4.4895830154418945,27403200
1998-05-12,3.4821794033050537,4.34375,4.3645830154418945,4.25,4.34375,34554000
1998-05-13,3.4738290309906006,4.3333330154418945,4.375,4.3020830154418945,4.3333330154418945,26074200
1998-05-14,3.5072309970855713,4.375,4.4270830154418945,4.2916669845581055,4.2916669845581055,31849200
1998-05-15,3.4571282863616943,4.3125,4.3541669845581055,4.2708330154418945,4.3229169845581055,33055800
1998-05-18,3.4320778846740723,4.28125,4.3333330154418945,4.25,4.2708330154418945,32785800
1998-05-19,3.4821794033050537,4.34375,4.3541669845581055,4.28125,4.3229169845581055,27483000
1998-05-20,3.3569223880767822,4.1875,4.375,4.1666669845581055,4.3645830154418945,36439200
1998-05-21,3.29011607170105,4.1041669845581055,4.25,4.0416669845581055,4.21875,33985800
1998-05-22,3.2567145824432373,4.0625,4.1041669845581055,3.96875,4.09375,31108200
1998-05-26,3.2066116333007812,4.0,4.1041669845581055,3.9791669845581055,4.09375,27080400
1998-05-27,3.189911365509033,3.9791669845581055,4.03125,3.90625,3.9166669845581055,31188000
1998-05-28,3.29011607170105,4.1041669845581055,4.1041669845581055,3.9479169845581055,3.96875,28081200
1998-05-29,3.1565091609954834,3.9375,4.15625,3.9270830154418945,4.125,60899400
1998-06-01,3.0479507446289062,3.8020830154418945,4.0104169845581055,3.75,3.9270830154418945,39799200
1998-06-02,3.2567145824432373,4.0625,4.09375,3.6770830154418945,3.8229169845581055,83485200
1998-06-03,3.1481573581695557,3.9270830154418945,4.1041669845581055,3.9166669845581055,4.0833330154418945,48964200
1998-06-04,3.3151695728302,4.1354169845581055,4.15625,3.9375,3.9791669845581055,46338600
1998-06-05,3.4654784202575684,4.3229169845581055,4.4166669845581055,4.15625,4.15625,61518600
1998-06-08,3.4571282863616943,4.3125,4.3645830154418945,4.2708330154418945,4.28125,33981600
1998-06-09,3.4821794033050537,4.34375,4.3958330154418945,4.3020830154418945,4.3125,25986000
1998-06-10,3.323519706726074,4.1458330154418945,4.34375,4.125,4.2916669845581055,35389200
1998-06-11,3.2567145824432373,4.0625,4.1770830154418945,4.0104169845581055,4.1770830154418945,38994600
1998-06-12,3.3485708236694336,4.1770830154418945,4.21875,4.03125,4.0416669845581055,52746000
1998-06-15,3.2817673683166504,4.09375,4.25,4.0729169845581055,4.125,29586600
1998-06-16,3.240013599395752,4.0416669845581055,4.1458330154418945,3.9791669845581055,4.125,38971800
1998-06-17,3.248364210128784,4.0520830154418945,4.265625,4.0208330154418945,4.1041669845581055,65968200
1998-06-18,3.29011607170105,4.1041669845581055,4.2395830154418945,4.0625,4.1875,112911000
1998-06-19,3.240013599395752,4.0416669845581055,4.125,3.9895830154418945,4.1041669845581055,43827000
1998-06-22,3.231663465499878,4.03125,4.09375,3.9583330154418945,4.0208330154418945,39698400
1998-06-23,3.2650654315948486,4.0729169845581055,4.1666669845581055,4.0520830154418945,4.0520830154418945,33183600
1998-06-24,3.340221643447876,4.1666669845581055,4.2083330154418945,4.03125,4.1041669845581055,44262600
1998-06-25,3.2984678745269775,4.1145830154418945,4.2291669845581055,4.0833330154418945,4.1979169845581055,32257200
1998-06-26,3.29011607170105,4.1041669845581055,4.1354169845581055,4.0520830154418945,4.125,15721800
1998-06-29,3.2734150886535645,4.0833330154418945,4.1458330154418945,4.03125,4.125,22618200
1998-06-30,3.2817673683166504,4.09375,4.1354169845581055,3.9895830154418945,4.0416669845581055,30382800
1998-07-01,3.2149620056152344,4.0104169845581055,4.09375,4.0,4.09375,37561200
1998-07-02,3.0563015937805176,3.8125,4.0,3.7916669845581055,3.9791669845581055,61005600
1998-07-06,3.0813539028167725,3.84375,3.8645830154418945,3.8125,3.8541669845581055,30358800
1998-07-07,3.0563015937805176,3.8125,3.84375,3.7708330154418945,3.8333330154418945,25014000
1998-07-08,3.1481573581695557,3.9270830154418945,3.9375,3.8020830154418945,3.8645830154418945,48232800
1998-07-09,3.2650654315948486,4.0729169845581055,4.1354169845581055,3.9479169845581055,3.9583330154418945,61575000
1998-07-10,3.3485708236694336,4.1770830154418945,4.1875,3.9791669845581055,4.0729169845581055,41154600
1998-07-13,3.4237253665924072,4.2708330154418945,4.2916669845581055,4.1770830154418945,4.1770830154418945,41445000
1998-07-14,3.4738290309906006,4.3333330154418945,4.34375,4.2708330154418945,4.2708330154418945,56885400
1998-07-15,3.6157891750335693,4.5104169845581055,4.5625,4.3333330154418945,4.3333330154418945,74725200
1998-07-16,3.6992950439453125,4.6145830154418945,4.6458330154418945,4.5104169845581055,4.5416669845581055,48816600
1998-07-17,3.6178760528564453,4.513020992279053,4.625,4.46875,4.625,39223800
1998-07-20,3.682593584060669,4.59375,4.6875,4.46875,4.5,50903400
1998-07-21,3.707644462585449,4.625,4.75,4.5833330154418945,4.6041669845581055,51199200
1998-07-22,3.4654784202575684,4.3229169845581055,4.5104169845581055,4.2708330154418945,4.5,53298600
1998-07-23,3.3569223880767822,4.1875,4.28125,4.1666669845581055,4.2708330154418945,31864200
1998-07-24,3.29011607170105,4.1041669845581055,4.2395830154418945,4.0,4.21875,38740800
1998-07-27,3.5656850337982178,4.4479169845581055,4.4583330154418945,4.0416669845581055,4.0520830154418945,45499800
1998-07-28,3.599086046218872,4.4895830154418945,4.5104169845581055,4.3645830154418945,4.4270830154418945,45169200
1998-07-29,3.557335138320923,4.4375,4.5,4.3958330154418945,4.4895830154418945,41415000
1998-07-30,3.5656850337982178,4.4479169845581055,4.4895830154418945,4.4270830154418945,4.4791669845581055,43102200
1998-07-31,3.540635108947754,4.4166669845581055,4.5416669845581055,4.4166669845581055,4.4270830154418945,37299600
1998-08-03,3.557335138320923,4.4375,4.4895830154418945,4.34375,4.40625,34653600
1998-08-04,3.4070255756378174,4.25,4.5416669845581055,4.2083330154418945,4.53125,53547000
1998-08-05,3.365272045135498,4.1979169845581055,4.2708330154418945,4.0729169845581055,4.2291669845581055,36434400
1998-08-06,3.4237253665924072,4.2708330154418945,4.28125,4.09375,4.1145830154418945,27672600
1998-08-07,3.3569223880767822,4.1875,4.28125,4.1770830154418945,4.28125,25819200
1998-08-10,3.29011607170105,4.1041669845581055,4.21875,4.1041669845581055,4.1666669845581055,19776600
1998-08-11,3.2734150886535645,4.0833330154418945,4.1041669845581055,3.96875,4.0416669845581055,31141800
1998-08-12,3.3819735050201416,4.21875,4.2708330154418945,4.0833330154418945,4.0833330154418945,32503800
1998-08-13,3.2734150886535645,4.0833330154418945,4.2395830154418945,4.0833330154418945,4.1666669845581055,25808400
1998-08-14,3.1815598011016846,3.96875,4.1666669845581055,3.8854169845581055,4.15625,43505400
1998-08-17,3.1815598011016846,3.96875,4.0104169845581055,3.8958330154418945,3.96875,34530600
1998-08-18,3.114755630493164,3.8854169845581055,4.03125,3.84375,3.9895830154418945,50109000
1998-08-19,3.2650654315948486,4.0729169845581055,4.1041669845581055,3.8958330154418945,3.8958330154418945,70491000
1998-08-20,3.2817673683166504,4.09375,4.125,3.9583330154418945,4.0416669845581055,34464600
1998-08-21,3.33186936378479,4.15625,4.1770830154418945,3.9583330154418945,4.0208330154418945,47086800
1998-08-24,3.240013599395752,4.0416669845581055,4.1979169845581055,4.0104169845581055,4.1666669845581055,22714800
1998-08-25,3.2233121395111084,4.0208330154418945,4.1041669845581055,3.9479169845581055,4.1041669845581055,25384800
1998-08-26,3.1815598011016846,3.96875,4.0625,3.9166669845581055,3.9270830154418945,19456800
1998-08-27,3.022899627685547,3.7708330154418945,3.90625,3.75,3.8854169845581055,36361800
1998-08-28,2.8475379943847656,3.5520830154418945,3.8020830154418945,3.5,3.78125,42436800
1998-08-31,2.6638264656066895,3.3229169845581055,3.6666669845581055,3.3020830154418945,3.6145830154418945,61621800
1998-09-01,2.747330665588379,3.4270830154418945,3.4583330154418945,3.03125,3.3333330154418945,76397400
1998-09-02,2.7139289379119873,3.3854169845581055,3.5,3.34375,3.46875,76332600
1998-09-03,2.5469181537628174,3.1770830154418945,3.4479169845581055,3.15625,3.3333330154418945,57826200
1998-09-04,2.764033317565918,3.4479169845581055,3.46875,3.25,3.28125,51078000
1998-09-08,2.8892905712127686,3.6041669845581055,3.65625,3.4791669845581055,3.6458330154418945,44079600
1998-09-09,2.914341926574707,3.6354169845581055,3.7708330154418945,3.5833330154418945,3.5833330154418945,35885400
1998-09-10,2.956094980239868,3.6875,3.6979169845581055,3.4791669845581055,3.6041669845581055,47487000
1998-09-11,3.4070255756378174,4.25,4.2708330154418945,4.0833330154418945,4.1041669845581055,146108400
1998-09-14,3.5489842891693115,4.4270830154418945,4.4270830154418945,4.2916669845581055,4.2916669845581055,60785400
1998-09-15,3.6074376106262207,4.5,4.5208330154418945,4.28125,4.3541669845581055,64830600
1998-09-16,3.640840530395508,4.5416669845581055,4.59375,4.4791669845581055,4.4895830154418945,56800800
1998-09-17,3.5823862552642822,4.46875,4.5104169845581055,4.3541669845581055,4.375,53653800
1998-09-18,3.632491111755371,4.53125,4.5520830154418945,4.4375,4.4791669845581055,47238600
1998-09-21,3.715996265411377,4.6354169845581055,4.6875,4.40625,4.4166669845581055,54644400
1998-09-22,3.824552536010742,4.7708330154418945,4.8020830154418945,4.65625,4.65625,52411200
1998-09-23,3.824552536010742,4.7708330154418945,4.8229169845581055,4.6458330154418945,4.8020830154418945,75694200
1998-09-24,3.7911505699157715,4.7291669845581055,4.8020830154418945,4.6666669845581055,4.6875,48895200
1998-09-25,3.866304636001587,4.8229169845581055,4.8333330154418945,4.6354169845581055,4.6354169845581055,46425000
1998-09-28,3.7577483654022217,4.6875,4.8958330154418945,4.6875,4.8229169845581055,44779200
1998-09-29,3.8830065727233887,4.84375,4.9166669845581055,4.6875,4.6875,72210000
1998-09-30,3.891355514526367,4.8541669845581055,4.9166669845581055,4.7291669845581055,4.75,58888200
1998-10-01,3.6074376106262207,4.5,4.8125,4.4791669845581055,4.7395830154418945,66616800
1998-10-02,3.4738290309906006,4.3333330154418945,4.4166669845581055,4.1875,4.3645830154418945,88020600
1998-10-05,3.173210382461548,3.9583330154418945,4.1666669845581055,3.7395830154418945,4.125,104928000
1998-10-06,3.098055124282837,3.8645830154418945,4.0833330154418945,3.84375,4.0833330154418945,49108200
1998-10-07,3.2567145824432373,4.0625,4.1041669845581055,3.8333330154418945,3.84375,49443600
1998-10-08,3.189911365509033,3.9791669845581055,4.0416669845581055,3.71875,3.8958330154418945,63256800
1998-10-09,3.4070255756378174,4.25,4.2708330154418945,3.8854169845581055,4.0520830154418945,61496400
1998-10-12,3.3151695728302,4.1354169845581055,4.3229169845581055,4.125,4.28125,30629400
1998-10-13,3.3068184852600098,4.125,4.2708330154418945,4.0416669845581055,4.0833330154418945,26618400
1998-10-14,3.4320778846740723,4.28125,4.3854169845581055,4.0833330154418945,4.0833330154418945,49360800
1998-10-15,3.5740342140197754,4.4583330154418945,4.5,4.2291669845581055,4.25,29899800
1998-10-16,3.5322821140289307,4.40625,4.5729169845581055,4.3333330154418945,4.5208330154418945,40399800
1998-10-19,3.7243449687957764,4.6458330154418945,4.6614580154418945,4.3541669845581055,4.375,45282600
1998-10-20,3.4988811016082764,4.3645830154418945,4.6979169845581055,4.3229169845581055,4.6666669845581055,51039600
1998-10-21,3.6241393089294434,4.5208330154418945,4.5625,4.2291669845581055,4.375,39889800
1998-10-22,3.632491111755371,4.53125,4.65625,4.3958330154418945,4.4375,28379400
1998-10-23,3.6199636459350586,4.515625,4.6145830154418945,4.375,4.5,31597200
1998-10-26,3.6909446716308594,4.6041669845581055,4.6666669845581055,4.5104169845581055,4.5208330154418945,44818800
1998-10-27,3.6157891750335693,4.5104169845581055,4.6666669845581055,4.5104169845581055,4.6458330154418945,32759400
1998-10-28,3.7619216442108154,4.6927080154418945,4.7083330154418945,4.5,4.5,38326800
1998-10-29,3.832902669906616,4.78125,4.8125,4.6666669845581055,4.6666669845581055,39097800
1998-10-30,3.9498088359832764,4.9270830154418945,4.9583330154418945,4.7916669845581055,4.7916669845581055,62119800
1998-11-02,3.999912738800049,4.9895830154418945,5.0,4.9270830154418945,4.9270830154418945,49954200
1998-11-03,3.9832119941711426,4.96875,5.0,4.9375,4.9791669845581055,44732400
1998-11-04,4.091771125793457,5.1041669845581055,5.125,4.9583330154418945,5.0,79275000
1998-11-05,4.250428676605225,5.3020830154418945,5.3229169845581055,5.0,5.0,69805800
1998-11-06,4.200328350067139,5.2395830154418945,5.3333330154418945,5.1875,5.2395830154418945,52956000
1998-11-09,4.250428676605225,5.3020830154418945,5.3020830154418945,5.0416669845581055,5.1666669845581055,59396400
1998-11-10,4.208676815032959,5.25,5.2916669845581055,5.125,5.25,31307400
1998-11-11,4.475894451141357,5.5833330154418945,5.6666669845581055,5.4479169845581055,5.4583330154418945,113314200
1998-11-12,4.400738716125488,5.4895830154418945,5.5416669845581055,5.4791669845581055,5.5,43410600
1998-11-13,4.434140682220459,5.53125,5.5520830154418945,5.4583330154418945,5.4895830154418945,28083600
1998-11-16,4.3339362144470215,5.40625,5.5833330154418945,5.3020830154418945,5.53125,42249600
1998-11-17,4.417440891265869,5.5104169845581055,5.6458330154418945,5.34375,5.40625,47075400
1998-11-18,4.484245300292969,5.59375,5.6145830154418945,5.5104169845581055,5.53125,33895200
1998-11-19,4.509299278259277,5.625,5.625,5.4375,5.5833330154418945,44346600
1998-11-20,4.651256084442139,5.8020830154418945,5.8333330154418945,5.625,5.7395830154418945,55476600
1998-11-23,4.926825523376465,6.1458330154418945,6.1666669845581055,5.8229169845581055,5.8333330154418945,60821400
1998-11-24,4.676309108734131,5.8333330154418945,6.1041669845581055,5.7708330154418945,6.03125,47662800
1998-11-25,4.6262054443359375,5.7708330154418945,5.8645830154418945,5.6979169845581055,5.8333330154418945,24115800
1998-11-27,4.793217658996582,5.9791669845581055,5.9895830154418945,5.7708330154418945,5.78125,12776400
1998-11-30,4.576101779937744,5.7083330154418945,5.9375,5.6979169845581055,5.9166669845581055,33556800
1998-12-01,4.935173988342285,6.15625,6.1666669845581055,5.6145830154418945,5.6145830154418945,78979800
1998-12-02,4.8516693115234375,6.0520830154418945,6.1458330154418945,6.0104169845581055,6.09375,45706200
1998-12-03,4.676309108734131,5.8333330154418945,6.09375,5.8333330154418945,6.0520830154418945,41251200
1998-12-04,4.885072708129883,6.09375,6.1041669845581055,5.9166669845581055,5.9375,46182600
1998-12-07,4.893422603607178,6.1041669845581055,6.1666669845581055,5.9166669845581055,6.125,28266000
1998-12-08,4.7180633544921875,5.8854169845581055,6.125,5.7708330154418945,6.1041669845581055,39116400
1998-12-09,4.893422603607178,6.1041669845581055,6.1041669845581055,5.8229169845581055,5.9479169845581055,39831600
1998-12-10,4.667961120605469,5.8229169845581055,6.2083330154418945,5.8020830154418945,6.1041669845581055,64810200
1998-12-11,4.976927757263184,6.2083330154418945,6.304687976837158,6.0104169845581055,6.1979169845581055,124789200
1998-12-14,4.960227012634277,6.1875,6.3854169845581055,6.1770830154418945,6.3020830154418945,76788600
1998-12-15,5.285897731781006,6.59375,6.6041669845581055,6.1979169845581055,6.34375,69344400
1998-12-16,5.160639762878418,6.4375,6.65625,6.3541669845581055,6.65625,57210600
1998-12-17,5.235795021057129,6.53125,6.5625,6.4166669845581055,6.4583330154418945,38235600
1998-12-18,5.252495765686035,6.5520830154418945,6.59375,6.4166669845581055,6.5,53547600
1998-12-21,5.219095230102539,6.5104169845581055,6.65625,6.4375,6.6145830154418945,48190200
1998-12-22,5.336001873016357,6.65625,6.6979169845581055,6.4166669845581055,6.5104169845581055,50949600
1998-12-23,5.569817066192627,6.9479169845581055,7.0208330154418945,6.75,6.7604169845581055,74973600
1998-12-24,5.503012180328369,6.8645830154418945,6.9791669845581055,6.8541669845581055,6.9583330154418945,10801800
1998-12-28,5.862088680267334,7.3125,7.3958330154418945,6.8645830154418945,6.9375,58003200
1998-12-29,5.945590972900391,7.4166669845581055,7.4791669845581055,7.28125,7.375,37177200
1998-12-30,5.8453850746154785,7.2916669845581055,7.4791669845581055,7.25,7.3645830154418945,33391800
1998-12-31,5.761880874633789,7.1875,7.3958330154418945,7.1666669845581055,7.28125,20972400
1999-01-04,5.745180130004883,7.1666669845581055,7.40625,7.0625,7.2708330154418945,43098000
1999-01-05,5.9205403327941895,7.3854169845581055,7.3958330154418945,6.9270830154418945,7.0416669845581055,67004400
1999-01-06,6.196110725402832,7.7291669845581055,7.8333330154418945,7.3854169845581055,7.4375,75255600
1999-01-07,6.095901966094971,7.6041669845581055,7.8541669845581055,7.5416669845581055,7.5416669845581055,48528000
1999-01-08,6.179408550262451,7.7083330154418945,7.7395830154418945,7.5,7.6458330154418945,50915400
1999-01-11,6.3046650886535645,7.8645830154418945,8.010416984558105,7.7916669845581055,7.9166669845581055,55628400
1999-01-12,6.137655258178711,7.65625,8.0,7.5208330154418945,7.9791669845581055,43664400
1999-01-13,6.112603187561035,7.625,7.7916669845581055,7.2708330154418945,7.4895830154418945,63853800
1999-01-14,5.962292194366455,7.4375,7.6875,7.2916669845581055,7.6875,59686200
1999-01-15,6.296315670013428,7.8541669845581055,7.8854169845581055,7.4270830154418945,7.5416669845581055,69376800
1999-01-19,6.905905246734619,8.614583015441895,8.677083015441895,8.216146469116211,8.395833015441895,95794800
1999-01-20,6.797347545623779,8.479166984558105,8.979166984558105,8.479166984558105,8.916666984558105,81503400
1999-01-21,6.50507926940918,8.114583015441895,8.677083015441895,8.020833015441895,8.458333015441895,92055000
1999-01-22,6.66373872756958,8.3125,8.677083015441895,7.875,7.8958330154418945,61857600
1999-01-25,6.822399616241455,8.510416984558105,8.666666984558105,8.291666984558105,8.40625,32653200
1999-01-26,7.064564228057861,8.8125,8.822916984558105,8.552083015441895,8.638021469116211,40450200
1999-01-27,6.814051151275635,8.5,8.947916984558105,8.5,8.854166984558105,54046200
1999-01-28,7.173122406005859,8.947916984558105,9.052083015441895,8.65625,8.666666984558105,55992000
1999-01-29,7.398590564727783,9.229166984558105,9.354166984558105,9.020833015441895,9.083333015441895,68132400
1999-02-01,7.899618625640869,9.854166984558105,10.0625,9.583333015441895,9.708333015441895,88941600
1999-02-02,7.8578715324401855,9.802083015441895,10.291666984558105,9.520833015441895,10.145833015441895,105376800
1999-02-03,8.11673355102539,10.125,10.135416984558105,9.770833015441895,9.854166984558105,56942400
1999-02-04,7.791064739227295,9.71875,10.229166984558105,9.708333015441895,10.208333015441895,49137000
1999-02-05,7.507145881652832,9.364583015441895,9.75,9.260416984558105,9.71875,81045600
1999-02-08,7.665805339813232,9.5625,9.822916984558105,9.479166984558105,9.541666984558105,56399400
1999-02-09,7.298387050628662,9.104166984558105,9.645833015441895,8.958333015441895,9.614583015441895,52063800
1999-02-10,7.173122406005859,8.947916984558105,9.375,8.739583015441895,9.1875,74451600
1999-02-11,7.9580769538879395,9.927083015441895,9.947916984558105,9.0,9.072916984558105,77552400
1999-02-12,7.573946952819824,9.447916984558105,9.75,9.34375,9.666666984558105,65795400
1999-02-16,7.1397223472595215,8.90625,9.770833015441895,8.78125,9.6875,61094400
1999-02-17,6.847451686859131,8.541666984558105,9.4375,8.375,8.8125,84750600
1999-02-18,6.788998126983643,8.46875,8.78125,8.25,8.666666984558105,94698600
1999-02-19,7.239927291870117,9.03125,9.041666984558105,8.479166984558105,8.572916984558105,51931200
1999-02-22,7.290031909942627,9.09375,9.1875,8.947916984558105,9.15625,59874600
1999-02-23,7.816114902496338,9.75,9.770833015441895,9.145833015441895,9.197916984558105,60813600
1999-02-24,7.440340995788574,9.28125,9.833333015441895,9.260416984558105,9.822916984558105,45501600
1999-02-25,7.7493109703063965,9.666666984558105,9.822916984558105,9.083333015441895,9.25,87832800
1999-02-26,7.46539306640625,9.3125,9.614583015441895,9.114583015441895,9.614583015441895,55968000
1999-03-01,7.340131759643555,9.15625,9.515625,8.953125,9.359375,46918400
1999-03-02,7.077093124389648,8.828125,9.453125,8.734375,9.296875,41852800
1999-03-03,7.014461994171143,8.75,8.984375,8.09375,8.9375,67898400
1999-03-04,7.290031909942627,9.09375,9.296875,8.78125,8.828125,53987600
1999-03-05,7.502971172332764,9.359375,9.53125,9.203125,9.359375,30049200
1999-03-08,7.67833137512207,9.578125,9.671875,9.125,9.515625,79701600
1999-03-09,7.766013145446777,9.6875,9.90625,9.375,9.453125,60371200
1999-03-10,7.603178024291992,9.484375,9.90625,9.234375,9.90625,101269600
1999-03-11,7.390239238739014,9.21875,9.625,8.71875,9.625,96672400
1999-03-12,5.724302768707275,7.140625,7.625,7.0,7.53125,403753600
1999-03-15,6.012397766113281,7.5,7.53125,7.25,7.351562976837158,120536000
1999-03-16,5.974818706512451,7.453125,7.625,7.359375,7.59375,80118000
1999-03-17,5.8245086669921875,7.265625,7.5,7.265625,7.5,47204000
1999-03-18,5.94976806640625,7.421875,7.46875,7.25,7.296875,52340400
1999-03-19,5.523889541625977,6.890625,7.5,6.859375,7.5,112506800
1999-03-22,5.448733329772949,6.796875,7.140625,6.78125,7.03125,48056800
1999-03-23,5.223269462585449,6.515625,6.8125,6.5,6.796875,59231200
1999-03-24,5.198220252990723,6.484375,6.578125,6.453125,6.5625,57314400
1999-03-25,5.348527431488037,6.671875,6.78125,6.53125,6.6875,61482800
1999-03-26,5.511363983154297,6.875,7.03125,6.5625,6.734375,48299600
1999-03-29,5.711775779724121,7.125,7.140625,6.875,7.0625,46350400
1999-03-30,5.386107444763184,6.71875,7.1875,6.71875,7.109375,38966400
1999-03-31,5.285897731781006,6.59375,7.015625,6.5625,6.9375,62015200
1999-04-01,5.1731672286987305,6.453125,6.75,6.40625,6.71875,73686400
1999-04-05,5.072957992553711,6.328125,6.671875,6.25,6.65625,82389200
1999-04-06,4.747287750244141,5.921875,6.375,5.875,6.34375,99907600
1999-04-07,4.296359062194824,5.359375,6.0625,5.25,6.015625,194831200
1999-04-08,4.672132968902588,5.828125,5.875,5.359375,5.4375,137565600
1999-04-09,5.185692310333252,6.46875,6.5,5.90625,6.15625,152150000
1999-04-12,5.0103302001953125,6.25,6.625,6.25,6.34375,90573200
1999-04-13,4.734761714935303,5.90625,6.40625,5.859375,6.390625,86128000
1999-04-14,4.8349690437316895,6.03125,6.359375,5.984375,6.109375,62267600
1999-04-15,4.985280990600586,6.21875,6.40625,6.125,6.21875,62860800
1999-04-16,4.910123825073242,6.125,6.296875,6.109375,6.296875,50318000
1999-04-19,4.684660911560059,5.84375,6.25,5.84375,6.234375,70212800
1999-04-20,4.659607410430908,5.8125,6.03125,5.71875,5.8125,89227200
1999-04-21,4.8349690437316895,6.03125,6.0625,5.8125,5.925780773162842,60174000
1999-04-22,5.1731672286987305,6.453125,6.515625,6.0625,6.21875,64498800
1999-04-23,5.480048656463623,6.835937976837158,6.921875,6.4375,6.46875,71249600
1999-04-26,5.749354839324951,7.171875,7.3125,6.9375,6.96875,70492400
1999-04-27,5.624096870422363,7.015625,7.28125,6.84375,7.28125,52992800
1999-04-28,5.473786354064941,6.828125,7.0625,6.65625,7.0,40228400
1999-04-29,5.461261749267578,6.8125,6.921875,6.6875,6.84375,38068800
1999-04-30,5.423681259155273,6.765625,7.078125,6.59375,6.9375,39295200
1999-05-03,5.223269462585449,6.515625,6.703125,6.375,6.703125,77500000
1999-05-04,5.047906875610352,6.296875,6.421875,6.21875,6.40625,77888800
1999-05-05,5.0103302001953125,6.25,6.28125,6.03125,6.28125,84511600
1999-05-06,4.847494602203369,6.046875,6.34375,6.015625,6.234375,56171600
1999-05-07,4.910123825073242,6.125,6.265625,5.910155773162842,6.09375,58082000
1999-05-10,4.885072708129883,6.09375,6.171875,5.96875,6.15625,62537600
1999-05-11,4.972752094268799,6.203125,6.484375,6.058594226837158,6.1875,83342000
1999-05-12,5.072957992553711,6.328125,6.5625,6.03125,6.28125,100062800
1999-05-13,4.609504699707031,5.75,6.375,5.734375,5.96875,229328400
1999-05-14,4.784865379333496,5.96875,6.15625,5.84375,5.90625,159232400
1999-05-17,4.910123825073242,6.125,6.25,5.953125,6.078125,55369200
1999-05-18,4.972752094268799,6.203125,6.25,6.125,6.21875,42034400
1999-05-19,5.285897731781006,6.59375,6.625,6.25,6.28125,68676000
1999-05-20,5.072957992553711,6.328125,6.75,6.328125,6.671875,82693200
1999-05-21,5.160639762878418,6.4375,6.703125,6.28125,6.3125,47640000
1999-05-24,4.960227012634277,6.1875,6.609375,6.140625,6.546875,51160400
1999-05-25,4.8099164962768555,6.0,6.34375,6.0,6.296875,49319600
1999-05-26,4.697185039520264,5.859375,6.0,5.640625,5.90625,91702000
1999-05-27,4.722235202789307,5.890625,6.046875,5.734375,5.875,51938000
1999-05-28,4.972752094268799,6.203125,6.21875,5.921875,5.953125,37284800
1999-06-01,5.110537528991699,6.375,6.5,6.21875,6.234375,59201600
1999-06-02,5.248321056365967,6.546875,6.5625,6.296875,6.34375,52914800
1999-06-03,5.511363983154297,6.875,6.890625,6.625,6.640625,97686000
1999-06-04,5.749354839324951,7.171875,7.203125,6.875,6.9375,95625600
1999-06-07,5.711775779724121,7.125,7.25,7.03125,7.21875,54590800
1999-06-08,5.4362077713012695,6.78125,7.0625,6.6875,7.046875,47042400
1999-06-09,5.348527431488037,6.671875,6.828125,6.5625,6.8125,43354000
1999-06-10,5.223269462585449,6.515625,6.609375,6.375,6.59375,50374000
1999-06-11,5.072957992553711,6.328125,6.5625,6.25,6.5,55334800
1999-06-14,5.298423767089844,6.609375,6.65625,6.375,6.40625,68968000
1999-06-15,5.035382270812988,6.28125,6.890625,6.234375,6.6875,114050800
1999-06-16,6.601110458374023,8.234375,8.34375,7.8125,8.171875,405908000
1999-06-17,6.989410877227783,8.71875,8.75,7.9375,7.9375,202552400
1999-06-18,7.026987075805664,8.765625,8.984375,8.296875,8.3125,124886400
1999-06-21,6.839101314544678,8.53125,8.84375,8.515625,8.6875,62167600
1999-06-22,6.839101314544678,8.53125,8.6875,8.25,8.34375,62997600
1999-06-23,7.039515495300293,8.78125,8.796875,8.375,8.390625,75558800
1999-06-24,7.152243614196777,8.921875,9.0625,8.734375,8.734375,85113600
1999-06-25,7.1647725105285645,8.9375,9.05859375,8.828125,8.96875,34084800
1999-06-28,7.352660655975342,9.171875,9.1875,8.9375,8.9375,43406000
1999-06-29,7.440340995788574,9.28125,9.28125,9.03125,9.109375,45924000
1999-06-30,7.440340995788574,9.28125,9.328125,9.015625,9.1875,47386800
1999-07-01,7.56559944152832,9.4375,9.5,9.09375,9.21875,48526800
1999-07-02,7.7033820152282715,9.609375,9.65625,9.390625,9.421875,41040800
1999-07-06,7.753490924835205,9.671875,9.75,9.484375,9.5625,47408000
1999-07-07,7.753490924835205,9.671875,9.703125,9.53125,9.578125,43384000
1999-07-08,7.803592205047607,9.734375,9.78125,9.53125,9.546875,41420800
1999-07-09,7.878743648529053,9.828125,9.828125,9.59375,9.75,40340000
1999-07-12,7.791064739227295,9.71875,9.765625,9.625,9.71875,42054000
1999-07-13,7.753490924835205,9.671875,9.75,9.5625,9.5625,57056800
1999-07-14,7.628228664398193,9.515625,9.71875,9.421875,9.703125,63491200
1999-07-15,7.816114902496338,9.75,9.796875,9.4375,9.453125,66302000
1999-07-16,7.966423988342285,9.9375,9.953125,9.78125,9.8125,60138000
1999-07-19,7.916324138641357,9.875,9.9375,9.796875,9.90625,41648000
1999-07-20,7.515496730804443,9.375,9.78125,9.234375,9.78125,57625200
1999-07-21,7.64075231552124,9.53125,9.578125,9.296875,9.359375,31700400
1999-07-22,7.264982223510742,9.0625,9.484375,8.8125,9.484375,44054800
1999-07-23,7.2524542808532715,9.046875,9.203125,8.84375,9.078125,27679600
1999-07-26,7.014461994171143,8.75,9.09375,8.703125,8.859375,29542000
1999-07-27,7.4278154373168945,9.265625,9.390625,8.820313453674316,8.890625,46239200
1999-07-28,7.553073883056641,9.421875,9.546875,9.0625,9.25,33699200
1999-07-29,7.628228664398193,9.515625,9.59375,9.203125,9.234375,46836800
1999-07-30,7.628228664398193,9.515625,9.609375,9.390625,9.484375,29497200
1999-08-02,7.64075231552124,9.53125,9.75,9.390625,9.453125,32924400
1999-08-03,7.440340995788574,9.28125,9.609375,8.984375,9.546875,44406800
1999-08-04,7.365187168121338,9.1875,9.390625,9.125,9.21875,34460400
1999-08-05,7.440340995788574,9.28125,9.390625,8.890625,9.09375,42011600
1999-08-06,7.315084457397461,9.125,9.296875,9.09375,9.109375,18963200
1999-08-09,7.290031909942627,9.09375,9.3125,9.03125,9.109375,17804800
1999-08-10,7.214875221252441,9.0,9.125,8.765625,9.125,24823200
1999-08-11,7.365187168121338,9.1875,9.1875,8.875,9.15625,24944400
1999-08-12,7.114670276641846,8.875,9.234375,8.84375,9.09375,29526000
1999-08-13,7.740962028503418,9.65625,9.703125,9.0625,9.109375,48884000
1999-08-16,7.878743648529053,9.828125,9.875,9.390625,9.5625,47812800
1999-08-17,7.47791862487793,9.328125,9.9375,9.15625,9.859375,46906000
1999-08-18,7.102144718170166,8.859375,9.0,8.671875,8.875,104588800
1999-08-19,7.214875221252441,9.0,9.15625,8.765625,8.796875,37891200
1999-08-20,7.415288925170898,9.25,9.25,8.984375,9.078125,22706000
1999-08-23,7.528017997741699,9.390625,9.421875,9.234375,9.359375,26333200
1999-08-24,7.402766227722168,9.234375,9.609375,9.1875,9.28125,35510400
1999-08-25,7.402766227722168,9.234375,9.328125,9.171875,9.28125,28866400
1999-08-26,7.440340995788574,9.28125,9.5,9.234375,9.234375,28053600
1999-08-27,7.415288925170898,9.25,9.34375,9.015625,9.265625,23192400
1999-08-30,7.315084457397461,9.125,9.265625,9.0625,9.234375,17385200
1999-08-31,7.315084457397461,9.125,9.140625,8.859375,9.125,24392400
1999-09-01,7.553073883056641,9.421875,9.546875,9.140625,9.15625,39725600
1999-09-02,7.7033820152282715,9.609375,9.71875,9.28125,9.3125,48401600
1999-09-03,8.31715202331543,10.375,10.40625,9.71875,9.71875,102798800
1999-09-07,8.780606269836426,10.953125,11.203125,10.304688453674316,10.375,97488400
1999-09-08,8.880810737609863,11.078125,11.203125,10.765625,10.84375,71019200
1999-09-09,8.830708503723145,11.015625,11.125,10.78125,11.0625,51350000
1999-09-10,9.29416275024414,11.59375,11.734375,11.0625,11.125,64388000
1999-09-13,9.168902397155762,11.4375,11.671875,11.125,11.609375,59682800
1999-09-14,9.106274604797363,11.359375,11.609375,10.921875,11.5,80645200
1999-09-15,8.55514144897461,10.671875,10.859375,9.96875,10.03125,256649600
1999-09-16,8.454933166503906,10.546875,10.742188453674316,10.421875,10.671875,61758400
1999-09-17,8.73050308227539,10.890625,10.9375,10.585938453674316,10.59375,64400000
1999-09-20,9.043646812438965,11.28125,11.375,10.84375,10.9375,42020800
1999-09-21,8.918389320373535,11.125,11.5,10.96875,11.203125,53644800
1999-09-22,9.156376838684082,11.421875,11.4375,10.96875,11.125,38004800
1999-09-23,8.717974662780762,10.875,11.53125,10.75,11.4375,40246000
1999-09-24,8.454933166503906,10.546875,10.890625,10.265625,10.75,50765600
1999-09-27,8.47998332977295,10.578125,10.90625,10.546875,10.796875,41769600
1999-09-28,8.592718124389648,10.71875,10.75,10.296875,10.5,37798400
1999-09-29,8.680397033691406,10.828125,11.265625,10.6875,10.6875,45801600
1999-09-30,9.11880111694336,11.375,11.46875,10.625,10.84375,58577200
1999-10-01,9.068699836730957,11.3125,11.46875,11.109375,11.171875,34570800
1999-10-04,9.319214820861816,11.625,11.65625,11.265625,11.359375,40801600
1999-10-05,9.269110679626465,11.5625,11.71875,11.375,11.671875,46292000
1999-10-06,9.193958282470703,11.46875,11.6875,11.421875,11.609375,31310000
1999-10-07,8.955965042114258,11.171875,11.359375,11.09375,11.296875,38359600
1999-10-08,9.068699836730957,11.3125,11.40625,10.84375,11.15625,28551200
1999-10-11,9.231535911560059,11.515625,11.6875,11.234375,11.265625,25299600
1999-10-12,9.419424057006836,11.75,11.953125,11.46875,11.484375,45535600
1999-10-13,9.507100105285645,11.859375,12.03125,11.53125,11.546875,57057200
1999-10-14,9.375585556030273,11.695313453674316,11.875,11.53125,11.84375,47554400
1999-10-15,9.018598556518555,11.25,11.625,11.1875,11.578125,56845600
1999-10-18,8.793132781982422,10.96875,11.265625,10.671875,11.21875,47037600
1999-10-19,8.780606269836426,10.953125,11.203125,10.765625,11.15625,39418800
1999-10-20,8.968490600585938,11.1875,11.203125,10.984375,11.109375,45197200
1999-10-21,9.056174278259277,11.296875,11.4375,10.5,10.546875,55295200
1999-10-22,8.843232154846191,11.03125,11.484375,10.890625,11.34375,40710400
1999-10-25,8.680397033691406,10.828125,11.078125,10.78125,10.90625,41902800
1999-10-26,8.705449104309082,10.859375,10.96875,10.6875,10.875,42569200
1999-10-27,8.981016159057617,11.203125,11.265625,10.8125,10.867188453674316,39112800
1999-10-28,9.193958282470703,11.46875,11.484375,10.9375,11.328125,39646400
1999-10-29,9.532157897949219,11.890625,12.1875,11.5,11.515625,53908400
1999-11-01,10.258652687072754,12.796875,13.109375,11.96875,12.03125,90335200
1999-11-02,10.62190055847168,13.25,13.46875,12.84375,12.84375,83764800
1999-11-03,11.486184120178223,14.328125,14.4375,13.75,13.84375,87264000
1999-11-04,11.661542892456055,14.546875,14.75,14.40625,14.546875,83700800
1999-11-05,11.761749267578125,14.671875,15.34375,14.625,14.9375,84155600
1999-11-08,11.91205883026123,14.859375,15.171875,14.703125,14.90625,54326400
1999-11-09,11.711645126342773,14.609375,14.96875,14.4375,14.96875,55569200
1999-11-10,11.799325942993164,14.71875,15.0,14.359375,14.546875,50972000
1999-11-11,12.438142776489258,15.515625,15.71875,14.875,14.90625,47960400
1999-11-12,13.05191421508789,16.28125,16.6875,15.4375,15.8125,69733600
1999-11-15,12.838972091674805,16.015625,16.5625,16.0,16.359375,42568400
1999-11-16,12.926653861999512,16.125,16.359375,16.0,16.078125,58097600
1999-11-17,14.229340553283691,17.75,18.09375,17.15625,17.4375,100242400
1999-11-18,14.868163108825684,18.546875,18.671875,17.265625,17.9375,64814800
1999-11-19,15.256457328796387,19.03125,19.546875,18.34375,18.53125,60086000
1999-11-22,15.519495964050293,19.359375,19.46875,18.71875,18.921875,40570400
1999-11-23,14.730374336242676,18.375,19.46875,18.296875,19.46875,64967600
1999-11-24,14.39217758178711,17.953125,18.234375,17.1875,18.234375,73022400
1999-11-26,14.755426406860352,18.40625,18.46875,17.703125,17.75,18470000
1999-11-29,14.54248332977295,18.140625,18.75,17.765625,18.203125,35636400
1999-11-30,13.590526580810547,16.953125,18.1875,16.80859375,18.171875,63926800
1999-12-01,14.166716575622559,17.671875,17.703125,16.875,17.109375,40256400
1999-12-02,15.218880653381348,18.984375,19.0,17.71875,17.734375,49338400
1999-12-03,15.77001953125,19.671875,20.453125,19.25,19.40625,74702800
1999-12-06,15.71990966796875,19.609375,19.96875,19.390625,19.6875,38683200
1999-12-07,15.882745742797852,19.8125,20.03125,19.078125,19.578125,51888800
1999-12-08,15.256457328796387,19.03125,19.75,18.96875,19.625,42925600
1999-12-09,15.744964599609375,19.640625,19.859375,19.25,19.265625,66600400
1999-12-10,16.9599666595459,21.15625,21.1875,19.359375,19.875,49635600
1999-12-13,15.995475769042969,19.953125,21.015625,19.890625,21.0,60372000
1999-12-14,15.41928768157959,19.234375,20.78125,19.09375,20.15625,75655200
1999-12-15,18.112348556518555,22.59375,22.859375,20.71875,21.3125,148169600
1999-12-16,17.94951057434082,22.390625,22.65625,21.84375,22.40625,59600000
1999-12-17,18.174972534179688,22.671875,23.703125,22.56640625,23.0,81975200
1999-12-20,19.302303314208984,24.078125,24.5625,23.5625,23.59375,70350400
1999-12-21,19.57787322998047,24.421875,24.84375,23.78125,24.328125,60357200
1999-12-22,21.055919647216797,26.265625,26.34375,24.75,24.953125,54652800
1999-12-23,21.381582260131836,26.671875,27.625,26.3125,26.4375,56016000
1999-12-27,20.918136596679688,26.09375,27.171875,25.53125,27.15625,38805600
1999-12-28,21.26885414123535,26.53125,27.140625,25.5,26.015625,34231600
1999-12-29,22.045455932617188,27.5,27.546875,26.40625,26.421875,22750000
1999-12-30,22.321027755737305,27.84375,28.234375,27.203125,27.984375,27397600
1999-12-31,22.45880889892578,28.015625,28.34375,27.703125,27.84375,10714800
2000-01-03,23.673810958862305,29.53125,31.296875,27.90625,31.15625,98114800
2000-01-04,21.582002639770508,26.921875,29.65625,26.25,28.875,116824800
2000-01-05,20.442150115966797,25.5,26.59375,24.0,25.40625,166054000
2000-01-06,19.239665985107422,24.0,26.25,23.671875,25.0390625,109880000
2000-01-07,20.71771240234375,25.84375,25.875,23.390625,23.75,91755600
2000-01-10,23.19782829284668,28.9375,29.0,26.375,27.0,91518000
2000-01-11,22.521438598632812,28.09375,28.6875,27.375,28.15625,86585200
2000-01-12,21.16864585876465,26.40625,28.0625,25.921875,28.0625,83443600
2000-01-13,21.055919647216797,26.265625,27.46875,25.875,27.125,55779200
2000-01-14,21.40664291381836,26.703125,27.84375,26.1875,27.25,57078000
2000-01-18,22.29597282409668,27.8125,28.625,26.40625,26.96875,66780000
2000-01-19,22.8972110748291,28.5625,29.125,27.0,28.0625,49198400
2000-01-20,23.748966217041016,29.625,30.125,29.0625,29.5,54526800
2000-01-21,23.92432975769043,29.84375,30.75,29.5,30.75,50891000
2000-01-24,21.71978759765625,27.09375,30.1875,27.0,30.125,50022400
2000-01-25,22.62164306640625,28.21875,28.75,27.4375,27.53125,53059200
2000-01-26,22.07050895690918,27.53125,29.46875,27.5,28.375,47569200
2000-01-27,20.76781463623047,25.90625,28.34375,25.0,27.90625,61054000
2000-01-28,18.989151000976562,23.6875,25.96875,23.3125,25.75,86394000
2000-01-31,20.02252769470215,24.9765625,25.0625,23.53125,23.96875,68148000
2000-02-01,21.644634246826172,27.0,27.15625,25.0,25.625,57105600
2000-02-02,21.769893646240234,27.15625,28.0,27.0,27.46875,63933000
2000-02-03,22.72184181213379,28.34375,28.5,27.125,27.6875,55533200
2000-02-04,23.172780990600586,28.90625,29.125,28.40625,28.8125,40916000
2000-02-07,24.024532318115234,29.96875,30.0,29.4375,29.65625,44691200
2000-02-08,23.874223709106445,29.78125,30.71875,29.5,30.375,55718000
2000-02-09,24.024532318115234,29.96875,30.65625,29.40625,30.03125,52471600
2000-02-10,24.976497650146484,31.15625,31.3125,29.0,30.0,45288600
2000-02-11,23.92432975769043,29.84375,32.375,29.375,31.25,55774000
2000-02-14,24.926393508911133,31.09375,31.125,29.3125,30.4375,37599800
2000-02-15,24.600723266601562,30.6875,31.59375,29.5625,30.8125,47971400
2000-02-16,24.550621032714844,30.625,31.28125,30.0625,30.5,33489200
2000-02-17,24.700927734375,30.8125,31.375,30.0,30.875,40392600
2000-02-18,23.473407745361328,29.28125,31.0,29.1875,30.84375,63888400
2000-02-22,23.774009704589844,29.65625,30.71875,28.15625,29.5625,75546200
2000-02-23,25.27712059020996,31.53125,31.6328125,29.8125,30.09375,69664400
2000-02-24,24.8261775970459,30.96875,32.53125,30.125,31.59375,70963200
2000-02-25,28.308372497558594,35.3125,35.5,30.9375,30.9375,103186600
2000-02-28,27.5067138671875,34.3125,38.25,34.125,35.625,122316600
2000-02-29,29.761363983154297,37.125,37.21875,35.5625,36.6875,55586400
2000-03-01,28.659090042114258,35.75,37.25,35.375,36.875,44934400
2000-03-02,27.456623077392578,34.25,36.78125,33.9375,36.75,52311000
2000-03-03,30.061986923217773,37.5,37.5625,35.0859375,35.5625,47974400
2000-03-06,30.362611770629883,37.875,38.46875,36.1875,37.40625,45520600
2000-03-07,30.036924362182617,37.46875,40.0,37.1875,38.3125,53982200
2000-03-08,33.31869125366211,41.5625,41.78125,37.5,38.6875,62781200
2000-03-09,33.66941452026367,42.0,42.5,40.0625,42.15625,56476400
2000-03-10,32.71746063232422,40.8125,42.03125,40.125,42.0,44699800
2000-03-13,31.56507110595703,39.375,41.8125,38.3984375,39.25,65803200
2000-03-14,30.863643646240234,38.5,41.875,38.25,40.9375,72364000
2000-03-15,31.51497459411621,39.3125,42.5,38.5,42.0,144810400
2000-03-16,32.842708587646484,40.96875,41.28125,38.34375,40.34375,95532400
2000-03-17,31.990951538085938,39.90625,41.0,39.75,40.875,66055200
2000-03-20,31.3145694732666,39.0625,40.3125,38.78125,40.25,47183600
2000-03-21,32.34168243408203,40.34375,40.4375,38.0,38.9375,52621400
2000-03-22,33.694488525390625,42.03125,42.1875,39.4375,40.5,53197600
2000-03-23,34.82179641723633,43.4375,44.0,41.28125,41.5625,50803800
2000-03-24,34.87189865112305,43.5,44.84375,43.21875,43.40625,52821600
2000-03-27,35.44809341430664,44.21875,44.65625,43.46875,44.53125,32597200
2000-03-28,34.696537017822266,43.28125,45.0,42.75,43.8125,36039200
2000-03-29,33.068180084228516,41.25,43.0625,41.03125,43.03125,51966200
2000-03-30,31.4398193359375,39.21875,42.25,39.0,39.25,70986000
2000-03-31,31.289520263671875,39.03125,40.78125,38.0,40.09375,79842000
2000-04-03,30.813528060913086,38.4375,40.3125,37.5,39.3125,71598000
2000-04-04,30.437761306762695,37.96875,39.0625,32.5390625,39.0625,123633800
2000-04-05,31.36467170715332,39.125,40.5,36.2734375,36.625,73736800
2000-04-06,32.94292449951172,41.09375,41.71875,40.0625,40.3125,62408200
2000-04-07,34.92201232910156,43.5625,43.625,41.5,41.84375,46764600
2000-04-10,33.068180084228516,41.25,43.8125,41.125,43.75,56241200
2000-04-11,31.01396369934082,38.6875,40.8125,38.40625,40.09375,70983800
2000-04-12,29.310426712036133,36.5625,40.0,36.46875,38.96875,67133000
2000-04-13,28.83443832397461,35.96875,38.75,35.875,37.4375,63206800
2000-04-14,25.051647186279297,31.25,35.640625,30.125,34.9609375,109951400
2000-04-17,29.986825942993164,37.40625,37.4375,30.0859375,30.25,115304800
2000-04-18,31.64023208618164,39.46875,39.53125,36.875,37.78125,78738800
2000-04-19,29.88661766052246,37.28125,39.78125,37.125,39.3125,46184200
2000-04-20,28.383512496948242,35.40625,37.75,34.9375,36.90625,50397800
2000-04-24,29.034862518310547,36.21875,36.34375,33.5,33.6875,59725600
2000-04-25,30.28745460510254,37.78125,38.1875,36.3125,37.4375,61764200
2000-04-26,28.934659957885742,36.09375,38.90625,35.53125,38.0625,47788800
2000-04-27,30.988895416259766,38.65625,38.78125,34.96875,35.03125,52101000
2000-04-28,32.04106903076172,39.96875,40.0,39.0625,39.25,41696600
2000-05-01,31.94087028503418,39.84375,40.9375,39.375,39.9375,37093400
2000-05-02,31.18931770324707,38.90625,39.75,38.6875,39.46875,35341000
2000-05-03,30.38763999938965,37.90625,38.5625,36.0625,38.4375,49603200
2000-05-04,29.761363983154297,37.125,38.46875,36.5,37.65625,39899800
2000-05-05,30.788463592529297,38.40625,38.5,36.875,37.0,35289600
2000-05-08,28.984779357910156,36.15625,38.0,36.03125,37.65625,36528400
2000-05-09,28.859500885009766,36.0,37.125,35.625,36.84375,43535200
2000-05-10,27.10589027404785,33.8125,36.5625,33.75,35.46875,71169800
2000-05-11,29.009817123413086,36.1875,36.1875,34.0,34.46875,46590200
2000-05-12,29.736326217651367,37.09375,38.21875,36.53125,36.65625,39038200
2000-05-15,30.863643646240234,38.5,38.5,35.3125,37.21875,41971800
2000-05-16,31.740442276000977,39.59375,39.875,38.53125,38.8125,38261400
2000-05-17,31.339624404907227,39.09375,39.9375,38.125,38.875,33993600
2000-05-18,29.285388946533203,36.53125,39.375,36.21875,39.15625,46444600
2000-05-19,28.082904815673828,35.03125,37.0,34.75,36.0,52228800
2000-05-22,27.181053161621094,33.90625,35.125,31.375,35.03125,91156000
2000-05-23,25.10175323486328,31.3125,34.25,31.1875,33.5,58574000
2000-05-24,25.753101348876953,32.125,32.25,29.0625,30.8828125,85195200
2000-05-25,26.629907608032227,33.21875,35.40625,32.5,32.75,80958000
2000-05-26,26.855379104614258,33.5,34.75,32.53125,33.40625,28903800
2000-05-30,29.736326217651367,37.09375,37.09375,34.28125,34.4375,38933000
2000-05-31,28.80940818786621,35.9375,38.21875,35.875,36.625,50939800
2000-06-01,31.21436882019043,38.9375,38.9375,36.75,36.96875,53401000
2000-06-02,32.14127731323242,40.09375,40.75,39.25,40.25,57964800
2000-06-05,32.441898345947266,40.46875,41.0,39.5,39.625,38507200
2000-06-06,30.888689041137695,38.53125,40.75,38.125,40.25,40020000
2000-06-07,32.06612777709961,40.0,40.125,37.78125,38.375,34080800
2000-06-08,33.01806640625,41.1875,41.375,40.125,40.9375,46768600
2000-06-09,33.14334487915039,41.34375,41.875,40.9375,41.4375,32975200
2000-06-12,32.29157638549805,40.28125,41.40625,40.1875,41.28125,24206000
2000-06-13,32.74250030517578,40.84375,40.875,39.03125,39.9921875,37229400
2000-06-14,31.66529655456543,39.5,41.0,39.375,40.9375,33191800
2000-06-15,33.068180084228516,41.25,41.3125,39.5625,39.625,36786800
2000-06-16,32.817657470703125,40.9375,41.875,40.53125,40.9375,41904400
2000-06-19,34.4710807800293,43.0,43.03125,40.625,41.03125,51077200
2000-06-20,34.48988723754883,43.0234375,43.8125,42.25,43.46875,57192600
2000-06-21,34.54623031616211,43.09375,43.6875,40.15625,40.40625,108053800
2000-06-22,32.6673583984375,40.75,42.625,40.6875,42.3125,42105600
2000-06-23,31.86569595336914,39.75,40.7421875,39.28125,40.40625,40643000
2000-06-26,33.14334487915039,41.34375,41.71875,39.625,40.125,38942400
2000-06-27,32.96797180175781,41.125,41.96875,40.84375,41.1875,28581600
2000-06-28,33.24353790283203,41.46875,42.5,40.84375,41.03125,32104800
2000-06-29,32.41683578491211,40.4375,41.5625,39.78125,41.03125,35751800
2000-06-30,33.694488525390625,42.03125,42.25,40.0,40.1875,38093000
2000-07-03,32.14127731323242,40.09375,40.875,39.4375,40.5625,42136200
2000-07-05,28.984779357910156,36.15625,38.8125,36.09375,38.40625,94634200
2000-07-06,30.3125057220459,37.8125,37.9375,35.875,35.875,50533000
2000-07-07,30.41271209716797,37.9375,38.5,37.75,37.96875,31480200
2000-07-10,29.711261749267578,37.0625,37.75,36.4375,37.3125,43957600
2000-07-11,28.984779357910156,36.15625,37.625,35.5625,36.8125,42121400
2000-07-12,29.936721801757812,37.34375,37.5625,36.5,36.71875,34368400
2000-07-13,30.362611770629883,37.875,38.3125,37.375,37.875,41625400
2000-07-14,30.512914657592773,38.0625,38.25,37.5625,38.09375,31712000
2000-07-17,30.512914657592773,38.0625,39.0,37.03125,37.65625,32388800
2000-07-18,29.736326217651367,37.09375,38.3125,37.03125,37.84375,29967000
2000-07-19,29.560956954956055,36.875,37.96875,36.5,37.5,31558600
2000-07-20,31.3145694732666,39.0625,39.5,37.375,37.40625,35382000
2000-07-21,30.237340927124023,37.71875,38.84375,37.53125,38.71875,30925000
2000-07-24,30.061986923217773,37.5,39.3125,37.46875,38.5625,38060200
2000-07-25,30.462814331054688,38.0,38.25,37.15625,37.9375,27118200
2000-07-26,30.763429641723633,38.375,39.0,37.03125,37.40625,31826400
2000-07-27,30.087032318115234,37.53125,39.0,37.5,37.96875,32539000
2000-07-28,29.009817123413086,36.1875,38.21875,35.53125,37.5625,33203400
2000-07-31,30.137126922607422,37.59375,37.75,35.6875,35.875,34406400
2000-08-01,29.310426712036133,36.5625,37.9375,36.4375,37.59375,30190800
2000-08-02,29.310426712036133,36.5625,37.625,36.1875,36.5,30315000
2000-08-03,31.038991928100586,38.71875,38.75,35.8125,36.40625,44941200
2000-08-04,32.69240951538086,40.78125,41.15625,39.0625,39.15625,73211600
2000-08-07,32.817657470703125,40.9375,41.1875,40.375,40.4375,40751400
2000-08-08,33.26860809326172,41.5,41.625,40.40625,40.5,34931800
2000-08-09,32.61723709106445,40.6875,42.140625,40.59375,41.75,30846000
2000-08-10,32.09117126464844,40.03125,41.1875,40.0,40.71875,24436000
2000-08-11,32.51704406738281,40.5625,40.96875,39.625,39.96875,22106800
2000-08-14,33.01806640625,41.1875,41.28125,39.9375,40.09375,21862200
2000-08-15,32.567142486572266,40.625,41.78125,40.5625,40.96875,31208800
2000-08-16,32.54208755493164,40.59375,41.125,40.53125,40.6875,22698200
2000-08-17,33.64438247680664,41.96875,42.03125,40.40625,40.4375,30085000
2000-08-18,32.59218978881836,40.65625,42.375,40.5625,41.75,31121200
2000-08-21,33.3437614440918,41.59375,41.6875,40.3828125,41.0625,20295600
2000-08-22,33.49405288696289,41.78125,42.09375,41.09375,41.4375,23251600
2000-08-23,33.218502044677734,41.4375,41.5625,40.5,41.46875,25104800
2000-08-24,33.94498825073242,42.34375,42.53125,41.34375,41.4375,40413200
2000-08-25,33.9199333190918,42.3125,43.40625,42.25,42.34375,26866600
2000-08-28,34.77167892456055,43.375,43.96875,42.46875,42.5,25833600
2000-08-29,35.17253112792969,43.875,44.6328125,43.28125,43.40625,37678600
2000-08-30,35.372928619384766,44.125,44.40625,43.5625,43.84375,27073400
2000-08-31,36.45015335083008,45.46875,45.5,44.21875,44.21875,39840000
2000-09-01,37.12655258178711,46.3125,46.46875,45.4375,46.1015625,30417800
2000-09-05,36.50026321411133,45.53125,46.40625,45.28125,46.1875,25535800
2000-09-06,35.773773193359375,44.625,45.875,44.53125,45.6875,38473000
2000-09-07,36.55035400390625,45.59375,45.875,44.75,45.0625,28559000
2000-09-08,34.696537017822266,43.28125,45.4375,43.25,45.40625,34569400
2000-09-11,33.44396209716797,41.71875,43.375,41.1875,43.03125,41459600
2000-09-12,31.815597534179688,39.6875,42.65625,39.53125,41.5,49606000
2000-09-13,32.792625427246094,40.90625,41.375,38.46875,38.875,68132400
2000-09-14,34.045196533203125,42.46875,43.3125,41.125,43.1875,64170600
2000-09-15,31.389732360839844,39.15625,41.4375,39.0,40.5625,122939600
2000-09-18,30.650697708129883,38.234375,40.0,37.375,39.40625,72997800
2000-09-19,31.790555953979492,39.65625,39.875,38.0625,38.71875,53198600
2000-09-20,32.04106903076172,39.96875,40.3125,38.75,39.5,37352200
2000-09-21,31.64023208618164,39.46875,40.0,37.75,39.71875,27160000
2000-09-22,32.36048126220703,40.3671875,40.375,37.75,37.96875,58729400
2000-09-25,31.56507110595703,39.375,41.28125,39.375,40.5625,34748600
2000-09-26,31.840648651123047,39.71875,40.5,39.3125,39.65625,39993400
2000-09-27,32.01601791381836,39.9375,40.46875,39.0,40.09375,48205600
2000-09-28,32.66110610961914,40.7421875,41.09375,39.1875,39.75,42188600
2000-09-29,31.56507110595703,39.375,40.84375,39.125,40.6796875,34843000
2000-10-02,31.56507110595703,39.375,41.0625,38.859375,39.875,46136800
2000-10-03,27.85743522644043,34.75,40.8046875,34.375,39.90625,96827800
2000-10-04,27.306303024291992,34.0625,35.375,30.25,33.0,204852000
2000-10-05,27.3814640045166,34.15625,34.8125,33.25,34.15625,54316000
2000-10-06,27.10589027404785,33.8125,35.8125,33.4375,34.625,53378400
2000-10-09,26.75516128540039,33.375,34.375,32.5625,33.8125,40304000
2000-10-10,25.90340805053711,32.3125,33.625,32.25,33.03125,50948400
2000-10-11,24.951448440551758,31.125,32.9921875,31.0,31.5,71687200
2000-10-12,25.252073287963867,31.5,32.4375,30.875,31.90625,50889400
2000-10-13,28.558889389038086,35.625,35.75,31.0,31.0,38514000
2000-10-16,27.70713233947754,34.5625,37.0,33.375,36.5625,36480500
2000-10-17,27.005678176879883,33.6875,35.875,32.875,35.75,29353900
2000-10-18,26.905471801757812,33.5625,35.375,30.5,31.5625,52547900
2000-10-19,29.160127639770508,36.375,36.5,34.625,36.0,39321000
2000-10-20,28.258256912231445,35.25,36.5,34.9375,36.125,34073400
2000-10-23,27.306303024291992,34.0625,35.25,33.375,35.1875,28316300
2000-10-24,28.709199905395508,35.8125,36.5625,34.5,35.0,36713000
2000-10-25,27.556814193725586,34.375,36.625,34.0,36.5,33361600
2000-10-26,27.306303024291992,34.0625,35.875,30.9375,34.75,49986600
2000-10-27,27.406509399414062,34.1875,35.1875,33.0,34.5,34962500
2000-10-30,25.352272033691406,31.625,34.125,31.375,33.75,35420300
2000-10-31,26.454547882080078,33.0,34.75,32.5,32.625,41881000
2000-11-01,25.151853561401367,31.375,33.1875,30.375,32.8125,62692100
2000-11-02,23.698856353759766,29.5625,32.5,27.25,32.4375,149767500
2000-11-03,24.300107955932617,30.3125,31.75,29.5,31.5,65017500
2000-11-06,22.396175384521484,27.9375,31.0,27.5,30.6875,75551500
2000-11-07,21.293909072875977,26.5625,28.4375,26.5,28.375,58951000
2000-11-08,19.891008377075195,24.8125,27.5,24.5,27.375,63040000
2000-11-09,21.794933319091797,27.1875,27.375,24.0625,24.6875,67280700
2000-11-10,20.392044067382812,25.4375,26.9375,24.875,26.4375,54609400
2000-11-13,19.84090805053711,24.75,25.875,23.5,25.125,61652800
2000-11-14,22.746904373168945,28.375,28.5,26.5,27.375,77494300
2000-11-15,23.14771842956543,28.875,29.4375,27.703125,28.8125,50649700
2000-11-16,21.94525146484375,27.375,29.8125,27.25,28.75,37986600
2000-11-17,23.097618103027344,28.8125,29.25,25.25,26.9375,59636000
2000-11-20,19.84090805053711,24.75,25.875,24.0,24.3125,89778400
2000-11-21,19.139461517333984,23.875,25.625,23.5,24.8125,58647400
2000-11-22,17.886886596679688,22.3125,24.0625,22.0625,23.625,53315300
2000-11-24,19.339876174926758,24.125,24.25,23.125,23.3125,22443900
2000-11-27,18.53822135925293,23.125,25.8125,22.875,25.4375,45665200
2000-11-28,18.162450790405273,22.65625,23.8125,22.25,23.5,43075300
2000-11-29,18.337804794311523,22.875,23.625,21.8125,23.1875,75409600
2000-11-30,21.24380111694336,26.5,27.625,21.5,21.75,84386200
2000-12-01,21.193695068359375,26.4375,27.875,25.5,26.375,48663500
2000-12-04,22.596593856811523,28.1875,28.875,26.1875,26.25,40710400
2000-12-05,25.252073287963867,31.5,31.5,28.875,29.4375,59754700
2000-12-06,24.199899673461914,30.1875,31.625,29.3125,31.1875,42125600
2000-12-07,22.69679832458496,28.3125,29.9375,28.125,29.625,41088300
2000-12-08,24.099687576293945,30.0625,30.625,29.25,30.0625,40052600
2000-12-11,25.6027889251709,31.9375,32.25,30.0,30.5,50279700
2000-12-12,24.65083122253418,30.75,32.5,30.40625,31.875,26481200
2000-12-13,22.746904373168945,28.375,32.0,28.25,31.9375,37933600
2000-12-14,22.045455932617188,27.5,29.9375,27.25,29.25,45894400
2000-12-15,22.8972110748291,28.5625,30.078125,28.1875,29.4375,120004000
2000-12-18,25.65289306640625,32.0,32.4375,29.9375,30.0,61640100
2000-12-19,24.550621032714844,30.625,33.125,30.125,31.8125,58653700
2000-12-20,22.847103118896484,28.5,29.8125,27.5,28.0625,54440500
2000-12-21,23.648759841918945,29.5,30.25,27.3125,27.8125,46719700
2000-12-22,25.552682876586914,31.875,31.984375,30.0,30.375,35568200
2000-12-26,24.801145553588867,30.9375,32.1875,30.0,31.5,20589500
2000-12-27,24.600723266601562,30.6875,31.0625,29.375,30.375,26437500
2000-12-28,24.901344299316406,31.0625,31.625,30.375,30.5625,25053600
2000-12-29,23.29803466796875,29.0625,31.3125,28.6875,30.875,31702200
2001-01-02,21.143590927124023,26.375,29.75,25.625,29.5625,46281000
2001-01-03,25.65289306640625,32.0,32.125,25.25,25.25,76389600
2001-01-04,26.10382843017578,32.5625,33.25,31.0,31.5625,57584400
2001-01-05,24.149795532226562,30.125,32.5625,29.625,32.5,38415200
2001-01-08,23.999486923217773,29.9375,30.25,27.5625,30.0625,40644600
2001-01-09,25.252073287963867,31.5,32.0,30.25,30.625,44818600
2001-01-10,26.254138946533203,32.75,33.375,30.25,30.5,64627400
2001-01-11,26.705062866210938,33.3125,34.09375,32.25,32.3125,50906600
2001-01-12,25.90340805053711,32.3125,34.0,32.0,33.0625,40234100
2001-01-16,25.502578735351562,31.8125,33.375,31.0625,33.0625,31198700
2001-01-17,26.65495491027832,33.25,34.0625,32.75,33.3125,52535000
2001-01-18,27.10589027404785,33.8125,34.0,32.8125,33.609375,33749200
2001-01-19,27.70713233947754,34.5625,35.0,33.625,34.125,50227100
2001-01-22,25.502578735351562,31.8125,33.625,31.328125,33.625,57564400
2001-01-23,25.23953628540039,31.484375,32.4375,31.3125,31.9375,42545700
2001-01-24,24.099687576293945,30.0625,32.015625,30.0,32.0,65596100
2001-01-25,23.999486923217773,29.9375,30.75,29.5,30.5625,60995500
2001-01-26,24.350208282470703,30.375,30.5,28.75,29.625,46538900
2001-01-29,24.40030860900879,30.4375,31.125,29.8125,30.1875,33397000
2001-01-30,24.300107955932617,30.3125,31.5,30.125,30.75,42788300
2001-01-31,23.3481388092041,29.125,30.8125,29.0625,30.5625,46144400
2001-02-01,24.099687576293945,30.0625,30.6875,29.125,29.25,38389200
2001-02-02,22.245864868164062,27.75,30.0625,27.6875,29.9375,38655400
2001-02-05,22.045455932617188,27.5,28.5,26.5,27.5,35933100
2001-02-06,22.14565658569336,27.625,28.5,27.1875,27.375,28746300
2001-02-07,22.195770263671875,27.6875,28.375,26.5,27.125,42854400
2001-02-08,21.744831085205078,27.125,28.875,26.6875,28.4375,41775000
2001-02-09,18.888940811157227,23.5625,25.6875,23.25,25.25,91625000
2001-02-12,18.438018798828125,23.0,24.0,22.5,23.625,51901400
2001-02-13,18.08729362487793,22.5625,24.375,22.5,23.6875,44509700
2001-02-14,20.04132080078125,25.0,25.0625,22.6875,23.25,41247400
2001-02-15,20.442150115966797,25.5,26.625,25.1875,25.5625,46084700
2001-02-16,19.239665985107422,24.0,24.5625,23.1875,24.0,40632200
2001-02-20,18.53822135925293,23.125,24.625,23.0,24.375,39873200
2001-02-21,18.438018798828125,23.0,24.25,22.0625,22.8125,57591900
2001-02-22,18.738643646240234,23.375,24.1875,22.4375,23.515625,54073600
2001-02-23,17.636356353759766,22.0,23.1875,20.5625,22.875,72859000
2001-02-26,18.58832550048828,23.1875,23.25,21.5625,22.375,44847400
2001-02-27,17.385839462280273,21.6875,22.6875,21.5625,22.4375,41584600
2001-02-28,15.231407165527344,19.0,22.0,18.8125,21.875,62362300
2001-03-01,17.135332107543945,21.375,21.5,18.75,19.0,76869400
2001-03-02,13.527894020080566,16.875,17.9375,15.75,16.25,224088800
2001-03-05,13.62810230255127,17.0,17.375,16.6875,17.3125,51544000
2001-03-06,14.129128456115723,17.625,18.0,17.375,17.75,57448400
2001-03-07,14.9307861328125,18.625,18.75,17.8125,18.3125,52486500
2001-03-08,14.028923988342285,17.5,18.5,17.3125,18.390625,40342100
2001-03-09,13.127069473266602,16.375,17.1875,16.125,17.125,58409900
2001-03-12,12.175104141235352,15.1875,16.375,15.0625,16.0,66843000
2001-03-13,13.577996253967285,16.9375,17.0,15.375,15.9375,57981600
2001-03-14,12.876550674438477,16.0625,16.75,15.5625,16.25,52862100
2001-03-15,11.774276733398438,14.6875,16.625,14.5,16.5,77834800
2001-03-16,11.273242950439453,14.0625,14.625,13.5,14.1875,89327600
2001-03-19,12.37551498413086,15.4375,15.6875,14.1875,14.375,50443200
2001-03-20,11.523761749267578,14.375,16.0625,14.3125,15.875,65545100
2001-03-21,11.824379920959473,14.75,16.0,14.25,14.75,50574600
2001-03-22,12.42562198638916,15.5,15.625,14.375,15.25,63980900
2001-03-23,12.726239204406738,15.875,16.5625,15.671875,16.3125,72068300
2001-03-26,12.377519607543945,15.4399995803833,16.3700008392334,15.399999618530273,16.31999969482422,34392600
2001-03-27,13.163137435913086,16.420000076293945,16.5,15.460000038146973,16.040000915527344,43943800
2001-03-28,12.072892189025879,15.0600004196167,16.139999389648438,14.579999923706055,16.1200008392334,46438000
2001-03-29,11.487687110900879,14.329999923706055,15.319999694824219,14.029999732971191,14.609999656677246,54250500
2001-03-30,11.728180885314941,14.630000114440918,15.289999961853027,14.319999694824219,14.520000457763672,36956100
2001-04-02,12.185125350952148,15.199999809265137,16.020000457763672,15.010000228881836,15.100000381469727,39034400
2001-04-03,10.54975414276123,13.15999984741211,15.15999984741211,13.100000381469727,14.630000114440918,71558000
2001-04-04,10.758184432983398,13.420000076293945,14.050000190734863,13.0,13.279999732971191,49247500
2001-04-05,11.5999174118042,14.470000267028809,14.630000114440918,14.0,14.479999542236328,44283900
2001-04-06,10.862398147583008,13.550000190734863,14.449999809265137,13.3100004196167,14.329999923706055,43585800
2001-04-09,11.263224601745605,14.050000190734863,14.199999809265137,13.630000114440918,14.100000381469727,28898900
2001-04-10,12.000744819641113,14.970000267028809,15.470000267028809,14.25,14.470000267028809,48270800
2001-04-11,12.449671745300293,15.529999732971191,15.729999542236328,15.010000228881836,15.600000381469727,66768000
2001-04-12,12.682147979736328,15.819999694824219,16.0,15.34000015258789,15.449999809265137,46220500
2001-04-16,12.794380187988281,15.960000038146973,16.709999084472656,15.600000381469727,16.0,43783600
2001-04-17,13.002813339233398,16.219999313354492,16.649999618530273,15.40999984741211,15.470000267028809,40606700
2001-04-18,14.365621566772461,17.920000076293945,19.200000762939453,17.0,17.350000381469727,95540700
2001-04-19,16.289587020874023,20.31999969482422,20.540000915527344,19.31999969482422,19.65999984741211,103097600
2001-04-20,15.832648277282715,19.75,20.84000015258789,19.31999969482422,20.59000015258789,60473500
2001-04-23,13.74835205078125,17.149999618530273,18.5,16.920000076293945,18.329999923706055,61003400
2001-04-24,13.604049682617188,16.969999313354492,18.079999923706055,16.719999313354492,16.899999618530273,53129800
2001-04-25,13.828513145446777,17.25,17.579999923706055,16.649999618530273,17.110000610351562,42959000
2001-04-26,13.547930717468262,16.899999618530273,18.25,16.799999237060547,18.15999984741211,45575700
2001-04-27,13.74835205078125,17.149999618530273,17.469999313354492,16.670000076293945,17.40999984741211,47171900
2001-04-30,12.954710006713867,16.15999984741211,17.8799991607666,15.869999885559082,17.770000457763672,92948800
2001-05-01,12.85851001739502,16.040000915527344,16.360000610351562,15.520000457763672,16.31999969482422,64021600
2001-05-02,13.764375686645508,17.170000076293945,17.229999542236328,16.0,16.850000381469727,65788100
2001-05-03,13.187189102172852,16.450000762939453,17.170000076293945,16.209999084472656,16.81999969482422,50568500
2001-05-04,13.700244903564453,17.09000015258789,17.200000762939453,15.960000038146973,16.139999389648438,48155400
2001-05-07,13.523887634277344,16.8700008392334,17.200000762939453,16.510000228881836,17.139999389648438,46012500
2001-05-08,13.660165786743164,17.040000915527344,17.270000457763672,16.540000915527344,17.25,34351300
2001-05-09,13.676194190979004,17.059999465942383,17.549999237060547,16.459999084472656,16.65999984741211,41358100
2001-05-10,13.139087677001953,16.389999389648438,17.479999542236328,16.3799991607666,17.270000457763672,40520200
2001-05-11,12.74627685546875,15.899999618530273,16.520000457763672,15.859999656677246,16.3799991607666,34225400
2001-05-14,12.85851001739502,16.040000915527344,16.489999771118164,16.0,16.079999923706055,27117300
2001-05-15,12.770334243774414,15.930000305175781,16.5,15.680000305175781,16.209999084472656,38532000
2001-05-16,13.14710807800293,16.399999618530273,16.420000076293945,15.449999809265137,15.720000267028809,61700300
2001-05-17,12.922645568847656,16.1200008392334,16.790000915527344,15.949999809265137,16.420000076293945,44326500
2001-05-18,13.050905227661133,16.280000686645508,16.350000381469727,15.880000114440918,16.010000228881836,29843000
2001-05-21,14.509921073913574,18.100000381469727,18.209999084472656,16.190000534057617,16.270000457763672,68843600
2001-05-22,14.093056678771973,17.579999923706055,18.520000457763672,17.459999084472656,18.350000381469727,61060300
2001-05-23,13.491813659667969,16.829999923706055,17.260000228881836,16.75,17.209999084472656,41615300
2001-05-24,13.868597984313965,17.299999237060547,17.399999618530273,16.31999969482422,16.860000610351562,30695500
2001-05-25,13.2352876663208,16.510000228881836,17.149999618530273,16.420000076293945,16.969999313354492,27635500
2001-05-29,12.513802528381348,15.609999656677246,16.43000030517578,15.4399995803833,16.3700008392334,44873200
2001-05-30,11.631986618041992,14.510000228881836,16.0,14.449999809265137,15.359999656677246,60895300
2001-05-31,12.265288352966309,15.300000190734863,15.890000343322754,14.600000381469727,14.649999618530273,77868700
2001-06-01,12.714217185974121,15.859999656677246,15.989999771118164,15.260000228881836,15.5,38975400
2001-06-04,12.87454605102539,16.059999465942383,16.540000915527344,15.930000305175781,16.530000686645508,34347900
2001-06-05,13.43570327758789,16.760000228881836,16.959999084472656,16.09000015258789,16.1200008392334,37528800
2001-06-06,13.62810230255127,17.0,17.239999771118164,16.799999237060547,16.940000534057617,43538700
2001-06-07,13.892647743225098,17.329999923706055,17.399999618530273,16.610000610351562,16.860000610351562,33703600
2001-06-08,13.636116027832031,17.010000228881836,17.5,16.920000076293945,17.280000686645508,21379300
2001-06-11,12.978760719299316,16.190000534057617,17.010000228881836,16.020000457763672,17.0,26158600
2001-06-12,12.938680648803711,16.139999389648438,16.360000610351562,15.34000015258789,16.010000228881836,35267300
2001-06-13,12.42562198638916,15.5,16.450000762939453,15.34000015258789,16.350000381469727,34243200
2001-06-14,11.904544830322266,14.850000381469727,15.369999885559082,14.699999809265137,15.359999656677246,45062500
2001-06-15,12.024795532226562,15.0,15.5,14.65999984741211,14.75,59629800
2001-06-18,11.896529197692871,14.84000015258789,15.300000190734863,14.619999885559082,15.229999542236328,51419000
2001-06-19,13.43570327758789,16.760000228881836,17.079999923706055,16.440000534057617,17.049999237060547,123132300
2001-06-20,14.044964790344238,17.520000457763672,17.770000457763672,16.440000534057617,16.520000457763672,64848800
2001-06-21,14.349591255187988,17.899999618530273,18.040000915527344,17.299999237060547,17.459999084472656,42898000
2001-06-22,14.012892723083496,17.479999542236328,17.969999313354492,17.350000381469727,17.799999237060547,29738200
2001-06-25,14.245370864868164,17.770000457763672,18.059999465942383,17.510000228881836,17.649999618530273,30607400
2001-06-26,14.782478332519531,18.440000534057617,19.0,17.010000228881836,17.350000381469727,58071400
2001-06-27,14.46181869506836,18.040000915527344,18.84000015258789,17.700000762939453,18.559999465942383,56799800
2001-06-28,15.375699043273926,19.18000030517578,19.6299991607666,18.290000915527344,18.389999389648438,72499100
2001-06-29,15.231407165527344,19.0,20.020000457763672,17.799999237060547,19.190000534057617,60090400
2001-07-02,15.696361541748047,19.579999923706055,20.0,19.06999969482422,19.239999771118164,29413600
2001-07-03,15.848678588867188,19.770000457763672,20.0,18.780000686645508,19.389999389648438,22039400
2001-07-05,15.175291061401367,18.93000030517578,19.90999984741211,18.899999618530273,19.3799991607666,29051400
2001-07-06,14.598097801208496,18.209999084472656,18.950000762939453,18.040000915527344,18.6299991607666,28647000
2001-07-09,15.159257888793945,18.90999984741211,19.329999923706055,18.100000381469727,18.18000030517578,32770400
2001-07-10,14.101075172424316,17.59000015258789,19.459999084472656,17.559999465942383,19.09000015258789,37848700
2001-07-11,14.429750442504883,18.0,18.100000381469727,17.459999084472656,17.56999969482422,35511200
2001-07-12,15.760493278503418,19.65999984741211,19.93000030517578,18.200000762939453,18.93000030517578,45614700
2001-07-13,15.66429328918457,19.540000915527344,19.899999618530273,19.100000381469727,19.260000228881836,31009700
2001-07-16,14.990911483764648,18.700000762939453,19.790000915527344,18.510000228881836,19.309999465942383,27119500
2001-07-17,15.632229804992676,19.5,19.579999923706055,18.459999084472656,18.520000457763672,30114100
2001-07-18,15.055046081542969,18.780000686645508,19.40999984741211,18.579999923706055,18.84000015258789,27427000
2001-07-19,15.36768627166748,19.170000076293945,19.690000534057617,18.56999969482422,19.040000915527344,32984700
2001-07-20,15.287516593933105,19.06999969482422,19.15999984741211,18.700000762939453,19.020000457763672,25359300
2001-07-23,14.533967018127441,18.1299991607666,19.299999237060547,18.100000381469727,19.1299991607666,25795800
2001-07-24,14.598097801208496,18.209999084472656,18.700000762939453,17.8799991607666,18.209999084472656,33028800
2001-07-25,15.439837455749512,19.260000228881836,19.34000015258789,18.309999465942383,18.389999389648438,36470800
2001-07-26,15.560084342956543,19.40999984741211,19.549999237060547,18.68000030517578,19.079999923706055,36148800
2001-07-27,15.279511451721191,19.059999465942383,20.0,18.75,19.139999389648438,28020000
2001-07-30,14.966859817504883,18.670000076293945,19.18000030517578,18.450000762939453,19.06999969482422,25210800
2001-07-31,14.493884086608887,18.079999923706055,18.959999084472656,18.040000915527344,18.600000381469727,43749700
2001-08-01,14.686283111572266,18.31999969482422,18.84000015258789,18.100000381469727,18.360000610351562,37145400
2001-08-02,14.678266525268555,18.309999465942383,18.850000381469727,17.979999542236328,18.670000076293945,33431000
2001-08-03,14.429750442504883,18.0,18.34000015258789,17.899999618530273,18.31999969482422,28608900
2001-08-06,13.996856689453125,17.459999084472656,18.010000228881836,17.309999465942383,17.68000030517578,24829900
2001-08-07,13.820493698120117,17.239999771118164,17.440000534057617,17.010000228881836,17.399999618530273,33877700
2001-08-08,13.066939353942871,16.299999237060547,17.600000381469727,16.149999618530273,17.040000915527344,47257900
2001-08-09,12.818429946899414,15.989999771118164,16.420000076293945,15.850000381469727,16.31999969482422,46391600
2001-08-10,12.153059959411621,15.15999984741211,15.920000076293945,15.0,15.779999732971191,61738800
2001-08-13,12.577934265136719,15.6899995803833,15.90999984741211,14.770000457763672,15.039999961853027,47255700
2001-08-14,12.465703964233398,15.550000190734863,16.31999969482422,15.460000038146973,15.930000305175781,37069400
2001-08-15,12.032809257507324,15.010000228881836,15.819999694824219,14.960000038146973,15.609999656677246,33463100
2001-08-16,12.273309707641602,15.3100004196167,15.350000381469727,14.670000076293945,14.819999694824219,38077500
2001-08-17,11.800333976745605,14.720000267028809,15.09000015258789,14.630000114440918,14.899999618530273,25901300
2001-08-20,11.872480392456055,14.8100004196167,14.920000076293945,14.420000076293945,14.699999809265137,25332300
2001-08-21,11.32735538482666,14.130000114440918,15.25,14.079999923706055,14.869999885559082,28873200
2001-08-22,11.73620319366455,14.640000343322754,14.779999732971191,14.020000457763672,14.380000114440918,28870500
2001-08-23,11.231159210205078,14.010000228881836,15.029999732971191,14.0,14.520000457763672,31620300
2001-08-24,12.177105903625488,15.1899995803833,15.289999961853027,14.109999656677246,14.40999984741211,33658100
2001-08-27,11.968677520751953,14.930000305175781,15.279999732971191,14.75,15.130000114440918,23745200
2001-08-28,11.231159210205078,14.010000228881836,15.0,13.979999542236328,14.9399995803833,36618900
2001-08-29,10.702065467834473,13.350000381469727,14.210000038146973,13.239999771118164,14.199999809265137,43939900
2001-08-30,9.619832992553711,12.0,13.399999618530273,11.819999694824219,13.079999923706055,76405600
2001-08-31,9.788177490234375,12.210000038146973,12.829999923706055,12.039999961853027,12.100000381469727,38723800
2001-09-04,9.68396282196045,12.079999923706055,13.029999732971191,12.010000228881836,12.529999732971191,45400800
2001-09-05,9.67595100402832,12.069999694824219,12.539999961853027,11.619999885559082,12.25,58220600
2001-09-06,8.754048347473145,10.920000076293945,12.050000190734863,10.850000381469727,11.819999694824219,74982200
2001-09-07,8.874297142028809,11.069999694824219,11.3100004196167,10.550000190734863,10.859999656677246,48172100
2001-09-10,9.186943054199219,11.460000038146973,11.520000457763672,10.850000381469727,10.890000343322754,53889500
2001-09-17,8.826197624206543,11.010000228881836,11.300000190734863,10.239999771118164,10.289999961853027,63861900
2001-09-18,9.122806549072266,11.380000114440918,11.630000114440918,10.699999809265137,10.949999809265137,77758800
2001-09-19,8.978511810302734,11.199999809265137,11.529999732971191,10.260000228881836,11.229999542236328,67253400
2001-09-20,9.066693305969238,11.3100004196167,11.539999961853027,10.739999771118164,10.789999961853027,57281700
2001-09-21,8.625785827636719,10.760000228881836,11.149999618530273,10.15999984741211,10.1899995803833,80169100
2001-09-24,10.036696434020996,12.520000457763672,12.739999771118164,11.25,11.300000190734863,76525500
2001-09-25,9.820247650146484,12.25,13.0600004196167,12.149999618530273,12.65999984741211,57355300
2001-09-26,9.780163764953613,12.199999809265137,12.539999961853027,11.920000076293945,12.489999771118164,39057600
2001-09-27,9.651899337768555,12.039999961853027,12.319999694824219,11.770000457763672,11.970000267028809,41609600
2001-09-28,10.084790229797363,12.579999923706055,12.739999771118164,12.069999694824219,12.170000076293945,44276500
2001-10-01,10.084790229797363,12.579999923706055,12.699999809265137,12.180000305175781,12.470000267028809,30206800
2001-10-02,10.10082721710205,12.600000381469727,12.84000015258789,12.34000015258789,12.520000457763672,42296100
2001-10-03,10.950581550598145,13.65999984741211,14.15999984741211,12.229999542236328,12.369999885559082,71058700
2001-10-04,11.054794311523438,13.789999961853027,14.59000015258789,13.609999656677246,14.100000381469727,57506300
2001-10-05,11.383468627929688,14.199999809265137,14.420000076293945,13.369999885559082,13.510000228881836,39470600
2001-10-08,11.142974853515625,13.899999618530273,14.399999618530273,13.630000114440918,13.8100004196167,30967900
2001-10-09,10.982645034790039,13.699999809265137,14.050000190734863,13.420000076293945,14.020000457763672,28599600
2001-10-10,11.455620765686035,14.289999961853027,14.449999809265137,13.380000114440918,13.5,38833200
2001-10-11,12.000744819641113,14.970000267028809,15.0,14.5,14.529999732971191,49702400
2001-10-12,11.976696968078613,14.9399995803833,14.949999809265137,14.199999809265137,14.5600004196167,41655100
2001-10-15,11.575865745544434,14.4399995803833,14.739999771118164,14.210000038146973,14.470000267028809,49779400
2001-10-16,11.976696968078613,14.9399995803833,14.979999542236328,14.390000343322754,14.550000190734863,32793500
2001-10-17,10.950581550598145,13.65999984741211,15.350000381469727,13.630000114440918,15.270000457763672,54189200
2001-10-18,11.431568145751953,14.260000228881836,14.460000038146973,13.59000015258789,13.710000038146973,40798900
2001-10-19,11.656030654907227,14.539999961853027,14.609999656677246,13.850000381469727,14.079999923706055,35524500
2001-10-22,11.984708786010742,14.949999809265137,14.989999771118164,14.210000038146973,14.319999694824219,24091900
2001-10-23,12.032809257507324,15.010000228881836,15.479999542236328,14.800000190734863,15.039999961853027,38775600
2001-10-24,11.752235412597656,14.65999984741211,15.069999694824219,14.430000305175781,14.670000076293945,59223700
2001-10-25,11.18305778503418,13.949999809265137,14.100000381469727,13.260000228881836,14.0,82909100
2001-10-26,10.886446952819824,13.579999923706055,14.079999923706055,13.399999618530273,13.710000038146973,46623900
2001-10-29,10.742149353027344,13.399999618530273,13.859999656677246,13.210000038146973,13.420000076293945,39469900
2001-10-30,10.822317123413086,13.5,13.819999694824219,13.100000381469727,13.329999923706055,39623500
2001-10-31,10.870412826538086,13.5600004196167,14.180000305175781,13.470000267028809,13.869999885559082,36448300
2001-11-01,11.35942268371582,14.170000076293945,14.220000267028809,13.420000076293945,13.59000015258789,37005300
2001-11-02,11.583887100219727,14.449999809265137,14.550000190734863,13.899999618530273,14.109999656677246,30795000
2001-11-05,11.992727279663086,14.960000038146973,15.149999618530273,14.600000381469727,14.819999694824219,35243400
2001-11-06,12.201157569885254,15.220000267028809,15.289999961853027,14.4399995803833,14.680000305175781,34708200
2001-11-07,12.489755630493164,15.579999923706055,15.9399995803833,15.0,15.0600004196167,44046600
2001-11-08,12.385537147521973,15.449999809265137,16.280000686645508,15.220000267028809,15.630000114440918,46697600
2001-11-09,12.32942008972168,15.380000114440918,15.6899995803833,15.180000305175781,15.369999885559082,29770800
2001-11-12,12.345453262329102,15.399999618530273,15.529999732971191,14.640000343322754,15.140000343322754,27878300
2001-11-13,11.64000129699707,14.520000457763672,15.270000457763672,14.279999732971191,15.130000114440918,89914000
2001-11-14,11.960663795471191,14.920000076293945,15.069999694824219,14.199999809265137,14.829999923706055,52842700
2001-11-15,11.856447219848633,14.789999961853027,15.25,14.5,14.680000305175781,41385800
2001-11-16,11.664048194885254,14.550000190734863,14.920000076293945,14.369999885559082,14.859999656677246,40618100
2001-11-19,11.920576095581055,14.869999885559082,15.050000190734863,14.5,14.819999694824219,30458900
2001-11-20,11.672063827514648,14.5600004196167,15.180000305175781,14.539999961853027,14.800000190734863,40052100
2001-11-21,11.287275314331055,14.079999923706055,14.720000267028809,13.970000267028809,14.5,33836400
2001-11-23,11.551819801330566,14.40999984741211,14.449999809265137,14.079999923706055,14.140000343322754,10846300
2001-11-26,11.816362380981445,14.739999771118164,14.789999961853027,14.449999809265137,14.539999961853027,32643100
2001-11-27,11.559835433959961,14.420000076293945,14.920000076293945,14.229999542236328,14.569999694824219,36021500
2001-11-28,11.319339752197266,14.119999885559082,14.880000114440918,14.069999694824219,14.319999694824219,30083900
2001-11-29,11.375452041625977,14.1899995803833,14.5,14.0,14.319999694824219,36810100
2001-11-30,11.24718952178955,14.029999732971191,14.779999732971191,13.680000305175781,14.40999984741211,74143100
2001-12-03,10.982645034790039,13.699999809265137,14.270000457763672,13.649999618530273,13.819999694824219,42093800
2001-12-04,11.062811851501465,13.800000190734863,13.899999618530273,13.319999694824219,13.869999885559082,47757100
2001-12-05,12.321405410766602,15.369999885559082,15.380000114440918,14.449999809265137,14.5,113746800
2001-12-06,12.74627685546875,15.899999618530273,16.030000686645508,15.5,15.609999656677246,67014700
2001-12-07,12.75429916381836,15.90999984741211,15.949999809265137,15.550000190734863,15.739999771118164,42468600
2001-12-10,12.361485481262207,15.420000076293945,16.020000457763672,15.25,15.640000343322754,35877600
2001-12-11,12.1129732131958,15.109999656677246,15.760000228881836,15.100000381469727,15.710000038146973,41071500
2001-12-12,12.104962348937988,15.100000381469727,15.449999809265137,14.75,15.279999732971191,44940700
2001-12-13,11.760247230529785,14.670000076293945,15.25,14.390000343322754,14.739999771118164,52531500
2001-12-14,11.680082321166992,14.569999694824219,14.699999809265137,14.3100004196167,14.649999618530273,54346500
2001-12-17,11.856447219848633,14.789999961853027,15.0,14.399999618530273,14.449999809265137,32530700
2001-12-18,12.064876556396484,15.050000190734863,15.300000190734863,14.90999984741211,15.0,40321500
2001-12-19,11.960663795471191,14.920000076293945,15.399999618530273,14.779999732971191,14.8100004196167,59069000
2001-12-20,11.615950584411621,14.489999771118164,14.90999984741211,14.399999618530273,14.850000381469727,44289800
2001-12-21,11.527766227722168,14.380000114440918,14.9399995803833,14.350000381469727,14.789999961853027,59252900
2001-12-24,11.495702743530273,14.34000015258789,14.640000343322754,14.229999542236328,14.40999984741211,12753700
2001-12-26,11.29529094696045,14.09000015258789,14.699999809265137,14.079999923706055,14.260000228881836,26817000
2001-12-27,11.21512508392334,13.989999771118164,14.25,13.869999885559082,14.100000381469727,31281100
2001-12-28,11.271238327026367,14.0600004196167,14.359999656677246,14.010000228881836,14.0600004196167,24629700
2001-12-31,11.070830345153809,13.8100004196167,14.229999542236328,13.800000190734863,14.100000381469727,29857600
2002-01-02,11.207101821899414,13.979999542236328,14.0600004196167,13.800000190734863,13.979999542236328,42477900
2002-01-03,12.257274627685547,15.289999961853027,15.34000015258789,14.100000381469727,14.149999618530273,77498300
2002-01-04,12.385537147521973,15.449999809265137,15.890000343322754,15.25,15.5600004196167,42962600
2002-01-07,12.417603492736816,15.489999771118164,15.760000228881836,15.270000457763672,15.680000305175781,33672400
2002-01-08,12.626036643981934,15.75,16.010000228881836,15.390000343322754,15.399999618530273,39963400
2002-01-09,13.411653518676758,16.729999542236328,17.25,16.229999542236328,16.290000915527344,104852700
2002-01-10,13.379586219787598,16.690000534057617,17.030000686645508,16.360000610351562,16.649999618530273,42615900
2002-01-11,13.042888641357422,16.270000457763672,16.860000610351562,16.200000762939453,16.690000534057617,41520900
2002-01-14,13.139087677001953,16.389999389648438,16.68000030517578,16.030000686645508,16.06999969482422,36595900
2002-01-15,13.620087623596191,16.989999771118164,17.0,16.399999618530273,16.479999542236328,42148200
2002-01-16,13.291407585144043,16.579999923706055,17.040000915527344,16.510000228881836,16.649999618530273,38500400
2002-01-17,13.804459571838379,17.219999313354492,17.5,16.790000915527344,16.93000030517578,49705700
2002-01-18,13.211243629455566,16.479999542236328,16.8700008392334,16.440000534057617,16.75,44563400
2002-01-22,12.778347969055176,15.9399995803833,16.969999313354492,15.920000076293945,16.68000030517578,42317200
2002-01-23,13.427689552307129,16.75,16.950000762939453,15.829999923706055,16.049999237060547,45388000
2002-01-24,13.828513145446777,17.25,17.43000030517578,17.030000686645508,17.1200008392334,46794400
2002-01-25,13.379586219787598,16.690000534057617,17.420000076293945,16.670000076293945,16.969999313354492,41197100
2002-01-28,13.547930717468262,16.899999618530273,17.139999389648438,16.75,16.920000076293945,27499800
2002-01-29,13.227273941040039,16.5,17.100000381469727,16.290000915527344,16.809999465942383,42884700
2002-01-30,13.32347297668457,16.6200008392334,16.700000762939453,15.819999694824219,16.469999313354492,46967300
2002-01-31,13.836531639099121,17.260000228881836,17.329999923706055,16.649999618530273,17.0,52355800
2002-02-01,13.139087677001953,16.389999389648438,17.030000686645508,16.329999923706055,16.780000686645508,50686200
2002-02-04,12.922645568847656,16.1200008392334,16.639999389648438,15.90999984741211,16.440000534057617,40447500
2002-02-05,12.6741361618042,15.8100004196167,16.260000228881836,15.779999732971191,15.970000267028809,40088800
2002-02-06,12.85851001739502,16.040000915527344,16.170000076293945,15.649999618530273,16.09000015258789,39840500
2002-02-07,12.762312889099121,15.920000076293945,16.469999313354492,15.739999771118164,15.899999618530273,34368100
2002-02-08,12.970745086669922,16.18000030517578,16.25,15.359999656677246,15.989999771118164,35752800
2002-02-11,13.107025146484375,16.350000381469727,16.399999618530273,15.930000305175781,16.059999465942383,27446200
2002-02-12,12.970745086669922,16.18000030517578,16.600000381469727,16.0,16.18000030517578,27703500
2002-02-13,12.922645568847656,16.1200008392334,16.40999984741211,16.040000915527344,16.3799991607666,24804300
2002-02-14,13.082975387573242,16.31999969482422,16.860000610351562,16.079999923706055,16.190000534057617,31951400
2002-02-15,12.417603492736816,15.489999771118164,16.440000534057617,15.40999984741211,16.3700008392334,35977500
2002-02-19,11.856447219848633,14.789999961853027,15.600000381469727,14.510000228881836,15.329999923706055,46342700
2002-02-20,12.433637619018555,15.510000228881836,15.75,14.949999809265137,15.109999656677246,42658600
2002-02-21,12.233220100402832,15.260000228881836,15.800000190734863,15.239999771118164,15.520000457763672,35673800
2002-02-22,12.42562198638916,15.5,15.6899995803833,14.720000267028809,15.289999961853027,31700700
2002-02-25,13.099008560180664,16.34000015258789,16.450000762939453,15.520000457763672,15.579999923706055,41281500
2002-02-26,13.251324653625488,16.530000686645508,16.81999969482422,16.270000457763672,16.329999923706055,41557900
2002-02-27,13.123062133789062,16.3700008392334,16.889999389648438,15.989999771118164,16.719999313354492,40283300
2002-02-28,13.32347297668457,16.6200008392334,16.950000762939453,16.3799991607666,16.389999389648438,48930600
2002-03-01,12.818429946899414,15.989999771118164,16.719999313354492,15.550000190734863,16.65999984741211,78055500
2002-03-04,10.958593368530273,13.670000076293945,14.050000190734863,12.949999809265137,13.949999809265137,208718700
2002-03-05,11.102893829345703,13.850000381469727,14.140000343322754,13.670000076293945,13.970000267028809,72999800
2002-03-06,11.335373878479004,14.140000343322754,14.210000038146973,13.630000114440918,13.800000190734863,47536200
2002-03-07,11.22314167022705,14.0,14.529999732971191,13.720000267028809,14.470000267028809,38756800
2002-03-08,11.383468627929688,14.199999809265137,14.550000190734863,14.100000381469727,14.420000076293945,42591600
2002-03-11,11.623969078063965,14.5,14.75,14.039999961853027,14.149999618530273,31683800
2002-03-12,11.575865745544434,14.4399995803833,14.630000114440918,14.239999771118164,14.390000343322754,30116900
2002-03-13,11.134958267211914,13.890000343322754,14.40999984741211,13.859999656677246,14.329999923706055,33362500
2002-03-14,10.774214744567871,13.4399995803833,14.079999923706055,13.380000114440918,13.960000038146973,46463700
2002-03-15,10.10082721710205,12.600000381469727,13.029999732971191,12.59000015258789,12.899999618530273,121186000
2002-03-18,10.10082721710205,12.600000381469727,13.010000228881836,12.470000267028809,12.829999923706055,49182600
2002-03-19,10.269173622131348,12.8100004196167,13.15999984741211,12.699999809265137,12.739999771118164,37202500
2002-03-20,10.052726745605469,12.539999961853027,13.050000190734863,12.520000457763672,12.65999984741211,35961200
2002-03-21,10.54173469543457,13.149999618530273,13.25,12.4399995803833,12.649999618530273,49338700
2002-03-22,10.301240921020508,12.850000381469727,13.5,12.770000457763672,13.260000228881836,40552600
2002-03-25,10.036696434020996,12.520000457763672,13.0,12.5,12.920000076293945,30843100
2002-03-26,10.189009666442871,12.710000038146973,13.0,12.460000038146973,12.510000228881836,37668400
2002-03-27,10.124878883361816,12.630000114440918,12.819999694824219,12.550000190734863,12.729999542236328,28081700
2002-03-28,10.261157035827637,12.800000190734863,12.890000343322754,12.59000015258789,12.75,24038700
2002-04-01,10.29322338104248,12.84000015258789,12.890000343322754,12.5,12.600000381469727,28660500
2002-04-02,10.044711112976074,12.529999732971191,12.710000038146973,12.470000267028809,12.569999694824219,28503600
2002-04-03,10.004627227783203,12.479999542236328,12.720000267028809,12.319999694824219,12.550000190734863,29135700
2002-04-04,9.796199798583984,12.220000267028809,12.59000015258789,12.039999961853027,12.359999656677246,31358700
2002-04-05,9.724052429199219,12.130000114440918,12.529999732971191,12.029999732971191,12.34000015258789,25132200
2002-04-08,9.892395973205566,12.34000015258789,12.369999885559082,11.770000457763672,11.960000038146973,29156800
2002-04-09,9.603802680969238,11.979999542236328,12.380000114440918,11.829999923706055,12.329999923706055,36219100
2002-04-10,9.259092330932617,11.550000190734863,12.079999923706055,10.859999656677246,11.920000076293945,60553900
2002-04-11,8.770084381103516,10.9399995803833,11.4399995803833,10.90999984741211,11.329999923706055,41736500
2002-04-12,9.227028846740723,11.510000228881836,11.600000381469727,10.920000076293945,11.09000015258789,45762600
2002-04-15,9.058674812316895,11.300000190734863,11.779999732971191,11.289999961853027,11.609999656677246,34398400
2002-04-16,9.667935371398926,12.0600004196167,12.279999732971191,11.539999961853027,11.6899995803833,29575900
2002-04-17,9.44346809387207,11.779999732971191,12.149999618530273,11.680000305175781,12.010000228881836,32665700
2002-04-18,9.339256286621094,11.649999618530273,12.050000190734863,11.59000015258789,11.850000381469727,32099900
2002-04-19,9.563714981079102,11.930000305175781,12.100000381469727,11.75,11.880000114440918,26765600
2002-04-22,9.162888526916504,11.430000305175781,11.8100004196167,11.329999923706055,11.75,41638100
2002-04-23,8.914376258850098,11.119999885559082,11.460000038146973,10.880000114440918,11.4399995803833,52599600
2002-04-24,8.417353630065918,10.5,11.130000114440918,10.5,11.039999961853027,57097300
2002-04-25,8.417353630065918,10.5,10.90999984741211,10.449999809265137,10.5,44673800
2002-04-26,8.120741844177246,10.130000114440918,10.829999923706055,10.100000381469727,10.6899995803833,39596300
2002-04-29,8.361236572265625,10.430000305175781,10.449999809265137,10.130000114440918,10.220000267028809,42502700
2002-04-30,8.048596382141113,10.039999961853027,10.470000267028809,10.0,10.329999923706055,69154400
2002-05-01,7.575619697570801,9.449999809265137,10.0,8.880000114440918,9.930000305175781,108231800
2002-05-02,6.854134559631348,8.550000190734863,9.510000228881836,8.149999618530273,9.34000015258789,127028400
2002-05-03,6.757933616638184,8.430000305175781,8.539999961853027,7.840000152587891,8.460000038146973,110031900
2002-05-06,6.589587688446045,8.220000267028809,8.510000228881836,8.149999618530273,8.25,64023900
2002-05-07,6.6136369705200195,8.25,8.4399995803833,7.5,8.25,100174400
2002-05-08,7.335124969482422,9.149999618530273,9.180000305175781,8.520000457763672,8.699999809265137,64747900
2002-05-09,6.798015594482422,8.479999542236328,9.069999694824219,8.40999984741211,9.039999961853027,44338200
2002-05-10,6.42124080657959,8.010000228881836,8.630000114440918,8.0,8.5,51678300
2002-05-13,6.790000915527344,8.470000267028809,8.5600004196167,8.079999923706055,8.199999809265137,47133400
2002-05-14,7.062563419342041,8.8100004196167,9.050000190734863,8.569999694824219,8.90999984741211,69514000
2002-05-15,7.367191791534424,9.1899995803833,9.720000267028809,8.550000190734863,8.649999618530273,84175000
2002-05-16,7.679837703704834,9.579999923706055,9.65999984741211,9.1899995803833,9.270000457763672,44102600
2002-05-17,7.663801670074463,9.5600004196167,10.0,9.380000114440918,9.770000457763672,46574200
2002-05-20,7.30305814743042,9.109999656677246,9.449999809265137,8.600000381469727,9.380000114440918,36387600
2002-05-21,7.094630718231201,8.850000381469727,9.399999618530273,8.739999771118164,9.170000076293945,42013800
2002-05-22,7.054545879364014,8.800000190734863,8.920000076293945,8.4399995803833,8.720000267028809,59710300
2002-05-23,7.511490345001221,9.369999885559082,9.40999984741211,8.800000190734863,9.020000457763672,43943400
2002-05-24,7.094630718231201,8.850000381469727,9.239999771118164,8.789999961853027,9.199999809265137,28872400
2002-05-28,7.166776180267334,8.9399995803833,9.0600004196167,8.569999694824219,9.050000190734863,30326100
2002-05-29,6.733883380889893,8.399999618530273,8.9399995803833,8.399999618530273,8.84000015258789,37093300
2002-05-30,6.7499165534973145,8.420000076293945,8.779999732971191,8.25,8.350000381469727,45703700
2002-05-31,6.349089622497559,7.920000076293945,8.520000457763672,7.840000152587891,8.479999542236328,52579400
2002-06-03,5.868101596832275,7.320000171661377,8.1899995803833,7.269999980926514,7.800000190734863,86670000
2002-06-04,6.26892614364624,7.820000171661377,8.069999694824219,7.25,7.46999979019165,80771800
2002-06-05,6.942314147949219,8.65999984741211,8.670000076293945,7.590000152587891,7.869999885559082,60986500
2002-06-06,6.5334696769714355,8.149999618530273,8.489999771118164,8.0600004196167,8.449999809265137,59408000
2002-06-07,6.701817989349365,8.359999656677246,8.729999542236328,7.869999885559082,7.929999828338623,54034000
2002-06-10,6.525452613830566,8.140000343322754,8.430000305175781,8.079999923706055,8.420000076293945,38192900
2002-06-11,6.437273025512695,8.029999732971191,8.479999542236328,7.96999979019165,8.289999961853027,39634900
2002-06-12,6.6216535568237305,8.260000228881836,8.300000190734863,7.730000019073486,7.909999847412109,61515800
2002-06-13,6.6216535568237305,8.260000228881836,8.420000076293945,8.079999923706055,8.199999809265137,45476900
2002-06-14,6.87016487121582,8.569999694824219,8.600000381469727,7.940000057220459,8.130000114440918,45042200
2002-06-17,7.375205039978027,9.199999809265137,9.380000114440918,8.670000076293945,8.699999809265137,73449200
2002-06-18,7.1988444328308105,8.979999542236328,9.140000343322754,8.699999809265137,9.039999961853027,87006200
2002-06-19,7.054545879364014,8.800000190734863,9.520000457763672,8.529999732971191,9.4399995803833,111863800
2002-06-20,6.781984806060791,8.460000038146973,8.800000190734863,8.369999885559082,8.649999618530273,56839400
2002-06-21,6.5094218254089355,8.119999885559082,8.680000305175781,8.079999923706055,8.289999961853027,62786500
2002-06-24,6.9022297859191895,8.609999656677246,8.770000457763672,7.929999828338623,8.029999732971191,59579000
2002-06-25,6.97437858581543,8.699999809265137,8.859999656677246,8.319999694824219,8.710000038146973,57016100
2002-06-26,7.3511552810668945,9.170000076293945,9.5,8.149999618530273,8.199999809265137,76641800
2002-06-27,7.760000705718994,9.680000305175781,9.699999809265137,9.109999656677246,9.350000381469727,80203600
2002-06-28,7.591652870178223,9.470000267028809,9.920000076293945,9.350000381469727,9.5,51290300
2002-07-01,7.214875221252441,9.0,9.369999885559082,8.930000305175781,9.300000190734863,42506500
2002-07-02,6.958348274230957,8.680000305175781,9.0,8.609999656677246,8.880000114440918,48316200
2002-07-03,7.6557841300964355,9.550000190734863,9.630000114440918,8.539999961853027,8.579999923706055,50001600
2002-07-05,8.000496864318848,9.979999542236328,10.050000190734863,9.760000228881836,9.800000190734863,24017600
2002-07-08,7.4633870124816895,9.3100004196167,10.079999923706055,9.239999771118164,9.760000228881836,47165100
2002-07-09,7.53553581237793,9.399999618530273,9.899999618530273,9.34000015258789,9.4399995803833,47022800
2002-07-10,7.1988444328308105,8.979999542236328,9.640000343322754,8.949999809265137,9.529999732971191,53667200
2002-07-11,7.551571369171143,9.420000076293945,9.529999732971191,8.710000038146973,8.869999885559082,73131400
2002-07-12,7.760000705718994,9.680000305175781,9.829999923706055,9.420000076293945,9.5600004196167,50084300
2002-07-15,8.136775016784668,10.149999618530273,10.170000076293945,9.399999618530273,9.479999542236328,62672400
2002-07-16,8.008508682250977,9.989999771118164,10.479999542236328,9.880000114440918,9.960000038146973,79162800
2002-07-17,8.393306732177734,10.470000267028809,10.550000190734863,10.0,10.430000305175781,72719600
2002-07-18,8.056615829467773,10.050000190734863,10.3100004196167,9.949999809265137,10.279999732971191,68437400
2002-07-19,7.792064189910889,9.720000267028809,10.0600004196167,9.489999771118164,9.800000190734863,59706300
2002-07-22,7.399255275726318,9.229999542236328,9.649999618530273,9.170000076293945,9.510000228881836,62146800
2002-07-23,7.054545879364014,8.800000190734863,9.529999732971191,8.760000228881836,9.359999656677246,66680100
2002-07-24,7.53553581237793,9.399999618530273,9.470000267028809,8.359999656677246,8.5,70072800
2002-07-25,7.222891807556152,9.010000228881836,9.270000457763672,8.760000228881836,9.140000343322754,62316200
2002-07-26,7.479419708251953,9.329999923706055,9.350000381469727,8.819999694824219,9.010000228881836,44375500
2002-07-29,7.6557841300964355,9.550000190734863,9.75,9.3100004196167,9.600000381469727,49638500
2002-07-30,7.912313461303711,9.869999885559082,10.0,9.4399995803833,9.529999732971191,51168000
2002-07-31,8.024544715881348,10.010000228881836,10.010000228881836,9.579999923706055,9.720000267028809,43451400
2002-08-01,7.7519850730896,9.670000076293945,10.039999961853027,9.479999542236328,9.899999618530273,47106200
2002-08-02,7.543552875518799,9.40999984741211,9.65999984741211,9.050000190734863,9.529999732971191,50938500
2002-08-05,7.222891807556152,9.010000228881836,9.489999771118164,9.0,9.300000190734863,40423800
2002-08-06,7.479419708251953,9.329999923706055,9.619999885559082,9.100000381469727,9.220000267028809,51110000
2002-08-07,7.631737232208252,9.520000457763672,9.829999923706055,9.199999809265137,9.65999984741211,51504200
2002-08-08,8.024544715881348,10.010000228881836,10.050000190734863,9.40999984741211,9.489999771118164,45828500
2002-08-09,7.864212989807129,9.8100004196167,10.329999923706055,9.779999732971191,9.829999923706055,48363200
2002-08-12,7.800079822540283,9.729999542236328,10.020000457763672,9.640000343322754,9.670000076293945,33188100
2002-08-13,7.287026405334473,9.09000015258789,9.699999809265137,9.0600004196167,9.619999885559082,54342800
2002-08-14,8.056615829467773,10.050000190734863,10.09000015258789,9.1899995803833,9.229999542236328,54279100
2002-08-15,8.112726211547852,10.119999885559082,10.270000457763672,9.850000381469727,10.119999885559082,56122100
2002-08-16,8.329174995422363,10.390000343322754,10.449999809265137,9.890000343322754,9.920000076293945,45686200
2002-08-19,8.762069702148438,10.930000305175781,11.140000343322754,10.319999694824219,10.420000076293945,56303000
2002-08-20,8.625785827636719,10.760000228881836,11.0,10.539999961853027,10.699999809265137,38054800
2002-08-21,8.625785827636719,10.760000228881836,11.0600004196167,10.550000190734863,10.949999809265137,45105100
2002-08-22,8.970494270324707,11.1899995803833,11.199999809265137,10.600000381469727,10.869999885559082,42098900
2002-08-23,8.649835586547852,10.789999961853027,11.220000267028809,10.579999923706055,11.020000457763672,29674700
2002-08-26,8.473470687866211,10.569999694824219,10.850000381469727,10.260000228881836,10.770000457763672,35549500
2002-08-27,8.136775016784668,10.149999618530273,10.819999694824219,10.100000381469727,10.720000267028809,36429100
2002-08-28,7.944379806518555,9.90999984741211,10.420000076293945,9.850000381469727,10.130000114440918,33652200
2002-08-29,7.984465599060059,9.960000038146973,10.130000114440918,9.649999618530273,9.789999961853027,39768600
2002-08-30,7.687849521636963,9.59000015258789,9.920000076293945,9.520000457763672,9.789999961853027,34935200
2002-09-03,7.262977123260498,9.0600004196167,9.569999694824219,9.0,9.510000228881836,43694600
2002-09-04,7.695867538452148,9.600000381469727,9.6899995803833,9.149999618530273,9.180000305175781,43514400
2002-09-05,7.311074256896973,9.119999885559082,9.470000267028809,9.109999656677246,9.449999809265137,44877700
2002-09-06,7.719918727874756,9.630000114440918,9.8100004196167,9.40999984741211,9.470000267028809,39052400
2002-09-09,7.840163230895996,9.779999732971191,9.880000114440918,9.399999618530273,9.619999885559082,39399100
2002-09-10,7.848180770874023,9.789999961853027,9.970000267028809,9.460000038146973,9.770000457763672,40390100
2002-09-11,7.856197357177734,9.800000190734863,10.199999809265137,9.770000457763672,9.859999656677246,34483500
2002-09-12,7.599668979644775,9.479999542236328,9.760000228881836,9.430000305175781,9.6899995803833,33143900
2002-09-13,7.800079822540283,9.729999542236328,9.859999656677246,9.430000305175781,9.489999771118164,36261100
2002-09-16,7.439339637756348,9.279999732971191,9.75,9.050000190734863,9.710000038146973,52494500
2002-09-17,7.238926410675049,9.029999732971191,9.420000076293945,8.779999732971191,9.399999618530273,81486100
2002-09-18,6.669752597808838,8.319999694824219,8.539999961853027,7.809999942779541,8.239999771118164,122601600
2002-09-19,6.501406669616699,8.109999656677246,8.210000038146973,7.949999809265137,8.050000190734863,47977300
2002-09-20,6.405208110809326,7.989999771118164,8.279999732971191,7.960000038146973,8.180000305175781,69838300
2002-09-23,6.124629974365234,7.639999866485596,7.960000038146973,7.489999771118164,7.849999904632568,54908300
2002-09-24,6.4132232666015625,8.0,8.180000305175781,7.300000190734863,7.389999866485596,77572000
2002-09-25,6.886196136474609,8.59000015258789,8.600000381469727,7.960000038146973,8.119999885559082,63782200
2002-09-26,6.6457037925720215,8.289999961853027,8.720000267028809,8.199999809265137,8.670000076293945,58182400
2002-09-27,6.733883380889893,8.399999618530273,8.640000343322754,8.09000015258789,8.119999885559082,47307400
2002-09-30,6.300990581512451,7.860000133514404,8.279999732971191,7.300000190734863,8.15999984741211,49137600
2002-10-01,6.8461151123046875,8.539999961853027,8.579999923706055,7.78000020980835,7.829999923706055,54834900
2002-10-02,6.661736488342285,8.3100004196167,8.550000190734863,8.1899995803833,8.270000457763672,45000700
2002-10-03,6.677769660949707,8.329999923706055,8.579999923706055,8.140000343322754,8.229999542236328,49005300
2002-10-04,6.573554039001465,8.199999809265137,8.579999923706055,8.199999809265137,8.460000038146973,45026100
2002-10-07,6.172726631164551,7.699999809265137,8.239999771118164,7.650000095367432,8.119999885559082,50625700
2002-10-08,6.4693403244018555,8.069999694824219,8.229999542236328,7.789999961853027,7.829999923706055,48688300
2002-10-09,6.4693403244018555,8.069999694824219,8.25,7.800000190734863,7.909999847412109,55491400
2002-10-10,6.822063446044922,8.510000228881836,8.579999923706055,8.020000457763672,8.079999923706055,39404700
2002-10-11,7.254960536956787,9.050000190734863,9.069999694824219,8.510000228881836,8.609999656677246,49019800
2002-10-14,7.415288925170898,9.25,9.300000190734863,8.739999771118164,8.84000015258789,32391600
2002-10-15,7.768019676208496,9.6899995803833,9.84000015258789,9.350000381469727,9.619999885559082,52984900
2002-10-16,7.471405029296875,9.319999694824219,9.59000015258789,9.220000267028809,9.220000267028809,41261700
2002-10-17,7.912313461303711,9.869999885559082,10.079999923706055,9.729999542236328,9.979999542236328,52962900
2002-10-18,7.607686996459961,9.489999771118164,9.670000076293945,9.229999542236328,9.550000190734863,54988200
2002-10-21,7.727932929992676,9.640000343322754,9.789999961853027,9.270000457763672,9.369999885559082,47599300
2002-10-22,7.928349018096924,9.890000343322754,9.949999809265137,9.329999923706055,9.380000114440918,46216500
2002-10-23,7.984465599060059,9.960000038146973,10.0,9.640000343322754,9.770000457763672,50575400
2002-10-24,7.904298305511475,9.859999656677246,10.1899995803833,9.819999694824219,9.979999542236328,55952100
2002-10-25,8.224956512451172,10.260000228881836,10.3100004196167,9.90999984741211,9.9399995803833,45287900
2002-10-28,8.07264232635498,10.069999694824219,10.420000076293945,9.949999809265137,10.380000114440918,40931700
2002-10-29,7.984465599060059,9.960000038146973,10.289999961853027,9.670000076293945,10.010000228881836,43315700
2002-10-30,8.024544715881348,10.010000228881836,10.119999885559082,9.829999923706055,9.979999542236328,50795900
2002-10-31,8.168842315673828,10.1899995803833,10.25,9.800000190734863,9.970000267028809,53490400
2002-11-01,8.120741844177246,10.130000114440918,10.270000457763672,9.6899995803833,10.039999961853027,44318000
2002-11-04,8.208925247192383,10.239999771118164,10.479999542236328,9.90999984741211,10.40999984741211,61141500
2002-11-05,8.152810096740723,10.170000076293945,10.260000228881836,9.989999771118164,10.09000015258789,40878800
2002-11-06,8.305126190185547,10.359999656677246,10.40999984741211,10.069999694824219,10.3100004196167,53095100
2002-11-07,8.176859855651855,10.199999809265137,10.239999771118164,10.0,10.130000114440918,41749500
2002-11-08,7.6557841300964355,9.550000190734863,10.079999923706055,9.539999961853027,10.079999923706055,56464000
2002-11-11,7.254960536956787,9.050000190734863,9.5,8.970000267028809,9.210000038146973,48740600
2002-11-12,7.615703582763672,9.5,9.760000228881836,9.130000114440918,9.260000228881836,52874400
2002-11-13,7.711901664733887,9.619999885559082,9.739999771118164,9.359999656677246,9.369999885559082,43148800
2002-11-14,8.297107696533203,10.350000381469727,10.399999618530273,9.789999961853027,9.8100004196167,47581000
2002-11-15,8.58570671081543,10.710000038146973,10.779999732971191,10.109999656677246,10.170000076293945,57425300
2002-11-18,8.21694278717041,10.25,11.0,10.25,10.880000114440918,42280500
2002-11-19,8.31313705444336,10.369999885559082,10.600000381469727,10.050000190734863,10.239999771118164,39188600
2002-11-20,8.60975456237793,10.739999771118164,10.779999732971191,10.25,10.359999656677246,48408600
2002-11-21,9.186943054199219,11.460000038146973,11.5,10.819999694824219,10.84000015258789,59605500
2002-11-22,9.283143043518066,11.579999923706055,11.649999618530273,11.020000457763672,11.069999694824219,47514400
2002-11-25,9.547683715820312,11.90999984741211,12.0,11.529999732971191,11.600000381469727,45853800
2002-11-26,9.323225975036621,11.630000114440918,12.079999923706055,11.550000190734863,11.8100004196167,58763800
2002-11-27,9.619832992553711,12.0,12.210000038146973,11.479999542236328,11.899999618530273,47671800
2002-11-29,9.740079879760742,12.149999618530273,12.25,11.949999809265137,12.029999732971191,16345800
2002-12-02,9.539671897888184,11.899999618530273,12.729999542236328,11.819999694824219,12.359999656677246,46174700
2002-12-03,9.114794731140137,11.369999885559082,11.9399995803833,11.25,11.819999694824219,46235500
2002-12-04,8.85826301574707,11.050000190734863,11.350000381469727,10.739999771118164,11.039999961853027,45352900
2002-12-05,8.569671630859375,10.6899995803833,11.329999923706055,10.649999618530273,11.300000190734863,39194600
2002-12-06,9.042644500732422,11.279999732971191,11.59000015258789,10.449999809265137,10.539999961853027,47974500
2002-12-09,8.44140625,10.529999732971191,11.289999961853027,10.510000228881836,11.119999885559082,41361800
2002-12-10,8.577690124511719,10.699999809265137,11.029999732971191,10.630000114440918,10.770000457763672,35175200
2002-12-11,9.058674812316895,11.300000190734863,11.449999809265137,10.609999656677246,10.699999809265137,42332500
2002-12-12,9.138842582702637,11.399999618530273,11.550000190734863,11.050000190734863,11.470000267028809,31506500
2002-12-13,8.537602424621582,10.649999618530273,11.319999694824219,10.630000114440918,11.279999732971191,49233800
2002-12-16,9.058674812316895,11.300000190734863,11.369999885559082,10.8100004196167,10.949999809265137,36217200
2002-12-17,8.834213256835938,11.020000457763672,11.479999542236328,10.859999656677246,11.210000038146973,38315200
2002-12-18,8.521567344665527,10.630000114440918,10.890000343322754,10.40999984741211,10.800000190734863,59093700
2002-12-19,8.818178176879883,11.0,11.569999694824219,10.800000190734863,11.0600004196167,97046000
2002-12-20,8.60975456237793,10.739999771118164,11.369999885559082,10.550000190734863,11.279999732971191,70354000
2002-12-23,8.866283416748047,11.0600004196167,11.149999618530273,10.619999885559082,10.779999732971191,32994600
2002-12-24,8.810162544250488,10.989999771118164,11.149999618530273,10.850000381469727,10.899999618530273,9088400
2002-12-26,8.681905746459961,10.829999923706055,11.229999542236328,10.779999732971191,11.0,19094500
2002-12-27,8.649835586547852,10.789999961853027,11.069999694824219,10.75,10.8100004196167,24793900
2002-12-30,8.770084381103516,10.9399995803833,11.020000457763672,10.729999542236328,10.869999885559082,29686300
2002-12-31,8.65785026550293,10.800000190734863,10.970000267028809,10.779999732971191,10.880000114440918,26155500
2003-01-02,8.986525535583496,11.210000038146973,11.25,10.800000190734863,10.9399995803833,32064900
2003-01-03,9.267110824584961,11.5600004196167,11.619999885559082,11.119999885559082,11.1899995803833,30879500
2003-01-06,9.587770462036133,11.960000038146973,12.109999656677246,11.539999961853027,11.539999961853027,45324400
2003-01-07,10.17297649383545,12.6899995803833,12.800000190734863,11.760000228881836,11.890000343322754,72764800
2003-01-08,9.716031074523926,12.119999885559082,12.649999618530273,12.069999694824219,12.569999694824219,53623200
2003-01-09,10.429503440856934,13.010000228881836,13.180000305175781,12.399999618530273,12.460000038146973,71178800
2003-01-10,10.477601051330566,13.069999694824219,13.25,12.489999771118164,12.65999984741211,52033600
2003-01-13,10.365373611450195,12.930000305175781,13.359999656677246,12.829999923706055,13.300000190734863,40588200
2003-01-14,10.50967025756836,13.109999656677246,13.199999809265137,12.800000190734863,12.880000114440918,39310400
2003-01-15,10.044711112976074,12.529999732971191,13.239999771118164,12.460000038146973,13.149999618530273,41972100
2003-01-16,9.756115913391113,12.170000076293945,12.800000190734863,12.100000381469727,12.510000228881836,50428400
2003-01-17,9.17090892791748,11.4399995803833,11.739999771118164,11.420000076293945,11.680000305175781,55319200
2003-01-21,9.275125503540039,11.569999694824219,11.920000076293945,11.470000267028809,11.59000015258789,36345400
2003-01-22,9.315203666687012,11.619999885559082,12.140000343322754,11.449999809265137,11.59000015258789,45273300
2003-01-23,9.988598823547363,12.460000038146973,12.59000015258789,11.890000343322754,12.050000190734863,46467100
2003-01-24,9.435452461242676,11.770000457763672,12.4399995803833,11.670000076293945,12.40999984741211,45555000
2003-01-27,9.563714981079102,11.930000305175781,12.0600004196167,11.600000381469727,11.800000190734863,44095200
2003-01-28,9.595785140991211,11.970000267028809,12.15999984741211,11.710000038146973,12.149999618530273,36313900
2003-01-29,9.635869979858398,12.020000457763672,12.1899995803833,11.550000190734863,11.779999732971191,36287500
2003-01-30,9.419424057006836,11.75,12.479999542236328,11.6899995803833,12.079999923706055,38272500
2003-01-31,9.64388656616211,12.029999732971191,12.180000305175781,11.5,11.59000015258789,48082000
2003-02-03,9.627849578857422,12.010000228881836,12.140000343322754,11.890000343322754,12.010000228881836,30451300
2003-02-04,9.403388023376465,11.729999542236328,12.130000114440918,11.520000457763672,11.850000381469727,47845200
2003-02-05,9.2350435256958,11.520000457763672,12.039999961853027,11.5,11.880000114440918,41316900
2003-02-06,9.243061065673828,11.529999732971191,11.720000267028809,11.329999923706055,11.510000228881836,39066500
2003-02-07,9.090740203857422,11.34000015258789,11.899999618530273,11.260000228881836,11.739999771118164,43943700
2003-02-10,9.419424057006836,11.75,11.800000190734863,11.380000114440918,11.40999984741211,33763500
2003-02-11,9.547683715820312,11.90999984741211,12.140000343322754,11.720000267028809,11.84000015258789,46126300
2003-02-12,9.219009399414062,11.5,11.949999809265137,11.489999771118164,11.819999694824219,39650300
2003-02-13,9.251073837280273,11.539999961853027,11.6899995803833,11.350000381469727,11.5600004196167,34557500
2003-02-14,9.379343032836914,11.699999809265137,11.920000076293945,11.350000381469727,11.5600004196167,41473100
2003-02-18,9.956527709960938,12.420000076293945,12.4399995803833,11.789999961853027,11.899999618530273,40391400
2003-02-19,9.876361846923828,12.319999694824219,12.369999885559082,12.119999885559082,12.329999923706055,34828800
2003-02-20,9.868346214294434,12.3100004196167,12.470000267028809,12.229999542236328,12.390000343322754,31167700
2003-02-21,9.932480812072754,12.390000343322754,12.4399995803833,11.869999885559082,12.180000305175781,44233400
2003-02-24,9.475533485412598,11.819999694824219,12.449999809265137,11.8100004196167,12.1899995803833,45766300
2003-02-25,9.571736335754395,11.9399995803833,12.010000228881836,11.479999542236328,11.640000343322754,47223800
2003-02-26,9.395374298095703,11.720000267028809,12.100000381469727,11.670000076293945,11.90999984741211,40775700
2003-02-27,9.531652450561523,11.890000343322754,12.09000015258789,11.729999542236328,11.90999984741211,36829700
2003-02-28,9.587770462036133,11.960000038146973,12.140000343322754,11.829999923706055,11.890000343322754,35480000
2003-03-03,9.37132453918457,11.6899995803833,12.199999809265137,11.640000343322754,12.199999809265137,34375200
2003-03-04,9.323225975036621,11.630000114440918,11.859999656677246,11.550000190734863,11.739999771118164,37421000
2003-03-05,8.95446491241455,11.170000076293945,11.40999984741211,10.989999771118164,11.380000114440918,64571400
2003-03-06,8.94644832611084,11.15999984741211,11.350000381469727,11.020000457763672,11.180000305175781,37140800
2003-03-07,8.866283416748047,11.0600004196167,11.300000190734863,10.84000015258789,10.9399995803833,44083500
2003-03-10,8.625785827636719,10.760000228881836,11.0,10.670000076293945,10.819999694824219,30568300
2003-03-11,8.561654090881348,10.680000305175781,10.960000038146973,10.649999618530273,10.8100004196167,36460600
2003-03-12,8.818178176879883,11.0,11.0600004196167,10.640000343322754,10.649999618530273,41539800
2003-03-13,9.539671897888184,11.899999618530273,11.9399995803833,11.1899995803833,11.3100004196167,57891600
2003-03-14,9.571736335754395,11.9399995803833,12.050000190734863,11.649999618530273,11.890000343322754,51565800
2003-03-17,9.900415420532227,12.350000381469727,12.449999809265137,11.600000381469727,11.710000038146973,56316800
2003-03-18,9.820247650146484,12.25,12.449999809265137,12.0600004196167,12.369999885559082,58587300
2003-03-19,9.066693305969238,11.3100004196167,11.829999923706055,11.100000381469727,11.649999618530273,123560800
2003-03-20,9.219009399414062,11.5,11.600000381469727,11.109999656677246,11.430000305175781,55821400
2003-03-21,9.098759651184082,11.350000381469727,11.829999923706055,11.270000457763672,11.6899995803833,65517600
2003-03-24,8.842231750488281,11.029999732971191,11.300000190734863,10.989999771118164,11.140000343322754,42180200
2003-03-25,9.058674812316895,11.300000190734863,11.489999771118164,11.069999694824219,11.1899995803833,41673400
2003-03-26,9.17090892791748,11.4399995803833,11.579999923706055,11.25,11.34000015258789,38346100
2003-03-27,9.10677719116211,11.359999656677246,11.510000228881836,11.229999542236328,11.300000190734863,29790500
2003-03-28,8.898348808288574,11.100000381469727,11.390000343322754,11.100000381469727,11.25,27751300
2003-03-31,8.6979341506958,10.850000381469727,11.09000015258789,10.819999694824219,10.829999923706055,44908800
2003-04-01,8.625785827636719,10.760000228881836,10.90999984741211,10.649999618530273,10.880000114440918,50467600
2003-04-02,9.186943054199219,11.460000038146973,11.5600004196167,10.899999618530273,11.0600004196167,48276800
2003-04-03,9.315203666687012,11.619999885559082,11.859999656677246,11.539999961853027,11.819999694824219,44264100
2003-04-04,9.114794731140137,11.369999885559082,11.739999771118164,11.0,11.65999984741211,34937000
2003-04-07,9.387356758117676,11.710000038146973,12.510000228881836,11.680000305175781,11.899999618530273,45510400
2003-04-08,9.219009399414062,11.5,11.739999771118164,11.479999542236328,11.670000076293945,34791300
2003-04-09,8.95446491241455,11.170000076293945,11.640000343322754,11.15999984741211,11.619999885559082,39120000
2003-04-10,9.114794731140137,11.369999885559082,11.449999809265137,11.069999694824219,11.1899995803833,31242200
2003-04-11,9.05066204071045,11.289999961853027,11.6899995803833,11.199999809265137,11.520000457763672,27457400
2003-04-14,9.347274780273438,11.65999984741211,11.710000038146973,11.229999542236328,11.329999923706055,28588700
2003-04-15,9.251073837280273,11.539999961853027,11.75,11.460000038146973,11.529999732971191,33429700
2003-04-16,9.283143043518066,11.579999923706055,11.949999809265137,11.5600004196167,11.760000228881836,41489400
2003-04-17,9.619832992553711,12.0,12.010000228881836,11.460000038146973,11.550000190734863,35670800
2003-04-21,9.491567611694336,11.84000015258789,12.1899995803833,11.800000190734863,11.979999542236328,29742500
2003-04-22,9.724052429199219,12.130000114440918,12.1899995803833,11.699999809265137,11.789999961853027,33697200
2003-04-23,9.619832992553711,12.0,12.079999923706055,11.869999885559082,11.930000305175781,30255100
2003-04-24,9.64388656616211,12.029999732971191,12.09000015258789,11.760000228881836,11.829999923706055,31261600
2003-04-25,9.451488494873047,11.789999961853027,12.020000457763672,11.770000457763672,11.960000038146973,26159300
2003-04-28,9.595785140991211,11.970000267028809,12.039999961853027,11.65999984741211,11.800000190734863,29737500
2003-04-29,9.635869979858398,12.020000457763672,12.199999809265137,11.930000305175781,11.949999809265137,31540200
2003-04-30,9.523634910583496,11.880000114440918,12.029999732971191,11.8100004196167,11.960000038146973,40601500
2003-05-01,9.555704116821289,11.920000076293945,11.989999771118164,11.739999771118164,11.850000381469727,26984400
2003-05-02,9.780163764953613,12.199999809265137,12.239999771118164,11.789999961853027,11.789999961853027,35190700
2003-05-05,9.68396282196045,12.079999923706055,12.300000190734863,12.0600004196167,12.1899995803833,34043100
2003-05-06,9.948515892028809,12.40999984741211,12.550000190734863,11.930000305175781,11.979999542236328,44153800
2003-05-07,9.772146224975586,12.1899995803833,12.550000190734863,12.140000343322754,12.359999656677246,45258000
2003-05-08,9.699999809265137,12.100000381469727,12.359999656677246,12.0,12.0,34438600
2003-05-09,9.956527709960938,12.420000076293945,12.5,12.199999809265137,12.239999771118164,33759800
2003-05-12,9.988598823547363,12.460000038146973,12.529999732971191,12.199999809265137,12.289999961853027,33784200
2003-05-13,9.956527709960938,12.420000076293945,12.649999618530273,12.319999694824219,12.359999656677246,34690400
2003-05-14,10.044711112976074,12.529999732971191,12.640000343322754,12.34000015258789,12.600000381469727,34511800
2003-05-15,10.349340438842773,12.90999984741211,13.010000228881836,12.5600004196167,12.600000381469727,45269100
2003-05-16,10.068763732910156,12.5600004196167,13.0,12.470000267028809,12.90999984741211,34563400
2003-05-19,9.756115913391113,12.170000076293945,12.619999885559082,12.100000381469727,12.449999809265137,32926600
2003-05-20,9.748096466064453,12.15999984741211,12.279999732971191,12.010000228881836,12.210000038146973,33688700
2003-05-21,9.699999809265137,12.100000381469727,12.220000267028809,11.970000267028809,12.119999885559082,35936400
2003-05-22,9.860333442687988,12.300000190734863,12.40999984741211,12.119999885559082,12.130000114440918,26953500
2003-05-23,9.699999809265137,12.100000381469727,12.300000190734863,12.0600004196167,12.220000267028809,25251500
2003-05-27,10.140909194946289,12.649999618530273,12.739999771118164,11.979999542236328,12.029999732971191,35590200
2003-05-28,10.629918098449707,13.260000228881836,13.399999618530273,12.699999809265137,12.8100004196167,78128000
2003-05-29,10.285208702087402,12.829999923706055,13.279999732971191,12.8100004196167,13.069999694824219,50293400
2003-05-30,10.429503440856934,13.010000228881836,13.25,12.890000343322754,12.949999809265137,43628800
2003-06-02,10.261157035827637,12.800000190734863,13.25,12.760000228881836,13.210000038146973,41425900
2003-06-03,10.437522888183594,13.020000457763672,13.15999984741211,12.760000228881836,12.859999656677246,33190800
2003-06-04,10.886446952819824,13.579999923706055,13.699999809265137,13.0,13.109999656677246,53947300
2003-06-05,10.710081100463867,13.359999656677246,13.569999694824219,13.279999732971191,13.399999618530273,37461900
2003-06-06,10.49363899230957,13.09000015258789,13.949999809265137,12.949999809265137,13.640000343322754,102963900
2003-06-09,10.309256553649902,12.859999656677246,13.25,12.710000038146973,13.130000114440918,51279400
2003-06-10,10.437522888183594,13.020000457763672,13.09000015258789,12.859999656677246,13.050000190734863,40820000
2003-06-11,10.63793659210205,13.270000457763672,13.420000076293945,13.029999732971191,13.210000038146973,41013300
2003-06-12,10.686029434204102,13.329999923706055,13.479999542236328,13.100000381469727,13.399999618530273,40907500
2003-06-13,10.806282043457031,13.479999542236328,14.0,13.359999656677246,13.920000076293945,81322400
2003-06-16,10.942561149597168,13.649999618530273,13.899999618530273,13.300000190734863,13.619999885559082,31357300
2003-06-17,10.702065467834473,13.350000381469727,13.770000457763672,13.279999732971191,13.739999771118164,36730100
2003-06-18,10.758184432983398,13.420000076293945,13.539999961853027,13.260000228881836,13.289999961853027,49885300
2003-06-19,10.694048881530762,13.34000015258789,13.510000228881836,13.260000228881836,13.350000381469727,39496600
2003-06-20,10.365373611450195,12.930000305175781,13.609999656677246,12.859999656677246,13.520000457763672,51764300
2003-06-23,10.237105369567871,12.770000457763672,13.050000190734863,12.649999618530273,12.949999809265137,30410900
2003-06-24,10.140909194946289,12.649999618530273,13.010000228881836,12.600000381469727,12.859999656677246,30663200
2003-06-25,9.924463272094727,12.380000114440918,12.8100004196167,12.350000381469727,12.649999618530273,26269000
2003-06-26,10.036696434020996,12.520000457763672,12.609999656677246,12.149999618530273,12.520000457763672,30859200
2003-06-27,9.964548110961914,12.430000305175781,12.6899995803833,12.239999771118164,12.550000190734863,29954600
2003-06-30,9.627849578857422,12.010000228881836,12.550000190734863,12.0,12.489999771118164,42454900
2003-07-01,9.884385108947754,12.329999923706055,12.380000114440918,11.739999771118164,12.039999961853027,45514700
2003-07-02,9.98057746887207,12.449999809265137,12.75,12.319999694824219,12.479999542236328,40358900
2003-07-03,9.764129638671875,12.180000305175781,12.520000457763672,12.119999885559082,12.329999923706055,15602700
2003-07-07,10.07677936553955,12.569999694824219,12.760000228881836,12.289999961853027,12.359999656677246,29498700
2003-07-08,10.205039024353027,12.729999542236328,12.880000114440918,12.550000190734863,12.600000381469727,43898700
2003-07-09,10.156946182250977,12.670000076293945,13.050000190734863,12.600000381469727,12.920000076293945,33649900
2003-07-10,10.10082721710205,12.600000381469727,12.739999771118164,12.40999984741211,12.510000228881836,41053100
2003-07-11,10.29322338104248,12.84000015258789,12.880000114440918,12.579999923706055,12.600000381469727,30605400
2003-07-14,10.132893562316895,12.640000343322754,13.09000015258789,12.529999732971191,12.9399995803833,28583900
2003-07-15,10.124878883361816,12.630000114440918,12.890000343322754,12.539999961853027,12.850000381469727,34859600
2003-07-16,9.948515892028809,12.40999984741211,12.710000038146973,12.300000190734863,12.6899995803833,30646000
2003-07-17,9.691984176635742,12.09000015258789,12.3100004196167,12.029999732971191,12.220000267028809,29515500
2003-07-18,9.68396282196045,12.079999923706055,12.15999984741211,11.989999771118164,12.100000381469727,24285200
2003-07-21,9.37132453918457,11.6899995803833,12.109999656677246,11.59000015258789,12.0600004196167,36377800
2003-07-22,9.67595100402832,12.069999694824219,12.25,11.819999694824219,11.899999618530273,43591000
2003-07-23,9.699999809265137,12.100000381469727,12.210000038146973,11.829999923706055,12.1899995803833,27594900
2003-07-24,9.36330795288086,11.680000305175781,12.359999656677246,11.649999618530273,12.210000038146973,42418200
2003-07-25,9.699999809265137,12.100000381469727,12.130000114440918,11.600000381469727,11.739999771118164,29301700
2003-07-28,9.523634910583496,11.880000114440918,12.239999771118164,11.800000190734863,12.170000076293945,35409100
2003-07-29,9.555704116821289,11.920000076293945,12.0600004196167,11.6899995803833,11.949999809265137,30663400
2003-07-30,9.523634910583496,11.880000114440918,12.0600004196167,11.8100004196167,12.020000457763672,27817400
2003-07-31,9.611821174621582,11.989999771118164,12.3100004196167,11.880000114440918,12.079999923706055,34629900
2003-08-01,9.475533485412598,11.819999694824219,11.989999771118164,11.729999542236328,11.899999618530273,29348000
2003-08-04,9.507608413696289,11.859999656677246,12.0,11.670000076293945,11.880000114440918,27503500
2003-08-05,9.331241607666016,11.640000343322754,11.960000038146973,11.619999885559082,11.819999694824219,30777600
2003-08-06,9.178924560546875,11.449999809265137,11.640000343322754,11.430000305175781,11.5600004196167,44154700
2003-08-07,9.130826950073242,11.390000343322754,11.529999732971191,11.180000305175781,11.460000038146973,30669300
2003-08-08,9.05066204071045,11.289999961853027,11.510000228881836,11.170000076293945,11.489999771118164,25653500
2003-08-11,9.36330795288086,11.680000305175781,11.899999618530273,11.600000381469727,11.779999732971191,51264000
2003-08-12,9.748096466064453,12.15999984741211,12.15999984741211,11.8100004196167,11.859999656677246,48958700
2003-08-13,9.539671897888184,11.899999618530273,12.390000343322754,11.800000190734863,12.390000343322754,68194900
2003-08-14,9.716031074523926,12.119999885559082,12.199999809265137,11.880000114440918,11.979999542236328,29768000
2003-08-15,9.68396282196045,12.079999923706055,12.140000343322754,11.960000038146973,12.09000015258789,12464200
2003-08-18,9.764129638671875,12.180000305175781,12.199999809265137,12.09000015258789,12.15999984741211,28071100
2003-08-19,9.740079879760742,12.149999618530273,12.319999694824219,11.979999542236328,12.289999961853027,40467800
2003-08-20,9.716031074523926,12.119999885559082,12.15999984741211,11.960000038146973,12.050000190734863,23000600
2003-08-21,9.748096466064453,12.15999984741211,12.319999694824219,12.050000190734863,12.229999542236328,36844900
2003-08-22,9.860333442687988,12.300000190734863,12.5,12.149999618530273,12.239999771118164,45221100
2003-08-25,9.916444778442383,12.369999885559082,12.40999984741211,12.1899995803833,12.229999542236328,30133800
2003-08-26,9.972563743591309,12.4399995803833,12.520000457763672,12.029999732971191,12.270000457763672,49911800
2003-08-27,9.98057746887207,12.449999809265137,12.569999694824219,12.3100004196167,12.359999656677246,38240700
2003-08-28,10.237105369567871,12.770000457763672,12.800000190734863,12.479999542236328,12.5,37764900
2003-08-29,10.285208702087402,12.829999923706055,12.890000343322754,12.640000343322754,12.710000038146973,33163800
2003-09-02,10.734130859375,13.390000343322754,13.449999809265137,12.9399995803833,12.960000038146973,86313000
2003-09-03,11.030741691589355,13.760000228881836,14.029999732971191,13.579999923706055,13.729999542236328,100807000
2003-09-04,10.998673439025879,13.720000267028809,13.779999732971191,13.510000228881836,13.649999618530273,41802700
2003-09-05,10.48562240600586,13.079999923706055,13.510000228881836,13.0,13.399999618530273,77735500
2003-09-08,10.806282043457031,13.479999542236328,13.539999961853027,13.229999542236328,13.25,58859800
2003-09-09,10.710081100463867,13.359999656677246,13.479999542236328,13.260000228881836,13.430000305175781,39313700
2003-09-10,10.301240921020508,12.850000381469727,13.369999885559082,12.789999961853027,13.149999618530273,48143700
2003-09-11,10.4054536819458,12.979999542236328,13.180000305175781,12.859999656677246,13.029999732971191,55297300
2003-09-12,10.060739517211914,12.550000190734863,12.600000381469727,12.050000190734863,12.140000343322754,125872200
2003-09-15,9.98057746887207,12.449999809265137,12.640000343322754,12.380000114440918,12.5600004196167,44944600
2003-09-16,10.044711112976074,12.529999732971191,12.5600004196167,12.40999984741211,12.470000267028809,42621000
2003-09-17,9.844297409057617,12.279999732971191,12.539999961853027,12.220000267028809,12.510000228881836,48337000
2003-09-18,9.908432006835938,12.359999656677246,12.40999984741211,12.140000343322754,12.270000457763672,53130900
2003-09-19,9.716031074523926,12.119999885559082,12.350000381469727,12.069999694824219,12.319999694824219,56562500
2003-09-22,9.595785140991211,11.970000267028809,12.079999923706055,11.869999885559082,12.020000457763672,48600400
2003-09-23,9.64388656616211,12.029999732971191,12.130000114440918,11.970000267028809,12.069999694824219,41884000
2003-09-24,9.299171447753906,11.600000381469727,12.09000015258789,11.600000381469727,12.029999732971191,73146100
2003-09-25,9.267110824584961,11.5600004196167,11.930000305175781,11.529999732971191,11.670000076293945,41716800
2003-09-26,9.146857261657715,11.40999984741211,11.710000038146973,11.390000343322754,11.649999618530273,45417900
2003-09-29,9.331241607666016,11.640000343322754,11.640000343322754,11.359999656677246,11.550000190734863,41382800
2003-09-30,9.018598556518555,11.25,11.520000457763672,11.210000038146973,11.5,54694100
2003-10-01,9.37132453918457,11.6899995803833,11.729999542236328,11.350000381469727,11.380000114440918,47601100
2003-10-02,9.138842582702637,11.399999618530273,11.630000114440918,11.369999885559082,11.569999694824219,53302900
2003-10-03,9.603802680969238,11.979999542236328,12.09000015258789,11.710000038146973,11.859999656677246,76447800
2003-10-06,9.772146224975586,12.1899995803833,12.300000190734863,12.039999961853027,12.069999694824219,36214900
2003-10-07,9.780163764953613,12.199999809265137,12.260000228881836,11.960000038146973,12.050000190734863,45506900
2003-10-08,10.124878883361816,12.630000114440918,12.75,12.380000114440918,12.529999732971191,71375900
2003-10-09,9.884385108947754,12.329999923706055,12.890000343322754,12.3100004196167,12.75,63201300
2003-10-10,9.884385108947754,12.329999923706055,12.510000228881836,12.289999961853027,12.449999809265137,38087200
2003-10-13,9.844297409057617,12.279999732971191,12.489999771118164,12.210000038146973,12.390000343322754,45863300
2003-10-14,9.884385108947754,12.329999923706055,12.399999618530273,12.15999984741211,12.25,32292100
2003-10-15,9.716031074523926,12.119999885559082,12.5,12.029999732971191,12.460000038146973,44173200
2003-10-16,9.595785140991211,11.970000267028809,12.15999984741211,11.859999656677246,12.100000381469727,60555300
2003-10-17,9.395374298095703,11.720000267028809,12.010000228881836,11.680000305175781,11.90999984741211,49571700
2003-10-20,9.547683715820312,11.90999984741211,11.970000267028809,11.760000228881836,11.779999732971191,34152800
2003-10-21,9.603802680969238,11.979999542236328,12.100000381469727,11.920000076293945,12.029999732971191,33965400
2003-10-22,9.395374298095703,11.720000267028809,11.960000038146973,11.699999809265137,11.84000015258789,30664800
2003-10-23,9.419424057006836,11.75,11.869999885559082,11.600000381469727,11.65999984741211,29827900
2003-10-24,9.403388023376465,11.729999542236328,11.779999732971191,11.520000457763672,11.600000381469727,40662500
2003-10-27,9.379343032836914,11.699999809265137,11.890000343322754,11.609999656677246,11.800000190734863,27969800
2003-10-28,9.603802680969238,11.979999542236328,12.0,11.550000190734863,11.720000267028809,44104200
2003-10-29,9.531652450561523,11.890000343322754,12.079999923706055,11.760000228881836,11.930000305175781,40955000
2003-10-30,9.772146224975586,12.1899995803833,12.289999961853027,11.920000076293945,12.09000015258789,53247200
2003-10-31,9.595785140991211,11.970000267028809,12.279999732971191,11.960000038146973,12.119999885559082,32516500
2003-11-03,9.772146224975586,12.1899995803833,12.319999694824219,12.020000457763672,12.0600004196167,35722600
2003-11-04,9.788177490234375,12.210000038146973,12.479999542236328,12.039999961853027,12.069999694824219,42082700
2003-11-05,9.900415420532227,12.350000381469727,12.479999542236328,12.1899995803833,12.329999923706055,36371900
2003-11-06,10.180991172790527,12.699999809265137,12.720000267028809,12.199999809265137,12.529999732971191,76866900
2003-11-07,9.988598823547363,12.460000038146973,12.880000114440918,12.430000305175781,12.789999961853027,50302100
2003-11-10,10.07677936553955,12.569999694824219,12.75,12.350000381469727,12.40999984741211,44400800
2003-11-11,10.052726745605469,12.539999961853027,12.739999771118164,12.399999618530273,12.6899995803833,34508000
2003-11-12,10.237105369567871,12.770000457763672,12.850000381469727,12.539999961853027,12.5600004196167,38815500
2003-11-13,10.07677936553955,12.569999694824219,12.720000267028809,12.460000038146973,12.630000114440918,34809000
2003-11-14,9.852314949035645,12.289999961853027,12.670000076293945,12.270000457763672,12.569999694824219,36909100
2003-11-17,9.691984176635742,12.09000015258789,12.25,11.979999542236328,12.239999771118164,34247700
2003-11-18,9.467523574829102,11.8100004196167,12.239999771118164,11.779999732971191,12.1899995803833,42238700
2003-11-19,9.64388656616211,12.029999732971191,12.130000114440918,11.789999961853027,11.850000381469727,37597900
2003-11-20,9.475533485412598,11.819999694824219,12.140000343322754,11.770000457763672,11.920000076293945,41329600
2003-11-21,9.523634910583496,11.880000114440918,12.0,11.75,11.920000076293945,31832800
2003-11-24,9.659917831420898,12.050000190734863,12.100000381469727,11.920000076293945,12.050000190734863,43397800
2003-11-25,9.515617370605469,11.869999885559082,12.079999923706055,11.859999656677246,12.069999694824219,40057100
2003-11-26,9.651899337768555,12.039999961853027,12.050000190734863,11.859999656677246,12.0,30882000
2003-11-28,9.635869979858398,12.020000457763672,12.0600004196167,11.979999542236328,12.020000457763672,8159500
2003-12-01,10.028677940368652,12.510000228881836,12.569999694824219,12.15999984741211,12.170000076293945,50681500
2003-12-02,9.9404935836792,12.399999618530273,12.6899995803833,12.350000381469727,12.489999771118164,47466000
2003-12-03,10.341322898864746,12.899999618530273,13.100000381469727,12.649999618530273,12.710000038146973,89509200
2003-12-04,10.413470268249512,12.989999771118164,13.0600004196167,12.819999694824219,12.949999809265137,56952500
2003-12-05,10.213057518005371,12.739999771118164,12.989999771118164,12.710000038146973,12.859999656677246,39383800
2003-12-08,10.269173622131348,12.8100004196167,12.930000305175781,12.640000343322754,12.6899995803833,32397300
2003-12-09,10.108842849731445,12.609999656677246,12.970000267028809,12.510000228881836,12.920000076293945,40658700
2003-12-10,10.245121955871582,12.779999732971191,12.800000190734863,12.600000381469727,12.609999656677246,41922500
2003-12-11,10.285208702087402,12.829999923706055,12.899999618530273,12.720000267028809,12.739999771118164,39950200
2003-12-12,10.285208702087402,12.829999923706055,12.899999618530273,12.6899995803833,12.880000114440918,37379900
2003-12-15,10.180991172790527,12.699999809265137,13.079999923706055,12.649999618530273,13.069999694824219,82537400
2003-12-16,10.517684936523438,13.119999885559082,13.229999542236328,12.75,12.979999542236328,95028600
2003-12-17,10.62190055847168,13.25,13.260000228881836,13.050000190734863,13.079999923706055,46581000
2003-12-18,10.686029434204102,13.329999923706055,13.430000305175781,13.199999809265137,13.220000267028809,48645300
2003-12-19,10.49363899230957,13.09000015258789,13.430000305175781,12.979999542236328,13.34000015258789,52988700
2003-12-22,10.581814765930176,13.199999809265137,13.210000038146973,12.920000076293945,12.970000267028809,37429800
2003-12-23,10.461569786071777,13.050000190734863,13.239999771118164,12.979999542236328,13.239999771118164,27584700
2003-12-24,10.39743709564209,12.970000267028809,13.130000114440918,12.949999809265137,12.989999771118164,15177900
2003-12-26,10.421489715576172,13.0,13.0600004196167,12.949999809265137,12.979999542236328,9305200
2003-12-29,10.565786361694336,13.180000305175781,13.210000038146973,12.960000038146973,12.989999771118164,24670600
2003-12-30,10.573802947998047,13.1899995803833,13.229999542236328,13.050000190734863,13.180000305175781,21820800
2003-12-31,10.605868339538574,13.229999542236328,13.239999771118164,13.050000190734863,13.170000076293945,24268300
2004-01-02,10.53371810913086,13.140000343322754,13.3100004196167,13.109999656677246,13.25,20730800
2004-01-05,10.862398147583008,13.550000190734863,13.5600004196167,13.260000228881836,13.279999732971191,35329600
2004-01-06,10.90247917175293,13.600000381469727,13.710000038146973,13.399999618530273,13.520000457763672,40106000
2004-01-07,11.199092864990234,13.970000267028809,13.989999771118164,13.59000015258789,13.670000076293945,45151100
2004-01-08,11.415538787841797,14.239999771118164,14.380000114440918,13.75,13.989999771118164,70741300
2004-01-09,11.35942268371582,14.170000076293945,14.359999656677246,14.0,14.069999694824219,41121800
2004-01-12,11.752235412597656,14.65999984741211,15.510000228881836,14.239999771118164,14.279999732971191,62729400
2004-01-13,11.511736869812012,14.359999656677246,14.479999542236328,14.039999961853027,14.4399995803833,78363800
2004-01-14,11.696118354797363,14.59000015258789,14.670000076293945,14.390000343322754,14.479999542236328,30545500
2004-01-15,11.936614990234375,14.890000343322754,14.979999542236328,14.4399995803833,14.4399995803833,50439200
2004-01-16,11.904544830322266,14.850000381469727,15.029999732971191,14.670000076293945,14.989999771118164,46809800
2004-01-20,11.792314529418945,14.710000038146973,14.970000267028809,14.5600004196167,14.90999984741211,40751300
2004-01-21,11.792314529418945,14.710000038146973,14.920000076293945,14.510000228881836,14.630000114440918,36834500
2004-01-22,11.648017883300781,14.529999732971191,14.90999984741211,14.420000076293945,14.789999961853027,34476800
2004-01-23,11.656030654907227,14.539999961853027,14.670000076293945,14.350000381469727,14.550000190734863,28790500
2004-01-26,11.5999174118042,14.470000267028809,14.539999961853027,14.279999732971191,14.460000038146973,33787100
2004-01-27,11.383468627929688,14.199999809265137,14.680000305175781,14.180000305175781,14.420000076293945,32503900
2004-01-28,11.175037384033203,13.9399995803833,14.399999618530273,13.859999656677246,14.3100004196167,44593900
2004-01-29,11.375452041625977,14.1899995803833,14.220000267028809,13.729999542236328,14.050000190734863,50196100
2004-01-30,11.110912322998047,13.859999656677246,14.300000190734863,13.779999732971191,14.109999656677246,45136500
2004-02-02,10.934545516967773,13.640000343322754,13.899999618530273,13.510000228881836,13.760000228881836,42162300
2004-02-03,11.150992393493652,13.90999984741211,13.989999771118164,13.520000457763672,13.569999694824219,32484300
2004-02-04,10.63793659210205,13.270000457763672,13.6899995803833,13.119999885559082,13.1899995803833,47107800
2004-02-05,10.870412826538086,13.5600004196167,13.770000457763672,13.319999694824219,13.4399995803833,39729800
2004-02-06,10.758184432983398,13.420000076293945,13.760000228881836,13.359999656677246,13.579999923706055,41298900
2004-02-09,10.645952224731445,13.279999732971191,13.630000114440918,13.25,13.539999961853027,33219100
2004-02-10,10.734130859375,13.390000343322754,13.529999732971191,13.260000228881836,13.270000457763672,30386400
2004-02-11,10.982645034790039,13.699999809265137,13.789999961853027,13.329999923706055,13.529999732971191,38713100
2004-02-12,10.998673439025879,13.720000267028809,13.850000381469727,13.510000228881836,13.619999885559082,27981100
2004-02-13,11.054794311523438,13.789999961853027,14.100000381469727,13.65999984741211,13.779999732971191,41834100
2004-02-17,11.030741691589355,13.760000228881836,13.979999542236328,13.729999542236328,13.90999984741211,21836800
2004-02-18,11.271238327026367,14.0600004196167,14.15999984741211,13.710000038146973,13.880000114440918,38796400
2004-02-19,11.062811851501465,13.800000190734863,14.210000038146973,13.770000457763672,14.180000305175781,29936900
2004-02-20,10.99066162109375,13.710000038146973,13.970000267028809,13.539999961853027,13.960000038146973,27880000
2004-02-23,10.694048881530762,13.34000015258789,13.720000267028809,13.220000267028809,13.680000305175781,30737700
2004-02-24,10.629918098449707,13.260000228881836,13.359999656677246,13.039999961853027,13.279999732971191,56492900
2004-02-25,10.573802947998047,13.1899995803833,13.34000015258789,13.079999923706055,13.289999961853027,35990900
2004-02-26,10.645952224731445,13.279999732971191,13.5,12.859999656677246,13.100000381469727,45428900
2004-02-27,10.317273139953613,12.869999885559082,13.369999885559082,12.859999656677246,13.300000190734863,44508600
2004-03-01,10.48562240600586,13.079999923706055,13.170000076293945,12.880000114440918,13.109999656677246,46943200
2004-03-02,10.4054536819458,12.979999542236328,13.279999732971191,12.949999809265137,13.130000114440918,39962100
2004-03-03,10.429503440856934,13.010000228881836,13.140000343322754,12.890000343322754,12.90999984741211,29869200
2004-03-04,10.421489715576172,13.0,13.100000381469727,12.890000343322754,12.920000076293945,32745100
2004-03-05,10.189009666442871,12.710000038146973,13.100000381469727,12.710000038146973,12.869999885559082,59897400
2004-03-08,9.908432006835938,12.359999656677246,12.880000114440918,12.319999694824219,12.859999656677246,59836100
2004-03-09,9.868346214294434,12.3100004196167,12.479999542236328,12.130000114440918,12.350000381469727,59151200
2004-03-10,9.948515892028809,12.40999984741211,12.619999885559082,12.3100004196167,12.399999618530273,73298000
2004-03-11,9.820247650146484,12.25,12.600000381469727,12.170000076293945,12.34000015258789,88238400
2004-03-12,9.667935371398926,12.0600004196167,12.5,11.949999809265137,12.489999771118164,109858800
2004-03-15,9.347274780273438,11.65999984741211,12.050000190734863,11.579999923706055,12.029999732971191,71864700
2004-03-16,9.379343032836914,11.699999809265137,11.890000343322754,11.369999885559082,11.789999961853027,84172400
2004-03-17,9.499587059020996,11.850000381469727,11.930000305175781,11.680000305175781,11.850000381469727,59616200
2004-03-18,9.307188034057617,11.609999656677246,11.829999923706055,11.5600004196167,11.800000190734863,59118700
2004-03-19,9.219009399414062,11.5,11.779999732971191,11.489999771118164,11.600000381469727,47572800
2004-03-22,9.090740203857422,11.34000015258789,11.449999809265137,11.149999618530273,11.380000114440918,54723000
2004-03-23,9.138842582702637,11.399999618530273,11.630000114440918,11.300000190734863,11.449999809265137,62015900
2004-03-24,9.243061065673828,11.529999732971191,11.6899995803833,11.300000190734863,11.479999542236328,43124500
2004-03-25,9.571736335754395,11.9399995803833,12.029999732971191,11.630000114440918,11.649999618530273,61981700
2004-03-26,9.555704116821289,11.920000076293945,12.149999618530273,11.899999618530273,11.930000305175781,47907200
2004-03-29,9.68396282196045,12.079999923706055,12.119999885559082,11.960000038146973,12.039999961853027,39093100
2004-03-30,9.68396282196045,12.079999923706055,12.130000114440918,11.84000015258789,11.970000267028809,49915300
2004-03-31,9.619832992553711,12.0,12.15999984741211,11.949999809265137,12.100000381469727,48584200
2004-04-01,9.852314949035645,12.289999961853027,12.359999656677246,11.960000038146973,11.989999771118164,60501700
2004-04-02,10.084790229797363,12.579999923706055,12.649999618530273,12.399999618530273,12.619999885559082,48908400
2004-04-05,10.237105369567871,12.770000457763672,12.859999656677246,12.550000190734863,12.600000381469727,48809700
2004-04-06,9.988598823547363,12.460000038146973,12.739999771118164,12.420000076293945,12.649999618530273,36671400
2004-04-07,9.900415420532227,12.350000381469727,12.460000038146973,12.220000267028809,12.430000305175781,45873800
2004-04-08,9.924463272094727,12.380000114440918,12.579999923706055,12.300000190734863,12.539999961853027,25128300
2004-04-12,9.948515892028809,12.40999984741211,12.569999694824219,12.319999694824219,12.34000015258789,37987000
2004-04-13,9.868346214294434,12.3100004196167,12.449999809265137,12.229999542236328,12.430000305175781,34207400
2004-04-14,9.916444778442383,12.369999885559082,12.470000267028809,12.210000038146973,12.220000267028809,40484800
2004-04-15,9.68396282196045,12.079999923706055,12.420000076293945,11.979999542236328,12.420000076293945,41139700
2004-04-16,9.611821174621582,11.989999771118164,12.220000267028809,11.90999984741211,12.170000076293945,37456900
2004-04-19,9.876361846923828,12.319999694824219,12.319999694824219,11.970000267028809,12.050000190734863,39837500
2004-04-20,9.619832992553711,12.0,12.430000305175781,11.989999771118164,12.289999961853027,46891200
2004-04-21,9.67595100402832,12.069999694824219,12.149999618530273,11.869999885559082,11.989999771118164,39061300
2004-04-22,9.916444778442383,12.369999885559082,12.5,11.949999809265137,11.979999542236328,47915400
2004-04-23,10.044711112976074,12.529999732971191,12.579999923706055,12.350000381469727,12.470000267028809,38928500
2004-04-26,9.868346214294434,12.3100004196167,12.5600004196167,12.199999809265137,12.479999542236328,35321200
2004-04-27,9.740079879760742,12.149999618530273,12.399999618530273,12.100000381469727,12.270000457763672,38910400
2004-04-28,9.539671897888184,11.899999618530273,12.220000267028809,11.770000457763672,12.079999923706055,38196000
2004-04-29,9.162888526916504,11.430000305175781,11.890000343322754,11.34000015258789,11.869999885559082,86524700
2004-04-30,9.018598556518555,11.25,11.550000190734863,11.220000267028809,11.5,61729600
2004-05-03,9.082727432250977,11.329999923706055,11.520000457763672,11.199999809265137,11.359999656677246,47395000
2004-05-04,9.098759651184082,11.350000381469727,11.529999732971191,11.170000076293945,11.260000228881836,66183600
2004-05-05,9.098759651184082,11.350000381469727,11.600000381469727,11.350000381469727,11.380000114440918,29772000
2004-05-06,9.210989952087402,11.489999771118164,11.699999809265137,11.25,11.260000228881836,44245700
2004-05-07,9.138842582702637,11.399999618530273,11.680000305175781,11.399999618530273,11.470000267028809,39423200
2004-05-10,9.138842582702637,11.399999618530273,11.449999809265137,11.260000228881836,11.260000228881836,36486800
2004-05-11,9.355291366577148,11.670000076293945,11.670000076293945,11.430000305175781,11.510000228881836,36158300
2004-05-12,9.29116153717041,11.59000015258789,11.65999984741211,11.350000381469727,11.550000190734863,42703600
2004-05-13,9.459507942199707,11.800000190734863,11.850000381469727,11.5,11.520000457763672,34109400
2004-05-14,9.299171447753906,11.600000381469727,11.779999732971191,11.460000038146973,11.739999771118164,33566500
2004-05-17,9.10677719116211,11.359999656677246,11.5,11.300000190734863,11.399999618530273,49025700
2004-05-18,9.114794731140137,11.369999885559082,11.529999732971191,11.369999885559082,11.430000305175781,26005300
2004-05-19,9.05066204071045,11.289999961853027,11.59000015258789,11.289999961853027,11.479999542236328,39327800
2004-05-20,9.002557754516602,11.229999542236328,11.380000114440918,11.149999618530273,11.380000114440918,35553700
2004-05-21,9.002557754516602,11.229999542236328,11.390000343322754,11.180000305175781,11.319999694824219,38074300
2004-05-24,9.10677719116211,11.359999656677246,11.430000305175781,11.279999732971191,11.319999694824219,30700600
2004-05-25,9.219009399414062,11.5,11.520000457763672,11.180000305175781,11.3100004196167,44651300
2004-05-26,9.202977180480957,11.479999542236328,11.5,11.279999732971191,11.449999809265137,32837400
2004-05-27,9.202977180480957,11.479999542236328,11.619999885559082,11.369999885559082,11.489999771118164,40369500
2004-05-28,9.138842582702637,11.399999618530273,11.489999771118164,11.319999694824219,11.420000076293945,30497100
2004-06-01,8.914376258850098,11.119999885559082,11.3100004196167,11.050000190734863,11.239999771118164,42016100
2004-06-02,8.93842601776123,11.149999618530273,11.260000228881836,11.079999923706055,11.220000267028809,39112300
2004-06-03,8.794134140014648,10.970000267028809,11.210000038146973,10.850000381469727,11.15999984741211,53652200
2004-06-04,8.850247383117676,11.039999961853027,11.180000305175781,11.010000228881836,11.09000015258789,48278700
2004-06-07,9.154878616333008,11.420000076293945,11.420000076293945,11.130000114440918,11.180000305175781,43849600
2004-06-08,9.29116153717041,11.59000015258789,11.609999656677246,11.34000015258789,11.420000076293945,49357800
2004-06-09,9.251073837280273,11.539999961853027,11.720000267028809,11.5,11.59000015258789,47534000
2004-06-10,9.387356758117676,11.710000038146973,11.720000267028809,11.529999732971191,11.569999694824219,42342500
2004-06-14,9.259092330932617,11.550000190734863,11.65999984741211,11.449999809265137,11.619999885559082,41450900
2004-06-15,9.387356758117676,11.710000038146973,11.859999656677246,11.609999656677246,11.630000114440918,62721200
2004-06-16,9.098759651184082,11.350000381469727,11.430000305175781,11.229999542236328,11.359999656677246,80914200
2004-06-17,8.930418014526367,11.140000343322754,11.319999694824219,11.119999885559082,11.270000457763672,41264700
2004-06-18,8.930418014526367,11.140000343322754,11.350000381469727,11.050000190734863,11.100000381469727,62933800
2004-06-21,8.93842601776123,11.149999618530273,11.210000038146973,11.109999656677246,11.130000114440918,38332300
2004-06-22,8.914376258850098,11.119999885559082,11.1899995803833,11.050000190734863,11.109999656677246,55112100
2004-06-23,8.93842601776123,11.149999618530273,11.210000038146973,11.079999923706055,11.09000015258789,45101400
2004-06-24,9.219009399414062,11.5,11.569999694824219,11.140000343322754,11.15999984741211,70678600
2004-06-25,9.459507942199707,11.800000190734863,11.960000038146973,11.510000228881836,11.5600004196167,88673100
2004-06-28,9.323225975036621,11.630000114440918,11.850000381469727,11.600000381469727,11.779999732971191,47118600
2004-06-29,9.435452461242676,11.770000457763672,11.859999656677246,11.579999923706055,11.619999885559082,39040900
2004-06-30,9.563714981079102,11.930000305175781,12.069999694824219,11.640000343322754,11.760000228881836,62400000
2004-07-01,9.467523574829102,11.8100004196167,11.960000038146973,11.609999656677246,11.850000381469727,61520000
2004-07-02,9.339256286621094,11.649999618530273,11.819999694824219,11.619999885559082,11.75,32076700
2004-07-06,8.978511810302734,11.199999809265137,11.600000381469727,11.140000343322754,11.550000190734863,61782900
2004-07-07,8.978511810302734,11.199999809265137,11.319999694824219,11.130000114440918,11.149999618530273,50583800
2004-07-08,8.754048347473145,10.920000076293945,11.149999618530273,10.859999656677246,11.140000343322754,71465200
2004-07-09,8.842231750488281,11.029999732971191,11.25,10.979999542236328,11.029999732971191,47046600
2004-07-12,8.890334129333496,11.09000015258789,11.229999542236328,11.010000228881836,11.069999694824219,37216900
2004-07-13,8.818178176879883,11.0,11.149999618530273,11.0,11.140000343322754,39466700
2004-07-14,8.649835586547852,10.789999961853027,11.010000228881836,10.680000305175781,10.949999809265137,79172000
2004-07-15,8.593720436096191,10.720000267028809,11.0,10.6899995803833,10.970000267028809,72403300
2004-07-16,8.19289493560791,10.220000267028809,10.869999885559082,10.210000038146973,10.84000015258789,100621100
2004-07-19,8.281075477600098,10.329999923706055,10.479999542236328,10.289999961853027,10.380000114440918,54154100
2004-07-20,8.417353630065918,10.5,10.539999961853027,10.270000457763672,10.380000114440918,45273400
2004-07-21,8.297107696533203,10.350000381469727,10.8100004196167,10.329999923706055,10.550000190734863,67054800
2004-07-22,8.305126190185547,10.359999656677246,10.460000038146973,10.119999885559082,10.359999656677246,34995200
2004-07-23,8.096695899963379,10.100000381469727,10.3100004196167,10.029999732971191,10.279999732971191,36626900
2004-07-26,8.080666542053223,10.079999923706055,10.270000457763672,10.029999732971191,10.119999885559082,42494100
2004-07-27,8.321157455444336,10.380000114440918,10.489999771118164,10.100000381469727,10.109999656677246,44267700
2004-07-28,8.21694278717041,10.25,10.369999885559082,10.050000190734863,10.3100004196167,45714900
2004-07-29,8.321157455444336,10.380000114440918,10.5,10.270000457763672,10.34000015258789,41100200
2004-07-30,8.425373077392578,10.510000228881836,10.520000457763672,10.350000381469727,10.390000343322754,31709700
2004-08-02,8.553638458251953,10.670000076293945,10.670000076293945,10.329999923706055,10.369999885559082,40242900
2004-08-03,8.465456008911133,10.5600004196167,10.680000305175781,10.520000457763672,10.569999694824219,44096400
2004-08-04,8.68991470336914,10.84000015258789,10.970000267028809,10.520000457763672,10.5600004196167,51684300
2004-08-05,8.529587745666504,10.640000343322754,10.850000381469727,10.539999961853027,10.829999923706055,46577100
2004-08-06,8.168842315673828,10.1899995803833,10.539999961853027,10.1899995803833,10.430000305175781,38588500
2004-08-09,8.31313705444336,10.369999885559082,10.470000267028809,10.199999809265137,10.300000190734863,31533900
2004-08-10,8.497526168823242,10.600000381469727,10.609999656677246,10.3100004196167,10.449999809265137,31955300
2004-08-11,8.168842315673828,10.1899995803833,10.420000076293945,10.09000015258789,10.390000343322754,43650500
2004-08-12,7.936363697052002,9.899999618530273,10.199999809265137,9.779999732971191,10.09000015258789,56499100
2004-08-13,8.21694278717041,10.25,10.279999732971191,9.930000305175781,9.949999809265137,46512000
2004-08-16,8.21694278717041,10.25,10.420000076293945,10.199999809265137,10.25,32335500
2004-08-17,8.240995407104492,10.279999732971191,10.430000305175781,10.119999885559082,10.289999961853027,40834000
2004-08-18,8.425373077392578,10.510000228881836,10.529999732971191,10.119999885559082,10.140000343322754,40961900
2004-08-19,8.35322093963623,10.420000076293945,10.489999771118164,10.34000015258789,10.4399995803833,32090200
2004-08-20,8.265043258666992,10.3100004196167,10.430000305175781,10.300000190734863,10.390000343322754,24015500
2004-08-23,8.257022857666016,10.300000190734863,10.390000343322754,10.220000267028809,10.329999923706055,27130700
2004-08-24,8.281075477600098,10.329999923706055,10.359999656677246,10.149999618530273,10.329999923706055,38644600
2004-08-25,8.337186813354492,10.399999618530273,10.4399995803833,10.260000228881836,10.350000381469727,29812200
2004-08-26,8.200909614562988,10.229999542236328,10.420000076293945,10.210000038146973,10.369999885559082,27281500
2004-08-27,8.249008178710938,10.289999961853027,10.34000015258789,10.229999542236328,10.239999771118164,20328400
2004-08-30,8.10470962524414,10.109999656677246,10.239999771118164,10.079999923706055,10.199999809265137,33704600
2004-08-31,7.992481708526611,9.970000267028809,10.140000343322754,9.819999694824219,10.109999656677246,37907800
2004-09-01,8.056615829467773,10.050000190734863,10.109999656677246,9.9399995803833,9.960000038146973,28920000
2004-09-02,8.249008178710938,10.289999961853027,10.350000381469727,9.970000267028809,10.069999694824219,40370000
2004-09-03,8.040575981140137,10.029999732971191,10.289999961853027,9.970000267028809,10.199999809265137,33742000
2004-09-07,8.080666542053223,10.079999923706055,10.220000267028809,9.979999542236328,10.170000076293945,31732100
2004-09-08,7.904298305511475,9.859999656677246,10.029999732971191,9.859999656677246,9.9399995803833,47062500
2004-09-09,7.960413932800293,9.930000305175781,10.020000457763672,9.899999618530273,9.979999542236328,44902800
2004-09-10,8.38528823852539,10.460000038146973,10.5,10.039999961853027,10.119999885559082,66209200
2004-09-13,8.513554573059082,10.619999885559082,10.699999809265137,10.510000228881836,10.550000190734863,52492300
2004-09-14,8.457439422607422,10.550000190734863,10.6899995803833,10.460000038146973,10.640000343322754,72170200
2004-09-15,9.082727432250977,11.329999923706055,11.40999984741211,11.029999732971191,11.09000015258789,135089500
2004-09-16,9.002557754516602,11.229999542236328,11.399999618530273,11.170000076293945,11.25,57893500
2004-09-17,9.227028846740723,11.510000228881836,11.579999923706055,11.229999542236328,11.25,59258000
2004-09-20,9.138842582702637,11.399999618530273,11.550000190734863,11.3100004196167,11.350000381469727,40527500
2004-09-21,9.146857261657715,11.40999984741211,11.680000305175781,11.34000015258789,11.670000076293945,44463000
2004-09-22,8.930418014526367,11.140000343322754,11.390000343322754,11.100000381469727,11.279999732971191,55341300
2004-09-23,8.85826301574707,11.050000190734863,11.239999771118164,11.020000457763672,11.15999984741211,40709000
2004-09-24,8.850247383117676,11.039999961853027,11.210000038146973,11.010000228881836,11.119999885559082,30796100
2004-09-27,8.970494270324707,11.1899995803833,11.279999732971191,10.930000305175781,10.979999542236328,40616600
2004-09-28,9.10677719116211,11.359999656677246,11.359999656677246,11.09000015258789,11.239999771118164,45610200
2004-09-29,9.162888526916504,11.430000305175781,11.520000457763672,11.279999732971191,11.34000015258789,41868100
2004-09-30,9.042644500732422,11.279999732971191,11.449999809265137,11.239999771118164,11.420000076293945,49604900
2004-10-01,9.539671897888184,11.899999618530273,11.949999809265137,11.510000228881836,11.649999618530273,69604100
2004-10-04,9.515617370605469,11.869999885559082,12.180000305175781,11.829999923706055,12.100000381469727,66003300
2004-10-05,9.788177490234375,12.210000038146973,12.210000038146973,11.829999923706055,11.84000015258789,46999300
2004-10-06,9.812232971191406,12.239999771118164,12.260000228881836,12.0600004196167,12.140000343322754,44461400
2004-10-07,9.852314949035645,12.289999961853027,12.420000076293945,12.1899995803833,12.210000038146973,50909000
2004-10-08,9.756115913391113,12.170000076293945,12.470000267028809,12.020000457763672,12.170000076293945,45517700
2004-10-11,9.780163764953613,12.199999809265137,12.270000457763672,12.079999923706055,12.170000076293945,25741700
2004-10-12,9.740079879760742,12.149999618530273,12.229999542236328,11.979999542236328,12.029999732971191,35379900
2004-10-13,9.611821174621582,11.989999771118164,12.170000076293945,11.930000305175781,12.149999618530273,40599700
2004-10-14,9.619832992553711,12.0,12.109999656677246,11.920000076293945,11.930000305175781,28269600
2004-10-15,9.812232971191406,12.239999771118164,12.25,12.0,12.039999961853027,41393100
2004-10-18,9.956527709960938,12.420000076293945,12.460000038146973,12.100000381469727,12.149999618530273,33181100
2004-10-19,9.868346214294434,12.3100004196167,12.539999961853027,12.3100004196167,12.449999809265137,44047000
2004-10-20,9.956527709960938,12.420000076293945,12.420000076293945,12.180000305175781,12.239999771118164,35207600
2004-10-21,9.972563743591309,12.4399995803833,12.470000267028809,12.279999732971191,12.4399995803833,40699800
2004-10-22,9.868346214294434,12.3100004196167,12.479999542236328,12.1899995803833,12.430000305175781,33118300
2004-10-25,9.724052429199219,12.130000114440918,12.329999923706055,12.050000190734863,12.260000228881836,33386800
2004-10-26,9.836280822753906,12.270000457763672,12.300000190734863,12.109999656677246,12.15999984741211,33466400
2004-10-27,10.092809677124023,12.59000015258789,12.720000267028809,12.149999618530273,12.15999984741211,43334500
2004-10-28,10.213057518005371,12.739999771118164,12.770000457763672,12.210000038146973,12.479999542236328,31068300
2004-10-29,10.148923873901367,12.65999984741211,12.8100004196167,12.550000190734863,12.8100004196167,34619900
2004-11-01,10.221075057983398,12.75,12.869999885559082,12.550000190734863,12.720000267028809,27994800
2004-11-02,10.261157035827637,12.800000190734863,13.0,12.680000305175781,12.760000228881836,40570200
2004-11-03,10.285208702087402,12.829999923706055,13.0,12.720000267028809,12.949999809265137,33987500
2004-11-04,10.501651763916016,13.100000381469727,13.140000343322754,12.829999923706055,12.850000381469727,37692700
2004-11-05,10.557768821716309,13.170000076293945,13.279999732971191,13.079999923706055,13.119999885559082,34605000
2004-11-08,10.50967025756836,13.109999656677246,13.199999809265137,13.010000228881836,13.069999694824219,21120600
2004-11-09,10.702065467834473,13.350000381469727,13.380000114440918,13.069999694824219,13.09000015258789,32825300
2004-11-10,10.726112365722656,13.380000114440918,13.5,13.289999961853027,13.34000015258789,40553300
2004-11-11,10.53371810913086,13.140000343322754,13.279999732971191,12.779999732971191,13.229999542236328,48867000
2004-11-12,10.734130859375,13.390000343322754,13.399999618530273,12.970000267028809,13.010000228881836,41742700
2004-11-15,10.429503440856934,13.010000228881836,13.3100004196167,12.970000267028809,13.300000190734863,35834100
2004-11-16,10.3573579788208,12.920000076293945,13.039999961853027,12.869999885559082,12.970000267028809,29547200
2004-11-17,10.525704383850098,13.130000114440918,13.210000038146973,12.949999809265137,12.989999771118164,28451100
2004-11-18,10.39743709564209,12.970000267028809,13.149999618530273,12.949999809265137,13.109999656677246,25803100
2004-11-19,10.221075057983398,12.75,13.15999984741211,12.6899995803833,13.069999694824219,30991800
2004-11-22,10.164960861206055,12.680000305175781,12.75,12.510000228881836,12.670000076293945,41035900
2004-11-23,10.180991172790527,12.699999809265137,12.8100004196167,12.510000228881836,12.600000381469727,27711900
2004-11-24,10.253140449523926,12.789999961853027,12.859999656677246,12.710000038146973,12.739999771118164,19122000
2004-11-26,10.148923873901367,12.65999984741211,12.789999961853027,12.640000343322754,12.779999732971191,9101000
2004-11-29,10.164960861206055,12.680000305175781,12.789999961853027,12.579999923706055,12.630000114440918,32675200
2004-11-30,10.213057518005371,12.739999771118164,12.8100004196167,12.619999885559082,12.640000343322754,32502200
2004-12-01,10.49363899230957,13.09000015258789,13.09000015258789,12.65999984741211,12.75,46113400
2004-12-02,10.381403923034668,12.949999809265137,13.069999694824219,12.819999694824219,12.899999618530273,27804600
2004-12-03,10.445535659790039,13.029999732971191,13.109999656677246,12.739999771118164,12.84000015258789,69334000
2004-12-06,10.694048881530762,13.34000015258789,13.510000228881836,12.960000038146973,12.979999542236328,55786100
2004-12-07,10.469588279724121,13.0600004196167,13.569999694824219,13.020000457763672,13.359999656677246,41045600
2004-12-08,10.589832305908203,13.210000038146973,13.420000076293945,13.09000015258789,13.140000343322754,39890300
2004-12-09,10.653965950012207,13.289999961853027,13.399999618530273,13.010000228881836,13.0600004196167,35971400
2004-12-10,10.645952224731445,13.279999732971191,13.449999809265137,13.140000343322754,13.15999984741211,32027500
2004-12-13,11.728180885314941,14.630000114440918,14.869999885559082,13.75,14.210000038146973,181316700
2004-12-14,11.40751838684082,14.229999542236328,14.609999656677246,14.180000305175781,14.460000038146973,78544300
2004-12-15,11.29529094696045,14.09000015258789,14.180000305175781,13.920000076293945,14.140000343322754,73641400
2004-12-16,11.29529094696045,14.09000015258789,14.170000076293945,13.979999542236328,14.0,53533600
2004-12-17,11.207101821899414,13.979999542236328,14.170000076293945,13.920000076293945,14.0,62424100
2004-12-20,10.886446952819824,13.579999923706055,14.100000381469727,13.550000190734863,14.0,53505200
2004-12-21,11.054794311523438,13.789999961853027,13.899999618530273,13.529999732971191,13.529999732971191,50640900
2004-12-22,10.982645034790039,13.699999809265137,13.899999618530273,13.649999618530273,13.800000190734863,35878500
2004-12-23,10.934545516967773,13.640000343322754,13.779999732971191,13.600000381469727,13.640000343322754,20796300
2004-12-27,10.942561149597168,13.649999618530273,13.779999732971191,13.609999656677246,13.720000267028809,28715500
2004-12-28,11.094880104064941,13.84000015258789,13.890000343322754,13.579999923706055,13.600000381469727,34572700
2004-12-29,10.998673439025879,13.720000267028809,13.869999885559082,13.65999984741211,13.729999542236328,42544900
2004-12-30,11.126945495605469,13.880000114440918,13.9399995803833,13.65999984741211,13.680000305175781,37261100
2004-12-31,10.998673439025879,13.720000267028809,14.029999732971191,13.680000305175781,13.859999656677246,43515400
2005-01-03,10.750164031982422,13.40999984741211,13.890000343322754,13.390000343322754,13.880000114440918,60319300
2005-01-04,10.469588279724121,13.0600004196167,13.479999542236328,12.920000076293945,13.460000038146973,80906400
2005-01-05,10.501651763916016,13.100000381469727,13.260000228881836,13.010000228881836,13.029999732971191,42548400
2005-01-06,10.59785270690918,13.220000267028809,13.350000381469727,13.079999923706055,13.130000114440918,55580100
2005-01-07,10.686029434204102,13.329999923706055,13.449999809265137,13.149999618530273,13.34000015258789,45685800
2005-01-10,10.573802947998047,13.1899995803833,13.449999809265137,13.170000076293945,13.319999694824219,47571800
2005-01-11,10.581814765930176,13.199999809265137,13.390000343322754,13.0600004196167,13.09000015258789,63973000
2005-01-12,10.806282043457031,13.479999542236328,13.489999771118164,13.239999771118164,13.260000228881836,53420800
2005-01-13,10.806282043457031,13.479999542236328,13.670000076293945,13.34000015258789,13.380000114440918,56987700
2005-01-14,10.926531791687012,13.630000114440918,13.760000228881836,13.489999771118164,13.5600004196167,42509100
2005-01-18,11.04677677154541,13.779999732971191,13.899999618530273,13.520000457763672,13.59000015258789,60758900
2005-01-19,10.79826831817627,13.470000267028809,13.800000190734863,13.449999809265137,13.65999984741211,51115100
2005-01-20,10.645952224731445,13.279999732971191,13.680000305175781,13.279999732971191,13.4399995803833,45253200
2005-01-21,10.669998168945312,13.3100004196167,13.489999771118164,13.279999732971191,13.350000381469727,40716100
2005-01-24,10.613884925842285,13.239999771118164,13.5,13.210000038146973,13.359999656677246,37540700
2005-01-25,10.89445972442627,13.59000015258789,13.739999771118164,13.460000038146973,13.489999771118164,48682500
2005-01-26,10.918512344360352,13.619999885559082,14.010000228881836,13.609999656677246,13.960000038146973,78543500
2005-01-27,11.199092864990234,13.970000267028809,13.979999542236328,13.5,13.670000076293945,61917900
2005-01-28,10.966611862182617,13.680000305175781,13.949999809265137,13.550000190734863,13.90999984741211,47465300
2005-01-31,11.038762092590332,13.770000457763672,13.890000343322754,13.630000114440918,13.770000457763672,38555200
2005-02-01,10.942561149597168,13.649999618530273,13.760000228881836,13.579999923706055,13.729999542236328,43567600
2005-02-02,10.870412826538086,13.5600004196167,13.699999809265137,13.449999809265137,13.670000076293945,42057200
2005-02-03,10.694048881530762,13.34000015258789,13.550000190734863,13.279999732971191,13.470000267028809,39310700
2005-02-04,10.950581550598145,13.65999984741211,13.699999809265137,13.300000190734863,13.3100004196167,35832700
2005-02-07,10.862398147583008,13.550000190734863,13.609999656677246,13.40999984741211,13.569999694824219,43465100
2005-02-08,10.79826831817627,13.470000267028809,13.600000381469727,13.460000038146973,13.550000190734863,28869900
2005-02-09,10.557768821716309,13.170000076293945,13.479999542236328,13.149999618530273,13.40999984741211,42305100
2005-02-10,10.53371810913086,13.140000343322754,13.239999771118164,13.020000457763672,13.210000038146973,41274700
2005-02-11,10.702065467834473,13.350000381469727,13.390000343322754,13.010000228881836,13.109999656677246,50626000
2005-02-14,10.669998168945312,13.3100004196167,13.380000114440918,13.229999542236328,13.260000228881836,34744600
2005-02-15,10.653965950012207,13.289999961853027,13.460000038146973,13.260000228881836,13.34000015258789,43226900
2005-02-16,10.686029434204102,13.329999923706055,13.460000038146973,13.229999542236328,13.239999771118164,28360700
2005-02-17,10.389422416687012,12.960000038146973,13.380000114440918,12.890000343322754,13.300000190734863,44724400
2005-02-18,10.37338924407959,12.9399995803833,12.989999771118164,12.84000015258789,12.970000267028809,34769400
2005-02-22,10.148923873901367,12.65999984741211,12.869999885559082,12.640000343322754,12.760000228881836,50815200
2005-02-23,10.381403923034668,12.949999809265137,12.989999771118164,12.59000015258789,12.729999542236328,40930600
2005-02-24,10.429503440856934,13.010000228881836,13.119999885559082,12.829999923706055,12.84000015258789,39114400
2005-02-25,10.525704383850098,13.130000114440918,13.140000343322754,12.960000038146973,13.039999961853027,29254000
2005-02-28,10.381403923034668,12.949999809265137,13.25,12.90999984741211,13.079999923706055,37646400
2005-03-01,10.54173469543457,13.149999618530273,13.239999771118164,12.979999542236328,13.029999732971191,47027400
2005-03-02,10.461569786071777,13.050000190734863,13.199999809265137,12.819999694824219,13.029999732971191,49438200
2005-03-03,10.49363899230957,13.09000015258789,13.170000076293945,12.960000038146973,13.079999923706055,35449800
2005-03-04,10.645952224731445,13.279999732971191,13.460000038146973,13.180000305175781,13.220000267028809,55955700
2005-03-07,10.90247917175293,13.600000381469727,13.760000228881836,13.34000015258789,13.369999885559082,54894700
2005-03-08,10.918512344360352,13.619999885559082,13.800000190734863,13.59000015258789,13.600000381469727,38824300
2005-03-09,10.702065467834473,13.350000381469727,13.640000343322754,13.3100004196167,13.4399995803833,38544700
2005-03-10,10.629918098449707,13.260000228881836,13.420000076293945,13.220000267028809,13.359999656677246,28878100
2005-03-11,10.49363899230957,13.09000015258789,13.380000114440918,13.0,13.329999923706055,36704200
2005-03-14,10.54173469543457,13.149999618530273,13.25,13.010000228881836,13.100000381469727,30111500
2005-03-15,10.54173469543457,13.149999618530273,13.289999961853027,13.109999656677246,13.270000457763672,34154200
2005-03-16,10.437522888183594,13.020000457763672,13.210000038146973,12.899999618530273,13.039999961853027,44721200
2005-03-17,10.54975414276123,13.15999984741211,13.34000015258789,12.989999771118164,13.010000228881836,43835700
2005-03-18,10.052726745605469,12.539999961853027,13.010000228881836,12.510000228881836,12.9399995803833,153018100
2005-03-21,10.140909194946289,12.649999618530273,12.6899995803833,12.420000076293945,12.600000381469727,57215900
2005-03-22,10.012642860412598,12.489999771118164,12.739999771118164,12.390000343322754,12.680000305175781,50698700
2005-03-23,10.028677940368652,12.510000228881836,12.59000015258789,12.239999771118164,12.319999694824219,69699700
2005-03-24,9.9404935836792,12.399999618530273,12.550000190734863,12.359999656677246,12.529999732971191,34531200
2005-03-28,9.964548110961914,12.430000305175781,12.579999923706055,12.260000228881836,12.399999618530273,35841500
2005-03-29,9.844297409057617,12.279999732971191,12.520000457763672,12.229999542236328,12.390000343322754,35637300
2005-03-30,10.004627227783203,12.479999542236328,12.630000114440918,12.319999694824219,12.34000015258789,35214200
2005-03-31,10.004627227783203,12.479999542236328,12.670000076293945,12.4399995803833,12.470000267028809,32835900
2005-04-01,10.044711112976074,12.529999732971191,12.720000267028809,12.520000457763672,12.5600004196167,38333200
2005-04-04,10.17297649383545,12.6899995803833,12.729999542236328,12.539999961853027,12.569999694824219,48303100
2005-04-05,9.98057746887207,12.449999809265137,12.699999809265137,12.380000114440918,12.649999618530273,42466000
2005-04-06,9.924463272094727,12.380000114440918,12.5600004196167,12.319999694824219,12.40999984741211,30283800
2005-04-07,9.98057746887207,12.449999809265137,12.479999542236328,12.279999732971191,12.369999885559082,40822100
2005-04-08,9.908432006835938,12.359999656677246,12.529999732971191,12.329999923706055,12.420000076293945,38601300
2005-04-11,9.9404935836792,12.399999618530273,12.420000076293945,12.3100004196167,12.369999885559082,24216700
2005-04-12,10.012642860412598,12.489999771118164,12.529999732971191,12.34000015258789,12.350000381469727,41508400
2005-04-13,9.828265190124512,12.260000228881836,12.489999771118164,12.170000076293945,12.399999618530273,34983000
2005-04-14,9.691984176635742,12.09000015258789,12.359999656677246,12.0600004196167,12.289999961853027,49235100
2005-04-15,9.379343032836914,11.699999809265137,11.970000267028809,11.65999984741211,11.9399995803833,62108300
2005-04-18,9.459507942199707,11.800000190734863,11.970000267028809,11.670000076293945,11.710000038146973,42602500
2005-04-19,9.523634910583496,11.880000114440918,11.960000038146973,11.6899995803833,11.899999618530273,48096200
2005-04-20,9.44346809387207,11.779999732971191,12.029999732971191,11.729999542236328,11.880000114440918,55428000
2005-04-21,9.756115913391113,12.170000076293945,12.199999809265137,11.90999984741211,11.930000305175781,51078800
2005-04-22,9.555704116821289,11.920000076293945,12.170000076293945,11.829999923706055,12.119999885559082,43471400
2005-04-25,9.67595100402832,12.069999694824219,12.109999656677246,11.920000076293945,11.930000305175781,32411300
2005-04-26,9.523634910583496,11.880000114440918,12.300000190734863,11.850000381469727,12.0,30723400
2005-04-27,9.539671897888184,11.899999618530273,12.0,11.8100004196167,11.829999923706055,26514600
2005-04-28,9.315203666687012,11.619999885559082,11.899999618530273,11.550000190734863,11.859999656677246,39434000
2005-04-29,9.267110824584961,11.5600004196167,11.680000305175781,11.25,11.670000076293945,41386100
2005-05-02,9.299171447753906,11.600000381469727,11.680000305175781,11.510000228881836,11.569999694824219,27176700
2005-05-03,9.29116153717041,11.59000015258789,11.729999542236328,11.510000228881836,11.529999732971191,39877600
2005-05-04,9.395374298095703,11.720000267028809,11.869999885559082,11.630000114440918,11.649999618530273,37634100
2005-05-05,9.347274780273438,11.65999984741211,11.770000457763672,11.5600004196167,11.710000038146973,44792300
2005-05-06,9.427435874938965,11.760000228881836,11.800000190734863,11.670000076293945,11.720000267028809,27731800
2005-05-09,9.419424057006836,11.75,11.850000381469727,11.6899995803833,11.739999771118164,28091400
2005-05-10,9.2350435256958,11.520000457763672,11.720000267028809,11.489999771118164,11.579999923706055,36598000
2005-05-11,9.379343032836914,11.699999809265137,11.760000228881836,11.479999542236328,11.579999923706055,32542900
2005-05-12,9.531652450561523,11.890000343322754,12.020000457763672,11.640000343322754,11.65999984741211,62649000
2005-05-13,9.908432006835938,12.359999656677246,12.390000343322754,11.90999984741211,11.920000076293945,69496400
2005-05-16,9.900415420532227,12.350000381469727,12.449999809265137,12.25,12.260000228881836,41887000
2005-05-17,9.788177490234375,12.210000038146973,12.279999732971191,11.979999542236328,12.260000228881836,61633100
2005-05-18,9.884385108947754,12.329999923706055,12.430000305175781,12.130000114440918,12.210000038146973,44940000
2005-05-19,9.964548110961914,12.430000305175781,12.640000343322754,12.350000381469727,12.359999656677246,40463700
2005-05-20,10.060739517211914,12.550000190734863,12.640000343322754,12.399999618530273,12.449999809265137,25230900
2005-05-23,10.180991172790527,12.699999809265137,12.770000457763672,12.600000381469727,12.619999885559082,47390500
2005-05-24,10.261157035827637,12.800000190734863,12.859999656677246,12.640000343322754,12.65999984741211,43792600
2005-05-25,10.221075057983398,12.75,12.789999961853027,12.609999656677246,12.720000267028809,32280900
2005-05-26,10.3573579788208,12.920000076293945,12.979999542236328,12.770000457763672,12.819999694824219,31827400
2005-05-27,10.301240921020508,12.850000381469727,12.899999618530273,12.789999961853027,12.859999656677246,21594400
2005-05-31,10.261157035827637,12.800000190734863,12.869999885559082,12.6899995803833,12.770000457763672,28423900
2005-06-01,10.333304405212402,12.890000343322754,12.970000267028809,12.770000457763672,12.789999961853027,33329000
2005-06-02,10.4054536819458,12.979999542236328,12.989999771118164,12.84000015258789,12.880000114440918,33375700
2005-06-03,10.092809677124023,12.59000015258789,12.960000038146973,12.550000190734863,12.949999809265137,49038900
2005-06-06,10.140909194946289,12.649999618530273,12.720000267028809,12.550000190734863,12.569999694824219,29298000
2005-06-07,10.092809677124023,12.59000015258789,12.800000190734863,12.5600004196167,12.640000343322754,34230100
2005-06-08,10.156946182250977,12.670000076293945,12.75,12.600000381469727,12.630000114440918,35934900
2005-06-09,10.156946182250977,12.670000076293945,12.729999542236328,12.579999923706055,12.630000114440918,30027400
2005-06-10,10.132893562316895,12.640000343322754,12.850000381469727,12.550000190734863,12.649999618530273,28917900
2005-06-13,10.10082721710205,12.600000381469727,12.789999961853027,12.5600004196167,12.579999923706055,29601000
2005-06-14,10.004627227783203,12.479999542236328,12.640000343322754,12.420000076293945,12.569999694824219,36616900
2005-06-15,10.11685848236084,12.619999885559082,12.699999809265137,12.300000190734863,12.579999923706055,42236600
2005-06-16,9.988598823547363,12.460000038146973,12.630000114440918,12.350000381469727,12.5600004196167,40706600
2005-06-17,9.892395973205566,12.34000015258789,12.640000343322754,12.279999732971191,12.600000381469727,58512100
2005-06-20,9.948515892028809,12.40999984741211,12.550000190734863,12.279999732971191,12.300000190734863,34560100
2005-06-21,10.060739517211914,12.550000190734863,12.59000015258789,12.369999885559082,12.399999618530273,25868700
2005-06-22,10.124878883361816,12.630000114440918,12.699999809265137,12.5,12.600000381469727,31376000
2005-06-23,10.028677940368652,12.510000228881836,12.84000015258789,12.479999542236328,12.630000114440918,40990400
2005-06-24,10.020660400390625,12.5,12.65999984741211,12.40999984741211,12.59000015258789,34563900
2005-06-27,10.052726745605469,12.539999961853027,12.630000114440918,12.5,12.5,29560700
2005-06-28,10.285208702087402,12.829999923706055,12.920000076293945,12.569999694824219,12.59000015258789,49229600
2005-06-29,10.87843132019043,13.569999694824219,13.789999961853027,13.229999542236328,13.470000267028809,155754700
2005-06-30,10.581814765930176,13.199999809265137,13.630000114440918,13.15999984741211,13.5600004196167,73638100
2005-07-01,10.653965950012207,13.289999961853027,13.399999618530273,13.210000038146973,13.390000343322754,40126400
2005-07-05,10.63793659210205,13.270000457763672,13.3100004196167,12.989999771118164,13.25,43866000
2005-07-06,10.678016662597656,13.319999694824219,13.65999984741211,13.210000038146973,13.229999542236328,60319100
2005-07-07,10.653965950012207,13.289999961853027,13.350000381469727,13.1899995803833,13.229999542236328,50565700
2005-07-08,10.870412826538086,13.5600004196167,13.569999694824219,13.260000228881836,13.279999732971191,36333200
2005-07-11,10.99066162109375,13.710000038146973,13.739999771118164,13.539999961853027,13.569999694824219,37520900
2005-07-12,11.062811851501465,13.800000190734863,13.890000343322754,13.619999885559082,13.65999984741211,30736600
2005-07-13,11.191073417663574,13.960000038146973,14.0,13.710000038146973,13.760000228881836,34444700
2005-07-14,11.263224601745605,14.050000190734863,14.100000381469727,13.859999656677246,13.979999542236328,45097400
2005-07-15,11.255208015441895,14.039999961853027,14.109999656677246,13.979999542236328,14.020000457763672,43579300
2005-07-18,11.142974853515625,13.899999618530273,13.989999771118164,13.899999618530273,13.960000038146973,41776800
2005-07-19,11.175037384033203,13.9399995803833,14.510000228881836,13.75,13.979999542236328,36381100
2005-07-20,11.24718952178955,14.029999732971191,14.079999923706055,13.779999732971191,13.789999961853027,33567000
2005-07-21,10.998673439025879,13.720000267028809,14.050000190734863,13.539999961853027,13.949999809265137,41179300
2005-07-22,11.062811851501465,13.800000190734863,13.84000015258789,13.569999694824219,13.670000076293945,27661200
2005-07-25,11.054794311523438,13.789999961853027,13.899999618530273,13.710000038146973,13.800000190734863,18455700
2005-07-26,11.054794311523438,13.789999961853027,13.960000038146973,13.760000228881836,13.800000190734863,24798000
2005-07-27,11.094880104064941,13.84000015258789,13.949999809265137,13.699999809265137,13.890000343322754,22664400
2005-07-28,11.102893829345703,13.850000381469727,13.899999618530273,13.710000038146973,13.859999656677246,18985900
2005-07-29,10.87843132019043,13.569999694824219,13.859999656677246,13.569999694824219,13.829999923706055,27162200
2005-08-01,10.838350296020508,13.520000457763672,13.6899995803833,13.449999809265137,13.670000076293945,25341800
2005-08-02,10.886446952819824,13.579999923706055,13.6899995803833,13.4399995803833,13.520000457763672,28944700
2005-08-03,10.726112365722656,13.380000114440918,13.520000457763672,13.289999961853027,13.5,31846100
2005-08-04,10.661982536315918,13.300000190734863,13.380000114440918,13.210000038146973,13.25,30788400
2005-08-05,10.645952224731445,13.279999732971191,13.359999656677246,13.140000343322754,13.270000457763672,25542900
2005-08-08,10.653965950012207,13.289999961853027,13.420000076293945,13.25,13.34000015258789,24940300
2005-08-09,10.710081100463867,13.359999656677246,13.4399995803833,13.300000190734863,13.329999923706055,21887400
2005-08-10,10.702065467834473,13.350000381469727,13.569999694824219,13.300000190734863,13.380000114440918,29897300
2005-08-11,10.718095779418945,13.369999885559082,13.470000267028809,13.260000228881836,13.329999923706055,25785900
2005-08-12,10.661982536315918,13.300000190734863,13.359999656677246,13.199999809265137,13.319999694824219,31991200
2005-08-15,10.653965950012207,13.289999961853027,13.380000114440918,13.220000267028809,13.260000228881836,37981700
2005-08-16,10.661982536315918,13.300000190734863,13.350000381469727,13.25,13.260000228881836,32583500
2005-08-17,10.613884925842285,13.239999771118164,13.329999923706055,13.140000343322754,13.279999732971191,29401000
2005-08-18,10.49363899230957,13.09000015258789,13.270000457763672,13.039999961853027,13.199999809265137,28469400
2005-08-19,10.477601051330566,13.069999694824219,13.220000267028809,13.0600004196167,13.140000343322754,22327200
2005-08-22,10.49363899230957,13.09000015258789,13.199999809265137,12.989999771118164,13.0600004196167,22938400
2005-08-23,10.501651763916016,13.100000381469727,13.180000305175781,12.960000038146973,13.0600004196167,26582100
2005-08-24,10.381403923034668,12.949999809265137,13.119999885559082,12.869999885559082,13.069999694824219,34968300
2005-08-25,10.39743709564209,12.970000267028809,13.0600004196167,12.920000076293945,12.970000267028809,23002700
2005-08-26,10.341322898864746,12.899999618530273,13.0,12.819999694824219,12.949999809265137,21404700
2005-08-29,10.48562240600586,13.079999923706055,13.170000076293945,12.829999923706055,12.84000015258789,24065700
2005-08-30,10.445535659790039,13.029999732971191,13.069999694824219,12.84000015258789,13.010000228881836,24651900
2005-08-31,10.413470268249512,12.989999771118164,13.029999732971191,12.819999694824219,13.0,41226700
2005-09-01,10.669998168945312,13.3100004196167,13.399999618530273,12.920000076293945,12.9399995803833,48010000
2005-09-02,10.734130859375,13.390000343322754,13.5600004196167,13.350000381469727,13.359999656677246,30062900
2005-09-06,10.870412826538086,13.5600004196167,13.619999885559082,13.390000343322754,13.430000305175781,21904000
2005-09-07,10.750164031982422,13.40999984741211,13.579999923706055,13.329999923706055,13.5,21709400
2005-09-08,10.718095779418945,13.369999885559082,13.529999732971191,13.260000228881836,13.489999771118164,21637400
2005-09-09,10.645952224731445,13.279999732971191,13.479999542236328,13.0,13.460000038146973,26508800
2005-09-12,10.81429672241211,13.489999771118164,13.5,13.279999732971191,13.489999771118164,63897300
2005-09-13,10.934545516967773,13.640000343322754,14.0,13.460000038146973,13.479999542236328,52205500
2005-09-14,10.774214744567871,13.4399995803833,13.75,13.4399995803833,13.680000305175781,42778400
2005-09-15,10.718095779418945,13.369999885559082,13.529999732971191,13.270000457763672,13.510000228881836,35539600
2005-09-16,10.62190055847168,13.25,13.470000267028809,13.119999885559082,13.430000305175781,139633800
2005-09-19,10.653965950012207,13.289999961853027,13.390000343322754,13.140000343322754,13.279999732971191,34865300
2005-09-20,10.742149353027344,13.399999618530273,13.569999694824219,13.270000457763672,13.319999694824219,50218900
2005-09-21,10.653965950012207,13.289999961853027,13.470000267028809,13.170000076293945,13.420000076293945,41807500
2005-09-22,10.838350296020508,13.520000457763672,13.619999885559082,13.210000038146973,13.319999694824219,50974700
2005-09-23,9.98057746887207,12.449999809265137,12.600000381469727,12.260000228881836,12.539999961853027,171863900
2005-09-26,9.9404935836792,12.399999618530273,12.550000190734863,12.319999694824219,12.529999732971191,59122300
2005-09-27,9.884385108947754,12.329999923706055,12.460000038146973,12.289999961853027,12.430000305175781,37175600
2005-09-28,9.772146224975586,12.1899995803833,12.34000015258789,12.180000305175781,12.329999923706055,44322900
2005-09-29,9.876361846923828,12.319999694824219,12.350000381469727,12.0,12.1899995803833,52676000
2005-09-30,9.9404935836792,12.399999618530273,12.550000190734863,12.25,12.300000190734863,47203900
2005-10-03,9.924463272094727,12.380000114440918,12.569999694824219,12.369999885559082,12.420000076293945,29586900
2005-10-04,9.812232971191406,12.239999771118164,12.449999809265137,12.140000343322754,12.380000114440918,41009900
2005-10-05,9.756115913391113,12.170000076293945,12.25,12.029999732971191,12.220000267028809,34813500
2005-10-06,9.64388656616211,12.029999732971191,12.279999732971191,11.899999618530273,12.1899995803833,45171900
2005-10-07,9.603802680969238,11.979999542236328,12.100000381469727,11.850000381469727,12.069999694824219,39090400
2005-10-10,9.627849578857422,12.010000228881836,12.069999694824219,11.850000381469727,11.970000267028809,29861900
2005-10-11,9.68396282196045,12.079999923706055,12.210000038146973,11.989999771118164,12.010000228881836,45667300
2005-10-12,9.619832992553711,12.0,12.25,12.0,12.0600004196167,38115600
2005-10-13,9.68396282196045,12.079999923706055,12.220000267028809,11.970000267028809,11.989999771118164,27465200
2005-10-14,9.868346214294434,12.3100004196167,12.350000381469727,12.0600004196167,12.140000343322754,32795600
2005-10-17,9.924463272094727,12.380000114440918,12.59000015258789,12.210000038146973,12.279999732971191,39140000
2005-10-18,9.916444778442383,12.369999885559082,12.470000267028809,12.319999694824219,12.329999923706055,25834800
2005-10-19,9.772146224975586,12.1899995803833,12.59000015258789,11.960000038146973,12.319999694824219,58423300
2005-10-20,9.732068061828613,12.140000343322754,12.40999984741211,12.109999656677246,12.289999961853027,47209000
2005-10-21,9.828265190124512,12.260000228881836,12.380000114440918,12.180000305175781,12.210000038146973,35759000
2005-10-24,10.277191162109375,12.819999694824219,12.850000381469727,12.3100004196167,12.380000114440918,57706100
2005-10-25,10.39743709564209,12.970000267028809,13.050000190734863,12.699999809265137,12.729999542236328,51784400
2005-10-26,10.148923873901367,12.65999984741211,12.979999542236328,12.569999694824219,12.850000381469727,43585600
2005-10-27,9.98057746887207,12.449999809265137,12.729999542236328,12.4399995803833,12.600000381469727,29631200
2005-10-28,10.189009666442871,12.710000038146973,12.770000457763672,12.479999542236328,12.5600004196167,33849500
2005-10-31,10.164960861206055,12.680000305175781,12.779999732971191,12.569999694824219,12.649999618530273,41947800
2005-11-01,10.205039024353027,12.729999542236328,12.859999656677246,12.579999923706055,12.579999923706055,24436100
2005-11-02,10.004627227783203,12.479999542236328,12.65999984741211,12.300000190734863,12.579999923706055,50044000
2005-11-03,9.780163764953613,12.199999809265137,12.40999984741211,11.75,12.399999618530273,111121100
2005-11-04,10.108842849731445,12.609999656677246,12.640000343322754,12.170000076293945,12.180000305175781,44196600
2005-11-07,10.108842849731445,12.609999656677246,12.640000343322754,12.449999809265137,12.59000015258789,29100600
2005-11-08,10.11685848236084,12.619999885559082,12.649999618530273,12.489999771118164,12.550000190734863,25869100
2005-11-09,10.028677940368652,12.510000228881836,12.619999885559082,12.479999542236328,12.5600004196167,23907100
2005-11-10,10.180991172790527,12.699999809265137,12.710000038146973,12.380000114440918,12.489999771118164,31650400
2005-11-11,10.269173622131348,12.8100004196167,13.029999732971191,12.649999618530273,12.699999809265137,30479200
2005-11-14,10.277191162109375,12.819999694824219,12.9399995803833,12.75,12.779999732971191,23442500
2005-11-15,10.156946182250977,12.670000076293945,12.800000190734863,12.600000381469727,12.729999542236328,27329000
2005-11-16,10.012642860412598,12.489999771118164,12.630000114440918,12.40999984741211,12.619999885559082,31078200
2005-11-17,10.108842849731445,12.609999656677246,12.630000114440918,12.380000114440918,12.449999809265137,42275000
2005-11-18,10.11685848236084,12.619999885559082,12.819999694824219,12.569999694824219,12.800000190734863,33066200
2005-11-21,9.972563743591309,12.4399995803833,12.649999618530273,12.34000015258789,12.529999732971191,41774600
2005-11-22,9.932480812072754,12.390000343322754,12.489999771118164,12.3100004196167,12.329999923706055,46235900
2005-11-23,10.132893562316895,12.640000343322754,12.670000076293945,12.34000015258789,12.350000381469727,34181400
2005-11-25,10.108842849731445,12.609999656677246,12.770000457763672,12.600000381469727,12.670000076293945,7851700
2005-11-28,10.052726745605469,12.539999961853027,12.600000381469727,12.470000267028809,12.59000015258789,23031900
2005-11-29,10.205039024353027,12.729999542236328,12.800000190734863,12.569999694824219,12.579999923706055,28170600
2005-11-30,10.10082721710205,12.600000381469727,12.8100004196167,12.5600004196167,12.710000038146973,34494400
2005-12-01,10.309256553649902,12.859999656677246,12.920000076293945,12.670000076293945,12.680000305175781,30461000
2005-12-02,10.229090690612793,12.760000228881836,12.949999809265137,12.729999542236328,12.9399995803833,28696700
2005-12-05,10.028677940368652,12.510000228881836,12.739999771118164,12.420000076293945,12.720000267028809,44188500
2005-12-06,10.036696434020996,12.520000457763672,12.630000114440918,12.420000076293945,12.539999961853027,31834600
2005-12-07,10.028677940368652,12.510000228881836,12.579999923706055,12.359999656677246,12.520000457763672,40344700
2005-12-08,9.972563743591309,12.4399995803833,12.520000457763672,12.229999542236328,12.5,74267000
2005-12-09,10.020660400390625,12.5,12.579999923706055,12.430000305175781,12.430000305175781,44904200
2005-12-12,10.29322338104248,12.84000015258789,12.859999656677246,12.5,12.510000228881836,47509200
2005-12-13,10.285208702087402,12.829999923706055,12.859999656677246,12.600000381469727,12.699999809265137,40282800
2005-12-14,10.269173622131348,12.8100004196167,12.899999618530273,12.680000305175781,12.819999694824219,36832500
2005-12-15,10.285208702087402,12.829999923706055,12.850000381469727,12.640000343322754,12.710000038146973,39606200
2005-12-16,10.17297649383545,12.6899995803833,12.729999542236328,11.989999771118164,12.539999961853027,203707200
2005-12-19,9.876361846923828,12.319999694824219,12.619999885559082,12.279999732971191,12.550000190734863,88450900
2005-12-20,9.844297409057617,12.279999732971191,12.420000076293945,12.25,12.390000343322754,88569800
2005-12-21,9.764129638671875,12.180000305175781,12.319999694824219,12.140000343322754,12.319999694824219,42154200
2005-12-22,9.876361846923828,12.319999694824219,12.420000076293945,12.149999618530273,12.15999984741211,64662200
2005-12-23,9.892395973205566,12.34000015258789,12.510000228881836,12.3100004196167,12.380000114440918,28028200
2005-12-27,9.900415420532227,12.350000381469727,12.40999984741211,12.239999771118164,12.329999923706055,20909100
2005-12-28,9.844297409057617,12.279999732971191,12.4399995803833,12.270000457763672,12.350000381469727,21423600
2005-12-29,9.852314949035645,12.289999961853027,12.359999656677246,12.229999542236328,12.270000457763672,21138100
2005-12-30,9.788177490234375,12.210000038146973,12.399999618530273,12.15999984741211,12.210000038146973,22598000
2006-01-03,10.10082721710205,12.600000381469727,12.800000190734863,12.220000267028809,12.229999542236328,56073800
2006-01-04,10.11685848236084,12.619999885559082,12.779999732971191,12.539999961853027,12.5600004196167,56412300
2006-01-05,10.253140449523926,12.789999961853027,12.920000076293945,12.600000381469727,12.619999885559082,52657100
2006-01-06,10.517684936523438,13.119999885559082,13.149999618530273,12.75,12.800000190734863,95067600
2006-01-09,10.32529067993164,12.880000114440918,13.09000015258789,12.789999961853027,13.010000228881836,48177800
2006-01-10,10.11685848236084,12.619999885559082,12.8100004196167,12.609999656677246,12.8100004196167,43903600
2006-01-11,10.10082721710205,12.600000381469727,12.680000305175781,12.470000267028809,12.640000343322754,60810100
2006-01-12,10.036696434020996,12.520000457763672,12.739999771118164,12.479999542236328,12.729999542236328,43749300
2006-01-13,10.028677940368652,12.510000228881836,12.539999961853027,12.369999885559082,12.489999771118164,33247500
2006-01-17,9.972563743591309,12.4399995803833,12.539999961853027,12.399999618530273,12.460000038146973,22593700
2006-01-18,9.892395973205566,12.34000015258789,12.390000343322754,12.229999542236328,12.369999885559082,44744000
2006-01-19,10.036696434020996,12.520000457763672,12.600000381469727,12.449999809265137,12.470000267028809,41646400
2006-01-20,9.852314949035645,12.289999961853027,12.529999732971191,12.260000228881836,12.479999542236328,53853200
2006-01-23,9.860333442687988,12.300000190734863,12.5,12.210000038146973,12.3100004196167,36996200
2006-01-24,9.780163764953613,12.199999809265137,12.390000343322754,12.1899995803833,12.350000381469727,48399500
2006-01-25,10.028677940368652,12.510000228881836,12.5600004196167,12.34000015258789,12.399999618530273,92994900
2006-01-26,9.972563743591309,12.4399995803833,12.600000381469727,12.40999984741211,12.5600004196167,63482400
2006-01-27,9.948515892028809,12.40999984741211,12.529999732971191,12.390000343322754,12.449999809265137,61590500
2006-01-30,10.108842849731445,12.609999656677246,12.649999618530273,12.279999732971191,12.420000076293945,62092100
2006-01-31,10.07677936553955,12.569999694824219,12.59000015258789,12.40999984741211,12.5600004196167,53373600
2006-02-01,10.084790229797363,12.579999923706055,12.649999618530273,12.390000343322754,12.40999984741211,54206000
2006-02-02,9.932480812072754,12.390000343322754,12.579999923706055,12.359999656677246,12.539999961853027,41926000
2006-02-03,9.788177490234375,12.210000038146973,12.380000114440918,12.180000305175781,12.300000190734863,63619900
2006-02-06,9.820247650146484,12.25,12.289999961853027,12.0600004196167,12.220000267028809,61768000
2006-02-07,9.916444778442383,12.369999885559082,12.390000343322754,12.210000038146973,12.229999542236328,51162700
2006-02-08,10.07677936553955,12.569999694824219,12.630000114440918,12.4399995803833,12.4399995803833,54270900
2006-02-09,10.17297649383545,12.6899995803833,12.800000190734863,12.460000038146973,12.5600004196167,107351900
2006-02-10,10.17297649383545,12.6899995803833,12.800000190734863,12.5600004196167,12.579999923706055,59674100
2006-02-13,10.012642860412598,12.489999771118164,12.720000267028809,12.399999618530273,12.640000343322754,37636000
2006-02-14,9.9404935836792,12.399999618530273,12.489999771118164,12.350000381469727,12.479999542236328,47912300
2006-02-15,9.948515892028809,12.40999984741211,12.5,12.350000381469727,12.369999885559082,37630400
2006-02-16,9.972563743591309,12.4399995803833,12.489999771118164,12.359999656677246,12.420000076293945,29399100
2006-02-17,9.9404935836792,12.399999618530273,12.4399995803833,12.319999694824219,12.380000114440918,35536000
2006-02-21,9.892395973205566,12.34000015258789,12.380000114440918,12.25,12.350000381469727,41343600
2006-02-22,10.004627227783203,12.479999542236328,12.489999771118164,12.279999732971191,12.359999656677246,40641000
2006-02-23,9.9404935836792,12.399999618530273,12.539999961853027,12.399999618530273,12.4399995803833,39913300
2006-02-24,9.988598823547363,12.460000038146973,12.489999771118164,12.380000114440918,12.390000343322754,31299300
2006-02-27,9.988598823547363,12.460000038146973,12.510000228881836,12.359999656677246,12.4399995803833,38585600
2006-02-28,9.956527709960938,12.420000076293945,12.579999923706055,12.390000343322754,12.420000076293945,43399200
2006-03-01,10.269173622131348,12.8100004196167,12.829999923706055,12.489999771118164,12.489999771118164,72471500
2006-03-02,10.261157035827637,12.800000190734863,12.920000076293945,12.680000305175781,12.75,63229200
2006-03-03,10.253140449523926,12.789999961853027,12.930000305175781,12.609999656677246,12.630000114440918,52363900
2006-03-06,10.237105369567871,12.770000457763672,12.960000038146973,12.729999542236328,12.75,48553100
2006-03-07,10.32529067993164,12.880000114440918,12.920000076293945,12.720000267028809,12.739999771118164,36177700
2006-03-08,10.309256553649902,12.859999656677246,12.949999809265137,12.75,12.8100004196167,38942500
2006-03-09,10.29322338104248,12.84000015258789,13.0,12.819999694824219,12.899999618530273,48773800
2006-03-10,10.341322898864746,12.899999618530273,13.0,12.84000015258789,12.880000114440918,38438000
2006-03-13,10.341322898864746,12.899999618530273,12.949999809265137,12.850000381469727,12.920000076293945,24297100
2006-03-14,10.389422416687012,12.960000038146973,12.979999542236328,12.869999885559082,12.90999984741211,44498300
2006-03-15,10.613884925842285,13.239999771118164,13.319999694824219,12.899999618530273,12.9399995803833,76106900
2006-03-16,10.822317123413086,13.5,13.539999961853027,13.270000457763672,13.34000015258789,81957200
2006-03-17,10.90247917175293,13.600000381469727,13.720000267028809,13.420000076293945,13.539999961853027,70639000
2006-03-20,10.998673439025879,13.720000267028809,13.869999885559082,13.569999694824219,13.65999984741211,123796300
2006-03-21,10.918512344360352,13.619999885559082,13.899999618530273,13.220000267028809,13.34000015258789,144515800
2006-03-22,11.21512508392334,13.989999771118164,14.0,13.550000190734863,13.569999694824219,83106300
2006-03-23,11.062811851501465,13.800000190734863,13.989999771118164,13.729999542236328,13.90999984741211,51106100
2006-03-24,11.054794311523438,13.789999961853027,13.829999923706055,13.720000267028809,13.779999732971191,35174400
2006-03-27,11.094880104064941,13.84000015258789,13.9399995803833,13.770000457763672,13.829999923706055,36646600
2006-03-28,10.89445972442627,13.59000015258789,13.850000381469727,13.569999694824219,13.829999923706055,47533800
2006-03-29,10.998673439025879,13.720000267028809,13.8100004196167,13.430000305175781,13.59000015258789,55889400
2006-03-30,11.04677677154541,13.779999732971191,13.850000381469727,13.640000343322754,13.720000267028809,50501000
2006-03-31,10.974630355834961,13.6899995803833,13.850000381469727,13.6899995803833,13.710000038146973,33305800
2006-04-03,11.054794311523438,13.789999961853027,13.859999656677246,13.75,13.75,26912300
2006-04-04,11.094880104064941,13.84000015258789,13.90999984741211,13.779999732971191,13.819999694824219,30831800
2006-04-05,11.18305778503418,13.949999809265137,14.0,13.8100004196167,13.819999694824219,70984700
2006-04-06,11.062811851501465,13.800000190734863,13.960000038146973,13.739999771118164,13.960000038146973,32788400
2006-04-07,11.022727966308594,13.75,13.90999984741211,13.720000267028809,13.829999923706055,29517200
2006-04-10,11.086861610412598,13.829999923706055,13.850000381469727,13.619999885559082,13.729999542236328,28928600
2006-04-11,11.094880104064941,13.84000015258789,14.0,13.720000267028809,13.829999923706055,44219500
2006-04-12,11.04677677154541,13.779999732971191,13.899999618530273,13.729999542236328,13.84000015258789,29217300
2006-04-13,10.966611862182617,13.680000305175781,13.770000457763672,13.65999984741211,13.75,29693900
2006-04-17,11.014710426330566,13.739999771118164,13.829999923706055,13.649999618530273,13.65999984741211,28970700
2006-04-18,11.22314167022705,14.0,14.010000228881836,13.6899995803833,13.699999809265137,41113900
2006-04-19,11.47165298461914,14.3100004196167,14.34000015258789,13.8100004196167,13.84000015258789,58050400
2006-04-20,11.343385696411133,14.149999618530273,14.3100004196167,14.100000381469727,14.15999984741211,32815300
2006-04-21,11.447602272033691,14.279999732971191,14.449999809265137,14.149999618530273,14.15999984741211,56187800
2006-04-24,11.607935905456543,14.479999542236328,14.670000076293945,14.1899995803833,14.229999542236328,61354000
2006-04-25,11.744211196899414,14.649999618530273,14.829999923706055,14.550000190734863,14.5600004196167,58690000
2006-04-26,11.800333976745605,14.720000267028809,14.739999771118164,14.619999885559082,14.699999809265137,47345900
2006-04-27,11.968677520751953,14.930000305175781,15.210000038146973,14.550000190734863,14.680000305175781,108692600
2006-04-28,11.696118354797363,14.59000015258789,14.949999809265137,14.520000457763672,14.890000343322754,67677500
2006-05-01,11.688100814819336,14.579999923706055,14.960000038146973,14.430000305175781,14.609999656677246,41422900
2006-05-02,11.567853927612305,14.430000305175781,14.579999923706055,14.380000114440918,14.5600004196167,29045900
2006-05-03,11.479667663574219,14.319999694824219,14.489999771118164,14.069999694824219,14.369999885559082,40839600
2006-05-04,11.455620765686035,14.289999961853027,14.470000267028809,14.210000038146973,14.380000114440918,21837400
2006-05-05,11.583887100219727,14.449999809265137,14.569999694824219,14.279999732971191,14.300000190734863,26398600
2006-05-08,11.40751838684082,14.229999542236328,14.550000190734863,14.170000076293945,14.430000305175781,29683000
2006-05-09,11.311324119567871,14.109999656677246,14.279999732971191,14.050000190734863,14.220000267028809,21975400
2006-05-10,11.415538787841797,14.239999771118164,14.369999885559082,14.0600004196167,14.069999694824219,23581800
2006-05-11,11.150992393493652,13.90999984741211,14.279999732971191,13.800000190734863,14.1899995803833,31474100
2006-05-12,11.207101821899414,13.979999542236328,14.220000267028809,13.539999961853027,13.739999771118164,39924500
2006-05-15,11.199092864990234,13.970000267028809,14.029999732971191,13.800000190734863,13.829999923706055,26079100
2006-05-16,11.375452041625977,14.1899995803833,14.220000267028809,13.869999885559082,13.90999984741211,42273300
2006-05-17,11.102893829345703,13.850000381469727,14.109999656677246,13.75,14.079999923706055,47984500
2006-05-18,11.038762092590332,13.770000457763672,13.989999771118164,13.279999732971191,13.930000305175781,46897500
2006-05-19,10.982645034790039,13.699999809265137,13.930000305175781,13.5600004196167,13.609999656677246,46390200
2006-05-22,10.862398147583008,13.550000190734863,13.720000267028809,13.5,13.529999732971191,29426200
2006-05-23,10.79826831817627,13.470000267028809,13.640000343322754,13.4399995803833,13.5600004196167,27182500
2006-05-24,11.04677677154541,13.779999732971191,13.869999885559082,13.359999656677246,13.380000114440918,32985200
2006-05-25,11.279257774353027,14.069999694824219,14.109999656677246,13.699999809265137,13.760000228881836,37154800
2006-05-26,11.263224601745605,14.050000190734863,14.180000305175781,13.920000076293945,14.050000190734863,18672500
2006-05-30,11.239171028137207,14.020000457763672,14.1899995803833,13.880000114440918,14.0,26323900
2006-05-31,11.399504661560059,14.220000267028809,14.25,13.970000267028809,14.010000228881836,34272800
2006-06-01,11.399504661560059,14.220000267028809,14.239999771118164,13.960000038146973,14.140000343322754,37626100
2006-06-02,11.343385696411133,14.149999618530273,14.279999732971191,14.039999961853027,14.220000267028809,22929600
2006-06-05,11.110912322998047,13.859999656677246,14.109999656677246,13.859999656677246,14.050000190734863,22489500
2006-06-06,11.078841209411621,13.819999694824219,14.0,13.600000381469727,13.979999542236328,31295500
2006-06-07,10.85438060760498,13.539999961853027,13.880000114440918,13.5,13.859999656677246,30404500
2006-06-08,10.846366882324219,13.529999732971191,13.59000015258789,13.199999809265137,13.449999809265137,50882600
2006-06-09,10.79826831817627,13.470000267028809,13.539999961853027,13.329999923706055,13.489999771118164,26740100
2006-06-12,10.62190055847168,13.25,13.579999923706055,13.220000267028809,13.460000038146973,36625600
2006-06-13,10.54173469543457,13.149999618530273,13.539999961853027,13.100000381469727,13.270000457763672,36410300
2006-06-14,10.573802947998047,13.1899995803833,13.289999961853027,13.069999694824219,13.149999618530273,27433700
2006-06-15,10.982645034790039,13.699999809265137,13.84000015258789,13.300000190734863,13.329999923706055,47881400
2006-06-16,11.375452041625977,14.1899995803833,14.920000076293945,14.09000015258789,14.470000267028809,115901400
2006-06-19,11.455620765686035,14.289999961853027,14.5600004196167,14.180000305175781,14.350000381469727,35603700
2006-06-20,11.423551559448242,14.25,14.479999542236328,14.229999542236328,14.420000076293945,29998100
2006-06-21,11.648017883300781,14.529999732971191,14.899999618530273,14.279999732971191,14.289999961853027,58342800
2006-06-22,11.487687110900879,14.329999923706055,14.699999809265137,14.25,14.619999885559082,48936300
2006-06-23,11.94462776184082,14.899999618530273,15.069999694824219,14.539999961853027,14.680000305175781,72620900
2006-06-26,11.760247230529785,14.670000076293945,14.930000305175781,14.520000457763672,14.869999885559082,32602300
2006-06-27,11.623969078063965,14.5,14.670000076293945,14.329999923706055,14.609999656677246,41863600
2006-06-28,11.688100814819336,14.579999923706055,14.630000114440918,14.489999771118164,14.5,25331900
2006-06-29,11.816362380981445,14.739999771118164,14.859999656677246,14.399999618530273,14.609999656677246,52383700
2006-06-30,11.615950584411621,14.489999771118164,14.970000267028809,14.489999771118164,14.770000457763672,49491600
2006-07-03,11.872480392456055,14.8100004196167,14.8100004196167,14.609999656677246,14.609999656677246,16969500
2006-07-05,11.680082321166992,14.569999694824219,14.770000457763672,14.550000190734863,14.630000114440918,29529100
2006-07-06,11.623969078063965,14.5,14.640000343322754,14.430000305175781,14.520000457763672,28736300
2006-07-07,11.848427772521973,14.779999732971191,14.979999542236328,14.420000076293945,14.5,53231000
2006-07-10,11.696118354797363,14.59000015258789,14.979999542236328,14.399999618530273,14.779999732971191,32810500
2006-07-11,11.656030654907227,14.539999961853027,14.579999923706055,14.289999961853027,14.470000267028809,35140800
2006-07-12,11.399504661560059,14.220000267028809,14.59000015258789,14.149999618530273,14.510000228881836,26652400
2006-07-13,11.30330753326416,14.100000381469727,14.270000457763672,13.770000457763672,13.880000114440918,52970500
2006-07-14,11.455620765686035,14.289999961853027,14.390000343322754,13.930000305175781,14.050000190734863,40051300
2006-07-17,11.559835433959961,14.420000076293945,14.470000267028809,14.220000267028809,14.239999771118164,32459300
2006-07-18,11.800333976745605,14.720000267028809,14.8100004196167,14.350000381469727,14.390000343322754,52405400
2006-07-19,12.080911636352539,15.069999694824219,15.210000038146973,14.729999542236328,14.8100004196167,66918900
2006-07-20,12.120991706848145,15.119999885559082,15.239999771118164,14.90999984741211,15.0600004196167,48545800
2006-07-21,12.120991706848145,15.119999885559082,15.289999961853027,14.960000038146973,15.029999732971191,57164900
2006-07-24,12.00876235961914,14.979999542236328,15.170000076293945,14.920000076293945,15.079999923706055,47729400
2006-07-25,11.968677520751953,14.930000305175781,15.0600004196167,14.800000190734863,14.930000305175781,36945500
2006-07-26,12.040825843811035,15.020000457763672,15.1899995803833,14.760000228881836,14.9399995803833,35836600
2006-07-27,11.920576095581055,14.869999885559082,15.1899995803833,14.789999961853027,15.079999923706055,37199200
2006-07-28,12.080911636352539,15.069999694824219,15.119999885559082,14.850000381469727,14.930000305175781,25837300
2006-07-31,12.000744819641113,14.970000267028809,15.029999732971191,14.819999694824219,14.930000305175781,35173100
2006-08-01,11.80834674835205,14.729999542236328,14.9399995803833,14.550000190734863,14.899999618530273,33903300
2006-08-02,11.872480392456055,14.8100004196167,14.9399995803833,14.550000190734863,14.699999809265137,33423700
2006-08-03,11.840412139892578,14.770000457763672,15.029999732971191,14.729999542236328,14.800000190734863,31820900
2006-08-04,11.720166206359863,14.619999885559082,14.869999885559082,14.489999771118164,14.84000015258789,35927100
2006-08-07,11.720166206359863,14.619999885559082,14.6899995803833,14.5,14.640000343322754,31683300
2006-08-08,11.864461898803711,14.800000190734863,15.0,14.65999984741211,14.65999984741211,42021300
2006-08-09,11.984708786010742,14.949999809265137,15.25,14.850000381469727,14.949999809265137,50604600
2006-08-10,12.129006385803223,15.130000114440918,15.270000457763672,14.859999656677246,14.880000114440918,34394400
2006-08-11,12.016777038574219,14.989999771118164,15.15999984741211,14.890000343322754,15.100000381469727,19315000
2006-08-14,12.257274627685547,15.289999961853027,15.5,15.0600004196167,15.109999656677246,36319700
2006-08-15,12.601981163024902,15.720000267028809,15.75,15.430000305175781,15.470000267028809,47767900
2006-08-16,12.457686424255371,15.539999961853027,15.75,15.40999984741211,15.739999771118164,49609300
2006-08-17,12.6741361618042,15.8100004196167,15.949999809265137,15.40999984741211,15.420000076293945,46413400
2006-08-18,12.59396743774414,15.710000038146973,15.8100004196167,15.399999618530273,15.760000228881836,33126400
2006-08-21,12.53785228729248,15.640000343322754,15.789999961853027,15.449999809265137,15.59000015258789,28275800
2006-08-22,12.409586906433105,15.479999542236328,15.649999618530273,15.369999885559082,15.630000114440918,39584700
2006-08-23,12.281319618225098,15.319999694824219,15.489999771118164,15.229999542236328,15.479999542236328,37833800
2006-08-24,12.32942008972168,15.380000114440918,15.5,15.229999542236328,15.390000343322754,41883900
2006-08-25,12.353470802307129,15.40999984741211,15.630000114440918,15.3100004196167,15.359999656677246,28897000
2006-08-28,12.457686424255371,15.539999961853027,15.649999618530273,15.359999656677246,15.420000076293945,28113600
2006-08-29,12.441652297973633,15.520000457763672,15.640000343322754,15.399999618530273,15.529999732971191,28281400
2006-08-30,12.634049415588379,15.760000228881836,15.829999923706055,15.5,15.5600004196167,27305200
2006-08-31,12.55388355255127,15.65999984741211,15.75,15.5,15.680000305175781,27549200
2006-09-01,12.42562198638916,15.5,15.829999923706055,15.449999809265137,15.800000190734863,24599100
2006-09-05,12.698179244995117,15.84000015258789,15.890000343322754,15.59000015258789,15.600000381469727,40291700
2006-09-06,12.521819114685059,15.619999885559082,15.8100004196167,15.569999694824219,15.680000305175781,44824300
2006-09-07,12.834464073181152,16.010000228881836,16.200000762939453,15.579999923706055,15.640000343322754,77357700
2006-09-08,12.75429916381836,15.90999984741211,16.18000030517578,15.760000228881836,16.049999237060547,46528300
2006-09-11,13.05892562866211,16.290000915527344,16.350000381469727,15.75,15.789999961853027,42647900
2006-09-12,13.066939353942871,16.299999237060547,16.3799991607666,16.149999618530273,16.299999237060547,44246800
2006-09-13,13.139087677001953,16.389999389648438,16.479999542236328,16.18000030517578,16.309999465942383,40822400
2006-09-14,13.203221321105957,16.469999313354492,16.489999771118164,16.200000762939453,16.280000686645508,27724100
2006-09-15,13.090991973876953,16.329999923706055,16.639999389648438,16.100000381469727,16.520000457763672,81171300
2006-09-18,13.02685832977295,16.25,16.450000762939453,16.100000381469727,16.399999618530273,59339400
2006-09-19,12.930662155151367,16.1299991607666,16.600000381469727,16.06999969482422,16.309999465942383,91193700
2006-09-20,14.373628616333008,17.93000030517578,18.290000915527344,17.84000015258789,18.09000015258789,202996500
2006-09-21,14.493884086608887,18.079999923706055,18.149999618530273,17.90999984741211,17.93000030517578,68071400
2006-09-22,14.060994148254395,17.540000915527344,17.899999618530273,17.530000686645508,17.829999923706055,49688000
2006-09-25,14.405701637268066,17.969999313354492,17.989999771118164,17.389999389648438,17.579999923706055,54215900
2006-09-26,14.582067489624023,18.190000534057617,18.239999771118164,17.8700008392334,17.8700008392334,64678900
2006-09-27,14.373628616333008,17.93000030517578,18.190000534057617,17.899999618530273,18.079999923706055,34076300
2006-09-28,14.421733856201172,17.989999771118164,18.149999618530273,17.809999465942383,17.969999313354492,43520700
2006-09-29,14.22132396697998,17.739999771118164,18.030000686645508,17.739999771118164,17.950000762939453,33614900
2006-10-02,14.157185554504395,17.65999984741211,17.959999084472656,17.59000015258789,17.90999984741211,41128800
2006-10-03,14.349591255187988,17.899999618530273,18.049999237060547,17.520000457763672,17.56999969482422,53435100
2006-10-04,14.566031455993652,18.170000076293945,18.200000762939453,17.790000915527344,17.8799991607666,46304700
2006-10-05,14.638182640075684,18.260000228881836,18.309999465942383,18.139999389648438,18.18000030517578,43868000
2006-10-06,14.582067489624023,18.190000534057617,18.459999084472656,18.1299991607666,18.149999618530273,33143800
2006-10-09,14.870656967163086,18.549999237060547,18.59000015258789,18.06999969482422,18.15999984741211,33338100
2006-10-10,15.022980690002441,18.739999771118164,18.739999771118164,18.469999313354492,18.559999465942383,50293800
2006-10-11,14.894709587097168,18.579999923706055,18.790000915527344,18.479999542236328,18.68000030517578,37734900
2006-10-12,15.22339153289795,18.989999771118164,19.0,18.520000457763672,18.649999618530273,44746600
2006-10-13,15.287516593933105,19.06999969482422,19.139999389648438,18.780000686645508,18.969999313354492,36476500
2006-10-16,15.22339153289795,18.989999771118164,19.1299991607666,18.979999542236328,19.100000381469727,24339400
2006-10-17,14.934796333312988,18.6299991607666,18.989999771118164,18.600000381469727,18.84000015258789,27320400
2006-10-18,15.022980690002441,18.739999771118164,18.950000762939453,18.690000534057617,18.84000015258789,26886900
2006-10-19,15.127192497253418,18.8700008392334,18.959999084472656,18.3700008392334,18.65999984741211,33306700
2006-10-20,15.215373992919922,18.979999542236328,19.020000457763672,18.68000030517578,18.950000762939453,23512400
2006-10-23,15.351655006408691,19.149999618530273,19.25,18.8700008392334,18.969999313354492,29547100
2006-10-24,15.143218040466309,18.889999389648438,19.149999618530273,18.739999771118164,19.059999465942383,28817700
2006-10-25,14.926774024963379,18.6200008392334,18.979999542236328,18.549999237060547,18.90999984741211,36102000
2006-10-26,15.006939888000488,18.719999313354492,18.8799991607666,18.469999313354492,18.709999084472656,30011200
2006-10-27,14.509921073913574,18.100000381469727,18.59000015258789,18.059999465942383,18.59000015258789,42152100
2006-10-30,14.846619606018066,18.520000457763672,18.59000015258789,17.770000457763672,17.940000534057617,29734300
2006-10-31,14.80652904510498,18.469999313354492,18.68000030517578,18.40999984741211,18.540000915527344,28280800
2006-11-01,14.80652904510498,18.469999313354492,18.649999618530273,18.34000015258789,18.559999465942383,31828700
2006-11-02,14.646202087402344,18.270000457763672,18.469999313354492,18.049999237060547,18.450000762939453,34605200
2006-11-03,14.253385543823242,17.780000686645508,18.34000015258789,17.670000076293945,18.31999969482422,47245500
2006-11-06,14.509921073913574,18.100000381469727,18.229999542236328,17.81999969482422,17.899999618530273,38100500
2006-11-07,14.590083122253418,18.200000762939453,18.25,17.989999771118164,18.1200008392334,27343800
2006-11-08,14.718345642089844,18.360000610351562,18.43000030517578,18.049999237060547,18.15999984741211,24934900
2006-11-09,14.862643241882324,18.540000915527344,18.799999237060547,18.290000915527344,18.40999984741211,40625800
2006-11-10,15.055046081542969,18.780000686645508,18.8700008392334,18.610000610351562,18.649999618530273,24006700
2006-11-13,15.375699043273926,19.18000030517578,19.209999084472656,18.75,18.790000915527344,34351000
2006-11-14,15.36768627166748,19.170000076293945,19.219999313354492,18.920000076293945,19.170000076293945,33725800
2006-11-15,15.327603340148926,19.1200008392334,19.270000457763672,19.06999969482422,19.1299991607666,19244400
2006-11-16,15.311568260192871,19.100000381469727,19.200000762939453,18.889999389648438,19.15999984741211,22138000
2006-11-17,15.600159645080566,19.459999084472656,19.469999313354492,18.979999542236328,19.0,34515900
2006-11-20,15.616203308105469,19.479999542236328,19.579999923706055,19.31999969482422,19.329999923706055,24461400
2006-11-21,15.616203308105469,19.479999542236328,19.489999771118164,19.219999313354492,19.459999084472656,20572900
2006-11-22,15.760493278503418,19.65999984741211,19.75,19.479999542236328,19.489999771118164,22510700
2006-11-24,15.712394714355469,19.600000381469727,19.729999542236328,19.3799991607666,19.459999084472656,7998500
2006-11-27,15.167264938354492,18.920000076293945,19.549999237060547,18.829999923706055,19.479999542236328,36667400
2006-11-28,15.151239395141602,18.899999618530273,19.030000686645508,18.719999313354492,18.780000686645508,38242400
2006-11-29,15.351655006408691,19.149999618530273,19.34000015258789,18.90999984741211,19.040000915527344,23085400
2006-11-30,15.271489143371582,19.049999237060547,19.309999465942383,19.030000686645508,19.1299991607666,32049500
2006-12-01,15.079092979431152,18.809999465942383,19.110000610351562,18.6299991607666,19.110000610351562,35175500
2006-12-04,15.455865859985352,19.280000686645508,19.34000015258789,18.75,18.8799991607666,47472800
2006-12-05,15.119180679321289,18.860000610351562,19.329999923706055,18.780000686645508,19.31999969482422,54935000
2006-12-06,14.333552360534668,17.8799991607666,18.420000076293945,17.780000686645508,18.389999389648438,94937400
2006-12-07,14.028923988342285,17.5,17.700000762939453,17.31999969482422,17.6200008392334,93141200
2006-12-08,14.26942253112793,17.799999237060547,17.8799991607666,17.530000686645508,17.59000015258789,37639100
2006-12-11,14.485872268676758,18.06999969482422,18.25,17.709999084472656,17.770000457763672,43930100
2006-12-12,14.421733856201172,17.989999771118164,18.219999313354492,17.829999923706055,18.209999084472656,41589600
2006-12-13,14.445783615112305,18.020000457763672,18.25,17.8799991607666,18.219999313354492,33991300
2006-12-14,14.445783615112305,18.020000457763672,18.25,17.940000534057617,18.06999969482422,26996600
2006-12-15,14.173222541809082,17.68000030517578,18.030000686645508,17.59000015258789,18.010000228881836,70448500
2006-12-18,14.357598304748535,17.90999984741211,18.170000076293945,17.649999618530273,17.8700008392334,58188500
2006-12-19,13.708269119262695,17.100000381469727,17.260000228881836,16.93000030517578,17.149999618530273,102097500
2006-12-20,13.708269119262695,17.100000381469727,17.219999313354492,17.030000686645508,17.09000015258789,48725300
2006-12-21,13.708269119262695,17.100000381469727,17.200000762939453,17.09000015258789,17.139999389648438,34704400
2006-12-22,13.716280937194824,17.110000610351562,17.25,17.049999237060547,17.110000610351562,19736700
2006-12-26,13.732320785522461,17.1299991607666,17.25,16.989999771118164,17.020000457763672,15053500
2006-12-27,13.708269119262695,17.100000381469727,17.239999771118164,17.06999969482422,17.229999542236328,16546600
2006-12-28,13.788429260253906,17.200000762939453,17.25,17.040000915527344,17.1299991607666,20485400
2006-12-29,13.74032974243164,17.139999389648438,17.3799991607666,17.079999923706055,17.110000610351562,23592900
2007-01-03,14.036946296691895,17.510000228881836,17.780000686645508,17.100000381469727,17.219999313354492,52241700
2007-01-04,14.173222541809082,17.68000030517578,17.8700008392334,17.299999237060547,17.549999237060547,33559800
2007-01-05,14.141161918640137,17.639999389648438,17.760000228881836,17.440000534057617,17.6200008392334,36154800
2007-01-08,14.317529678344727,17.860000610351562,17.93000030517578,17.450000762939453,17.6299991607666,31018100
2007-01-09,14.285451889038086,17.81999969482422,17.979999542236328,17.649999618530273,17.93000030517578,31417000
2007-01-10,14.245370864868164,17.770000457763672,17.799999237060547,17.549999237060547,17.65999984741211,27822400
2007-01-11,13.940743446350098,17.389999389648438,17.809999465942383,17.350000381469727,17.790000915527344,65380200
2007-01-12,14.028923988342285,17.5,17.549999237060547,17.280000686645508,17.350000381469727,42526400
2007-01-16,13.868597984313965,17.299999237060547,17.479999542236328,17.260000228881836,17.389999389648438,35736000
2007-01-17,14.044964790344238,17.520000457763672,17.709999084472656,17.280000686645508,17.290000915527344,31417600
2007-01-18,13.724294662475586,17.1200008392334,17.520000457763672,17.100000381469727,17.479999542236328,61438500
2007-01-19,13.8445463180542,17.270000457763672,17.450000762939453,17.010000228881836,17.059999465942383,28871700
2007-01-22,13.62810230255127,17.0,17.809999465942383,16.770000457763672,17.25,52768300
2007-01-23,13.724294662475586,17.1200008392334,17.309999465942383,17.010000228881836,17.010000228881836,33062000
2007-01-24,13.74032974243164,17.139999389648438,17.290000915527344,17.09000015258789,17.110000610351562,31268600
2007-01-25,13.612067222595215,16.979999542236328,17.219999313354492,16.93000030517578,17.1299991607666,35851900
2007-01-26,13.74835205078125,17.149999618530273,17.299999237060547,17.030000686645508,17.040000915527344,36013400
2007-01-29,13.8445463180542,17.270000457763672,17.299999237060547,17.030000686645508,17.09000015258789,33492500
2007-01-30,13.756362915039062,17.15999984741211,17.5,17.09000015258789,17.31999969482422,42647400
2007-01-31,13.756362915039062,17.15999984741211,17.200000762939453,16.799999237060547,17.110000610351562,39756700
2007-02-01,13.66817855834961,17.049999237060547,17.34000015258789,17.030000686645508,17.219999313354492,29262300
2007-02-02,13.964795112609863,17.420000076293945,17.440000534057617,17.110000610351562,17.139999389648438,41177800
2007-02-05,13.756362915039062,17.15999984741211,17.43000030517578,17.079999923706055,17.350000381469727,28521100
2007-02-06,13.644126892089844,17.020000457763672,17.190000534057617,16.860000610351562,17.1299991607666,31442200
2007-02-07,13.555950164794922,16.90999984741211,17.1200008392334,16.850000381469727,17.1200008392334,45225900
2007-02-08,13.395620346069336,16.709999084472656,16.920000076293945,16.65999984741211,16.8700008392334,45789500
2007-02-09,13.387605667114258,16.700000762939453,16.940000534057617,16.540000915527344,16.790000915527344,41419200
2007-02-12,13.347519874572754,16.649999618530273,16.709999084472656,16.510000228881836,16.649999618530273,31935900
2007-02-13,13.32347297668457,16.6200008392334,16.709999084472656,16.530000686645508,16.709999084472656,28212500
2007-02-14,13.443718910217285,16.770000457763672,16.940000534057617,16.68000030517578,16.739999771118164,42296700
2007-02-15,13.555950164794922,16.90999984741211,16.920000076293945,16.68000030517578,16.84000015258789,33887400
2007-02-16,13.387605667114258,16.700000762939453,16.979999542236328,16.700000762939453,16.889999389648438,34121000
2007-02-20,13.612067222595215,16.979999542236328,16.979999542236328,16.56999969482422,16.690000534057617,31925200
2007-02-21,13.788429260253906,17.200000762939453,17.280000686645508,16.950000762939453,16.969999313354492,50679300
2007-02-22,13.8445463180542,17.270000457763672,17.299999237060547,17.010000228881836,17.260000228881836,32971700
2007-02-23,13.483802795410156,16.81999969482422,17.260000228881836,16.709999084472656,17.239999771118164,54223900
2007-02-26,13.483802795410156,16.81999969482422,17.020000457763672,16.0,16.90999984741211,32784400
2007-02-27,13.05892562866211,16.290000915527344,16.799999237060547,16.290000915527344,16.649999618530273,39847100
2007-02-28,13.171154022216797,16.43000030517578,16.84000015258789,16.309999465942383,16.3700008392334,47578000
2007-03-01,13.443718910217285,16.770000457763672,17.040000915527344,15.970000267028809,16.110000610351562,81590400
2007-03-02,13.395620346069336,16.709999084472656,16.889999389648438,16.530000686645508,16.6299991607666,37306400
2007-03-05,13.123062133789062,16.3700008392334,17.0,16.34000015258789,16.520000457763672,34056700
2007-03-06,13.531899452209473,16.8799991607666,16.920000076293945,16.489999771118164,16.520000457763672,38263800
2007-03-07,13.219254493713379,16.489999771118164,16.850000381469727,16.459999084472656,16.770000457763672,30652900
2007-03-08,13.379586219787598,16.690000534057617,16.920000076293945,16.6299991607666,16.700000762939453,30462200
2007-03-09,13.331488609313965,16.6299991607666,16.950000762939453,16.56999969482422,16.809999465942383,24208200
2007-03-12,13.684216499328613,17.06999969482422,17.09000015258789,16.600000381469727,16.610000610351562,30612500
2007-03-13,13.347519874572754,16.649999618530273,17.209999084472656,16.649999618530273,16.93000030517578,31390600
2007-03-14,13.531899452209473,16.8799991607666,16.940000534057617,16.65999984741211,16.739999771118164,33735600
2007-03-15,13.40363597869873,16.719999313354492,16.940000534057617,16.649999618530273,16.850000381469727,24015100
2007-03-16,13.387605667114258,16.700000762939453,16.850000381469727,16.6200008392334,16.709999084472656,34226000
2007-03-19,13.772392272949219,17.18000030517578,17.229999542236328,16.829999923706055,16.829999923706055,29509600
2007-03-20,14.069009780883789,17.549999237060547,17.700000762939453,17.139999389648438,17.25,65763900
2007-03-21,14.566031455993652,18.170000076293945,18.389999389648438,17.780000686645508,18.309999465942383,95212000
2007-03-22,14.82256031036377,18.489999771118164,18.549999237060547,17.950000762939453,18.010000228881836,49522300
2007-03-23,14.622148513793945,18.239999771118164,18.59000015258789,18.18000030517578,18.459999084472656,34168200
2007-03-26,14.74239444732666,18.389999389648438,18.43000030517578,18.020000457763672,18.219999313354492,50457200
2007-03-27,14.82256031036377,18.489999771118164,18.5,18.350000381469727,18.350000381469727,33079800
2007-03-28,14.566031455993652,18.170000076293945,18.5,18.149999618530273,18.34000015258789,33674900
2007-03-29,14.55802059173584,18.15999984741211,18.329999923706055,17.950000762939453,18.329999923706055,28826400
2007-03-30,14.533967018127441,18.1299991607666,18.270000457763672,17.889999389648438,18.18000030517578,20829000
2007-04-02,14.541985511779785,18.139999389648438,18.18000030517578,17.989999771118164,18.079999923706055,20713000
2007-04-03,14.718345642089844,18.360000610351562,18.469999313354492,18.170000076293945,18.229999542236328,32084400
2007-04-04,14.878679275512695,18.559999465942383,18.56999969482422,18.329999923706055,18.350000381469727,23413200
2007-04-05,14.966859817504883,18.670000076293945,18.670000076293945,18.389999389648438,18.5,21896000
2007-04-09,14.886697769165039,18.56999969482422,18.700000762939453,18.540000915527344,18.65999984741211,19737500
2007-04-10,15.111161231994629,18.850000381469727,18.8799991607666,18.68000030517578,18.780000686645508,24388700
2007-04-11,14.902728080749512,18.59000015258789,18.90999984741211,18.459999084472656,18.899999618530273,29857300
2007-04-12,14.990911483764648,18.700000762939453,18.709999084472656,18.440000534057617,18.56999969482422,22695500
2007-04-13,14.934796333312988,18.6299991607666,18.850000381469727,18.459999084472656,18.790000915527344,32228500
2007-04-16,15.151239395141602,18.899999618530273,18.950000762939453,18.65999984741211,18.68000030517578,26629500
2007-04-17,15.143218040466309,18.889999389648438,19.0,18.799999237060547,18.799999237060547,26270500
2007-04-18,15.014955520629883,18.729999542236328,18.8799991607666,18.700000762939453,18.799999237060547,31580800
2007-04-19,15.0389986038208,18.760000228881836,18.850000381469727,18.549999237060547,18.549999237060547,31511200
2007-04-20,15.231407165527344,19.0,19.059999465942383,18.81999969482422,18.979999542236328,37574200
2007-04-23,15.183305740356445,18.940000534057617,19.09000015258789,18.899999618530273,18.969999313354492,24752500
2007-04-24,15.087105751037598,18.81999969482422,19.049999237060547,18.75,19.040000915527344,21191800
2007-04-25,15.151239395141602,18.899999618530273,18.989999771118164,18.700000762939453,18.889999389648438,24759100
2007-04-26,15.191325187683105,18.950000762939453,19.0,18.760000228881836,18.770000457763672,16645600
2007-04-27,15.311568260192871,19.100000381469727,19.290000915527344,18.8799991607666,18.959999084472656,25063000
2007-04-30,15.07107162475586,18.799999237060547,19.149999618530273,18.799999237060547,19.100000381469727,27161900
2007-05-01,14.902728080749512,18.59000015258789,18.81999969482422,18.549999237060547,18.75,33335900
2007-05-02,15.119180679321289,18.860000610351562,18.979999542236328,18.610000610351562,18.690000534057617,22342300
2007-05-03,15.247442245483398,19.020000457763672,19.040000915527344,18.799999237060547,18.90999984741211,18260900
2007-05-04,15.255450248718262,19.030000686645508,19.049999237060547,18.770000457763672,19.040000915527344,24433600
2007-05-07,15.271489143371582,19.049999237060547,19.149999618530273,18.989999771118164,19.020000457763672,16307300
2007-05-08,15.191325187683105,18.950000762939453,19.040000915527344,18.8799991607666,18.93000030517578,17168600
2007-05-09,15.09512710571289,18.829999923706055,18.90999984741211,18.56999969482422,18.90999984741211,22497800
2007-05-10,14.82256031036377,18.489999771118164,18.90999984741211,18.479999542236328,18.690000534057617,30821500
2007-05-11,15.215373992919922,18.979999542236328,19.040000915527344,18.520000457763672,18.600000381469727,30915000
2007-05-14,15.183305740356445,18.940000534057617,19.079999923706055,18.770000457763672,18.940000534057617,17521100
2007-05-15,15.103142738342285,18.84000015258789,19.170000076293945,18.829999923706055,18.889999389648438,23631300
2007-05-16,15.22339153289795,18.989999771118164,18.989999771118164,18.649999618530273,18.860000610351562,24453400
2007-05-17,15.271489143371582,19.049999237060547,19.110000610351562,18.809999465942383,18.860000610351562,21129600
2007-05-18,15.431821823120117,19.25,19.25,19.010000228881836,19.06999969482422,25941800
2007-05-21,15.487929344177246,19.31999969482422,19.31999969482422,19.110000610351562,19.200000762939453,18449000
2007-05-22,15.5280122756958,19.3700008392334,19.459999084472656,19.200000762939453,19.389999389648438,22231100
2007-05-23,15.359675407409668,19.15999984741211,19.469999313354492,19.149999618530273,19.3799991607666,23079900
2007-05-24,15.030993461608887,18.75,19.290000915527344,18.670000076293945,19.139999389648438,33424600
2007-05-25,15.423803329467773,19.239999771118164,19.299999237060547,18.84000015258789,18.889999389648438,24639600
2007-05-29,15.47990894317627,19.309999465942383,19.489999771118164,19.190000534057617,19.290000915527344,27015400
2007-05-30,15.568097114562988,19.420000076293945,19.420000076293945,19.110000610351562,19.25,28823700
2007-05-31,15.536039352416992,19.3799991607666,19.600000381469727,19.260000228881836,19.389999389648438,32588100
2007-06-01,15.760493278503418,19.65999984741211,19.700000762939453,19.3799991607666,19.450000762939453,25854400
2007-06-04,15.768514633178711,19.670000076293945,19.690000534057617,19.389999389648438,19.549999237060547,21916500
2007-06-05,15.616203308105469,19.479999542236328,19.639999389648438,19.329999923706055,19.600000381469727,26304900
2007-06-06,15.511975288391113,19.350000381469727,19.399999618530273,19.110000610351562,19.3700008392334,31111800
2007-06-07,15.014955520629883,18.729999542236328,19.350000381469727,18.729999542236328,19.149999618530273,39857800
2007-06-08,15.279511451721191,19.059999465942383,19.100000381469727,18.729999542236328,18.729999542236328,35495100
2007-06-11,15.39975357055664,19.209999084472656,19.31999969482422,18.899999618530273,18.93000030517578,24997700
2007-06-12,15.103142738342285,18.84000015258789,19.3700008392334,18.809999465942383,19.209999084472656,33775600
2007-06-13,15.471896171569824,19.299999237060547,19.299999237060547,18.719999313354492,18.8700008392334,29790400
2007-06-14,15.744458198547363,19.639999389648438,19.690000534057617,19.489999771118164,19.549999237060547,41226700
2007-06-15,15.920827865600586,19.860000610351562,19.950000762939453,19.75,19.90999984741211,40671500
2007-06-18,15.864713668823242,19.790000915527344,19.940000534057617,19.6200008392334,19.920000076293945,36639100
2007-06-19,15.936861038208008,19.8799991607666,19.940000534057617,19.6299991607666,19.790000915527344,24366900
2007-06-20,15.656277656555176,19.530000686645508,19.959999084472656,19.520000457763672,19.959999084472656,34945000
2007-06-21,15.776534080505371,19.68000030517578,19.729999542236328,19.459999084472656,19.56999969482422,27977300
2007-06-22,15.544054985046387,19.389999389648438,19.649999618530273,19.389999389648438,19.600000381469727,39685600
2007-06-25,15.616203308105469,19.479999542236328,19.65999984741211,19.209999084472656,19.450000762939453,28377000
2007-06-26,15.359675407409668,19.15999984741211,19.68000030517578,19.020000457763672,19.6200008392334,49101000
2007-06-27,15.7845458984375,19.690000534057617,19.770000457763672,19.270000457763672,19.31999969482422,76122400
2007-06-28,15.912810325622559,19.850000381469727,20.059999465942383,19.610000610351562,19.6200008392334,46529500
2007-06-29,15.800575256347656,19.709999084472656,20.020000457763672,19.540000915527344,19.950000762939453,31480800
2007-07-02,15.968931198120117,19.920000076293945,19.989999771118164,19.719999313354492,19.8799991607666,23759900
2007-07-03,16.089181900024414,20.06999969482422,20.06999969482422,19.899999618530273,19.969999313354492,18749800
2007-07-05,16.425874710083008,20.489999771118164,20.5,19.959999084472656,20.059999465942383,36504600
2007-07-06,16.35371971130371,20.399999618530273,20.489999771118164,20.25,20.450000762939453,26765700
2007-07-09,16.161333084106445,20.15999984741211,20.239999771118164,20.06999969482422,20.239999771118164,27335100
2007-07-10,15.80859661102295,19.719999313354492,20.149999618530273,19.700000762939453,20.010000228881836,29259100
2007-07-11,16.017017364501953,19.979999542236328,20.0,19.719999313354492,19.770000457763672,29842800
2007-07-12,16.43388557434082,20.5,20.510000228881836,19.969999313354492,20.049999237060547,36005900
2007-07-13,16.35371971130371,20.399999618530273,20.5,20.25,20.5,23160700
2007-07-16,16.193391799926758,20.200000762939453,20.469999313354492,20.170000076293945,20.290000915527344,19827000
2007-07-17,16.337684631347656,20.3799991607666,20.469999313354492,20.209999084472656,20.25,21767500
2007-07-18,16.361730575561523,20.40999984741211,20.420000076293945,20.15999984741211,20.200000762939453,30676900
2007-07-19,16.51404571533203,20.600000381469727,20.719999313354492,20.520000457763672,20.559999465942383,29326400
2007-07-20,16.52206039428711,20.610000610351562,20.940000534057617,20.3799991607666,20.889999389648438,43965400
2007-07-23,16.658349990844727,20.780000686645508,20.90999984741211,20.639999389648438,20.809999465942383,29403500
2007-07-24,16.54611587524414,20.639999389648438,20.979999542236328,20.530000686645508,20.780000686645508,39526500
2007-07-25,16.498016357421875,20.579999923706055,20.739999771118164,20.399999618530273,20.700000762939453,31017700
2007-07-26,16.04108238220215,20.010000228881836,20.459999084472656,19.739999771118164,20.209999084472656,41746500
2007-07-27,15.728425979614258,19.6200008392334,20.219999313354492,19.600000381469727,20.0,32531300
2007-07-30,15.696361541748047,19.579999923706055,19.670000076293945,19.34000015258789,19.559999465942383,21879400
2007-07-31,15.327603340148926,19.1200008392334,19.81999969482422,19.110000610351562,19.790000915527344,35952300
2007-08-01,15.864713668823242,19.790000915527344,19.81999969482422,18.829999923706055,18.93000030517578,54801800
2007-08-02,16.105209350585938,20.09000015258789,20.209999084472656,19.670000076293945,19.760000228881836,31437400
2007-08-03,15.760493278503418,19.65999984741211,20.190000534057617,19.65999984741211,20.09000015258789,35123900
2007-08-06,16.097192764282227,20.079999923706055,20.100000381469727,19.729999542236328,19.81999969482422,29746300
2007-08-07,15.776534080505371,19.68000030517578,20.079999923706055,19.5,19.860000610351562,34504100
2007-08-08,16.193391799926758,20.200000762939453,20.209999084472656,19.799999237060547,19.959999084472656,26724900
2007-08-09,16.105209350585938,20.09000015258789,20.299999237060547,19.8700008392334,19.940000534057617,33581200
2007-08-10,16.025049209594727,19.989999771118164,20.25,19.670000076293945,19.75,36769100
2007-08-13,15.80859661102295,19.719999313354492,19.959999084472656,19.649999618530273,19.93000030517578,22088400
2007-08-14,15.511975288391113,19.350000381469727,19.809999465942383,19.31999969482422,19.799999237060547,22266300
2007-08-15,15.375699043273926,19.18000030517578,19.709999084472656,19.1299991607666,19.25,27172500
2007-08-16,15.343631744384766,19.139999389648438,19.479999542236328,18.809999465942383,19.110000610351562,42493800
2007-08-17,15.511975288391113,19.350000381469727,19.549999237060547,19.010000228881836,19.309999465942383,36236800
2007-08-20,15.319586753845215,19.110000610351562,19.40999984741211,18.950000762939453,19.25,23960800
2007-08-21,15.447853088378906,19.270000457763672,19.34000015258789,18.959999084472656,18.959999084472656,23766700
2007-08-22,15.487929344177246,19.31999969482422,19.420000076293945,19.06999969482422,19.389999389648438,23664200
2007-08-23,15.5280122756958,19.3700008392334,19.690000534057617,19.219999313354492,19.3799991607666,31203800
2007-08-24,15.984963417053223,19.940000534057617,19.969999313354492,19.299999237060547,19.299999237060547,26753000
2007-08-27,15.920827865600586,19.860000610351562,20.020000457763672,19.75,19.950000762939453,18113200
2007-08-28,15.520001411437988,19.360000610351562,19.860000610351562,19.329999923706055,19.799999237060547,21875400
2007-08-29,16.13727378845215,20.1299991607666,20.149999618530273,19.3700008392334,19.40999984741211,30989600
2007-08-30,16.20140266418457,20.209999084472656,20.420000076293945,19.809999465942383,19.959999084472656,30459800
2007-08-31,16.257522583007812,20.280000686645508,20.479999542236328,20.149999618530273,20.43000030517578,24050700
2007-09-04,16.610252380371094,20.719999313354492,20.8799991607666,20.200000762939453,20.239999771118164,36903900
2007-09-05,16.61826515197754,20.729999542236328,20.850000381469727,20.459999084472656,20.489999771118164,30545000
2007-09-06,16.465951919555664,20.540000915527344,20.739999771118164,20.329999923706055,20.719999313354492,26360100
2007-09-07,16.161333084106445,20.15999984741211,20.399999618530273,19.969999313354492,20.219999313354492,29191800
2007-09-10,16.16933822631836,20.170000076293945,20.459999084472656,19.979999542236328,20.34000015258789,25314200
2007-09-11,16.401819229125977,20.459999084472656,20.520000457763672,20.149999618530273,20.229999542236328,20869100
2007-09-12,16.465951919555664,20.540000915527344,20.6200008392334,20.299999237060547,20.350000381469727,30815500
2007-09-13,16.393796920776367,20.450000762939453,20.700000762939453,20.34000015258789,20.700000762939453,24506800
2007-09-14,16.089181900024414,20.06999969482422,20.420000076293945,20.010000228881836,20.389999389648438,35461300
2007-09-17,16.049089431762695,20.020000457763672,20.229999542236328,19.8799991607666,19.959999084472656,23329200
2007-09-18,16.61826515197754,20.729999542236328,20.729999542236328,20.049999237060547,20.079999923706055,28759700
2007-09-19,16.70644187927246,20.84000015258789,21.1299991607666,20.610000610351562,20.940000534057617,46209900
2007-09-20,16.86678123474121,21.040000915527344,21.309999465942383,20.6299991607666,20.81999969482422,56499400
2007-09-21,17.620325088500977,21.979999542236328,22.170000076293945,21.040000915527344,21.56999969482422,95941900
2007-09-24,17.468013763427734,21.790000915527344,22.1200008392334,21.549999237060547,22.0,37448700
2007-09-25,17.588268280029297,21.940000534057617,21.979999542236328,21.5,21.6200008392334,30826800
2007-09-26,17.451988220214844,21.770000457763672,22.020000457763672,21.5,22.010000228881836,32477400
2007-09-27,17.339750289916992,21.6299991607666,21.8799991607666,21.530000686645508,21.84000015258789,21078400
2007-09-28,17.355789184570312,21.649999618530273,21.829999923706055,21.559999465942383,21.65999984741211,20381400
2007-10-01,17.6123104095459,21.969999313354492,21.989999771118164,21.610000610351562,21.639999389648438,23641200
2007-10-02,17.5161190032959,21.850000381469727,21.979999542236328,21.709999084472656,21.979999542236328,24202300
2007-10-03,17.29165267944336,21.56999969482422,21.8799991607666,21.450000762939453,21.790000915527344,25149500
2007-10-04,17.44396209716797,21.760000228881836,21.790000915527344,21.510000228881836,21.649999618530273,18636800
2007-10-05,17.780668258666992,22.18000030517578,22.31999969482422,21.809999465942383,21.860000610351562,31341400
2007-10-08,18.04520606994629,22.510000228881836,22.549999237060547,22.030000686645508,22.049999237060547,23281300
2007-10-09,18.1013240814209,22.579999923706055,22.68000030517578,22.360000610351562,22.540000915527344,24543300
2007-10-10,18.373886108398438,22.920000076293945,22.950000762939453,22.530000686645508,22.59000015258789,32204900
2007-10-11,18.005115509033203,22.459999084472656,23.0,22.389999389648438,22.950000762939453,35055400
2007-10-12,17.989086151123047,22.440000534057617,22.649999618530273,22.110000610351562,22.399999618530273,39710600
2007-10-15,17.692487716674805,22.06999969482422,22.579999923706055,21.81999969482422,22.549999237060547,34244900
2007-10-16,17.435949325561523,21.75,22.059999465942383,21.709999084472656,22.0,31324300
2007-10-17,17.227514266967773,21.489999771118164,21.950000762939453,21.139999389648438,21.950000762939453,42188200
2007-10-18,17.17942237854004,21.43000030517578,21.579999923706055,21.110000610351562,21.489999771118164,32349900
2007-10-19,16.63430404663086,20.75,21.469999313354492,20.670000076293945,21.43000030517578,40513300
2007-10-22,16.995052337646484,21.200000762939453,21.34000015258789,20.510000228881836,20.600000381469727,31102900
2007-10-23,17.19545555114746,21.450000762939453,21.489999771118164,21.1200008392334,21.399999618530273,30083700
2007-10-24,16.979001998901367,21.18000030517578,21.350000381469727,20.850000381469727,21.260000228881836,31753500
2007-10-25,16.834707260131836,21.0,21.450000762939453,20.780000686645508,21.329999923706055,40656800
2007-10-26,17.115283966064453,21.350000381469727,21.350000381469727,20.989999771118164,21.31999969482422,31368700
2007-10-29,17.451988220214844,21.770000457763672,21.81999969482422,21.299999237060547,21.489999771118164,29398500
2007-10-30,17.339750289916992,21.6299991607666,21.739999771118164,21.479999542236328,21.649999618530273,25714700
2007-10-31,17.77265167236328,22.170000076293945,22.239999771118164,21.6299991607666,21.639999389648438,31540300
2007-11-01,17.44396209716797,21.760000228881836,22.190000534057617,21.75,22.0,34306900
2007-11-02,17.660409927368164,22.030000686645508,22.100000381469727,21.68000030517578,21.809999465942383,30857000
2007-11-05,17.692487716674805,22.06999969482422,22.209999084472656,21.760000228881836,21.829999923706055,26496300
2007-11-06,18.30173683166504,22.829999923706055,22.889999389648438,22.34000015258789,22.530000686645508,34111500
2007-11-07,17.71652603149414,22.100000381469727,22.690000534057617,22.06999969482422,22.5,38119400
2007-11-08,16.313644409179688,20.350000381469727,22.049999237060547,19.81999969482422,21.899999618530273,94813800
2007-11-09,15.520001411437988,19.360000610351562,20.06999969482422,19.31999969482422,19.93000030517578,77224300
2007-11-12,15.584128379821777,19.440000534057617,19.920000076293945,19.059999465942383,19.25,55312900
2007-11-13,16.449913024902344,20.520000457763672,20.530000686645508,19.440000534057617,19.799999237060547,48238200
2007-11-14,16.17735481262207,20.18000030517578,20.93000030517578,19.989999771118164,20.829999923706055,47248500
2007-11-15,16.369749069213867,20.420000076293945,20.6200008392334,19.719999313354492,19.920000076293945,54927000
2007-11-16,16.674373626708984,20.799999237060547,21.059999465942383,20.190000534057617,20.420000076293945,44728400
2007-11-19,16.45793914794922,20.530000686645508,20.8799991607666,20.31999969482422,20.649999618530273,29048500
2007-11-20,16.586204528808594,20.690000534057617,20.940000534057617,20.229999542236328,20.440000534057617,34611400
2007-11-21,16.20140266418457,20.209999084472656,20.6299991607666,20.020000457763672,20.25,29401200
2007-11-23,16.281578063964844,20.309999465942383,20.43000030517578,20.059999465942383,20.239999771118164,11207000
2007-11-26,15.792564392089844,19.700000762939453,20.5,19.690000534057617,20.3799991607666,26680800
2007-11-27,15.944869041442871,19.889999389648438,20.18000030517578,19.5,19.75,33108300
2007-11-28,16.44189453125,20.510000228881836,20.6200008392334,20.010000228881836,20.079999923706055,28537700
2007-11-29,16.417850494384766,20.479999542236328,20.690000534057617,20.309999465942383,20.479999542236328,25080700
2007-11-30,16.17735481262207,20.18000030517578,20.780000686645508,19.780000686645508,20.780000686645508,47957900
2007-12-03,16.225452423095703,20.239999771118164,20.459999084472656,20.100000381469727,20.229999542236328,36709300
2007-12-04,16.057106018066406,20.030000686645508,20.190000534057617,19.68000030517578,19.75,33425000
2007-12-05,17.011062622070312,21.219999313354492,21.459999084472656,20.190000534057617,20.219999313354492,56410100
2007-12-06,17.17141342163086,21.420000076293945,21.450000762939453,20.940000534057617,21.100000381469727,29484300
2007-12-07,16.946941375732422,21.139999389648438,21.540000915527344,21.059999465942383,21.5,24556300
2007-12-10,17.347776412963867,21.639999389648438,21.690000534057617,21.229999542236328,21.290000915527344,25332600
2007-12-11,16.89082908630371,21.06999969482422,21.700000762939453,21.010000228881836,21.700000762939453,30365600
2007-12-12,17.13132667541504,21.3700008392334,21.809999465942383,21.059999465942383,21.40999984741211,39807900
2007-12-13,17.32372283935547,21.610000610351562,21.770000457763672,21.260000228881836,21.34000015258789,30334600
2007-12-14,16.995052337646484,21.200000762939453,21.440000534057617,21.1200008392334,21.360000610351562,26260100
2007-12-17,16.78661346435547,20.940000534057617,21.15999984741211,20.81999969482422,21.149999618530273,36971900
2007-12-18,17.035120010375977,21.25,21.260000228881836,20.6200008392334,21.09000015258789,38884600
2007-12-19,16.642314910888672,20.760000228881836,21.399999618530273,20.559999465942383,21.329999923706055,68576400
2007-12-20,17.71652603149414,22.100000381469727,22.5,22.040000915527344,22.43000030517578,78506700
2007-12-21,18.205537796020508,22.709999084472656,22.760000228881836,22.25,22.299999237060547,58166900
2007-12-24,18.24561309814453,22.760000228881836,22.799999237060547,22.420000076293945,22.639999389648438,15394700
2007-12-26,18.438018798828125,23.0,23.0,22.549999237060547,22.559999465942383,24286900
2007-12-27,18.4700870513916,23.040000915527344,23.309999465942383,22.90999984741211,23.049999237060547,34093100
2007-12-28,18.413969039916992,22.969999313354492,23.290000915527344,22.899999618530273,23.110000610351562,21955900
2007-12-31,18.1013240814209,22.579999923706055,22.959999084472656,22.5,22.690000534057617,20004400
2008-01-02,18.02916717529297,22.489999771118164,22.81999969482422,22.3799991607666,22.549999237060547,42775700
2008-01-03,18.52618980407715,23.110000610351562,23.110000610351562,22.43000030517578,22.43000030517578,42045400
2008-01-04,17.660409927368164,22.030000686645508,22.8799991607666,21.790000915527344,22.770000457763672,44738600
2008-01-07,17.83677864074707,22.25,22.479999542236328,21.790000915527344,21.959999084472656,40045600
2008-01-08,16.954954147338867,21.149999618530273,22.31999969482422,21.139999389648438,22.239999771118164,43551600
2008-01-09,17.32372283935547,21.610000610351562,21.690000534057617,21.149999618530273,21.34000015258789,47973000
2008-01-10,17.37982940673828,21.68000030517578,21.799999237060547,21.06999969482422,21.459999084472656,42107400
2008-01-11,16.914878845214844,21.100000381469727,21.690000534057617,21.059999465942383,21.530000686645508,46251400
2008-01-14,17.684463500976562,22.059999465942383,22.1200008392334,21.100000381469727,21.440000534057617,48826100
2008-01-15,17.083227157592773,21.309999465942383,22.049999237060547,21.299999237060547,21.760000228881836,39579500
2008-01-16,17.572229385375977,21.920000076293945,22.329999923706055,20.850000381469727,21.030000686645508,76869400
2008-01-17,17.163387298583984,21.40999984741211,21.950000762939453,21.299999237060547,21.899999618530273,52783800
2008-01-18,17.299671173095703,21.579999923706055,21.829999923706055,21.170000076293945,21.350000381469727,51486500
2008-01-22,16.20941925048828,20.219999313354492,20.790000915527344,19.68000030517578,20.280000686645508,66962800
2008-01-23,16.52206039428711,20.610000610351562,20.68000030517578,19.520000457763672,19.579999923706055,56349500
2008-01-24,16.52206039428711,20.610000610351562,20.969999313354492,20.149999618530273,20.600000381469727,43764900
2008-01-25,16.257522583007812,20.280000686645508,21.079999923706055,20.219999313354492,21.0,42303500
2008-01-28,16.241483688354492,20.260000228881836,20.399999618530273,20.010000228881836,20.1299991607666,29189600
2008-01-29,16.089181900024414,20.06999969482422,20.280000686645508,19.690000534057617,20.229999542236328,35571800
2008-01-30,16.2495059967041,20.270000457763672,20.600000381469727,19.809999465942383,20.020000457763672,42369000
2008-01-31,16.473968505859375,20.549999237060547,20.729999542236328,19.8799991607666,19.950000762939453,52510400
2008-02-01,16.578182220458984,20.68000030517578,20.780000686645508,20.219999313354492,20.780000686645508,41937100
2008-02-04,16.193391799926758,20.200000762939453,20.68000030517578,20.149999618530273,20.68000030517578,26668700
2008-02-05,15.439837455749512,19.260000228881836,19.8799991607666,19.209999084472656,19.780000686645508,55269500
2008-02-06,15.776534080505371,19.68000030517578,20.09000015258789,19.399999618530273,19.540000915527344,50356200
2008-02-07,15.391735076904297,19.200000762939453,19.600000381469727,19.030000686645508,19.260000228881836,59196500
2008-02-08,15.383718490600586,19.190000534057617,19.389999389648438,18.940000534057617,19.15999984741211,38131800
2008-02-11,15.584128379821777,19.440000534057617,19.56999969482422,19.170000076293945,19.209999084472656,44115100
2008-02-12,15.560084342956543,19.40999984741211,19.889999389648438,19.299999237060547,19.549999237060547,36472700
2008-02-13,15.760493278503418,19.65999984741211,19.93000030517578,19.459999084472656,19.700000762939453,33598000
2008-02-14,15.303556442260742,19.09000015258789,19.719999313354492,19.0,19.649999618530273,36483300
2008-02-15,15.303556442260742,19.09000015258789,19.219999313354492,18.940000534057617,19.020000457763672,25070700
2008-02-19,15.247442245483398,19.020000457763672,19.399999618530273,18.989999771118164,19.309999465942383,34260000
2008-02-20,15.5761137008667,19.43000030517578,19.5,18.979999542236328,19.020000457763672,36662000
2008-02-21,15.143218040466309,18.889999389648438,19.600000381469727,18.809999465942383,19.489999771118164,55583400
2008-02-22,15.151239395141602,18.899999618530273,19.020000457763672,18.18000030517578,18.93000030517578,61623500
2008-02-25,15.207351684570312,18.969999313354492,19.1200008392334,18.610000610351562,18.850000381469727,56319700
2008-02-26,15.39975357055664,19.209999084472656,19.350000381469727,18.8700008392334,18.899999618530273,48428800
2008-02-27,15.383718490600586,19.190000534057617,19.450000762939453,18.809999465942383,19.1200008392334,37850700
2008-02-28,15.560084342956543,19.40999984741211,19.600000381469727,18.920000076293945,19.100000381469727,42274100
2008-02-29,15.07107162475586,18.799999237060547,19.190000534057617,18.729999542236328,19.18000030517578,43803100
2008-03-03,15.191325187683105,18.950000762939453,19.18000030517578,18.65999984741211,18.760000228881836,41836600
2008-03-04,14.782478332519531,18.440000534057617,18.979999542236328,18.200000762939453,18.81999969482422,71509100
2008-03-05,15.07107162475586,18.799999237060547,18.979999542236328,18.6200008392334,18.709999084472656,58178200
2008-03-06,15.41578197479248,19.229999542236328,19.600000381469727,19.06999969482422,19.09000015258789,69112300
2008-03-07,15.231407165527344,19.0,19.549999237060547,18.8700008392334,19.1299991607666,46510200
2008-03-10,15.455865859985352,19.280000686645508,19.5,19.079999923706055,19.170000076293945,36576100
2008-03-11,15.640242576599121,19.510000228881836,19.950000762939453,19.100000381469727,19.649999618530273,48217800
2008-03-12,15.776534080505371,19.68000030517578,20.170000076293945,19.43000030517578,19.579999923706055,48200300
2008-03-13,15.904806137084961,19.84000015258789,19.989999771118164,19.360000610351562,19.56999969482422,43684900
2008-03-14,15.648266792297363,19.520000457763672,20.049999237060547,19.270000457763672,20.010000228881836,43595500
2008-03-17,15.455865859985352,19.280000686645508,19.489999771118164,18.93000030517578,18.93000030517578,41039200
2008-03-18,16.049089431762695,20.020000457763672,20.049999237060547,19.389999389648438,19.639999389648438,38445300
2008-03-19,15.680326461791992,19.559999465942383,20.489999771118164,19.549999237060547,20.260000228881836,43142100
2008-03-20,16.097192764282227,20.079999923706055,20.170000076293945,19.559999465942383,19.860000610351562,45441300
2008-03-24,16.65032386779785,20.770000457763672,20.90999984741211,20.3700008392334,20.420000076293945,34487700
2008-03-25,16.898836135864258,21.079999923706055,21.15999984741211,20.719999313354492,21.030000686645508,43212600
2008-03-26,16.78661346435547,20.940000534057617,21.299999237060547,20.6299991607666,21.290000915527344,85438700
2008-03-27,15.5761137008667,19.43000030517578,19.700000762939453,19.25,19.450000762939453,117082800
2008-03-28,15.5280122756958,19.3700008392334,19.860000610351562,19.31999969482422,19.549999237060547,38130200
2008-03-31,15.680326461791992,19.559999465942383,19.6299991607666,19.389999389648438,19.479999542236328,32073900
2008-04-01,16.361730575561523,20.40999984741211,20.420000076293945,19.719999313354492,19.90999984741211,44724400
2008-04-02,16.425874710083008,20.489999771118164,20.760000228881836,20.260000228881836,20.40999984741211,32243000
2008-04-03,16.578182220458984,20.68000030517578,20.700000762939453,20.270000457763672,20.399999618530273,36848900
2008-04-04,16.313644409179688,20.350000381469727,20.690000534057617,20.309999465942383,20.610000610351562,53991200
2008-04-07,16.217443466186523,20.229999542236328,20.559999465942383,20.200000762939453,20.450000762939453,24030900
2008-04-08,15.968931198120117,19.920000076293945,20.149999618530273,19.84000015258789,20.030000686645508,35278100
2008-04-09,16.20941925048828,20.219999313354492,20.260000228881836,19.8700008392334,19.920000076293945,31565400
2008-04-10,16.393796920776367,20.450000762939453,20.799999237060547,20.15999984741211,20.190000534057617,49075300
2008-04-11,15.904806137084961,19.84000015258789,20.139999389648438,19.809999465942383,20.09000015258789,28955200
2008-04-14,15.920827865600586,19.860000610351562,20.149999618530273,19.799999237060547,19.829999923706055,21577300
2008-04-15,16.17735481262207,20.18000030517578,20.239999771118164,19.93000030517578,19.950000762939453,24994100
2008-04-16,16.65032386779785,20.770000457763672,20.940000534057617,20.290000915527344,20.299999237060547,47112400
2008-04-17,16.995052337646484,21.200000762939453,21.219999313354492,20.690000534057617,20.829999923706055,37481600
2008-04-18,17.476037979125977,21.799999237060547,21.93000030517578,21.229999542236328,21.540000915527344,47169800
2008-04-21,17.44396209716797,21.760000228881836,21.90999984741211,21.40999984741211,21.639999389648438,26095700
2008-04-22,17.46000099182129,21.780000686645508,21.8799991607666,21.5,21.540000915527344,29861500
2008-04-23,17.564212799072266,21.90999984741211,21.959999084472656,21.690000534057617,21.790000915527344,25501200
2008-04-24,17.644380569458008,22.010000228881836,22.280000686645508,21.540000915527344,21.920000076293945,35155700
2008-04-25,17.307687759399414,21.59000015258789,21.979999542236328,21.25,21.959999084472656,28692400
2008-04-28,17.243560791015625,21.510000228881836,21.799999237060547,21.3799991607666,21.579999923706055,24818500
2008-04-29,17.44396209716797,21.760000228881836,21.8799991607666,21.329999923706055,21.40999984741211,25801300
2008-04-30,16.714466094970703,20.850000381469727,21.579999923706055,20.799999237060547,21.489999771118164,41907200
2008-05-01,17.492067337036133,21.81999969482422,21.850000381469727,20.959999084472656,21.010000228881836,35781100
2008-05-02,17.243560791015625,21.510000228881836,22.06999969482422,21.290000915527344,22.059999465942383,36754700
2008-05-05,17.27562713623047,21.549999237060547,21.68000030517578,21.34000015258789,21.5,30525500
2008-05-06,17.23554039001465,21.5,21.770000457763672,21.25,21.40999984741211,32882300
2008-05-07,16.826688766479492,20.989999771118164,21.5,20.90999984741211,21.43000030517578,37811800
2008-05-08,16.914878845214844,21.100000381469727,21.280000686645508,21.0,21.149999618530273,26097900
2008-05-09,16.834707260131836,21.0,21.100000381469727,20.700000762939453,20.84000015258789,21073100
2008-05-12,17.243560791015625,21.510000228881836,21.6299991607666,21.079999923706055,21.1299991607666,24786200
2008-05-13,17.37181282043457,21.670000076293945,21.719999313354492,21.309999465942383,21.549999237060547,20443900
2008-05-14,17.46000099182129,21.780000686645508,22.139999389648438,21.600000381469727,21.729999542236328,26521200
2008-05-15,17.53214454650879,21.8700008392334,21.90999984741211,21.540000915527344,21.6200008392334,21660300
2008-05-16,17.37982940673828,21.68000030517578,21.969999313354492,21.40999984741211,21.899999618530273,33779900
2008-05-19,17.981075286865234,22.43000030517578,22.75,21.8700008392334,22.040000915527344,41541600
2008-05-20,17.764623641967773,22.15999984741211,22.440000534057617,22.049999237060547,22.239999771118164,25913800
2008-05-21,17.644380569458008,22.010000228881836,22.709999084472656,21.940000534057617,22.239999771118164,30644300
2008-05-22,17.88487434387207,22.309999465942383,22.469999313354492,22.059999465942383,22.06999969482422,24186400
2008-05-23,17.620325088500977,21.979999542236328,22.299999237060547,21.889999389648438,22.290000915527344,19994200
2008-05-27,18.165454864501953,22.65999984741211,22.75,22.020000457763672,22.049999237060547,29198000
2008-05-28,18.269668579101562,22.790000915527344,22.950000762939453,22.639999389648438,22.790000915527344,26752100
2008-05-29,18.269668579101562,22.790000915527344,23.0,22.479999542236328,22.84000015258789,32460500
2008-05-30,18.309757232666016,22.84000015258789,22.940000534057617,22.68000030517578,22.809999465942383,25258000
2008-06-02,18.181480407714844,22.68000030517578,22.770000457763672,22.350000381469727,22.770000457763672,31834700
2008-06-03,18.365873336791992,22.90999984741211,23.56999969482422,22.700000762939453,22.739999771118164,50881500
2008-06-04,18.365873336791992,22.90999984741211,23.149999618530273,22.709999084472656,22.709999084472656,35156400
2008-06-05,18.58232307434082,23.18000030517578,23.209999084472656,22.709999084472656,22.850000381469727,31050400
2008-06-06,18.005115509033203,22.459999084472656,23.059999465942383,22.459999084472656,23.0,41297500
2008-06-09,18.077268600463867,22.549999237060547,22.670000076293945,22.25,22.639999389648438,26286600
2008-06-10,18.03719711303711,22.5,22.670000076293945,22.1200008392334,22.309999465942383,28076900
2008-06-11,17.692487716674805,22.06999969482422,22.780000686645508,22.049999237060547,22.559999465942383,28994300
2008-06-12,17.524139404296875,21.860000610351562,22.260000228881836,21.729999542236328,22.1299991607666,35103700
2008-06-13,18.14140510559082,22.6299991607666,22.65999984741211,21.950000762939453,22.09000015258789,31789500
2008-06-16,18.38991928100586,22.940000534057617,23.0,22.329999923706055,22.489999771118164,32562000
2008-06-17,18.06124496459961,22.530000686645508,23.020000457763672,22.5,23.020000457763672,27281700
2008-06-18,17.989086151123047,22.440000534057617,22.670000076293945,22.219999313354492,22.350000381469727,23148400
2008-06-19,18.197519302368164,22.700000762939453,23.0,22.270000457763672,22.329999923706055,41127200
2008-06-20,17.71652603149414,22.100000381469727,22.68000030517578,21.90999984741211,22.639999389648438,52614700
2008-06-23,17.70049476623535,22.079999923706055,22.40999984741211,21.829999923706055,22.309999465942383,32593700
2008-06-24,17.820741653442383,22.229999542236328,22.440000534057617,21.81999969482422,21.940000534057617,28450200
2008-06-25,18.077268600463867,22.549999237060547,22.850000381469727,22.190000534057617,22.40999984741211,61229800
2008-06-26,17.17141342163086,21.420000076293945,22.219999313354492,21.420000076293945,21.68000030517578,70022700
2008-06-27,17.06719398498535,21.290000915527344,21.709999084472656,20.969999313354492,21.389999389648438,40295600
2008-06-30,16.834707260131836,21.0,21.350000381469727,21.0,21.079999923706055,36317800
2008-07-01,17.083227157592773,21.309999465942383,21.34000015258789,20.649999618530273,20.790000915527344,47419800
2008-07-02,16.690414428710938,20.81999969482422,21.399999618530273,20.799999237060547,21.270000457763672,32334200
2008-07-03,16.61826515197754,20.729999542236328,21.190000534057617,20.690000534057617,21.040000915527344,21598100
2008-07-07,16.9068546295166,21.09000015258789,21.329999923706055,20.610000610351562,20.780000686645508,34574700
2008-07-08,17.299671173095703,21.579999923706055,21.600000381469727,20.969999313354492,21.09000015258789,38512800
2008-07-09,16.922889709472656,21.110000610351562,21.610000610351562,21.06999969482422,21.479999542236328,41640900
2008-07-10,17.06719398498535,21.290000915527344,21.420000076293945,20.93000030517578,21.170000076293945,31664300
2008-07-11,16.802642822265625,20.959999084472656,21.25,20.700000762939453,21.06999969482422,36881300
2008-07-14,16.393796920776367,20.450000762939453,21.190000534057617,20.260000228881836,21.100000381469727,38892700
2008-07-15,16.23346710205078,20.25,20.450000762939453,19.979999542236328,20.25,51034800
2008-07-16,16.38578987121582,20.440000534057617,20.549999237060547,20.09000015258789,20.219999313354492,37598100
2008-07-17,16.72247314453125,20.860000610351562,21.040000915527344,20.3700008392334,20.5,37414500
2008-07-18,16.979001998901367,21.18000030517578,21.25,20.649999618530273,20.889999389648438,35894400
2008-07-21,16.9068546295166,21.09000015258789,21.420000076293945,21.020000457763672,21.200000762939453,21452900
2008-07-22,17.307687759399414,21.59000015258789,21.6200008392334,21.149999618530273,21.15999984741211,32973700
2008-07-23,17.23554039001465,21.5,21.59000015258789,21.139999389648438,21.540000915527344,32196800
2008-07-24,16.794631958007812,20.950000762939453,21.389999389648438,20.850000381469727,21.190000534057617,30294300
2008-07-25,16.794631958007812,20.950000762939453,20.979999542236328,20.639999389648438,20.969999313354492,22856500
2008-07-28,16.610252380371094,20.719999313354492,21.100000381469727,20.690000534057617,20.729999542236328,20871700
2008-07-29,17.17942237854004,21.43000030517578,21.56999969482422,20.84000015258789,20.860000610351562,31769100
2008-07-30,17.083227157592773,21.309999465942383,21.450000762939453,20.969999313354492,21.40999984741211,31664400
2008-07-31,17.25959014892578,21.530000686645508,21.899999618530273,20.979999542236328,21.059999465942383,37252500
2008-08-01,17.23554039001465,21.5,21.690000534057617,21.270000457763672,21.579999923706055,25008100
2008-08-04,17.035120010375977,21.25,21.59000015258789,21.139999389648438,21.489999771118164,26000600
2008-08-05,17.804712295532227,22.209999084472656,22.219999313354492,21.309999465942383,21.420000076293945,42677200
2008-08-06,18.325777053833008,22.860000610351562,22.90999984741211,22.030000686645508,22.079999923706055,42928500
2008-08-07,18.23760223388672,22.75,23.020000457763672,22.459999084472656,22.6299991607666,38857800
2008-08-08,18.85487174987793,23.520000457763672,23.6200008392334,22.639999389648438,22.75,47770000
2008-08-11,18.502147674560547,23.079999923706055,23.520000457763672,22.920000076293945,23.40999984741211,33999200
2008-08-12,18.35784912109375,22.899999618530273,23.010000228881836,22.68000030517578,22.979999542236328,29979400
2008-08-13,18.446033477783203,23.010000228881836,23.149999618530273,22.56999969482422,22.790000915527344,26117000
2008-08-14,18.590328216552734,23.190000534057617,23.399999618530273,22.75,22.780000686645508,32146100
2008-08-15,18.486122131347656,23.059999465942383,23.450000762939453,22.920000076293945,23.329999923706055,26526700
2008-08-18,18.25363540649414,22.770000457763672,23.229999542236328,22.549999237060547,23.049999237060547,23069400
2008-08-19,18.085289001464844,22.559999465942383,22.770000457763672,22.450000762939453,22.68000030517578,22491600
2008-08-20,18.165454864501953,22.65999984741211,22.950000762939453,22.5,22.68000030517578,21921000
2008-08-21,17.87685203552246,22.299999237060547,22.450000762939453,22.15999984741211,22.389999389648438,22441800
2008-08-22,18.197519302368164,22.700000762939453,22.81999969482422,22.389999389648438,22.520000457763672,18335600
2008-08-25,17.804712295532227,22.209999084472656,22.709999084472656,22.190000534057617,22.540000915527344,20109600
2008-08-26,17.756614685058594,22.149999618530273,22.3799991607666,22.010000228881836,22.15999984741211,16293400
2008-08-27,17.9089298248291,22.34000015258789,22.56999969482422,22.1299991607666,22.200000762939453,21416200
2008-08-28,18.1494140625,22.639999389648438,22.729999542236328,22.270000457763672,22.290000915527344,18706100
2008-08-29,17.580245971679688,21.93000030517578,22.43000030517578,21.700000762939453,22.399999618530273,35278800
2008-09-02,17.27562713623047,21.549999237060547,22.3700008392334,21.5,22.299999237060547,43670400
2008-09-03,16.987022399902344,21.190000534057617,21.56999969482422,21.010000228881836,21.520000457763672,40639000
2008-09-04,15.976946830749512,19.93000030517578,20.889999389648438,19.920000076293945,20.84000015258789,80189500
2008-09-05,16.089181900024414,20.06999969482422,20.31999969482422,19.700000762939453,19.719999313354492,47196900
2008-09-08,15.439837455749512,19.260000228881836,20.649999618530273,18.940000534057617,20.3700008392334,93829900
2008-09-09,15.36768627166748,19.170000076293945,19.850000381469727,19.020000457763672,19.399999618530273,62465800
2008-09-10,15.359675407409668,19.15999984741211,19.399999618530273,19.030000686645508,19.350000381469727,52165600
2008-09-11,15.511975288391113,19.350000381469727,19.399999618530273,18.889999389648438,19.030000686645508,49981500
2008-09-12,15.720417976379395,19.610000610351562,19.670000076293945,19.040000915527344,19.219999313354492,39169200
2008-09-15,15.239423751831055,19.010000228881836,19.489999771118164,18.920000076293945,19.049999237060547,41749400
2008-09-16,15.19933795928955,18.959999084472656,19.049999237060547,18.399999618530273,18.600000381469727,61197300
2008-09-17,14.509921073913574,18.100000381469727,18.81999969482422,18.06999969482422,18.690000534057617,50033700
2008-09-18,15.030993461608887,18.75,18.950000762939453,17.84000015258789,18.3700008392334,76944900
2008-09-19,16.089181900024414,20.06999969482422,21.0,15.0,20.989999771118164,76248200
2008-09-22,15.832648277282715,19.75,20.760000228881836,19.600000381469727,19.979999542236328,39592900
2008-09-23,15.7845458984375,19.690000534057617,20.549999237060547,19.639999389648438,19.81999969482422,42062600
2008-09-24,15.992969512939453,19.950000762939453,20.5,19.770000457763672,19.899999618530273,32234300
2008-09-25,16.40983772277832,20.469999313354492,20.81999969482422,20.209999084472656,20.34000015258789,40432400
2008-09-26,16.530086517333984,20.6200008392334,20.850000381469727,19.979999542236328,19.989999771118164,39221800
2008-09-29,15.047029495239258,18.770000457763672,20.530000686645508,18.0,20.34000015258789,59105400
2008-09-30,16.281578063964844,20.309999465942383,20.40999984741211,19.100000381469727,19.110000610351562,51036400
2008-10-01,15.920827865600586,19.860000610351562,20.190000534057617,19.549999237060547,20.190000534057617,35077900
2008-10-02,15.624210357666016,19.489999771118164,19.989999771118164,19.360000610351562,19.84000015258789,43966500
2008-10-03,15.616203308105469,19.479999542236328,20.540000915527344,19.479999542236328,19.670000076293945,53659800
2008-10-06,14.670249938964844,18.299999237060547,19.299999237060547,17.25,18.889999389648438,79751400
2008-10-07,13.451737403869629,16.780000686645508,18.5,16.780000686645508,18.290000915527344,64087300
2008-10-08,13.531899452209473,16.8799991607666,17.6299991607666,16.010000228881836,16.309999465942383,75915900
2008-10-09,12.994792938232422,16.209999084472656,17.559999465942383,16.0,17.219999313354492,58118900
2008-10-10,13.37157154083252,16.68000030517578,17.030000686645508,15.279999732971191,15.699999809265137,96946200
2008-10-13,15.119180679321289,18.860000610351562,18.8700008392334,17.040000915527344,17.520000457763672,54677400
2008-10-14,14.181238174438477,17.690000534057617,19.440000534057617,17.3700008392334,19.34000015258789,59134200
2008-10-15,12.786360740661621,15.949999809265137,17.729999542236328,15.9399995803833,17.399999618530273,55101100
2008-10-16,13.620087623596191,16.989999771118164,16.989999771118164,15.3100004196167,16.15999984741211,70756900
2008-10-17,13.644126892089844,17.020000457763672,17.989999771118164,16.209999084472656,16.40999984741211,52293900
2008-10-20,14.55802059173584,18.15999984741211,18.15999984741211,17.100000381469727,17.360000610351562,42566000
2008-10-21,14.181238174438477,17.690000534057617,18.40999984741211,17.59000015258789,17.899999618530273,46932000
2008-10-22,13.764375686645508,17.170000076293945,17.5,16.610000610351562,17.25,46864400
2008-10-23,13.588019371032715,16.950000762939453,17.469999313354492,16.010000228881836,16.979999542236328,62156400
2008-10-24,12.986776351928711,16.200000762939453,16.709999084472656,15.479999542236328,15.710000038146973,54151300
2008-10-27,12.642068862915039,15.770000457763672,16.770000457763672,15.3100004196167,15.989999771118164,62876600
2008-10-28,14.125126838684082,17.6200008392334,17.68000030517578,15.569999694824219,16.399999618530273,47608000
2008-10-29,13.860577583312988,17.290000915527344,18.3700008392334,16.770000457763672,17.360000610351562,58715900
2008-10-30,14.686283111572266,18.31999969482422,18.610000610351562,17.790000915527344,18.1299991607666,71484400
2008-10-31,14.662240982055664,18.290000915527344,18.6200008392334,17.809999465942383,17.860000610351562,55114800
2008-11-03,14.694297790527344,18.329999923706055,18.40999984741211,18.040000915527344,18.110000610351562,28389100
2008-11-04,15.151239395141602,18.899999618530273,19.0,18.31999969482422,18.5,38671300
2008-11-05,14.285451889038086,17.81999969482422,18.760000228881836,17.709999084472656,18.649999618530273,37384600
2008-11-06,13.507850646972656,16.850000381469727,17.579999923706055,16.649999618530273,17.43000030517578,54420800
2008-11-07,14.05297565460205,17.530000686645508,17.65999984741211,16.969999313354492,17.079999923706055,35136500
2008-11-10,14.077021598815918,17.559999465942383,17.84000015258789,17.360000610351562,17.829999923706055,24816800
2008-11-11,13.860577583312988,17.290000915527344,17.520000457763672,16.790000915527344,17.3799991607666,35681000
2008-11-12,13.203221321105957,16.469999313354492,17.040000915527344,16.399999618530273,16.81999969482422,44447600
2008-11-13,14.205286979675293,17.719999313354492,17.75,15.630000114440918,16.329999923706055,62134400
2008-11-14,13.547930717468262,16.899999618530273,17.790000915527344,16.65999984741211,17.260000228881836,51944100
2008-11-17,13.15512466430664,16.40999984741211,16.989999771118164,16.299999237060547,16.610000610351562,41318500
2008-11-18,13.644126892089844,17.020000457763672,17.030000686645508,15.920000076293945,16.520000457763672,55664200
2008-11-19,12.826446533203125,16.0,17.299999237060547,15.970000267028809,16.899999618530273,65869100
2008-11-20,12.345453262329102,15.399999618530273,16.760000228881836,15.319999694824219,16.020000457763672,67199300
2008-11-21,13.131074905395508,16.3799991607666,16.489999771118164,15.100000381469727,15.4399995803833,73239000
2008-11-24,13.339505195617676,16.639999389648438,16.989999771118164,16.31999969482422,16.56999969482422,75407900
2008-11-25,12.810416221618652,15.979999542236328,16.850000381469727,15.720000267028809,16.84000015258789,73396600
2008-11-26,12.938680648803711,16.139999389648438,16.25,15.640000343322754,15.649999618530273,52962900
2008-11-28,12.898594856262207,16.09000015258789,16.149999618530273,15.75,16.100000381469727,19899100
2008-12-01,12.40157413482666,15.470000267028809,16.040000915527344,15.380000114440918,15.710000038146973,51362300
2008-12-02,12.658097267150879,15.789999961853027,16.020000457763672,15.260000228881836,15.609999656677246,41701000
2008-12-03,12.930662155151367,16.1299991607666,16.149999618530273,15.619999885559082,15.920000076293945,72210200
2008-12-04,12.377519607543945,15.4399995803833,15.989999771118164,15.199999809265137,15.819999694824219,48105900
2008-12-05,13.082975387573242,16.31999969482422,16.399999618530273,15.170000076293945,15.229999542236328,57184100
2008-12-08,13.660165786743164,17.040000915527344,17.31999969482422,16.350000381469727,16.510000228881836,49736700
2008-12-09,13.580001831054688,16.940000534057617,17.670000076293945,16.600000381469727,16.739999771118164,44413400
2008-12-10,13.940743446350098,17.389999389648438,17.59000015258789,16.889999389648438,17.139999389648438,36795000
2008-12-11,13.195206642150879,16.459999084472656,17.290000915527344,16.399999618530273,17.290000915527344,36833500
2008-12-12,13.499833106994629,16.84000015258789,16.940000534057617,16.06999969482422,16.110000610351562,33021700
2008-12-15,13.187189102172852,16.450000762939453,16.639999389648438,16.1299991607666,16.399999618530273,37179300
2008-12-16,13.8445463180542,17.270000457763672,17.399999618530273,16.510000228881836,16.610000610351562,57317700
2008-12-17,13.419670104980469,16.739999771118164,17.040000915527344,16.68000030517578,16.969999313354492,38961500
2008-12-18,13.315451622009277,16.610000610351562,16.969999313354492,16.34000015258789,16.829999923706055,45269900
2008-12-19,14.253385543823242,17.780000686645508,18.15999984741211,16.610000610351562,17.440000534057617,90125800
2008-12-22,14.044964790344238,17.520000457763672,17.790000915527344,17.170000076293945,17.790000915527344,32738500
2008-12-23,13.868597984313965,17.299999237060547,17.760000228881836,17.079999923706055,17.530000686645508,26611800
2008-12-24,13.884628295898438,17.31999969482422,17.450000762939453,17.18000030517578,17.350000381469727,8337100
2008-12-26,13.972809791564941,17.43000030517578,17.459999084472656,17.260000228881836,17.399999618530273,9496000
2008-12-29,13.804459571838379,17.219999313354492,17.399999618530273,17.020000457763672,17.31999969482422,21226900
2008-12-30,14.29346752166748,17.829999923706055,17.860000610351562,17.25,17.350000381469727,24498300
2008-12-31,14.213310241699219,17.729999542236328,17.989999771118164,17.68000030517578,17.809999465942383,23404500
2009-01-02,14.758432388305664,18.40999984741211,18.479999542236328,17.6200008392334,17.639999389648438,27833600
2009-01-05,14.501906394958496,18.09000015258789,18.25,17.860000610351562,18.190000534057617,28309400
2009-01-06,14.74239444732666,18.389999389648438,18.700000762939453,18.030000686645508,18.170000076293945,29856600
2009-01-07,14.149174690246582,17.649999618530273,18.25,17.479999542236328,18.059999465942383,38635700
2009-01-08,14.125126838684082,17.6200008392334,17.670000076293945,17.309999465942383,17.5,35148700
2009-01-09,13.916696548461914,17.360000610351562,17.709999084472656,17.25,17.709999084472656,32028400
2009-01-12,13.66817855834961,17.049999237060547,17.469999313354492,16.84000015258789,17.40999984741211,34575200
2009-01-13,13.74032974243164,17.139999389648438,17.31999969482422,16.90999984741211,17.0,32780400
2009-01-14,13.115041732788086,16.360000610351562,16.920000076293945,16.18000030517578,16.8700008392334,39968400
2009-01-15,13.251324653625488,16.530000686645508,16.68000030517578,15.869999885559082,16.329999923706055,45102600
2009-01-16,13.555950164794922,16.90999984741211,17.059999465942383,16.40999984741211,16.739999771118164,38250300
2009-01-20,12.906614303588867,16.100000381469727,16.979999542236328,16.049999237060547,16.899999618530273,34055200
2009-01-21,13.5399169921875,16.889999389648438,16.920000076293945,16.25,16.399999618530273,56144800
2009-01-22,13.347519874572754,16.649999618530273,16.93000030517578,16.40999984741211,16.43000030517578,36650800
2009-01-23,13.451737403869629,16.780000686645508,17.020000457763672,16.389999389648438,16.43000030517578,34362500
2009-01-26,13.596031188964844,16.959999084472656,17.360000610351562,16.780000686645508,16.81999969482422,27890000
2009-01-27,13.852563858032227,17.280000686645508,17.43000030517578,16.979999542236328,17.020000457763672,27379200
2009-01-28,14.301486015319824,17.84000015258789,18.010000228881836,17.440000534057617,17.709999084472656,32607600
2009-01-29,14.101075172424316,17.59000015258789,17.8700008392334,17.260000228881836,17.670000076293945,27538600
2009-01-30,13.491813659667969,16.829999923706055,17.760000228881836,16.790000915527344,17.6200008392334,33537000
2009-02-02,13.547930717468262,16.899999618530273,17.100000381469727,16.510000228881836,16.600000381469727,25466300
2009-02-03,13.66817855834961,17.049999237060547,17.059999465942383,16.5,16.850000381469727,31190700
2009-02-04,13.796441078186035,17.209999084472656,17.6299991607666,17.049999237060547,17.149999618530273,26574100
2009-02-05,14.125126838684082,17.6200008392334,17.700000762939453,16.739999771118164,16.860000610351562,35402800
2009-02-06,14.405701637268066,17.969999313354492,18.06999969482422,17.479999542236328,17.690000534057617,29569000
2009-02-09,14.469830513000488,18.049999237060547,18.09000015258789,17.81999969482422,17.950000762939453,23314600
2009-02-10,14.093056678771973,17.579999923706055,18.09000015258789,17.239999771118164,17.81999969482422,44734500
2009-02-11,14.26942253112793,17.799999237060547,18.010000228881836,17.56999969482422,17.649999618530273,28637900
2009-02-12,14.069009780883789,17.549999237060547,17.610000610351562,16.940000534057617,17.549999237060547,42572500
2009-02-13,14.205286979675293,17.719999313354492,17.959999084472656,17.43000030517578,17.510000228881836,27489800
2009-02-17,13.596031188964844,16.959999084472656,17.34000015258789,16.809999465942383,17.149999618530273,41029500
2009-02-18,13.820493698120117,17.239999771118164,17.510000228881836,17.0,17.06999969482422,41327900
2009-02-19,13.491813659667969,16.829999923706055,17.3700008392334,16.799999237060547,17.34000015258789,32818200
2009-02-20,13.275375366210938,16.559999465942383,16.75,16.34000015258789,16.639999389648438,46460000
2009-02-23,12.714217185974121,15.859999656677246,16.68000030517578,15.819999694824219,16.520000457763672,32342400
2009-02-24,13.17917537689209,16.440000534057617,16.5,15.75,15.770000457763672,37697900
2009-02-25,13.018843650817871,16.239999771118164,16.56999969482422,16.010000228881836,16.3799991607666,33469700
2009-02-26,12.6500825881958,15.779999732971191,16.3700008392334,15.779999732971191,16.3700008392334,36230900
2009-02-27,12.457686424255371,15.539999961853027,15.829999923706055,15.40999984741211,15.5,52301300
2009-03-02,12.185125350952148,15.199999809265137,15.6899995803833,15.140000343322754,15.210000038146973,47340600
2009-03-03,12.032809257507324,15.010000228881836,15.449999809265137,14.970000267028809,15.399999618530273,39128500
2009-03-04,11.992727279663086,14.960000038146973,15.479999542236328,14.850000381469727,15.399999618530273,71256500
2009-03-05,11.648017883300781,14.529999732971191,15.279999732971191,14.520000457763672,14.9399995803833,67101400
2009-03-06,11.5999174118042,14.470000267028809,14.859999656677246,14.140000343322754,14.600000381469727,52932400
2009-03-09,11.102893829345703,13.850000381469727,14.699999809265137,13.800000190734863,14.3100004196167,60034700
2009-03-10,12.096940040588379,15.09000015258789,15.1899995803833,14.0,14.170000076293945,58945900
2009-03-11,12.29735279083252,15.34000015258789,15.460000038146973,14.729999542236328,15.279999732971191,46562000
2009-03-12,12.52983570098877,15.630000114440918,15.680000305175781,15.079999923706055,15.350000381469727,27419900
2009-03-13,12.47371768951416,15.5600004196167,15.699999809265137,15.279999732971191,15.649999618530273,30867300
2009-03-16,11.94462776184082,14.899999618530273,15.800000190734863,14.829999923706055,15.539999961853027,39883700
2009-03-17,12.345453262329102,15.399999618530273,15.600000381469727,14.649999618530273,14.930000305175781,52106400
2009-03-18,12.690167427062988,15.829999923706055,16.09000015258789,15.069999694824219,15.149999618530273,58521300
2009-03-19,13.924712181091309,17.3700008392334,18.09000015258789,17.350000381469727,17.559999465942383,112624400
2009-03-20,13.708269119262695,17.100000381469727,17.709999084472656,17.0,17.5,75071700
2009-03-23,14.630168914794922,18.25,18.25,17.260000228881836,17.34000015258789,46048300
2009-03-24,14.357598304748535,17.90999984741211,18.219999313354492,17.700000762939453,17.899999618530273,32228100
2009-03-25,14.501906394958496,18.09000015258789,18.34000015258789,17.700000762939453,18.030000686645508,34714200
2009-03-26,14.974878311157227,18.68000030517578,18.68000030517578,18.18000030517578,18.25,34216000
2009-03-27,14.437765121459961,18.010000228881836,18.450000762939453,17.93000030517578,18.450000762939453,34232800
2009-03-30,14.157185554504395,17.65999984741211,17.700000762939453,17.25,17.65999984741211,33143900
2009-03-31,14.485872268676758,18.06999969482422,18.389999389648438,17.81999969482422,17.93000030517578,34583400
2009-04-01,14.894709587097168,18.579999923706055,18.68000030517578,17.729999542236328,17.860000610351562,37135900
2009-04-02,15.087105751037598,18.81999969482422,19.299999237060547,18.649999618530273,18.93000030517578,46061500
2009-04-03,15.463882446289062,19.290000915527344,19.450000762939453,18.8700008392334,18.8799991607666,40966900
2009-04-06,15.359400749206543,19.110000610351562,19.110000610351562,18.690000534057617,19.0,29302100
2009-04-07,14.901270866394043,18.540000915527344,18.860000610351562,18.360000610351562,18.790000915527344,29049200
2009-04-08,14.925385475158691,18.56999969482422,18.760000228881836,18.329999923706055,18.690000534057617,25522400
2009-04-09,15.359400749206543,19.110000610351562,19.200000762939453,18.790000915527344,18.829999923706055,25806100
2009-04-13,15.319220542907715,19.059999465942383,19.229999542236328,18.860000610351562,18.8700008392334,21743200
2009-04-14,15.166505813598633,18.8700008392334,19.010000228881836,18.610000610351562,18.770000457763672,30604400
2009-04-15,14.94145679473877,18.59000015258789,18.739999771118164,18.110000610351562,18.690000534057617,28350500
2009-04-16,15.415657997131348,19.18000030517578,19.290000915527344,18.579999923706055,18.809999465942383,30286800
2009-04-17,15.319220542907715,19.059999465942383,19.450000762939453,18.729999542236328,19.239999771118164,32850100
2009-04-20,15.126314163208008,18.81999969482422,19.079999923706055,17.729999542236328,17.760000228881836,84059500
2009-04-21,15.696967124938965,19.530000686645508,19.850000381469727,18.639999389648438,18.780000686645508,66973800
2009-04-22,15.552289009094238,19.350000381469727,19.75,19.09000015258789,19.520000457763672,40035100
2009-04-23,15.817533493041992,19.68000030517578,19.709999084472656,19.139999389648438,19.399999618530273,36144600
2009-04-24,15.905941009521484,19.790000915527344,20.18000030517578,19.649999618530273,19.75,42970200
2009-04-27,15.889863967895508,19.770000457763672,20.280000686645508,19.520000457763672,19.59000015258789,29389700
2009-04-28,15.865753173828125,19.739999771118164,19.93000030517578,19.510000228881836,19.56999969482422,25051800
2009-04-29,15.753228187561035,19.600000381469727,19.799999237060547,19.40999984741211,19.450000762939453,28310800
2009-04-30,15.544261932373047,19.34000015258789,19.940000534057617,19.040000915527344,19.75,49416900
2009-05-01,15.544261932373047,19.34000015258789,19.440000534057617,19.1200008392334,19.350000381469727,20402200
2009-05-04,15.246870994567871,18.969999313354492,19.440000534057617,18.959999084472656,19.399999618530273,38586500
2009-05-05,15.279027938842773,19.010000228881836,19.190000534057617,18.670000076293945,19.170000076293945,29366500
2009-05-06,15.319220542907715,19.059999465942383,19.190000534057617,18.690000534057617,19.149999618530273,27110300
2009-05-07,14.804823875427246,18.420000076293945,19.149999618530273,18.190000534057617,18.989999771118164,54151100
2009-05-08,14.724448204040527,18.31999969482422,18.780000686645508,18.1200008392334,18.600000381469727,41125900
2009-05-11,14.91734504699707,18.559999465942383,18.829999923706055,18.040000915527344,18.149999618530273,32102300
2009-05-12,14.772676467895508,18.3799991607666,18.670000076293945,18.079999923706055,18.639999389648438,33700100
2009-05-13,14.523515701293945,18.06999969482422,18.34000015258789,17.969999313354492,18.149999618530273,29146000
2009-05-14,14.836969375610352,18.459999084472656,18.579999923706055,18.100000381469727,18.239999771118164,26242700
2009-05-15,14.804823875427246,18.420000076293945,18.739999771118164,18.350000381469727,18.59000015258789,22884500
2009-05-18,15.206680297851562,18.920000076293945,18.940000534057617,18.469999313354492,18.690000534057617,22953400
2009-05-19,15.246870994567871,18.969999313354492,19.209999084472656,18.770000457763672,18.790000915527344,23414200
2009-05-20,15.222763061523438,18.940000534057617,19.399999618530273,18.8799991607666,19.079999923706055,29082600
2009-05-21,14.925385475158691,18.56999969482422,18.829999923706055,18.350000381469727,18.760000228881836,26281200
2009-05-22,14.989679336547852,18.649999618530273,19.09000015258789,18.440000534057617,18.579999923706055,24378600
2009-05-26,15.327245712280273,19.06999969482422,19.200000762939453,18.280000686645508,18.459999084472656,28315900
2009-05-27,15.262954711914062,18.989999771118164,19.450000762939453,18.90999984741211,18.979999542236328,27633200
2009-05-28,15.43977165222168,19.209999084472656,19.3700008392334,18.829999923706055,19.010000228881836,25588900
2009-05-29,15.745192527770996,19.59000015258789,19.600000381469727,19.15999984741211,19.280000686645508,42625200
2009-06-01,16.010433197021484,19.920000076293945,20.020000457763672,19.600000381469727,19.75,31616300
2009-06-02,16.356040954589844,20.350000381469727,20.440000534057617,19.770000457763672,19.770000457763672,31008500
2009-06-03,16.34799575805664,20.34000015258789,20.510000228881836,20.09000015258789,20.239999771118164,27013500
2009-06-04,16.565000534057617,20.610000610351562,20.670000076293945,20.260000228881836,20.34000015258789,30251800
2009-06-05,16.64537239074707,20.709999084472656,20.899999618530273,20.510000228881836,20.81999969482422,26652000
2009-06-08,16.77397918701172,20.8700008392334,21.06999969482422,20.530000686645508,20.600000381469727,34885600
2009-06-09,16.870418548583984,20.989999771118164,21.200000762939453,20.829999923706055,20.950000762939453,23790000
2009-06-10,16.669483184814453,20.739999771118164,21.190000534057617,20.43000030517578,21.059999465942383,33270900
2009-06-11,16.83023452758789,20.940000534057617,21.200000762939453,20.65999984741211,20.65999984741211,26073600
2009-06-12,16.75790023803711,20.850000381469727,21.0,19.469999313354492,20.850000381469727,23154700
2009-06-15,16.251544952392578,20.219999313354492,20.649999618530273,20.0,20.639999389648438,40579100
2009-06-16,15.825569152832031,19.690000534057617,20.270000457763672,19.68000030517578,20.18000030517578,41410900
2009-06-17,16.026498794555664,19.940000534057617,20.170000076293945,19.700000762939453,19.719999313354492,33324200
2009-06-18,16.275653839111328,20.25,20.459999084472656,19.979999542236328,20.170000076293945,34591500
2009-06-19,16.605194091796875,20.65999984741211,20.920000076293945,20.3700008392334,20.420000076293945,51092900
2009-06-22,16.050617218017578,19.969999313354492,20.75,19.93000030517578,20.420000076293945,38852500
2009-06-23,15.970245361328125,19.8700008392334,20.209999084472656,19.729999542236328,20.209999084472656,39341200
2009-06-24,17.087427139282227,21.260000228881836,21.75,20.780000686645508,20.860000610351562,99417800
2009-06-25,17.384809494018555,21.6299991607666,21.709999084472656,21.1299991607666,21.25,49521000
2009-06-26,17.071359634399414,21.239999771118164,21.540000915527344,21.149999618530273,21.540000915527344,37033500
2009-06-29,17.280330657958984,21.5,21.709999084472656,21.219999313354492,21.34000015258789,28022200
2009-06-30,17.216032028198242,21.420000076293945,21.75,21.280000686645508,21.5,32109600
2009-07-01,17.473230361938477,21.739999771118164,22.0,21.6200008392334,21.6299991607666,28169700
2009-07-02,16.910612106323242,21.040000915527344,21.34000015258789,20.860000610351562,21.329999923706055,27417800
2009-07-06,16.61322593688965,20.670000076293945,21.040000915527344,20.5,20.920000076293945,37209100
2009-07-07,16.219402313232422,20.18000030517578,20.780000686645508,20.1200008392334,20.670000076293945,35542700
2009-07-08,16.53286361694336,20.56999969482422,20.790000915527344,19.790000915527344,20.209999084472656,55776800
2009-07-09,16.331920623779297,20.31999969482422,20.770000457763672,20.18000030517578,20.540000915527344,31907000
2009-07-10,16.468563079833984,20.489999771118164,20.6299991607666,20.190000534057617,20.200000762939453,22410400
2009-07-13,16.694156646728516,20.719999313354492,20.729999542236328,20.1200008392334,20.520000457763672,26523000
2009-07-14,16.62163734436035,20.6299991607666,20.719999313354492,20.280000686645508,20.639999389648438,22065800
2009-07-15,17.330657958984375,21.510000228881836,21.530000686645508,20.770000457763672,20.81999969482422,32308800
2009-07-16,17.435400009155273,21.639999389648438,21.770000457763672,21.34000015258789,21.56999969482422,24399500
2009-07-17,17.515974044799805,21.739999771118164,21.739999771118164,21.399999618530273,21.690000534057617,21094800
2009-07-20,17.330657958984375,21.510000228881836,21.829999923706055,21.34000015258789,21.700000762939453,28079300
2009-07-21,17.66904640197754,21.93000030517578,22.0,21.43000030517578,21.969999313354492,36397100
2009-07-22,17.524024963378906,21.75,21.979999542236328,21.6299991607666,21.84000015258789,26150500
2009-07-23,17.886594772338867,22.200000762939453,22.399999618530273,21.59000015258789,21.649999618530273,33195600
2009-07-24,17.991331100463867,22.329999923706055,22.479999542236328,21.90999984741211,21.940000534057617,24623700
2009-07-27,17.709341049194336,21.979999542236328,22.309999465942383,21.75,22.290000915527344,23778600
2009-07-28,17.918811798095703,22.239999771118164,22.31999969482422,21.719999313354492,21.860000610351562,26375300
2009-07-29,17.733509063720703,22.010000228881836,22.280000686645508,21.829999923706055,22.1299991607666,21026500
2009-07-30,17.8382511138916,22.139999389648438,22.469999313354492,21.90999984741211,22.239999771118164,28861800
2009-07-31,17.830188751220703,22.1299991607666,22.420000076293945,22.06999969482422,22.15999984741211,24391100
2009-08-03,17.9671573638916,22.299999237060547,22.3799991607666,22.0,22.31999969482422,24046200
2009-08-04,17.636816024780273,21.889999389648438,22.280000686645508,21.68000030517578,22.239999771118164,28735000
2009-08-05,17.274253845214844,21.440000534057617,21.850000381469727,21.18000030517578,21.829999923706055,36001800
2009-08-06,17.088939666748047,21.209999084472656,21.940000534057617,21.09000015258789,21.420000076293945,28036000
2009-08-07,17.266199111938477,21.43000030517578,21.84000015258789,21.3700008392334,21.43000030517578,25561400
2009-08-10,17.121179580688477,21.25,21.40999984741211,21.030000686645508,21.209999084472656,19521600
2009-08-11,17.14534568786621,21.280000686645508,21.40999984741211,21.030000686645508,21.079999923706055,25855600
2009-08-12,17.628767013549805,21.8799991607666,22.100000381469727,21.25,21.299999237060547,34000100
2009-08-13,17.71739387512207,21.989999771118164,22.030000686645508,21.770000457763672,21.940000534057617,25740300
2009-08-14,17.693214416503906,21.959999084472656,22.079999923706055,21.65999984741211,21.889999389648438,24254700
2009-08-17,17.24202537536621,21.399999618530273,21.75,21.3700008392334,21.649999618530273,19838400
2009-08-18,17.387060165405273,21.579999923706055,21.959999084472656,21.309999465942383,21.450000762939453,16120100
2009-08-19,17.548194885253906,21.780000686645508,21.84000015258789,21.200000762939453,21.31999969482422,22257400
2009-08-20,17.677114486694336,21.940000534057617,22.049999237060547,21.610000610351562,21.719999313354492,21178600
2009-08-21,17.814075469970703,22.110000610351562,22.139999389648438,21.739999771118164,22.139999389648438,29644200
2009-08-24,17.983272552490234,22.31999969482422,22.489999771118164,22.040000915527344,22.1299991607666,22218700
2009-08-25,17.910762786865234,22.229999542236328,22.549999237060547,22.200000762939453,22.489999771118164,30600400
2009-08-26,17.886594772338867,22.200000762939453,22.260000228881836,22.0,22.170000076293945,18779300
2009-08-27,17.854360580444336,22.15999984741211,22.209999084472656,21.780000686645508,22.15999984741211,20012300
2009-08-28,17.854360580444336,22.15999984741211,22.610000610351562,22.100000381469727,22.299999237060547,23965200
2009-08-31,17.628767013549805,21.8799991607666,22.190000534057617,21.729999542236328,22.0,26421900
2009-09-01,17.677114486694336,21.940000534057617,22.309999465942383,21.670000076293945,21.770000457763672,34860200
2009-09-02,17.54014015197754,21.770000457763672,22.030000686645508,21.68000030517578,21.829999923706055,21034500
2009-09-03,17.370939254760742,21.559999465942383,21.600000381469727,21.219999313354492,21.56999969482422,28597100
2009-09-04,17.701274871826172,21.969999313354492,22.100000381469727,21.540000915527344,21.56999969482422,17831800
2009-09-08,17.628767013549805,21.8799991607666,22.1200008392334,21.770000457763672,22.1200008392334,24532500
2009-09-09,18.14441680908203,22.520000457763672,22.579999923706055,21.8799991607666,21.969999313354492,31035100
2009-09-10,18.337783813476562,22.760000228881836,22.799999237060547,22.459999084472656,22.56999969482422,23557100
2009-09-11,18.418359756469727,22.860000610351562,22.950000762939453,22.670000076293945,22.81999969482422,22601200
2009-09-14,18.305561065673828,22.719999313354492,22.93000030517578,22.600000381469727,22.780000686645508,24067800
2009-09-15,18.257221221923828,22.65999984741211,22.8799991607666,22.600000381469727,22.729999542236328,24791100
2009-09-16,17.830188751220703,22.1299991607666,22.610000610351562,21.979999542236328,22.600000381469727,86377100
2009-09-17,17.338712692260742,21.520000457763672,21.760000228881836,21.31999969482422,21.420000076293945,92155400
2009-09-18,17.41928482055664,21.6200008392334,21.8700008392334,21.56999969482422,21.719999313354492,70094400
2009-09-21,17.378997802734375,21.56999969482422,21.81999969482422,21.5,21.559999465942383,25487400
2009-09-22,17.25008773803711,21.40999984741211,21.709999084472656,21.350000381469727,21.59000015258789,34159300
2009-09-23,17.024497985839844,21.1299991607666,21.469999313354492,21.049999237060547,21.469999313354492,40677800
2009-09-24,17.056711196899414,21.170000076293945,21.350000381469727,21.059999465942383,21.15999984741211,28392800
2009-09-25,16.806955337524414,20.860000610351562,21.200000762939453,20.829999923706055,21.100000381469727,35144400
2009-09-28,17.056711196899414,21.170000076293945,21.34000015258789,20.829999923706055,20.8700008392334,28379500
2009-09-29,17.016435623168945,21.1200008392334,21.3799991607666,21.100000381469727,21.1200008392334,23280900
2009-09-30,16.79084014892578,20.84000015258789,21.200000762939453,20.649999618530273,21.170000076293945,44303900
2009-10-01,16.404104232788086,20.360000610351562,20.75,20.100000381469727,20.729999542236328,45924800
2009-10-02,16.387981414794922,20.34000015258789,20.639999389648438,20.239999771118164,20.25,41680500
2009-10-05,16.42827033996582,20.389999389648438,20.68000030517578,20.15999984741211,20.459999084472656,34471700
2009-10-06,16.549123764038086,20.540000915527344,20.600000381469727,20.299999237060547,20.469999313354492,37202700
2009-10-07,16.573301315307617,20.56999969482422,20.950000762939453,20.469999313354492,20.520000457763672,41754000
2009-10-08,16.758609771728516,20.799999237060547,21.059999465942383,20.59000015258789,20.649999618530273,46644500
2009-10-09,16.750534057617188,20.739999771118164,21.030000686645508,20.65999984741211,20.739999771118164,39813300
2009-10-12,16.734378814697266,20.719999313354492,20.920000076293945,20.600000381469727,20.729999542236328,32400900
2009-10-13,16.887826919555664,20.90999984741211,20.979999542236328,20.649999618530273,20.75,27852300
2009-10-14,17.113962173461914,21.190000534057617,21.5,21.1200008392334,21.170000076293945,41225400
2009-10-15,17.218961715698242,21.31999969482422,21.31999969482422,20.989999771118164,21.049999237060547,30361300
2009-10-16,17.614709854125977,21.809999465942383,22.030000686645508,21.18000030517578,21.200000762939453,65051600
2009-10-19,18.107372283935547,22.420000076293945,22.489999771118164,21.8700008392334,22.020000457763672,51697400
2009-10-20,17.921615600585938,22.190000534057617,22.34000015258789,21.899999618530273,22.229999542236328,35900300
2009-10-21,17.792394638061523,22.030000686645508,22.399999618530273,22.0,22.100000381469727,31267500
2009-10-22,17.921615600585938,22.190000534057617,22.260000228881836,21.829999923706055,21.950000762939453,27044900
2009-10-23,17.808549880981445,22.049999237060547,22.469999313354492,21.950000762939453,22.260000228881836,31577900
2009-10-26,17.760086059570312,21.989999771118164,22.3799991607666,21.850000381469727,22.1299991607666,28175900
2009-10-27,17.663169860839844,21.8700008392334,22.229999542236328,21.799999237060547,21.8700008392334,28669700
2009-10-28,17.202817916870117,21.299999237060547,21.5,20.8700008392334,21.290000915527344,30525600
2009-10-29,17.323959350585938,21.450000762939453,21.469999313354492,21.200000762939453,21.420000076293945,32212000
2009-10-30,17.041290283203125,21.100000381469727,21.610000610351562,21.049999237060547,21.31999969482422,37101800
2009-11-02,17.033206939697266,21.09000015258789,21.219999313354492,20.799999237060547,21.059999465942383,27906900
2009-11-03,16.871679306030273,20.889999389648438,21.059999465942383,20.649999618530273,21.0,20646000
2009-11-04,16.879756927490234,20.899999618530273,21.200000762939453,20.649999618530273,20.81999969482422,32398300
2009-11-05,17.218961715698242,21.31999969482422,21.520000457763672,21.110000610351562,21.18000030517578,22058800
2009-11-06,17.29973793029785,21.420000076293945,21.579999923706055,21.110000610351562,21.170000076293945,22995100
2009-11-09,17.6308650970459,21.829999923706055,21.8700008392334,21.5,21.610000610351562,22678100
2009-11-10,17.606639862060547,21.799999237060547,21.8799991607666,21.600000381469727,21.639999389648438,22687100
2009-11-11,17.68740463256836,21.899999618530273,22.049999237060547,21.75,21.829999923706055,19488200
2009-11-12,17.80047035217285,22.040000915527344,22.1299991607666,21.940000534057617,22.010000228881836,24305100
2009-11-13,18.04276466369629,22.34000015258789,22.360000610351562,21.950000762939453,22.049999237060547,24660700
2009-11-16,18.438508987426758,22.829999923706055,22.889999389648438,22.299999237060547,22.360000610351562,33383000
2009-11-17,18.414278030395508,22.799999237060547,22.799999237060547,22.600000381469727,22.709999084472656,26126600
2009-11-18,18.414278030395508,22.799999237060547,22.81999969482422,22.540000915527344,22.65999984741211,14827600
2009-11-19,18.083141326904297,22.389999389648438,22.709999084472656,22.229999542236328,22.690000534057617,17651800
2009-11-20,18.04276466369629,22.34000015258789,22.389999389648438,22.18000030517578,22.270000457763672,24493900
2009-11-23,18.252750396728516,22.600000381469727,22.719999313354492,22.450000762939453,22.579999923706055,22713600
2009-11-24,17.8812313079834,22.139999389648438,22.700000762939453,22.09000015258789,22.700000762939453,24232600
2009-11-25,18.252750396728516,22.600000381469727,22.719999313354492,22.200000762939453,22.34000015258789,24123500
2009-11-27,17.84085464477539,22.09000015258789,22.299999237060547,22.0,22.15999984741211,12569100
2009-11-30,17.832775115966797,22.079999923706055,22.149999618530273,21.799999237060547,22.010000228881836,26291700
2009-12-01,18.123533248901367,22.440000534057617,22.56999969482422,22.079999923706055,22.15999984741211,28447900
2009-12-02,18.301210403442383,22.65999984741211,22.75,22.40999984741211,22.530000686645508,21160800
2009-12-03,18.285049438476562,22.639999389648438,22.90999984741211,22.600000381469727,22.65999984741211,22492500
2009-12-04,18.438508987426758,22.829999923706055,23.0,22.549999237060547,22.809999465942383,27814200
2009-12-07,18.15582847595215,22.479999542236328,22.889999389648438,22.350000381469727,22.719999313354492,24138100
2009-12-08,17.695472717285156,21.90999984741211,22.360000610351562,21.889999389648438,22.309999465942383,27902700
2009-12-09,17.72777557373047,21.950000762939453,22.020000457763672,21.6200008392334,21.989999771118164,28550400
2009-12-10,18.244670867919922,22.59000015258789,22.670000076293945,22.229999542236328,22.329999923706055,34877300
2009-12-11,18.398122787475586,22.780000686645508,22.860000610351562,22.489999771118164,22.700000762939453,26741900
2009-12-14,18.82617950439453,23.309999465942383,23.440000534057617,22.90999984741211,22.959999084472656,32293900
2009-12-15,18.705036163330078,23.15999984741211,23.459999084472656,23.059999465942383,23.110000610351562,24653700
2009-12-16,18.672725677490234,23.1200008392334,23.459999084472656,23.079999923706055,23.350000381469727,30037100
2009-12-17,18.47888946533203,22.8799991607666,23.190000534057617,22.770000457763672,23.06999969482422,35972600
2009-12-18,19.65804672241211,24.34000015258789,24.739999771118164,23.979999542236328,24.010000228881836,88246400
2009-12-21,19.730735778808594,24.43000030517578,24.56999969482422,24.219999313354492,24.389999389648438,26935500
2009-12-22,19.75496482849121,24.459999084472656,24.6299991607666,24.239999771118164,24.510000228881836,23847200
2009-12-23,19.973039627075195,24.729999542236328,24.75,24.360000610351562,24.459999084472656,19257800
2009-12-24,20.150707244873047,24.950000762939453,24.959999084472656,24.670000076293945,24.719999313354492,7782700
2009-12-28,20.166860580444336,24.969999313354492,24.989999771118164,24.719999313354492,24.829999923706055,15927500
2009-12-29,20.199169158935547,25.010000228881836,25.110000610351562,24.90999984741211,25.010000228881836,16214100
2009-12-30,20.13456153869629,24.93000030517578,25.049999237060547,24.700000762939453,24.920000076293945,18697400
2009-12-31,19.811500549316406,24.530000686645508,24.950000762939453,24.479999542236328,24.940000534057617,17714100
2010-01-04,20.069944381713867,24.850000381469727,25.190000534057617,24.65999984741211,24.65999984741211,26795000
2010-01-05,20.045724868774414,24.81999969482422,24.850000381469727,24.350000381469727,24.719999313354492,28669900
2010-01-06,19.75496482849121,24.459999084472656,24.920000076293945,24.3799991607666,24.770000457763672,24560700
2010-01-07,19.690353393554688,24.3799991607666,24.610000610351562,24.079999923706055,24.459999084472656,30469700
2010-01-08,19.932645797729492,24.68000030517578,24.75,24.25,24.280000686645508,23542400
2010-01-11,19.940723419189453,24.690000534057617,24.799999237060547,24.3700008392334,24.690000534057617,19002400
2010-01-12,19.83573341369629,24.559999465942383,24.610000610351562,24.309999465942383,24.559999465942383,26204600
2010-01-13,20.02956199645996,24.799999237060547,24.989999771118164,24.549999237060547,24.6299991607666,24912300
2010-01-14,20.507043838500977,25.34000015258789,25.579999923706055,25.049999237060547,25.1299991607666,44685200
2010-01-15,20.426111221313477,25.239999771118164,25.639999389648438,24.989999771118164,25.469999313354492,42296200
2010-01-19,20.49893569946289,25.329999923706055,25.5,25.1200008392334,25.31999969482422,22732200
2010-01-20,20.28044891357422,25.059999465942383,25.1299991607666,24.510000228881836,25.049999237060547,39971500
2010-01-21,20.094303131103516,24.829999923706055,25.540000915527344,24.59000015258789,25.190000534057617,41756100
2010-01-22,19.544002532958984,24.149999618530273,25.049999237060547,24.110000610351562,24.940000534057617,33681500
2010-01-25,19.446880340576172,24.030000686645508,24.270000457763672,23.81999969482422,24.239999771118164,26366600
2010-01-26,19.325496673583984,23.8799991607666,24.1299991607666,23.700000762939453,23.93000030517578,28746000
2010-01-27,19.30931282043457,23.860000610351562,24.049999237060547,23.540000915527344,23.899999618530273,28819300
2010-01-28,18.993696212768555,23.469999313354492,24.18000030517578,23.290000915527344,24.079999923706055,41245700
2010-01-29,18.661893844604492,23.059999465942383,23.829999923706055,22.979999542236328,23.649999618530273,49957800
2010-02-01,18.791372299194336,23.219999313354492,23.3799991607666,22.860000610351562,23.360000610351562,29572800
2010-02-02,19.228382110595703,23.760000228881836,23.850000381469727,23.239999771118164,23.329999923706055,32150600
2010-02-03,19.220293045043945,23.75,23.84000015258789,23.520000457763672,23.75,23101100
2010-02-04,18.702360153198242,23.110000610351562,23.780000686645508,23.100000381469727,23.610000610351562,33254900
2010-02-05,19.05843734741211,23.549999237060547,23.670000076293945,23.06999969482422,23.350000381469727,45919600
2010-02-08,18.710451126098633,23.1200008392334,23.649999618530273,23.100000381469727,23.540000915527344,32929200
2010-02-09,19.026065826416016,23.510000228881836,23.719999313354492,23.25,23.469999313354492,34084100
2010-02-10,18.702360153198242,23.110000610351562,23.610000610351562,22.920000076293945,23.510000228881836,40139200
2010-02-11,18.896577835083008,23.350000381469727,23.510000228881836,22.829999923706055,23.059999465942383,28159000
2010-02-12,18.94513702392578,23.40999984741211,23.5,22.969999313354492,23.110000610351562,33657700
2010-02-16,19.26884651184082,23.809999465942383,23.850000381469727,23.440000534057617,23.690000534057617,21582200
2010-02-17,19.568283081054688,24.18000030517578,24.280000686645508,23.940000534057617,23.950000762939453,26147200
2010-02-18,19.843433380126953,24.520000457763672,24.56999969482422,24.059999465942383,24.110000610351562,31679100
2010-02-19,19.68157196044922,24.31999969482422,24.540000915527344,24.18000030517578,24.40999984741211,25941000
2010-02-22,20.07811737060547,24.809999465942383,24.979999542236328,24.440000534057617,24.59000015258789,37081800
2010-02-23,19.81106185913086,24.479999542236328,24.889999389648438,24.3799991607666,24.809999465942383,25098300
2010-02-24,20.04575538635254,24.770000457763672,24.829999923706055,24.459999084472656,24.6299991607666,24530400
2010-02-25,20.126678466796875,24.8700008392334,24.899999618530273,24.209999084472656,24.450000762939453,29145200
2010-02-26,19.948644638061523,24.649999618530273,24.959999084472656,24.540000915527344,24.959999084472656,21048700
2010-03-01,20.021467208862305,24.739999771118164,24.90999984741211,24.540000915527344,24.600000381469727,19744300
2010-03-02,19.89198875427246,24.579999923706055,24.950000762939453,24.520000457763672,24.790000915527344,23535000
2010-03-03,19.82724952697754,24.5,24.690000534057617,24.399999618530273,24.510000228881836,20726400
2010-03-04,20.037660598754883,24.760000228881836,24.860000610351562,24.280000686645508,24.469999313354492,20925500
2010-03-05,20.19141960144043,24.950000762939453,25.0,24.84000015258789,24.860000610351562,19312900
2010-03-08,19.989103317260742,24.700000762939453,24.969999313354492,24.68000030517578,24.969999313354492,16843600
2010-03-09,20.134763717651367,24.8799991607666,25.100000381469727,24.559999465942383,24.600000381469727,21835800
2010-03-10,20.126678466796875,24.8700008392334,25.020000457763672,24.68000030517578,24.790000915527344,23095900
2010-03-11,20.345184326171875,25.139999389648438,25.25,24.799999237060547,24.799999237060547,24214600
2010-03-12,20.272350311279297,25.049999237060547,25.190000534057617,24.729999542236328,25.1200008392334,35344700
2010-03-15,20.458486557006836,25.280000686645508,25.3799991607666,24.8799991607666,24.920000076293945,22025300
2010-03-16,20.40183448791504,25.209999084472656,25.40999984741211,24.899999618530273,25.3799991607666,25478300
2010-03-17,20.612239837646484,25.469999313354492,25.700000762939453,25.139999389648438,25.229999542236328,30309400
2010-03-18,20.539403915405273,25.3799991607666,25.600000381469727,25.270000457763672,25.43000030517578,29185800
2010-03-19,20.385644912719727,25.190000534057617,25.729999542236328,24.950000762939453,25.549999237060547,45881000
2010-03-22,20.685073852539062,25.559999465942383,25.700000762939453,25.15999984741211,25.190000534057617,24945500
2010-03-23,21.033065795898438,25.989999771118164,26.0,25.540000915527344,25.670000076293945,25834200
2010-03-24,20.846940994262695,25.760000228881836,26.0,25.700000762939453,25.979999542236328,28837000
2010-03-25,21.073532104492188,26.040000915527344,26.25,25.719999313354492,25.950000762939453,54350900
2010-03-26,20.790281295776367,25.690000534057617,26.0,25.3700008392334,25.700000762939453,58562200
2010-03-29,20.69316864013672,25.56999969482422,25.850000381469727,25.40999984741211,25.649999618530273,28975300
2010-03-30,20.66888999938965,25.540000915527344,25.579999923706055,25.219999313354492,25.479999542236328,29819400
2010-03-31,20.806468963623047,25.709999084472656,25.790000915527344,25.299999237060547,25.329999923706055,27196400
2010-04-01,20.604150772094727,25.459999084472656,25.950000762939453,25.190000534057617,25.780000686645508,26562700
2010-04-05,20.70125961303711,25.579999923706055,25.739999771118164,25.350000381469727,25.510000228881836,19390200
2010-04-06,20.90358543395996,25.829999923706055,25.940000534057617,25.299999237060547,25.3700008392334,26937600
2010-04-07,20.968320846557617,25.90999984741211,25.989999771118164,25.75,25.760000228881836,29833200
2010-04-08,20.90358543395996,25.829999923706055,26.079999923706055,25.719999313354492,25.8799991607666,28266100
2010-04-09,21.146364212036133,26.1299991607666,26.139999389648438,25.649999618530273,25.799999237060547,19663700
2010-04-12,21.24366569519043,26.200000762939453,26.280000686645508,25.850000381469727,26.059999465942383,24773300
2010-04-13,21.365293502807617,26.350000381469727,26.6299991607666,26.0,26.010000228881836,33933000
2010-04-14,21.389616012573242,26.3799991607666,26.5,26.200000762939453,26.34000015258789,27920000
2010-04-15,21.24366569519043,26.200000762939453,26.399999618530273,26.139999389648438,26.290000915527344,23828200
2010-04-16,21.04095458984375,25.950000762939453,26.3700008392334,25.90999984741211,26.09000015258789,42289300
2010-04-19,21.23556137084961,26.190000534057617,26.299999237060547,25.8700008392334,25.979999542236328,27078800
2010-04-20,21.203128814697266,26.149999618530273,26.40999984741211,26.020000457763672,26.3799991607666,23703400
2010-04-21,21.316640853881836,26.290000915527344,26.329999923706055,25.979999542236328,26.1200008392334,24276800
2010-04-22,21.27610206604004,26.239999771118164,26.309999465942383,25.860000610351562,26.139999389648438,27275800
2010-04-23,21.470693588256836,26.479999542236328,26.520000457763672,26.15999984741211,26.170000076293945,27478900
2010-04-26,21.46257781982422,26.469999313354492,26.610000610351562,26.25,26.5,20080500
2010-04-27,21.06528091430664,25.979999542236328,26.520000457763672,25.899999618530273,26.34000015258789,26235700
2010-04-28,20.967985153198242,25.860000610351562,26.110000610351562,25.780000686645508,26.020000457763672,31820300
2010-04-29,21.057167053222656,25.969999313354492,26.139999389648438,25.709999084472656,25.989999771118164,18620100
2010-04-30,20.97609519958496,25.8700008392334,26.100000381469727,25.690000534057617,26.06999969482422,25567400
2010-05-03,21.08960723876953,26.010000228881836,26.149999618530273,25.709999084472656,26.049999237060547,19357000
2010-05-04,20.2463436126709,24.969999313354492,25.670000076293945,24.709999084472656,25.579999923706055,48382700
2010-05-05,20.222030639648438,24.940000534057617,25.1200008392334,24.6299991607666,24.850000381469727,33663600
2010-05-06,19.386869430541992,23.90999984741211,24.969999313354492,22.200000762939453,24.860000610351562,56242000
2010-05-07,18.98145866394043,23.40999984741211,24.25,23.110000610351562,23.920000076293945,63592900
2010-05-10,19.77606773376465,24.389999389648438,25.1299991607666,23.989999771118164,24.030000686645508,38947200
2010-05-11,19.613893508911133,24.190000534057617,24.610000610351562,24.110000610351562,24.25,29469800
2010-05-12,19.94634437561035,24.600000381469727,24.700000762939453,24.190000534057617,24.209999084472656,27116300
2010-05-13,19.654447555541992,24.239999771118164,24.549999237060547,24.200000762939453,24.420000076293945,22780300
2010-05-14,19.28146743774414,23.780000686645508,24.1200008392334,23.540000915527344,24.100000381469727,28736600
2010-05-17,19.24903106689453,23.739999771118164,23.889999389648438,23.329999923706055,23.889999389648438,22401200
2010-05-18,18.9976749420166,23.43000030517578,23.950000762939453,23.309999465942383,23.799999237060547,29926200
2010-05-19,18.803075790405273,23.190000534057617,23.5,23.020000457763672,23.219999313354492,29806500
2010-05-20,18.121980667114258,22.350000381469727,23.030000686645508,22.34000015258789,22.950000762939453,40313300
2010-05-21,17.967926025390625,22.15999984741211,22.360000610351562,21.549999237060547,21.6200008392334,63119700
2010-05-24,18.065221786499023,22.280000686645508,22.670000076293945,21.850000381469727,22.040000915527344,32817400
2010-05-25,18.000356674194336,22.200000762939453,22.200000762939453,21.6299991607666,21.770000457763672,41173900
2010-05-26,17.765220642089844,21.90999984741211,22.6200008392334,21.75,22.31999969482422,43317600
2010-05-27,18.3084659576416,22.579999923706055,22.610000610351562,22.270000457763672,22.350000381469727,29881400
2010-05-28,18.300363540649414,22.56999969482422,22.850000381469727,22.280000686645508,22.479999542236328,35878200
2010-06-01,18.000356674194336,22.200000762939453,22.84000015258789,22.149999618530273,22.420000076293945,32336200
2010-06-02,18.35712242126465,22.639999389648438,22.670000076293945,21.899999618530273,22.299999237060547,28371600
2010-06-03,18.51927947998047,22.84000015258789,22.950000762939453,22.540000915527344,22.709999084472656,28583600
2010-06-04,17.9435977935791,22.1299991607666,22.959999084472656,22.040000915527344,22.540000915527344,35094700
2010-06-07,17.59493637084961,21.700000762939453,22.290000915527344,21.690000534057617,22.1299991607666,25656900
2010-06-08,17.64358901977539,21.760000228881836,21.780000686645508,21.299999237060547,21.649999618530273,29552600
2010-06-09,17.465206146240234,21.540000915527344,22.09000015258789,21.479999542236328,21.770000457763672,22198300
2010-06-10,18.000356674194336,22.200000762939453,22.239999771118164,21.729999542236328,21.8799991607666,25018200
2010-06-11,18.397663116455078,22.690000534057617,22.75,21.989999771118164,22.030000686645508,30179600
2010-06-14,18.397663116455078,22.690000534057617,23.079999923706055,22.65999984741211,23.020000457763672,22318600
2010-06-15,18.81118392944336,23.200000762939453,23.239999771118164,22.65999984741211,22.790000915527344,24304500
2010-06-16,18.794965744018555,23.18000030517578,23.219999313354492,22.8799991607666,23.059999465942383,20702000
2010-06-17,18.705774307250977,23.06999969482422,23.18000030517578,22.920000076293945,23.110000610351562,22376600
2010-06-18,18.81118392944336,23.200000762939453,23.260000228881836,22.969999313354492,23.260000228881836,29538900
2010-06-21,18.721994400024414,23.09000015258789,23.65999984741211,22.979999542236328,23.3700008392334,19526100
2010-06-22,18.559829711914062,22.889999389648438,23.489999771118164,22.8799991607666,23.239999771118164,19107800
2010-06-23,18.389551162719727,22.68000030517578,23.010000228881836,22.6299991607666,22.969999313354492,23533600
2010-06-24,18.01657485961914,22.219999313354492,22.700000762939453,22.139999389648438,22.489999771118164,30313500
2010-06-25,18.37333869934082,22.65999984741211,23.25,22.559999465942383,23.139999389648438,62583800
2010-06-28,18.203065872192383,22.450000762939453,22.850000381469727,22.389999389648438,22.84000015258789,24643100
2010-06-29,17.635494232177734,21.75,22.100000381469727,21.579999923706055,22.020000457763672,34229000
2010-06-30,17.400339126586914,21.459999084472656,21.959999084472656,21.389999389648438,21.639999389648438,35301600
2010-07-01,17.473316192626953,21.549999237060547,21.68000030517578,21.239999771118164,21.459999084472656,38318200
2010-07-02,17.700347900390625,21.829999923706055,22.030000686645508,21.489999771118164,21.709999084472656,31784000
2010-07-06,18.0976505279541,22.31999969482422,22.709999084472656,22.0,22.0,39642400
2010-07-07,18.721994400024414,23.09000015258789,23.1200008392334,22.600000381469727,22.700000762939453,36663500
2010-07-08,18.8273983001709,23.219999313354492,23.34000015258789,22.959999084472656,23.139999389648438,27335600
2010-07-09,18.94901466369629,23.3700008392334,23.389999389648438,23.139999389648438,23.25,16258800
2010-07-12,18.997774124145508,23.3799991607666,23.479999542236328,23.110000610351562,23.209999084472656,19312200
2010-07-13,19.26592445373535,23.709999084472656,23.860000610351562,23.459999084472656,23.5,22207700
2010-07-14,19.452816009521484,23.940000534057617,24.190000534057617,23.719999313354492,23.850000381469727,34781800
2010-07-15,19.363431930541992,23.829999923706055,23.899999618530273,23.5,23.829999923706055,26060700
2010-07-16,18.90839958190918,23.270000457763672,23.950000762939453,23.25,23.799999237060547,30343000
2010-07-19,19.168418884277344,23.59000015258789,23.670000076293945,23.399999618530273,23.479999542236328,19688200
2010-07-20,19.436567306518555,23.920000076293945,23.969999313354492,23.040000915527344,23.270000457763672,38192700
2010-07-21,19.144041061401367,23.559999465942383,23.969999313354492,23.459999084472656,23.860000610351562,38740000
2010-07-22,19.753469467163086,24.309999465942383,24.40999984741211,23.700000762939453,23.719999313354492,32726500
2010-07-23,19.907854080200195,24.5,24.579999923706055,24.149999618530273,24.200000762939453,29755500
2010-07-26,20.0216121673584,24.639999389648438,24.670000076293945,24.350000381469727,24.450000762939453,27093000
2010-07-27,19.96472930908203,24.56999969482422,24.68000030517578,24.31999969482422,24.600000381469727,23800600
2010-07-28,19.729089736938477,24.280000686645508,24.59000015258789,24.170000076293945,24.549999237060547,21200100
2010-07-29,19.257801055908203,23.700000762939453,24.389999389648438,23.6299991607666,24.25,39976700
2010-07-30,19.209047317504883,23.639999389648438,23.829999923706055,23.399999618530273,23.56999969482422,48321700
2010-08-02,19.737218856811523,24.290000915527344,24.389999389648438,23.719999313354492,23.8700008392334,26652000
2010-08-03,19.672210693359375,24.209999084472656,24.34000015258789,24.059999465942383,24.309999465942383,16366100
2010-08-04,19.899730682373047,24.489999771118164,24.59000015258789,24.170000076293945,24.290000915527344,19989600
2010-08-05,19.737218856811523,24.290000915527344,24.440000534057617,24.139999389648438,24.280000686645508,18723600
2010-08-06,19.810340881347656,24.3799991607666,24.399999618530273,23.899999618530273,24.010000228881836,33734300
2010-08-09,19.71283531188965,24.260000228881836,24.59000015258789,24.239999771118164,24.399999618530273,20551400
2010-08-10,19.737218856811523,24.290000915527344,24.43000030517578,23.920000076293945,24.100000381469727,28063400
2010-08-11,19.225290298461914,23.65999984741211,23.940000534057617,23.559999465942383,23.90999984741211,25666300
2010-08-12,18.640254974365234,22.940000534057617,23.389999389648438,22.729999542236328,23.239999771118164,33737300
2010-08-13,18.412731170654297,22.65999984741211,22.940000534057617,22.510000228881836,22.760000228881836,29793400
2010-08-16,18.46148109436035,22.719999313354492,23.0,22.350000381469727,22.510000228881836,19511700
2010-08-17,18.729633331298828,23.049999237060547,23.239999771118164,22.719999313354492,22.860000610351562,22483000
2010-08-18,18.762136459350586,23.09000015258789,23.25,22.799999237060547,22.90999984741211,18984200
2010-08-19,18.689002990722656,23.0,23.15999984741211,22.81999969482422,22.860000610351562,26754800
2010-08-20,18.705257415771484,23.020000457763672,23.079999923706055,22.770000457763672,22.950000762939453,21985400
2010-08-23,18.558984756469727,22.84000015258789,23.299999237060547,22.829999923706055,23.059999465942383,18250200
2010-08-24,18.209585189819336,22.40999984741211,22.790000915527344,22.3799991607666,22.610000610351562,23293400
2010-08-25,18.21771812438965,22.420000076293945,22.549999237060547,22.030000686645508,22.219999313354492,18685900
2010-08-26,18.07957649230957,22.25,22.729999542236328,22.190000534057617,22.540000915527344,18884700
2010-08-27,18.29084587097168,22.510000228881836,22.549999237060547,21.950000762939453,22.3799991607666,21375200
2010-08-30,17.892690658569336,22.020000457763672,22.6200008392334,22.0,22.34000015258789,23318300
2010-08-31,17.746427536010742,21.84000015258789,21.93000030517578,21.65999984741211,21.920000076293945,41712400
2010-09-01,18.380226135253906,22.6200008392334,22.649999618530273,22.100000381469727,22.149999618530273,29085400
2010-09-02,18.266468048095703,22.479999542236328,22.719999313354492,22.350000381469727,22.610000610351562,18057800
2010-09-03,18.62399673461914,22.920000076293945,22.940000534057617,22.56999969482422,22.790000915527344,21256900
2010-09-07,19.71283531188965,24.260000228881836,24.690000534057617,24.010000228881836,24.559999465942383,113824400
2010-09-08,19.61532211303711,24.139999389648438,24.229999542236328,23.8799991607666,24.06999969482422,54705500
2010-09-09,19.76972007751465,24.329999923706055,24.5,24.209999084472656,24.31999969482422,25963700
2010-09-10,20.354764938354492,25.049999237060547,25.149999618530273,24.3799991607666,24.420000076293945,44266700
2010-09-13,20.403514862060547,25.110000610351562,25.420000076293945,25.110000610351562,25.139999389648438,46816700
2010-09-14,20.622907638549805,25.3799991607666,25.579999923706055,25.040000915527344,25.040000915527344,31261800
2010-09-15,20.915424346923828,25.739999771118164,25.790000915527344,25.170000076293945,25.270000457763672,37563600
2010-09-16,20.606660842895508,25.360000610351562,25.709999084472656,25.209999084472656,25.68000030517578,52951000
2010-09-17,22.329294204711914,27.479999542236328,27.6299991607666,26.399999618530273,26.440000534057617,150976500
2010-09-20,22.33742332458496,27.489999771118164,27.56999969482422,27.030000686645508,27.350000381469727,49729800
2010-09-21,21.792999267578125,26.81999969482422,27.360000610351562,26.700000762939453,27.329999923706055,82733900
2010-09-22,22.101781845092773,27.200000762939453,27.329999923706055,26.639999389648438,26.65999984741211,51969100
2010-09-23,22.036771774291992,27.1200008392334,27.489999771118164,26.959999084472656,26.959999084472656,33123300
2010-09-24,21.906761169433594,26.959999084472656,27.5,26.739999771118164,27.440000534057617,58136200
2010-09-27,21.89864158630371,26.950000762939453,27.1200008392334,26.780000686645508,26.860000610351562,34142900
2010-09-28,22.093650817871094,27.190000534057617,27.399999618530273,26.790000915527344,27.059999465942383,43256700
2010-09-29,22.07740592956543,27.170000076293945,27.299999237060547,26.93000030517578,27.06999969482422,36626800
2010-09-30,21.8173770904541,26.850000381469727,27.40999984741211,26.809999465942383,27.280000686645508,42880900
2010-10-01,22.13427734375,27.239999771118164,27.610000610351562,27.139999389648438,27.18000030517578,33690400
2010-10-04,21.8981990814209,26.899999618530273,27.360000610351562,26.889999389648438,27.020000457763672,36791900
2010-10-05,22.223827362060547,27.299999237060547,27.350000381469727,27.059999465942383,27.209999084472656,42520100
2010-10-06,22.451757431030273,27.579999923706055,27.860000610351562,27.239999771118164,27.299999237060547,50631600
2010-10-07,22.54131317138672,27.690000534057617,27.889999389648438,27.540000915527344,27.6299991607666,40611400
2010-10-08,22.793663024902344,28.0,28.079999923706055,27.309999465942383,27.59000015258789,33162900
2010-10-11,22.67156410217285,27.850000381469727,28.100000381469727,27.729999542236328,27.899999618530273,22649500
2010-10-12,22.752965927124023,27.950000762939453,28.0,27.40999984741211,27.75,27552500
2010-10-13,23.2821044921875,28.600000381469727,28.90999984741211,26.979999542236328,28.0,49145300
2010-10-14,23.062313079833984,28.329999923706055,28.700000762939453,28.110000610351562,28.65999984741211,38136000
2010-10-15,23.526321411132812,28.899999618530273,28.90999984741211,28.15999984741211,28.469999313354492,54775500
2010-10-18,23.79496192932129,29.229999542236328,29.229999542236328,28.579999923706055,28.729999542236328,35810300
2010-10-19,23.713546752929688,29.1299991607666,29.239999771118164,28.450000762939453,28.940000534057617,44673600
2010-10-20,23.314666748046875,28.639999389648438,29.18000030517578,28.600000381469727,29.010000228881836,39081700
2010-10-21,23.46119499206543,28.81999969482422,29.139999389648438,28.56999969482422,28.799999237060547,30191100
2010-10-22,23.599590301513672,28.989999771118164,29.030000686645508,28.729999542236328,28.84000015258789,16499800
2010-10-25,23.47747039794922,28.84000015258789,29.290000915527344,28.809999465942383,29.149999618530273,30650400
2010-10-26,23.306522369384766,28.6299991607666,28.84000015258789,28.540000915527344,28.709999084472656,28045400
2010-10-27,23.363506317138672,28.700000762939453,28.81999969482422,28.360000610351562,28.549999237060547,33890100
2010-10-28,23.900787353515625,29.360000610351562,29.479999542236328,28.5,28.81999969482422,35130600
2010-10-29,23.91706657409668,29.3799991607666,29.709999084472656,29.299999237060547,29.360000610351562,35074300
2010-11-01,23.713546752929688,29.1299991607666,29.549999237060547,28.93000030517578,29.520000457763672,21100000
2010-11-02,24.039188385009766,29.530000686645508,29.56999969482422,29.260000228881836,29.489999771118164,24201900
2010-11-03,23.770538330078125,29.200000762939453,29.56999969482422,28.989999771118164,29.549999237060547,30003800
2010-11-04,23.99033546447754,29.469999313354492,29.81999969482422,29.100000381469727,29.610000610351562,35709700
2010-11-05,23.811246871948242,29.25,29.5,28.979999542236328,29.299999237060547,28312700
2010-11-08,23.640287399291992,29.040000915527344,29.190000534057617,28.84000015258789,29.079999923706055,27179000
2010-11-09,23.39607048034668,28.739999771118164,29.25,28.610000610351562,29.059999465942383,34625800
2010-11-10,23.355371475219727,28.690000534057617,28.84000015258789,28.360000610351562,28.639999389648438,27841000
2010-11-11,23.2576847076416,28.56999969482422,28.579999923706055,27.68000030517578,28.190000534057617,37211000
2010-11-12,23.05416488647461,28.31999969482422,28.610000610351562,28.09000015258789,28.5,25818800
2010-11-15,23.119291305541992,28.399999618530273,28.770000457763672,28.280000686645508,28.350000381469727,21636700
2010-11-16,22.451757431030273,27.579999923706055,28.100000381469727,27.5,28.010000228881836,31206600
2010-11-17,22.72040367126465,27.90999984741211,28.110000610351562,27.489999771118164,27.510000228881836,24642700
2010-11-18,23.046030044555664,28.309999465942383,28.59000015258789,28.15999984741211,28.3700008392334,32649200
2010-11-19,22.915769577026367,28.149999618530273,28.3700008392334,28.030000686645508,28.31999969482422,25890900
2010-11-22,22.834369659423828,28.049999237060547,28.09000015258789,27.790000915527344,27.889999389648438,27618000
2010-11-23,22.1342830657959,27.190000534057617,27.81999969482422,27.079999923706055,27.75,31294200
2010-11-24,22.582014083862305,27.739999771118164,27.8799991607666,27.6200008392334,27.670000076293945,34983800
2010-11-26,22.37849998474121,27.489999771118164,27.6200008392334,27.34000015258789,27.579999923706055,12887500
2010-11-29,22.15869903564453,27.219999313354492,27.34000015258789,26.90999984741211,27.170000076293945,32610700
2010-11-30,22.020307540893555,27.049999237060547,27.1299991607666,26.809999465942383,26.920000076293945,38931000
2010-12-01,22.508747100830078,27.649999618530273,27.690000534057617,27.40999984741211,27.540000915527344,34781300
2010-12-02,22.875078201293945,28.100000381469727,28.18000030517578,27.690000534057617,27.809999465942383,32129900
2010-12-03,23.453060150146484,28.809999465942383,28.899999618530273,28.059999465942383,28.079999923706055,34454600
2010-12-06,23.387939453125,28.729999542236328,28.959999084472656,28.639999389648438,28.850000381469727,21150300
2010-12-07,23.6484317779541,29.049999237060547,29.3700008392334,28.940000534057617,29.059999465942383,32190500
2010-12-08,23.79496192932129,29.229999542236328,29.280000686645508,29.0,29.260000228881836,14874800
2010-12-09,23.819385528564453,29.260000228881836,29.489999771118164,29.040000915527344,29.350000381469727,18260200
2010-12-10,24.372943878173828,29.940000534057617,29.979999542236328,29.420000076293945,29.440000534057617,28562000
2010-12-13,24.763689041137695,30.420000076293945,30.719999313354492,29.56999969482422,29.989999771118164,45575200
2010-12-14,24.836957931518555,30.510000228881836,30.75,30.360000610351562,30.360000610351562,25351800
2010-12-15,24.820680618286133,30.489999771118164,30.700000762939453,30.260000228881836,30.59000015258789,30537600
2010-12-16,24.641578674316406,30.270000457763672,30.770000457763672,30.25,30.700000762939453,47435600
2010-12-17,25.610307693481445,31.459999084472656,32.27000045776367,31.3700008392334,31.920000076293945,92487100
2010-12-20,25.78127098083496,31.670000076293945,31.940000534057617,31.110000610351562,31.540000915527344,33568100
2010-12-21,25.85453224182129,31.760000228881836,32.0,31.59000015258789,31.649999618530273,20002800
2010-12-22,25.773122787475586,31.65999984741211,31.8799991607666,31.559999465942383,31.68000030517578,14019200
2010-12-23,25.675434112548828,31.540000915527344,31.700000762939453,31.40999984741211,31.530000686645508,13049400
2010-12-27,25.773122787475586,31.65999984741211,31.799999237060547,31.239999771118164,31.399999618530273,13822100
2010-12-28,25.699859619140625,31.56999969482422,31.760000228881836,31.40999984741211,31.65999984741211,9736000
2010-12-29,25.642881393432617,31.5,31.690000534057617,31.420000076293945,31.530000686645508,9769000
2010-12-30,25.471927642822266,31.290000915527344,31.579999923706055,31.209999084472656,31.450000762939453,12989400
2010-12-31,25.480066299438477,31.299999237060547,31.329999923706055,30.93000030517578,31.219999313354492,11716300
2011-01-03,25.74056053161621,31.6200008392334,31.940000534057617,31.520000457763672,31.59000015258789,20970400
2011-01-04,25.6265926361084,31.479999542236328,31.75,31.139999389648438,31.600000381469727,22870800
2011-01-05,25.26841163635254,31.040000915527344,31.440000534057617,30.979999542236328,31.31999969482422,36339600
2011-01-06,25.374242782592773,31.170000076293945,31.200000762939453,31.020000457763672,31.190000534057617,21859400
2011-01-07,25.26026725769043,31.030000686645508,31.34000015258789,30.93000030517578,31.239999771118164,27697900
2011-01-10,25.26841163635254,31.040000915527344,31.219999313354492,30.799999237060547,30.850000381469727,29719600
2011-01-11,25.227712631225586,30.989999771118164,31.100000381469727,30.860000610351562,31.079999923706055,26395300
2011-01-12,25.18700408935547,30.940000534057617,31.229999542236328,30.940000534057617,31.219999313354492,33963700
2011-01-13,25.38237953186035,31.18000030517578,31.389999389648438,30.899999618530273,30.969999313354492,43412400
2011-01-14,25.4802188873291,31.25,31.34000015258789,30.940000534057617,31.020000457763672,37934100
2011-01-18,25.708520889282227,31.530000686645508,31.549999237060547,31.229999542236328,31.260000228881836,26975900
2011-01-19,25.76559829711914,31.600000381469727,31.610000610351562,31.270000457763672,31.360000610351562,26939000
2011-01-20,26.344511032104492,32.310001373291016,32.349998474121094,31.469999313354492,31.469999313354492,47750700
2011-01-21,26.507583618164062,32.5099983215332,32.66999816894531,32.34000015258789,32.470001220703125,34482100
2011-01-24,26.417898178100586,32.400001525878906,32.650001525878906,32.06999969482422,32.58000183105469,20170200
2011-01-25,26.328205108642578,32.290000915527344,32.439998626708984,31.940000534057617,32.38999938964844,25926600
2011-01-26,26.54835319519043,32.560001373291016,32.72999954223633,32.15999984741211,32.310001373291016,21485600
2011-01-27,26.841882705688477,32.91999816894531,33.09000015258789,32.15999984741211,32.619998931884766,25635600
2011-01-28,26.091745376586914,32.0,33.29999923706055,31.829999923706055,33.20000076293945,30820300
2011-01-31,26.1162052154541,32.029998779296875,32.20000076293945,31.84000015258789,31.950000762939453,20820100
2011-02-01,27.102800369262695,33.2400016784668,33.43000030517578,32.11000061035156,32.16999816894531,32573400
2011-02-02,27.02127456665039,33.13999938964844,33.560001373291016,33.0,33.09000015258789,19358200
2011-02-03,26.89896583557129,32.9900016784668,33.15999984741211,32.720001220703125,32.97999954223633,17600900
2011-02-04,26.597274780273438,32.619998931884766,32.97999954223633,32.529998779296875,32.91999816894531,38691800
2011-02-07,26.89080810546875,32.97999954223633,33.290000915527344,32.54999923706055,32.70000076293945,22785100
2011-02-08,26.93157196044922,33.029998779296875,33.15999984741211,32.720001220703125,33.02000045776367,15418400
2011-02-09,26.817428588867188,32.88999938964844,33.099998474121094,32.61000061035156,33.040000915527344,17112700
2011-02-10,27.119112014770508,33.2599983215332,33.2599983215332,32.65999984741211,32.779998779296875,17237600
2011-02-11,27.290334701538086,33.470001220703125,33.59000015258789,33.029998779296875,33.06999969482422,17402300
2011-02-14,27.143577575683594,33.290000915527344,33.540000915527344,33.2400016784668,33.290000915527344,16438000
2011-02-15,26.711429595947266,32.7599983215332,33.150001525878906,32.61000061035156,33.119998931884766,19332100
2011-02-16,26.99680519104004,33.11000061035156,33.13999938964844,32.61000061035156,32.849998474121094,15829000
2011-02-17,26.915267944335938,33.0099983215332,33.20000076293945,32.7599983215332,32.970001220703125,14568900
2011-02-18,27.461565017700195,33.68000030517578,33.709999084472656,32.90999984741211,33.02000045776367,25539900
2011-02-22,26.523887634277344,32.529998779296875,33.65999984741211,32.52000045776367,33.290000915527344,24887800
2011-02-23,26.238508224487305,32.18000030517578,32.650001525878906,32.02000045776367,32.54999923706055,22154100
2011-02-24,26.29559898376465,32.25,32.40999984741211,31.639999389648438,32.099998474121094,23416200
2011-02-25,26.866342544555664,32.95000076293945,33.08000183105469,32.27000045776367,32.290000915527344,20850400
2011-02-28,26.825578689575195,32.900001525878906,33.22999954223633,32.68000030517578,33.060001373291016,19406700
2011-03-01,25.822673797607422,31.670000076293945,33.08000183105469,31.610000610351562,33.02000045776367,30423200
2011-03-02,26.189584732055664,32.119998931884766,32.36000061035156,31.549999237060547,31.579999923706055,23091500
2011-03-03,26.93157196044922,33.029998779296875,33.189998626708984,32.43000030517578,32.470001220703125,24169800
2011-03-04,26.711429595947266,32.7599983215332,33.099998474121094,32.220001220703125,32.9900016784668,19148900
2011-03-07,26.173282623291016,32.099998474121094,33.060001373291016,31.889999389648438,32.970001220703125,20474300
2011-03-08,26.695117950439453,32.7400016784668,33.0099983215332,32.189998626708984,32.34000015258789,21891800
2011-03-09,26.73588752746582,32.790000915527344,33.13999938964844,32.41999816894531,32.630001068115234,17217800
2011-03-10,25.928672790527344,31.799999237060547,32.459999084472656,31.510000228881836,32.369998931884766,29054200
2011-03-11,26.01836395263672,31.90999984741211,32.400001525878906,31.34000015258789,31.729999542236328,23705900
2011-03-14,25.757442474365234,31.59000015258789,31.860000610351562,31.270000457763672,31.520000457763672,18656500
2011-03-15,25.414995193481445,31.170000076293945,31.299999237060547,29.81999969482422,30.239999771118164,34600300
2011-03-16,24.62409210205078,30.200000762939453,31.059999465942383,29.6200008392334,30.920000076293945,45026200
2011-03-17,24.909460067749023,30.549999237060547,31.049999237060547,30.34000015258789,30.690000534057617,31529500
2011-03-18,25.080686569213867,30.760000228881836,31.190000534057617,30.610000610351562,30.979999542236328,34862100
2011-03-21,25.618833541870117,31.420000076293945,31.850000381469727,31.299999237060547,31.450000762939453,23199400
2011-03-22,25.38237762451172,31.1299991607666,31.540000915527344,31.059999465942383,31.389999389648438,20051900
2011-03-23,25.61067771911621,31.40999984741211,31.709999084472656,30.829999923706055,31.219999313354492,23159700
2011-03-24,26.20589828491211,32.13999938964844,32.33000183105469,31.5,31.780000686645508,38277500
2011-03-25,26.613576889038086,32.63999938964844,34.099998474121094,32.58000183105469,33.7400016784668,64967600
2011-03-28,26.54835319519043,32.560001373291016,32.88999938964844,32.400001525878906,32.83000183105469,31399500
2011-03-29,27.037578582763672,33.15999984741211,33.15999984741211,32.36000061035156,32.400001525878906,29950300
2011-03-30,26.94788360595703,33.04999923706055,33.43000030517578,33.0,33.27000045776367,25718200
2011-03-31,27.25771713256836,33.43000030517578,33.630001068115234,32.95000076293945,33.0,38234200
2011-04-01,27.738784790039062,34.02000045776367,34.099998474121094,33.61000061035156,33.70000076293945,43176800
2011-04-04,27.836624145507812,34.13999938964844,34.43000030517578,34.0099983215332,34.09000015258789,26743000
2011-04-05,27.657255172729492,33.91999816894531,34.400001525878906,33.90999984741211,34.290000915527344,30286100
2011-04-06,27.38002586364746,33.58000183105469,34.20000076293945,33.4900016784668,34.20000076293945,24782200
2011-04-07,27.49416732788086,33.720001220703125,34.06999969482422,33.29999923706055,33.599998474121094,22723600
2011-04-08,27.347414016723633,33.540000915527344,33.93000030517578,33.310001373291016,33.880001068115234,16136500
2011-04-11,27.592456817626953,33.779998779296875,33.849998474121094,33.540000915527344,33.540000915527344,15960300
2011-04-12,27.28207015991211,33.400001525878906,33.630001068115234,33.08000183105469,33.56999969482422,16948600
2011-04-13,27.527118682861328,33.70000076293945,33.970001220703125,33.4900016784668,33.56999969482422,24345500
2011-04-14,27.60879898071289,33.79999923706055,33.880001068115234,33.20000076293945,33.33000183105469,17962100
2011-04-15,27.9191951751709,34.18000030517578,34.29999923706055,33.68000030517578,33.97999954223633,25468400
2011-04-18,27.469940185546875,33.630001068115234,33.779998779296875,33.279998779296875,33.66999816894531,20226500
2011-04-19,27.502620697021484,33.66999816894531,33.84000015258789,33.47999954223633,33.540000915527344,20452400
2011-04-20,27.862024307250977,34.11000061035156,34.369998931884766,33.83000183105469,34.18000030517578,24798400
2011-04-21,28.384784698486328,34.75,34.790000915527344,34.099998474121094,34.11000061035156,21125800
2011-04-25,28.45013427734375,34.83000183105469,34.86000061035156,34.560001373291016,34.70000076293945,12163000
2011-04-26,28.564485549926758,34.970001220703125,35.279998779296875,34.720001220703125,34.810001373291016,30391000
2011-04-27,28.79318618774414,35.25,35.290000915527344,34.83000183105469,35.04999923706055,21990200
2011-04-28,28.825864791870117,35.290000915527344,35.349998474121094,34.709999084472656,35.029998779296875,22995700
2011-04-29,29.37314224243164,35.959999084472656,36.04999923706055,35.209999084472656,35.290000915527344,94242100
2011-05-02,29.70804214477539,36.369998931884766,36.439998626708984,35.83000183105469,35.84000015258789,30058600
2011-05-03,29.520177841186523,36.13999938964844,36.5,35.869998931884766,36.45000076293945,24946200
2011-05-04,28.79318618774414,35.25,36.16999816894531,34.95000076293945,36.119998931884766,38886400
2011-05-05,28.31943130493164,34.66999816894531,35.369998931884766,34.56999969482422,35.04999923706055,23245400
2011-05-06,28.482799530029297,34.869998931884766,35.560001373291016,34.83000183105469,35.119998931884766,23885400
2011-05-09,28.752355575561523,35.20000076293945,35.45000076293945,34.810001373291016,34.88999938964844,16272500
2011-05-10,29.095422744750977,35.619998931884766,35.65999984741211,35.22999954223633,35.4900016784668,17015600
2011-05-11,28.572654724121094,34.97999954223633,35.70000076293945,34.720001220703125,35.529998779296875,20854300
2011-05-12,29.185285568237305,35.72999954223633,35.75,34.810001373291016,34.900001525878906,23096900
2011-05-13,28.744176864624023,35.189998626708984,35.91999816894531,35.13999938964844,35.77000045776367,20438800
2011-05-16,27.9191951751709,34.18000030517578,35.09000015258789,34.02000045776367,35.08000183105469,31350300
2011-05-17,27.723148345947266,33.939998626708984,34.290000915527344,33.709999084472656,34.029998779296875,27856100
2011-05-18,27.698646545410156,33.90999984741211,34.22999954223633,33.54999923706055,34.0,30005900
2011-05-19,28.18057632446289,34.5,34.56999969482422,33.9900016784668,34.04999923706055,22741400
2011-05-20,27.992706298828125,34.27000045776367,34.599998474121094,34.040000915527344,34.459999084472656,16484100
2011-05-23,27.08602523803711,33.15999984741211,33.7400016784668,32.959999084472656,33.68000030517578,29985800
2011-05-24,26.988014221191406,33.040000915527344,33.41999816894531,32.91999816894531,33.27000045776367,21893400
2011-05-25,26.947174072265625,32.9900016784668,33.380001068115234,32.93000030517578,33.0,23042300
2011-05-26,27.28207015991211,33.400001525878906,33.59000015258789,33.0099983215332,33.13999938964844,20948100
2011-05-27,27.527118682861328,33.70000076293945,33.849998474121094,33.400001525878906,33.41999816894531,16918600
2011-05-31,27.951862335205078,34.220001220703125,34.22999954223633,33.31999969482422,33.90999984741211,30783300
2011-06-01,26.85732078552246,32.880001068115234,34.29999923706055,32.83000183105469,34.22999954223633,31762600
2011-06-02,26.726633071899414,32.720001220703125,32.880001068115234,32.08000183105469,32.869998931884766,38255500
2011-06-03,26.408061981201172,32.33000183105469,32.7599983215332,32.209999084472656,32.2400016784668,23808200
2011-06-06,26.293699264526367,32.189998626708984,32.58000183105469,32.06999969482422,32.150001525878906,21677600
2011-06-07,26.007822036743164,31.84000015258789,32.29999923706055,31.829999923706055,32.2400016784668,28218700
2011-06-08,25.525876998901367,31.25,31.850000381469727,31.139999389648438,31.75,36607500
2011-06-09,25.836275100708008,31.6299991607666,31.93000030517578,31.280000686645508,31.360000610351562,21647100
2011-06-10,25.468708038330078,31.18000030517578,31.649999618530273,31.1200008392334,31.420000076293945,23747000
2011-06-13,25.836275100708008,31.6299991607666,31.850000381469727,31.1200008392334,31.25,26716600
2011-06-14,26.2038516998291,32.08000183105469,32.20000076293945,31.829999923706055,31.989999771118164,23067400
2011-06-15,25.452377319335938,31.15999984741211,31.989999771118164,31.059999465942383,31.729999542236328,34512600
2011-06-16,25.158313751220703,30.799999237060547,31.270000457763672,30.649999618530273,31.15999984741211,29868500
2011-06-17,25.468708038330078,31.18000030517578,31.809999465942383,31.18000030517578,31.350000381469727,42812400
2011-06-20,26.06499481201172,31.90999984741211,31.989999771118164,31.25,31.350000381469727,23408300
2011-06-21,26.66944694519043,32.650001525878906,32.709999084472656,31.75,32.09000015258789,26941600
2011-06-22,26.301868438720703,32.20000076293945,32.58000183105469,32.13999938964844,32.58000183105469,25940800
2011-06-23,26.514236450195312,32.459999084472656,32.54999923706055,31.329999923706055,31.899999618530273,54354600
2011-06-24,25.4360294342041,31.139999389648438,31.709999084472656,30.950000762939453,31.489999771118164,75120900
2011-06-27,25.795440673828125,31.579999923706055,31.829999923706055,30.860000610351562,30.979999542236328,29585600
2011-06-28,26.41623306274414,32.34000015258789,32.369998931884766,31.3700008392334,31.690000534057617,32746800
2011-06-29,26.489748001098633,32.43000030517578,32.68000030517578,32.209999084472656,32.400001525878906,27305700
2011-06-30,26.881820678710938,32.90999984741211,32.939998626708984,32.5099983215332,32.630001068115234,22182400
2011-07-01,26.99616813659668,33.04999923706055,33.20000076293945,32.47999954223633,32.88999938964844,25382300
2011-07-05,27.004344940185547,33.060001373291016,33.13999938964844,32.790000915527344,33.0099983215332,21406400
2011-07-06,27.12687110900879,33.209999084472656,33.25,32.869998931884766,33.0,22363900
2011-07-07,27.845678329467773,34.09000015258789,34.130001068115234,33.400001525878906,33.470001220703125,29886000
2011-07-08,27.723148345947266,33.939998626708984,33.939998626708984,33.41999816894531,33.7400016784668,23909600
2011-07-11,27.117631912231445,33.13999938964844,33.65999984741211,32.900001525878906,33.61000061035156,21943300
2011-07-12,26.67576026916504,32.599998474121094,33.470001220703125,32.52000045776367,33.31999969482422,35092400
2011-07-13,26.74940299987793,32.689998626708984,33.290000915527344,32.59000015258789,32.86000061035156,36497800
2011-07-14,26.2257080078125,32.04999923706055,33.099998474121094,31.860000610351562,32.79999923706055,32194500
2011-07-15,26.258447647094727,32.09000015258789,32.2599983215332,31.84000015258789,32.150001525878906,25404600
2011-07-18,25.76747703552246,31.489999771118164,31.940000534057617,31.200000762939453,31.829999923706055,25253300
2011-07-19,26.708492279052734,32.63999938964844,32.66999816894531,31.889999389648438,31.90999984741211,26835500
2011-07-20,26.250259399414062,32.08000183105469,32.599998474121094,32.060001373291016,32.439998626708984,23074700
2011-07-21,26.569385528564453,32.470001220703125,32.75,32.060001373291016,32.189998626708984,24516200
2011-07-22,26.634849548339844,32.54999923706055,32.66999816894531,32.099998474121094,32.369998931884766,21378100
2011-07-25,26.356630325317383,32.209999084472656,32.439998626708984,32.040000915527344,32.25,20806100
2011-07-26,26.307538986206055,32.150001525878906,32.52000045776367,31.84000015258789,32.25,33568300
2011-07-27,25.129226684570312,30.709999084472656,31.84000015258789,30.6200008392334,31.809999465942383,43084500
2011-07-28,25.09648895263672,30.670000076293945,31.149999618530273,30.6299991607666,30.700000762939453,29323100
2011-07-29,25.022846221923828,30.579999923706055,31.190000534057617,30.260000228881836,30.520000457763672,38200600
2011-08-01,24.638259887695312,30.110000610351562,31.209999084472656,29.559999465942383,30.969999313354492,38566100
2011-08-02,24.180028915405273,29.549999237060547,30.399999618530273,29.520000457763672,29.790000915527344,40691000
2011-08-03,24.703723907470703,30.190000534057617,30.350000381469727,29.149999618530273,29.5,44046200
2011-08-04,23.631778717041016,28.8799991607666,29.8700008392334,28.84000015258789,29.84000015258789,49433400
2011-08-05,23.198101043701172,28.350000381469727,29.420000076293945,27.5,29.329999923706055,82201300
2011-08-08,21.29151153564453,26.020000457763672,28.040000915527344,25.959999084472656,27.469999313354492,80848500
2011-08-09,22.584386825561523,27.600000381469727,27.600000381469727,25.809999465942383,26.459999084472656,82425600
2011-08-10,21.667924880981445,26.479999542236328,27.510000228881836,26.110000610351562,26.799999237060547,82821600
2011-08-11,22.66621971130371,27.700000762939453,28.030000686645508,26.3700008392334,26.5,58279300
2011-08-12,22.412548065185547,27.389999389648438,27.829999923706055,26.989999771118164,27.829999923706055,43238500
2011-08-15,22.617116928100586,27.639999389648438,27.860000610351562,27.15999984741211,27.420000076293945,38334100
2011-08-16,22.55984115600586,27.56999969482422,27.959999084472656,27.229999542236328,27.420000076293945,37615100
2011-08-17,22.478012084960938,27.469999313354492,28.049999237060547,27.06999969482422,27.649999618530273,34073800
2011-08-18,20.612342834472656,25.190000534057617,26.489999771118164,24.719999313354492,26.459999084472656,78449700
2011-08-19,20.276853561401367,24.780000686645508,25.600000381469727,24.75,24.81999969482422,46790600
2011-08-22,20.505970001220703,25.059999465942383,25.6200008392334,24.809999465942383,25.40999984741211,37825100
2011-08-23,21.438804626464844,26.200000762939453,26.209999084472656,25.15999984741211,25.190000534057617,36867400
2011-08-24,21.831565856933594,26.68000030517578,26.729999542236328,26.010000228881836,26.110000610351562,31588800
2011-08-25,21.193323135375977,25.899999618530273,27.049999237060547,25.729999542236328,26.850000381469727,38264000
2011-08-26,21.807022094726562,26.649999618530273,26.829999923706055,25.479999542236328,25.8799991607666,34449300
2011-08-29,22.838050842285156,27.90999984741211,27.959999084472656,27.020000457763672,27.049999237060547,28945400
2011-08-30,22.805320739746094,27.8700008392334,28.040000915527344,27.459999084472656,27.809999465942383,29944300
2011-08-31,22.968976974487305,28.06999969482422,28.610000610351562,27.709999084472656,27.860000610351562,31444600
2011-09-01,22.780771255493164,27.84000015258789,28.670000076293945,27.75,28.030000686645508,34199100
2011-09-02,22.06886863708496,26.969999313354492,27.450000762939453,26.780000686645508,27.229999542236328,30297500
2011-09-06,21.676103591918945,26.489999771118164,26.81999969482422,25.709999084472656,26.030000686645508,30907700
2011-09-07,22.60894203186035,27.6299991607666,27.6299991607666,26.75,26.979999542236328,26106200
2011-09-08,21.864303588867188,26.719999313354492,27.530000686645508,26.3700008392334,27.450000762939453,50386300
2011-09-09,21.275146484375,26.0,26.600000381469727,25.770000457763672,26.420000076293945,38961600
2011-09-12,21.88884735107422,26.75,26.770000457763672,25.899999618530273,25.920000076293945,37358200
2011-09-13,22.682580947875977,27.719999313354492,27.790000915527344,26.760000228881836,26.81999969482422,42359400
2011-09-14,23.034433364868164,28.149999618530273,28.579999923706055,27.65999984741211,28.020000457763672,34972000
2011-09-15,23.68906021118164,28.950000762939453,29.0,28.260000228881836,28.610000610351562,28846400
2011-09-16,23.918176651000977,29.229999542236328,29.299999237060547,28.799999237060547,29.040000915527344,58059500
2011-09-19,23.746335983276367,29.020000457763672,29.239999771118164,28.170000076293945,28.739999771118164,34514300
2011-09-20,23.198101043701172,28.350000381469727,29.360000610351562,28.219999313354492,29.239999771118164,50913400
2011-09-21,24.171833038330078,29.540000915527344,30.959999084472656,29.469999313354492,29.809999465942383,83318400
2011-09-22,23.189910888671875,28.34000015258789,29.030000686645508,27.829999923706055,28.739999771118164,61371400
2011-09-23,23.648143768310547,28.899999618530273,29.079999923706055,27.809999465942383,28.100000381469727,43991700
2011-09-26,24.310945510864258,29.709999084472656,29.790000915527344,28.649999618530273,29.059999465942383,37762600
2011-09-27,24.654619216918945,30.1299991607666,30.579999923706055,29.760000228881836,30.25,38514400
2011-09-28,24.098194122314453,29.450000762939453,30.40999984741211,29.420000076293945,30.239999771118164,31357100
2011-09-29,24.261852264404297,29.649999618530273,30.6200008392334,29.079999923706055,29.979999542236328,44358800
2011-09-30,23.5172176361084,28.739999771118164,29.739999771118164,28.739999771118164,29.260000228881836,42188000
2011-10-03,22.862600326538086,27.940000534057617,29.010000228881836,27.920000076293945,28.59000015258789,45214600
2011-10-04,23.47631072998047,28.690000534057617,28.770000457763672,27.0,27.440000534057617,50300200
2011-10-05,24.14729118347168,29.510000228881836,29.59000015258789,28.389999389648438,28.649999618530273,43277100
2011-10-06,24.605525970458984,30.06999969482422,30.100000381469727,28.979999542236328,29.459999084472656,34994100
2011-10-07,24.52353858947754,29.90999984741211,30.34000015258789,29.549999237060547,30.049999237060547,37977000
2011-10-10,25.39263916015625,30.969999313354492,31.030000686645508,30.219999313354492,30.43000030517578,27708200
2011-10-11,25.35984230041504,30.93000030517578,31.200000762939453,30.729999542236328,30.899999618530273,25382700
2011-10-12,25.507429122924805,31.110000610351562,31.549999237060547,31.079999923706055,31.3700008392334,30322800
2011-10-13,25.532026290893555,31.139999389648438,31.299999237060547,30.56999969482422,30.959999084472656,27161500
2011-10-14,26.11416244506836,31.850000381469727,31.860000610351562,31.270000457763672,31.559999465942383,23613200
2011-10-17,25.60581398010254,31.229999542236328,31.75,30.950000762939453,31.59000015258789,25074700
2011-10-18,26.138761520385742,31.8799991607666,32.0,30.770000457763672,31.139999389648438,29754800
2011-10-19,25.818998336791992,31.489999771118164,32.18000030517578,31.25,31.829999923706055,25586300
2011-10-20,25.851787567138672,31.530000686645508,31.75,30.8799991607666,31.59000015258789,25102300
2011-10-21,26.33553695678711,32.119998931884766,32.25,31.81999969482422,31.940000534057617,32837700
2011-10-24,26.950468063354492,32.869998931884766,32.91999816894531,32.0099983215332,32.0099983215332,27941900
2011-10-25,26.540512084960938,32.369998931884766,32.95000076293945,32.27000045776367,32.91999816894531,30540900
2011-10-26,26.565113067626953,32.400001525878906,32.7599983215332,31.559999465942383,32.72999954223633,33683500
2011-10-27,27.598194122314453,33.65999984741211,33.810001373291016,32.95000076293945,33.09000015258789,35578800
2011-10-28,27.6227970123291,33.689998626708984,33.79999923706055,33.400001525878906,33.5,26333800
2011-10-31,26.86847686767578,32.77000045776367,33.369998931884766,32.7599983215332,33.25,28859900
2011-11-01,25.98297882080078,31.690000534057617,32.209999084472656,31.6200008392334,31.959999084472656,31480100
2011-11-02,26.466716766357422,32.279998779296875,32.63999938964844,31.799999237060547,31.959999084472656,26470800
2011-11-03,27.147260665893555,33.11000061035156,33.150001525878906,32.18000030517578,32.2599983215332,27467100
2011-11-04,26.68809700012207,32.54999923706055,32.880001068115234,32.119998931884766,32.81999969482422,23837800
2011-11-07,26.950468063354492,32.869998931884766,32.91999816894531,31.799999237060547,32.38999938964844,23980000
2011-11-08,27.557209014892578,33.61000061035156,33.7599983215332,32.849998474121094,33.130001068115234,30171400
2011-11-09,25.900989532470703,31.59000015258789,32.84000015258789,31.440000534057617,32.84000015258789,36933000
2011-11-10,26.015771865844727,31.729999542236328,32.029998779296875,31.299999237060547,31.940000534057617,25303800
2011-11-11,26.540512084960938,32.369998931884766,32.7599983215332,32.0,32.02000045776367,21664700
2011-11-14,26.483121871948242,32.29999923706055,32.5099983215332,32.08000183105469,32.29999923706055,16781600
2011-11-15,27.02425765991211,32.959999084472656,33.15999984741211,32.13999938964844,32.209999084472656,21397300
2011-11-16,26.228952407836914,31.989999771118164,33.060001373291016,31.989999771118164,32.599998474121094,24295200
2011-11-17,25.269651412963867,30.81999969482422,32.0,30.469999313354492,31.850000381469727,41500400
2011-11-18,25.089269638061523,30.600000381469727,30.889999389648438,30.290000915527344,30.729999542236328,26601000
2011-11-21,24.52353858947754,29.90999984741211,30.350000381469727,29.540000915527344,30.190000534057617,25360400
2011-11-22,24.441547393798828,29.809999465942383,29.920000076293945,29.270000457763672,29.579999923706055,25437400
2011-11-23,23.777414321899414,29.0,29.59000015258789,28.989999771118164,29.5,24399700
2011-11-25,23.564239501953125,28.739999771118164,29.329999923706055,28.610000610351562,28.68000030517578,13641400
2011-11-28,24.49074363708496,29.8700008392334,30.059999465942383,29.360000610351562,29.450000762939453,21067200
2011-11-29,24.38414764404297,29.739999771118164,30.15999984741211,29.690000534057617,29.93000030517578,20155800
2011-11-30,25.704206466674805,31.350000381469727,31.459999084472656,30.649999618530273,30.690000534057617,31879500
2011-12-01,25.966571807861328,31.670000076293945,31.780000686645508,31.139999389648438,31.399999618530273,22197000
2011-12-02,25.58121681213379,31.200000762939453,32.04999923706055,31.200000762939453,32.0,22391200
2011-12-05,26.1551570892334,31.899999618530273,32.2400016784668,31.549999237060547,31.809999465942383,19992200
2011-12-06,26.015771865844727,31.729999542236328,32.11000061035156,31.540000915527344,32.040000915527344,21049900
2011-12-07,25.859996795654297,31.540000915527344,31.809999465942383,30.81999969482422,31.290000915527344,31366000
2011-12-08,25.20406150817871,30.739999771118164,31.5,30.649999618530273,31.239999771118164,24494300
2011-12-09,25.98297882080078,31.690000534057617,31.850000381469727,30.809999465942383,30.84000015258789,22621000
2011-12-12,25.679616928100586,31.31999969482422,31.399999618530273,30.770000457763672,31.399999618530273,22536100
2011-12-13,25.277854919433594,30.829999923706055,31.899999618530273,30.600000381469727,31.690000534057617,25309900
2011-12-14,24.49074363708496,29.8700008392334,30.75,29.75,30.670000076293945,26644600
2011-12-15,23.8020076751709,29.030000686645508,30.200000762939453,28.809999465942383,30.139999389648438,43170300
2011-12-16,23.949594497680664,29.209999084472656,30.06999969482422,28.959999084472656,29.260000228881836,46100600
2011-12-19,23.457651138305664,28.610000610351562,29.440000534057617,28.5,29.40999984741211,24849700
2011-12-20,23.91680335998535,29.170000076293945,29.489999771118164,28.8700008392334,29.059999465942383,46428300
2011-12-21,21.129104614257812,25.770000457763672,25.989999771118164,24.90999984741211,25.670000076293945,183503900
2011-12-22,21.063514709472656,25.690000534057617,25.8700008392334,25.3799991607666,25.860000610351562,44203700
2011-12-23,21.36688232421875,26.059999465942383,26.079999923706055,25.75,25.799999237060547,32292800
2011-12-27,21.01432228088379,25.6299991607666,26.200000762939453,25.559999465942383,26.059999465942383,21312400
2011-12-28,20.915925979614258,25.510000228881836,25.760000228881836,25.329999923706055,25.68000030517578,25412300
2011-12-29,21.153703689575195,25.799999237060547,25.84000015258789,25.5,25.670000076293945,19249800
2011-12-30,21.030717849731445,25.649999618530273,25.8799991607666,25.6200008392334,25.729999542236328,19168800
2012-01-03,21.202892303466797,25.860000610351562,26.65999984741211,25.829999923706055,26.329999923706055,37911800
2012-01-04,21.325885772705078,26.010000228881836,26.229999542236328,25.549999237060547,25.950000762939453,45418500
2012-01-05,21.801429748535156,26.59000015258789,26.899999618530273,25.90999984741211,26.010000228881836,50873400
2012-01-06,22.080198287963867,26.93000030517578,27.149999618530273,26.360000610351562,26.670000076293945,55685000
2012-01-09,22.21168327331543,27.030000686645508,27.1200008392334,26.65999984741211,26.899999618530273,38481100
2012-01-10,22.16237449645996,26.969999313354492,27.600000381469727,26.850000381469727,27.18000030517578,48976300
2012-01-11,22.09663963317871,26.889999389648438,27.100000381469727,26.75,26.989999771118164,30836000
2012-01-12,22.326719284057617,27.170000076293945,27.260000228881836,26.6200008392334,27.020000457763672,31775700
2012-01-13,22.46641731262207,27.34000015258789,27.3700008392334,26.850000381469727,27.040000915527344,31482600
2012-01-17,22.729373931884766,27.65999984741211,27.8799991607666,27.479999542236328,27.68000030517578,35769400
2012-01-18,23.28816032409668,28.34000015258789,28.450000762939453,27.610000610351562,27.709999084472656,35343800
2012-01-19,23.468942642211914,28.559999465942383,28.799999237060547,28.25,28.479999542236328,36353100
2012-01-20,23.59220314025879,28.709999084472656,28.950000762939453,28.270000457763672,28.389999389648438,37014000
2012-01-23,23.329246520996094,28.389999389648438,28.90999984741211,28.280000686645508,28.729999542236328,27438400
2012-01-24,23.427858352661133,28.510000228881836,28.739999771118164,28.25,28.329999923706055,23700900
2012-01-25,23.427858352661133,28.510000228881836,28.639999389648438,27.959999084472656,28.260000228881836,39274500
2012-01-26,23.2470760345459,28.290000915527344,28.84000015258789,28.149999618530273,28.559999465942383,34646400
2012-01-27,23.353899002075195,28.420000076293945,28.6299991607666,28.1299991607666,28.239999771118164,24561500
2012-01-30,23.501811981201172,28.600000381469727,28.690000534057617,28.020000457763672,28.190000534057617,23294900
2012-01-31,23.181339263916016,28.209999084472656,28.739999771118164,28.049999237060547,28.729999542236328,32744000
2012-02-01,23.73189926147461,28.8799991607666,28.940000534057617,28.110000610351562,28.479999542236328,38240800
2012-02-02,23.67438316345215,28.809999465942383,29.25,28.709999084472656,28.8700008392334,27334400
2012-02-03,23.9208984375,29.110000610351562,29.219999313354492,28.780000686645508,29.1299991607666,26277200
2012-02-06,23.830507278442383,29.0,29.06999969482422,28.809999465942383,29.030000686645508,16582600
2012-02-07,23.789424896240234,28.950000762939453,29.0,28.75,28.90999984741211,20291700
2012-02-08,23.608640670776367,28.729999542236328,28.989999771118164,28.3799991607666,28.920000076293945,29842600
2012-02-09,23.740114212036133,28.889999389648438,28.899999618530273,28.350000381469727,28.850000381469727,31795300
2012-02-10,23.419649124145508,28.5,28.639999389648438,28.280000686645508,28.549999237060547,30232000
2012-02-13,23.36211585998535,28.43000030517578,28.670000076293945,28.350000381469727,28.59000015258789,20015200
2012-02-14,23.205984115600586,28.239999771118164,28.450000762939453,28.030000686645508,28.31999969482422,30267900
2012-02-15,22.992328643798828,27.979999542236328,28.350000381469727,27.920000076293945,28.100000381469727,34620600
2012-02-16,23.789424896240234,28.950000762939453,29.0,28.1299991607666,28.15999984741211,36380600
2012-02-17,23.657943725585938,28.790000915527344,29.030000686645508,28.639999389648438,29.030000686645508,34061000
2012-02-21,23.616857528686523,28.739999771118164,28.979999542236328,28.489999771118164,28.799999237060547,20612200
2012-02-22,23.46072769165039,28.549999237060547,29.079999923706055,28.5,28.719999313354492,25207600
2012-02-23,23.67438316345215,28.809999465942383,28.8799991607666,28.31999969482422,28.610000610351562,25319100
2012-02-24,24.035951614379883,29.25,29.540000915527344,28.84000015258789,29.059999465942383,24952400
2012-02-27,24.044158935546875,29.260000228881836,29.3799991607666,28.760000228881836,29.0,30419400
2012-02-28,24.15098762512207,29.389999389648438,29.389999389648438,29.0,29.239999771118164,29889400
2012-02-29,24.035951614379883,29.25,29.440000534057617,29.020000457763672,29.399999618530273,33160700
2012-03-01,24.512557983398438,29.829999923706055,29.969999313354492,29.229999542236328,29.399999618530273,32909600
2012-03-02,24.61937713623047,29.959999084472656,30.25,29.760000228881836,29.850000381469727,28177200
2012-03-05,24.84946632385254,30.239999771118164,30.420000076293945,29.920000076293945,30.239999771118164,33786600
2012-03-06,24.60294532775879,29.940000534057617,30.399999618530273,29.709999084472656,29.940000534057617,28971600
2012-03-07,24.833026885986328,30.219999313354492,30.280000686645508,29.829999923706055,30.049999237060547,23691100
2012-03-08,24.70977210998535,30.06999969482422,30.440000534057617,29.850000381469727,30.399999618530273,30927300
2012-03-09,24.759075164794922,30.1299991607666,30.290000915527344,29.899999618530273,30.049999237060547,30056300
2012-03-12,24.413944244384766,29.709999084472656,29.920000076293945,29.200000762939453,29.719999313354492,40933900
2012-03-13,24.759075164794922,30.1299991607666,30.229999542236328,29.90999984741211,29.989999771118164,32329200
2012-03-14,24.520769119262695,29.84000015258789,30.15999984741211,29.690000534057617,30.0,30994400
2012-03-15,24.701560974121094,30.059999465942383,30.1299991607666,29.739999771118164,29.959999084472656,35528500
2012-03-16,24.438596725463867,29.739999771118164,30.15999984741211,29.579999923706055,30.110000610351562,38651200
2012-03-19,24.45503807067871,29.760000228881836,29.889999389648438,29.43000030517578,29.59000015258789,32519400
2012-03-20,24.734432220458984,30.100000381469727,30.139999389648438,29.549999237060547,29.700000762939453,46126400
2012-03-21,24.16742706298828,29.40999984741211,31.149999618530273,29.34000015258789,30.8700008392334,94678000
2012-03-22,23.526464462280273,28.6299991607666,29.329999923706055,28.559999465942383,29.329999923706055,59763200
2012-03-23,23.46072769165039,28.549999237060547,28.889999389648438,28.520000457763672,28.690000534057617,36696300
2012-03-26,23.961992263793945,29.15999984741211,29.190000534057617,28.649999618530273,28.780000686645508,30044300
2012-03-27,24.118118286132812,29.350000381469727,29.520000457763672,29.0,29.170000076293945,31710000
2012-03-28,24.126338958740234,29.360000610351562,29.549999237060547,29.139999389648438,29.3799991607666,29405300
2012-03-29,24.077035903930664,29.299999237060547,29.579999923706055,29.100000381469727,29.209999084472656,34035400
2012-03-30,23.961992263793945,29.15999984741211,29.489999771118164,29.040000915527344,29.459999084472656,32006100
2012-04-02,24.26603889465332,29.530000686645508,29.68000030517578,29.0,29.1200008392334,28525300
2012-04-03,24.15098762512207,29.389999389648438,29.700000762939453,29.1200008392334,29.610000610351562,29995400
2012-04-04,23.961992263793945,29.15999984741211,29.479999542236328,28.93000030517578,29.190000534057617,31154000
2012-04-05,24.29068374633789,29.559999465942383,29.6299991607666,29.1299991607666,29.149999618530273,43273500
2012-04-09,23.887216567993164,29.010000228881836,29.25,29.0,29.100000381469727,21528500
2012-04-10,23.34376335144043,28.350000381469727,28.959999084472656,28.079999923706055,28.8799991607666,41175000
2012-04-11,23.170839309692383,28.139999389648438,28.549999237060547,28.040000915527344,28.489999771118164,30390100
2012-04-12,23.631956100463867,28.700000762939453,28.719999313354492,28.15999984741211,28.31999969482422,29414300
2012-04-13,23.516679763793945,28.559999465942383,28.770000457763672,28.489999771118164,28.700000762939453,16685800
2012-04-16,23.582548141479492,28.639999389648438,28.770000457763672,28.309999465942383,28.579999923706055,21476800
2012-04-17,24.109540939331055,29.280000686645508,29.440000534057617,28.700000762939453,28.719999313354492,24985300
2012-04-18,23.986019134521484,29.1299991607666,29.350000381469727,29.100000381469727,29.1299991607666,21151400
2012-04-19,23.887216567993164,29.010000228881836,29.459999084472656,28.670000076293945,28.989999771118164,26462100
2012-04-20,23.780168533325195,28.8799991607666,29.530000686645508,28.8799991607666,29.1200008392334,35727900
2012-04-23,23.450809478759766,28.479999542236328,28.65999984741211,28.260000228881836,28.600000381469727,23045500
2012-04-24,23.623722076416016,28.690000534057617,28.850000381469727,28.520000457763672,28.530000686645508,20486900
2012-04-25,23.771940231323242,28.8700008392334,28.989999771118164,28.600000381469727,28.68000030517578,26902800
2012-04-26,23.895444869995117,29.020000457763672,29.219999313354492,28.739999771118164,28.84000015258789,20548300
2012-04-27,24.076601028442383,29.239999771118164,29.440000534057617,29.059999465942383,29.059999465942383,16847800
2012-04-30,24.208341598510742,29.399999618530273,29.420000076293945,29.200000762939453,29.229999542236328,18568500
2012-05-01,24.34832763671875,29.56999969482422,29.780000686645508,29.290000915527344,29.450000762939453,19965400
2012-05-02,24.463600158691406,29.709999084472656,29.790000915527344,29.190000534057617,29.420000076293945,22579000
2012-05-03,24.191869735717773,29.3799991607666,29.81999969482422,29.34000015258789,29.739999771118164,19175800
2012-05-04,23.393171310424805,28.40999984741211,29.149999618530273,28.40999984741211,29.100000381469727,33934300
2012-05-07,22.989694595336914,27.920000076293945,28.450000762939453,27.850000381469727,28.34000015258789,33670500
2012-05-08,22.997920989990234,27.93000030517578,28.020000457763672,27.530000686645508,27.709999084472656,24660200
2012-05-09,22.87441635131836,27.780000686645508,27.90999984741211,27.40999984741211,27.6200008392334,25521100
2012-05-10,22.248624801635742,27.020000457763672,27.75,26.739999771118164,27.700000762939453,52653300
2012-05-11,22.232149124145508,27.0,27.309999465942383,26.770000457763672,26.969999313354492,25588900
2012-05-14,22.19921112060547,26.959999084472656,27.309999465942383,26.65999984741211,26.729999542236328,22485200
2012-05-15,22.281557083129883,27.059999465942383,27.530000686645508,26.940000534057617,27.020000457763672,26392900
2012-05-16,22.001596450805664,26.719999313354492,27.40999984741211,26.68000030517578,27.15999984741211,29672800
2012-05-17,21.61458969116211,26.25,26.719999313354492,26.25,26.700000762939453,29440600
2012-05-18,21.08761215209961,25.610000610351562,26.290000915527344,25.329999923706055,26.290000915527344,68182500
2012-05-21,21.62282371520996,26.260000228881836,26.459999084472656,25.530000686645508,25.540000915527344,30712700
2012-05-22,21.705171585083008,26.360000610351562,26.489999771118164,26.06999969482422,26.329999923706055,22122800
2012-05-23,21.968660354614258,26.68000030517578,26.850000381469727,26.040000915527344,26.1200008392334,33179600
2012-05-24,21.50755500793457,26.1200008392334,26.649999618530273,25.899999618530273,26.6200008392334,34232000
2012-05-25,21.524019241333008,26.139999389648438,26.329999923706055,26.040000915527344,26.18000030517578,18642900
2012-05-29,21.787511825561523,26.459999084472656,26.780000686645508,26.15999984741211,26.40999984741211,24139900
2012-05-30,21.54872703552246,26.170000076293945,26.34000015258789,25.979999542236328,26.190000534057617,21538300
2012-05-31,21.795747756958008,26.469999313354492,26.719999313354492,26.170000076293945,26.219999313354492,32192300
2012-06-01,21.408735275268555,26.0,26.280000686645508,25.899999618530273,25.979999542236328,30739700
2012-06-04,21.573421478271484,26.200000762939453,26.34000015258789,25.84000015258789,26.040000915527344,28945200
2012-06-05,21.993364334106445,26.709999084472656,26.940000534057617,26.06999969482422,26.06999969482422,28412000
2012-06-06,22.668560028076172,27.530000686645508,27.56999969482422,26.8799991607666,26.989999771118164,27639000
2012-06-07,22.380361557006836,27.18000030517578,27.760000228881836,27.18000030517578,27.75,32896100
2012-06-08,22.36389923095703,27.15999984741211,27.270000457763672,26.799999237060547,27.040000915527344,22343200
2012-06-11,22.07570457458496,26.809999465942383,27.420000076293945,26.770000457763672,27.3799991607666,20470800
2012-06-12,22.256860733032227,27.030000686645508,27.149999618530273,26.729999542236328,27.0,26186900
2012-06-13,22.248624801635742,27.020000457763672,27.3799991607666,26.790000915527344,26.8799991607666,19638800
2012-06-14,22.15804672241211,26.90999984741211,27.350000381469727,26.510000228881836,27.09000015258789,34311700
2012-06-15,22.808542251586914,27.700000762939453,27.760000228881836,26.989999771118164,27.110000610351562,40136400
2012-06-18,22.33095932006836,27.1200008392334,27.43000030517578,26.690000534057617,27.43000030517578,38322000
2012-06-19,23.02263069152832,27.959999084472656,28.75,27.530000686645508,28.389999389648438,81048700
2012-06-20,23.459041595458984,28.489999771118164,28.579999923706055,27.940000534057617,28.040000915527344,29281700
2012-06-21,22.899110794067383,27.809999465942383,28.639999389648438,27.75,28.489999771118164,32721900
2012-06-22,23.055566787719727,28.0,28.139999389648438,27.790000915527344,27.90999984741211,22163000
2012-06-25,22.742666244506836,27.6200008392334,27.75,27.239999771118164,27.540000915527344,24918800
2012-06-26,22.91558837890625,27.829999923706055,27.950000762939453,27.520000457763672,27.6299991607666,20614200
2012-06-27,23.195545196533203,28.170000076293945,28.459999084472656,27.760000228881836,27.760000228881836,19388200
2012-06-28,23.195545196533203,28.170000076293945,28.260000228881836,27.729999542236328,28.030000686645508,27175800
2012-06-29,24.45536994934082,29.700000762939453,29.709999084472656,28.790000915527344,28.809999465942383,35545300
2012-07-02,24.537708282470703,29.799999237060547,29.799999237060547,29.149999618530273,29.530000686645508,24445300
2012-07-03,24.677688598632812,29.969999313354492,29.979999542236328,29.610000610351562,29.6299991607666,14468000
2012-07-05,24.471837997436523,29.719999313354492,29.93000030517578,29.709999084472656,29.829999923706055,19244600
2012-07-06,24.027191162109375,29.18000030517578,29.479999542236328,28.940000534057617,29.3700008392334,25259400
2012-07-09,23.961326599121094,29.100000381469727,29.360000610351562,29.020000457763672,29.229999542236328,21873200
2012-07-10,23.92015266418457,29.049999237060547,29.600000381469727,28.850000381469727,29.360000610351562,23424100
2012-07-11,24.118179321289062,29.229999542236328,29.31999969482422,28.90999984741211,28.979999542236328,27247300
2012-07-12,23.779882431030273,28.81999969482422,29.469999313354492,28.610000610351562,29.450000762939453,23562000
2012-07-13,24.406972885131836,29.579999923706055,29.65999984741211,28.75,28.8700008392334,22026800
2012-07-16,24.35746192932129,29.520000457763672,29.75,29.280000686645508,29.43000030517578,16819600
2012-07-17,24.68750762939453,29.920000076293945,30.049999237060547,29.3700008392334,29.709999084472656,23897100
2012-07-18,25.16607666015625,30.5,30.760000228881836,29.81999969482422,29.84000015258789,24988700
2012-07-19,25.471372604370117,30.8700008392334,31.110000610351562,30.559999465942383,30.600000381469727,26180000
2012-07-20,24.852527618408203,30.1200008392334,30.829999923706055,30.100000381469727,30.65999984741211,25013000
2012-07-23,24.464731216430664,29.649999618530273,29.799999237060547,29.110000610351562,29.530000686645508,23403200
2012-07-24,24.192440032958984,29.31999969482422,29.670000076293945,29.06999969482422,29.59000015258789,23707500
2012-07-25,24.142932891845703,29.260000228881836,29.559999465942383,29.1200008392334,29.299999237060547,22389100
2012-07-26,24.753517150878906,30.0,30.360000610351562,29.700000762939453,29.790000915527344,26746600
2012-07-27,25.38886070251465,30.770000457763672,30.84000015258789,30.040000915527344,30.299999237060547,23852100
2012-07-30,25.232084274291992,30.579999923706055,31.0,30.399999618530273,30.690000534057617,20919700
2012-07-31,24.918540954589844,30.200000762939453,30.690000534057617,30.170000076293945,30.559999465942383,20951600
2012-08-01,25.017553329467773,30.31999969482422,30.520000457763672,30.030000686645508,30.34000015258789,17344400
2012-08-02,24.68750762939453,29.920000076293945,30.399999618530273,29.739999771118164,29.8700008392334,22103400
2012-08-03,25.347597122192383,30.719999313354492,30.8700008392334,30.3799991607666,30.530000686645508,17767200
2012-08-06,25.578632354736328,31.0,31.25,30.780000686645508,30.920000076293945,18658400
2012-08-07,25.991193771362305,31.5,31.700000762939453,31.149999618530273,31.219999313354492,21692700
2012-08-08,25.71065902709961,31.15999984741211,31.809999465942383,31.06999969482422,31.34000015258789,22436100
2012-08-09,25.883928298950195,31.3700008392334,31.549999237060547,31.149999618530273,31.15999984741211,14578500
2012-08-10,26.081954956054688,31.610000610351562,31.6200008392334,31.079999923706055,31.190000534057617,13848800
2012-08-13,25.87567901611328,31.360000610351562,31.549999237060547,31.200000762939453,31.450000762939453,14362100
2012-08-14,25.867433547973633,31.350000381469727,31.6299991607666,31.239999771118164,31.5,13806800
2012-08-15,26.03244972229004,31.549999237060547,31.690000534057617,31.329999923706055,31.329999923706055,16230100
2012-08-16,26.428508758544922,32.029998779296875,32.209999084472656,31.540000915527344,31.639999389648438,20333700
2012-08-17,26.568777084350586,32.20000076293945,32.29999923706055,31.90999984741211,32.09000015258789,20814500
2012-08-20,26.43675994873047,32.040000915527344,32.150001525878906,31.899999618530273,32.099998474121094,11189200
2012-08-21,26.19747543334961,31.75,32.27000045776367,31.719999313354492,32.02000045776367,19673100
2012-08-22,26.156213760375977,31.700000762939453,31.850000381469727,31.520000457763672,31.739999771118164,18087900
2012-08-23,26.065458297729492,31.59000015258789,31.75,31.309999465942383,31.559999465942383,14201700
2012-08-24,26.362497329711914,31.950000762939453,32.0,31.25,31.34000015258789,14811400
2012-08-27,26.26348304748535,31.829999923706055,32.06999969482422,31.75,32.06999969482422,14708300
2012-08-28,26.057205200195312,31.579999923706055,32.0,31.559999465942383,31.719999313354492,15993500
2012-08-29,25.982946395874023,31.489999771118164,31.889999389648438,31.459999084472656,31.649999618530273,15845300
2012-08-30,25.718914031982422,31.170000076293945,31.3799991607666,31.15999984741211,31.299999237060547,17984700
2012-08-31,26.114959716796875,31.649999618530273,31.760000228881836,31.1299991607666,31.459999084472656,21240300
2012-09-04,26.048952102661133,31.56999969482422,31.799999237060547,31.219999313354492,31.6299991607666,16654700
2012-09-05,26.461505889892578,32.06999969482422,32.11000061035156,31.610000610351562,31.649999618530273,22994600
2012-09-06,26.923574447631836,32.630001068115234,32.790000915527344,32.15999984741211,32.18000030517578,22699700
2012-09-07,26.898818969726562,32.599998474121094,32.63999938964844,32.27000045776367,32.63999938964844,19068700
2012-09-10,26.659543991088867,32.310001373291016,32.75,32.29999923706055,32.59000015258789,18589900
2012-09-11,26.667787551879883,32.31999969482422,32.459999084472656,32.15999984741211,32.290000915527344,21554800
2012-09-12,26.618288040161133,32.2599983215332,32.5,32.2400016784668,32.5,20602100
2012-09-13,26.915327072143555,32.619998931884766,32.790000915527344,32.09000015258789,32.31999969482422,27451700
2012-09-14,27.187620162963867,32.95000076293945,33.0,32.599998474121094,32.650001525878906,23162900
2012-09-17,27.31138801574707,33.099998474121094,33.130001068115234,32.75,32.810001373291016,25017900
2012-09-18,27.245372772216797,33.02000045776367,33.27000045776367,32.939998626708984,33.099998474121094,25285000
2012-09-19,27.047353744506836,32.779998779296875,33.08000183105469,32.560001373291016,33.0099983215332,20913400
2012-09-20,26.618288040161133,32.2599983215332,32.880001068115234,32.189998626708984,32.599998474121094,38005700
2012-09-21,26.79155731201172,32.470001220703125,33.290000915527344,32.279998779296875,33.029998779296875,62905800
2012-09-24,26.585277557373047,32.220001220703125,32.439998626708984,32.08000183105469,32.25,18511200
2012-09-25,25.826169967651367,31.299999237060547,32.22999954223633,31.25,32.18000030517578,30757800
2012-09-26,25.355850219726562,30.729999542236328,31.079999923706055,30.56999969482422,31.020000457763672,29234500
2012-09-27,25.760162353515625,31.219999313354492,31.420000076293945,30.700000762939453,30.760000228881836,23400200
2012-09-28,25.95819091796875,31.459999084472656,31.610000610351562,31.06999969482422,31.1299991607666,27014800
2012-10-01,26.1314697265625,31.670000076293945,32.0,31.540000915527344,31.709999084472656,28412900
2012-10-02,26.114959716796875,31.649999618530273,32.0099983215332,31.399999618530273,31.790000915527344,21859900
2012-10-03,26.255226135253906,31.81999969482422,32.04999923706055,31.690000534057617,31.809999465942383,19700800
2012-10-04,26.32124137878418,31.899999618530273,31.979999542236328,31.649999618530273,31.850000381469727,25156900
2012-10-05,25.900432586669922,31.389999389648438,32.09000015258789,31.280000686645508,32.04999923706055,31239000
2012-10-08,25.72715187072754,31.18000030517578,31.3799991607666,30.860000610351562,31.200000762939453,22261500
2012-10-09,25.28984832763672,30.649999618530273,31.100000381469727,30.440000534057617,31.059999465942383,23311300
2012-10-10,25.28158187866211,30.579999923706055,30.719999313354492,30.43000030517578,30.579999923706055,23103700
2012-10-11,25.397319793701172,30.719999313354492,31.09000015258789,30.6200008392334,30.729999542236328,20436300
2012-10-12,25.628807067871094,31.0,31.190000534057617,30.68000030517578,30.68000030517578,18639800
2012-10-15,25.8768253326416,31.299999237060547,31.3799991607666,31.020000457763672,31.059999465942383,26143200
2012-10-16,26.34807014465332,31.8700008392334,31.889999389648438,31.280000686645508,31.399999618530273,22024500
2012-10-17,25.818952560424805,31.229999542236328,31.700000762939453,31.209999084472656,31.530000686645508,28326200
2012-10-18,25.728017807006836,31.1200008392334,31.239999771118164,30.760000228881836,31.139999389648438,26013900
2012-10-19,25.198909759521484,30.479999542236328,31.25,30.399999618530273,31.06999969482422,26239700
2012-10-22,25.463459014892578,30.799999237060547,30.889999389648438,30.309999465942383,30.59000015258789,17338400
2012-10-23,25.28984832763672,30.59000015258789,30.84000015258789,30.450000762939453,30.520000457763672,21384700
2012-10-24,25.298110961914062,30.600000381469727,30.950000762939453,30.3700008392334,30.899999618530273,21642700
2012-10-25,25.513065338134766,30.860000610351562,31.219999313354492,30.709999084472656,30.8700008392334,20696000
2012-10-26,25.620534896850586,30.989999771118164,31.100000381469727,30.610000610351562,30.809999465942383,19815600
2012-10-31,25.694944381713867,31.079999923706055,31.389999389648438,30.860000610351562,31.239999771118164,21844400
2012-11-01,26.025636672973633,31.479999542236328,31.520000457763672,30.93000030517578,31.200000762939453,22886100
2012-11-02,25.80242156982422,31.209999084472656,31.809999465942383,31.18000030517578,31.799999237060547,17251200
2012-11-05,25.83549690246582,31.25,31.350000381469727,30.770000457763672,30.950000762939453,13590100
2012-11-06,26.1496524810791,31.6299991607666,31.90999984741211,31.329999923706055,31.43000030517578,15018800
2012-11-07,25.45519256591797,30.790000915527344,31.350000381469727,30.760000228881836,31.299999237060547,22295700
2012-11-08,25.14930534362793,30.420000076293945,30.979999542236328,30.40999984741211,30.729999542236328,17902800
2012-11-09,25.091432571411133,30.350000381469727,30.729999542236328,30.270000457763672,30.399999618530273,15537900
2012-11-12,25.050094604492188,30.299999237060547,30.549999237060547,30.09000015258789,30.40999984741211,10964600
2012-11-13,24.818613052368164,30.020000457763672,30.5,29.889999389648438,30.079999923706055,20901000
2012-11-14,24.45484161376953,29.579999923706055,30.149999618530273,29.520000457763672,30.100000381469727,22562900
2012-11-15,24.76073455810547,29.950000762939453,30.06999969482422,29.559999465942383,29.579999923706055,26295000
2012-11-16,24.80206871032715,30.0,30.1299991607666,29.780000686645508,30.030000686645508,25491700
2012-11-19,24.917814254760742,30.139999389648438,30.260000228881836,29.850000381469727,30.25,22551100
2012-11-20,24.967422485351562,30.200000762939453,30.200000762939453,29.780000686645508,30.020000457763672,17448200
2012-11-21,25.13276481628418,30.399999618530273,30.530000686645508,30.1299991607666,30.190000534057617,17423900
2012-11-23,25.562673568725586,30.920000076293945,31.059999465942383,30.579999923706055,30.649999618530273,8211500
2012-11-26,25.595726013183594,30.959999084472656,30.969999313354492,30.579999923706055,30.719999313354492,15644900
2012-11-27,25.81068992614746,31.219999313354492,31.770000457763672,31.15999984741211,31.200000762939453,24696300
2012-11-28,26.290197372436523,31.799999237060547,31.81999969482422,30.989999771118164,31.149999618530273,21603200
2012-11-29,26.323261260986328,31.84000015258789,32.13999938964844,31.809999465942383,31.920000076293945,22205300
2012-11-30,26.604354858398438,32.18000030517578,32.2400016784668,31.75,31.850000381469727,26610600
2012-12-03,26.711837768554688,32.310001373291016,32.5,32.209999084472656,32.369998931884766,22159300
2012-12-04,26.769702911376953,32.380001068115234,32.470001220703125,32.0099983215332,32.220001220703125,17391100
2012-12-05,26.455543518066406,32.0,32.119998931884766,31.309999465942383,31.950000762939453,30775300
2012-12-06,26.480344772338867,32.029998779296875,32.11000061035156,31.899999618530273,31.989999771118164,25132600
2012-12-07,26.389402389526367,31.920000076293945,32.16999816894531,31.770000457763672,32.150001525878906,18421100
2012-12-10,26.51341438293457,32.06999969482422,32.22999954223633,31.920000076293945,31.920000076293945,20712600
2012-12-11,26.736631393432617,32.34000015258789,32.5,32.02000045776367,32.18000030517578,25716300
2012-12-12,26.55373764038086,31.940000534057617,32.380001068115234,31.829999923706055,32.209999084472656,20205300
2012-12-13,26.27938461303711,31.610000610351562,32.0099983215332,31.389999389648438,31.93000030517578,20608200
2012-12-14,26.57036018371582,31.959999084472656,32.11000061035156,31.440000534057617,31.540000915527344,21930800
2012-12-17,26.86965560913086,32.31999969482422,32.470001220703125,31.799999237060547,32.0,24047300
2012-12-18,27.33521842956543,32.880001068115234,32.95000076293945,32.349998474121094,32.4900016784668,37797600
2012-12-19,28.341163635253906,34.09000015258789,34.349998474121094,33.83000183105469,33.86000061035156,60937600
2012-12-20,28.21646499633789,33.939998626708984,34.25,33.93000030517578,34.09000015258789,28119900
2012-12-21,28.06680679321289,33.7599983215332,33.91999816894531,33.20000076293945,33.5099983215332,45601600
2012-12-24,27.942108154296875,33.61000061035156,33.63999938964844,33.41999816894531,33.459999084472656,6451900
2012-12-26,27.942108154296875,33.61000061035156,33.849998474121094,33.34000015258789,33.66999816894531,13282100
2012-12-27,27.659448623657227,33.27000045776367,33.619998931884766,33.0,33.540000915527344,21600200
2012-12-28,27.45160484313965,33.02000045776367,33.4900016784668,33.0,33.040000915527344,16792100
2012-12-31,27.70102310180664,33.31999969482422,33.459999084472656,32.689998626708984,32.90999984741211,25320000
2013-01-02,28.839988708496094,34.689998626708984,34.7400016784668,33.93000030517578,34.08000183105469,33758400
2013-01-03,28.52405548095703,34.310001373291016,34.75,34.13999938964844,34.630001068115234,21819500
2013-01-04,28.773481369018555,34.61000061035156,34.75,34.400001525878906,34.45000076293945,21687300
2013-01-07,28.62382698059082,34.43000030517578,34.52000045776367,34.209999084472656,34.439998626708984,14008300
2013-01-08,28.632143020629883,34.439998626708984,34.5099983215332,34.060001373291016,34.150001525878906,17408900
2013-01-09,28.648765563964844,34.459999084472656,34.79999923706055,34.380001068115234,34.5,18932700
2013-01-10,29.02288055419922,34.90999984741211,34.91999816894531,34.40999984741211,34.560001373291016,17843600
2013-01-11,28.981313705444336,34.86000061035156,35.0,34.779998779296875,34.959999084472656,15105200
2013-01-14,29.0644588470459,34.959999084472656,35.0,34.599998474121094,34.83000183105469,14589400
2013-01-15,28.848299026489258,34.70000076293945,34.880001068115234,34.52000045776367,34.56999969482422,16263600
2013-01-16,28.79842185974121,34.63999938964844,34.869998931884766,34.560001373291016,34.630001068115234,17608200
2013-01-17,28.781782150268555,34.619998931884766,34.810001373291016,34.599998474121094,34.7599983215332,17827100
2013-01-18,29.189165115356445,35.11000061035156,35.130001068115234,34.40999984741211,34.59000015258789,30088900
2013-01-22,29.039508819580078,34.93000030517578,34.97999954223633,34.529998779296875,34.95000076293945,19309500
2013-01-23,28.839988708496094,34.689998626708984,35.20000076293945,34.689998626708984,34.959999084472656,17235800
2013-01-24,29.04782485961914,34.939998626708984,35.400001525878906,34.810001373291016,34.880001068115234,18662000
2013-01-25,29.413623809814453,35.380001068115234,35.400001525878906,34.880001068115234,35.0,18061300
2013-01-28,29.54664421081543,35.540000915527344,35.790000915527344,35.380001068115234,35.40999984741211,20119500
2013-01-29,29.746173858642578,35.779998779296875,35.869998931884766,35.06999969482422,35.36000061035156,18284800
2013-01-30,29.413623809814453,35.380001068115234,35.880001068115234,35.290000915527344,35.7599983215332,14249900
2013-01-31,29.521690368652344,35.5099983215332,35.689998626708984,35.25,35.27000045776367,19077700
2013-02-01,30.103656768798828,36.209999084472656,36.310001373291016,35.810001373291016,35.869998931884766,27725700
2013-02-04,29.205781936645508,35.130001068115234,36.0,35.029998779296875,35.810001373291016,23595800
2013-02-05,29.49675941467285,35.47999954223633,35.720001220703125,35.13999938964844,35.209999084472656,16662700
2013-02-06,29.18083953857422,35.099998474121094,35.41999816894531,35.0099983215332,35.310001373291016,15603500
2013-02-07,28.73189926147461,34.560001373291016,35.189998626708984,34.45000076293945,35.150001525878906,26869300
2013-02-08,29.014585494995117,34.900001525878906,34.97999954223633,34.5,34.7599983215332,19255700
2013-02-11,29.0644588470459,34.959999084472656,35.040000915527344,34.54999923706055,34.97999954223633,12648800
2013-02-12,29.189165115356445,35.11000061035156,35.25,34.849998474121094,34.88999938964844,14666300
2013-02-13,29.08938980102539,34.9900016784668,35.2599983215332,34.880001068115234,35.209999084472656,13176800
2013-02-14,29.014585494995117,34.900001525878906,35.06999969482422,34.689998626708984,34.869998931884766,15886800
2013-02-15,28.939746856689453,34.810001373291016,34.9900016784668,34.650001525878906,34.79999923706055,18406000
2013-02-19,29.430255889892578,35.400001525878906,35.40999984741211,34.81999969482422,34.93000030517578,16446000
2013-02-20,29.10601043701172,35.0099983215332,35.59000015258789,35.0,35.5,16263700
2013-02-21,28.49911880493164,34.279998779296875,34.95000076293945,34.16999816894531,34.95000076293945,20923100
2013-02-22,28.889867782592773,34.75,34.779998779296875,34.130001068115234,34.5099983215332,13754700
2013-02-25,28.49911880493164,34.279998779296875,35.43000030517578,34.27000045776367,35.06999969482422,19992900
2013-02-26,28.53237533569336,34.31999969482422,34.56999969482422,34.08000183105469,34.279998779296875,15839500
2013-02-27,28.831663131713867,34.68000030517578,34.970001220703125,34.060001373291016,34.25,15671400
2013-02-28,28.465864181518555,34.2400016784668,34.86000061035156,34.220001220703125,34.70000076293945,23816400
2013-03-01,28.79010009765625,34.630001068115234,34.83000183105469,34.0,34.119998931884766,20376000
2013-03-04,29.13926887512207,35.04999923706055,35.08000183105469,34.400001525878906,34.529998779296875,14750500
2013-03-05,29.480117797851562,35.459999084472656,35.68000030517578,35.209999084472656,35.220001220703125,15410100
2013-03-06,29.81267547607422,35.86000061035156,35.93000030517578,35.47999954223633,35.5,21340800
2013-03-07,29.879179000854492,35.939998626708984,36.130001068115234,35.7599983215332,35.939998626708984,15098100
2013-03-08,29.687973022460938,35.709999084472656,36.09000015258789,35.66999816894531,35.939998626708984,14985000
2013-03-11,29.829313278198242,35.880001068115234,35.97999954223633,35.63999938964844,35.70000076293945,14111600
2013-03-12,29.4551944732666,35.43000030517578,35.849998474121094,35.15999984741211,35.849998474121094,18411100
2013-03-13,29.57989501953125,35.58000183105469,35.849998474121094,35.349998474121094,35.81999969482422,21228800
2013-03-14,30.17848014831543,36.29999923706055,36.33000183105469,35.619998931884766,35.79999923706055,21040700
2013-03-15,30.211719512939453,36.34000015258789,36.43000030517578,36.099998474121094,36.11000061035156,56178100
2013-03-18,29.962326049804688,36.040000915527344,36.41999816894531,36.0,36.099998474121094,20654800
2013-03-19,29.671337127685547,35.689998626708984,36.22999954223633,35.40999984741211,36.18000030517578,20548800
2013-03-20,29.737850189208984,35.77000045776367,36.06999969482422,35.400001525878906,35.97999954223633,41088100
2013-03-21,26.8530216217041,32.29999923706055,32.939998626708984,32.18000030517578,32.779998779296875,132669500
2013-03-22,26.586990356445312,31.979999542236328,32.5,31.639999389648438,32.400001525878906,64333500
2013-03-25,25.9800968170166,31.25,32.20000076293945,31.15999984741211,32.04999923706055,39694400
2013-03-26,26.221187591552734,31.540000915527344,31.790000915527344,31.40999984741211,31.40999984741211,29420300
2013-03-27,26.562055587768555,31.950000762939453,32.11000061035156,31.290000915527344,31.40999984741211,35028500
2013-03-28,26.877967834472656,32.33000183105469,32.38999938964844,31.790000915527344,31.889999389648438,23676700
2013-04-01,26.94447135925293,32.40999984741211,32.459999084472656,32.040000915527344,32.36000061035156,18677600
2013-04-02,27.218833923339844,32.7400016784668,32.939998626708984,32.529998779296875,32.650001525878906,22619600
2013-04-03,26.9361629486084,32.400001525878906,32.939998626708984,32.20000076293945,32.93000030517578,25545200
2013-04-04,26.911222457885742,32.369998931884766,32.5099983215332,32.22999954223633,32.36000061035156,18163800
2013-04-05,26.628557205200195,32.029998779296875,32.119998931884766,31.670000076293945,31.770000457763672,24415300
2013-04-08,26.902910232543945,32.36000061035156,32.36000061035156,31.899999618530273,32.06999969482422,14134400
2013-04-09,27.468236923217773,33.040000915527344,33.08000183105469,32.459999084472656,32.5,30087400
2013-04-10,28.041868209838867,33.72999954223633,33.95000076293945,33.150001525878906,33.150001525878906,35941000
2013-04-11,27.950422286987305,33.619998931884766,33.91999816894531,33.560001373291016,33.619998931884766,23080700
2013-04-12,27.81739616394043,33.459999084472656,33.66999816894531,33.02000045776367,33.63999938964844,18408200
2013-04-15,27.268707275390625,32.79999923706055,33.5,32.79999923706055,33.38999938964844,19617500
2013-04-16,27.78415870666504,33.41999816894531,33.4900016784668,32.90999984741211,32.95000076293945,17310600
2013-04-17,27.010984420776367,32.4900016784668,33.130001068115234,32.45000076293945,33.099998474121094,25277000
2013-04-18,26.703378677368164,32.119998931884766,32.79999923706055,31.899999618530273,32.650001525878906,24892500
2013-04-19,26.911222457885742,32.369998931884766,32.459999084472656,31.670000076293945,31.75,30391400
2013-04-22,27.03592872619629,32.52000045776367,32.65999984741211,32.15999984741211,32.4900016784668,18754900
2013-04-23,26.98604965209961,32.459999084472656,33.0,32.369998931884766,32.720001220703125,23964900
2013-04-24,27.027610778808594,32.5099983215332,32.83000183105469,32.439998626708984,32.4900016784668,22601800
2013-04-25,26.828094482421875,32.27000045776367,32.58000183105469,32.209999084472656,32.560001373291016,25910200
2013-04-26,26.902910232543945,32.36000061035156,32.529998779296875,32.16999816894531,32.20000076293945,22376200
2013-04-29,26.803144454956055,32.2400016784668,32.5,32.13999938964844,32.38999938964844,31381300
2013-04-30,27.2520809173584,32.779998779296875,32.869998931884766,32.220001220703125,32.220001220703125,50028100
2013-05-01,27.5679931640625,33.15999984741211,33.619998931884766,32.720001220703125,32.75,32712000
2013-05-02,28.00861167907715,33.689998626708984,33.779998779296875,32.97999954223633,33.11000061035156,22992700
2013-05-03,27.750900268554688,33.380001068115234,33.95000076293945,33.279998779296875,33.93000030517578,23976800
2013-05-06,27.85896110534668,33.5099983215332,33.5099983215332,33.08000183105469,33.439998626708984,17964500
2013-05-07,27.651132583618164,33.2599983215332,33.790000915527344,33.189998626708984,33.529998779296875,17955000
2013-05-08,27.81739616394043,33.459999084472656,33.56999969482422,33.09000015258789,33.09000015258789,21382700
2013-05-09,28.016931533813477,33.70000076293945,34.0,33.279998779296875,33.29999923706055,18722100
2013-05-10,28.2829647064209,34.02000045776367,34.029998779296875,33.650001525878906,33.83000183105469,17364100
2013-05-13,28.083446502685547,33.779998779296875,34.0,33.650001525878906,33.95000076293945,12193400
2013-05-14,27.99199104309082,33.66999816894531,34.25,33.54999923706055,33.650001525878906,23560400
2013-05-15,28.258033752441406,33.9900016784668,34.099998474121094,33.709999084472656,33.7400016784668,18360500
2013-05-16,28.573938369750977,34.369998931884766,34.61000061035156,34.09000015258789,34.09000015258789,25526300
2013-05-17,29.122648239135742,35.029998779296875,35.029998779296875,34.439998626708984,34.59000015258789,26986800
2013-05-20,29.014585494995117,34.900001525878906,35.029998779296875,34.560001373291016,34.810001373291016,18326400
2013-05-21,29.18083953857422,35.099998474121094,35.31999969482422,34.900001525878906,34.900001525878906,19682900
2013-05-22,28.3660945892334,34.119998931884766,35.150001525878906,33.91999816894531,35.06999969482422,33742400
2013-05-23,28.457557678222656,34.22999954223633,34.40999984741211,33.86000061035156,33.95000076293945,20442500
2013-05-24,28.30790138244629,34.04999923706055,34.13999938964844,33.41999816894531,33.689998626708984,22642500
2013-05-28,28.706953048706055,34.529998779296875,34.779998779296875,34.2599983215332,34.66999816894531,21432200
2013-05-29,28.598896026611328,34.400001525878906,34.560001373291016,34.119998931884766,34.400001525878906,16004800
2013-05-30,28.54901123046875,34.34000015258789,34.790000915527344,34.34000015258789,34.4900016784668,17928400
2013-05-31,28.083446502685547,33.779998779296875,34.459999084472656,33.75,34.119998931884766,24412100
2013-06-03,28.590579986572266,34.38999938964844,34.400001525878906,33.72999954223633,33.849998474121094,19782700
2013-06-04,28.399364471435547,34.15999984741211,34.75,33.959999084472656,34.34000015258789,20324900
2013-06-05,28.3660945892334,34.119998931884766,34.61000061035156,34.0,34.099998474121094,22005600
2013-06-06,27.72596549987793,33.349998474121094,33.97999954223633,33.130001068115234,33.97999954223633,29158700
2013-06-07,28.10839080810547,33.810001373291016,34.029998779296875,33.31999969482422,33.59000015258789,20548900
2013-06-10,28.30790138244629,34.04999923706055,34.09000015258789,33.81999969482422,33.97999954223633,16901500
2013-06-11,27.908857345581055,33.56999969482422,34.150001525878906,33.4900016784668,33.65999984741211,15274500
2013-06-12,27.86728858947754,33.52000045776367,33.869998931884766,33.5,33.83000183105469,13731100
2013-06-13,28.474184036254883,34.25,34.31999969482422,33.40999984741211,33.470001220703125,15727400
2013-06-14,28.07512855529785,33.77000045776367,34.31999969482422,33.70000076293945,34.150001525878906,17551400
2013-06-17,28.490816116333008,34.27000045776367,34.630001068115234,34.0,34.029998779296875,19398200
2013-06-18,28.598896026611328,34.400001525878906,34.59000015258789,34.209999084472656,34.2599983215332,16949300
2013-06-19,28.341163635253906,34.09000015258789,34.59000015258789,34.08000183105469,34.43000030517578,19408400
2013-06-20,27.60956382751465,33.209999084472656,34.02000045776367,33.029998779296875,33.880001068115234,35222400
2013-06-21,25.057279586791992,30.139999389648438,30.84000015258789,29.979999542236328,30.709999084472656,140813500
2013-06-24,25.08222198486328,30.170000076293945,30.440000534057617,30.030000686645508,30.1200008392334,78919200
2013-06-25,24.907636642456055,29.959999084472656,30.530000686645508,29.889999389648438,30.5,64051500
2013-06-26,25.057279586791992,30.139999389648438,30.229999542236328,29.860000610351562,30.190000534057617,52429800
2013-06-27,25.31500244140625,30.450000762939453,31.139999389648438,30.290000915527344,30.309999465942383,43014900
2013-06-28,25.531156539916992,30.709999084472656,30.809999465942383,30.25,30.280000686645508,39787100
2013-07-01,25.03233528137207,30.110000610351562,30.979999542236328,30.06999969482422,30.889999389648438,33962900
2013-07-02,25.024023056030273,30.100000381469727,30.350000381469727,29.950000762939453,30.09000015258789,33114500
2013-07-03,25.522846221923828,30.700000762939453,30.799999237060547,30.040000915527344,30.049999237060547,18629700
2013-07-05,25.930213928222656,31.190000534057617,31.200000762939453,30.540000915527344,30.989999771118164,22193800
2013-07-08,26.312637329101562,31.649999618530273,31.649999618530273,31.25,31.350000381469727,28904300
2013-07-09,26.20456314086914,31.520000457763672,31.600000381469727,31.229999542236328,31.5,28854300
2013-07-10,26.062686920166016,31.229999542236328,31.440000534057617,31.049999237060547,31.360000610351562,28458600
2013-07-11,26.588443756103516,31.860000610351562,32.0,31.56999969482422,31.56999969482422,33193000
2013-07-12,26.07938003540039,31.25,32.0,31.239999771118164,31.899999618530273,157674700
2013-07-15,26.713626861572266,32.0099983215332,32.04999923706055,31.31999969482422,31.479999542236328,36543400
2013-07-16,26.70528221130371,32.0,32.150001525878906,31.860000610351562,31.989999771118164,22531400
2013-07-17,26.83881187438965,32.15999984741211,32.439998626708984,32.04999923706055,32.06999969482422,22357000
2013-07-18,26.713626861572266,32.0099983215332,32.459999084472656,31.809999465942383,31.959999084472656,23615600
2013-07-19,26.588443756103516,31.860000610351562,32.029998779296875,31.510000228881836,32.029998779296875,28512000
2013-07-22,26.596797943115234,31.8700008392334,31.899999618530273,31.700000762939453,31.790000915527344,16760100
2013-07-23,26.763700485229492,32.06999969482422,32.189998626708984,31.809999465942383,31.8700008392334,16771000
2013-07-24,27.03076171875,32.38999938964844,32.560001373291016,32.29999923706055,32.380001068115234,20003600
2013-07-25,27.01406478881836,32.369998931884766,32.40999984741211,31.969999313354492,32.40999984741211,21050300
2013-07-26,27.15593719482422,32.540000915527344,32.599998474121094,32.15999984741211,32.36000061035156,17308500
2013-07-29,27.10586166381836,32.47999954223633,32.560001373291016,32.16999816894531,32.38999938964844,16119300
2013-07-30,27.164287567138672,32.54999923706055,32.709999084472656,32.4900016784668,32.599998474121094,18340700
2013-07-31,26.997371673583984,32.349998474121094,32.75,31.950000762939453,32.58000183105469,30540500
2013-08-01,27.331193923950195,32.75,32.83000183105469,32.400001525878906,32.619998931884766,15797000
2013-08-02,27.18097496032715,32.56999969482422,32.70000076293945,32.47999954223633,32.619998931884766,18998100
2013-08-05,27.356225967407227,32.779998779296875,32.900001525878906,32.54999923706055,32.59000015258789,11151300
2013-08-06,27.539825439453125,33.0,33.220001220703125,32.70000076293945,32.75,18620900
2013-08-07,27.389604568481445,32.81999969482422,33.0,32.68000030517578,32.77000045776367,17416900
2013-08-08,27.556516647338867,33.02000045776367,33.099998474121094,32.7599983215332,32.90999984741211,14204600
2013-08-09,27.473068237304688,32.91999816894531,33.11000061035156,32.70000076293945,32.90999984741211,11646000
2013-08-12,27.748458862304688,33.25,33.34000015258789,32.75,32.810001373291016,11746400
2013-08-13,27.748458862304688,33.25,33.459999084472656,33.11000061035156,33.38999938964844,12738700
2013-08-14,28.015518188476562,33.56999969482422,33.650001525878906,33.22999954223633,33.2599983215332,19684400
2013-08-15,27.314502716064453,32.72999954223633,33.2400016784668,32.540000915527344,33.2400016784668,19574600
2013-08-16,27.04744529724121,32.40999984741211,32.849998474121094,32.29999923706055,32.599998474121094,19504100
2013-08-19,26.755361557006836,32.060001373291016,32.70000076293945,32.0099983215332,32.400001525878906,13385600
2013-08-20,26.872194290161133,32.20000076293945,32.41999816894531,32.0,32.060001373291016,13870200
2013-08-21,26.955644607543945,32.29999923706055,32.619998931884766,32.099998474121094,32.189998626708984,11955400
2013-08-22,27.039100646972656,32.400001525878906,32.529998779296875,32.130001068115234,32.41999816894531,10271600
2013-08-23,26.513341903686523,31.770000457763672,32.65999984741211,31.770000457763672,32.380001068115234,27128400
2013-08-26,26.989032745361328,32.34000015258789,32.599998474121094,31.760000228881836,31.760000228881836,18888600
2013-08-27,26.521686553955078,31.780000686645508,32.20000076293945,31.600000381469727,31.649999618530273,16061600
2013-08-28,26.421539306640625,31.65999984741211,31.90999984741211,31.65999984741211,31.790000915527344,15919100
2013-08-29,26.454923629760742,31.700000762939453,31.979999542236328,31.559999465942383,31.56999969482422,14012100
2013-08-30,26.588443756103516,31.860000610351562,32.099998474121094,31.709999084472656,31.739999771118164,14044300
2013-09-03,26.72197914123535,32.02000045776367,32.369998931884766,31.81999969482422,32.16999816894531,14647300
2013-09-04,26.972339630126953,32.31999969482422,32.4900016784668,31.959999084472656,32.0099983215332,13040800
2013-09-05,26.922264099121094,32.2599983215332,32.52000045776367,32.15999984741211,32.380001068115234,11437900
2013-09-06,26.872194290161133,32.20000076293945,32.459999084472656,31.850000381469727,32.29999923706055,12625400
2013-09-09,27.331193923950195,32.75,32.88999938964844,32.25,32.310001373291016,12400500
2013-09-10,27.422988891601562,32.86000061035156,32.9900016784668,32.75,32.79999923706055,15918900
2013-09-11,27.556516647338867,33.02000045776367,33.22999954223633,32.7400016784668,32.869998931884766,19692300
2013-09-12,27.364574432373047,32.790000915527344,33.11000061035156,32.7400016784668,33.0099983215332,16250100
2013-09-13,27.08917808532715,32.459999084472656,32.869998931884766,32.349998474121094,32.84000015258789,17638400
2013-09-16,27.514793395996094,32.970001220703125,33.150001525878906,32.779998779296875,32.84000015258789,25316900
2013-09-17,27.75680923461914,33.2599983215332,33.43000030517578,32.93000030517578,32.9900016784668,20282300
2013-09-18,28.265888214111328,33.869998931884766,33.90999984741211,33.130001068115234,33.209999084472656,39152100
2013-09-19,28.28256607055664,33.88999938964844,34.0,33.25,33.63999938964844,63316300
2013-09-20,28.416086196899414,34.04999923706055,34.130001068115234,33.66999816894531,33.939998626708984,53470400
2013-09-23,28.324289321899414,33.939998626708984,34.34000015258789,33.75,33.79999923706055,26293100
2013-09-24,28.073917388916016,33.63999938964844,33.88999938964844,33.59000015258789,33.83000183105469,18958300
2013-09-25,28.265888214111328,33.869998931884766,34.09000015258789,33.70000076293945,33.7599983215332,19653100
2013-09-26,28.215803146362305,33.810001373291016,34.2599983215332,33.689998626708984,33.97999954223633,15621000
2013-09-27,28.19076919555664,33.779998779296875,33.95000076293945,33.5099983215332,33.630001068115234,14068700
2013-09-30,27.68169403076172,33.16999816894531,33.529998779296875,33.040000915527344,33.4900016784668,25132600
2013-10-01,27.95710563659668,33.5,33.54999923706055,33.060001373291016,33.20000076293945,16300300
2013-10-02,28.107309341430664,33.68000030517578,33.72999954223633,33.2599983215332,33.310001373291016,19451600
2013-10-03,27.740116119384766,33.2400016784668,33.66999816894531,33.08000183105469,33.529998779296875,15480100
2013-10-04,27.81549644470215,33.209999084472656,33.4900016784668,33.060001373291016,33.18000030517578,15054900
2013-10-07,27.505596160888672,32.84000015258789,33.2400016784668,32.790000915527344,32.86000061035156,14150100
2013-10-08,27.111940383911133,32.369998931884766,32.91999816894531,32.27000045776367,32.83000183105469,23780400
2013-10-09,26.961183547973633,32.189998626708984,32.459999084472656,32.0,32.45000076293945,19656000
2013-10-10,27.631235122680664,32.9900016784668,33.0,32.34000015258789,32.47999954223633,21580700
2013-10-11,27.857376098632812,33.2599983215332,33.380001068115234,32.939998626708984,33.08000183105469,14018800
2013-10-14,27.874126434326172,33.279998779296875,33.349998474121094,32.88999938964844,33.0099983215332,12882400
2013-10-15,27.430219650268555,32.75,33.2599983215332,32.70000076293945,33.13999938964844,20677000
2013-10-16,27.656360626220703,33.02000045776367,33.20000076293945,32.88999938964844,32.90999984741211,16398300
2013-10-17,27.530725479125977,32.869998931884766,33.04999923706055,32.52000045776367,32.619998931884766,22821900
2013-10-18,27.55585479736328,32.900001525878906,32.9900016784668,32.54999923706055,32.75,17472700
2013-10-21,27.59773063659668,32.95000076293945,33.400001525878906,32.83000183105469,33.22999954223633,16568800
2013-10-22,27.55585479736328,32.900001525878906,33.13999938964844,32.849998474121094,33.09000015258789,19741200
2013-10-23,27.388336181640625,32.70000076293945,32.88999938964844,32.439998626708984,32.86000061035156,24610300
2013-10-24,27.698238372802734,33.06999969482422,33.25,32.72999954223633,32.7400016784668,26573600
2013-10-25,27.765249252319336,33.150001525878906,33.4900016784668,33.0099983215332,33.209999084472656,19820600
2013-10-28,27.756868362426758,33.13999938964844,33.459999084472656,33.09000015258789,33.2400016784668,17632800
2013-10-29,28.234285354614258,33.709999084472656,33.72999954223633,33.2400016784668,33.2400016784668,15954700
2013-10-30,28.083513259887695,33.529998779296875,33.95000076293945,33.41999816894531,33.81999969482422,14959100
2013-10-31,28.058399200439453,33.5,33.90999984741211,33.439998626708984,33.5,16171500
2013-11-01,28.083513259887695,33.529998779296875,33.81999969482422,33.43000030517578,33.70000076293945,15115800
2013-11-04,28.234285354614258,33.709999084472656,33.7599983215332,33.459999084472656,33.70000076293945,12725000
2013-11-05,28.058399200439453,33.5,33.689998626708984,33.40999984741211,33.54999923706055,11161500
2013-11-06,28.535797119140625,34.06999969482422,34.34000015258789,33.619998931884766,33.65999984741211,25184600
2013-11-07,28.477184295654297,34.0,34.459999084472656,33.939998626708984,34.18000030517578,17101200
2013-11-08,28.770315170288086,34.349998474121094,34.349998474121094,33.7599983215332,33.91999816894531,14028300
2013-11-11,28.787073135375977,34.369998931884766,34.630001068115234,34.279998779296875,34.310001373291016,11415100
2013-11-12,29.06346893310547,34.70000076293945,34.849998474121094,34.27000045776367,34.459999084472656,16145000
2013-11-13,29.314729690551758,35.0,35.0,34.59000015258789,34.599998474121094,14815800
2013-11-14,28.795448303222656,34.380001068115234,34.56999969482422,34.060001373291016,34.16999816894531,25790900
2013-11-15,29.247739791870117,34.91999816894531,34.93000030517578,34.310001373291016,34.36000061035156,21477700
2013-11-18,29.256103515625,34.93000030517578,35.130001068115234,34.81999969482422,34.880001068115234,15093200
2013-11-19,29.11372184753418,34.7599983215332,34.9900016784668,34.630001068115234,34.9900016784668,14532900
2013-11-20,29.105342864990234,34.75,34.970001220703125,34.66999816894531,34.84000015258789,12165500
2013-11-21,29.264484405517578,34.939998626708984,35.04999923706055,34.709999084472656,34.84000015258789,11773000
2013-11-22,29.172351837158203,34.83000183105469,34.970001220703125,34.68000030517578,34.81999969482422,13826300
2013-11-25,29.130477905273438,34.779998779296875,34.959999084472656,34.599998474121094,34.91999816894531,14753800
2013-11-26,29.256103515625,34.93000030517578,35.15999984741211,34.61000061035156,34.689998626708984,28403700
2013-11-27,29.557628631591797,35.290000915527344,35.400001525878906,35.02000045776367,35.060001373291016,16120200
2013-11-29,29.557628631591797,35.290000915527344,35.41999816894531,35.040000915527344,35.099998474121094,11851500
2013-12-02,29.381742477416992,35.08000183105469,35.38999938964844,34.959999084472656,35.369998931884766,20284400
2013-12-03,29.37336540222168,35.06999969482422,35.11000061035156,34.84000015258789,34.9900016784668,16545300
2013-12-04,29.37336540222168,35.06999969482422,35.18000030517578,34.81999969482422,34.900001525878906,20004000
2013-12-05,29.189096450805664,34.849998474121094,35.16999816894531,34.81999969482422,35.16999816894531,20839500
2013-12-06,29.716768264770508,35.47999954223633,35.5099983215332,35.099998474121094,35.150001525878906,15995300
2013-12-09,29.817262649536133,35.599998474121094,35.75,35.400001525878906,35.47999954223633,16795000
2013-12-10,29.147220611572266,34.79999923706055,35.470001220703125,34.77000045776367,35.41999816894531,25491700
2013-12-11,28.946203231811523,34.560001373291016,35.060001373291016,34.41999816894531,34.95000076293945,17184000
2013-12-12,28.142147064208984,33.599998474121094,33.900001525878906,33.290000915527344,33.849998474121094,30946000
2013-12-13,27.832244873046875,33.22999954223633,33.70000076293945,33.220001220703125,33.65999984741211,18221200
2013-12-16,28.091890335083008,33.540000915527344,33.880001068115234,33.349998474121094,33.400001525878906,22756300
2013-12-17,28.16728973388672,33.630001068115234,33.790000915527344,33.380001068115234,33.630001068115234,21782100
2013-12-18,28.979703903198242,34.599998474121094,34.7599983215332,33.70000076293945,33.869998931884766,40179900
2013-12-19,30.654850006103516,36.599998474121094,36.959999084472656,35.5,35.52000045776367,62855300
2013-12-20,30.462194442749023,36.369998931884766,36.79999923706055,36.369998931884766,36.650001525878906,40783000
2013-12-23,30.931238174438477,36.93000030517578,37.02000045776367,36.52000045776367,36.529998779296875,18002800
2013-12-24,31.25787925720215,37.31999969482422,37.380001068115234,36.880001068115234,36.959999084472656,9670100
2013-12-26,31.56777572631836,37.689998626708984,37.75,37.29999923706055,37.33000183105469,11516900
2013-12-27,31.810678482055664,37.97999954223633,38.220001220703125,37.779998779296875,37.88999938964844,15373100
2013-12-30,31.819055557250977,37.9900016784668,38.11000061035156,37.810001373291016,37.95000076293945,11683000
2013-12-31,32.045196533203125,38.2599983215332,38.34000015258789,37.880001068115234,37.939998626708984,11746400
2014-01-02,31.69341278076172,37.84000015258789,38.029998779296875,37.54999923706055,37.779998779296875,18162100
2014-01-03,31.609403610229492,37.619998931884766,37.86000061035156,37.560001373291016,37.650001525878906,11693900
2014-01-06,31.483360290527344,37.470001220703125,37.79999923706055,37.41999816894531,37.63999938964844,15329400
2014-01-07,31.802640914916992,37.849998474121094,37.93000030517578,37.5,37.65999984741211,16792200
2014-01-08,31.693424224853516,37.720001220703125,37.90999984741211,37.560001373291016,37.790000915527344,16111600
2014-01-09,31.63460350036621,37.650001525878906,37.849998474121094,37.459999084472656,37.849998474121094,13623500
2014-01-10,32.0211067199707,38.11000061035156,38.13999938964844,37.59000015258789,37.75,15402900
2014-01-13,31.718631744384766,37.75,38.20000076293945,37.70000076293945,37.95000076293945,20848300
2014-01-14,32.105133056640625,38.209999084472656,38.25,37.709999084472656,37.779998779296875,13486400
2014-01-15,32.273170471191406,38.40999984741211,38.56999969482422,38.119998931884766,38.20000076293945,17010900
2014-01-16,32.17234802246094,38.290000915527344,38.77000045776367,38.16999816894531,38.38999938964844,13463000
2014-01-17,32.105133056640625,38.209999084472656,38.470001220703125,38.029998779296875,38.119998931884766,14051100
2014-01-21,32.0211067199707,38.11000061035156,38.52000045776367,37.79999923706055,38.52000045776367,13540000
2014-01-22,31.911876678466797,37.97999954223633,38.279998779296875,37.95000076293945,38.029998779296875,14006300
2014-01-23,32.05472183227539,38.150001525878906,38.2599983215332,37.93000030517578,38.16999816894531,14174200
2014-01-24,31.180875778198242,37.11000061035156,37.959999084472656,37.11000061035156,37.91999816894531,26815600
2014-01-27,30.659942626953125,36.4900016784668,37.369998931884766,36.4900016784668,37.2599983215332,19073800
2014-01-28,31.172473907470703,37.099998474121094,37.130001068115234,36.58000183105469,36.599998474121094,13899900
2014-01-29,31.063255310058594,36.970001220703125,37.25,36.709999084472656,37.18000030517578,16553600
2014-01-30,31.424545288085938,37.400001525878906,37.560001373291016,37.08000183105469,37.189998626708984,12975500
2014-01-31,31.004425048828125,36.900001525878906,37.20000076293945,36.68000030517578,37.029998779296875,17039700
2014-02-03,30.11379051208496,35.84000015258789,37.09000015258789,35.81999969482422,37.09000015258789,21272600
2014-02-04,30.214611053466797,35.959999084472656,36.02000045776367,35.439998626708984,35.650001525878906,16228000
2014-02-05,30.206220626831055,35.95000076293945,36.25,35.470001220703125,35.52000045776367,11458400
2014-02-06,30.853191375732422,36.720001220703125,36.83000183105469,36.11000061035156,36.119998931884766,14762200
2014-02-07,31.24810028076172,37.189998626708984,37.22999954223633,36.709999084472656,36.880001068115234,13114700
2014-02-10,31.34052276611328,37.29999923706055,37.439998626708984,37.06999969482422,37.2400016784668,10976900
2014-02-11,31.794235229492188,37.84000015258789,37.900001525878906,37.38999938964844,37.5,12066100
2014-02-12,31.987499237060547,38.06999969482422,38.25,37.65999984741211,37.79999923706055,12343200
2014-02-13,32.28158187866211,38.41999816894531,38.4900016784668,37.779998779296875,37.84000015258789,11683200
2014-02-14,31.911876678466797,37.97999954223633,38.33000183105469,37.91999816894531,38.33000183105469,15641400
2014-02-18,31.903484344482422,37.970001220703125,38.119998931884766,37.72999954223633,38.060001373291016,10560300
2014-02-19,31.819461822509766,37.869998931884766,38.29999923706055,37.79999923706055,37.83000183105469,12491400
2014-02-20,32.15553665161133,38.27000045776367,38.349998474121094,37.70000076293945,37.84000015258789,11786000
2014-02-21,32.01271438598633,38.099998474121094,38.4900016784668,38.08000183105469,38.33000183105469,13243600
2014-02-24,32.04631805419922,38.13999938964844,38.459999084472656,38.040000915527344,38.15999984741211,10388100
2014-02-25,32.13873291015625,38.25,38.43000030517578,37.88999938964844,38.11000061035156,11766400
2014-02-26,32.348793029785156,38.5,38.83000183105469,38.349998474121094,38.41999816894531,11482900
2014-02-27,32.72690200805664,38.95000076293945,39.099998474121094,38.36000061035156,38.5,14055700
2014-02-28,32.86133575439453,39.11000061035156,39.369998931884766,38.650001525878906,38.95000076293945,19257800
2014-03-03,32.35719680786133,38.5099983215332,38.9900016784668,38.380001068115234,38.720001220703125,13293700
2014-03-04,33.1133918762207,39.40999984741211,39.5,39.060001373291016,39.13999938964844,13682100
2014-03-05,33.18901824951172,39.5,39.70000076293945,39.29999923706055,39.40999984741211,11929200
2014-03-06,33.15541458129883,39.459999084472656,39.849998474121094,39.41999816894531,39.68000030517578,13081900
2014-03-07,32.62609100341797,38.83000183105469,39.59000015258789,38.599998474121094,39.56999969482422,13821500
2014-03-10,32.651283264160156,38.86000061035156,38.95000076293945,38.650001525878906,38.81999969482422,8670300
2014-03-11,32.68489074707031,38.900001525878906,39.02000045776367,38.619998931884766,39.0,12841500
2014-03-12,32.36559295654297,38.52000045776367,38.81999969482422,38.279998779296875,38.81999969482422,13226200
2014-03-13,31.63460350036621,37.650001525878906,38.65999984741211,37.52000045776367,38.619998931884766,15361200
2014-03-14,31.592592239379883,37.599998474121094,38.0,37.5,37.689998626708984,14308300
2014-03-17,32.1135368347168,38.220001220703125,38.47999954223633,37.79999923706055,37.79999923706055,14981300
2014-03-18,32.63447570800781,38.84000015258789,38.939998626708984,38.15999984741211,38.369998931884766,29707200
2014-03-19,32.390804290771484,38.54999923706055,38.959999084472656,37.400001525878906,37.79999923706055,45154900
2014-03-20,32.239566802978516,38.369998931884766,38.689998626708984,38.0099983215332,38.5,18960200
2014-03-21,31.508569717407227,37.5,38.849998474121094,37.5,38.70000076293945,33897900
2014-03-24,32.07993698120117,38.18000030517578,38.34000015258789,37.380001068115234,37.4900016784668,22539000
2014-03-25,32.2647819519043,38.400001525878906,38.5,38.099998474121094,38.130001068115234,19750600
2014-03-26,32.83613204956055,39.08000183105469,39.459999084472656,38.36000061035156,38.400001525878906,31357500
2014-03-27,32.970577239990234,39.2400016784668,39.560001373291016,38.79999923706055,38.9900016784668,26283600
2014-03-28,33.247833251953125,39.56999969482422,39.86000061035156,39.189998626708984,39.52000045776367,18405100
2014-03-31,34.37375259399414,40.90999984741211,41.43000030517578,39.630001068115234,39.75,48340300
2014-04-01,34.8610725402832,41.4900016784668,42.0,40.959999084472656,41.040000915527344,35431800
2014-04-02,34.55858612060547,41.130001068115234,41.619998931884766,40.849998474121094,41.369998931884766,22754900
2014-04-03,33.92003631591797,40.369998931884766,41.13999938964844,40.34000015258789,41.040000915527344,22497000
2014-04-04,33.69249725341797,39.97999954223633,40.72999954223633,39.65999984741211,40.599998474121094,23836200
2014-04-07,33.2626953125,39.470001220703125,39.91999816894531,39.040000915527344,39.79999923706055,27311900
2014-04-08,33.911590576171875,40.2400016784668,40.349998474121094,39.36000061035156,39.439998626708984,22197600
2014-04-09,34.450958251953125,40.880001068115234,40.91999816894531,40.18000030517578,40.470001220703125,20314000
2014-04-10,33.53237533569336,39.790000915527344,41.04999923706055,39.47999954223633,40.88999938964844,26397800
2014-04-11,32.84974670410156,38.97999954223633,39.880001068115234,38.970001220703125,39.5099983215332,18655800
2014-04-14,33.34695053100586,39.56999969482422,39.75,39.08000183105469,39.08000183105469,16022000
2014-04-15,33.4818000793457,39.72999954223633,39.97999954223633,39.2400016784668,39.70000076293945,14553400
2014-04-16,33.818885803222656,40.130001068115234,40.150001525878906,39.5099983215332,39.939998626708984,13614800
2014-04-17,33.77674865722656,40.08000183105469,40.18000030517578,39.38999938964844,39.959999084472656,14644100
2014-04-21,33.911590576171875,40.2400016784668,40.439998626708984,40.060001373291016,40.2400016784668,8593600
2014-04-22,34.097007751464844,40.459999084472656,40.619998931884766,40.13999938964844,40.27000045776367,10396100
2014-04-23,33.53237533569336,39.790000915527344,40.34000015258789,39.75,40.279998779296875,10048500
2014-04-24,33.498653411865234,39.75,39.86000061035156,39.02000045776367,39.7599983215332,13966400
2014-04-25,33.2458381652832,39.45000076293945,39.810001373291016,39.22999954223633,39.810001373291016,11647800
2014-04-28,33.818885803222656,40.130001068115234,40.279998779296875,39.650001525878906,39.75,20141200
2014-04-29,33.80203628540039,40.11000061035156,40.61000061035156,40.06999969482422,40.25,14996300
2014-04-30,34.450958251953125,40.880001068115234,40.93000030517578,40.02000045776367,40.09000015258789,16480900
2014-05-01,34.52678680419922,40.970001220703125,41.189998626708984,40.63999938964844,40.720001220703125,13945500
2014-05-02,34.391944885253906,40.810001373291016,41.209999084472656,40.810001373291016,41.15999984741211,10710100
2014-05-05,34.72904968261719,41.209999084472656,41.2599983215332,40.77000045776367,41.130001068115234,13722700
2014-05-06,34.56049728393555,41.0099983215332,41.290000915527344,40.970001220703125,41.0,12647500
2014-05-07,34.602638244628906,41.060001373291016,41.279998779296875,40.4900016784668,41.150001525878906,12570400
2014-05-08,34.44252014160156,40.869998931884766,41.2599983215332,40.54999923706055,41.09000015258789,10212900
2014-05-09,34.58578872680664,41.040000915527344,41.2599983215332,40.540000915527344,40.79999923706055,10262400
2014-05-12,35.35268020629883,41.95000076293945,42.13999938964844,41.189998626708984,41.220001220703125,18751400
2014-05-13,35.3021125793457,41.88999938964844,42.09000015258789,41.63999938964844,42.02000045776367,10319200
2014-05-14,35.29366683959961,41.880001068115234,42.02000045776367,41.709999084472656,41.97999954223633,14015200
2014-05-15,35.33580780029297,41.93000030517578,42.16999816894531,41.63999938964844,41.84000015258789,19267000
2014-05-16,35.13356018066406,41.689998626708984,41.970001220703125,41.31999969482422,41.88999938964844,15497400
2014-05-19,35.52964401245117,42.15999984741211,42.20000076293945,41.40999984741211,41.47999954223633,11929700
2014-05-20,35.024009704589844,41.560001373291016,42.099998474121094,41.45000076293945,42.06999969482422,10580200
2014-05-21,35.12513732910156,41.68000030517578,41.790000915527344,41.47999954223633,41.66999816894531,11151700
2014-05-22,34.99028396606445,41.52000045776367,41.939998626708984,41.5099983215332,41.599998474121094,12276200
2014-05-23,35.52121353149414,42.150001525878906,42.22999954223633,41.4900016784668,41.650001525878906,12044200
2014-05-27,35.3189582824707,41.90999984741211,42.349998474121094,41.72999954223633,42.2599983215332,12680200
2014-05-28,35.03242492675781,41.56999969482422,42.189998626708984,41.560001373291016,41.9900016784668,11308800
2014-05-29,35.563350677490234,42.20000076293945,42.209999084472656,41.61000061035156,41.790000915527344,9629500
2014-05-30,35.411659240722656,42.02000045776367,42.20000076293945,41.849998474121094,42.08000183105469,13496500
2014-06-02,35.369529724121094,41.970001220703125,42.02000045776367,41.61000061035156,41.959999084472656,11284900
2014-06-03,35.23468017578125,41.810001373291016,41.91999816894531,41.58000183105469,41.84000015258789,10968400
2014-06-04,35.14199447631836,41.70000076293945,41.790000915527344,41.33000183105469,41.790000915527344,8936300
2014-06-05,35.47907638549805,42.099998474121094,42.33000183105469,41.7400016784668,41.849998474121094,10647800
2014-06-06,35.92572784423828,42.630001068115234,42.630001068115234,42.25,42.290000915527344,11447800
2014-06-09,35.98472595214844,42.70000076293945,42.810001373291016,42.40999984741211,42.650001525878906,10307400
2014-06-10,35.95100402832031,42.65999984741211,42.880001068115234,42.4900016784668,42.56999969482422,13457200
2014-06-11,35.86674880981445,42.560001373291016,42.880001068115234,42.36000061035156,42.45000076293945,9622700
2014-06-12,35.39480972290039,42.0,42.619998931884766,41.84000015258789,42.529998779296875,11060900
2014-06-13,35.512786865234375,42.13999938964844,42.18000030517578,41.709999084472656,42.04999923706055,10324600
2014-06-16,35.52121353149414,42.150001525878906,42.22999954223633,41.77000045776367,42.0,8150200
2014-06-17,35.66448211669922,42.31999969482422,42.70000076293945,41.97999954223633,42.189998626708984,12792400
2014-06-18,36.077430725097656,42.810001373291016,42.86000061035156,42.29999923706055,42.380001068115234,10307000
2014-06-19,35.82460021972656,42.5099983215332,43.189998626708984,42.43000030517578,42.93000030517578,27255800
2014-06-20,34.4003791809082,40.81999969482422,40.939998626708984,39.93000030517578,40.2599983215332,65103700
2014-06-23,34.63633728027344,41.099998474121094,41.33000183105469,40.75,40.93000030517578,16956600
2014-06-24,34.34981918334961,40.7599983215332,41.38999938964844,40.65999984741211,40.9900016784668,16459200
2014-06-25,34.097007751464844,40.459999084472656,40.84000015258789,40.38999938964844,40.72999954223633,13889400
2014-06-26,33.83575439453125,40.150001525878906,40.54999923706055,39.97999954223633,40.54999923706055,16642500
2014-06-27,34.15597915649414,40.529998779296875,40.65999984741211,40.029998779296875,40.029998779296875,15320500
2014-06-30,34.15597915649414,40.529998779296875,40.81999969482422,40.4900016784668,40.599998474121094,14098200
2014-07-01,34.35824203491211,40.77000045776367,40.90999984741211,40.40999984741211,40.40999984741211,13147000
2014-07-02,34.50994110107422,40.95000076293945,41.20000076293945,40.77000045776367,40.93000030517578,13400200
2014-07-03,34.83860397338867,41.34000015258789,41.36000061035156,40.970001220703125,40.97999954223633,7863600
2014-07-07,34.55968475341797,40.88999938964844,41.11000061035156,40.75,41.0099983215332,11959400
2014-07-08,34.28077697753906,40.560001373291016,40.849998474121094,40.380001068115234,40.689998626708984,12350600
2014-07-09,34.027225494384766,40.2599983215332,40.720001220703125,39.9900016784668,40.61000061035156,14711600
2014-07-10,34.07792663574219,40.31999969482422,40.52000045776367,39.88999938964844,39.88999938964844,9566900
2014-07-11,33.91735076904297,40.130001068115234,40.4900016784668,39.97999954223633,40.4900016784668,11942300
2014-07-14,34.22161102294922,40.4900016784668,40.68000030517578,40.2599983215332,40.43000030517578,13586800
2014-07-15,34.263877868652344,40.540000915527344,40.810001373291016,40.36000061035156,40.380001068115234,11813800
2014-07-16,34.027225494384766,40.2599983215332,40.880001068115234,40.130001068115234,40.810001373291016,14722600
2014-07-17,33.73139953613281,39.90999984741211,40.709999084472656,39.86000061035156,40.209999084472656,24447800
2014-07-18,33.8074836730957,40.0,40.15999984741211,39.88999938964844,39.97999954223633,19123500
2014-07-21,33.81591796875,40.0099983215332,40.2400016784668,39.91999816894531,40.029998779296875,15864700
2014-07-22,34.170902252197266,40.43000030517578,40.70000076293945,39.959999084472656,40.13999938964844,13728100
2014-07-23,34.06949234008789,40.310001373291016,40.650001525878906,40.2400016784668,40.43000030517578,9191700
2014-07-24,34.204715728759766,40.470001220703125,40.66999816894531,40.349998474121094,40.349998474121094,10797700
2014-07-25,34.086395263671875,40.33000183105469,40.63999938964844,40.27000045776367,40.27000045776367,7483800
2014-07-28,34.2723274230957,40.54999923706055,40.81999969482422,40.22999954223633,40.310001373291016,9658200
2014-07-29,34.3399543762207,40.630001068115234,40.91999816894531,40.5,40.709999084472656,9450400
2014-07-30,34.61885070800781,40.959999084472656,41.029998779296875,40.58000183105469,40.709999084472656,11406300
2014-07-31,34.13709259033203,40.38999938964844,40.939998626708984,40.349998474121094,40.650001525878906,13689500
2014-08-01,33.477867126464844,39.61000061035156,40.529998779296875,39.56999969482422,40.189998626708984,15074700
2014-08-04,33.891990661621094,40.099998474121094,40.220001220703125,39.529998779296875,39.630001068115234,12356200
2014-08-05,33.77367401123047,39.959999084472656,40.380001068115234,39.810001373291016,40.0099983215332,8806600
2014-08-06,33.94270324707031,40.15999984741211,40.349998474121094,39.779998779296875,39.849998474121094,8184800
2014-08-07,33.52855682373047,39.66999816894531,40.43000030517578,39.59000015258789,40.29999923706055,9180500
2014-08-08,33.75676727294922,39.939998626708984,39.970001220703125,39.560001373291016,39.72999954223633,8862000
2014-08-11,33.73986053466797,39.91999816894531,40.13999938964844,39.810001373291016,39.9900016784668,10292800
2014-08-12,33.722957611083984,39.900001525878906,40.040000915527344,39.72999954223633,39.7400016784668,6704300
2014-08-13,34.01032638549805,40.2400016784668,40.29999923706055,40.02000045776367,40.119998931884766,10629700
2014-08-14,33.9934196472168,40.220001220703125,40.400001525878906,39.97999954223633,40.290000915527344,9707000
2014-08-15,34.04413604736328,40.279998779296875,40.59000015258789,39.97999954223633,40.2400016784668,13418800
2014-08-18,34.348388671875,40.63999938964844,40.77000045776367,40.400001525878906,40.45000076293945,7633600
2014-08-19,34.99918746948242,41.40999984741211,41.58000183105469,40.63999938964844,40.720001220703125,14378600
2014-08-20,34.86396408081055,41.25,41.58000183105469,41.09000015258789,41.58000183105469,9627100
2014-08-21,35.142879486083984,41.58000183105469,41.810001373291016,41.15999984741211,41.15999984741211,9569200
2014-08-22,35.18512725830078,41.630001068115234,41.79999923706055,41.27000045776367,41.34000015258789,9260700
2014-08-25,35.278099060058594,41.7400016784668,42.040000915527344,41.63999938964844,41.7400016784668,8856700
2014-08-26,35.36263656616211,41.84000015258789,42.0,41.779998779296875,41.849998474121094,7320800
2014-08-27,35.19358825683594,41.63999938964844,41.79999923706055,41.41999816894531,41.75,8440000
2014-08-28,34.880863189697266,41.27000045776367,41.66999816894531,41.209999084472656,41.66999816894531,8737100
2014-08-29,35.100608825683594,41.529998779296875,41.72999954223633,41.2400016784668,41.2400016784668,8970900
2014-09-02,35.21049118041992,41.65999984741211,41.68000030517578,41.459999084472656,41.599998474121094,8538600
2014-09-03,35.413333892822266,41.900001525878906,41.95000076293945,41.619998931884766,41.79999923706055,10041600
2014-09-04,35.117515563964844,41.54999923706055,42.09000015258789,41.369998931884766,41.88999938964844,12248100
2014-09-05,34.880863189697266,41.27000045776367,41.7599983215332,41.2599983215332,41.61000061035156,15155600
2014-09-08,34.348388671875,40.63999938964844,41.18000030517578,40.27000045776367,41.0099983215332,19658500
2014-09-09,34.40755081176758,40.709999084472656,40.90999984741211,40.43000030517578,40.5099983215332,14044100
2014-09-10,34.40755081176758,40.709999084472656,40.810001373291016,40.56999969482422,40.70000076293945,9134500
2014-09-11,34.3821907043457,40.68000030517578,40.689998626708984,40.20000076293945,40.25,12389100
2014-09-12,34.23007583618164,40.5,40.7400016784668,40.400001525878906,40.7400016784668,11912300
2014-09-15,34.36528396606445,40.65999984741211,40.77000045776367,40.209999084472656,40.5,14018100
2014-09-16,34.81325912475586,41.189998626708984,41.33000183105469,40.5,40.810001373291016,13220100
2014-09-17,34.77097702026367,41.13999938964844,41.33000183105469,40.77000045776367,41.189998626708984,14083300
2014-09-18,35.117515563964844,41.54999923706055,41.77000045776367,41.20000076293945,41.349998474121094,26454500
2014-09-19,33.638431549072266,39.79999923706055,40.65999984741211,39.279998779296875,40.58000183105469,86679100
2014-09-22,33.45249938964844,39.58000183105469,39.7400016784668,39.2400016784668,39.68000030517578,24572600
2014-09-23,32.81861877441406,38.83000183105469,39.59000015258789,38.79999923706055,39.5,34353300
2014-09-24,33.31726837158203,39.41999816894531,39.560001373291016,38.56999969482422,38.77000045776367,18937000
2014-09-25,32.75944519042969,38.7599983215332,39.349998474121094,38.650001525878906,39.349998474121094,13287800
2014-09-26,32.92002487182617,38.95000076293945,39.0099983215332,38.52000045776367,38.77000045776367,16006400
2014-09-29,32.48898696899414,38.439998626708984,38.630001068115234,38.27000045776367,38.56999969482422,16586000
2014-09-30,32.35375213623047,38.279998779296875,38.56999969482422,38.13999938964844,38.459999084472656,21143300
2014-10-01,32.19316864013672,38.09000015258789,38.40999984741211,37.95000076293945,38.31999969482422,17452400
2014-10-02,32.345314025878906,38.27000045776367,38.54999923706055,37.91999816894531,38.150001525878906,14808100
2014-10-03,32.86931228637695,38.88999938964844,39.119998931884766,38.400001525878906,38.5,15289500
2014-10-06,33.13213348388672,39.08000183105469,39.2400016784668,38.95000076293945,38.970001220703125,14168000
2014-10-07,32.606502532958984,38.459999084472656,39.08000183105469,38.43000030517578,38.939998626708984,14309200
2014-10-08,33.08127975463867,39.02000045776367,39.04999923706055,38.040000915527344,38.81999969482422,16005500
2014-10-09,32.8438835144043,38.7400016784668,39.209999084472656,38.5099983215332,38.9900016784668,15004900
2014-10-10,32.301292419433594,38.099998474121094,39.099998474121094,38.09000015258789,38.65999984741211,18234100
2014-10-13,32.4114990234375,38.22999954223633,38.779998779296875,37.86000061035156,38.11000061035156,20723700
2014-10-14,32.606502532958984,38.459999084472656,39.040000915527344,38.41999816894531,38.65999984741211,19508500
2014-10-15,32.47084426879883,38.29999923706055,38.43000030517578,37.18000030517578,37.97999954223633,24561500
2014-10-16,31.843473434448242,37.560001373291016,38.18000030517578,37.52000045776367,37.9900016784668,21419300
2014-10-17,32.10630416870117,37.869998931884766,38.02000045776367,37.34000015258789,37.689998626708984,21122700
2014-10-20,32.046939849853516,37.79999923706055,37.810001373291016,35.81999969482422,36.310001373291016,16654100
2014-10-21,32.51324462890625,38.349998474121094,38.470001220703125,38.040000915527344,38.290000915527344,15381900
2014-10-22,31.91129493713379,37.63999938964844,38.43000030517578,37.58000183105469,38.369998931884766,16810200
2014-10-23,32.4114990234375,38.22999954223633,38.5,38.0099983215332,38.08000183105469,9659100
2014-10-24,32.835411071777344,38.72999954223633,38.7400016784668,38.25,38.31999969482422,8975900
2014-10-27,32.5810661315918,38.43000030517578,38.720001220703125,38.349998474121094,38.5,7525300
2014-10-28,32.767601013183594,38.650001525878906,38.72999954223633,38.34000015258789,38.34000015258789,11631800
2014-10-29,32.70823287963867,38.58000183105469,38.7400016784668,38.459999084472656,38.72999954223633,10923800
2014-10-30,32.640411376953125,38.5,38.65999984741211,38.38999938964844,38.400001525878906,9644400
2014-10-31,33.106693267822266,39.04999923706055,39.04999923706055,38.83000183105469,38.880001068115234,16142800
2014-11-03,33.055843353271484,38.9900016784668,39.040000915527344,38.7599983215332,39.02000045776367,10318600
2014-11-04,33.17451858520508,39.130001068115234,39.150001525878906,38.900001525878906,38.93000030517578,12671000
2014-11-05,33.3101692199707,39.290000915527344,39.5099983215332,39.11000061035156,39.34000015258789,12280300
2014-11-06,33.75102996826172,39.810001373291016,39.86000061035156,39.11000061035156,39.220001220703125,11603400
2014-11-07,33.86125564575195,39.939998626708984,39.970001220703125,39.61000061035156,39.689998626708984,13728500
2014-11-10,34.29362487792969,40.45000076293945,40.4900016784668,39.88999938964844,39.970001220703125,11058100
2014-11-11,34.310577392578125,40.470001220703125,40.59000015258789,40.349998474121094,40.529998779296875,7061000
2014-11-12,34.030818939208984,40.13999938964844,40.59000015258789,40.04999923706055,40.560001373291016,10965100
2014-11-13,34.522544860839844,40.720001220703125,40.77000045776367,39.88999938964844,40.16999816894531,11868700
2014-11-14,34.624263763427734,40.84000015258789,41.06999969482422,40.630001068115234,40.86000061035156,11476500
2014-11-17,34.89555740356445,41.15999984741211,41.20000076293945,40.630001068115234,40.709999084472656,11987600
2014-11-18,34.980350494384766,41.2599983215332,41.47999954223633,41.11000061035156,41.189998626708984,9328200
2014-11-19,34.69209671020508,40.91999816894531,41.27000045776367,40.810001373291016,41.150001525878906,9202600
2014-11-20,34.69209671020508,40.91999816894531,41.0099983215332,40.61000061035156,40.709999084472656,9062200
2014-11-21,35.13294219970703,41.439998626708984,41.5,41.16999816894531,41.31999969482422,12641400
2014-11-24,35.124473571777344,41.43000030517578,41.63999938964844,41.36000061035156,41.4900016784668,9542100
2014-11-25,34.887081146240234,41.150001525878906,41.63999938964844,41.150001525878906,41.5099983215332,12404200
2014-11-26,35.49751281738281,41.869998931884766,41.90999984741211,41.18000030517578,41.18000030517578,11590000
2014-11-28,35.955322265625,42.40999984741211,42.5099983215332,41.88999938964844,41.97999954223633,11890100
2014-12-01,35.67555236816406,42.08000183105469,42.380001068115234,42.0099983215332,42.0099983215332,10802400
2014-12-02,35.760337829589844,42.18000030517578,42.36000061035156,41.86000061035156,41.900001525878906,9083200
2014-12-03,35.658599853515625,42.060001373291016,42.13999938964844,41.63999938964844,41.939998626708984,10326000
2014-12-04,35.51445770263672,41.88999938964844,42.119998931884766,41.4900016784668,42.119998931884766,9177100
2014-12-05,35.54836654663086,41.93000030517578,42.02000045776367,41.59000015258789,42.02000045776367,8925300
2014-12-08,35.0735969543457,41.369998931884766,42.029998779296875,41.33000183105469,41.90999984741211,12766500
2014-12-09,35.49751281738281,41.869998931884766,41.93000030517578,40.88999938964844,40.97999954223633,13897500
2014-12-10,34.69209671020508,40.91999816894531,41.810001373291016,40.880001068115234,41.70000076293945,12547600
2014-12-11,34.55644226074219,40.7599983215332,41.63999938964844,40.709999084472656,41.119998931884766,12395800
2014-12-12,33.869712829589844,39.95000076293945,40.779998779296875,39.91999816894531,40.2400016784668,14108200
2014-12-15,34.853179931640625,41.11000061035156,41.650001525878906,40.77000045776367,41.209999084472656,22343100
2014-12-16,34.44623947143555,40.630001068115234,41.36000061035156,40.61000061035156,40.88999938964844,16424500
2014-12-17,34.89555740356445,41.15999984741211,41.630001068115234,40.68000030517578,41.060001373291016,18151000
2014-12-18,38.44785690307617,45.349998474121094,45.369998931884766,43.56999969482422,43.83000183105469,54495600
2014-12-19,38.99892807006836,46.0,46.150001525878906,44.97999954223633,45.099998474121094,41782200
2014-12-22,38.70219421386719,45.650001525878906,46.04999923706055,45.40999984741211,45.56999969482422,21264400
2014-12-23,39.00740432739258,46.0099983215332,46.5,45.459999084472656,45.529998779296875,14042400
2014-12-24,39.19392013549805,46.22999954223633,46.709999084472656,46.150001525878906,46.36000061035156,10238200
2014-12-26,39.083709716796875,46.099998474121094,46.5,46.06999969482422,46.189998626708984,6901500
2014-12-29,38.668296813964844,45.61000061035156,46.09000015258789,45.599998474121094,46.02000045776367,9701400
2014-12-30,38.43938064575195,45.34000015258789,45.65999984741211,45.290000915527344,45.54999923706055,9968400
2014-12-31,38.125694274902344,44.970001220703125,45.560001373291016,44.970001220703125,45.45000076293945,13269200
2015-01-02,37.583099365234375,44.33000183105469,45.189998626708984,43.970001220703125,45.02000045776367,15070200
2015-01-05,37.0560302734375,43.59000015258789,44.25,43.58000183105469,44.15999984741211,18369400
2015-01-06,36.67348098754883,43.13999938964844,44.18000030517578,42.9900016784668,44.060001373291016,19229500
2015-01-07,36.6819953918457,43.150001525878906,43.52000045776367,43.0099983215332,43.33000183105469,13502200
2015-01-08,36.903011322021484,43.40999984741211,43.939998626708984,43.380001068115234,43.630001068115234,17516900
2015-01-09,36.886016845703125,43.38999938964844,44.099998474121094,43.2599983215332,43.97999954223633,15957500
2015-01-12,36.78399658203125,43.27000045776367,43.77000045776367,42.86000061035156,43.2599983215332,16055700
2015-01-13,36.49496078491211,42.93000030517578,43.95000076293945,42.56999969482422,43.66999816894531,12878200
2015-01-14,36.605472564697266,43.060001373291016,43.16999816894531,42.459999084472656,42.459999084472656,12707400
2015-01-15,36.239933013916016,42.630001068115234,43.63999938964844,42.56999969482422,43.47999954223633,13431000
2015-01-16,36.98802947998047,43.5099983215332,43.619998931884766,42.25,42.4900016784668,17786700
2015-01-20,37.3195686340332,43.900001525878906,44.029998779296875,43.22999954223633,43.560001373291016,16308400
2015-01-21,36.97101974487305,43.4900016784668,43.93000030517578,43.209999084472656,43.689998626708984,15876600
2015-01-22,37.447086334228516,44.04999923706055,45.33000183105469,43.18000030517578,43.95000076293945,17969100
2015-01-23,37.56609344482422,44.189998626708984,44.540000915527344,43.91999816894531,43.97999954223633,14150300
2015-01-26,37.3195686340332,43.900001525878906,44.209999084472656,43.540000915527344,44.16999816894531,12059500
2015-01-27,36.89451599121094,43.400001525878906,43.869998931884766,42.58000183105469,43.0099983215332,14984100
2015-01-28,36.29093933105469,42.689998626708984,43.97999954223633,42.66999816894531,43.939998626708984,15132500
2015-01-29,36.435462951660156,42.86000061035156,43.02000045776367,42.31999969482422,42.81999969482422,12805100
2015-01-30,35.61085510253906,41.88999938964844,42.52000045776367,41.81999969482422,42.09000015258789,22590000
2015-02-02,36.28245162963867,42.68000030517578,42.709999084472656,41.560001373291016,42.209999084472656,16889500
2015-02-03,36.58847427368164,43.040000915527344,43.13999938964844,42.540000915527344,42.939998626708984,12657100
2015-02-04,36.0614128112793,42.41999816894531,43.15999984741211,42.31999969482422,42.970001220703125,12912000
2015-02-05,36.690494537353516,43.15999984741211,43.2400016784668,42.5,42.5,9630300
2015-02-06,36.5374641418457,42.97999954223633,43.470001220703125,42.880001068115234,43.2599983215332,9522100
2015-02-09,36.89451599121094,43.400001525878906,43.630001068115234,42.630001068115234,42.630001068115234,12705700
2015-02-10,37.39607238769531,43.9900016784668,44.060001373291016,43.560001373291016,43.790000915527344,12714800
2015-02-11,36.86051559448242,43.36000061035156,44.0,43.09000015258789,43.959999084472656,12836900
2015-02-12,37.31105422973633,43.88999938964844,44.060001373291016,43.40999984741211,43.47999954223633,12519700
2015-02-13,37.34507369995117,43.93000030517578,44.22999954223633,43.79999923706055,43.79999923706055,10155700
2015-02-17,37.26856231689453,43.84000015258789,43.900001525878906,43.540000915527344,43.66999816894531,10118600
2015-02-18,37.48958969116211,44.099998474121094,44.11000061035156,43.650001525878906,43.709999084472656,8661100
2015-02-19,37.49809646606445,44.11000061035156,44.369998931884766,44.0,44.130001068115234,8465700
2015-02-20,37.20903778076172,43.77000045776367,44.09000015258789,43.459999084472656,44.060001373291016,14731200
2015-02-23,37.21754455566406,43.779998779296875,43.880001068115234,43.29999923706055,43.459999084472656,10995500
2015-02-24,37.30256652832031,43.880001068115234,43.959999084472656,43.380001068115234,43.790000915527344,10522500
2015-02-25,37.17506408691406,43.72999954223633,44.09000015258789,43.380001068115234,43.83000183105469,11785400
2015-02-26,37.31105422973633,43.88999938964844,44.150001525878906,43.709999084472656,43.79999923706055,8519300
2015-02-27,37.251564025878906,43.81999969482422,44.11000061035156,43.68000030517578,43.77000045776367,9549500
2015-03-02,37.43008041381836,44.029998779296875,44.040000915527344,43.47999954223633,43.810001373291016,11091000
2015-03-03,36.87751007080078,43.380001068115234,43.880001068115234,43.16999816894531,43.83000183105469,10058700
2015-03-04,37.073036193847656,43.61000061035156,43.65999984741211,42.81999969482422,43.20000076293945,14697600
2015-03-05,37.234554290771484,43.79999923706055,43.88999938964844,43.2599983215332,43.65999984741211,10983500
2015-03-06,36.02741241455078,42.380001068115234,43.61000061035156,42.29999923706055,43.61000061035156,15086600
2015-03-09,36.29093933105469,42.689998626708984,42.790000915527344,42.189998626708984,42.25,11474200
2015-03-10,35.55134582519531,41.81999969482422,42.54999923706055,41.779998779296875,42.2400016784668,13960700
2015-03-11,35.253822326660156,41.470001220703125,42.15999984741211,41.40999984741211,41.93000030517578,11108800
2015-03-12,35.38133239746094,41.619998931884766,41.7599983215332,41.2599983215332,41.459999084472656,13716700
2015-03-13,36.02741241455078,42.380001068115234,42.470001220703125,41.5099983215332,41.540000915527344,18405400
2015-03-16,36.903011322021484,43.40999984741211,43.529998779296875,42.7400016784668,42.81999969482422,17423200
2015-03-17,36.443973541259766,42.869998931884766,43.34000015258789,42.86000061035156,43.11000061035156,21509000
2015-03-18,37.51509475708008,44.130001068115234,44.939998626708984,43.349998474121094,44.29999923706055,37900300
2015-03-19,37.54059600830078,44.15999984741211,44.4900016784668,44.0,44.0,15729600
2015-03-20,37.75311279296875,44.40999984741211,44.72999954223633,44.060001373291016,44.130001068115234,20724700
2015-03-23,37.61709976196289,44.25,44.619998931884766,44.15999984741211,44.34000015258789,10749200
2015-03-24,37.158042907714844,43.709999084472656,44.5,43.709999084472656,44.33000183105469,14913400
2015-03-25,36.49496078491211,42.93000030517578,43.75,42.93000030517578,43.68000030517578,17491000
2015-03-26,36.545982360839844,42.9900016784668,43.22999954223633,42.459999084472656,42.779998779296875,14065600
2015-03-27,36.24843978881836,42.63999938964844,43.119998931884766,42.41999816894531,42.93000030517578,18030800
2015-03-30,36.92851638793945,43.439998626708984,43.630001068115234,43.119998931884766,43.22999954223633,12730100
2015-03-31,36.6819953918457,43.150001525878906,43.56999969482422,43.130001068115234,43.310001373291016,13264200
2015-04-01,36.50346374511719,42.939998626708984,43.119998931884766,42.720001220703125,42.9900016784668,12050900
2015-04-02,36.35844039916992,42.619998931884766,43.11000061035156,42.47999954223633,42.9900016784668,11183900
2015-04-06,36.648502349853516,42.959999084472656,43.099998474121094,42.209999084472656,42.279998779296875,9766500
2015-04-07,36.648502349853516,42.959999084472656,43.47999954223633,42.939998626708984,42.9900016784668,8075400
2015-04-08,36.77646255493164,43.11000061035156,43.34000015258789,42.849998474121094,42.849998474121094,6947100
2015-04-09,36.85323715209961,43.20000076293945,43.310001373291016,42.7400016784668,42.970001220703125,9399500
2015-04-10,37.11769104003906,43.5099983215332,43.88999938964844,43.08000183105469,43.08000183105469,12542800
2015-04-13,36.750850677490234,43.08000183105469,43.790000915527344,43.029998779296875,43.54999923706055,10943400
2015-04-14,36.4522819519043,42.72999954223633,43.060001373291016,42.5099983215332,43.040000915527344,10510500
2015-04-15,37.527156829833984,43.9900016784668,44.189998626708984,42.83000183105469,42.95000076293945,18188700
2015-04-16,37.07502746582031,43.459999084472656,43.959999084472656,43.25,43.689998626708984,11960800
2015-04-17,36.6826171875,43.0,43.400001525878906,42.86000061035156,43.060001373291016,12473500
2015-04-20,36.955596923828125,43.31999969482422,43.810001373291016,43.25,43.310001373291016,10426300
2015-04-21,37.040897369384766,43.41999816894531,43.869998931884766,43.400001525878906,43.5099983215332,9312900
2015-04-22,37.15180587768555,43.54999923706055,43.75,43.34000015258789,43.5099983215332,7343900
2015-04-23,37.015323638916016,43.38999938964844,43.630001068115234,42.9900016784668,43.5099983215332,11311000
2015-04-24,36.750850677490234,43.08000183105469,43.58000183105469,42.75,43.40999984741211,17767100
2015-04-27,37.20299530029297,43.61000061035156,43.95000076293945,43.06999969482422,43.099998474121094,12916000
2015-04-28,37.96224594116211,44.5,44.58000183105469,43.45000076293945,43.709999084472656,18287700
2015-04-29,38.158443450927734,44.72999954223633,44.900001525878906,43.68000030517578,44.400001525878906,36608700
2015-04-30,37.21153259277344,43.619998931884766,44.40999984741211,43.5099983215332,44.04999923706055,20196300
2015-05-01,37.851341247558594,44.369998931884766,44.380001068115234,43.439998626708984,43.439998626708984,11942000
2015-05-04,38.03902053833008,44.59000015258789,44.849998474121094,44.2400016784668,44.54999923706055,9168200
2015-05-05,37.46746063232422,43.91999816894531,44.619998931884766,43.88999938964844,44.470001220703125,11410200
2015-05-06,36.9044189453125,43.2599983215332,44.2400016784668,43.0,44.20000076293945,12732100
2015-05-07,37.092098236083984,43.47999954223633,43.65999984741211,43.02000045776367,43.16999816894531,8787100
2015-05-08,37.544219970703125,44.0099983215332,44.2400016784668,43.689998626708984,43.83000183105469,9582900
2015-05-11,37.39921569824219,43.84000015258789,44.20000076293945,43.599998474121094,43.970001220703125,7429400
2015-05-12,37.16887283325195,43.56999969482422,43.689998626708984,43.279998779296875,43.650001525878906,8515100
2015-05-13,37.35654830932617,43.790000915527344,44.06999969482422,43.619998931884766,43.7599983215332,7451200
2015-05-14,37.859859466552734,44.380001068115234,44.400001525878906,44.0,44.11000061035156,7293000
2015-05-15,37.66365051269531,44.150001525878906,44.439998626708984,43.939998626708984,44.40999984741211,9369500
2015-05-18,37.74043655395508,44.2400016784668,44.40999984741211,43.880001068115234,43.939998626708984,6070900
2015-05-19,37.808685302734375,44.31999969482422,44.459999084472656,44.15999984741211,44.41999816894531,8640000
2015-05-20,37.78310012817383,44.290000915527344,44.599998474121094,44.09000015258789,44.220001220703125,9055700
2015-05-21,37.77455520629883,44.279998779296875,44.45000076293945,43.95000076293945,44.220001220703125,8036400
2015-05-22,37.475990295410156,43.93000030517578,44.27000045776367,43.880001068115234,44.20000076293945,7484300
2015-05-26,36.96413803100586,43.33000183105469,43.83000183105469,43.150001525878906,43.7400016784668,10440400
2015-05-27,37.6551399230957,44.13999938964844,44.25,43.40999984741211,43.540000915527344,11096800
2015-05-28,37.416263580322266,43.86000061035156,44.25,43.63999938964844,44.08000183105469,7273200
2015-05-29,37.10061264038086,43.4900016784668,43.84000015258789,43.36000061035156,43.790000915527344,10358700
2015-06-01,37.35654830932617,43.790000915527344,44.060001373291016,43.63999938964844,43.84000015258789,9764300
2015-06-02,37.2797737121582,43.70000076293945,44.0099983215332,43.13999938964844,43.5099983215332,8275900
2015-06-03,37.51010513305664,43.970001220703125,44.09000015258789,43.59000015258789,43.7400016784668,9220900
2015-06-04,37.3394889831543,43.77000045776367,44.11000061035156,43.5099983215332,43.7400016784668,13783100
2015-06-05,37.373619079589844,43.810001373291016,44.02000045776367,43.4900016784668,43.83000183105469,12850700
2015-06-08,36.767921447753906,43.099998474121094,43.88999938964844,43.08000183105469,43.810001373291016,9112200
2015-06-09,36.7423210144043,43.06999969482422,43.369998931884766,42.81999969482422,43.349998474121094,7634200
2015-06-10,37.4845085144043,43.939998626708984,44.04999923706055,43.060001373291016,43.279998779296875,15518400
2015-06-11,37.77455520629883,44.279998779296875,44.41999816894531,44.029998779296875,44.16999816894531,12519300
2015-06-12,37.82574462890625,44.34000015258789,44.38999938964844,43.900001525878906,43.97999954223633,11742300
2015-06-15,37.296844482421875,43.720001220703125,43.9900016784668,43.40999984741211,43.900001525878906,16727800
2015-06-16,38.0816650390625,44.63999938964844,44.880001068115234,43.7599983215332,43.90999984741211,18271600
2015-06-17,38.31201171875,44.90999984741211,45.2400016784668,44.369998931884766,44.86000061035156,27080800
2015-06-18,36.460819244384766,42.7400016784668,42.97999954223633,40.970001220703125,41.90999984741211,79138400
2015-06-19,35.47977066040039,41.59000015258789,43.099998474121094,41.560001373291016,42.900001525878906,37430200
2015-06-22,35.394466400146484,41.4900016784668,41.959999084472656,41.45000076293945,41.79999923706055,22368300
2015-06-23,35.58213424682617,41.709999084472656,42.060001373291016,41.47999954223633,41.939998626708984,17394300
2015-06-24,35.147056579589844,41.20000076293945,41.77000045776367,41.20000076293945,41.540000915527344,17768200
2015-06-25,35.02764892578125,41.060001373291016,41.470001220703125,41.060001373291016,41.2400016784668,13587200
2015-06-26,34.967918395996094,40.9900016784668,41.369998931884766,40.970001220703125,41.099998474121094,39687300
2015-06-29,34.48167037963867,40.41999816894531,40.900001525878906,40.380001068115234,40.630001068115234,18195500
2015-06-30,34.37929153442383,40.29999923706055,40.75,40.11000061035156,40.599998474121094,16691500
2015-07-01,34.32810592651367,40.2400016784668,40.70000076293945,39.93000030517578,40.61000061035156,13948600
2015-07-02,34.43047332763672,40.36000061035156,40.41999816894531,40.150001525878906,40.380001068115234,11644100
2015-07-06,34.37910079956055,40.150001525878906,40.290000915527344,39.77000045776367,39.93000030517578,12434100
2015-07-07,34.38766860961914,40.15999984741211,40.27000045776367,39.84000015258789,40.040000915527344,16437100
2015-07-08,34.0537109375,39.77000045776367,40.2400016784668,39.70000076293945,39.900001525878906,14598700
2015-07-09,34.404781341552734,40.18000030517578,40.47999954223633,40.150001525878906,40.2400016784668,13348300
2015-07-10,34.55890655517578,40.36000061035156,40.650001525878906,40.209999084472656,40.560001373291016,10470900
2015-07-13,34.93568420410156,40.79999923706055,40.86000061035156,40.380001068115234,40.52000045776367,10717000
2015-07-14,34.91853713989258,40.779998779296875,40.900001525878906,40.58000183105469,40.810001373291016,9298800
2015-07-15,34.92710494995117,40.790000915527344,40.91999816894531,40.630001068115234,40.630001068115234,9326700
2015-07-16,35.07267379760742,40.959999084472656,41.02000045776367,40.560001373291016,41.02000045776367,14861000
2015-07-17,34.593162536621094,40.400001525878906,40.86000061035156,40.15999984741211,40.75,14574400
2015-07-20,34.19070816040039,39.93000030517578,40.38999938964844,39.869998931884766,40.36000061035156,17488100
2015-07-21,33.8824462890625,39.56999969482422,39.9900016784668,39.38999938964844,39.7599983215332,14679100
2015-07-22,33.7540168762207,39.41999816894531,39.66999816894531,39.25,39.36000061035156,16797000
2015-07-23,33.39438247680664,39.0,39.599998474121094,38.959999084472656,39.54999923706055,18083800
2015-07-24,33.39438247680664,39.0,39.16999816894531,38.79999923706055,39.099998474121094,12030300
2015-07-27,32.974815368652344,38.5099983215332,38.81999969482422,38.470001220703125,38.720001220703125,15756800
2015-07-28,33.634132385253906,39.279998779296875,39.369998931884766,38.439998626708984,38.790000915527344,14289200
2015-07-29,34.070838928222656,39.790000915527344,39.869998931884766,39.2599983215332,39.369998931884766,13016400
2015-07-30,33.95096969604492,39.650001525878906,40.099998474121094,39.54999923706055,40.029998779296875,13634200
2015-07-31,34.199302673339844,39.939998626708984,40.119998931884766,39.70000076293945,39.7599983215332,13706100
2015-08-03,34.002323150634766,39.709999084472656,40.0099983215332,39.459999084472656,39.95000076293945,12444500
2015-08-04,33.95953369140625,39.65999984741211,40.0,39.529998779296875,39.59000015258789,9697300
2015-08-05,33.9423942565918,39.63999938964844,40.02000045776367,39.630001068115234,39.900001525878906,11982000
2015-08-06,33.668392181396484,39.31999969482422,39.84000015258789,39.150001525878906,39.630001068115234,10613000
2015-08-07,33.87388610839844,39.560001373291016,39.689998626708984,39.22999954223633,39.36000061035156,10655100
2015-08-10,34.156463623046875,39.88999938964844,40.04999923706055,39.70000076293945,39.7599983215332,9525800
2015-08-11,33.539955139160156,39.16999816894531,39.68000030517578,39.02000045776367,39.529998779296875,10600500
2015-08-12,33.634132385253906,39.279998779296875,39.36000061035156,38.5,38.7400016784668,11062300
2015-08-13,33.65983200073242,39.310001373291016,39.560001373291016,38.9900016784668,39.220001220703125,7785700
2015-08-14,33.74546813964844,39.40999984741211,39.5,39.18000030517578,39.33000183105469,7185000
2015-08-17,34.01090621948242,39.720001220703125,39.72999954223633,39.09000015258789,39.40999984741211,7631200
2015-08-18,34.10509490966797,39.83000183105469,40.029998779296875,39.5099983215332,39.52000045776367,9950600
2015-08-19,33.848209381103516,39.529998779296875,39.939998626708984,39.310001373291016,39.70000076293945,11112900
2015-08-20,33.077579498291016,38.630001068115234,39.5,38.599998474121094,39.189998626708984,13071200
2015-08-21,32.152809143066406,37.54999923706055,38.77000045776367,37.54999923706055,38.31999969482422,19411300
2015-08-24,30.89409637451172,36.08000183105469,36.599998474121094,35.13999938964844,35.72999954223633,32522300
2015-08-25,30.354642868041992,35.45000076293945,37.209999084472656,35.380001068115234,36.970001220703125,21393600
2015-08-26,31.604782104492188,36.90999984741211,37.02000045776367,35.599998474121094,36.029998779296875,20554300
2015-08-27,31.527738571166992,36.81999969482422,37.5099983215332,36.0099983215332,37.349998474121094,28218200
2015-08-28,32.07574462890625,37.459999084472656,37.4900016784668,36.779998779296875,36.86000061035156,21559100
2015-08-31,31.758913040161133,37.09000015258789,37.5099983215332,36.93000030517578,37.15999984741211,15352800
2015-09-01,30.834150314331055,36.0099983215332,36.54999923706055,35.88999938964844,36.33000183105469,19948700
2015-09-02,31.467796325683594,36.75,36.75,36.11000061035156,36.369998931884766,15049300
2015-09-03,31.596227645874023,36.900001525878906,37.27000045776367,36.77000045776367,36.810001373291016,11787800
2015-09-04,31.05677604675293,36.27000045776367,36.68000030517578,36.09000015258789,36.349998474121094,13147900
2015-09-08,32.26411437988281,37.68000030517578,37.81999969482422,36.72999954223633,36.72999954223633,18949600
2015-09-09,31.758913040161133,37.09000015258789,38.18000030517578,37.0099983215332,37.900001525878906,14710200
2015-09-10,32.204185485839844,37.61000061035156,37.939998626708984,37.029998779296875,37.029998779296875,16930600
2015-09-11,32.46962356567383,37.91999816894531,37.959999084472656,37.400001525878906,37.45000076293945,12948600
2015-09-14,32.16136169433594,37.560001373291016,37.939998626708984,37.369998931884766,37.810001373291016,15021500
2015-09-15,32.52956771850586,37.9900016784668,38.18000030517578,37.400001525878906,37.77000045776367,14877900
2015-09-16,32.76930618286133,38.27000045776367,38.52000045776367,37.93000030517578,38.2599983215332,19574000
2015-09-17,31.459232330322266,36.7400016784668,38.27000045776367,36.5,38.27000045776367,37299000
2015-09-18,31.15096664428711,36.380001068115234,36.97999954223633,36.2599983215332,36.290000915527344,34919800
2015-09-21,31.536285400390625,36.83000183105469,37.060001373291016,36.41999816894531,36.599998474121094,14964400
2015-09-22,30.98827362060547,36.189998626708984,36.4900016784668,35.970001220703125,36.34000015258789,19979700
2015-09-23,30.817026138305664,35.9900016784668,36.220001220703125,35.83000183105469,36.189998626708984,16991600
2015-09-24,30.876964569091797,36.060001373291016,36.22999954223633,35.38999938964844,35.849998474121094,18059500
2015-09-25,30.86840057373047,36.04999923706055,36.31999969482422,35.90999984741211,36.20000076293945,19387000
2015-09-28,30.34607696533203,35.439998626708984,36.13999938964844,35.400001525878906,35.720001220703125,21742700
2015-09-29,30.406028747558594,35.5099983215332,35.65999984741211,35.2400016784668,35.310001373291016,19785900
2015-09-30,30.9283447265625,36.119998931884766,36.189998626708984,35.779998779296875,35.88999938964844,16215000
2015-10-01,31.031095504760742,36.2400016784668,36.41999816894531,35.849998474121094,36.22999954223633,18331300
2015-10-02,31.587671279907227,36.88999938964844,36.90999984741211,35.63999938964844,35.709999084472656,18772800
2015-10-05,32.18705749511719,37.59000015258789,37.72999954223633,37.02000045776367,37.2599983215332,12741700
2015-10-06,32.30693435668945,37.72999954223633,37.849998474121094,37.5099983215332,37.52000045776367,12427300
2015-10-07,32.24699020385742,37.65999984741211,37.97999954223633,37.349998474121094,37.75,16335700
2015-10-08,32.443946838378906,37.88999938964844,37.9900016784668,37.34000015258789,37.38999938964844,13247600
2015-10-09,32.753414154052734,38.099998474121094,38.20000076293945,37.65999984741211,37.97999954223633,14656400
2015-10-12,32.70182800292969,38.040000915527344,38.119998931884766,37.689998626708984,37.91999816894531,11022500
2015-10-13,32.51270294189453,37.81999969482422,38.20000076293945,37.7400016784668,37.90999984741211,11575600
2015-10-14,32.03129196166992,37.2599983215332,37.58000183105469,37.13999938964844,37.16999816894531,14069700
2015-10-15,32.28059387207031,37.54999923706055,37.66999816894531,37.2599983215332,37.54999923706055,12205500
2015-10-16,32.1258544921875,37.369998931884766,37.79999923706055,37.13999938964844,37.79999923706055,19694700
2015-10-19,31.69602394104004,36.869998931884766,37.099998474121094,36.56999969482422,36.86000061035156,18100500
2015-10-20,31.687435150146484,36.86000061035156,37.0,36.619998931884766,36.619998931884766,13678100
2015-10-21,31.481101989746094,36.619998931884766,37.119998931884766,36.56999969482422,36.97999954223633,11062600
2015-10-22,32.48691940307617,37.790000915527344,37.86000061035156,36.849998474121094,36.849998474121094,14701400
2015-10-23,32.727630615234375,38.06999969482422,38.15999984741211,37.790000915527344,38.119998931884766,16469100
2015-10-26,32.985530853271484,38.369998931884766,38.619998931884766,37.939998626708984,37.939998626708984,12330600
2015-10-27,32.95973587036133,38.34000015258789,38.45000076293945,38.040000915527344,38.33000183105469,14110500
2015-10-28,33.42396545410156,38.880001068115234,38.88999938964844,38.369998931884766,38.630001068115234,14020000
2015-10-29,33.4067497253418,38.86000061035156,38.90999984741211,38.529998779296875,38.529998779296875,11432900
2015-10-30,33.38956832885742,38.84000015258789,39.040000915527344,38.5,38.91999816894531,16471500
2015-11-02,34.17186737060547,39.75,39.779998779296875,38.900001525878906,39.04999923706055,19789700
2015-11-03,34.558719635009766,40.20000076293945,40.27000045776367,39.58000183105469,39.689998626708984,17153100
2015-11-04,34.7994270324707,40.47999954223633,40.56999969482422,40.060001373291016,40.349998474121094,16863300
2015-11-05,34.68767166137695,40.349998474121094,40.599998474121094,40.150001525878906,40.15999984741211,16358800
2015-11-06,34.919776916503906,40.619998931884766,40.63999938964844,40.130001068115234,40.31999969482422,16481800
2015-11-09,34.472747802734375,40.099998474121094,40.5,39.779998779296875,40.40999984741211,14604900
2015-11-10,34.318016052246094,39.91999816894531,40.16999816894531,39.790000915527344,39.83000183105469,11294000
2015-11-11,33.5615119934082,39.040000915527344,39.599998474121094,38.97999954223633,39.2400016784668,18861500
2015-11-12,33.20903396606445,38.630001068115234,39.099998474121094,38.5099983215332,38.650001525878906,14591600
2015-11-13,32.0656852722168,37.29999923706055,38.599998474121094,37.220001220703125,38.47999954223633,23987600
2015-11-16,32.77060317993164,38.119998931884766,38.38999938964844,37.560001373291016,37.689998626708984,16741000
2015-11-17,32.77921676635742,38.130001068115234,38.52000045776367,37.970001220703125,38.22999954223633,14820000
2015-11-18,33.269222259521484,38.70000076293945,38.72999954223633,38.150001525878906,38.189998626708984,11958900
2015-11-19,33.54431915283203,39.02000045776367,39.31999969482422,38.619998931884766,38.66999816894531,12306100
2015-11-20,33.819400787353516,39.34000015258789,39.58000183105469,39.20000076293945,39.25,12023200
2015-11-23,33.64747619628906,39.13999938964844,39.529998779296875,39.04999923706055,39.439998626708984,9111900
2015-11-24,33.92256546020508,39.459999084472656,39.619998931884766,38.779998779296875,38.779998779296875,13766300
2015-11-25,33.750633239746094,39.2599983215332,39.599998474121094,39.2400016784668,39.470001220703125,8014700
2015-11-27,33.681854248046875,39.18000030517578,39.34000015258789,39.08000183105469,39.13999938964844,6869900
2015-11-30,33.50132751464844,38.970001220703125,39.290000915527344,38.970001220703125,39.11000061035156,18969800
2015-12-01,33.724849700927734,39.22999954223633,39.279998779296875,38.90999984741211,39.09000015258789,12718200
2015-12-02,33.269222259521484,38.70000076293945,39.38999938964844,38.650001525878906,39.150001525878906,13694200
2015-12-03,32.50412368774414,37.810001373291016,38.959999084472656,37.75,38.959999084472656,20322500
2015-12-04,33.664649963378906,39.15999984741211,39.2400016784668,37.880001068115234,38.02000045776367,18206600
2015-12-07,33.37236785888672,38.81999969482422,39.2400016784668,38.5,39.15999984741211,13798500
2015-12-08,33.295005798339844,38.72999954223633,38.869998931884766,38.2599983215332,38.290000915527344,15219700
2015-12-09,33.16606521606445,38.58000183105469,39.349998474121094,38.33000183105469,38.630001068115234,17516100
2015-12-10,32.83077621459961,38.189998626708984,38.81999969482422,38.11000061035156,38.61000061035156,18358300
2015-12-11,31.988296508789062,37.209999084472656,37.849998474121094,37.029998779296875,37.619998931884766,20346800
2015-12-14,32.36656951904297,37.650001525878906,37.68000030517578,36.849998474121094,37.150001525878906,20142700
2015-12-15,32.84798049926758,38.209999084472656,38.529998779296875,37.95000076293945,38.099998474121094,19262900
2015-12-16,33.44976806640625,38.90999984741211,39.13999938964844,38.349998474121094,38.66999816894531,23478000
2015-12-17,31.747600555419922,36.93000030517578,38.20000076293945,36.540000915527344,38.09000015258789,42879900
2015-12-18,31.24898910522461,36.349998474121094,37.08000183105469,36.310001373291016,36.88999938964844,28726800
2015-12-21,31.309165954589844,36.41999816894531,36.84000015258789,36.099998474121094,36.720001220703125,15042300
2015-12-22,31.45530891418457,36.59000015258789,36.709999084472656,36.25,36.38999938964844,13924800
2015-12-23,31.747600555419922,36.93000030517578,37.220001220703125,36.650001525878906,36.65999984741211,12832300
2015-12-24,31.816364288330078,37.0099983215332,37.22999954223633,36.72999954223633,36.72999954223633,4953900
2015-12-28,31.62725257873535,36.790000915527344,36.86000061035156,36.470001220703125,36.83000183105469,10921900
2015-12-29,31.842166900634766,37.040000915527344,37.209999084472656,36.97999954223633,37.02000045776367,10708600
2015-12-30,31.739004135131836,36.91999816894531,37.15999984741211,36.83000183105469,37.08000183105469,9585600
2015-12-31,31.403738021850586,36.529998779296875,36.95000076293945,36.43000030517578,36.84000015258789,10332400
2016-01-04,30.859907150268555,35.75,36.0099983215332,35.36000061035156,36.0099983215332,18784400
2016-01-05,30.764963150024414,35.63999938964844,36.119998931884766,35.4900016784668,35.86000061035156,25340700
2016-01-06,30.92034149169922,35.81999969482422,36.13999938964844,35.36000061035156,35.5,18165700
2016-01-07,30.24703598022461,35.040000915527344,35.68000030517578,34.880001068115234,35.25,22591400
2016-01-08,29.910375595092773,34.650001525878906,35.279998779296875,34.61000061035156,35.130001068115234,21962200
2016-01-11,30.16069793701172,34.939998626708984,35.119998931884766,34.52000045776367,34.75,18726600
2016-01-12,30.531885147094727,35.369998931884766,35.54999923706055,34.9900016784668,35.31999969482422,18457300
2016-01-13,29.41834831237793,34.08000183105469,35.400001525878906,33.869998931884766,35.189998626708984,28322900
2016-01-14,30.031225204467773,34.790000915527344,35.09000015258789,34.0099983215332,34.189998626708984,19523600
2016-01-15,29.452871322631836,34.119998931884766,34.5099983215332,33.65999984741211,33.79999923706055,25425000
2016-01-19,29.824050903320312,34.54999923706055,34.75,34.2400016784668,34.540000915527344,21423100
2016-01-20,29.2974910736084,33.939998626708984,34.22999954223633,33.130001068115234,33.880001068115234,25278700
2016-01-21,29.452871322631836,34.119998931884766,34.560001373291016,33.59000015258789,33.90999984741211,20380300
2016-01-22,30.03984832763672,34.79999923706055,34.9900016784668,34.529998779296875,34.54999923706055,15892700
2016-01-25,29.642784118652344,34.34000015258789,34.939998626708984,34.29999923706055,34.58000183105469,16793600
2016-01-26,30.41104507446289,35.22999954223633,35.22999954223633,34.119998931884766,34.31999969482422,19728900
2016-01-27,30.134803771972656,34.90999984741211,35.54999923706055,34.72999954223633,35.029998779296875,20567600
2016-01-28,30.497360229492188,35.33000183105469,35.54999923706055,34.939998626708984,35.16999816894531,15472800
2016-01-29,31.343318939208984,36.310001373291016,36.310001373291016,35.5099983215332,35.650001525878906,19059300
2016-02-01,31.351938247680664,36.31999969482422,36.540000915527344,35.849998474121094,35.900001525878906,14144000
2016-02-02,30.51462745666504,35.349998474121094,35.939998626708984,35.25,35.849998474121094,17404500
2016-02-03,30.80811309814453,35.689998626708984,35.790000915527344,34.939998626708984,35.560001373291016,13855300
2016-02-04,31.464162826538086,36.45000076293945,36.540000915527344,35.65999984741211,35.70000076293945,16925900
2016-02-05,30.816755294799805,35.70000076293945,36.2400016784668,35.369998931884766,36.130001068115234,17312200
2016-02-08,30.73905372619629,35.61000061035156,35.70000076293945,34.47999954223633,35.130001068115234,20118800
2016-02-09,30.281553268432617,35.08000183105469,35.61000061035156,34.619998931884766,35.130001068115234,17819800
2016-02-10,30.38515281677246,35.20000076293945,36.13999938964844,35.13999938964844,35.41999816894531,13368700
2016-02-11,30.07438087463379,34.84000015258789,35.11000061035156,34.470001220703125,34.59000015258789,18889700
2016-02-12,30.67863655090332,35.540000915527344,35.54999923706055,34.90999984741211,35.2400016784668,15837900
2016-02-16,30.816755294799805,35.70000076293945,35.90999984741211,35.41999816894531,35.7599983215332,19676300
2016-02-17,31.619543075561523,36.630001068115234,36.77000045776367,35.970001220703125,35.970001220703125,13186500
2016-02-18,31.619543075561523,36.630001068115234,36.869998931884766,36.400001525878906,36.709999084472656,12866600
2016-02-19,31.7490234375,36.779998779296875,36.790000915527344,36.41999816894531,36.52000045776367,13203400
2016-02-22,32.03388977050781,37.11000061035156,37.4900016784668,36.900001525878906,37.11000061035156,10109900
2016-02-23,31.550479888916016,36.54999923706055,37.11000061035156,36.380001068115234,37.11000061035156,9417100
2016-02-24,31.619543075561523,36.630001068115234,36.72999954223633,35.77000045776367,36.09000015258789,10978200
2016-02-25,32.18925094604492,37.290000915527344,37.29999923706055,36.5,36.790000915527344,11566000
2016-02-26,31.90439224243164,36.959999084472656,37.650001525878906,36.84000015258789,37.43000030517578,16551100
2016-02-29,31.7490234375,36.779998779296875,37.33000183105469,36.630001068115234,37.0,22300200
2016-03-01,32.79351043701172,37.9900016784668,37.9900016784668,37.040000915527344,37.150001525878906,13030800
2016-03-02,32.594970703125,37.7599983215332,37.88999938964844,37.43000030517578,37.7599983215332,12791200
2016-03-03,32.70718002319336,37.88999938964844,37.90999984741211,37.400001525878906,37.61000061035156,8832200
2016-03-04,32.70718002319336,37.88999938964844,38.15999984741211,37.77000045776367,38.0,10638400
2016-03-07,33.11289596557617,38.36000061035156,38.45000076293945,37.52000045776367,37.540000915527344,13011000
2016-03-08,32.93163299560547,38.150001525878906,38.45000076293945,37.939998626708984,38.11000061035156,12384400
2016-03-09,33.21649169921875,38.47999954223633,38.61000061035156,38.119998931884766,38.43000030517578,16786500
2016-03-10,32.84530258178711,38.04999923706055,38.77000045776367,37.5099983215332,38.77000045776367,17620600
2016-03-11,33.6221923828125,38.95000076293945,38.970001220703125,38.279998779296875,38.45000076293945,13143300
2016-03-14,33.406394958496094,38.70000076293945,38.939998626708984,38.54999923706055,38.90999984741211,14704500
2016-03-15,33.44092559814453,38.7400016784668,38.869998931884766,38.130001068115234,38.349998474121094,17502900
2016-03-16,34.71847915649414,40.220001220703125,40.95000076293945,39.529998779296875,39.54999923706055,49082300
2016-03-17,35.055118560791016,40.61000061035156,40.959999084472656,40.06999969482422,40.150001525878906,22163500
2016-03-18,35.806121826171875,41.47999954223633,41.4900016784668,40.650001525878906,40.869998931884766,34354000
2016-03-21,35.91835403442383,41.61000061035156,42.0,41.369998931884766,41.41999816894531,17275100
2016-03-22,35.71980285644531,41.380001068115234,41.75,41.189998626708984,41.31999969482422,11970500
2016-03-23,35.17597961425781,40.75,41.349998474121094,40.56999969482422,41.29999923706055,13666800
2016-03-24,35.36589431762695,40.970001220703125,41.06999969482422,40.34000015258789,40.599998474121094,11956200
2016-03-28,35.063758850097656,40.619998931884766,41.11000061035156,40.560001373291016,41.11000061035156,14647000
2016-03-29,35.1328125,40.70000076293945,40.79999923706055,40.369998931884766,40.40999984741211,15159200
2016-03-30,35.36589431762695,40.970001220703125,41.11000061035156,40.849998474121094,40.959999084472656,9803600
2016-03-31,35.31409454345703,40.90999984741211,41.2400016784668,40.79999923706055,41.130001068115234,10196500
2016-04-01,35.5298957824707,41.15999984741211,41.220001220703125,40.619998931884766,40.68000030517578,9574100
2016-04-04,35.45221710205078,41.06999969482422,41.279998779296875,40.900001525878906,41.150001525878906,10243500
2016-04-05,34.9860725402832,40.529998779296875,41.060001373291016,40.459999084472656,40.849998474121094,9111300
2016-04-06,35.17597961425781,40.75,40.790000915527344,40.189998626708984,40.400001525878906,12516200
2016-04-07,34.50267791748047,39.970001220703125,40.59000015258789,39.810001373291016,40.59000015258789,12838600
2016-04-08,34.839332580566406,40.36000061035156,40.540000915527344,40.130001068115234,40.130001068115234,8011000
2016-04-11,34.865234375,40.38999938964844,41.08000183105469,40.380001068115234,40.59000015258789,10399600
2016-04-12,35.02118682861328,40.41999816894531,40.52000045776367,39.9900016784668,40.310001373291016,9245000
2016-04-13,35.79231262207031,41.310001373291016,41.38999938964844,40.630001068115234,40.81999969482422,12752300
2016-04-14,35.731658935546875,41.2400016784668,41.459999084472656,41.18000030517578,41.310001373291016,9150500
2016-04-15,35.54104995727539,41.02000045776367,41.380001068115234,41.02000045776367,41.119998931884766,10340300
2016-04-18,35.731658935546875,41.2400016784668,41.25,40.79999923706055,40.84000015258789,8849300
2016-04-19,35.57569885253906,41.060001373291016,41.4900016784668,40.970001220703125,41.40999984741211,9884400
2016-04-20,35.61035919189453,41.099998474121094,41.38999938964844,41.08000183105469,41.189998626708984,8481200
2016-04-21,35.515052795410156,40.9900016784668,41.29999923706055,40.880001068115234,41.029998779296875,11954100
2016-04-22,35.263797760009766,40.70000076293945,41.43000030517578,40.66999816894531,40.790000915527344,15003300
2016-04-25,35.33309555053711,40.779998779296875,40.83000183105469,40.470001220703125,40.59000015258789,10876200
2016-04-26,35.220458984375,40.650001525878906,40.849998474121094,40.43000030517578,40.81999969482422,8365800
2016-04-27,35.393741607666016,40.849998474121094,41.0,40.5099983215332,40.5099983215332,8742100
2016-04-28,34.94321060180664,40.33000183105469,40.970001220703125,40.16999816894531,40.36000061035156,9233800
2016-04-29,34.535980224609375,39.86000061035156,40.16999816894531,39.369998931884766,40.16999816894531,12883300
2016-05-02,34.91720199584961,40.29999923706055,40.43000030517578,39.83000183105469,39.900001525878906,10454200
2016-05-03,34.38002395629883,39.68000030517578,40.11000061035156,39.529998779296875,40.029998779296875,11439600
2016-05-04,34.0421142578125,39.290000915527344,39.56999969482422,39.130001068115234,39.38999938964844,9046200
2016-05-05,33.99011993408203,39.22999954223633,39.459999084472656,39.130001068115234,39.439998626708984,8962700
2016-05-06,34.14607238769531,39.40999984741211,39.41999816894531,38.970001220703125,38.970001220703125,7587400
2016-05-09,34.102760314941406,39.36000061035156,39.72999954223633,39.220001220703125,39.34000015258789,7949400
2016-05-10,34.67461013793945,40.02000045776367,40.060001373291016,39.58000183105469,39.58000183105469,9290200
2016-05-11,34.354026794433594,39.650001525878906,40.08000183105469,39.63999938964844,39.86000061035156,7180100
2016-05-12,34.5013313293457,39.81999969482422,40.029998779296875,39.59000015258789,39.88999938964844,10006700
2016-05-13,34.31938171386719,39.61000061035156,40.08000183105469,39.5099983215332,39.779998779296875,9392600
2016-05-16,34.631290435791016,39.970001220703125,40.099998474121094,39.459999084472656,39.77000045776367,7797100
2016-05-17,34.31071472167969,39.599998474121094,40.02000045776367,39.470001220703125,39.79999923706055,9483700
2016-05-18,34.19808578491211,39.470001220703125,39.79999923706055,39.15999984741211,39.59000015258789,10379700
2016-05-19,33.6522216796875,38.84000015258789,39.2400016784668,38.560001373291016,39.15999984741211,15124400
2016-05-20,34.14607238769531,39.40999984741211,39.58000183105469,38.95000076293945,39.08000183105469,16153200
2016-05-23,33.94681167602539,39.18000030517578,39.439998626708984,39.13999938964844,39.310001373291016,8904800
2016-05-24,34.570648193359375,39.900001525878906,40.08000183105469,39.25,39.41999816894531,11329800
2016-05-25,34.769920349121094,40.130001068115234,40.290000915527344,40.04999923706055,40.04999923706055,7972200
2016-05-26,34.61396408081055,39.95000076293945,40.20000076293945,39.91999816894531,40.11000061035156,7574000
2016-05-27,34.71793746948242,40.06999969482422,40.08000183105469,39.79999923706055,39.83000183105469,8240600
2016-05-31,34.83056640625,40.20000076293945,40.220001220703125,39.95000076293945,40.08000183105469,12567400
2016-06-01,34.882564544677734,40.2599983215332,40.29999923706055,39.81999969482422,40.060001373291016,9268800
2016-06-02,33.49626922607422,38.65999984741211,39.04999923706055,38.08000183105469,38.70000076293945,51063400
2016-06-03,33.87748718261719,39.099998474121094,39.209999084472656,38.689998626708984,38.7400016784668,20740000
2016-06-06,34.17207717895508,39.439998626708984,39.63999938964844,39.119998931884766,39.189998626708984,16116900
2016-06-07,33.90349197387695,39.130001068115234,39.7400016784668,39.04999923706055,39.54999923706055,20009500
2016-06-08,34.033447265625,39.279998779296875,39.34000015258789,38.900001525878906,39.15999984741211,11671000
2016-06-09,33.834171295166016,39.04999923706055,39.209999084472656,38.75,39.189998626708984,12316100
2016-06-10,33.565582275390625,38.7400016784668,38.9900016784668,38.61000061035156,38.779998779296875,10441700
2016-06-13,33.46160888671875,38.619998931884766,38.88999938964844,38.380001068115234,38.5,13036300
2016-06-14,33.643558502197266,38.83000183105469,38.97999954223633,38.56999969482422,38.630001068115234,12092200
2016-06-15,33.30564880371094,38.439998626708984,38.91999816894531,38.40999984741211,38.79999923706055,14476100
2016-06-16,33.478919982910156,38.63999938964844,38.79999923706055,38.08000183105469,38.36000061035156,17916500
2016-06-17,34.38002395629883,39.68000030517578,39.959999084472656,38.91999816894531,39.4900016784668,34512400
2016-06-20,34.42333984375,39.72999954223633,40.349998474121094,39.70000076293945,39.900001525878906,17149200
2016-06-21,34.64861297607422,39.9900016784668,40.119998931884766,39.75,39.93000030517578,20111100
2016-06-22,34.66593933105469,40.0099983215332,40.34000015258789,39.869998931884766,40.150001525878906,12643400
2016-06-23,35.37641525268555,40.83000183105469,40.869998931884766,40.2599983215332,40.400001525878906,15430000
2016-06-24,33.99011993408203,39.22999954223633,39.88999938964844,39.02000045776367,39.380001068115234,44204500
2016-06-27,33.340301513671875,38.47999954223633,38.880001068115234,38.18000030517578,38.869998931884766,22506100
2016-06-28,33.90349197387695,39.130001068115234,39.189998626708984,38.58000183105469,38.720001220703125,14750900
2016-06-29,35.13381576538086,40.54999923706055,40.70000076293945,39.4900016784668,39.7599983215332,23009700
2016-06-30,35.46306610107422,40.93000030517578,41.15999984741211,40.470001220703125,40.47999954223633,20100900
2016-07-01,35.53262710571289,40.86000061035156,41.04999923706055,40.689998626708984,40.779998779296875,11381600
2016-07-05,35.13261413574219,40.400001525878906,40.58000183105469,40.150001525878906,40.33000183105469,12501400
2016-07-06,35.24565505981445,40.529998779296875,40.56999969482422,40.02000045776367,40.20000076293945,12124300
2016-07-07,35.24565505981445,40.529998779296875,40.83000183105469,40.41999816894531,40.650001525878906,11676700
2016-07-08,35.54133605957031,40.869998931884766,41.18000030517578,40.7400016784668,40.880001068115234,14235600
2016-07-11,35.46306228637695,40.779998779296875,41.13999938964844,40.75,40.900001525878906,12912000
2016-07-12,36.019622802734375,41.41999816894531,41.58000183105469,41.060001373291016,41.22999954223633,13321000
2016-07-13,36.05440902709961,41.459999084472656,41.650001525878906,41.25,41.560001373291016,9612700
2016-07-14,36.237022399902344,41.66999816894531,41.869998931884766,41.5,41.56999969482422,9259800
2016-07-15,36.32399368286133,41.77000045776367,41.90999984741211,41.459999084472656,41.90999984741211,11666300
2016-07-18,36.2109375,41.63999938964844,41.84000015258789,41.58000183105469,41.709999084472656,8738900
2016-07-19,35.72394561767578,41.08000183105469,41.45000076293945,41.0099983215332,41.29999923706055,12723000
2016-07-20,35.87178421020508,41.25,41.5,41.25,41.47999954223633,11409700
2016-07-21,35.71525573730469,41.06999969482422,41.5099983215332,40.939998626708984,41.34000015258789,11424700
2016-07-22,35.72394561767578,41.08000183105469,41.209999084472656,40.95000076293945,41.119998931884766,10426300
2016-07-25,35.79350662231445,41.15999984741211,41.15999984741211,40.88999938964844,40.90999984741211,8974400
2016-07-26,35.60220718383789,40.939998626708984,41.2400016784668,40.810001373291016,41.060001373291016,11031900
2016-07-27,35.593505859375,40.93000030517578,41.11000061035156,40.75,41.029998779296875,9566900
2016-07-28,35.81960678100586,41.189998626708984,41.400001525878906,40.720001220703125,41.349998474121094,17048600
2016-07-29,35.68916320800781,41.040000915527344,41.380001068115234,40.91999816894531,41.31999969482422,13230800
2016-08-01,35.784820556640625,41.150001525878906,41.27000045776367,40.90999984741211,40.90999984741211,12435400
2016-08-02,35.402183532714844,40.709999084472656,41.119998931884766,40.58000183105469,41.119998931884766,10268200
2016-08-03,35.402183532714844,40.709999084472656,40.849998474121094,40.599998474121094,40.619998931884766,12350500
2016-08-04,35.567420959472656,40.900001525878906,40.95000076293945,40.61000061035156,40.61000061035156,9142100
2016-08-05,35.767433166503906,41.130001068115234,41.220001220703125,40.959999084472656,41.06999969482422,9615300
2016-08-08,35.79350662231445,41.15999984741211,41.400001525878906,41.119998931884766,41.18000030517578,11427800
2016-08-09,35.74134063720703,41.099998474121094,41.27000045776367,41.04999923706055,41.09000015258789,9533700
2016-08-10,35.7326545715332,41.09000015258789,41.25,40.86000061035156,41.130001068115234,11077400
2016-08-11,35.89787292480469,41.279998779296875,41.40999984741211,41.130001068115234,41.130001068115234,9473700
2016-08-12,35.7326545715332,41.09000015258789,41.20000076293945,41.0,41.130001068115234,6301200
2016-08-15,35.99354553222656,41.38999938964844,41.63999938964844,41.0,41.0,12774900
2016-08-16,35.93266296386719,41.31999969482422,41.45000076293945,41.2400016784668,41.29999923706055,8109100
2016-08-17,35.83700180053711,41.209999084472656,41.380001068115234,41.06999969482422,41.380001068115234,9876400
2016-08-18,35.77613067626953,41.13999938964844,41.33000183105469,40.95000076293945,40.95000076293945,8544600
2016-08-19,35.93266296386719,41.31999969482422,41.34000015258789,41.0099983215332,41.040000915527344,9109900
2016-08-22,35.8456916809082,41.220001220703125,41.38999938964844,41.11000061035156,41.11000061035156,9834700
2016-08-23,36.089195251464844,41.5,41.63999938964844,41.36000061035156,41.369998931884766,10631800
2016-08-24,35.71525573730469,41.06999969482422,41.470001220703125,40.97999954223633,41.349998474121094,9830300
2016-08-25,35.74134063720703,41.099998474121094,41.20000076293945,41.0,41.119998931884766,7567200
2016-08-26,35.8804817199707,41.2599983215332,41.58000183105469,41.06999969482422,41.11000061035156,9228200
2016-08-29,35.923973083496094,41.310001373291016,41.529998779296875,41.2599983215332,41.47999954223633,9168500
2016-08-30,35.923973083496094,41.310001373291016,41.400001525878906,41.150001525878906,41.38999938964844,6840300
2016-08-31,35.8456916809082,41.220001220703125,41.31999969482422,41.09000015258789,41.27000045776367,9694700
2016-09-01,35.79350662231445,41.15999984741211,41.2599983215332,40.779998779296875,40.97999954223633,10652500
2016-09-02,35.87178421020508,41.25,41.41999816894531,41.029998779296875,41.2599983215332,9020200
2016-09-06,35.87178421020508,41.25,41.369998931884766,41.06999969482422,41.369998931884766,8308300
2016-09-07,35.87178421020508,41.25,41.310001373291016,40.95000076293945,41.13999938964844,10415300
2016-09-08,35.410888671875,40.720001220703125,41.0,40.599998474121094,40.93000030517578,16732100
2016-09-09,34.810848236083984,40.029998779296875,40.7400016784668,40.029998779296875,40.33000183105469,14477500
2016-09-12,35.376102447509766,40.68000030517578,40.75,39.68000030517578,39.959999084472656,14927200
2016-09-13,34.941287994384766,40.18000030517578,40.529998779296875,39.970001220703125,40.369998931884766,13395200
2016-09-14,35.00217056274414,40.25,40.560001373291016,40.02000045776367,40.02000045776367,11626900
2016-09-15,35.53262710571289,40.86000061035156,41.029998779296875,40.09000015258789,40.18000030517578,18403700
2016-09-16,33.84556198120117,38.91999816894531,39.95000076293945,38.709999084472656,39.61000061035156,50703500
2016-09-19,34.11513900756836,39.22999954223633,39.54999923706055,39.04999923706055,39.130001068115234,19801900
2016-09-20,33.97600555419922,39.06999969482422,39.599998474121094,39.060001373291016,39.54999923706055,12121300
2016-09-21,34.358646392822266,39.5099983215332,39.58000183105469,39.189998626708984,39.189998626708984,10994000
2016-09-22,34.358646392822266,39.5099983215332,39.79999923706055,39.47999954223633,39.68000030517578,9679300
2016-09-23,34.11513900756836,39.22999954223633,39.41999816894531,39.029998779296875,39.38999938964844,14017300
2016-09-26,33.941226959228516,39.029998779296875,39.099998474121094,38.7599983215332,39.0,9840900
2016-09-27,34.176021575927734,39.29999923706055,39.4900016784668,38.86000061035156,38.900001525878906,10644600
2016-09-28,34.29777145385742,39.439998626708984,39.5,39.15999984741211,39.22999954223633,8103500
2016-09-29,34.01949691772461,39.119998931884766,39.619998931884766,39.08000183105469,39.25,8795200
2016-09-30,34.15863037109375,39.279998779296875,39.439998626708984,39.09000015258789,39.25,12861900
2016-10-03,33.90644836425781,38.9900016784668,39.2599983215332,38.86000061035156,39.20000076293945,10403500
2016-10-04,33.80208206176758,38.869998931884766,39.20000076293945,38.7599983215332,39.040000915527344,9199300
2016-10-05,34.04557800292969,39.150001525878906,39.34000015258789,38.88999938964844,39.11000061035156,8269200
2016-10-06,33.80208206176758,38.869998931884766,39.2400016784668,38.630001068115234,39.11000061035156,9789100
2016-10-07,33.79336166381836,38.709999084472656,39.0,38.61000061035156,38.84000015258789,11442000
2016-10-10,33.71479034423828,38.619998931884766,39.0,38.59000015258789,38.86000061035156,9475400
2016-10-11,33.182273864746094,38.0099983215332,38.650001525878906,37.810001373291016,38.560001373291016,14964000
2016-10-12,33.2171745300293,38.04999923706055,38.150001525878906,37.63999938964844,37.93000030517578,8944900
2016-10-13,33.199729919433594,38.029998779296875,38.189998626708984,37.619998931884766,37.86000061035156,14117600
2016-10-14,33.531463623046875,38.40999984741211,38.59000015258789,38.189998626708984,38.2599983215332,11601200
2016-10-17,33.42670822143555,38.290000915527344,38.540000915527344,38.209999084472656,38.540000915527344,9419000
2016-10-18,33.540184020996094,38.41999816894531,38.689998626708984,38.36000061035156,38.599998474121094,7121900
2016-10-19,33.47908020019531,38.349998474121094,38.63999938964844,38.310001373291016,38.52000045776367,8310900
2016-10-20,33.252113342285156,38.09000015258789,38.349998474121094,38.0099983215332,38.119998931884766,11197000
2016-10-21,33.112430572509766,37.93000030517578,38.119998931884766,37.77000045776367,37.9900016784668,13413400
2016-10-24,33.40924072265625,38.27000045776367,38.41999816894531,38.119998931884766,38.119998931884766,13550500
2016-10-25,33.48781204223633,38.36000061035156,38.43000030517578,38.099998474121094,38.27000045776367,11627100
2016-10-26,33.44416046142578,38.310001373291016,38.63999938964844,38.150001525878906,38.150001525878906,9723100
2016-10-27,33.36559295654297,38.220001220703125,38.560001373291016,38.150001525878906,38.40999984741211,7588900
2016-10-28,33.32194137573242,38.16999816894531,38.45000076293945,38.029998779296875,38.29999923706055,7803300
2016-10-31,33.540184020996094,38.41999816894531,38.5099983215332,38.20000076293945,38.310001373291016,10485300
2016-11-01,33.57512283325195,38.459999084472656,38.58000183105469,38.22999954223633,38.58000183105469,12018200
2016-11-02,33.199729919433594,38.029998779296875,38.4900016784668,37.97999954223633,38.459999084472656,9488400
2016-11-03,33.44416046142578,38.310001373291016,38.380001068115234,37.9900016784668,37.9900016784668,12393100
2016-11-04,33.4179801940918,38.279998779296875,38.58000183105469,38.16999816894531,38.310001373291016,14288900
2016-11-07,34.125099182128906,39.09000015258789,39.150001525878906,38.720001220703125,38.72999954223633,9506900
2016-11-08,34.16001892089844,39.130001068115234,39.349998474121094,38.97999954223633,39.15999984741211,7574700
2016-11-09,34.526676177978516,39.54999923706055,39.7400016784668,38.38999938964844,38.560001373291016,19497300
2016-11-10,34.55286407470703,39.58000183105469,40.060001373291016,39.29999923706055,39.650001525878906,26707200
2016-11-11,34.43938446044922,39.45000076293945,39.810001373291016,39.18000030517578,39.540000915527344,12217700
2016-11-14,34.30841827392578,39.29999923706055,39.66999816894531,39.11000061035156,39.38999938964844,15417100
2016-11-15,34.19493103027344,39.16999816894531,39.220001220703125,38.68000030517578,38.88999938964844,13594300
2016-11-16,34.657623291015625,39.70000076293945,39.79999923706055,38.91999816894531,39.099998474121094,12597000
2016-11-17,35.13777160644531,40.25,40.290000915527344,39.66999816894531,39.79999923706055,13316600
2016-11-18,34.797298431396484,39.86000061035156,40.4900016784668,39.66999816894531,40.279998779296875,12890600
2016-11-21,34.823486328125,39.88999938964844,40.029998779296875,39.66999816894531,39.970001220703125,8073100
2016-11-22,34.998077392578125,40.09000015258789,40.119998931884766,39.810001373291016,40.09000015258789,10993100
2016-11-23,35.00681686401367,40.099998474121094,40.099998474121094,39.84000015258789,40.04999923706055,11070100
2016-11-25,35.15522384643555,40.27000045776367,40.349998474121094,40.040000915527344,40.040000915527344,4013100
2016-11-28,35.18141555786133,40.29999923706055,40.529998779296875,40.04999923706055,40.130001068115234,12118300
2016-11-29,35.399662017822266,40.54999923706055,40.7400016784668,40.130001068115234,40.34000015258789,10157400
2016-11-30,35.085384368896484,40.189998626708984,40.70000076293945,40.189998626708984,40.65999984741211,14374600
2016-12-01,33.784637451171875,38.70000076293945,40.18000030517578,38.459999084472656,40.11000061035156,22740200
2016-12-02,33.61003494262695,38.5,38.83000183105469,37.63999938964844,38.459999084472656,19120300
2016-12-05,34.02033996582031,38.970001220703125,39.11000061035156,38.540000915527344,38.599998474121094,13681500
2016-12-06,34.45684051513672,39.470001220703125,39.47999954223633,38.880001068115234,39.0099983215332,13524700
2016-12-07,35.1988639831543,40.31999969482422,40.369998931884766,39.4900016784668,39.5,15170600
2016-12-08,35.22506332397461,40.349998474121094,40.4900016784668,40.08000183105469,40.31999969482422,10109700
2016-12-09,35.373477935791016,40.52000045776367,40.77000045776367,40.279998779296875,40.40999984741211,11219100
2016-12-12,35.3647346496582,40.5099983215332,40.70000076293945,40.349998474121094,40.349998474121094,10891400
2016-12-13,35.5829963684082,40.7599983215332,41.0,40.470001220703125,40.470001220703125,12493100
2016-12-14,35.687744140625,40.880001068115234,41.09000015258789,40.619998931884766,40.869998931884766,25102400
2016-12-15,35.670284271240234,40.86000061035156,41.13999938964844,40.7400016784668,40.95000076293945,17783500
2016-12-16,34.13381576538086,39.099998474121094,40.220001220703125,38.7599983215332,40.220001220703125,46224200
2016-12-19,33.959228515625,38.900001525878906,39.189998626708984,38.59000015258789,39.029998779296875,15135100
2016-12-20,34.04653549194336,39.0,39.11000061035156,38.79999923706055,38.959999084472656,14006400
2016-12-21,33.89812088012695,38.83000183105469,39.060001373291016,38.61000061035156,39.060001373291016,11966400
2016-12-22,34.01161193847656,38.959999084472656,39.2400016784668,38.599998474121094,38.93000030517578,11226300
2016-12-23,33.85446548461914,38.779998779296875,39.02000045776367,38.630001068115234,38.790000915527344,8143600
2016-12-27,33.88938903808594,38.81999969482422,39.040000915527344,38.7599983215332,38.77000045776367,5073700
2016-12-28,33.76716995239258,38.68000030517578,38.91999816894531,38.630001068115234,38.869998931884766,8264100
2016-12-29,33.7758903503418,38.689998626708984,38.84000015258789,38.61000061035156,38.61000061035156,5711800
2016-12-30,33.56637954711914,38.45000076293945,38.86000061035156,38.34000015258789,38.75,10820200
2017-01-03,33.78548049926758,38.54999923706055,38.689998626708984,38.29999923706055,38.45000076293945,11051300
2017-01-04,33.95201873779297,38.7400016784668,38.91999816894531,38.54999923706055,38.54999923706055,9545500
2017-01-05,33.864356994628906,38.63999938964844,38.95000076293945,38.40999984741211,38.66999816894531,12064700
2017-01-06,33.69784927368164,38.45000076293945,38.75,38.380001068115234,38.75,14829700
2017-01-09,34.20615768432617,39.029998779296875,39.45000076293945,38.470001220703125,38.529998779296875,15587900
2017-01-10,33.881900787353516,38.65999984741211,39.06999969482422,38.65999984741211,39.0,11316600
2017-01-11,34.276268005371094,39.11000061035156,39.130001068115234,38.63999938964844,38.63999938964844,10403100
2017-01-12,34.35515594482422,39.20000076293945,39.31999969482422,38.59000015258789,39.029998779296875,11526900
2017-01-13,34.407737731933594,39.2599983215332,39.33000183105469,39.029998779296875,39.15999984741211,9455300
2017-01-17,34.267513275146484,39.099998474121094,39.279998779296875,38.88999938964844,39.06999969482422,11081400
2017-01-18,34.34638977050781,39.189998626708984,39.34000015258789,39.029998779296875,39.279998779296875,10394000
2017-01-19,34.36391067504883,39.209999084472656,39.380001068115234,39.099998474121094,39.119998931884766,12232400
2017-01-20,34.94233322143555,39.869998931884766,40.029998779296875,39.45000076293945,39.459999084472656,25439100
2017-01-23,34.775821685791016,39.68000030517578,40.09000015258789,39.43000030517578,39.7599983215332,13251200
2017-01-24,35.143917083740234,40.099998474121094,40.20000076293945,39.75,39.849998474121094,12216500
2017-01-25,35.18773651123047,40.150001525878906,40.380001068115234,39.95000076293945,40.31999969482422,13164800
2017-01-26,35.17021179199219,40.130001068115234,40.25,39.95000076293945,40.209999084472656,10556500
2017-01-27,35.25783920288086,40.22999954223633,40.38999938964844,40.130001068115234,40.20000076293945,9232700
2017-01-30,35.25783920288086,40.22999954223633,40.25,39.810001373291016,40.11000061035156,10589600
2017-01-31,35.15268325805664,40.11000061035156,40.25,39.66999816894531,40.209999084472656,10766700
2017-02-01,34.91604995727539,39.84000015258789,40.220001220703125,39.709999084472656,40.220001220703125,11837000
2017-02-02,35.03874588012695,39.97999954223633,40.0,39.68000030517578,39.77000045776367,10120300
2017-02-03,35.43312454223633,40.43000030517578,40.43000030517578,39.95000076293945,40.06999969482422,12941200
2017-02-06,35.143917083740234,40.099998474121094,40.439998626708984,40.08000183105469,40.439998626708984,7871300
2017-02-07,35.11763000488281,40.06999969482422,40.29999923706055,40.040000915527344,40.15999984741211,8848700
2017-02-08,35.07380294799805,40.02000045776367,40.349998474121094,40.0099983215332,40.060001373291016,8883300
2017-02-09,35.25783920288086,40.22999954223633,40.45000076293945,40.02000045776367,40.02000045776367,10977100
2017-02-10,35.7486457824707,40.790000915527344,40.91999816894531,40.209999084472656,40.33000183105469,13168700
2017-02-13,36.01156997680664,41.09000015258789,41.189998626708984,40.79999923706055,40.88999938964844,12779800
2017-02-14,36.02031707763672,41.099998474121094,41.16999816894531,40.75,40.91999816894531,9623000
2017-02-15,36.29200744628906,41.40999984741211,41.47999954223633,40.88999938964844,40.959999084472656,9243600
2017-02-16,36.449764251708984,41.59000015258789,41.7400016784668,41.369998931884766,41.459999084472656,10132700
2017-02-17,36.86167907714844,42.060001373291016,42.060001373291016,41.5,41.540000915527344,18545300
2017-02-21,37.04571533203125,42.27000045776367,42.380001068115234,41.93000030517578,41.9900016784668,12394700
2017-02-22,37.25605392456055,42.5099983215332,42.52000045776367,42.130001068115234,42.2599983215332,11602800
2017-02-23,37.65043258666992,42.959999084472656,42.9900016784668,42.5,42.560001373291016,15484000
2017-02-24,37.83448791503906,43.16999816894531,43.189998626708984,42.68000030517578,42.7400016784668,11426700
2017-02-27,37.422576904296875,42.70000076293945,43.2599983215332,42.52000045776367,43.2599983215332,13876500
2017-02-28,37.32617950439453,42.59000015258789,42.75,42.41999816894531,42.619998931884766,14450300
2017-03-01,37.61538314819336,42.91999816894531,43.0,42.689998626708984,42.75,11402200
2017-03-02,37.58908462524414,42.88999938964844,42.93000030517578,42.630001068115234,42.83000183105469,9431600
2017-03-03,37.4138069152832,42.689998626708984,42.88999938964844,42.59000015258789,42.77000045776367,8917100
2017-03-06,37.308631896972656,42.56999969482422,42.7400016784668,42.29999923706055,42.459999084472656,9196000
2017-03-07,37.334930419921875,42.599998474121094,42.75,42.52000045776367,42.58000183105469,9492900
2017-03-08,37.343692779541016,42.61000061035156,42.790000915527344,42.5099983215332,42.68000030517578,9217100
2017-03-09,37.194705963134766,42.439998626708984,42.630001068115234,42.25,42.630001068115234,10308400
2017-03-10,37.40503692626953,42.68000030517578,42.689998626708984,42.349998474121094,42.619998931884766,12244500
2017-03-13,37.31740188598633,42.58000183105469,42.779998779296875,42.529998779296875,42.75,12440800
2017-03-14,37.50145721435547,42.790000915527344,42.84000015258789,42.40999984741211,42.58000183105469,10291000
2017-03-15,37.72931671142578,43.04999923706055,43.20000076293945,42.63999938964844,42.900001525878906,18393200
2017-03-16,40.078086853027344,45.72999954223633,46.9900016784668,45.650001525878906,46.38999938964844,67535400
2017-03-17,40.01674270629883,45.65999984741211,45.97999954223633,45.11000061035156,45.25,31688700
2017-03-20,39.6398811340332,45.22999954223633,45.95000076293945,45.15999984741211,45.66999816894531,21452600
2017-03-21,39.29808807373047,44.84000015258789,45.400001525878906,44.709999084472656,45.310001373291016,21974500
2017-03-22,39.25426483154297,44.790000915527344,45.45000076293945,44.630001068115234,45.130001068115234,14339700
2017-03-23,39.39450454711914,44.95000076293945,45.060001373291016,44.66999816894531,44.68000030517578,16190500
2017-03-24,39.13157272338867,44.650001525878906,45.09000015258789,44.58000183105469,44.91999816894531,13110200
2017-03-27,39.29808807373047,44.84000015258789,44.93000030517578,44.36000061035156,44.5099983215332,8933100
2017-03-28,39.16661834716797,44.689998626708984,45.029998779296875,44.65999984741211,44.83000183105469,14008800
2017-03-29,39.017635345458984,44.52000045776367,44.72999954223633,44.470001220703125,44.52000045776367,10636200
2017-03-30,39.15787124633789,44.68000030517578,44.75,44.369998931884766,44.45000076293945,7792500
2017-03-31,39.096500396728516,44.61000061035156,44.849998474121094,44.459999084472656,44.5,10652800
2017-04-03,39.096500396728516,44.61000061035156,45.04999923706055,44.400001525878906,44.68000030517578,16044300
2017-04-04,39.0789794921875,44.59000015258789,44.7400016784668,44.380001068115234,44.61000061035156,9161300
2017-04-05,38.99134063720703,44.4900016784668,44.970001220703125,44.40999984741211,44.7400016784668,9445100
2017-04-06,38.71964645385742,44.18000030517578,44.529998779296875,44.13999938964844,44.529998779296875,11557800
2017-04-07,38.8160514831543,44.290000915527344,44.38999938964844,43.9900016784668,44.09000015258789,13446600
2017-04-10,38.728050231933594,44.0,44.45000076293945,43.959999084472656,44.209999084472656,11668600
2017-04-11,38.87767028808594,44.16999816894531,44.45000076293945,43.7599983215332,43.88999938964844,15422400
2017-04-12,38.8864631652832,44.18000030517578,44.40999984741211,44.029998779296875,44.33000183105469,8457000
2017-04-13,38.728050231933594,44.0,44.45000076293945,43.97999954223633,44.189998626708984,11838300
2017-04-17,38.98329544067383,44.290000915527344,44.36000061035156,44.0,44.119998931884766,10999300
2017-04-18,39.18574142456055,44.52000045776367,44.58000183105469,44.13999938964844,44.209999084472656,10446700
2017-04-19,38.8952751159668,44.189998626708984,44.540000915527344,44.08000183105469,44.439998626708984,10712000
2017-04-20,39.194541931152344,44.529998779296875,44.630001068115234,44.16999816894531,44.2599983215332,10880900
2017-04-21,39.10652160644531,44.43000030517578,44.7400016784668,44.400001525878906,44.59000015258789,11556000
2017-04-24,39.467403411865234,44.84000015258789,44.9900016784668,44.619998931884766,44.970001220703125,10848900
2017-04-25,39.36178207397461,44.720001220703125,44.97999954223633,44.599998474121094,44.97999954223633,12436800
2017-04-26,39.335357666015625,44.689998626708984,45.040000915527344,44.63999938964844,44.75,10122400
2017-04-27,39.405784606933594,44.77000045776367,44.939998626708984,44.650001525878906,44.880001068115234,8221000
2017-04-28,39.57301712036133,44.959999084472656,44.959999084472656,44.52000045776367,44.7400016784668,12962700
2017-05-01,39.65224075317383,45.04999923706055,45.18000030517578,44.869998931884766,45.0099983215332,9118300
2017-05-02,39.72265625,45.130001068115234,45.349998474121094,44.970001220703125,45.0,11649600
2017-05-03,39.51139831542969,44.88999938964844,45.15999984741211,44.77000045776367,45.04999923706055,10695900
2017-05-04,40.02190017700195,45.470001220703125,45.779998779296875,44.95000076293945,44.959999084472656,15505200
2017-05-05,40.11873245239258,45.58000183105469,45.779998779296875,45.36000061035156,45.709999084472656,8443400
2017-05-08,40.10111999511719,45.560001373291016,45.709999084472656,45.41999816894531,45.47999954223633,7559600
2017-05-09,40.030723571777344,45.47999954223633,45.68000030517578,45.380001068115234,45.5,6530600
2017-05-10,40.0747184753418,45.529998779296875,45.560001373291016,45.290000915527344,45.52000045776367,6906100
2017-05-11,39.749053955078125,45.15999984741211,45.40999984741211,44.970001220703125,45.40999984741211,8996400
2017-05-12,39.678646087646484,45.08000183105469,45.150001525878906,44.91999816894531,45.0099983215332,7965100
2017-05-15,39.8898811340332,45.31999969482422,45.36000061035156,45.09000015258789,45.2400016784668,9694000
2017-05-16,39.863487243652344,45.290000915527344,45.369998931884766,45.150001525878906,45.36000061035156,7944500
2017-05-17,38.93049240112305,44.22999954223633,45.290000915527344,44.20000076293945,45.290000915527344,18489200
2017-05-18,38.87767028808594,44.16999816894531,44.40999984741211,43.599998474121094,44.060001373291016,12777600
2017-05-19,39.00090408325195,44.310001373291016,44.52000045776367,44.16999816894531,44.209999084472656,11519200
2017-05-22,39.28254699707031,44.630001068115234,44.650001525878906,44.279998779296875,44.33000183105469,9805800
2017-05-23,39.220951080322266,44.560001373291016,44.84000015258789,44.52000045776367,44.68000030517578,6873700
2017-05-24,39.458595275878906,44.83000183105469,44.880001068115234,44.5,44.650001525878906,7653600
2017-05-25,39.78426742553711,45.20000076293945,45.29999923706055,44.83000183105469,44.9900016784668,7597600
2017-05-26,39.837074279785156,45.2599983215332,45.45000076293945,45.060001373291016,45.209999084472656,6899700
2017-05-30,39.9779052734375,45.41999816894531,45.459999084472656,45.11000061035156,45.11000061035156,10769800
2017-05-31,39.951499938964844,45.38999938964844,45.54999923706055,45.2599983215332,45.41999816894531,14757600
2017-06-01,40.3035774230957,45.790000915527344,45.79999923706055,45.36000061035156,45.52000045776367,8138900
2017-06-02,40.18914794921875,45.65999984741211,46.06999969482422,45.47999954223633,45.880001068115234,11794600
2017-06-05,40.417999267578125,45.91999816894531,46.0,45.66999816894531,45.689998626708984,8617300
2017-06-06,40.14513397216797,45.61000061035156,45.84000015258789,45.599998474121094,45.72999954223633,7449500
2017-06-07,39.9603157043457,45.400001525878906,45.650001525878906,45.13999938964844,45.619998931884766,7688700
2017-06-08,39.9779052734375,45.41999816894531,45.86000061035156,45.310001373291016,45.400001525878906,12889500
2017-06-09,39.63462829589844,45.029998779296875,45.66999816894531,44.68000030517578,45.400001525878906,12188400
2017-06-12,39.47618865966797,44.849998474121094,44.849998474121094,43.7400016784668,44.650001525878906,16189900
2017-06-13,39.59062576293945,44.97999954223633,45.2400016784668,44.619998931884766,45.06999969482422,10705800
2017-06-14,39.44099044799805,44.810001373291016,45.279998779296875,44.4900016784668,45.15999984741211,12024600
2017-06-15,39.32657241821289,44.68000030517578,44.81999969482422,44.369998931884766,44.54999923706055,10394600
2017-06-16,39.68743896484375,45.09000015258789,45.099998474121094,44.529998779296875,44.75,15930900
2017-06-19,40.25074768066406,45.72999954223633,45.75,45.209999084472656,45.27000045776367,12787700
2017-06-20,40.347572326660156,45.84000015258789,46.31999969482422,45.599998474121094,45.7599983215332,15299600
2017-06-21,40.778873443603516,46.33000183105469,46.540000915527344,46.08000183105469,46.150001525878906,30757300
2017-06-22,44.273197174072266,50.29999923706055,51.849998474121094,46.33000183105469,46.33000183105469,63193900
2017-06-23,44.845314025878906,50.95000076293945,51.84000015258789,50.06999969482422,50.2400016784668,42812500
2017-06-26,44.766090393066406,50.86000061035156,51.70000076293945,50.77000045776367,50.9900016784668,29453400
2017-06-27,44.66927719116211,50.75,51.45000076293945,50.52000045776367,50.75,17876400
2017-06-28,44.774898529052734,50.869998931884766,51.09000015258789,50.810001373291016,51.06999969482422,15981600
2017-06-29,44.1851806640625,50.20000076293945,50.88999938964844,49.97999954223633,50.7599983215332,13929100
2017-06-30,44.132362365722656,50.13999938964844,50.52000045776367,50.08000183105469,50.18000030517578,13146400
2017-07-03,43.44581604003906,49.36000061035156,50.130001068115234,49.31999969482422,50.04999923706055,10883200
2017-07-05,43.533851623535156,49.459999084472656,50.029998779296875,49.40999984741211,49.79999923706055,15775300
2017-07-06,42.996925354003906,48.849998474121094,49.41999816894531,48.77000045776367,49.25,14411900
2017-07-07,43.4370231628418,49.349998474121094,49.439998626708984,48.83000183105469,48.83000183105469,10889400
2017-07-10,43.67467498779297,49.619998931884766,49.83000183105469,49.220001220703125,49.27000045776367,10098500
2017-07-11,43.90351486206055,49.880001068115234,49.88999938964844,49.40999984741211,49.529998779296875,9751100
2017-07-12,44.405216217041016,50.45000076293945,50.47999954223633,49.959999084472656,50.02000045776367,14461400
2017-07-13,44.31719970703125,50.349998474121094,50.68000030517578,50.25,50.54999923706055,11959900
2017-07-14,44.50204849243164,50.560001373291016,50.650001525878906,50.27000045776367,50.27000045776367,9875900
2017-07-17,44.56388854980469,50.439998626708984,50.58000183105469,50.2400016784668,50.310001373291016,8093600
2017-07-18,44.57271957397461,50.45000076293945,50.70000076293945,50.15999984741211,50.34000015258789,14104800
2017-07-19,45.05866241455078,51.0,51.099998474121094,50.36000061035156,50.459999084472656,13312800
2017-07-20,45.17349624633789,51.130001068115234,51.2599983215332,50.84000015258789,51.13999938964844,8772500
2017-07-21,44.88194274902344,50.79999923706055,51.150001525878906,50.650001525878906,50.869998931884766,8791900
2017-07-24,44.84660339355469,50.7599983215332,50.900001525878906,50.61000061035156,50.79999923706055,7639100
2017-07-25,45.2088508605957,51.16999816894531,51.22999954223633,50.790000915527344,50.90999984741211,10536200
2017-07-26,45.2088508605957,51.16999816894531,51.189998626708984,51.02000045776367,51.150001525878906,5724500
2017-07-27,44.57271957397461,50.45000076293945,51.36000061035156,50.189998626708984,51.29999923706055,16508800
2017-07-28,44.440189361572266,50.29999923706055,50.4900016784668,50.040000915527344,50.189998626708984,8996400
2017-07-31,44.1132926940918,49.93000030517578,50.5,49.900001525878906,50.47999954223633,10066600
2017-08-01,44.31650924682617,50.15999984741211,50.220001220703125,49.81999969482422,50.150001525878906,6066200
2017-08-02,43.97193908691406,49.77000045776367,50.310001373291016,49.58000183105469,50.2599983215332,8720700
2017-08-03,44.37834548950195,50.22999954223633,50.40999984741211,49.72999954223633,49.91999816894531,9490100
2017-08-04,44.139808654785156,49.959999084472656,50.209999084472656,49.869998931884766,50.18000030517578,7025300
2017-08-07,43.857078552246094,49.63999938964844,50.09000015258789,49.529998779296875,50.0,8280300
2017-08-08,43.3799934387207,49.099998474121094,49.83000183105469,48.970001220703125,49.540000915527344,14684300
2017-08-09,43.34465789794922,49.060001373291016,49.38999938964844,48.86000061035156,48.97999954223633,15872400
2017-08-10,42.49648666381836,48.099998474121094,48.959999084472656,48.04999923706055,48.959999084472656,13391100
2017-08-11,42.620182037353516,48.2400016784668,48.439998626708984,47.97999954223633,48.18000030517578,11704600
2017-08-14,43.159114837646484,48.849998474121094,48.959999084472656,48.470001220703125,48.47999954223633,9229100
2017-08-15,43.141448974609375,48.83000183105469,49.060001373291016,48.77000045776367,48.88999938964844,10663500
2017-08-16,43.51252365112305,49.25,49.31999969482422,48.7599983215332,48.970001220703125,9881200
2017-08-17,42.89405822753906,48.54999923706055,49.310001373291016,48.54999923706055,49.16999816894531,9661600
2017-08-18,42.955909729003906,48.619998931884766,48.880001068115234,48.310001373291016,48.45000076293945,10248400
2017-08-21,43.20328903198242,48.900001525878906,48.959999084472656,48.540000915527344,48.650001525878906,7293400
2017-08-22,43.52135467529297,49.2599983215332,49.349998474121094,48.9900016784668,49.119998931884766,9233000
2017-08-23,43.35349655151367,49.06999969482422,49.43000030517578,48.939998626708984,49.060001373291016,6895400
2017-08-24,43.45950698852539,49.189998626708984,49.2599983215332,48.880001068115234,49.06999969482422,7365500
2017-08-25,43.50368881225586,49.2400016784668,49.439998626708984,49.150001525878906,49.439998626708984,7853300
2017-08-28,43.50368881225586,49.2400016784668,49.38999938964844,49.040000915527344,49.38999938964844,6211300
2017-08-29,43.68921661376953,49.45000076293945,49.56999969482422,48.75,48.880001068115234,7245900
2017-08-30,43.99843978881836,49.79999923706055,49.95000076293945,49.36000061035156,49.5,6957400
2017-08-31,44.466697692871094,50.33000183105469,50.52000045776367,49.84000015258789,49.880001068115234,12958100
2017-09-01,44.7229118347168,50.619998931884766,50.880001068115234,50.349998474121094,50.349998474121094,8716800
2017-09-05,44.9968147277832,50.93000030517578,51.08000183105469,50.470001220703125,50.529998779296875,15610700
2017-09-06,45.067481994628906,51.0099983215332,51.22999954223633,50.79999923706055,51.08000183105469,15615600
2017-09-07,45.70361328125,51.72999954223633,51.779998779296875,51.029998779296875,51.189998626708984,11516800
2017-09-08,45.57107925415039,51.58000183105469,51.880001068115234,51.380001068115234,51.79999923706055,10356500
2017-09-11,46.37507629394531,52.4900016784668,52.61000061035156,51.810001373291016,51.880001068115234,16526300
2017-09-12,46.62245178222656,52.77000045776367,52.88999938964844,52.470001220703125,52.63999938964844,13352400
2017-09-13,46.648956298828125,52.79999923706055,52.97999954223633,52.45000076293945,52.52000045776367,14463000
2017-09-14,46.64011764526367,52.790000915527344,53.13999938964844,52.31999969482422,52.7599983215332,21901600
2017-09-15,43.06193161010742,48.7400016784668,50.70000076293945,48.47999954223633,50.650001525878906,66367900
2017-09-18,42.69969940185547,48.33000183105469,49.060001373291016,48.09000015258789,48.880001068115234,29434700
2017-09-19,42.443477630615234,48.040000915527344,48.5,47.880001068115234,48.4900016784668,23070700
2017-09-20,42.38163757324219,47.970001220703125,48.189998626708984,47.689998626708984,48.0,21257300
2017-09-21,42.38163757324219,47.970001220703125,48.189998626708984,47.81999969482422,47.81999969482422,15656300
2017-09-22,42.54950714111328,48.15999984741211,48.43000030517578,47.91999816894531,47.91999816894531,15341900
2017-09-25,42.38163757324219,47.970001220703125,48.540000915527344,47.63999938964844,48.52000045776367,15663600
2017-09-26,42.33746337890625,47.91999816894531,48.209999084472656,47.88999938964844,48.099998474121094,18679900
2017-09-27,42.54950714111328,48.15999984741211,48.36000061035156,47.95000076293945,48.04999923706055,14499200
2017-09-28,42.478816986083984,48.08000183105469,48.25,48.0099983215332,48.20000076293945,12997700
2017-09-29,42.717369079589844,48.349998474121094,48.75,47.959999084472656,48.189998626708984,44896600
2017-10-02,43.11494064331055,48.79999923706055,49.0,48.56999969482422,48.720001220703125,26097300
2017-10-03,43.017757415771484,48.689998626708984,48.959999084472656,48.540000915527344,48.95000076293945,12710800
2017-10-04,43.20328903198242,48.900001525878906,49.189998626708984,48.7599983215332,48.9900016784668,15204500
2017-10-05,43.212127685546875,48.90999984741211,49.029998779296875,48.5,48.959999084472656,13886100
2017-10-06,42.761539459228516,48.400001525878906,48.70000076293945,48.220001220703125,48.63999938964844,16340400
2017-10-09,42.7261962890625,48.36000061035156,48.58000183105469,48.16999816894531,48.36000061035156,10173000
2017-10-10,42.761680603027344,48.209999084472656,48.459999084472656,48.0,48.15999984741211,15630500
2017-10-11,42.82376480102539,48.279998779296875,48.470001220703125,48.15999984741211,48.15999984741211,12588300
2017-10-12,42.7794189453125,48.22999954223633,48.47999954223633,48.11000061035156,48.27000045776367,11715600
2017-10-13,43.116477966308594,48.61000061035156,48.709999084472656,48.33000183105469,48.369998931884766,10142300
2017-10-16,43.33821105957031,48.86000061035156,48.90999984741211,48.4900016784668,48.61000061035156,9378100
2017-10-17,43.63093185424805,49.189998626708984,49.29999923706055,48.709999084472656,48.81999969482422,14191300
2017-10-18,43.97685241699219,49.58000183105469,49.7599983215332,49.15999984741211,49.5,12064100
2017-10-19,43.7728385925293,49.349998474121094,49.66999816894531,49.189998626708984,49.439998626708984,10048600
2017-10-20,43.68415069580078,49.25,49.790000915527344,49.15999984741211,49.540000915527344,15501500
2017-10-23,43.73737335205078,49.310001373291016,49.65999984741211,49.220001220703125,49.279998779296875,14633400
2017-10-24,44.3316535949707,49.97999954223633,50.13999938964844,49.25,49.33000183105469,17562400
2017-10-25,44.083282470703125,49.70000076293945,50.650001525878906,49.63999938964844,49.88999938964844,20635800
2017-10-26,44.48243713378906,50.150001525878906,50.29999923706055,49.77000045776367,50.11000061035156,16952900
2017-10-27,45.12992858886719,50.880001068115234,50.970001220703125,50.029998779296875,50.290000915527344,15099500
2017-10-30,44.95253372192383,50.68000030517578,50.75,50.2400016784668,50.630001068115234,9049800
2017-10-31,45.14767074584961,50.900001525878906,51.279998779296875,50.45000076293945,50.72999954223633,14453100
2017-11-01,44.917057037353516,50.63999938964844,51.16999816894531,50.56999969482422,51.099998474121094,10128000
2017-11-02,44.597747802734375,50.279998779296875,50.70000076293945,50.119998931884766,50.540000915527344,10389800
2017-11-03,44.50904846191406,50.18000030517578,50.439998626708984,50.15999984741211,50.36000061035156,15814500
2017-11-06,44.70418167114258,50.400001525878906,50.54999923706055,50.02000045776367,50.099998474121094,9678000
2017-11-07,44.78402328491211,50.4900016784668,50.58000183105469,50.08000183105469,50.43000030517578,6796500
2017-11-08,44.8283576965332,50.540000915527344,50.7400016784668,50.20000076293945,50.33000183105469,7977900
2017-11-09,43.6752815246582,49.2400016784668,50.220001220703125,48.540000915527344,50.13999938964844,16195400
2017-11-10,43.74624252319336,49.31999969482422,49.369998931884766,48.75,49.0,9944200
2017-11-13,43.81719207763672,49.400001525878906,49.43000030517578,49.060001373291016,49.099998474121094,6566700
2017-11-14,43.63978958129883,49.20000076293945,49.33000183105469,48.900001525878906,49.31999969482422,8498900
2017-11-15,43.3027458190918,48.81999969482422,49.08000183105469,48.72999954223633,48.880001068115234,9425100
2017-11-16,43.63978958129883,49.20000076293945,49.619998931884766,49.0099983215332,49.11000061035156,11738500
2017-11-17,43.40919494628906,48.939998626708984,49.22999954223633,48.849998474121094,49.0,10035100
2017-11-20,43.48013687133789,49.02000045776367,49.15999984741211,48.91999816894531,49.040000915527344,11525100
2017-11-21,43.13422775268555,48.630001068115234,49.099998474121094,48.5,49.0,18313300
2017-11-22,43.089866638183594,48.58000183105469,48.83000183105469,48.41999816894531,48.560001373291016,10618900
2017-11-24,43.47126770019531,49.0099983215332,49.130001068115234,48.689998626708984,48.880001068115234,6008300
2017-11-27,43.355953216552734,48.880001068115234,49.220001220703125,48.75,48.939998626708984,13395600
2017-11-28,43.47126770019531,49.0099983215332,49.20000076293945,48.849998474121094,48.880001068115234,13930600
2017-11-29,43.03664779663086,48.52000045776367,48.86000061035156,48.20000076293945,48.849998474121094,14377600
2017-11-30,43.515625,49.060001373291016,49.33000183105469,48.88999938964844,48.88999938964844,24701100
2017-12-01,44.00346755981445,49.61000061035156,50.0,48.900001525878906,49.04999923706055,15899500
2017-12-04,42.93021011352539,48.400001525878906,49.81999969482422,48.36000061035156,49.81999969482422,13473900
2017-12-05,42.566551208496094,47.9900016784668,48.650001525878906,47.970001220703125,48.439998626708984,17858900
2017-12-06,42.94795227050781,48.41999816894531,48.59000015258789,47.630001068115234,48.2599983215332,12974500
2017-12-07,43.03664779663086,48.52000045776367,48.810001373291016,48.29999923706055,48.619998931884766,13482800
2017-12-08,43.994590759277344,49.599998474121094,49.689998626708984,48.70000076293945,48.900001525878906,14732300
2017-12-11,44.766265869140625,50.470001220703125,50.5,49.560001373291016,49.61000061035156,15852800
2017-12-12,44.6953125,50.38999938964844,50.709999084472656,49.95000076293945,50.0,17464000
2017-12-13,44.39372634887695,50.04999923706055,50.5099983215332,50.0099983215332,50.33000183105469,17196900
2017-12-14,44.517913818359375,50.189998626708984,50.400001525878906,49.939998626708984,50.13999938964844,22259300
2017-12-15,42.84151077270508,48.29999923706055,48.47999954223633,47.0,48.47999954223633,75176000
2017-12-18,42.318180084228516,47.709999084472656,48.849998474121094,47.68000030517578,48.43000030517578,25156800
2017-12-19,42.41575241088867,47.81999969482422,48.349998474121094,47.7400016784668,47.959999084472656,28664300
2017-12-20,42.48670959472656,47.900001525878906,48.04999923706055,47.790000915527344,47.880001068115234,11432200
2017-12-21,41.93678665161133,47.279998779296875,48.11000061035156,47.22999954223633,48.11000061035156,18396800
2017-12-22,42.00774002075195,47.36000061035156,47.400001525878906,47.099998474121094,47.16999816894531,11197300
2017-12-26,42.06982421875,47.43000030517578,47.58000183105469,47.25,47.369998931884766,7650200
2017-12-27,42.02548599243164,47.380001068115234,47.470001220703125,47.150001525878906,47.25,8132200
2017-12-28,42.149658203125,47.52000045776367,47.54999923706055,47.29999923706055,47.29999923706055,7777600
2017-12-29,41.93678665161133,47.279998779296875,47.880001068115234,47.279998779296875,47.529998779296875,9750000
2018-01-02,41.36023712158203,46.630001068115234,47.79999923706055,46.16999816894531,47.56999969482422,25380000
2018-01-03,42.318180084228516,47.709999084472656,48.06999969482422,47.439998626708984,47.529998779296875,24165000
2018-01-04,42.73506546020508,48.18000030517578,48.189998626708984,47.720001220703125,47.9900016784668,19815100
2018-01-05,42.99229431152344,48.470001220703125,48.630001068115234,48.279998779296875,48.41999816894531,14496400
2018-01-08,43.44466781616211,48.97999954223633,49.06999969482422,47.939998626708984,48.29999923706055,15075000
2018-01-09,43.68508529663086,49.060001373291016,49.36000061035156,48.91999816894531,49.25,14153700
2018-01-10,43.45356750488281,48.79999923706055,49.27000045776367,48.58000183105469,48.86000061035156,13476600
2018-01-11,43.587127685546875,48.95000076293945,49.02000045776367,48.439998626708984,48.869998931884766,11687800
2018-01-12,44.08576583862305,49.5099983215332,49.83000183105469,49.060001373291016,49.18000030517578,15978200
2018-01-16,44.157020568847656,49.59000015258789,50.060001373291016,49.439998626708984,49.849998474121094,17152600
2018-01-17,44.762516021728516,50.27000045776367,50.290000915527344,49.849998474121094,49.90999984741211,23183100
2018-01-18,44.726890563964844,50.22999954223633,50.68000030517578,50.099998474121094,50.189998626708984,17119200
2018-01-19,45.038543701171875,50.58000183105469,50.599998474121094,50.27000045776367,50.5,14011500
2018-01-22,45.1543083190918,50.709999084472656,50.7400016784668,50.27000045776367,50.43000030517578,16840000
2018-01-23,45.51939392089844,51.119998931884766,51.27000045776367,50.56999969482422,50.75,14141400
2018-01-24,45.8132438659668,51.45000076293945,52.0,51.209999084472656,51.36000061035156,17205600
2018-01-25,45.94679641723633,51.599998474121094,52.04999923706055,51.540000915527344,51.540000915527344,13904300
2018-01-26,46.97080993652344,52.75,52.75,51.7599983215332,51.86000061035156,14909200
2018-01-29,46.24953842163086,51.939998626708984,52.790000915527344,51.880001068115234,52.66999816894531,12234900
2018-01-30,45.376914978027344,50.959999084472656,51.9900016784668,50.75,51.7400016784668,16863500
2018-01-31,45.93790817260742,51.59000015258789,51.849998474121094,50.86000061035156,50.86000061035156,16806800
2018-02-01,45.97351837158203,51.630001068115234,51.97999954223633,51.2599983215332,51.36000061035156,11674100
2018-02-02,44.637855529785156,50.130001068115234,51.40999984741211,50.040000915527344,51.25,17562200
2018-02-05,42.821353912353516,48.09000015258789,50.70000076293945,48.060001373291016,50.040000915527344,19725800
2018-02-06,43.98782730102539,49.400001525878906,49.5099983215332,46.810001373291016,47.33000183105469,25921200
2018-02-07,43.515892028808594,48.869998931884766,49.849998474121094,48.81999969482422,49.20000076293945,15138000
2018-02-08,41.70829772949219,46.84000015258789,49.119998931884766,46.810001373291016,49.09000015258789,21255400
2018-02-09,42.50078201293945,47.72999954223633,48.150001525878906,45.91999816894531,47.58000183105469,23191000
2018-02-12,42.87477111816406,48.150001525878906,48.4900016784668,47.720001220703125,48.220001220703125,16261600
2018-02-13,43.177528381347656,48.4900016784668,48.68000030517578,47.77000045776367,48.0099983215332,12633100
2018-02-14,44.03236389160156,49.45000076293945,49.52000045776367,48.13999938964844,48.189998626708984,14271400
2018-02-15,45.091983795166016,50.63999938964844,50.689998626708984,49.43000030517578,49.70000076293945,14132500
2018-02-16,45.1543083190918,50.709999084472656,51.13999938964844,50.4900016784668,50.54999923706055,11098800
2018-02-20,44.42414474487305,49.88999938964844,50.310001373291016,49.65999984741211,50.20000076293945,14144900
2018-02-21,44.01454544067383,49.43000030517578,50.34000015258789,49.43000030517578,49.869998931884766,13050800
2018-02-22,44.157020568847656,49.59000015258789,50.060001373291016,49.40999984741211,49.59000015258789,9513200
2018-02-23,44.96730422973633,50.5,50.56999969482422,49.619998931884766,49.790000915527344,8866800
2018-02-26,45.563907623291016,51.16999816894531,51.2599983215332,50.5,50.59000015258789,12956000
2018-02-27,45.172119140625,50.72999954223633,51.400001525878906,50.540000915527344,51.06999969482422,14339600
2018-02-28,45.118690490722656,50.66999816894531,51.5,50.66999816894531,51.060001373291016,14947900
2018-03-01,44.26387023925781,49.709999084472656,50.959999084472656,49.41999816894531,50.959999084472656,16539800
2018-03-02,44.80704116821289,50.31999969482422,50.400001525878906,49.15999984741211,49.33000183105469,17291000
2018-03-05,45.67074966430664,51.290000915527344,51.4900016784668,49.849998474121094,49.900001525878906,18771500
2018-03-06,45.857757568359375,51.5,51.790000915527344,51.220001220703125,51.560001373291016,13907100
2018-03-07,46.05365753173828,51.720001220703125,51.810001373291016,51.029998779296875,51.060001373291016,11727300
2018-03-08,46.418731689453125,52.130001068115234,52.15999984741211,51.470001220703125,51.939998626708984,15864400
2018-03-09,47.16669845581055,52.970001220703125,53.0,52.20000076293945,52.349998474121094,16218600
2018-03-12,47.1043815612793,52.900001525878906,53.439998626708984,52.66999816894531,52.97999954223633,14108400
2018-03-13,46.819435119628906,52.58000183105469,53.47999954223633,52.34000015258789,53.2400016784668,12864400
2018-03-14,46.58790969848633,52.31999969482422,53.150001525878906,52.18000030517578,52.880001068115234,10885500
2018-03-15,46.632450103759766,52.369998931884766,52.66999816894531,52.11000061035156,52.220001220703125,14155200
2018-03-16,46.54340362548828,52.27000045776367,52.689998626708984,52.25,52.400001525878906,21011500
2018-03-19,46.258453369140625,51.95000076293945,52.58000183105469,51.5099983215332,52.43000030517578,25777400
2018-03-20,41.89529037475586,47.04999923706055,47.75,46.43000030517578,46.79999923706055,68601000
2018-03-21,41.86857223510742,47.02000045776367,48.060001373291016,47.0099983215332,47.290000915527344,34597700
2018-03-22,40.86239242553711,45.88999938964844,47.02000045776367,45.72999954223633,46.720001220703125,25610100
2018-03-23,39.882896423339844,44.790000915527344,46.279998779296875,44.7599983215332,45.97999954223633,21398900
2018-03-26,41.387725830078125,46.47999954223633,46.63999938964844,45.38999938964844,45.54999923706055,20754800
2018-03-27,40.40825653076172,45.380001068115234,46.81999969482422,45.0,46.630001068115234,18925300
2018-03-28,40.05207824707031,44.97999954223633,45.36000061035156,44.5099983215332,45.279998779296875,22156900
2018-03-29,40.73772048950195,45.75,46.290000915527344,45.0099983215332,45.310001373291016,14256400
2018-04-02,40.07879638671875,45.0099983215332,45.849998474121094,44.41999816894531,45.650001525878906,15343300
2018-04-03,39.971927642822266,44.88999938964844,45.33000183105469,44.290000915527344,45.33000183105469,15734600
2018-04-04,40.524009704589844,45.5099983215332,45.619998931884766,44.040000915527344,44.06999969482422,18505900
2018-04-05,40.924705505371094,45.959999084472656,46.18000030517578,45.54999923706055,45.72999954223633,12313000
2018-04-06,39.91851806640625,44.83000183105469,45.75,44.599998474121094,45.5099983215332,13893600
2018-04-09,39.98084259033203,44.900001525878906,45.650001525878906,44.880001068115234,45.11000061035156,15200000
2018-04-10,40.8000373840332,45.81999969482422,46.06999969482422,45.459999084472656,45.54999923706055,14868900
2018-04-11,40.61306381225586,45.61000061035156,45.9900016784668,45.36000061035156,45.400001525878906,14911400
2018-04-12,40.85346603393555,45.880001068115234,46.16999816894531,45.650001525878906,45.689998626708984,13970300
2018-04-13,41.031558990478516,46.08000183105469,46.529998779296875,45.61000061035156,46.310001373291016,12493600
2018-04-16,41.17462921142578,46.04999923706055,46.38999938964844,45.599998474121094,46.029998779296875,11639000
2018-04-17,41.72004699707031,46.65999984741211,46.93000030517578,46.38999938964844,46.40999984741211,10762700
2018-04-18,42.095577239990234,47.08000183105469,47.290000915527344,46.68000030517578,46.68000030517578,11312900
2018-04-19,41.86309814453125,46.81999969482422,47.11000061035156,46.70000076293945,46.9900016784668,8563200
2018-04-20,41.3355598449707,46.22999954223633,46.619998931884766,45.97999954223633,46.470001220703125,15675600
2018-04-23,40.95108413696289,45.79999923706055,46.470001220703125,45.720001220703125,46.380001068115234,14904400
2018-04-24,40.709678649902344,45.529998779296875,46.369998931884766,45.279998779296875,45.93000030517578,13357000
2018-04-25,40.9063835144043,45.75,45.84000015258789,45.04999923706055,45.41999816894531,12637500
2018-04-26,41.09415054321289,45.959999084472656,46.209999084472656,45.900001525878906,46.09000015258789,12175800
2018-04-27,40.709678649902344,45.529998779296875,46.119998931884766,45.470001220703125,46.119998931884766,14420800
2018-04-30,40.8348503112793,45.66999816894531,46.02000045776367,45.560001373291016,45.65999984741211,13896600
2018-05-01,41.0852165222168,45.95000076293945,45.95000076293945,45.38999938964844,45.38999938964844,8838000
2018-05-02,40.691795349121094,45.5099983215332,46.08000183105469,45.470001220703125,45.88999938964844,10715200
2018-05-03,40.2894401550293,45.060001373291016,45.38999938964844,44.4900016784668,45.36000061035156,15370200
2018-05-04,40.870601654052734,45.709999084472656,45.91999816894531,44.79999923706055,44.93000030517578,10571800
2018-05-07,41.1925163269043,46.06999969482422,46.2400016784668,45.779998779296875,45.939998626708984,9006000
2018-05-08,41.076263427734375,45.939998626708984,45.9900016784668,45.54999923706055,45.880001068115234,9830600
2018-05-09,41.64851379394531,46.58000183105469,46.68000030517578,45.97999954223633,46.22999954223633,11822400
2018-05-10,41.96146011352539,46.93000030517578,47.099998474121094,46.61000061035156,46.79999923706055,10974200
2018-05-11,41.86309814453125,46.81999969482422,47.150001525878906,46.63999938964844,47.11000061035156,9498100
2018-05-14,41.86309814453125,46.81999969482422,47.2599983215332,46.689998626708984,46.810001373291016,9689500
2018-05-15,41.85416030883789,46.810001373291016,46.81999969482422,46.25,46.5099983215332,11304900
2018-05-16,41.782630920410156,46.72999954223633,46.93000030517578,46.45000076293945,46.93000030517578,9874200
2018-05-17,41.61275100708008,46.540000915527344,47.060001373291016,46.41999816894531,46.689998626708984,10162300
2018-05-18,41.41604232788086,46.31999969482422,46.790000915527344,46.2400016784668,46.689998626708984,13517300
2018-05-21,42.211822509765625,47.209999084472656,47.290000915527344,46.4900016784668,46.529998779296875,13416300
2018-05-22,41.460750579833984,46.369998931884766,47.540000915527344,46.310001373291016,47.2400016784668,18505100
2018-05-23,41.93463897705078,46.900001525878906,46.970001220703125,46.02000045776367,46.08000183105469,9204400
2018-05-24,41.54121398925781,46.459999084472656,46.939998626708984,46.13999938964844,46.65999984741211,12497700
2018-05-25,42.0240478515625,47.0,47.16999816894531,46.47999954223633,46.4900016784668,11354300
2018-05-29,41.362388610839844,46.2599983215332,46.79999923706055,46.040000915527344,46.54999923706055,12427800
2018-05-30,42.06874084472656,47.04999923706055,47.22999954223633,46.43000030517578,46.630001068115234,11906500
2018-05-31,41.7736930847168,46.720001220703125,47.16999816894531,46.709999084472656,46.93000030517578,13062400
2018-06-01,42.33699035644531,47.349998474121094,47.36000061035156,46.900001525878906,47.08000183105469,10863200
2018-06-04,42.31017303466797,47.31999969482422,47.56999969482422,47.22999954223633,47.47999954223633,12178400
2018-06-05,42.14027404785156,47.130001068115234,47.41999816894531,46.810001373291016,47.33000183105469,13430900
2018-06-06,42.69464874267578,47.75,47.810001373291016,47.099998474121094,47.41999816894531,13299100
2018-06-07,42.63205337524414,47.68000030517578,48.029998779296875,47.41999816894531,47.93000030517578,13714100
2018-06-08,43.07911682128906,48.18000030517578,48.380001068115234,47.40999984741211,47.40999984741211,14515400
2018-06-11,43.088050842285156,48.189998626708984,48.38999938964844,47.970001220703125,48.150001525878906,12521100
2018-06-12,43.3205451965332,48.45000076293945,48.59000015258789,48.15999984741211,48.209999084472656,14713600
2018-06-13,43.15959548950195,48.27000045776367,48.66999816894531,48.09000015258789,48.11000061035156,18053300
2018-06-14,41.040504455566406,45.900001525878906,47.02000045776367,45.65999984741211,47.0099983215332,37001300
2018-06-15,41.38027572631836,46.279998779296875,46.4900016784668,45.189998626708984,45.869998931884766,28120400
2018-06-18,41.59486770629883,46.52000045776367,46.599998474121094,45.459999084472656,45.81999969482422,21474100
2018-06-19,41.37132263183594,46.27000045776367,46.40999984741211,45.77000045776367,45.84000015258789,22764900
2018-06-20,38.28658676147461,42.81999969482422,44.790000915527344,42.56999969482422,43.5099983215332,59129000
2018-06-21,38.53695297241211,43.099998474121094,43.84000015258789,42.97999954223633,43.18000030517578,32635100
2018-06-22,39.43107604980469,44.099998474121094,44.29999923706055,43.15999984741211,43.20000076293945,29735100
2018-06-25,39.592018127441406,44.279998779296875,44.470001220703125,43.4900016784668,43.56999969482422,24640500
2018-06-26,39.70825958251953,44.40999984741211,44.849998474121094,44.369998931884766,44.459999084472656,20717500
2018-06-27,38.84988021850586,43.45000076293945,44.7400016784668,43.439998626708984,44.56999969482422,26360100
2018-06-28,39.198604583740234,43.84000015258789,44.02000045776367,43.36000061035156,43.5099983215332,20918400
2018-06-29,39.39531326293945,44.060001373291016,44.529998779296875,43.75,44.040000915527344,22144900
2018-07-02,40.19108200073242,44.95000076293945,44.970001220703125,43.77000045776367,43.959999084472656,20655500
2018-07-03,39.98543930053711,44.720001220703125,44.9900016784668,44.52000045776367,44.9900016784668,16783300
2018-07-05,40.602378845214844,45.40999984741211,45.470001220703125,44.9900016784668,45.150001525878906,21916200
2018-07-06,41.129913330078125,46.0,46.189998626708984,45.27000045776367,45.459999084472656,20764300
2018-07-09,41.782630920410156,46.72999954223633,46.790000915527344,46.060001373291016,46.130001068115234,25125700
2018-07-10,42.01510238647461,46.9900016784668,47.36000061035156,46.68000030517578,46.83000183105469,27422000
2018-07-11,42.59628677368164,47.63999938964844,47.7599983215332,46.709999084472656,46.81999969482422,22802600
2018-07-12,43.052284240722656,48.150001525878906,48.20000076293945,47.75,47.790000915527344,24857900
2018-07-13,43.48148727416992,48.630001068115234,48.810001373291016,47.83000183105469,47.970001220703125,25771400
2018-07-16,43.49941635131836,48.459999084472656,48.619998931884766,47.95000076293945,48.619998931884766,22949600
2018-07-17,43.894386291503906,48.900001525878906,48.9900016784668,48.150001525878906,48.290000915527344,18823100
2018-07-18,43.66099548339844,48.63999938964844,49.0,48.400001525878906,48.790000915527344,19234700
2018-07-19,43.481483459472656,48.439998626708984,48.720001220703125,48.209999084472656,48.400001525878906,16656500
2018-07-20,43.55328369140625,48.52000045776367,48.709999084472656,48.36000061035156,48.4900016784668,17232900
2018-07-23,43.68793487548828,48.66999816894531,48.66999816894531,48.04999923706055,48.619998931884766,17990200
2018-07-24,43.68793487548828,48.66999816894531,49.099998474121094,48.560001373291016,48.75,19885500
2018-07-25,43.939273834228516,48.95000076293945,48.970001220703125,48.5,48.52000045776367,16354900
2018-07-26,43.867454528808594,48.869998931884766,49.16999816894531,48.7599983215332,48.849998474121094,15229900
2018-07-27,43.65202713012695,48.630001068115234,49.119998931884766,48.380001068115234,48.9900016784668,14856100
2018-07-30,42.84415054321289,47.72999954223633,48.58000183105469,47.459999084472656,48.58000183105469,20167300
2018-07-31,42.79927062988281,47.68000030517578,48.08000183105469,47.38999938964844,47.900001525878906,18808100
2018-08-01,42.5030517578125,47.349998474121094,48.220001220703125,47.150001525878906,47.90999984741211,22933600
2018-08-02,42.99675750732422,47.900001525878906,48.06999969482422,46.630001068115234,47.040000915527344,14227400
2018-08-03,43.50840759277344,48.470001220703125,48.47999954223633,47.900001525878906,47.91999816894531,14295800
2018-08-06,43.68793487548828,48.66999816894531,48.7599983215332,48.220001220703125,48.290000915527344,13529300
2018-08-07,43.51737594604492,48.47999954223633,48.95000076293945,48.470001220703125,48.939998626708984,11608000
2018-08-08,43.43659973144531,48.38999938964844,48.619998931884766,48.2599983215332,48.41999816894531,10849400
2018-08-09,43.57124328613281,48.540000915527344,48.709999084472656,48.27000045776367,48.27000045776367,14708000
2018-08-10,43.37375259399414,48.31999969482422,48.720001220703125,48.22999954223633,48.369998931884766,10502200
2018-08-13,43.09548568725586,48.0099983215332,48.59000015258789,47.970001220703125,48.34000015258789,12152100
2018-08-14,43.292964935302734,48.22999954223633,48.349998474121094,47.939998626708984,48.119998931884766,11513700
2018-08-15,42.94290542602539,47.84000015258789,48.2599983215332,47.529998779296875,48.099998474121094,14091000
2018-08-16,43.17627716064453,48.099998474121094,48.45000076293945,48.040000915527344,48.13999938964844,11874300
2018-08-17,43.409664154052734,48.36000061035156,48.5,47.9900016784668,48.209999084472656,11412000
2018-08-20,43.463523864746094,48.41999816894531,48.599998474121094,48.2599983215332,48.400001525878906,11936700
2018-08-21,43.45455551147461,48.40999984741211,48.63999938964844,48.369998931884766,48.58000183105469,10187600
2018-08-22,43.80461883544922,48.79999923706055,48.90999984741211,48.2400016784668,48.34000015258789,11639400
2018-08-23,43.94824981689453,48.959999084472656,49.34000015258789,48.68000030517578,48.79999923706055,11026700
2018-08-24,44.217525482177734,49.2599983215332,49.38999938964844,48.970001220703125,49.0,14011700
2018-08-27,44.280372619628906,49.33000183105469,49.70000076293945,49.290000915527344,49.40999984741211,12253300
2018-08-28,43.66099548339844,48.63999938964844,49.43000030517578,48.599998474121094,49.38999938964844,15475700
2018-08-29,43.885406494140625,48.88999938964844,49.099998474121094,48.63999938964844,48.63999938964844,17307700
2018-08-30,43.4276123046875,48.380001068115234,48.88999938964844,48.310001373291016,48.88999938964844,15154900
2018-08-31,43.60713577270508,48.58000183105469,48.630001068115234,48.349998474121094,48.380001068115234,17844100
2018-09-04,43.60713577270508,48.58000183105469,48.83000183105469,48.15999984741211,48.36000061035156,17289000
2018-09-05,43.1224250793457,48.040000915527344,48.4900016784668,47.790000915527344,48.40999984741211,16437700
2018-09-06,42.826194763183594,47.709999084472656,48.220001220703125,47.52000045776367,47.95000076293945,18456100
2018-09-07,42.91596221923828,47.810001373291016,47.9900016784668,47.33000183105469,47.459999084472656,20513900
2018-09-10,43.858482360839844,48.86000061035156,49.04999923706055,48.0,48.0,20390600
2018-09-11,43.91233825683594,48.91999816894531,49.04999923706055,48.52000045776367,48.52000045776367,14877200
2018-09-12,44.28934860229492,49.34000015258789,49.470001220703125,48.619998931884766,48.75,17058700
2018-09-13,43.94824981689453,48.959999084472656,49.75,48.880001068115234,49.279998779296875,22124400
2018-09-14,44.20855712890625,49.25,49.45000076293945,48.939998626708984,48.939998626708984,20066100
2018-09-17,44.145729064941406,49.18000030517578,49.939998626708984,49.11000061035156,49.310001373291016,29225000
2018-09-18,44.01107406616211,49.029998779296875,49.540000915527344,47.36000061035156,47.5099983215332,33451100
2018-09-19,44.3701286315918,49.43000030517578,49.540000915527344,48.65999984741211,48.91999816894531,20904800
2018-09-20,45.26776885986328,50.43000030517578,51.08000183105469,49.560001373291016,49.65999984741211,26973500
2018-09-21,45.86918640136719,51.099998474121094,51.119998931884766,50.349998474121094,50.83000183105469,50751900
2018-09-24,45.99485397338867,51.2400016784668,51.599998474121094,50.709999084472656,50.810001373291016,23906100
2018-09-25,46.425716400146484,51.720001220703125,51.93000030517578,50.970001220703125,51.38999938964844,18665800
2018-09-26,46.344940185546875,51.630001068115234,52.11000061035156,51.560001373291016,51.75,18131000
2018-09-27,46.3987922668457,51.689998626708984,52.02000045776367,51.33000183105469,51.560001373291016,17993500
2018-09-28,46.28211212158203,51.560001373291016,52.0099983215332,51.4900016784668,51.540000915527344,16234200
2018-10-01,46.49752426147461,51.79999923706055,51.9900016784668,51.13999938964844,51.220001220703125,19217800
2018-10-02,45.088233947753906,50.22999954223633,51.79999923706055,50.130001068115234,51.650001525878906,22406800
2018-10-03,44.657379150390625,49.75,50.099998474121094,49.59000015258789,49.59000015258789,21207600
2018-10-04,44.406036376953125,49.470001220703125,49.779998779296875,49.16999816894531,49.68000030517578,19034000
2018-10-05,44.29832077026367,49.349998474121094,49.77000045776367,49.119998931884766,49.41999816894531,16900200
2018-10-08,44.30730438232422,49.36000061035156,49.63999938964844,48.900001525878906,49.27000045776367,16295800
2018-10-09,43.867454528808594,48.869998931884766,49.400001525878906,48.83000183105469,49.11000061035156,19009800
2018-10-10,42.54793167114258,47.400001525878906,48.97999954223633,47.369998931884766,48.810001373291016,20885400
2018-10-11,41.991397857666016,46.779998779296875,47.88999938964844,46.4900016784668,47.33000183105469,26387600
2018-10-12,42.52997970581055,47.380001068115234,47.75,46.65999984741211,47.400001525878906,23152800
2018-10-15,42.46689224243164,47.119998931884766,47.619998931884766,46.869998931884766,46.959999084472656,15693400
2018-10-16,43.467281341552734,48.22999954223633,48.41999816894531,47.470001220703125,47.56999969482422,13600200
2018-10-17,43.133819580078125,47.86000061035156,48.2400016784668,47.43000030517578,47.43000030517578,15071100
2018-10-18,42.701210021972656,47.380001068115234,48.13999938964844,47.130001068115234,47.56999969482422,15084800
2018-10-19,42.890480041503906,47.59000015258789,48.2400016784668,47.349998474121094,47.5,17768400
2018-10-22,43.2059211730957,47.939998626708984,48.4900016784668,47.709999084472656,47.849998474121094,16480200
2018-10-23,43.2509880065918,47.9900016784668,48.31999969482422,47.119998931884766,47.15999984741211,18921500
2018-10-24,42.14243698120117,46.7599983215332,48.29999923706055,46.70000076293945,47.880001068115234,20028200
2018-10-25,43.223941802978516,47.959999084472656,48.290000915527344,47.279998779296875,47.41999816894531,19349300
2018-10-26,42.64714431762695,47.31999969482422,48.06999969482422,46.709999084472656,47.2400016784668,23088700
2018-10-29,42.37676239013672,47.02000045776367,48.09000015258789,46.34000015258789,47.810001373291016,19248700
2018-10-30,43.773704528808594,48.56999969482422,48.619998931884766,46.91999816894531,47.08000183105469,24438200
2018-10-31,44.01704406738281,48.84000015258789,49.45000076293945,48.59000015258789,49.04999923706055,21082900
2018-11-01,43.79172134399414,48.59000015258789,49.2400016784668,48.34000015258789,48.959999084472656,17764900
2018-11-02,44.008033752441406,48.83000183105469,49.02000045776367,48.2400016784668,48.93000030517578,17289300
2018-11-05,44.17927169799805,49.02000045776367,49.130001068115234,48.5,49.0,13125800
2018-11-06,44.38656234741211,49.25,49.470001220703125,48.83000183105469,49.099998474121094,12362700
2018-11-07,45.296817779541016,50.2599983215332,50.5,49.470001220703125,49.58000183105469,14329800
2018-11-08,45.45003128051758,50.43000030517578,50.5,50.06999969482422,50.220001220703125,11966600
2018-11-09,45.61225891113281,50.61000061035156,50.81999969482422,50.310001373291016,50.41999816894531,15316100
2018-11-12,44.359519958496094,49.220001220703125,50.380001068115234,49.11000061035156,50.16999816894531,14374400
2018-11-13,44.62087631225586,49.5099983215332,50.0,49.2400016784668,49.470001220703125,13550600
2018-11-14,44.01704406738281,48.84000015258789,49.970001220703125,48.7400016784668,49.970001220703125,16094000
2018-11-15,45.630287170410156,50.630001068115234,50.689998626708984,49.04999923706055,50.040000915527344,24922800
2018-11-16,46.116947174072266,51.16999816894531,51.45000076293945,50.41999816894531,50.529998779296875,20929600
2018-11-19,44.65692138671875,49.54999923706055,51.099998474121094,49.400001525878906,51.04999923706055,19520500
2018-11-20,43.557403564453125,48.33000183105469,49.06999969482422,47.959999084472656,48.66999816894531,19389600
2018-11-21,43.81877136230469,48.619998931884766,49.18000030517578,48.529998779296875,48.7599983215332,13859500
2018-11-23,43.890865325927734,48.70000076293945,49.119998931884766,48.040000915527344,48.040000915527344,7807300
2018-11-26,43.494319915771484,48.2599983215332,49.15999984741211,48.099998474121094,49.15999984741211,21603800
2018-11-27,42.75529479980469,47.439998626708984,47.97999954223633,46.790000915527344,47.91999816894531,28054600
2018-11-28,43.43123245239258,48.189998626708984,48.25,47.369998931884766,47.72999954223633,29352900
2018-11-29,43.16987228393555,47.900001525878906,48.380001068115234,47.439998626708984,48.380001068115234,17052100
2018-11-30,43.944942474365234,48.7599983215332,48.84000015258789,47.709999084472656,48.09000015258789,22884500
2018-12-03,44.90928268432617,49.83000183105469,50.119998931884766,49.209999084472656,49.439998626708984,21966600
2018-12-04,43.9359245300293,48.75,50.220001220703125,48.709999084472656,49.52000045776367,24643500
2018-12-06,42.07033157348633,46.68000030517578,47.77000045776367,45.650001525878906,47.75,39877000
2018-12-07,41.45748519897461,46.0,47.040000915527344,45.810001373291016,46.7599983215332,23978000
2018-12-10,42.06133270263672,46.66999816894531,47.08000183105469,45.34000015258789,46.0099983215332,26375500
2018-12-11,41.8720703125,46.459999084472656,47.130001068115234,46.060001373291016,46.97999954223633,22680200
2018-12-12,42.64714431762695,47.31999969482422,48.11000061035156,47.0099983215332,47.11000061035156,21404000
2018-12-13,42.56602096557617,47.22999954223633,47.54999923706055,46.75,47.47999954223633,23295400
2018-12-14,41.99824142456055,46.599998474121094,47.029998779296875,46.40999984741211,46.779998779296875,21434300
2018-12-17,41.21415328979492,45.72999954223633,47.22999954223633,45.529998779296875,46.41999816894531,30441100
2018-12-18,41.32230758666992,45.849998474121094,48.34000015258789,45.439998626708984,48.099998474121094,42855600
2018-12-19,41.863059997558594,46.45000076293945,47.439998626708984,45.75,46.060001373291016,34397300
2018-12-20,41.67379379272461,46.2400016784668,46.95000076293945,45.47999954223633,46.04999923706055,35165200
2018-12-21,39.654998779296875,44.0,46.209999084472656,43.86000061035156,46.08000183105469,58768400
2018-12-24,38.47435760498047,42.689998626708984,43.81999969482422,42.68000030517578,43.77000045776367,17230400
2018-12-26,40.18672180175781,44.59000015258789,44.61000061035156,42.400001525878906,43.0,21428900
2018-12-27,40.529212951660156,44.970001220703125,45.09000015258789,43.459999084472656,43.95000076293945,19048700
2018-12-28,40.394020080566406,44.81999969482422,45.77000045776367,44.7400016784668,45.13999938964844,39141200
2018-12-31,40.69142532348633,45.150001525878906,45.5,44.84000015258789,45.189998626708984,14932600
2019-01-02,40.7545166015625,45.220001220703125,45.34000015258789,44.45000076293945,44.47999954223633,14320400
2019-01-03,40.357975006103516,44.779998779296875,45.5,44.40999984741211,44.75,19868700
2019-01-04,42.09738540649414,46.709999084472656,46.95000076293945,45.25,45.369998931884766,20984000
2019-01-07,42.76428985595703,47.45000076293945,48.11000061035156,46.470001220703125,46.93000030517578,17967900
2019-01-08,43.1518440246582,47.880001068115234,48.36000061035156,47.20000076293945,47.93000030517578,16255700
2019-01-09,43.06172561645508,47.779998779296875,48.22999954223633,46.61000061035156,46.63999938964844,19100200
2019-01-10,43.09776306152344,47.81999969482422,47.97999954223633,46.880001068115234,47.380001068115234,16652700
2019-01-11,43.5213623046875,48.290000915527344,48.619998931884766,47.369998931884766,47.66999816894531,16397400
2019-01-14,43.42222213745117,48.18000030517578,48.34000015258789,47.619998931884766,47.849998474121094,14869400
2019-01-15,43.77509689331055,48.380001068115234,48.529998779296875,47.40999984741211,47.470001220703125,12142100
2019-01-16,43.48556137084961,48.060001373291016,48.790000915527344,48.04999923706055,48.58000183105469,14114000
2019-01-17,43.95606231689453,48.58000183105469,48.90999984741211,47.810001373291016,48.0099983215332,12711200
2019-01-18,44.58038330078125,49.27000045776367,49.56999969482422,48.869998931884766,48.939998626708984,15930600
2019-01-22,44.281795501708984,48.939998626708984,49.16999816894531,48.65999984741211,48.84000015258789,13318700
2019-01-23,44.553245544433594,49.2400016784668,49.47999954223633,48.83000183105469,49.189998626708984,15551200
2019-01-24,44.51704406738281,49.20000076293945,49.43000030517578,48.869998931884766,49.2599983215332,11442200
2019-01-25,45.059932708740234,49.79999923706055,49.900001525878906,49.45000076293945,49.599998474121094,16656600
2019-01-28,44.806583404541016,49.52000045776367,49.72999954223633,49.209999084472656,49.45000076293945,11799100
2019-01-29,44.88803482055664,49.61000061035156,49.91999816894531,49.189998626708984,49.38999938964844,10838600
2019-01-30,45.56663513183594,50.36000061035156,50.5,49.599998474121094,49.86000061035156,13483800
2019-01-31,45.449005126953125,50.22999954223633,50.5,50.06999969482422,50.2400016784668,20403600
2019-02-01,45.97380447387695,50.810001373291016,51.099998474121094,50.290000915527344,50.52000045776367,14849600
2019-02-04,46.17286682128906,51.029998779296875,51.25,50.380001068115234,50.380001068115234,12221200
2019-02-05,46.36288070678711,51.2400016784668,51.369998931884766,50.88999938964844,51.16999816894531,13345500
2019-02-06,46.3809700012207,51.2599983215332,51.4900016784668,50.970001220703125,51.189998626708984,9220900
2019-02-07,45.43995666503906,50.220001220703125,50.9900016784668,50.16999816894531,50.790000915527344,14905000
2019-02-08,46.17286682128906,51.029998779296875,51.029998779296875,49.81999969482422,50.09000015258789,11535600
2019-02-11,46.35382843017578,51.22999954223633,51.47999954223633,50.95000076293945,50.959999084472656,9714500
2019-02-12,46.34477996826172,51.220001220703125,51.54999923706055,51.189998626708984,51.459999084472656,14188500
2019-02-13,46.52574157714844,51.41999816894531,51.54999923706055,50.95000076293945,51.25,11342600
2019-02-14,46.58003234863281,51.47999954223633,51.75,51.09000015258789,51.2400016784668,11155300
2019-02-15,46.79719543457031,51.720001220703125,51.720001220703125,51.06999969482422,51.130001068115234,13822200
2019-02-19,47.06863021850586,52.02000045776367,52.18000030517578,51.2400016784668,51.47999954223633,12357500
2019-02-20,46.84242630004883,51.77000045776367,52.209999084472656,51.5,52.0,13440900
2019-02-21,47.150062561035156,52.11000061035156,52.349998474121094,51.5099983215332,51.630001068115234,14759500
2019-02-22,47.4848518371582,52.47999954223633,52.599998474121094,52.20000076293945,52.38999938964844,11689700
2019-02-25,47.557247161865234,52.560001373291016,53.029998779296875,52.459999084472656,52.75,14722200
2019-02-26,47.59342956542969,52.599998474121094,52.880001068115234,52.2400016784668,52.459999084472656,12041300
2019-02-27,47.39436340332031,52.380001068115234,52.63999938964844,52.2599983215332,52.52000045776367,10674200
2019-02-28,47.16816329956055,52.130001068115234,52.5099983215332,52.04999923706055,52.20000076293945,31856900
2019-03-01,47.51198959350586,52.5099983215332,52.72999954223633,52.369998931884766,52.5,15757700
2019-03-04,47.08674240112305,52.040000915527344,52.849998474121094,51.56999969482422,52.66999816894531,14850100
2019-03-05,47.37627029418945,52.36000061035156,52.59000015258789,52.02000045776367,52.040000915527344,16291900
2019-03-06,47.36723709106445,52.349998474121094,52.75,52.130001068115234,52.310001373291016,12389300
2019-03-07,47.57533645629883,52.58000183105469,53.130001068115234,52.189998626708984,52.20000076293945,16624100
2019-03-08,47.747249603271484,52.77000045776367,52.779998779296875,52.130001068115234,52.349998474121094,15071100
2019-03-11,47.64772415161133,52.65999984741211,53.18000030517578,51.90999984741211,51.939998626708984,20027700
2019-03-12,47.77439880371094,52.79999923706055,53.290000915527344,52.58000183105469,52.66999816894531,18048500
2019-03-13,48.00965118408203,53.060001373291016,53.470001220703125,52.7400016784668,53.060001373291016,19490800
2019-03-14,48.000606536865234,53.04999923706055,53.400001525878906,52.849998474121094,52.97999954223633,24000300
2019-03-15,47.901058197021484,52.939998626708984,53.38999938964844,51.0,51.400001525878906,43340200
2019-03-18,48.3715705871582,53.459999084472656,53.959999084472656,52.779998779296875,52.869998931884766,21953600
2019-03-19,48.89636993408203,54.040000915527344,54.380001068115234,53.75,53.79999923706055,19214000
2019-03-20,47.62961959838867,52.63999938964844,54.189998626708984,52.5099983215332,53.88999938964844,24111600
2019-03-21,48.89636993408203,54.040000915527344,54.04999923706055,52.349998474121094,52.630001068115234,16686300
2019-03-22,47.747249603271484,52.77000045776367,53.880001068115234,52.7400016784668,53.619998931884766,16201500
2019-03-25,47.7201042175293,52.7400016784668,52.939998626708984,52.22999954223633,52.560001373291016,11755900
2019-03-26,48.20870590209961,53.279998779296875,53.540000915527344,53.060001373291016,53.290000915527344,11657600
2019-03-27,47.783443450927734,52.810001373291016,53.650001525878906,52.310001373291016,53.279998779296875,12636000
2019-03-28,48.12727355957031,53.189998626708984,53.29999923706055,52.790000915527344,53.0,9103100
2019-03-29,48.59778594970703,53.709999084472656,53.7400016784668,53.25,53.470001220703125,11485700
2019-04-01,49.384971618652344,54.58000183105469,54.650001525878906,53.849998474121094,53.880001068115234,15191700
2019-04-02,48.995906829833984,54.150001525878906,54.5,53.880001068115234,54.40999984741211,10812100
2019-04-03,48.91447067260742,54.060001373291016,54.38999938964844,53.86000061035156,54.15999984741211,12853400
2019-04-04,48.69729995727539,53.81999969482422,54.150001525878906,53.40999984741211,53.86000061035156,9978800
2019-04-05,48.79683303833008,53.93000030517578,54.189998626708984,53.7400016784668,53.7400016784668,10016300
2019-04-08,48.60682678222656,53.720001220703125,53.93000030517578,53.33000183105469,53.72999954223633,10126700
2019-04-09,48.70634841918945,53.83000183105469,54.099998474121094,53.470001220703125,53.5,9789000
2019-04-10,49.051727294921875,53.970001220703125,54.15999984741211,53.599998474121094,53.619998931884766,8477300
2019-04-11,48.88813400268555,53.790000915527344,54.189998626708984,53.52000045776367,54.04999923706055,8147600
2019-04-12,49.5334358215332,54.5,54.5,53.869998931884766,54.099998474121094,9014000
2019-04-15,49.651580810546875,54.630001068115234,54.75,54.310001373291016,54.5,7694900
2019-04-16,49.6152229309082,54.59000015258789,54.90999984741211,54.33000183105469,54.66999816894531,7265200
2019-04-17,49.5152473449707,54.47999954223633,54.83000183105469,54.38999938964844,54.68000030517578,7792200
2019-04-18,49.55160140991211,54.52000045776367,54.66999816894531,54.22999954223633,54.439998626708984,8233000
2019-04-22,49.64249038696289,54.619998931884766,54.68000030517578,54.20000076293945,54.400001525878906,6088100
2019-04-23,49.933326721191406,54.939998626708984,55.13999938964844,54.720001220703125,54.75,10923400
2019-04-24,50.151451110839844,55.18000030517578,55.529998779296875,54.959999084472656,55.0,8769800
2019-04-25,49.9969482421875,55.0099983215332,55.220001220703125,54.58000183105469,55.150001525878906,8226100
2019-04-26,50.360496520996094,55.40999984741211,55.4900016784668,55.0099983215332,55.220001220703125,7101600
2019-04-29,50.06057357788086,55.08000183105469,55.4900016784668,55.08000183105469,55.290000915527344,6443000
2019-04-30,50.28779220581055,55.33000183105469,55.380001068115234,54.84000015258789,55.060001373291016,10562300
2019-05-01,49.8787956237793,54.880001068115234,55.41999816894531,54.79999923706055,55.31999969482422,7792700
2019-05-02,49.624305725097656,54.599998474121094,55.04999923706055,54.459999084472656,54.810001373291016,9652200
2019-05-03,49.79700469970703,54.790000915527344,55.02000045776367,54.66999816894531,54.79999923706055,11066500
2019-05-06,49.85152816772461,54.849998474121094,55.0,53.83000183105469,53.900001525878906,9305400
2019-05-07,49.07899856567383,54.0,54.63999938964844,53.650001525878906,54.20000076293945,11712400
2019-05-08,49.06991958618164,53.9900016784668,54.43000030517578,53.810001373291016,54.349998474121094,10729800
2019-05-09,49.306217193603516,54.25,54.349998474121094,53.08000183105469,53.459999084472656,10711800
2019-05-10,49.669761657714844,54.650001525878906,54.970001220703125,53.5099983215332,53.77000045776367,11200300
2019-05-13,48.56093978881836,53.43000030517578,53.95000076293945,53.38999938964844,53.720001220703125,10664700
2019-05-14,49.19715118408203,54.130001068115234,54.619998931884766,53.36000061035156,53.63999938964844,11520800
2019-05-15,49.587955474853516,54.560001373291016,54.810001373291016,53.84000015258789,53.90999984741211,8573000
2019-05-16,49.66067123413086,54.63999938964844,55.150001525878906,54.54999923706055,54.90999984741211,10013800
2019-05-17,49.5334358215332,54.5,54.91999816894531,54.189998626708984,54.189998626708984,9057100
2019-05-20,48.769981384277344,53.65999984741211,54.36000061035156,53.529998779296875,53.95000076293945,9820200
2019-05-21,49.23349380493164,54.16999816894531,54.27000045776367,54.029998779296875,54.209999084472656,8482000
2019-05-22,49.260765075683594,54.20000076293945,54.54999923706055,54.040000915527344,54.22999954223633,8389700
2019-05-23,48.242835998535156,53.08000183105469,53.720001220703125,52.5099983215332,53.720001220703125,11213900
2019-05-24,47.96108627319336,52.77000045776367,53.470001220703125,52.59000015258789,53.380001068115234,9090700
2019-05-28,47.03403091430664,51.75,53.279998779296875,51.75,53.08000183105469,28230400
2019-05-29,46.97949981689453,51.689998626708984,51.810001373291016,51.04999923706055,51.43000030517578,12448700
2019-05-30,47.006771087646484,51.720001220703125,52.029998779296875,51.459999084472656,51.93000030517578,8569500
2019-05-31,45.98882293701172,50.599998474121094,51.36000061035156,50.5099983215332,51.2400016784668,11847100
2019-06-03,45.66163635253906,50.2400016784668,51.08000183105469,49.88999938964844,50.560001373291016,17434400
2019-06-04,47.279422760009766,52.02000045776367,52.2400016784668,50.630001068115234,50.790000915527344,17073200
2019-06-05,47.35214614868164,52.099998474121094,53.2400016784668,51.849998474121094,52.779998779296875,15855300
2019-06-06,47.797481536865234,52.59000015258789,52.7400016784668,51.86000061035156,52.09000015258789,10266900
2019-06-07,48.406429290771484,53.2599983215332,53.41999816894531,52.779998779296875,52.79999923706055,11591800
2019-06-10,49.088077545166016,54.0099983215332,54.40999984741211,53.56999969482422,53.68000030517578,12984600
2019-06-11,49.02445602416992,53.939998626708984,54.61000061035156,53.84000015258789,54.5,11288400
2019-06-12,48.73361587524414,53.619998931884766,54.04999923706055,53.43000030517578,53.68000030517578,10235400
2019-06-13,48.933570861816406,53.84000015258789,53.97999954223633,53.439998626708984,53.97999954223633,11289100
2019-06-14,48.42460632324219,53.279998779296875,53.83000183105469,53.279998779296875,53.61000061035156,12973000
2019-06-17,48.288272857666016,53.130001068115234,53.54999923706055,52.95000076293945,53.34000015258789,15207900
2019-06-18,48.0792350769043,52.900001525878906,53.599998474121094,52.40999984741211,52.86000061035156,20999700
2019-06-19,47.879276275634766,52.68000030517578,53.130001068115234,52.25,52.75,35449500
2019-06-20,51.7965087890625,56.9900016784668,57.470001220703125,55.529998779296875,55.97999954223633,54173900
2019-06-21,51.005794525146484,56.119998931884766,57.150001525878906,56.060001373291016,57.13999938964844,45169000
2019-06-24,51.569297790527344,56.7400016784668,57.29999923706055,55.900001525878906,56.25,19544200
2019-06-25,50.96036911010742,56.06999969482422,57.18000030517578,56.060001373291016,56.869998931884766,25462100
2019-06-26,51.496585845947266,56.65999984741211,56.849998474121094,56.2400016784668,56.43000030517578,15045200
2019-06-27,51.596561431884766,56.77000045776367,57.38999938964844,56.7599983215332,57.0,12605800
2019-06-28,51.77833557128906,56.970001220703125,57.08000183105469,56.36000061035156,56.900001525878906,42570500
2019-07-01,52.72355270385742,58.0099983215332,58.09000015258789,57.029998779296875,57.150001525878906,20413000
2019-07-02,53.13254928588867,58.459999084472656,58.560001373291016,57.77000045776367,57.880001068115234,17569600
2019-07-03,53.49609375,58.86000061035156,58.95000076293945,58.380001068115234,58.45000076293945,9989100
2019-07-05,53.87782287597656,59.279998779296875,59.52000045776367,58.34000015258789,58.529998779296875,13838900
2019-07-08,54.105037689208984,59.529998779296875,59.66999816894531,59.0099983215332,59.189998626708984,16105600
2019-07-09,54.16867446899414,59.599998474121094,59.630001068115234,59.0099983215332,59.20000076293945,14348600
2019-07-10,54.66854476928711,60.150001525878906,60.5,59.75,59.939998626708984,16059100
2019-07-11,54.52313232421875,59.9900016784668,60.209999084472656,59.400001525878906,60.18000030517578,11150200
2019-07-12,54.359527587890625,59.810001373291016,60.09000015258789,59.29999923706055,60.09000015258789,11234300
2019-07-15,54.105037689208984,59.529998779296875,59.849998474121094,59.25,59.849998474121094,10721600
2019-07-16,53.48451232910156,58.61000061035156,59.47999954223633,58.59000015258789,59.16999816894531,9698900
2019-07-17,52.918731689453125,57.9900016784668,58.95000076293945,57.9900016784668,58.79999923706055,9090900
2019-07-18,53.03736114501953,58.119998931884766,58.13999938964844,57.599998474121094,57.689998626708984,11882300
2019-07-19,52.50809097290039,57.540000915527344,58.529998779296875,57.52000045776367,58.310001373291016,11663500
2019-07-22,52.56283950805664,57.599998474121094,58.08000183105469,57.54999923706055,57.880001068115234,8761700
2019-07-23,52.42595291137695,57.45000076293945,58.13999938964844,57.45000076293945,58.060001373291016,8141100
2019-07-24,53.02823257446289,58.11000061035156,58.220001220703125,57.380001068115234,57.45000076293945,10778700
2019-07-25,53.192501068115234,58.290000915527344,58.630001068115234,58.08000183105469,58.369998931884766,8175900
2019-07-26,53.38413619995117,58.5,58.650001525878906,58.20000076293945,58.34000015258789,6057200
2019-07-29,52.98262023925781,58.060001373291016,58.790000915527344,57.79999923706055,58.790000915527344,7439300
2019-07-30,52.462467193603516,57.4900016784668,58.150001525878906,57.43000030517578,57.7599983215332,6367200
2019-07-31,51.37651824951172,56.29999923706055,57.880001068115234,55.619998931884766,57.880001068115234,11966700
2019-08-01,50.993255615234375,55.880001068115234,56.849998474121094,55.52000045776367,56.29999923706055,10215200
2019-08-02,50.956756591796875,55.84000015258789,56.189998626708984,55.0,56.189998626708984,12644400
2019-08-05,49.05864715576172,53.7599983215332,55.099998474121094,53.689998626708984,55.099998474121094,16204600
2019-08-06,49.241153717041016,53.959999084472656,54.45000076293945,53.61000061035156,54.20000076293945,13149500
2019-08-07,48.675376892089844,53.34000015258789,54.06999969482422,52.970001220703125,53.130001068115234,16344100
2019-08-08,49.87082290649414,54.650001525878906,54.75,53.720001220703125,53.720001220703125,12460700
2019-08-09,49.186405181884766,53.900001525878906,54.470001220703125,53.52000045776367,54.2400016784668,8471300
2019-08-12,48.5932502746582,53.25,53.790000915527344,53.0,53.68000030517578,6580100
2019-08-13,49.25028991699219,53.970001220703125,54.2400016784668,53.0,53.13999938964844,11014800
2019-08-14,47.744571685791016,52.31999969482422,53.369998931884766,52.2400016784668,53.349998474121094,12489200
2019-08-15,47.990962982177734,52.59000015258789,52.720001220703125,51.959999084472656,52.650001525878906,11257000
2019-08-16,48.903507232666016,53.59000015258789,53.70000076293945,53.0099983215332,53.18000030517578,9913100
2019-08-19,49.15903091430664,53.869998931884766,54.369998931884766,53.7599983215332,54.220001220703125,8273100
2019-08-20,48.346866607666016,52.97999954223633,53.84000015258789,52.900001525878906,53.52000045776367,7577800
2019-08-21,48.58412551879883,53.2400016784668,53.93000030517578,53.16999816894531,53.529998779296875,6113100
2019-08-22,48.53849411010742,53.189998626708984,53.720001220703125,52.88999938964844,53.58000183105469,6744900
2019-08-23,47.069297790527344,51.58000183105469,53.31999969482422,51.25,53.060001373291016,11374500
2019-08-26,47.57119369506836,52.130001068115234,52.31999969482422,51.83000183105469,52.13999938964844,8582300
2019-08-27,47.8084602355957,52.38999938964844,52.619998931884766,52.220001220703125,52.439998626708984,13853100
2019-08-28,47.40693664550781,51.95000076293945,52.20000076293945,51.619998931884766,52.20000076293945,7499000
2019-08-29,47.59857177734375,52.15999984741211,52.810001373291016,52.09000015258789,52.650001525878906,6858000
2019-08-30,47.507320404052734,52.060001373291016,52.54999923706055,51.75,52.5,7920000
2019-09-03,47.352176666259766,51.88999938964844,52.0,51.54999923706055,51.939998626708984,10128000
2019-09-04,48.33773422241211,52.970001220703125,53.130001068115234,52.220001220703125,52.349998474121094,10558300
2019-09-05,49.13164520263672,53.84000015258789,54.33000183105469,53.630001068115234,53.72999954223633,10414500
2019-09-06,48.51112365722656,53.15999984741211,54.13999938964844,53.13999938964844,54.099998474121094,11636100
2019-09-09,49.77043151855469,54.540000915527344,54.68000030517578,53.45000076293945,53.619998931884766,17803800
2019-09-10,50.619102478027344,55.470001220703125,55.470001220703125,54.13999938964844,54.540000915527344,19976400
2019-09-11,51.36740493774414,56.290000915527344,56.290000915527344,55.15999984741211,55.27000045776367,16749400
2019-09-12,49.17728805541992,53.88999938964844,54.880001068115234,52.900001525878906,54.34000015258789,28184400
2019-09-13,49.049522399902344,53.75,54.720001220703125,53.33000183105469,54.0,14736700
2019-09-16,48.49287033081055,53.13999938964844,53.56999969482422,52.790000915527344,53.400001525878906,15204200
2019-09-17,48.24648666381836,52.869998931884766,53.20000076293945,52.349998474121094,53.18000030517578,11111400
2019-09-18,47.96359634399414,52.560001373291016,52.84000015258789,51.86000061035156,52.81999969482422,8911800
2019-09-19,48.70275115966797,53.369998931884766,53.66999816894531,52.38999938964844,52.38999938964844,14855000
2019-09-20,48.79400634765625,53.470001220703125,54.25,53.41999816894531,53.709999084472656,59517000
2019-09-23,49.295921325683594,54.02000045776367,54.16999816894531,53.060001373291016,53.16999816894531,13863100
2019-09-24,48.68450927734375,53.349998474121094,54.4900016784668,53.119998931884766,54.13999938964844,15354800
2019-09-25,49.13164520263672,53.84000015258789,53.95000076293945,52.88999938964844,53.310001373291016,11607200
2019-09-26,49.241153717041016,53.959999084472656,54.33000183105469,53.470001220703125,54.11000061035156,13324300
2019-09-27,49.35979080200195,54.09000015258789,54.599998474121094,53.619998931884766,54.189998626708984,12391100
2019-09-30,50.21758270263672,55.029998779296875,55.279998779296875,54.04999923706055,54.25,17445100
2019-10-01,49.095157623291016,53.79999923706055,55.63999938964844,53.75,55.040000915527344,16443200
2019-10-02,48.50199890136719,53.150001525878906,53.560001373291016,52.68000030517578,53.5,15923700
2019-10-03,49.14990234375,53.86000061035156,53.880001068115234,52.939998626708984,53.060001373291016,11268500
2019-10-04,50.31797409057617,55.13999938964844,55.18000030517578,53.84000015258789,54.0,13659500
2019-10-07,50.0077018737793,54.79999923706055,55.36000061035156,54.75,55.06999969482422,12352100
2019-10-08,49.32328796386719,54.04999923706055,54.709999084472656,53.77000045776367,54.290000915527344,14771500
2019-10-09,49.983253479003906,54.529998779296875,54.9900016784668,54.060001373291016,54.150001525878906,12803100
2019-10-10,50.86320877075195,55.4900016784668,55.599998474121094,54.349998474121094,54.45000076293945,13789000
2019-10-11,52.14646911621094,56.88999938964844,57.33000183105469,55.709999084472656,55.91999816894531,18675200
2019-10-14,51.7523193359375,56.459999084472656,57.209999084472656,56.40999984741211,56.83000183105469,11079600
2019-10-15,51.6515007019043,56.349998474121094,56.81999969482422,56.349998474121094,56.630001068115234,9150100
2019-10-16,51.2206916809082,55.880001068115234,56.0099983215332,55.54999923706055,55.790000915527344,8912300
2019-10-17,50.46906280517578,55.060001373291016,56.2400016784668,54.9900016784668,56.0099983215332,9917700
2019-10-18,50.001590728759766,54.54999923706055,55.2599983215332,54.18000030517578,54.95000076293945,12562900
2019-10-21,50.53322219848633,55.130001068115234,55.29999923706055,54.81999969482422,55.060001373291016,8256600
2019-10-22,49.598270416259766,54.11000061035156,55.43000030517578,54.02000045776367,55.220001220703125,7777100
2019-10-23,49.61661148071289,54.130001068115234,54.630001068115234,53.869998931884766,54.0,10491000
2019-10-24,49.73576354980469,54.2599983215332,54.650001525878906,53.939998626708984,54.470001220703125,6449200
2019-10-25,49.65326690673828,54.16999816894531,54.41999816894531,54.0099983215332,54.040000915527344,6307000
2019-10-28,50.08409118652344,54.63999938964844,54.68000030517578,54.27000045776367,54.349998474121094,7280200
2019-10-29,50.23073959350586,54.79999923706055,55.310001373291016,54.560001373291016,54.720001220703125,8333900
2019-10-30,50.276573181152344,54.849998474121094,55.18000030517578,54.45000076293945,55.18000030517578,6284900
2019-10-31,49.946590423583984,54.4900016784668,54.849998474121094,54.2400016784668,54.720001220703125,8260600
2019-11-01,50.414066314697266,55.0,55.150001525878906,54.54999923706055,54.810001373291016,7313600
2019-11-04,50.8265495300293,55.45000076293945,55.75,55.2599983215332,55.2599983215332,8757000
2019-11-05,51.02819061279297,55.66999816894531,55.84000015258789,55.5099983215332,55.7599983215332,10759300
2019-11-06,51.05569839477539,55.70000076293945,55.88999938964844,55.599998474121094,55.709999084472656,10572100
2019-11-07,51.31234359741211,55.97999954223633,56.630001068115234,55.86000061035156,55.959999084472656,9677700
2019-11-08,51.77981948852539,56.4900016784668,56.4900016784668,55.77000045776367,55.97999954223633,5869600
2019-11-11,51.724830627441406,56.43000030517578,56.61000061035156,56.18000030517578,56.20000076293945,5018000
2019-11-12,51.871490478515625,56.59000015258789,56.849998474121094,56.41999816894531,56.529998779296875,6184900
2019-11-13,51.52317810058594,56.209999084472656,56.560001373291016,56.16999816894531,56.209999084472656,6802300
2019-11-14,51.413177490234375,56.09000015258789,56.33000183105469,55.63999938964844,55.810001373291016,9056100
2019-11-15,51.71565246582031,56.41999816894531,56.560001373291016,56.27000045776367,56.400001525878906,7216900
2019-11-18,51.50483322143555,56.189998626708984,56.560001373291016,55.959999084472656,56.560001373291016,6923300
2019-11-19,51.57817459106445,56.27000045776367,56.95000076293945,56.2599983215332,56.470001220703125,7199500
2019-11-20,51.5506706237793,56.2400016784668,56.619998931884766,55.810001373291016,56.220001220703125,9117000
2019-11-21,51.541500091552734,56.22999954223633,56.59000015258789,56.119998931884766,56.220001220703125,8067100
2019-11-22,51.68815994262695,56.38999938964844,57.060001373291016,56.25,56.41999816894531,6346900
2019-11-25,51.84398651123047,56.560001373291016,56.68000030517578,56.279998779296875,56.459999084472656,7977700
2019-11-26,51.79815673828125,56.5099983215332,56.86000061035156,56.41999816894531,56.75,12076900
2019-11-27,51.88982009887695,56.61000061035156,56.90999984741211,56.380001068115234,56.900001525878906,5790000
2019-11-29,51.45901107788086,56.13999938964844,56.4900016784668,56.09000015258789,56.33000183105469,6479400
2019-12-02,50.80821228027344,55.43000030517578,56.459999084472656,55.380001068115234,56.22999954223633,14314000
2019-12-03,50.03824234008789,54.59000015258789,54.9900016784668,54.459999084472656,54.619998931884766,11963700
2019-12-04,49.873260498046875,54.40999984741211,54.900001525878906,54.18000030517578,54.900001525878906,11436800
2019-12-05,50.12074279785156,54.68000030517578,54.83000183105469,54.29999923706055,54.5,10557400
2019-12-06,50.25823974609375,54.83000183105469,55.130001068115234,54.61000061035156,55.029998779296875,9088600
2019-12-09,50.69821548461914,55.310001373291016,55.47999954223633,54.7599983215332,54.84000015258789,11996700
2019-12-10,51.16569519042969,55.81999969482422,55.90999984741211,55.22999954223633,55.400001525878906,10719700
2019-12-11,51.61482620239258,56.310001373291016,56.5,55.650001525878906,55.79999923706055,12159600
2019-12-12,51.76149368286133,56.470001220703125,56.65999984741211,55.7599983215332,56.29999923706055,15413200
2019-12-13,49.96493148803711,54.5099983215332,55.400001525878906,54.41999816894531,55.0,21427700
2019-12-16,49.488285064697266,53.9900016784668,54.97999954223633,53.70000076293945,54.599998474121094,19951000
2019-12-17,48.434165954589844,52.84000015258789,54.060001373291016,52.83000183105469,53.88999938964844,19778400
2019-12-18,48.93830490112305,53.38999938964844,53.61000061035156,52.95000076293945,53.060001373291016,14123100
2019-12-19,48.800819396972656,53.2400016784668,53.599998474121094,53.040000915527344,53.29999923706055,11910100
2019-12-20,49.130794525146484,53.599998474121094,53.95000076293945,53.349998474121094,53.90999984741211,27423700
2019-12-23,49.23162841796875,53.709999084472656,54.06999969482422,53.61000061035156,53.650001525878906,10591500
2019-12-24,48.98413848876953,53.439998626708984,53.959999084472656,53.36000061035156,53.779998779296875,3331700
2019-12-26,49.103294372558594,53.56999969482422,53.65999984741211,53.279998779296875,53.45000076293945,6702000
2019-12-27,49.00246810913086,53.459999084472656,53.79999923706055,53.34000015258789,53.65999984741211,7262000
2019-12-30,48.30583572387695,52.70000076293945,53.4900016784668,52.619998931884766,53.400001525878906,5936100
2019-12-31,48.5625,52.97999954223633,53.0,52.54999923706055,52.56999969482422,7094500
2020-01-02,49.45161056518555,53.95000076293945,53.959999084472656,53.22999954223633,53.27000045776367,13899600
2020-01-03,49.2774543762207,53.7599983215332,54.04999923706055,52.95000076293945,52.9900016784668,11026700
2020-01-06,49.53410720825195,54.040000915527344,54.20000076293945,53.349998474121094,53.36000061035156,10982400
2020-01-07,49.64410400390625,54.15999984741211,54.33000183105469,53.61000061035156,53.88999938964844,12015400
2020-01-08,49.83744812011719,54.130001068115234,54.599998474121094,53.70000076293945,53.939998626708984,11856700
2020-01-09,50.067626953125,54.380001068115234,54.79999923706055,54.029998779296875,54.25,10671000
2020-01-10,50.132080078125,54.45000076293945,54.650001525878906,54.220001220703125,54.54999923706055,9734800
2020-01-13,50.251766204833984,54.58000183105469,54.790000915527344,54.36000061035156,54.459999084472656,10858900
2020-01-14,50.527984619140625,54.880001068115234,55.18000030517578,54.5,54.52000045776367,12627200
2020-01-15,50.417484283447266,54.7599983215332,55.18000030517578,54.68000030517578,54.880001068115234,9090800
2020-01-16,51.03436279296875,55.43000030517578,55.45000076293945,54.93000030517578,54.97999954223633,9866000
2020-01-17,50.75814437866211,55.130001068115234,55.689998626708984,54.849998474121094,55.630001068115234,11166600
2020-01-21,50.841007232666016,55.220001220703125,55.36000061035156,54.91999816894531,54.97999954223633,8773000
2020-01-22,50.38066864013672,54.720001220703125,55.650001525878906,54.599998474121094,55.40999984741211,6380500
2020-01-23,50.620052337646484,54.97999954223633,55.0,54.279998779296875,54.40999984741211,6583200
2020-01-24,49.782203674316406,54.06999969482422,55.20000076293945,53.880001068115234,55.060001373291016,6426000
2020-01-27,48.51164245605469,52.689998626708984,53.52000045776367,52.630001068115234,53.18000030517578,8259100
2020-01-28,49.2205810546875,53.459999084472656,53.68000030517578,52.65999984741211,52.86000061035156,8620300
2020-01-29,48.981201171875,53.20000076293945,53.939998626708984,53.18000030517578,53.779998779296875,6332500
2020-01-30,49.08247756958008,53.310001373291016,53.33000183105469,52.279998779296875,52.81999969482422,7176200
2020-01-31,48.29068374633789,52.45000076293945,53.4900016784668,52.290000915527344,53.34000015258789,8884700
2020-02-03,48.879920959472656,53.09000015258789,53.40999984741211,52.689998626708984,52.72999954223633,8892500
2020-02-04,49.754581451416016,54.040000915527344,54.560001373291016,53.75,53.75,9769800
2020-02-05,50.399085998535156,54.7400016784668,55.029998779296875,54.58000183105469,54.66999816894531,9612900
2020-02-06,50.371456146240234,54.709999084472656,55.349998474121094,54.709999084472656,55.0,8832000
2020-02-07,50.38066864013672,54.720001220703125,54.970001220703125,54.189998626708984,54.27000045776367,7864800
2020-02-10,50.62925338745117,54.9900016784668,55.06999969482422,54.45000076293945,54.720001220703125,7198200
2020-02-11,50.77656555175781,55.150001525878906,55.540000915527344,55.11000061035156,55.16999816894531,8466600
2020-02-12,51.31056594848633,55.72999954223633,55.88999938964844,55.25,55.54999923706055,7541100
2020-02-13,50.923866271972656,55.310001373291016,55.63999938964844,55.0099983215332,55.310001373291016,8480100
2020-02-14,51.07118606567383,55.470001220703125,55.84000015258789,55.2400016784668,55.380001068115234,7496800
2020-02-18,51.052772521972656,55.45000076293945,55.7599983215332,55.099998474121094,55.41999816894531,7185700
2020-02-19,51.04357147216797,55.439998626708984,55.77000045776367,55.38999938964844,55.59000015258789,6819200
2020-02-20,51.10801696777344,55.5099983215332,55.869998931884766,54.880001068115234,55.400001525878906,6114600
2020-02-21,50.34383010864258,54.68000030517578,55.34000015258789,54.439998626708984,55.08000183105469,9078600
2020-02-24,48.474822998046875,52.650001525878906,53.529998779296875,52.5099983215332,53.099998474121094,10992500
2020-02-25,46.9188346862793,50.959999084472656,53.220001220703125,50.79999923706055,53.06999969482422,12202600
2020-02-26,47.92238998413086,52.04999923706055,53.13999938964844,51.2400016784668,51.310001373291016,16413100
2020-02-27,46.75310516357422,50.779998779296875,53.459999084472656,50.7599983215332,50.880001068115234,16161100
2020-02-28,45.53778839111328,49.459999084472656,49.88999938964844,47.900001525878906,49.2400016784668,24426000
2020-03-02,46.86360168457031,50.900001525878906,50.900001525878906,48.66999816894531,49.72999954223633,17328500
2020-03-03,44.97616195678711,48.849998474121094,51.84000015258789,48.25,50.619998931884766,21830500
2020-03-04,46.532142639160156,50.540000915527344,50.59000015258789,48.83000183105469,49.849998474121094,14813700
2020-03-05,44.19356918334961,48.0,49.68000030517578,47.75,49.22999954223633,15843000
2020-03-06,43.613521575927734,47.369998931884766,48.29999923706055,46.459999084472656,46.56999969482422,24581400
2020-03-09,42.36137771606445,46.0099983215332,47.56999969482422,44.65999984741211,44.95000076293945,25949300
2020-03-10,44.72756576538086,48.58000183105469,48.90999984741211,46.15999984741211,47.45000076293945,27067700
2020-03-11,41.173675537109375,44.720001220703125,47.47999954223633,44.27000045776367,46.810001373291016,24139200
2020-03-12,36.64382553100586,39.79999923706055,43.400001525878906,39.709999084472656,41.119998931884766,24123800
2020-03-13,44.12910842895508,47.93000030517578,47.9900016784668,43.41999816894531,44.45000076293945,28339400
2020-03-16,39.332271575927734,42.720001220703125,47.56999969482422,41.2599983215332,42.5099983215332,27493700
2020-03-17,43.14397430419922,46.86000061035156,47.709999084472656,41.65999984741211,43.619998931884766,25588900
2020-03-18,43.52144241333008,47.27000045776367,47.79999923706055,42.560001373291016,43.66999816894531,29557000
2020-03-19,41.49591064453125,45.06999969482422,47.970001220703125,44.869998931884766,46.470001220703125,20159100
2020-03-20,42.0299186706543,45.650001525878906,46.70000076293945,44.5099983215332,45.02000045776367,26340800
2020-03-23,40.68569564819336,44.189998626708984,46.4900016784668,43.88999938964844,45.0,23063700
2020-03-24,44.04624938964844,47.84000015258789,48.0099983215332,45.29999923706055,45.33000183105469,19323700
2020-03-25,42.29692840576172,45.939998626708984,48.7400016784668,45.47999954223633,47.099998474121094,25625800
2020-03-26,46.47689437866211,50.47999954223633,50.7400016784668,46.189998626708984,46.380001068115234,22417900
2020-03-27,45.87844467163086,49.83000183105469,51.599998474121094,48.560001373291016,49.09000015258789,20025300
2020-03-30,46.366416931152344,50.36000061035156,51.59000015258789,49.59000015258789,50.400001525878906,20611900
2020-03-31,44.497398376464844,48.33000183105469,51.18000030517578,48.0,51.119998931884766,15802000
2020-04-01,44.84726333618164,48.709999084472656,48.9900016784668,46.040000915527344,46.54999923706055,17918200
2020-04-02,45.85082244873047,49.79999923706055,49.88999938964844,48.099998474121094,48.18000030517578,16434400
2020-04-03,45.48253631591797,49.400001525878906,50.04999923706055,48.95000076293945,49.29999923706055,13362500
2020-04-06,47.40681838989258,51.4900016784668,51.880001068115234,50.349998474121094,50.400001525878906,13845800
2020-04-07,46.73469161987305,50.7599983215332,52.33000183105469,50.709999084472656,52.150001525878906,14063000
2020-04-08,48.224063873291016,52.130001068115234,52.68000030517578,50.880001068115234,50.97999954223633,15710700
2020-04-09,49.19538116455078,53.18000030517578,53.619998931884766,52.029998779296875,52.2400016784668,15521200
2020-04-13,49.00112533569336,52.970001220703125,53.13999938964844,52.400001525878906,52.70000076293945,12694800
2020-04-14,49.953948974609375,54.0,54.099998474121094,53.45000076293945,53.709999084472656,11674600
2020-04-15,49.1768913269043,53.15999984741211,53.45000076293945,52.810001373291016,53.209999084472656,10398100
2020-04-16,49.67642593383789,53.70000076293945,53.869998931884766,53.06999969482422,53.150001525878906,14098300
2020-04-17,50.52749252319336,54.619998931884766,54.720001220703125,53.970001220703125,54.52000045776367,13608800
2020-04-20,49.870689392089844,53.90999984741211,54.58000183105469,53.79999923706055,54.04999923706055,10358900
2020-04-21,47.46549987792969,51.310001373291016,53.34000015258789,51.119998931884766,53.22999954223633,14111700
2020-04-22,48.35356903076172,52.27000045776367,52.58000183105469,51.77000045776367,52.029998779296875,9668300
2020-04-23,48.0760383605957,51.970001220703125,52.9900016784668,51.45000076293945,52.22999954223633,10330200
2020-04-24,49.03813552856445,53.0099983215332,53.04999923706055,51.959999084472656,52.40999984741211,9403500
2020-04-27,49.37115478515625,53.369998931884766,53.63999938964844,53.060001373291016,53.36000061035156,9123200
2020-04-28,49.213890075683594,53.20000076293945,54.150001525878906,53.130001068115234,53.900001525878906,8350500
2020-04-29,49.84294128417969,53.880001068115234,54.279998779296875,53.689998626708984,53.95000076293945,9064100
2020-04-30,49.00112533569336,52.970001220703125,53.599998474121094,52.79999923706055,53.470001220703125,11808800
2020-05-01,47.90955352783203,51.790000915527344,52.439998626708984,51.310001373291016,52.380001068115234,8702400
2020-05-04,47.87253952026367,51.75,51.790000915527344,51.099998474121094,51.709999084472656,7567900
2020-05-05,48.150054931640625,52.04999923706055,52.86000061035156,51.9900016784668,52.220001220703125,7271800
2020-05-06,47.97429275512695,51.86000061035156,52.5,51.70000076293945,52.43000030517578,7050000
2020-05-07,48.65884780883789,52.599998474121094,52.91999816894531,52.27000045776367,52.400001525878906,7154700
2020-05-08,49.5561637878418,53.56999969482422,53.779998779296875,52.77000045776367,53.189998626708984,8130800
2020-05-11,49.519168853759766,53.529998779296875,53.83000183105469,53.060001373291016,53.130001068115234,8138600
2020-05-12,48.35356903076172,52.27000045776367,53.83000183105469,52.25,53.79999923706055,8598800
2020-05-13,47.78002166748047,51.650001525878906,52.4900016784668,51.279998779296875,52.43000030517578,10274300
2020-05-14,48.945621490478516,52.90999984741211,53.029998779296875,50.86000061035156,51.13999938964844,13794000
2020-05-15,48.95486068725586,52.91999816894531,53.9900016784668,52.52000045776367,52.70000076293945,39055700
2020-05-18,49.167640686035156,53.150001525878906,53.95000076293945,53.06999969482422,53.90999984741211,9901900
2020-05-19,48.4183235168457,52.34000015258789,53.25,52.31999969482422,53.18000030517578,9805100
2020-05-20,48.93637466430664,52.900001525878906,53.27000045776367,52.650001525878906,53.09000015258789,9115900
2020-05-21,48.30732345581055,52.220001220703125,52.939998626708984,52.119998931884766,52.7599983215332,7464000
2020-05-22,48.67734909057617,52.619998931884766,52.63999938964844,52.08000183105469,52.34000015258789,7211700
2020-05-26,48.82536697387695,52.779998779296875,53.68000030517578,52.650001525878906,53.650001525878906,11200600
2020-05-27,49.213890075683594,53.20000076293945,53.25,52.56999969482422,53.0,9228100
2020-05-28,49.602420806884766,53.619998931884766,54.150001525878906,53.220001220703125,53.7599983215332,9465400
2020-05-29,49.74117660522461,53.77000045776367,53.939998626708984,52.9900016784668,53.619998931884766,14734800
2020-06-01,49.084373474121094,53.060001373291016,53.38999938964844,52.790000915527344,53.279998779296875,7363200
2020-06-02,49.28789520263672,53.279998779296875,53.290000915527344,52.63999938964844,53.2400016784668,8756300
2020-06-03,49.48216247558594,53.4900016784668,53.619998931884766,52.9900016784668,53.33000183105469,9188700
2020-06-04,48.89012145996094,52.849998474121094,53.689998626708984,52.630001068115234,53.22999954223633,9696000
2020-06-05,49.935447692871094,53.97999954223633,54.27000045776367,52.7400016784668,53.09000015258789,12210100
2020-06-08,50.971527099609375,55.099998474121094,55.119998931884766,53.279998779296875,53.349998474121094,11519500
2020-06-09,50.120460510253906,54.18000030517578,55.060001373291016,53.880001068115234,55.0,8852500
2020-06-10,50.05570602416992,54.11000061035156,54.65999984741211,53.900001525878906,54.5,7436700
2020-06-11,47.46549987792969,51.310001373291016,53.560001373291016,51.22999954223633,53.25,12805700
2020-06-12,47.97429275512695,51.86000061035156,53.0,50.97999954223633,52.45000076293945,11537200
2020-06-15,49.2601432800293,53.25,53.43000030517578,50.90999984741211,50.959999084472656,16038100
2020-06-16,50.4997444152832,54.59000015258789,55.0,53.779998779296875,54.459999084472656,19380200
2020-06-17,47.65976333618164,51.52000045776367,53.7400016784668,51.5,53.029998779296875,28692600
2020-06-18,49.66718292236328,53.689998626708984,54.0,51.31999969482422,51.599998474121094,19259500
2020-06-19,50.32398223876953,54.400001525878906,54.459999084472656,52.97999954223633,54.209999084472656,33051200
2020-06-22,50.99003219604492,55.119998931884766,55.38999938964844,53.880001068115234,54.09000015258789,16705900
2020-06-23,51.05478286743164,55.189998626708984,55.970001220703125,55.130001068115234,55.29999923706055,18695000
2020-06-24,50.360984802246094,54.439998626708984,55.68000030517578,54.33000183105469,55.119998931884766,18287400
2020-06-25,50.44424057006836,54.529998779296875,54.59000015258789,53.540000915527344,54.400001525878906,16008700
2020-06-26,50.120460510253906,54.18000030517578,54.59000015258789,53.630001068115234,54.349998474121094,17969400
2020-06-29,50.657005310058594,54.7599983215332,54.959999084472656,53.849998474121094,54.22999954223633,14366900
2020-06-30,51.1287956237793,55.27000045776367,55.439998626708984,54.5,54.79999923706055,18885900
2020-07-01,51.33230209350586,55.4900016784668,55.880001068115234,54.68000030517578,54.689998626708984,17856800
2020-07-02,51.74858856201172,55.939998626708984,56.43000030517578,55.650001525878906,55.790000915527344,15478900
2020-07-06,52.35914611816406,56.599998474121094,56.83000183105469,56.15999984741211,56.20000076293945,15309700
2020-07-07,52.09087371826172,56.310001373291016,56.95000076293945,56.220001220703125,56.349998474121094,13232100
2020-07-08,52.41463851928711,56.65999984741211,56.68000030517578,55.9900016784668,56.630001068115234,12582200
2020-07-09,53.21944808959961,57.529998779296875,57.79999923706055,56.81999969482422,56.9900016784668,15692600
2020-07-10,53.08993911743164,57.38999938964844,57.52000045776367,56.689998626708984,57.470001220703125,12615800
2020-07-13,52.73841094970703,57.0099983215332,57.84000015258789,56.970001220703125,57.400001525878906,15965600
2020-07-14,53.137882232666016,57.20000076293945,57.290000915527344,56.47999954223633,56.66999816894531,15510300
2020-07-15,52.59906768798828,56.619998931884766,57.84000015258789,56.380001068115234,57.41999816894531,10570800
2020-07-16,51.85588455200195,55.81999969482422,56.4900016784668,55.58000183105469,56.41999816894531,8779300
2020-07-17,51.001224517822266,54.900001525878906,56.119998931884766,54.7599983215332,56.08000183105469,14344800
2020-07-20,51.465721130371094,55.400001525878906,55.52000045776367,54.689998626708984,54.880001068115234,11469300
2020-07-21,51.939491271972656,55.90999984741211,56.34000015258789,55.58000183105469,55.79999923706055,11875100
2020-07-22,52.03238296508789,56.0099983215332,56.18000030517578,55.70000076293945,55.70000076293945,13842400
2020-07-23,51.80014419555664,55.7599983215332,56.36000061035156,55.599998474121094,56.0,12576000
2020-07-24,51.697959899902344,55.650001525878906,56.040000915527344,55.2599983215332,55.470001220703125,8939700
2020-07-27,51.40998077392578,55.34000015258789,55.95000076293945,55.31999969482422,55.65999984741211,10319600
2020-07-28,51.41926574707031,55.349998474121094,55.7400016784668,55.20000076293945,55.25,13030100
2020-07-29,51.744407653808594,55.70000076293945,55.900001525878906,55.349998474121094,55.560001373291016,7242700
2020-07-30,51.32636642456055,55.25,55.47999954223633,54.88999938964844,55.0,7633200
2020-07-31,51.51216506958008,55.45000076293945,55.470001220703125,54.33000183105469,55.0,9355800
2020-08-03,52.004520416259766,55.97999954223633,56.09000015258789,55.4900016784668,55.779998779296875,9164900
2020-08-04,52.023101806640625,56.0,56.0099983215332,55.529998779296875,55.779998779296875,6364300
2020-08-05,51.55861282348633,55.5,56.31999969482422,55.380001068115234,56.31999969482422,6629000
2020-08-06,51.35422897338867,55.279998779296875,55.599998474121094,54.939998626708984,55.4900016784668,8169600
2020-08-07,51.30778884887695,55.22999954223633,55.2400016784668,54.7599983215332,55.0099983215332,8772300
2020-08-10,51.03837966918945,54.939998626708984,55.619998931884766,54.880001068115234,55.2400016784668,10046900
2020-08-11,50.41595458984375,54.27000045776367,55.459999084472656,54.13999938964844,55.2400016784668,8075100
2020-08-12,50.32305908203125,54.16999816894531,54.70000076293945,53.970001220703125,54.52000045776367,9068200
2020-08-13,50.183719635009766,54.02000045776367,54.20000076293945,53.68000030517578,53.90999984741211,8260300
2020-08-14,50.35093307495117,54.20000076293945,54.560001373291016,53.77000045776367,54.029998779296875,5454400
2020-08-17,50.155845642089844,53.9900016784668,54.38999938964844,53.65999984741211,54.20000076293945,9523700
2020-08-18,51.261329650878906,55.18000030517578,56.93000030517578,54.869998931884766,55.619998931884766,21102600
2020-08-19,52.208900451660156,56.20000076293945,56.79999923706055,55.459999084472656,55.58000183105469,16751500
2020-08-20,51.33564758300781,55.2599983215332,55.810001373291016,55.09000015258789,55.59000015258789,10974800
2020-08-21,51.27062225341797,55.189998626708984,55.45000076293945,54.72999954223633,55.380001068115234,9552000
2020-08-24,52.03238296508789,56.0099983215332,56.11000061035156,55.439998626708984,55.7599983215332,7892100
2020-08-25,52.106719970703125,56.09000015258789,56.75,56.02000045776367,56.150001525878906,7427000
2020-08-26,53.407291412353516,57.4900016784668,57.4900016784668,56.060001373291016,56.34000015258789,11597600
2020-08-27,53.11930847167969,57.18000030517578,58.45000076293945,56.58000183105469,57.45000076293945,15834700
2020-08-28,53.76959228515625,57.880001068115234,58.15999984741211,57.209999084472656,57.33000183105469,8613800
2020-08-31,53.156455993652344,57.220001220703125,57.7599983215332,57.040000915527344,57.130001068115234,18683500
2020-09-01,53.56521987915039,57.65999984741211,58.0099983215332,57.08000183105469,57.369998931884766,10169500
2020-09-02,54.837921142578125,59.029998779296875,59.31999969482422,57.720001220703125,57.720001220703125,14342800
2020-09-03,53.044979095458984,57.099998474121094,58.9900016784668,56.650001525878906,58.720001220703125,15387400
2020-09-04,51.77227783203125,55.72999954223633,57.27000045776367,55.15999984741211,56.880001068115234,14697200
2020-09-08,51.391395568847656,55.31999969482422,55.790000915527344,54.869998931884766,55.349998474121094,16472800
2020-09-09,52.905643463134766,56.95000076293945,57.400001525878906,55.86000061035156,56.15999984741211,13993200
2020-09-10,53.2586555480957,57.33000183105469,58.18000030517578,56.75,57.439998626708984,20500900
2020-09-11,52.952083587646484,57.0,61.86000061035156,56.869998931884766,60.709999084472656,40220600
2020-09-14,55.23738098144531,59.459999084472656,61.5,59.349998474121094,60.86000061035156,50107400
2020-09-15,56.61228942871094,60.939998626708984,61.68000030517578,59.38999938964844,60.0099983215332,30385600
2020-09-16,56.138511657714844,60.43000030517578,61.38999938964844,59.650001525878906,61.119998931884766,21223300
2020-09-17,55.906246185302734,60.18000030517578,60.61000061035156,59.0,59.41999816894531,22831200
2020-09-18,55.50678634643555,59.75,60.290000915527344,59.43000030517578,59.97999954223633,49311700
2020-09-21,56.50080490112305,60.81999969482422,62.599998474121094,60.029998779296875,62.459999084472656,32560400
2020-09-22,56.31501388549805,60.619998931884766,60.75,59.459999084472656,60.380001068115234,13306000
2020-09-23,54.77288055419922,58.959999084472656,60.4900016784668,58.900001525878906,60.11000061035156,15513500
2020-09-24,55.0887451171875,59.29999923706055,59.900001525878906,58.290000915527344,58.7400016784668,9560500
2020-09-25,55.553245544433594,59.79999923706055,59.9900016784668,58.959999084472656,59.27000045776367,9371900
2020-09-28,55.34886932373047,59.58000183105469,60.540000915527344,59.470001220703125,60.029998779296875,9356300
2020-09-29,55.24668884277344,59.470001220703125,60.15999984741211,59.400001525878906,59.58000183105469,6340600
2020-09-30,55.460350036621094,59.70000076293945,60.38999938964844,59.369998931884766,59.52000045776367,11001500
2020-10-01,55.4417610168457,59.68000030517578,60.27000045776367,59.45000076293945,60.16999816894531,7357700
2020-10-02,54.652130126953125,58.83000183105469,59.52000045776367,58.5099983215332,58.709999084472656,7329800
2020-10-05,55.330284118652344,59.560001373291016,59.66999816894531,59.09000015258789,59.439998626708984,6899200
2020-10-06,55.28384017944336,59.5099983215332,60.529998779296875,59.40999984741211,59.5099983215332,9743600
2020-10-07,56.51506042480469,60.59000015258789,60.900001525878906,59.63999938964844,59.77000045776367,8690900
2020-10-08,56.79487991333008,60.88999938964844,61.29999923706055,60.630001068115234,60.790000915527344,7202800
2020-10-09,57.03739547729492,61.150001525878906,61.380001068115234,60.86000061035156,61.150001525878906,7355700
2020-10-12,57.32654571533203,61.459999084472656,61.83000183105469,61.06999969482422,61.2400016784668,8275000
2020-10-13,56.869503021240234,60.970001220703125,61.779998779296875,60.880001068115234,61.56999969482422,8896300
2020-10-14,56.86017608642578,60.959999084472656,61.529998779296875,60.849998474121094,61.349998474121094,6651100
2020-10-15,56.44976806640625,60.52000045776367,60.7400016784668,60.08000183105469,60.27000045776367,6251600
2020-10-16,56.235233306884766,60.290000915527344,61.11000061035156,60.2599983215332,60.709999084472656,6070800
2020-10-19,55.61029815673828,59.619998931884766,60.75,59.38999938964844,60.38999938964844,8311000
2020-10-20,55.73154830932617,59.75,60.33000183105469,59.630001068115234,59.91999816894531,9241200
2020-10-21,55.65692901611328,59.66999816894531,60.119998931884766,59.220001220703125,59.34000015258789,10114900
2020-10-22,55.67558288574219,59.689998626708984,59.869998931884766,58.689998626708984,59.439998626708984,11900600
2020-10-23,55.87147521972656,59.900001525878906,60.15999984741211,59.709999084472656,59.900001525878906,9739300
2020-10-26,53.62355041503906,57.4900016784668,58.47999954223633,56.529998779296875,58.099998474121094,18876900
2020-10-27,53.241119384765625,57.08000183105469,57.97999954223633,57.02000045776367,57.63999938964844,10806500
2020-10-28,51.8513298034668,55.59000015258789,56.599998474121094,55.529998779296875,56.27000045776367,13910600
2020-10-29,52.25240707397461,56.02000045776367,56.7599983215332,55.13999938964844,55.20000076293945,13573700
2020-10-30,52.33635711669922,56.11000061035156,56.63999938964844,55.45000076293945,55.75,12602300
2020-11-02,52.65350341796875,56.45000076293945,57.470001220703125,56.119998931884766,56.439998626708984,11413200
2020-11-03,52.979942321777344,56.79999923706055,57.5,56.56999969482422,57.0,8911200
2020-11-04,52.69080352783203,56.4900016784668,58.09000015258789,56.349998474121094,58.0,12054900
2020-11-05,52.849365234375,56.65999984741211,57.650001525878906,56.41999816894531,57.459999084472656,9017100
2020-11-06,52.979942321777344,56.79999923706055,56.97999954223633,56.150001525878906,56.77000045776367,7510400
2020-11-09,53.01726150512695,56.84000015258789,59.08000183105469,56.77000045776367,58.189998626708984,11486600
2020-11-10,52.85869216918945,56.66999816894531,57.2400016784668,56.20000076293945,56.90999984741211,9015900
2020-11-11,53.353050231933594,57.20000076293945,57.630001068115234,56.79999923706055,57.060001373291016,7724400
2020-11-12,52.65350341796875,56.45000076293945,57.4900016784668,56.099998474121094,57.2599983215332,7324000
2020-11-13,53.08255386352539,56.90999984741211,57.09000015258789,56.54999923706055,56.880001068115234,5870300
2020-11-16,53.306419372558594,57.150001525878906,57.61000061035156,56.880001068115234,57.02000045776367,6309200
2020-11-17,53.2784309387207,57.119998931884766,57.38999938964844,56.810001373291016,57.0,5569700
2020-11-18,52.46694564819336,56.25,57.290000915527344,56.2400016784668,57.119998931884766,8998800
2020-11-19,52.65350341796875,56.45000076293945,56.47999954223633,55.560001373291016,56.09000015258789,9643100
2020-11-20,51.95393371582031,55.70000076293945,56.439998626708984,55.68000030517578,56.36000061035156,8395800
2020-11-23,52.30838394165039,56.08000183105469,56.56999969482422,55.77000045776367,55.849998474121094,8235900
2020-11-24,53.69816970825195,57.56999969482422,57.900001525878906,56.36000061035156,56.599998474121094,10427200
2020-11-25,53.548927307128906,57.40999984741211,57.7599983215332,57.2599983215332,57.720001220703125,6848900
2020-11-27,53.87538528442383,57.7599983215332,57.869998931884766,57.150001525878906,57.400001525878906,5627000
2020-11-30,53.83808135986328,57.720001220703125,58.20000076293945,57.20000076293945,57.61000061035156,26676900
2020-12-01,54.78948211669922,58.7400016784668,59.279998779296875,58.0099983215332,58.20000076293945,11855300
2020-12-02,55.10661315917969,59.08000183105469,59.27000045776367,58.13999938964844,58.290000915527344,9330400
2020-12-03,55.28383255004883,59.27000045776367,59.97999954223633,59.060001373291016,59.220001220703125,9783900
2020-12-04,55.92742919921875,59.959999084472656,60.54999923706055,59.27000045776367,59.310001373291016,10872700
2020-12-07,55.778194427490234,59.79999923706055,60.20000076293945,59.630001068115234,59.959999084472656,14922900
2020-12-08,55.059974670410156,59.029998779296875,59.709999084472656,58.220001220703125,58.9900016784668,15237800
2020-12-09,55.712890625,59.72999954223633,59.90999984741211,58.79999923706055,58.88999938964844,12204100
2020-12-10,55.479705810546875,59.47999954223633,59.810001373291016,59.040000915527344,59.5099983215332,14219900
2020-12-11,56.533714294433594,60.61000061035156,61.0,59.41999816894531,60.939998626708984,16209900
2020-12-14,56.673622131347656,60.7599983215332,61.65999984741211,60.689998626708984,60.83000183105469,16193600
2020-12-15,57.699649810791016,61.86000061035156,62.189998626708984,60.900001525878906,61.09000015258789,15506700
2020-12-16,58.55776596069336,62.779998779296875,63.189998626708984,61.849998474121094,61.869998931884766,16119900
2020-12-17,59.331947326660156,63.61000061035156,64.05000305175781,62.72999954223633,62.9900016784668,15320500
2020-12-18,60.684425354003906,65.05999755859375,65.33000183105469,63.43000030517578,63.47999954223633,33728700
2020-12-21,60.14344787597656,64.4800033569336,65.19000244140625,63.880001068115234,63.88999938964844,18210200
2020-12-22,60.768367767333984,65.1500015258789,66.0,64.43000030517578,64.55999755859375,17136000
2020-12-23,60.908294677734375,65.30000305175781,66.19999694824219,65.1500015258789,65.26000213623047,13075200
2020-12-24,60.591156005859375,64.95999908447266,65.58999633789062,64.77999877929688,65.05000305175781,3796500
2020-12-28,60.507205963134766,64.87000274658203,65.69000244140625,64.75,65.41000366210938,6463500
2020-12-29,60.12479019165039,64.45999908447266,65.2699966430664,64.22000122070312,65.25,7770200
2020-12-30,60.068824768066406,64.4000015258789,64.91000366210938,64.3499984741211,64.80000305175781,6192000
2020-12-31,60.339324951171875,64.69000244140625,64.7699966430664,64.01000213623047,64.33999633789062,6928600
2021-01-04,59.4625358581543,63.75,64.69999694824219,63.16999816894531,64.69000244140625,11249900
2021-01-05,58.72566223144531,62.959999084472656,63.790000915527344,62.47999954223633,63.68000030517578,11005700
2021-01-06,58.5852165222168,62.56999969482422,63.349998474121094,61.90999984741211,62.27000045776367,8685400
2021-01-07,59.05338668823242,63.06999969482422,63.7400016784668,62.849998474121094,62.849998474121094,7382800
2021-01-08,59.34364318847656,63.380001068115234,63.540000915527344,62.90999984741211,63.18000030517578,7751700
2021-01-11,59.01592254638672,63.029998779296875,63.56999969482422,62.84000015258789,62.95000076293945,6284700
2021-01-12,58.44477081298828,62.41999816894531,63.02000045776367,62.18000030517578,63.0,7758200
2021-01-13,58.10770034790039,62.060001373291016,62.59000015258789,61.970001220703125,62.31999969482422,8298000
2021-01-14,57.67699432373047,61.599998474121094,62.16999816894531,61.5099983215332,62.06999969482422,10258600
2021-01-15,57.84553146362305,61.779998779296875,62.0,61.209999084472656,61.599998474121094,7532600
2021-01-19,57.38673400878906,61.290000915527344,62.290000915527344,61.099998474121094,62.099998474121094,8903400
2021-01-20,57.63953399658203,61.560001373291016,62.029998779296875,61.150001525878906,61.369998931884766,7025000
2021-01-21,57.311832427978516,61.209999084472656,61.849998474121094,60.91999816894531,61.650001525878906,6943600
2021-01-22,56.51595687866211,60.36000061035156,61.150001525878906,59.7400016784668,60.939998626708984,9896700
2021-01-25,57.02157974243164,60.900001525878906,60.95000076293945,59.77000045776367,60.380001068115234,8524700
2021-01-26,57.864253997802734,61.79999923706055,62.040000915527344,60.84000015258789,61.060001373291016,8186500
2021-01-27,58.566490173339844,62.54999923706055,63.18000030517578,61.369998931884766,61.400001525878906,14789000
2021-01-28,57.321197509765625,61.220001220703125,63.2400016784668,61.16999816894531,62.54999923706055,11166400
2021-01-29,56.581504821777344,60.43000030517578,61.5,60.209999084472656,61.15999984741211,11451800
2021-02-01,57.59272384643555,61.5099983215332,62.0099983215332,60.7400016784668,60.91999816894531,10553500
2021-02-02,58.39795684814453,62.369998931884766,62.91999816894531,61.79999923706055,61.880001068115234,10528000
2021-02-03,58.210693359375,62.16999816894531,62.75,61.97999954223633,62.18000030517578,9933500
2021-02-04,59.31553649902344,63.349998474121094,63.38999938964844,62.25,62.47999954223633,9928700
2021-02-05,59.54962158203125,63.599998474121094,64.06999969482422,63.279998779296875,63.5,9170200
2021-02-08,59.0908317565918,63.11000061035156,63.869998931884766,62.84000015258789,63.790000915527344,7003400
2021-02-09,59.61516571044922,63.66999816894531,63.849998474121094,62.90999984741211,63.08000183105469,5437400
2021-02-10,59.24064636230469,63.27000045776367,63.900001525878906,62.93000030517578,63.84000015258789,9577500
2021-02-11,58.706939697265625,62.70000076293945,63.970001220703125,62.279998779296875,63.560001373291016,7690800
2021-02-12,59.06273651123047,63.08000183105469,63.119998931884766,62.310001373291016,62.31999969482422,6663400
2021-02-16,58.18260192871094,62.13999938964844,63.2599983215332,62.099998474121094,63.11000061035156,7526000
2021-02-17,58.13579559326172,62.09000015258789,62.150001525878906,61.36000061035156,61.83000183105469,6244500
2021-02-18,58.117061614990234,62.06999969482422,62.209999084472656,61.65999984741211,61.810001373291016,6262400
2021-02-19,57.23693084716797,61.130001068115234,62.36000061035156,61.08000183105469,62.2599983215332,10905100
2021-02-22,60.34548568725586,64.44999694824219,64.97000122070312,62.279998779296875,62.849998474121094,20940300
2021-02-23,60.39230728149414,64.5,65.22000122070312,64.05000305175781,64.41999816894531,18175400
2021-02-24,60.57956314086914,64.69999694824219,65.1500015258789,64.08000183105469,64.48999786376953,10609300
2021-02-25,61.1413688659668,65.30000305175781,66.36000061035156,64.58000183105469,64.63999938964844,15356100
2021-02-26,60.40167999267578,64.51000213623047,66.27999877929688,64.5,65.54000091552734,20512600
2021-03-01,61.95595932006836,66.16999816894531,66.7300033569336,64.7699966430664,64.94999694824219,11758900
2021-03-02,62.41475296020508,66.66000366210938,67.41999816894531,66.0,66.1500015258789,13282000
2021-03-03,62.648826599121094,66.91000366210938,67.54000091552734,66.19999694824219,66.25,15827600
2021-03-04,61.4316291809082,65.61000061035156,67.30999755859375,65.30999755859375,66.68000030517578,19951100
2021-03-05,65.5139389038086,69.97000122070312,71.72000122070312,67.30999755859375,67.30999755859375,34211500
2021-03-08,67.56448364257812,72.16000366210938,72.94000244140625,70.0999984741211,70.47000122070312,23300500
2021-03-09,68.013916015625,72.63999938964844,73.22000122070312,72.0,72.4000015258789,17296400
2021-03-10,67.52702331542969,72.12000274658203,73.62000274658203,71.5,73.5,21378600
2021-03-11,63.11699295043945,67.41000366210938,68.0999984741211,65.43000030517578,67.6500015258789,38095400
2021-03-12,62.88290023803711,67.16000366210938,67.87000274658203,66.44999694824219,66.95999908447266,11606300
2021-03-15,63.416595458984375,67.7300033569336,67.77999877929688,66.9000015258789,66.94999694824219,8919600
2021-03-16,62.59264373779297,66.8499984741211,68.06999969482422,66.68000030517578,68.0,14512500
2021-03-17,62.00276565551758,66.22000122070312,66.8499984741211,66.16000366210938,66.80000305175781,11892400
2021-03-18,62.48964309692383,66.73999786376953,67.01000213623047,66.08999633789062,66.47000122070312,13750300
2021-03-19,62.04022979736328,66.26000213623047,66.83000183105469,65.95999908447266,66.79000091552734,30963600
2021-03-22,62.09640121459961,66.31999969482422,66.5199966430664,65.86000061035156,66.22000122070312,10263700
2021-03-23,62.985897064208984,67.2699966430664,67.94000244140625,66.33000183105469,66.33000183105469,12390100
2021-03-24,62.57392120361328,66.83000183105469,67.41000366210938,66.73999786376953,67.11000061035156,11391100
2021-03-25,64.25926971435547,68.62999725341797,68.7300033569336,66.76000213623047,66.95999908447266,14844700
2021-03-26,65.77610778808594,70.25,70.37000274658203,68.27999877929688,68.56999969482422,12617000
2021-03-29,66.60008239746094,71.12999725341797,72.33000183105469,70.16999816894531,70.20999908447266,15183700
2021-03-30,66.05703735351562,70.55000305175781,71.05000305175781,69.94999694824219,70.83000183105469,12000200
2021-03-31,65.7011947631836,70.16999816894531,71.0999984741211,69.91000366210938,70.69999694824219,9971700
2021-04-01,67.23676300048828,71.80999755859375,71.83000183105469,70.33000183105469,70.45999908447266,13228700
2021-04-05,69.43709564208984,74.16000366210938,74.9000015258789,72.05999755859375,72.19000244140625,25010200
2021-04-06,69.54946899414062,74.27999877929688,74.6500015258789,73.16000366210938,73.62000274658203,14699800
2021-04-07,69.65289306640625,74.06999969482422,74.18000030517578,73.44999694824219,73.5999984741211,12356800
2021-04-08,70.79075622558594,75.27999877929688,75.52999877929688,74.1500015258789,74.2699966430664,13507700
2021-04-09,71.07288360595703,75.58000183105469,75.69000244140625,74.9000015258789,75.3499984741211,13285700
2021-04-12,71.58068084716797,76.12000274658203,76.19000244140625,75.19999694824219,75.25,10634900
2021-04-13,72.09784698486328,76.66999816894531,77.01000213623047,75.9000015258789,76.16000366210938,13142400
2021-04-14,72.23890686035156,76.81999969482422,77.36000061035156,76.51000213623047,77.04000091552734,12730700
2021-04-15,73.62126159667969,78.29000091552734,78.55000305175781,76.83000183105469,77.0,13604200
2021-04-16,74.24189758300781,78.94999694824219,79.33999633789062,77.86000061035156,78.30999755859375,13334100
2021-04-19,74.05382537841797,78.75,80.20999908447266,78.33999633789062,78.80999755859375,19967200
2021-04-20,74.51459503173828,79.23999786376953,79.41999816894531,78.6500015258789,78.69999694824219,12562300
2021-04-21,72.08846282958984,76.66000366210938,79.33999633789062,76.52999877929688,78.79000091552734,18672800
2021-04-22,70.40519714355469,74.87000274658203,76.4800033569336,74.75,76.11000061035156,16769300
2021-04-23,70.49922180175781,74.97000122070312,75.0,73.8499984741211,74.29000091552734,10664700
2021-04-26,70.0572738647461,74.5,75.04000091552734,74.19999694824219,74.97000122070312,9402200
2021-04-27,70.73433685302734,75.22000122070312,75.43000030517578,74.22000122070312,74.38999938964844,9300200
2021-04-28,70.3111572265625,74.7699966430664,75.2699966430664,74.66000366210938,75.16000366210938,6107800
2021-04-29,71.3455810546875,75.87000274658203,75.9000015258789,74.63999938964844,75.37999725341797,7940400
2021-04-30,71.27033233642578,75.79000091552734,75.91999816894531,75.19000244140625,75.55999755859375,7825300
2021-05-03,72.71849060058594,77.33000183105469,77.4800033569336,76.08000183105469,76.27999877929688,15319600
2021-05-04,73.84693908691406,78.52999877929688,78.69999694824219,76.93000030517578,77.06999969482422,15316500
2021-05-05,74.46757507324219,79.19000244140625,79.83000183105469,78.41999816894531,78.97000122070312,12271900
2021-05-06,74.98478698730469,79.73999786376953,79.95999908447266,78.55999755859375,79.18000030517578,14089700
2021-05-07,75.60543060302734,80.4000015258789,80.54000091552734,78.58000183105469,79.80999755859375,14073400
2021-05-10,75.3703384399414,80.1500015258789,80.72000122070312,78.5999984741211,78.7699966430664,17356700
2021-05-11,73.0570297241211,77.69000244140625,79.9000015258789,77.25,79.75,12980400
2021-05-12,72.17308044433594,76.75,78.19000244140625,76.52999877929688,77.56999969482422,12302600
2021-05-13,73.4802017211914,78.13999938964844,78.44000244140625,76.87999725341797,77.52999877929688,11399300
2021-05-14,74.18547821044922,78.88999938964844,79.05000305175781,78.12000274658203,78.12000274658203,9033400
2021-05-17,74.3641357421875,79.08000183105469,79.52999877929688,78.8499984741211,78.87999725341797,6637900
2021-05-18,73.99739074707031,78.69000244140625,79.47000122070312,78.38999938964844,78.98999786376953,6643100
2021-05-19,74.04441833496094,78.73999786376953,78.7699966430664,77.55000305175781,77.80999755859375,8165000
2021-05-20,74.02561950683594,78.72000122070312,79.31999969482422,78.68000030517578,78.94999694824219,8802700
2021-05-21,74.31712341308594,79.02999877929688,79.8499984741211,78.9800033569336,79.19000244140625,8629000
2021-05-24,74.6462631225586,79.37999725341797,79.87999725341797,79.13999938964844,79.48999786376953,7044700
2021-05-25,74.1290512084961,78.83000183105469,79.68000030517578,78.6500015258789,79.61000061035156,7160600
2021-05-26,74.53339385986328,79.26000213623047,79.37000274658203,78.55000305175781,78.58999633789062,12851100
2021-05-27,74.27011108398438,78.9800033569336,80.05000305175781,78.83999633789062,79.5,12867800
2021-05-28,74.04441833496094,78.73999786376953,79.36000061035156,78.66999816894531,78.94999694824219,6929700
2021-06-01,74.82492065429688,79.56999969482422,79.83000183105469,78.4800033569336,79.58000183105469,10485300
2021-06-02,75.48318481445312,80.2699966430664,80.93000030517578,79.51000213623047,79.69999694824219,12249300
2021-06-03,76.25426483154297,81.08999633789062,81.45999908447266,79.6500015258789,79.80000305175781,12038700
2021-06-04,77.94694519042969,82.88999938964844,83.95999908447266,81.37000274658203,81.41999816894531,14502900
2021-06-07,78.93431091308594,83.94000244140625,84.25,82.8499984741211,82.94000244140625,10445600
2021-06-08,79.56436157226562,84.61000061035156,85.02999877929688,84.0,84.02999877929688,10726800
2021-06-09,79.47974395751953,84.5199966430664,84.83000183105469,84.02999877929688,84.5999984741211,9720300
2021-06-10,77.39210510253906,82.30000305175781,84.45999908447266,81.70999908447266,84.16000366210938,16680800
2021-06-11,77.9563217163086,82.9000015258789,83.23999786376953,81.83999633789062,81.9800033569336,11066500
2021-06-14,77.69303894042969,82.62000274658203,83.0999984741211,82.12999725341797,83.0,10173200
2021-06-15,76.77146911621094,81.63999938964844,82.51000213623047,81.3499984741211,82.0,17298000
2021-06-16,72.4834213256836,77.08000183105469,78.55000305175781,75.9000015258789,77.98999786376953,36560600
2021-06-17,72.9347915649414,77.55999755859375,77.73999786376953,76.55999755859375,76.98999786376953,14836100
2021-06-18,71.68409729003906,76.2300033569336,76.91000366210938,75.97000122070312,76.9000015258789,22521200
2021-06-21,73.33915710449219,77.98999786376953,78.0999984741211,76.55000305175781,76.61000061035156,8924300
2021-06-22,73.98800659179688,78.68000030517578,79.19000244140625,77.66000366210938,78.05999755859375,9845800
2021-06-23,73.44256591796875,78.0999984741211,78.87000274658203,78.05999755859375,78.76000213623047,7295900
2021-06-24,73.10406494140625,77.73999786376953,78.95999908447266,77.61000061035156,78.6500015258789,9624000
2021-06-25,73.78112030029297,78.45999908447266,78.61000061035156,77.55999755859375,78.02999877929688,12845000
2021-06-28,73.8187255859375,78.5,78.97000122070312,78.33000183105469,78.48999786376953,5605400
2021-06-29,73.44256591796875,78.0999984741211,78.58999633789062,77.81999969482422,78.54000091552734,5392900
2021-06-30,73.19808197021484,77.83999633789062,78.20999908447266,77.58000183105469,77.58999633789062,7899800
2021-07-01,74.79669952392578,79.54000091552734,79.62000274658203,77.91000366210938,77.9800033569336,13108000
2021-07-02,76.94073486328125,81.81999969482422,82.26000213623047,79.3499984741211,79.44999694824219,15258100
2021-07-06,78.1256103515625,83.08000183105469,83.62999725341797,81.36000061035156,81.5999984741211,14200400
2021-07-07,80.95610809326172,86.08999633789062,87.16999816894531,82.95999908447266,83.16999816894531,20976600
2021-07-08,80.48593139648438,85.58999633789062,86.88999938964844,84.66000366210938,85.0199966430664,16383300
2021-07-09,82.52650451660156,87.76000213623047,88.4000015258789,85.77999877929688,85.87999725341797,15685300
2021-07-12,81.88706970214844,87.08000183105469,88.8499984741211,86.97000122070312,87.52999877929688,16076800
2021-07-13,81.8776626586914,87.06999969482422,87.93000030517578,86.52999877929688,86.69999694824219,12789300
2021-07-14,83.32173919677734,88.27999877929688,88.66999816894531,86.66000366210938,87.08000183105469,13330500
2021-07-15,81.39630889892578,86.23999786376953,88.7699966430664,85.51000213623047,88.0999984741211,18306300
2021-07-16,82.57610321044922,87.48999786376953,88.4800033569336,86.5199966430664,86.75,14617500
2021-07-19,82.0947494506836,86.9800033569336,87.87000274658203,86.19000244140625,86.91000366210938,15619900
2021-07-20,83.68038177490234,88.66000366210938,89.05000305175781,87.0199966430664,87.0999984741211,12813900
2021-07-21,84.65254974365234,89.69000244140625,90.25,88.45999908447266,88.88999938964844,13108100
2021-07-22,85.59638214111328,90.69000244140625,91.13999938964844,89.68000030517578,90.0,13638900
2021-07-23,82.76488494873047,87.69000244140625,91.19999694824219,87.12000274658203,90.98999786376953,12680900
2021-07-26,82.92533111572266,87.86000061035156,88.0999984741211,86.66999816894531,87.44000244140625,10454100
2021-07-27,82.86869049072266,87.80000305175781,88.5999984741211,87.12000274658203,87.76000213623047,8465200
2021-07-28,82.28350830078125,87.18000030517578,87.94999694824219,87.12000274658203,87.9000015258789,6396800
2021-07-29,82.70823669433594,87.62999725341797,88.26000213623047,87.33000183105469,87.68000030517578,6201400
2021-07-30,82.24576568603516,87.13999938964844,88.1500015258789,86.87000274658203,87.41000366210938,7962800
2021-08-02,82.679931640625,87.5999984741211,87.93000030517578,87.08999633789062,87.7300033569336,5579100
2021-08-03,84.6997299194336,89.73999786376953,90.16999816894531,87.80999755859375,87.87999725341797,9889800
2021-08-04,84.9923324584961,90.05000305175781,90.08999633789062,89.27999877929688,89.79000091552734,7509900
2021-08-05,84.40714263916016,89.43000030517578,90.5199966430664,88.76000213623047,90.18000030517578,8231300
2021-08-06,84.49208068847656,89.5199966430664,89.87999725341797,88.81999969482422,89.23999786376953,6513900
2021-08-09,84.85076141357422,89.9000015258789,90.47000122070312,89.0999984741211,89.45999908447266,5798700
2021-08-10,84.60536193847656,89.63999938964844,90.12000274658203,88.93000030517578,89.0999984741211,5473300
2021-08-11,84.59590148925781,89.62999725341797,90.41999816894531,89.51000213623047,89.9000015258789,8009800
2021-08-12,84.76580047607422,89.80999755859375,89.9800033569336,88.66999816894531,89.11000061035156,5687200
2021-08-13,85.30377960205078,90.37999725341797,91.33999633789062,89.94999694824219,90.62000274658203,6640400
2021-08-16,85.71907806396484,90.81999969482422,90.83999633789062,89.54000091552734,89.86000061035156,7122800
2021-08-17,85.84176635742188,90.94999694824219,91.77999877929688,90.37000274658203,90.98999786376953,6738500
2021-08-18,83.94468688964844,88.94000244140625,91.05000305175781,88.86000061035156,90.48999786376953,7666300
2021-08-19,83.72759246826172,88.70999908447266,89.38999938964844,88.2300033569336,88.29000091552734,8099400
2021-08-20,83.94468688964844,88.94000244140625,89.4000015258789,88.30000305175781,88.80000305175781,8716400
2021-08-23,84.11455535888672,89.12000274658203,89.56999969482422,88.70999908447266,89.48999786376953,7147300
2021-08-24,83.57658386230469,88.55000305175781,89.6500015258789,88.47000122070312,89.20999908447266,6320100
2021-08-25,83.64263916015625,88.62000274658203,88.9000015258789,88.05000305175781,88.55000305175781,5748500
2021-08-26,83.73703002929688,88.72000122070312,89.18000030517578,88.45999908447266,88.80999755859375,9093200
2021-08-27,84.33163452148438,89.3499984741211,89.5199966430664,88.61000061035156,88.79000091552734,5426800
2021-08-30,84.42601013183594,89.44999694824219,89.9800033569336,89.30000305175781,89.45999908447266,5357000
2021-08-31,84.12398529052734,89.12999725341797,89.5,88.48999786376953,89.44999694824219,8113300
2021-09-01,84.89793395996094,89.94999694824219,90.16999816894531,88.87000274658203,89.26000213623047,8208000
2021-09-02,84.75637817382812,89.80000305175781,90.5,89.41000366210938,90.16999816894531,7717400
2021-09-03,84.94512939453125,90.0,90.4800033569336,89.30000305175781,89.33999633789062,8456900
2021-09-07,83.73703002929688,88.72000122070312,90.66999816894531,88.54000091552734,90.04000091552734,11046000
2021-09-08,84.44490051269531,89.47000122070312,89.5999984741211,87.97000122070312,88.13999938964844,8851200
2021-09-09,84.5109634399414,89.54000091552734,90.83000183105469,89.41000366210938,89.5999984741211,11034700
2021-09-10,84.64310455322266,89.68000030517578,90.55000305175781,89.51000213623047,89.6500015258789,10547400
2021-09-13,83.89747619628906,88.88999938964844,90.51000213623047,88.2300033569336,90.12000274658203,18883400
2021-09-14,81.53788757324219,86.38999938964844,86.94999694824219,84.7300033569336,86.19000244140625,22714200
2021-09-15,82.80262756347656,87.7300033569336,88.36000061035156,86.16999816894531,86.55000305175781,14951100
2021-09-16,82.34957122802734,87.25,87.97000122070312,86.19000244140625,87.66999816894531,12410500
2021-09-17,81.53788757324219,86.38999938964844,87.56999969482422,85.94999694824219,86.20999908447266,58069000
2021-09-20,81.33025360107422,86.16999816894531,87.41000366210938,84.93000030517578,85.02999877929688,13897700
2021-09-21,82.03811645507812,86.91999816894531,87.66000366210938,86.12000274658203,86.73999786376953,11124400
2021-09-22,83.47274017333984,88.44000244140625,89.0,87.23999786376953,87.62000274658203,9908000
2021-09-23,84.397705078125,89.41999816894531,90.05999755859375,88.66000366210938,88.94000244140625,9720200
2021-09-24,84.88850402832031,89.94000244140625,90.05999755859375,88.94000244140625,89.2699966430664,7617800
2021-09-27,85.92671203613281,91.04000091552734,91.30999755859375,89.1500015258789,89.77999877929688,11533000
2021-09-28,85.4076156616211,90.48999786376953,92.2699966430664,90.05000305175781,90.63999938964844,15041800
2021-09-29,86.12492370605469,91.25,92.08000183105469,91.0,91.1500015258789,12007300
2021-09-30,82.23632049560547,87.12999725341797,91.58000183105469,87.12000274658203,91.25,15649900
2021-10-01,84.6997299194336,89.73999786376953,90.2699966430664,87.5999984741211,87.76000213623047,13320900
2021-10-04,84.2466812133789,89.26000213623047,90.43000030517578,88.95999908447266,89.4800033569336,10853900
2021-10-05,86.35145568847656,91.48999786376953,91.97000122070312,89.16999816894531,89.3499984741211,9788600
2021-10-06,86.20986938476562,91.33999633789062,91.5,89.6500015258789,90.41999816894531,10268300
2021-10-07,87.12538146972656,92.30999755859375,92.87999725341797,91.6500015258789,91.70999908447266,9124400
2021-10-08,89.39846801757812,94.38999938964844,95.0199966430664,92.11000061035156,92.37999725341797,13202300
2021-10-11,90.25088500976562,95.29000091552734,96.80000305175781,94.19999694824219,94.29000091552734,12959300
2021-10-12,90.51606750488281,95.56999969482422,96.5199966430664,95.26000213623047,95.83000183105469,9964100
2021-10-13,91.30217742919922,96.4000015258789,96.98999786376953,95.94999694824219,96.0999984741211,9453900
2021-10-14,90.24140930175781,95.27999877929688,97.3499984741211,94.37000274658203,96.80000305175781,7911200
2021-10-15,90.28875732421875,95.33000183105469,96.04000091552734,94.7300033569336,95.08999633789062,7422800
2021-10-18,91.40636444091797,96.51000213623047,96.6500015258789,95.0999984741211,95.5,7344100
2021-10-19,91.92728424072266,97.05999755859375,97.27999877929688,96.31999969482422,97.0,5616500
2021-10-20,91.52950286865234,96.63999938964844,97.97000122070312,96.25,97.2699966430664,6574100
2021-10-21,91.20745849609375,96.30000305175781,96.83000183105469,95.70999908447266,96.56999969482422,6224400
2021-10-22,93.05435943603516,98.25,98.2699966430664,96.22000122070312,96.29000091552734,6819600
2021-10-25,92.71339416503906,97.88999938964844,98.94999694824219,97.55000305175781,98.44000244140625,5083100
2021-10-26,91.85149383544922,96.9800033569336,98.55999755859375,96.94000244140625,98.30000305175781,7089700
2021-10-27,90.95175170898438,96.02999877929688,97.30000305175781,96.0,96.80999755859375,5941200
2021-10-28,91.14118957519531,96.2300033569336,97.69999694824219,95.93000030517578,96.6500015258789,5177200
2021-10-29,90.86650848388672,95.94000244140625,96.97000122070312,95.45999908447266,95.79000091552734,7578600
2021-11-01,89.38899993896484,94.37999725341797,96.02999877929688,93.91000366210938,96.0,7327600
2021-11-02,90.80023193359375,95.87000274658203,95.91999816894531,93.5,93.7300033569336,6229600
2021-11-03,91.0654067993164,96.1500015258789,96.87000274658203,94.75,96.5,5746400
2021-11-04,90.57289123535156,95.62999725341797,96.61000061035156,95.31999969482422,96.2300033569336,5857500
2021-11-05,89.9288558959961,94.94999694824219,96.55000305175781,94.0999984741211,96.19999694824219,6160200
2021-11-08,90.10881042480469,95.13999938964844,95.25,94.30999755859375,95.25,5056400
2021-11-09,89.58789825439453,94.58999633789062,95.61000061035156,94.05999755859375,95.11000061035156,6102600
2021-11-10,88.86809539794922,93.83000183105469,94.8499984741211,93.36000061035156,94.0999984741211,5828800
2021-11-11,89.06697845458984,94.04000091552734,94.76000213623047,93.80000305175781,94.11000061035156,3620600
2021-11-12,88.59342956542969,93.54000091552734,94.47000122070312,93.43000030517578,94.29000091552734,6435300
2021-11-15,89.04803466796875,94.0199966430664,94.25,92.91999816894531,93.81999969482422,5700900
2021-11-16,90.55397033691406,95.61000061035156,96.37000274658203,94.0199966430664,94.13999938964844,7392900
2021-11-17,90.28875732421875,95.33000183105469,96.13999938964844,94.81999969482422,95.76000213623047,6257600
2021-11-18,89.65421295166016,94.66000366210938,95.33000183105469,93.5,95.1500015258789,5725300
2021-11-19,89.00067901611328,93.97000122070312,96.95999908447266,93.94000244140625,94.80999755859375,8936600
2021-11-22,89.60684967041016,94.61000061035156,95.66999816894531,93.41000366210938,93.7300033569336,6488200
2021-11-23,88.02515411376953,92.94000244140625,94.29000091552734,92.26000213623047,94.16000366210938,8905500
2021-11-24,88.63130950927734,93.58000183105469,93.69999694824219,92.1500015258789,92.2300033569336,10908500
2021-11-26,87.44740295410156,92.33000183105469,94.08000183105469,92.06999969482422,92.88999938964844,4519300
2021-11-29,88.02515411376953,92.94000244140625,94.12999725341797,92.87000274658203,93.16999816894531,9552500
2021-11-30,85.94148254394531,90.73999786376953,93.5199966430664,90.61000061035156,93.0199966430664,23271200
2021-12-01,85.00385284423828,89.75,92.38999938964844,89.66000366210938,91.69000244140625,12084900
2021-12-02,85.23116302490234,89.98999786376953,91.04000091552734,89.0,89.4000015258789,7089800
2021-12-03,83.57368469238281,88.23999786376953,90.79000091552734,87.72000122070312,90.3499984741211,10808600
2021-12-06,84.23670196533203,88.94000244140625,89.16999816894531,87.8499984741211,88.33999633789062,8398500
2021-12-07,85.28799438476562,90.05000305175781,90.7300033569336,89.20999908447266,89.9800033569336,6803700
2021-12-08,84.23670196533203,88.94000244140625,90.16999816894531,87.91000366210938,90.05000305175781,7695800
2021-12-09,84.0756607055664,88.7699966430664,89.98999786376953,88.23999786376953,89.12000274658203,8615800
2021-12-10,97.20272827148438,102.62999725341797,106.33999633789062,100.0999984741211,104.29000091552734,45824600
2021-12-13,95.55474853515625,100.88999938964844,104.36000061035156,100.5199966430664,102.44000244140625,16317600
2021-12-14,94.60763549804688,99.88999938964844,101.45999908447266,99.38999938964844,100.0,9511600
2021-12-15,98.16879272460938,103.6500015258789,103.76000213623047,100.23999786376953,100.58000183105469,14452200
2021-12-16,97.76152801513672,103.22000122070312,104.0,102.27999877929688,103.94999694824219,9053200
2021-12-17,91.51054382324219,96.62000274658203,99.94999694824219,95.80999755859375,97.69000244140625,28872300
2021-12-20,86.79389190673828,91.63999938964844,96.41999816894531,91.5199966430664,96.41999816894531,17205400
2021-12-21,86.67076873779297,91.51000213623047,91.83999633789062,89.70999908447266,91.80999755859375,15823000
2021-12-22,85.1080322265625,89.86000061035156,91.86000061035156,89.51000213623047,91.2699966430664,10539000
2021-12-23,84.97543334960938,89.72000122070312,90.36000061035156,89.05999755859375,90.02999877929688,9655400
2021-12-27,84.80494689941406,89.54000091552734,90.33000183105469,89.0199966430664,89.69999694824219,7666200
2021-12-28,83.96200561523438,88.6500015258789,89.80000305175781,88.5199966430664,89.69999694824219,5610500
2021-12-29,83.5452880859375,88.20999908447266,89.19000244140625,87.72000122070312,88.5,5628500
2021-12-30,83.3558578491211,88.01000213623047,88.91000366210938,87.7699966430664,88.6500015258789,7382400
2021-12-31,82.59815216064453,87.20999908447266,88.0999984741211,87.18000030517578,88.05000305175781,5908200
2022-01-03,83.25167846679688,87.9000015258789,87.94000244140625,85.76000213623047,87.33000183105469,10644400
2022-01-04,84.1419677734375,88.83999633789062,89.58000183105469,87.7300033569336,87.9000015258789,11959000
2022-01-05,81.88782501220703,86.45999908447266,88.5999984741211,86.22000122070312,88.48999786376953,11236700
2022-01-06,82.07796478271484,86.33999633789062,87.41999816894531,85.55000305175781,86.0,7918400
2022-01-07,83.1902084350586,87.51000213623047,88.0,86.27999877929688,86.44999694824219,9836800
2022-01-10,84.87281799316406,89.27999877929688,89.37999725341797,86.94999694824219,87.37999725341797,11025500
2022-01-11,84.11233520507812,88.4800033569336,89.0,87.41000366210938,88.63999938964844,7249800
2022-01-12,83.95069885253906,88.30999755859375,89.5199966430664,87.66999816894531,88.88999938964844,5840300
2022-01-13,83.45638275146484,87.79000091552734,88.91999816894531,87.55000305175781,88.7300033569336,6044300
2022-01-14,83.361328125,87.69000244140625,88.0999984741211,86.66000366210938,87.4800033569336,6054800
2022-01-18,81.32695770263672,85.55000305175781,86.97000122070312,85.33999633789062,86.87000274658203,6824700
2022-01-19,79.26405334472656,83.37999725341797,86.69000244140625,83.2300033569336,85.7699966430664,10501800
2022-01-20,78.63665008544922,82.72000122070312,85.0,82.5199966430664,83.91999816894531,10836900
2022-01-21,78.16133880615234,82.22000122070312,83.38999938964844,82.02999877929688,83.36000061035156,11609000
2022-01-24,78.3514633178711,82.41999816894531,82.41999816894531,79.58999633789062,81.22000122070312,16770400
2022-01-25,77.06809997558594,81.06999969482422,82.0999984741211,80.19999694824219,81.33000183105469,13469900
2022-01-26,75.6611557006836,79.58999633789062,82.02999877929688,79.27999877929688,81.91000366210938,13971300
2022-01-27,75.841796875,79.77999877929688,81.1500015258789,79.19999694824219,80.11000061035156,10331900
2022-01-28,76.50724792480469,80.4800033569336,80.5,78.56999969482422,79.98999786376953,7854700
2022-01-31,77.15367126464844,81.16000366210938,81.63999938964844,80.12000274658203,80.48999786376953,10594200
2022-02-01,77.03958129882812,81.04000091552734,81.4000015258789,79.6500015258789,81.4000015258789,8016900
2022-02-02,78.42750549316406,82.5,82.87999725341797,80.83999633789062,81.16000366210938,9287600
2022-02-03,77.8951644897461,81.94000244140625,82.76000213623047,81.62999725341797,81.62999725341797,8207200
2022-02-04,78.0567626953125,82.11000061035156,82.91000366210938,81.47000122070312,82.02999877929688,5570200
2022-02-07,76.75440216064453,80.73999786376953,82.25,80.66000366210938,82.13999938964844,6292200
2022-02-08,76.80193328857422,80.79000091552734,80.86000061035156,79.80000305175781,80.29000091552734,6585300
2022-02-09,79.33061218261719,83.44999694824219,83.6500015258789,81.6500015258789,81.75,8755900
2022-02-10,77.80960083007812,81.8499984741211,83.77999877929688,81.62000274658203,82.75,6336300
2022-02-11,75.81324768066406,79.75,82.43000030517578,79.52999877929688,81.83999633789062,7670500
2022-02-14,75.05276489257812,78.94999694824219,79.7300033569336,78.44000244140625,79.58000183105469,5389800
2022-02-15,75.83226013183594,79.7699966430664,79.93000030517578,79.20999908447266,79.38999938964844,5712800
2022-02-16,75.2809066772461,79.19000244140625,79.77999877929688,78.22000122070312,79.47000122070312,6227000
2022-02-17,71.80157470703125,75.52999877929688,78.9800033569336,75.33000183105469,78.76000213623047,9247100
2022-02-18,70.88897705078125,74.56999969482422,75.7300033569336,74.27999877929688,75.5,7790100
2022-02-22,70.46117401123047,74.12000274658203,74.91000366210938,73.62000274658203,73.81999969482422,8039000
2022-02-23,68.89262390136719,72.47000122070312,74.37999725341797,72.3499984741211,74.06999969482422,6807100
2022-02-24,71.11711883544922,74.80999755859375,74.94000244140625,70.2300033569336,70.94000244140625,11240500
2022-02-25,72.58110046386719,76.3499984741211,76.83000183105469,74.31999969482422,74.6500015258789,8291800
2022-02-28,72.21985626220703,75.97000122070312,76.69999694824219,75.0199966430664,75.56999969482422,9234400
2022-03-01,72.25787353515625,76.01000213623047,76.5,75.62000274658203,75.9800033569336,8752100
2022-03-02,74.41581726074219,78.27999877929688,78.86000061035156,76.25,76.44999694824219,8527200
2022-03-03,74.38731384277344,78.25,79.04000091552734,77.43000030517578,78.95999908447266,8203000
2022-03-04,72.71418762207031,76.48999786376953,77.91000366210938,75.77999877929688,77.66999816894531,8841300
2022-03-07,70.65130615234375,74.31999969482422,76.38999938964844,73.44000244140625,76.29000091552734,11110100
2022-03-08,69.71019744873047,73.33000183105469,75.2300033569336,73.11000061035156,73.83999633789062,9134100
2022-03-09,72.34344482421875,76.0999984741211,76.94999694824219,74.69000244140625,74.91999816894531,8959500
2022-03-10,72.86628723144531,76.6500015258789,76.8499984741211,75.02999877929688,75.0999984741211,13812600
2022-03-11,73.97852325439453,77.81999969482422,79.9000015258789,74.0,76.69999694824219,22795800
2022-03-14,73.26556396484375,77.06999969482422,78.5999984741211,75.44000244140625,77.91999816894531,13306200
2022-03-15,76.62128448486328,80.5999984741211,81.54000091552734,77.06999969482422,78.05000305175781,16847200
2022-03-16,76.01290130615234,79.95999908447266,81.2300033569336,77.75,81.0,14071300
2022-03-17,76.62128448486328,80.5999984741211,81.29000091552734,79.26000213623047,79.77999877929688,10462400
2022-03-18,77.64799499511719,81.68000030517578,81.98999786376953,78.83999633789062,79.62999725341797,24176000
2022-03-21,76.96353149414062,80.95999908447266,81.9800033569336,80.2699966430664,81.27999877929688,8131300
2022-03-22,77.7620620727539,81.80000305175781,82.2300033569336,80.83000183105469,81.45999908447266,9292300
2022-03-23,76.42166900634766,80.38999938964844,81.41000366210938,80.22000122070312,81.25,7451100
2022-03-24,78.18035125732422,82.23999786376953,82.81999969482422,80.48999786376953,80.6500015258789,7025700
2022-03-25,77.69551849365234,81.7300033569336,82.83999633789062,81.2300033569336,82.04000091552734,5682300
2022-03-28,79.47322082519531,83.5999984741211,83.70999908447266,81.73999786376953,81.73999786376953,6626700
2022-03-29,80.12916564941406,84.29000091552734,84.51000213623047,83.11000061035156,84.48999786376953,5762000
2022-03-30,79.24507141113281,83.36000061035156,84.36000061035156,83.12000274658203,83.95999908447266,5533100
2022-03-31,78.64617156982422,82.7300033569336,83.91000366210938,82.58999633789062,83.11000061035156,9433300
2022-04-01,77.96170806884766,82.01000213623047,83.36000061035156,81.47000122070312,83.04000091552734,6147500
2022-04-04,79.92000579833984,84.06999969482422,84.30000305175781,82.0,82.25,7882400
2022-04-05,78.84578704833984,82.94000244140625,84.5199966430664,82.66999816894531,83.4000015258789,5143400
2022-04-06,78.0662841796875,82.12000274658203,82.47000122070312,81.37000274658203,81.91999816894531,5492400
2022-04-07,77.8181381225586,81.54000091552734,82.01000213623047,80.77999877929688,81.25,7112200
2022-04-08,77.24552154541016,80.94000244140625,81.83000183105469,80.26000213623047,81.70999908447266,6182500
2022-04-11,76.11939239501953,79.76000213623047,81.12999725341797,79.69999694824219,80.62999725341797,5738400
2022-04-12,75.70901489257812,79.33000183105469,80.98999786376953,79.0199966430664,79.94999694824219,6174700
2022-04-13,76.1098403930664,79.75,79.95999908447266,78.62999725341797,79.26000213623047,4728600
2022-04-14,75.82353210449219,79.44999694824219,80.36000061035156,79.31999969482422,79.83000183105469,5590400
2022-04-18,74.64966583251953,78.22000122070312,79.9800033569336,77.91000366210938,79.1500015258789,4955900
2022-04-19,75.92852783203125,79.55999755859375,79.77999877929688,78.23999786376953,78.25,5412400
2022-04-20,76.62519836425781,80.29000091552734,81.86000061035156,79.79000091552734,79.79000091552734,9472600
2022-04-21,75.8521728515625,79.4800033569336,81.5999984741211,79.33000183105469,81.48999786376953,5616100
2022-04-22,72.73143768310547,76.20999908447266,79.69999694824219,76.16000366210938,79.2699966430664,9357100
2022-04-25,73.46627807617188,76.9800033569336,77.05999755859375,74.69999694824219,76.19999694824219,7305900
2022-04-26,71.10901641845703,74.51000213623047,76.6500015258789,74.4800033569336,76.3499984741211,7555200
2022-04-27,71.34761810302734,74.76000213623047,76.0199966430664,74.41999816894531,74.58000183105469,7279200
2022-04-28,72.66461944580078,76.13999938964844,76.62999725341797,74.5999984741211,75.5199966430664,6177900
2022-04-29,70.0497055053711,73.4000015258789,75.87000274658203,73.1500015258789,75.33999633789062,7946900
2022-05-02,70.6222915649414,74.0,74.5999984741211,72.52999877929688,73.93000030517578,7379900
2022-05-03,69.94469451904297,73.29000091552734,74.20999908447266,72.80999755859375,73.8499984741211,5211500
2022-05-04,71.77706146240234,75.20999908447266,75.3499984741211,72.79000091552734,73.37999725341797,6759900
2022-05-05,69.4770736694336,72.80000305175781,74.72000122070312,71.98999786376953,74.0,7197200
2022-05-06,69.18122100830078,72.48999786376953,72.94000244140625,71.62999725341797,72.12999725341797,6222500
2022-05-09,68.27457427978516,71.54000091552734,72.58999633789062,71.16999816894531,71.63999938964844,7019700
2022-05-10,69.21939849853516,72.52999877929688,73.62000274658203,71.2699966430664,72.5,8129000
2022-05-11,67.7878646850586,71.02999877929688,73.45999908447266,70.87000274658203,72.30999755859375,6932100
2022-05-12,67.5015640258789,70.7300033569336,70.93000030517578,68.97000122070312,70.87999725341797,11698900
2022-05-13,67.92146301269531,71.16999816894531,71.9800033569336,70.52999877929688,70.95999908447266,6700100
2022-05-16,66.52810668945312,69.70999908447266,70.91000366210938,69.38999938964844,70.69000244140625,6942100
2022-05-17,68.59906768798828,71.87999725341797,71.9000015258789,70.69999694824219,71.05000305175781,5952500
2022-05-18,65.1824722290039,68.30000305175781,70.94000244140625,67.80999755859375,70.80000305175781,7977300
2022-05-19,63.979984283447266,67.04000091552734,67.9000015258789,66.72000122070312,67.4800033569336,9451600
2022-05-20,65.49739837646484,68.62999725341797,68.69000244140625,66.8499984741211,67.87999725341797,7531100
2022-05-23,66.8430404663086,70.04000091552734,70.47000122070312,68.66999816894531,69.30999755859375,7370200
2022-05-24,65.879150390625,69.02999877929688,70.52999877929688,68.30999755859375,69.66999816894531,6644100
2022-05-25,66.64263153076172,69.83000183105469,70.22000122070312,68.7699966430664,68.87999725341797,7103300
2022-05-26,68.38908386230469,71.66000366210938,72.12000274658203,69.91000366210938,70.12999725341797,6758900
2022-05-27,69.4579849243164,72.77999877929688,72.8499984741211,71.55000305175781,72.36000061035156,6566700
2022-05-31,68.63723754882812,71.91999816894531,72.9800033569336,71.5199966430664,72.2300033569336,16890300
2022-06-01,68.33184814453125,71.5999984741211,73.2699966430664,71.1500015258789,73.0199966430664,5804700
2022-06-02,69.80156707763672,73.13999938964844,73.19000244140625,71.01000213623047,71.4800033569336,6200400
2022-06-03,68.51316833496094,71.79000091552734,72.95999908447266,71.2300033569336,72.55999755859375,8169500
2022-06-06,69.63931274414062,72.97000122070312,74.83999633789062,72.62999725341797,72.62999725341797,5274700
2022-06-07,69.3720932006836,72.69000244140625,73.12999725341797,71.58999633789062,71.58999633789062,5675700
2022-06-08,68.12187194824219,71.37999725341797,72.1500015258789,70.94000244140625,72.01000213623047,5253500
2022-06-09,66.06047821044922,69.22000122070312,71.16000366210938,69.19999694824219,70.7699966430664,6824900
2022-06-10,64.07542419433594,67.13999938964844,68.22000122070312,66.95999908447266,67.9800033569336,10256100
2022-06-13,61.12646484375,64.05000305175781,66.0999984741211,63.7599983215332,65.77999877929688,16547200
2022-06-14,67.49200439453125,70.72000122070312,72.43000030517578,69.0199966430664,72.0,29661300
2022-06-15,66.51856994628906,69.69999694824219,71.41999816894531,68.66999816894531,70.44999694824219,11765500
2022-06-16,65.57376098632812,68.70999908447266,68.95999908447266,67.58000183105469,68.5,10686000
2022-06-17,64.62893676757812,67.72000122070312,69.37000274658203,67.38999938964844,68.75,16445600
2022-06-21,64.59077453613281,67.68000030517578,69.52999877929688,67.38999938964844,68.61000061035156,10047700
2022-06-22,63.49326705932617,66.52999877929688,67.56999969482422,66.37999725341797,66.93000030517578,8219900
2022-06-23,64.54306030273438,67.62999725341797,67.87000274658203,66.30999755859375,66.44999694824219,8775800
2022-06-24,67.47290802001953,70.69999694824219,70.77999877929688,67.97000122070312,68.33000183105469,20132600
2022-06-27,67.19618225097656,70.41000366210938,70.8499984741211,68.94000244140625,69.37000274658203,8840600
2022-06-28,65.44969940185547,68.58000183105469,71.06999969482422,68.52999877929688,70.56999969482422,7252100
2022-06-29,66.0509262084961,69.20999908447266,70.08999633789062,68.77999877929688,69.02999877929688,8077900
2022-06-30,66.68082427978516,69.87000274658203,70.25,68.20999908447266,68.20999908447266,9888600
2022-07-01,67.63516235351562,70.87000274658203,70.9800033569336,69.80999755859375,69.8499984741211,7805600
2022-07-05,68.70404815673828,71.98999786376953,72.0,70.18000030517578,70.37999725341797,9040400
2022-07-06,68.38908386230469,71.66000366210938,72.73999786376953,71.30999755859375,72.31999969482422,6043700
2022-07-07,68.55135345458984,71.83000183105469,71.9800033569336,71.18000030517578,71.83000183105469,7814500
2022-07-08,68.58952331542969,71.87000274658203,72.23999786376953,71.33000183105469,71.69000244140625,4927300
2022-07-11,68.60869598388672,71.56999969482422,71.97000122070312,70.9000015258789,71.0,4543300
2022-07-12,67.49671173095703,70.41000366210938,71.94000244140625,70.06999969482422,71.5999984741211,7140800
2022-07-13,67.13240814208984,70.02999877929688,70.52999877929688,68.68000030517578,69.05000305175781,6454800
2022-07-14,66.57640075683594,69.44999694824219,69.58000183105469,68.2300033569336,69.16000366210938,4915500
2022-07-15,67.81302642822266,70.73999786376953,70.87000274658203,70.0,70.26000213623047,5134100
2022-07-18,67.30496978759766,70.20999908447266,71.70999908447266,70.1500015258789,71.25,4642300
2022-07-19,69.25096130371094,72.23999786376953,72.30000305175781,70.26000213623047,70.63999938964844,7160300
2022-07-20,69.58649444580078,72.58999633789062,73.0999984741211,72.16000366210938,72.55000305175781,5655700
2022-07-21,71.45579528808594,74.54000091552734,74.62999725341797,72.12999725341797,72.1500015258789,7005100
2022-07-22,71.80091094970703,74.9000015258789,75.29000091552734,74.26000213623047,74.81999969482422,6659800
2022-07-25,71.76256561279297,74.86000061035156,75.43000030517578,74.33999633789062,75.0999984741211,5721600
2022-07-26,70.96690368652344,74.02999877929688,75.30000305175781,73.70999908447266,74.80000305175781,7284400
2022-07-27,72.73077392578125,75.87000274658203,76.12000274658203,74.31999969482422,74.37999725341797,6677200
2022-07-28,73.85237884521484,77.04000091552734,77.27999877929688,75.30999755859375,75.63999938964844,5688100
2022-07-29,74.61925506591797,77.83999633789062,78.16000366210938,77.0,77.01000213623047,5926600
2022-08-01,74.23580932617188,77.44000244140625,77.80999755859375,76.69999694824219,77.18000030517578,5227500
2022-08-02,73.19091796875,76.3499984741211,77.26000213623047,76.05999755859375,76.98999786376953,6403400
2022-08-03,74.1687240600586,77.37000274658203,77.76000213623047,76.30000305175781,76.72000122070312,6127800
2022-08-04,74.19747924804688,77.4000015258789,77.8499984741211,77.11000061035156,77.44999694824219,3656200
2022-08-05,74.1495361328125,77.3499984741211,77.4000015258789,76.0,76.2699966430664,4858100
2022-08-08,73.30595397949219,76.47000122070312,77.43000030517578,76.2699966430664,76.91999816894531,4733500
2022-08-09,73.59353637695312,76.7699966430664,76.91000366210938,75.83999633789062,76.20999908447266,4243700
2022-08-10,74.33168029785156,77.54000091552734,77.9800033569336,77.19999694824219,77.58999633789062,5258500
2022-08-11,73.9674072265625,77.16000366210938,78.0,77.08000183105469,77.94999694824219,5554600
2022-08-12,75.87503814697266,79.1500015258789,79.41999816894531,77.66000366210938,78.0,6692300
2022-08-15,75.83671569824219,79.11000061035156,79.41999816894531,78.5,78.83999633789062,3733500
2022-08-16,76.22974395751953,79.5199966430664,79.66000366210938,78.8499984741211,78.9000015258789,6185100
2022-08-17,75.9709243774414,79.25,79.7699966430664,78.94999694824219,79.0,5185100
2022-08-18,76.03801727294922,79.31999969482422,79.87999725341797,79.01000213623047,79.27999877929688,4120500
2022-08-19,75.40534973144531,78.66000366210938,79.12999725341797,78.44000244140625,79.02999877929688,4679000
2022-08-22,73.29635620117188,76.45999908447266,77.93000030517578,76.16999816894531,77.93000030517578,5757700
2022-08-23,73.24842834472656,76.41000366210938,77.01000213623047,76.25,76.25,4432300
2022-08-24,73.01835632324219,76.16999816894531,76.55999755859375,76.05000305175781,76.47000122070312,3876400
2022-08-25,73.70857238769531,76.88999938964844,76.91000366210938,75.9800033569336,76.33999633789062,3523400
2022-08-26,71.5612564086914,74.6500015258789,77.26000213623047,74.56999969482422,76.9800033569336,4904100
2022-08-29,71.12029266357422,74.19000244140625,74.86000061035156,74.06999969482422,74.11000061035156,4295500
2022-08-30,71.07234954833984,74.13999938964844,74.66999816894531,73.45999908447266,74.41999816894531,5099100
2022-08-31,71.08194732666016,74.1500015258789,75.1500015258789,74.04000091552734,74.45999908447266,8612900
2022-09-01,72.1843490600586,75.30000305175781,75.37000274658203,73.52999877929688,74.12000274658203,8139800
2022-09-02,71.59001159667969,74.68000030517578,76.7699966430664,74.4800033569336,75.73999786376953,11027700
2022-09-06,70.77519226074219,73.83000183105469,75.19000244140625,73.55000305175781,74.69999694824219,7090100
2022-09-07,71.4078598022461,74.48999786376953,74.66999816894531,73.41999816894531,73.68000030517578,5792600
2022-09-08,71.5612564086914,74.6500015258789,74.80000305175781,73.61000061035156,74.02999877929688,6897100
2022-09-09,72.76913452148438,75.91000366210938,76.01000213623047,74.44000244140625,74.6500015258789,7762400
2022-09-12,73.89070892333984,77.08000183105469,77.37999725341797,76.2699966430664,76.62999725341797,15628900
2022-09-13,72.89374542236328,76.04000091552734,79.41000366210938,75.77999877929688,76.05999755859375,29476500
2022-09-14,69.13594055175781,72.12000274658203,75.87000274658203,71.7699966430664,75.79000091552734,21601400
2022-09-15,67.33372497558594,70.23999786376953,72.08999633789062,69.75,71.5,12478100
2022-09-16,65.9820556640625,68.83000183105469,69.80000305175781,68.25,69.58000183105469,23412000
2022-09-19,66.21212768554688,69.06999969482422,69.12999725341797,67.91000366210938,68.19999694824219,8364000
2022-09-20,65.29185485839844,68.11000061035156,68.45999908447266,67.44999694824219,68.2699966430664,8624300
2022-09-21,63.988128662109375,66.75,68.87999725341797,66.73999786376953,68.70999908447266,6768200
2022-09-22,63.29791259765625,66.02999877929688,66.94000244140625,65.83999633789062,66.8499984741211,7190700
2022-09-23,61.87915802001953,64.55000305175781,65.44000244140625,63.869998931884766,65.3499984741211,9282500
2022-09-26,60.824668884277344,63.45000076293945,64.91999816894531,63.38999938964844,64.33000183105469,6897800
2022-09-27,59.8372802734375,62.41999816894531,64.4000015258789,62.040000915527344,64.16000366210938,9284800
2022-09-28,60.46039581298828,63.06999969482422,63.349998474121094,62.25,62.619998931884766,8549900
2022-09-29,58.859493255615234,61.400001525878906,62.599998474121094,60.779998779296875,62.290000915527344,8882100
2022-09-30,58.543148040771484,61.06999969482422,62.13999938964844,61.060001373291016,61.2599983215332,9794400
2022-10-03,60.46997833251953,63.08000183105469,63.2400016784668,60.810001373291016,60.9900016784668,9661400
2022-10-04,62.971988677978516,65.69000244140625,65.83000183105469,63.79999923706055,63.79999923706055,9892600
2022-10-05,63.88267135620117,66.63999938964844,67.19000244140625,64.9800033569336,65.33999633789062,9201600
2022-10-06,62.59812545776367,65.30000305175781,66.80999755859375,65.22000122070312,66.33000183105469,6992000
2022-10-07,60.671295166015625,63.290000915527344,64.62000274658203,62.7400016784668,64.48999786376953,7137900
2022-10-10,59.981075286865234,62.56999969482422,63.900001525878906,62.02000045776367,63.61000061035156,6407200
2022-10-11,60.13524627685547,62.40999984741211,63.099998474121094,61.650001525878906,61.849998474121094,7376900
2022-10-12,61.4553108215332,63.779998779296875,64.27999877929688,62.16999816894531,62.619998931884766,9008600
2022-10-13,62.82354736328125,65.19999694824219,65.70999908447266,62.27000045776367,62.47999954223633,10147100
2022-10-14,61.96599197387695,64.30999755859375,66.61000061035156,64.20999908447266,65.72000122070312,8044500
2022-10-17,64.57722473144531,67.0199966430664,67.56999969482422,65.87000274658203,65.87999725341797,11368300
2022-10-18,64.58685302734375,67.02999877929688,68.58000183105469,66.33000183105469,68.0,6688600
2022-10-19,63.88347625732422,66.30000305175781,67.19000244140625,65.77999877929688,66.48999786376953,5506000
2022-10-20,66.72593688964844,69.25,69.91999816894531,67.19000244140625,67.52999877929688,17600500
2022-10-21,70.05018615722656,72.69999694824219,72.79000091552734,70.30999755859375,71.02999877929688,15652600
2022-10-24,70.26216125488281,72.91999816894531,73.69000244140625,71.77999877929688,72.93000030517578,11489400
2022-10-25,70.4741439819336,73.13999938964844,74.11000061035156,72.61000061035156,73.44999694824219,9137700
2022-10-26,72.09292602539062,74.81999969482422,75.72000122070312,72.55000305175781,72.61000061035156,10693600
2022-10-27,72.41088104248047,75.1500015258789,75.87999725341797,74.55000305175781,74.75,7053000
2022-10-28,74.54034423828125,77.36000061035156,77.68000030517578,75.30000305175781,75.30000305175781,8758100
2022-10-31,75.2244644165039,78.06999969482422,78.33000183105469,76.4000015258789,76.5,12349000
2022-11-01,74.29944610595703,77.11000061035156,79.2300033569336,76.33999633789062,78.5999984741211,7753000
2022-11-02,72.38198852539062,75.12000274658203,77.43000030517578,75.01000213623047,76.6500015258789,7524300
2022-11-03,72.29525756835938,75.02999877929688,75.69000244140625,74.05000305175781,74.72000122070312,6761200
2022-11-04,73.22991180419922,76.0,76.66999816894531,74.23999786376953,75.94000244140625,7219000
2022-11-07,73.94292449951172,76.73999786376953,77.08999633789062,75.48999786376953,76.11000061035156,5394300
2022-11-08,72.8830337524414,75.63999938964844,77.13999938964844,75.0199966430664,76.94999694824219,9104200
2022-11-09,72.90230560302734,75.66000366210938,76.54000091552734,75.0,75.37999725341797,6013700
2022-11-10,74.35726928710938,77.16999816894531,78.47000122070312,76.70999908447266,77.69999694824219,10437300
2022-11-11,74.90648651123047,77.73999786376953,77.88999938964844,76.56999969482422,77.12999725341797,7712900
2022-11-14,75.6677017211914,78.52999877929688,79.54000091552734,77.33000183105469,77.4800033569336,7153000
2022-11-15,76.29399871826172,79.18000030517578,80.68000030517578,78.01000213623047,78.93000030517578,7618500
2022-11-16,76.97811889648438,79.88999938964844,80.2300033569336,78.86000061035156,79.12000274658203,6011900
2022-11-17,76.31327819824219,79.19999694824219,79.58000183105469,78.19000244140625,79.16999816894531,5717300
2022-11-18,76.82395935058594,79.7300033569336,80.45999908447266,78.8499984741211,80.0,6107000
2022-11-21,76.91068267822266,79.81999969482422,80.0999984741211,78.9000015258789,79.56999969482422,5235400
2022-11-22,79.12686157226562,82.12000274658203,82.20999908447266,79.83000183105469,79.88999938964844,8796200
2022-11-23,79.55081939697266,82.55999755859375,82.91999816894531,81.77999877929688,82.12000274658203,6347900
2022-11-25,79.70497131347656,82.72000122070312,83.48999786376953,82.54000091552734,82.8499984741211,2754900
2022-11-28,78.42345428466797,81.38999938964844,82.13999938964844,81.06999969482422,82.11000061035156,5112200
2022-11-29,77.90312957763672,80.8499984741211,81.5,80.5199966430664,81.33000183105469,4928200
2022-11-30,80.00367736816406,83.02999877929688,83.18000030517578,80.0,80.47000122070312,9610300
2022-12-01,81.04429626464844,84.11000061035156,84.52999877929688,82.3499984741211,83.05000305175781,6127200
2022-12-02,80.31200408935547,83.3499984741211,83.62000274658203,82.58000183105469,83.19999694824219,4798900
2022-12-05,76.53489685058594,79.43000030517578,82.41999816894531,79.41000366210938,82.41000366210938,9102900
2022-12-06,76.03384399414062,78.91000366210938,79.81999969482422,78.05999755859375,79.3499984741211,7656100
2022-12-07,75.90858459472656,78.77999877929688,79.44000244140625,78.58000183105469,78.66999816894531,5105500
2022-12-08,77.15157318115234,80.06999969482422,80.20999908447266,78.52999877929688,79.12999725341797,5918700
2022-12-09,76.94921875,79.86000061035156,80.36000061035156,79.54000091552734,79.6500015258789,6850800
2022-12-12,78.31745910644531,81.27999877929688,81.41000366210938,79.94000244140625,80.30999755859375,15807600
2022-12-13,77.62370300292969,80.55999755859375,85.58000183105469,79.69999694824219,84.94000244140625,22812200
2022-12-14,78.8377685546875,81.81999969482422,82.88999938964844,80.56999969482422,80.80999755859375,11183100
2022-12-15,77.15157318115234,80.06999969482422,81.02999877929688,79.45999908447266,80.79000091552734,8196800
2022-12-16,76.679443359375,79.58000183105469,80.45999908447266,79.4800033569336,79.95999908447266,19200700
2022-12-19,77.56590270996094,80.5,81.0999984741211,79.68000030517578,79.91999816894531,7738800
2022-12-20,77.9898452758789,80.94000244140625,81.48999786376953,80.3499984741211,80.5,6390200
2022-12-21,78.52943420410156,81.5,82.13999938964844,80.94000244140625,81.3499984741211,5932400
2022-12-22,77.55625915527344,80.48999786376953,81.16999816894531,79.43000030517578,80.94000244140625,8181400
2022-12-23,77.90312957763672,80.8499984741211,80.9000015258789,79.98999786376953,80.51000213623047,4129100
2022-12-27,78.02839660644531,80.9800033569336,81.47000122070312,80.61000061035156,80.87999725341797,4290700
2022-12-28,77.4020767211914,80.33000183105469,81.63999938964844,80.19000244140625,81.08999633789062,3794000
2022-12-29,78.43309783935547,81.4000015258789,81.80000305175781,80.69999694824219,80.97000122070312,3867800
2022-12-30,78.76069641113281,81.73999786376953,81.93000030517578,80.76000213623047,81.12999725341797,5375700
2023-01-03,80.66852569580078,83.72000122070312,83.83999633789062,82.26000213623047,82.47000122070312,8997500
2023-01-04,81.40082550048828,84.4800033569336,85.16999816894531,83.63999938964844,84.19999694824219,7836200
2023-01-05,81.23701477050781,84.30999755859375,85.4000015258789,83.22000122070312,85.0,7643800
2023-01-06,82.5378189086914,85.66000366210938,86.33999633789062,83.81999969482422,84.73999786376953,8641600
2023-01-09,83.58236694335938,86.41999816894531,87.58999633789062,86.16000366210938,86.83999633789062,7519700
2023-01-10,83.65973663330078,86.5,86.61000061035156,85.56999969482422,85.63999938964844,5703300
2023-01-11,85.69078063964844,88.5999984741211,88.66000366210938,87.08999633789062,87.37000274658203,8359700
2023-01-12,85.86486053466797,88.77999877929688,89.19999694824219,88.16999816894531,88.69999694824219,6071100
2023-01-13,86.27107238769531,89.19999694824219,89.47000122070312,87.66000366210938,87.94999694824219,5090800
2023-01-17,85.69078063964844,88.5999984741211,89.44000244140625,88.43000030517578,89.19000244140625,6550400
2023-01-18,83.86283111572266,86.70999908447266,88.62999725341797,86.5999984741211,88.5999984741211,6397700
2023-01-19,83.11812591552734,85.94000244140625,86.98999786376953,85.26000213623047,86.4000015258789,5597000
2023-01-20,84.38510131835938,87.25,87.37999725341797,85.5,86.02999877929688,5567300
2023-01-23,86.04862213134766,88.97000122070312,89.12999725341797,86.97000122070312,87.19000244140625,7390200
2023-01-24,86.754638671875,89.69999694824219,90.0999984741211,88.0,89.05000305175781,7004600
2023-01-25,86.69662475585938,89.63999938964844,89.86000061035156,87.73999786376953,88.69999694824219,5896800
2023-01-26,86.88038635253906,89.83000183105469,90.48999786376953,89.08999633789062,89.88999938964844,7302800
2023-01-27,86.0679702758789,88.98999786376953,89.72000122070312,88.95999908447266,89.5,5676800
2023-01-30,84.48181915283203,87.3499984741211,88.62000274658203,86.98999786376953,88.47000122070312,6255300
2023-01-31,85.55537414550781,88.45999908447266,88.4800033569336,87.3499984741211,87.69000244140625,6200400
2023-02-01,87.09317779541016,90.05000305175781,90.6500015258789,88.20999908447266,88.37000274658203,6141300
2023-02-02,86.4451675415039,89.37999725341797,91.22000122070312,88.94999694824219,90.66000366210938,8269200
2023-02-03,86.67729187011719,89.62000274658203,90.26000213623047,88.2699966430664,88.47000122070312,5671800
2023-02-06,85.62307739257812,88.52999877929688,89.61000061035156,88.4000015258789,89.51000213623047,4097200
2023-02-07,84.8590087890625,87.73999786376953,88.0199966430664,86.30000305175781,87.87000274658203,9226000
2023-02-08,83.84349060058594,86.69000244140625,87.91999816894531,86.51000213623047,86.93000030517578,7624400
2023-02-09,83.8048095703125,86.6500015258789,87.9000015258789,86.33000183105469,87.13999938964844,4960300
2023-02-10,84.27871704101562,87.13999938964844,87.37999725341797,86.33999633789062,86.52999877929688,5318400
2023-02-13,86.48384857177734,89.41999816894531,89.44999694824219,87.19999694824219,87.27999877929688,5560900
2023-02-14,86.16468048095703,89.08999633789062,89.41000366210938,87.70999908447266,89.0,7484800
2023-02-15,85.4393081665039,88.33999633789062,89.20999908447266,88.02999877929688,88.8499984741211,4329900
2023-02-16,84.83967590332031,87.72000122070312,88.2699966430664,87.01000213623047,87.45999908447266,5942500
2023-02-17,84.41410827636719,87.27999877929688,87.43000030517578,86.51000213623047,87.19999694824219,6398400
2023-02-21,83.36957550048828,86.19999694824219,86.94000244140625,86.1500015258789,86.76000213623047,5260300
2023-02-22,83.48564147949219,86.31999969482422,87.18000030517578,85.9800033569336,86.68000030517578,5840100
2023-02-23,85.67143249511719,88.58000183105469,89.4800033569336,87.05999755859375,87.1500015258789,8637100
2023-02-24,85.74880981445312,88.66000366210938,88.88999938964844,87.13999938964844,87.30999755859375,7659200
2023-02-27,85.07178497314453,87.95999908447266,88.97000122070312,87.36000061035156,88.86000061035156,6748800
2023-02-28,84.53018188476562,87.4000015258789,88.01000213623047,87.18000030517578,87.69999694824219,7468000
2023-03-01,83.50498962402344,86.33999633789062,87.20999908447266,85.98999786376953,86.9000015258789,5119800
2023-03-02,84.11430358886719,86.97000122070312,87.27999877929688,85.87000274658203,86.05999755859375,5293600
2023-03-03,86.31941986083984,89.25,89.29000091552734,87.08000183105469,87.31999969482422,5498500
2023-03-06,86.79334259033203,89.73999786376953,90.66999816894531,89.1500015258789,89.41000366210938,7424800
2023-03-07,85.45866394042969,88.36000061035156,90.08000183105469,88.05000305175781,89.58000183105469,5382400
2023-03-08,85.5843734741211,88.48999786376953,89.08999633789062,88.1500015258789,88.4000015258789,5159200
2023-03-09,84.01758575439453,86.87000274658203,89.63999938964844,86.52999877929688,88.33000183105469,10572300
2023-03-10,81.30951690673828,84.06999969482422,85.25,82.87999725341797,84.41000366210938,16029300
2023-03-13,82.14128875732422,84.93000030517578,85.52999877929688,82.04000091552734,83.31999969482422,10299800
2023-03-14,81.7834243774414,84.55999755859375,85.93000030517578,83.43000030517578,85.93000030517578,8732200
2023-03-15,80.25531768798828,82.9800033569336,83.37000274658203,82.12000274658203,83.08000183105469,11463000
2023-03-16,82.0348892211914,84.81999969482422,85.11000061035156,82.08000183105469,82.91999816894531,10148100
2023-03-17,82.46044921875,85.26000213623047,85.9800033569336,84.61000061035156,85.0,13065800
2023-03-20,84.10462951660156,86.95999908447266,87.51000213623047,85.25,85.27999877929688,9177300
2023-03-21,84.70426940917969,87.58000183105469,87.8499984741211,86.66000366210938,87.48999786376953,6683700
2023-03-22,85.01375579833984,87.9000015258789,89.16000366210938,87.44000244140625,87.54000091552734,7233700
2023-03-23,84.89769744873047,87.77999877929688,89.63999938964844,87.63999938964844,88.6500015258789,10747100
2023-03-24,85.12014770507812,88.01000213623047,88.4800033569336,87.51000213623047,87.9800033569336,5852100
2023-03-27,87.18020629882812,90.13999938964844,90.5,88.55000305175781,88.62000274658203,8170100
2023-03-28,86.89972686767578,89.8499984741211,90.87999725341797,89.4800033569336,90.22000122070312,6378900
2023-03-29,87.64444732666016,90.62000274658203,90.66000366210938,89.80999755859375,90.12999725341797,5233600
2023-03-30,87.5380630493164,90.51000213623047,91.18000030517578,89.70999908447266,90.8499984741211,5640700
2023-03-31,89.8689193725586,92.91999816894531,93.0,90.41000366210938,90.55999755859375,10476300
2023-04-03,90.83609771728516,93.91999816894531,94.0,92.08999633789062,92.37999725341797,8410900
2023-04-04,90.9134521484375,94.0,94.0199966430664,92.93000030517578,93.8499984741211,6651500
2023-04-05,91.77423095703125,94.88999938964844,95.11000061035156,93.4800033569336,93.62000274658203,7478800
2023-04-06,92.77042388916016,95.91999816894531,96.08000183105469,93.98999786376953,94.33000183105469,9146200
2023-04-10,91.06108093261719,93.76000213623047,95.11000061035156,93.55000305175781,94.68000030517578,8681500
2023-04-11,91.2650375366211,93.97000122070312,94.12999725341797,93.19999694824219,93.45999908447266,8196000
2023-04-12,91.1970443725586,93.9000015258789,95.31999969482422,93.5999984741211,94.37999725341797,8040300
2023-04-13,92.79956817626953,95.55000305175781,95.75,93.94000244140625,94.18000030517578,6240200
2023-04-14,92.95494842529297,95.70999908447266,95.98999786376953,94.68000030517578,95.5,6485100
2023-04-17,92.8384017944336,95.58999633789062,95.98999786376953,95.30999755859375,95.63999938964844,4772400
2023-04-18,93.69306182861328,96.47000122070312,96.73999786376953,95.7699966430664,96.0,7219400
2023-04-19,93.05206298828125,95.80999755859375,96.47000122070312,95.58999633789062,95.58999633789062,4766200
2023-04-20,92.10027313232422,94.83000183105469,96.1500015258789,94.5999984741211,96.0,5815500
2023-04-21,92.41106414794922,95.1500015258789,95.30999755859375,94.26000213623047,95.01000213623047,7335800
2023-04-24,92.6927261352539,95.44000244140625,96.08000183105469,94.97000122070312,95.33999633789062,4901700
2023-04-25,91.35244750976562,94.05999755859375,95.69999694824219,94.0199966430664,95.13999938964844,5768800
2023-04-26,91.01251983642578,93.70999908447266,94.80999755859375,93.33999633789062,93.75,6395500
2023-04-27,92.30422973632812,95.04000091552734,95.08999633789062,93.29000091552734,94.30999755859375,5615700
2023-04-28,91.99344635009766,94.72000122070312,95.4000015258789,94.23999786376953,94.2699966430664,8498500
2023-05-01,92.13912963867188,94.87000274658203,95.7300033569336,94.69999694824219,94.80000305175781,5459800
2023-05-02,92.07113647460938,94.80000305175781,95.23999786376953,93.8499984741211,94.93000030517578,5995100
2023-05-03,92.05171966552734,94.77999877929688,95.41999816894531,94.54000091552734,95.06999969482422,6744800
2023-05-04,92.23624420166016,94.97000122070312,95.12000274658203,94.41000366210938,94.9800033569336,5038200
2023-05-05,94.17869567871094,96.97000122070312,97.30999755859375,94.83000183105469,95.0,8068600
2023-05-08,94.00386810302734,96.79000091552734,97.27999877929688,96.44000244140625,97.08000183105469,5314800
2023-05-09,93.37257385253906,96.13999938964844,96.88999938964844,96.0999984741211,96.19999694824219,6333500
2023-05-10,94.71284484863281,97.5199966430664,97.68000030517578,96.26000213623047,96.79000091552734,5935300
2023-05-11,94.6351547241211,97.44000244140625,97.62999725341797,96.33999633789062,97.54000091552734,5144500
2023-05-12,95.0333480834961,97.8499984741211,97.91999816894531,96.93000030517578,97.61000061035156,4994700
2023-05-15,94.46033477783203,97.26000213623047,97.95999908447266,97.05000305175781,97.87000274658203,4443700
2023-05-16,95.42183685302734,98.25,98.8499984741211,96.91999816894531,97.16999816894531,6896500
2023-05-17,96.89808654785156,99.7699966430664,100.4000015258789,98.43000030517578,98.77999877929688,9436000
2023-05-18,99.39410400390625,102.33999633789062,102.45999908447266,99.7300033569336,99.7699966430664,10005700
2023-05-19,99.87972259521484,102.83999633789062,103.06999969482422,101.91999816894531,102.38999938964844,8560300
2023-05-22,98.84050750732422,101.7699966430664,103.0999984741211,101.7300033569336,102.4800033569336,5890500
2023-05-23,95.70348358154297,98.54000091552734,101.43000030517578,98.47000122070312,101.06999969482422,10047300
2023-05-24,95.48981475830078,98.31999969482422,98.87999725341797,97.29000091552734,97.94999694824219,6815900
2023-05-25,101.28797912597656,104.29000091552734,104.66000366210938,98.7699966430664,99.19999694824219,16729600
2023-05-26,101.08401489257812,104.08000183105469,106.2300033569336,104.02999877929688,104.3499984741211,13994100
2023-05-30,102.12320709228516,105.1500015258789,105.9800033569336,104.19000244140625,104.9000015258789,10296700
2023-05-31,102.8904800415039,105.94000244140625,106.48999786376953,104.1500015258789,104.47000122070312,13713500
2023-06-01,102.93903350830078,105.98999786376953,106.61000061035156,104.77999877929688,104.87999725341797,7835900
2023-06-02,102.84190368652344,105.88999938964844,106.7699966430664,105.75,106.5199966430664,8652400
2023-06-05,103.85197448730469,106.93000030517578,107.5999984741211,105.52999877929688,105.88999938964844,7442000
2023-06-06,104.01708221435547,107.0999984741211,107.48999786376953,106.1500015258789,106.80999755859375,7023000
2023-06-07,102.2203369140625,105.25,108.37000274658203,104.83999633789062,107.13999938964844,9842500
2023-06-08,104.38614654541016,107.4800033569336,107.79000091552734,105.3499984741211,105.66999816894531,9526700
2023-06-09,106.68791198730469,109.8499984741211,110.1500015258789,107.41000366210938,107.69999694824219,12597100
2023-06-12,113.07852935791016,116.43000030517578,117.51000213623047,114.33999633789062,114.33999633789062,39081500
2023-06-13,113.3213119506836,116.68000030517578,123.98999786376953,116.0199966430664,123.31999969482422,39190900
2023-06-14,118.75039672851562,122.2699966430664,122.51000213623047,115.73999786376953,116.5,26264200
2023-06-15,122.90721893310547,126.55000305175781,127.54000091552734,121.66000366210938,121.94999694824219,27476700
2023-06-16,121.84858703613281,125.45999908447266,127.4000015258789,125.1500015258789,127.13999938964844,19514700
2023-06-20,118.52703857421875,122.04000091552734,125.25,121.95999908447266,124.44999694824219,16273000
2023-06-21,118.58528900146484,122.0999984741211,123.36000061035156,120.36000061035156,121.94999694824219,17583000
2023-06-22,117.10904693603516,120.58000183105469,122.58999633789062,120.06999969482422,121.61000061035156,12203400
2023-06-23,115.22489929199219,118.63999938964844,119.9000015258789,118.13999938964844,119.58999633789062,19734300
2023-06-26,113.41842651367188,116.77999877929688,119.43000030517578,116.69999694824219,117.98999786376953,8987000
2023-06-27,114.44792175292969,117.83999633789062,118.45999908447266,116.26000213623047,116.56999969482422,6970400
2023-06-28,113.17564392089844,116.52999877929688,118.62000274658203,116.38999938964844,116.77999877929688,9240500
2023-06-29,114.38965606689453,117.77999877929688,117.80000305175781,114.62999725341797,115.6500015258789,9234300
2023-06-30,115.66194152832031,119.08999633789062,121.7300033569336,119.02999877929688,119.83999633789062,13703100
2023-07-03,113.77778625488281,117.1500015258789,118.25,116.83000183105469,118.01000213623047,4284700
2023-07-05,112.62203979492188,115.95999908447266,117.01000213623047,115.41000366210938,116.5199966430664,8466500
2023-07-06,112.12672424316406,115.44999694824219,115.80999755859375,114.63999938964844,114.66999816894531,7982800
2023-07-07,111.3108901977539,114.61000061035156,115.9800033569336,114.48999786376953,114.83999633789062,7001600
2023-07-10,111.08751678466797,114.37999725341797,115.02999877929688,113.66000366210938,114.27999877929688,6931000
2023-07-11,111.96467590332031,114.87999725341797,115.0,113.43000030517578,114.19999694824219,6117100
2023-07-12,113.07576751708984,116.0199966430664,118.08999633789062,115.63999938964844,115.66999816894531,11011600
2023-07-13,114.46946716308594,117.44999694824219,118.58000183105469,116.76000213623047,117.08999633789062,9359600
2023-07-14,116.2432861328125,119.2699966430664,119.97000122070312,117.68000030517578,118.18000030517578,7723800
2023-07-17,115.8729248046875,118.88999938964844,119.97000122070312,118.25,118.8499984741211,6735900
2023-07-18,117.70520782470703,120.7699966430664,121.29000091552734,117.80999755859375,118.77999877929688,8903600
2023-07-19,115.6780014038086,118.69000244140625,121.36000061035156,118.41999816894531,120.81999969482422,7609000
2023-07-20,112.93929290771484,115.87999725341797,119.05000305175781,115.2300033569336,117.48999786376953,12913000
2023-07-21,114.66439819335938,117.6500015258789,119.2699966430664,116.20999908447266,116.48999786376953,9159600
2023-07-24,115.07374572753906,118.06999969482422,118.54000091552734,116.7300033569336,117.94000244140625,6200400
2023-07-25,114.95677185058594,117.94999694824219,118.51000213623047,116.80999755859375,117.9800033569336,6266300
2023-07-26,112.56895446777344,115.5,117.62000274658203,115.0,117.41999816894531,8160000
2023-07-27,113.44611358642578,116.4000015258789,117.5999984741211,115.63999938964844,117.55000305175781,7843000
2023-07-28,113.04652404785156,115.98999786376953,117.30000305175781,115.6500015258789,116.68000030517578,6910400
2023-07-31,114.25506591796875,117.2300033569336,117.23999786376953,115.83000183105469,116.43000030517578,6703100
2023-08-01,114.91780090332031,117.91000366210938,118.04000091552734,116.4800033569336,116.91999816894531,5246000
2023-08-02,112.77362060546875,115.70999908447266,116.9800033569336,114.31999969482422,116.91999816894531,6387800
2023-08-03,111.64306640625,114.55000305175781,116.16999816894531,114.26000213623047,115.23999786376953,5193800
2023-08-04,111.53585815429688,114.44000244140625,116.4000015258789,114.26000213623047,115.33999633789062,5579300
2023-08-07,113.15373229980469,116.0999984741211,116.37999725341797,115.06999969482422,115.47000122070312,7347000
2023-08-08,112.3058090209961,115.2300033569336,115.61000061035156,114.22000122070312,115.04000091552734,4694800
2023-08-09,110.2298583984375,113.0999984741211,115.70999908447266,112.33000183105469,115.33999633789062,6542400
2023-08-10,110.1226577758789,112.98999786376953,115.08999633789062,112.4800033569336,113.77999877929688,6004100
2023-08-11,110.19087219238281,113.05999755859375,113.4800033569336,111.12999725341797,112.38999938964844,5288900
2023-08-14,112.63716888427734,115.56999969482422,115.80999755859375,113.1500015258789,113.18000030517578,6494200
2023-08-15,114.31352233886719,117.29000091552734,118.05999755859375,114.83999633789062,115.44999694824219,10412200
2023-08-16,112.41300201416016,115.33999633789062,117.80999755859375,115.2699966430664,117.16000366210938,5722000
2023-08-17,111.96467590332031,114.87999725341797,116.77999877929688,114.36000061035156,115.73999786376953,6183900
2023-08-18,113.50458526611328,116.45999908447266,116.98999786376953,113.94999694824219,114.5,9412800
2023-08-21,113.63128662109375,116.58999633789062,117.3499984741211,115.19000244140625,116.9000015258789,5811200
2023-08-22,113.58256530761719,116.54000091552734,117.68000030517578,115.7300033569336,117.51000213623047,4960300
2023-08-23,114.84956359863281,117.83999633789062,120.44999694824219,112.11000061035156,117.0999984741211,16517300
2023-08-24,110.04469299316406,112.91000366210938,119.7300033569336,112.41000366210938,119.68000030517578,11995900
2023-08-25,113.11473083496094,116.05999755859375,116.1500015258789,112.73999786376953,112.91000366210938,8758100
2023-08-28,113.87494659423828,116.83999633789062,117.70999908447266,115.69999694824219,116.37000274658203,4514800
2023-08-29,117.58827209472656,120.6500015258789,121.20999908447266,118.52999877929688,120.94999694824219,11920500
2023-08-30,118.04634094238281,121.12000274658203,121.73999786376953,120.1500015258789,120.72000122070312,5601800
2023-08-31,117.3348617553711,120.38999938964844,121.9800033569336,120.12000274658203,121.0,9109800
2023-09-01,117.86115264892578,120.93000030517578,121.69000244140625,120.08999633789062,121.01000213623047,6189900
2023-09-05,120.83375549316406,123.9800033569336,124.27999877929688,121.18000030517578,122.44000244140625,11089600
2023-09-06,121.17487335205078,124.33000183105469,124.58000183105469,122.7300033569336,123.05999755859375,8728500
2023-09-07,121.91558074951172,125.08999633789062,125.95999908447266,122.58999633789062,123.83000183105469,11864400
2023-09-08,123.11436462402344,126.31999969482422,126.69000244140625,124.3499984741211,124.80000305175781,10595500
2023-09-11,123.49449157714844,126.70999908447266,127.41999816894531,124.72000122070312,127.0199966430664,22155600
2023-09-12,106.82841491699219,109.61000061035156,113.30000305175781,107.30000305175781,112.08000183105469,68605700
2023-09-13,109.0018310546875,111.83999633789062,112.94000244140625,108.19999694824219,108.31999969482422,27171000
2023-09-14,110.77564239501953,113.66000366210938,115.13999938964844,111.94999694824219,113.5,19849700
2023-09-15,111.0193099975586,113.91000366210938,115.19999694824219,112.5,114.19000244140625,23215000
2023-09-18,109.36244201660156,112.20999908447266,114.47000122070312,111.58000183105469,113.41999816894531,11744100
2023-09-19,109.9082260131836,112.7699966430664,113.73999786376953,111.70999908447266,112.4800033569336,9536100
2023-09-20,110.00569152832031,112.87000274658203,114.69999694824219,112.45999908447266,112.80999755859375,8777100
2023-09-21,106.65298461914062,109.43000030517578,112.5,109.33000183105469,111.51000213623047,12645800
2023-09-22,106.26314544677734,109.02999877929688,110.5999984741211,108.51000213623047,109.98999786376953,11150000
2023-09-25,105.55166625976562,108.30000305175781,108.6500015258789,107.5,108.44999694824219,8410000
2023-09-26,102.21845245361328,104.87999725341797,107.4000015258789,104.30999755859375,107.13999938964844,13209000
2023-09-27,101.96505737304688,104.62000274658203,105.27999877929688,103.3499984741211,105.0,8916400
2023-09-28,103.45623016357422,106.1500015258789,106.5999984741211,103.2699966430664,104.02999877929688,7373600
2023-09-29,103.23207092285156,105.91999816894531,107.37000274658203,105.37999725341797,107.11000061035156,7299100
2023-10-02,104.00201416015625,106.70999908447266,106.7300033569336,105.29000091552734,105.80999755859375,5963500
2023-10-03,101.86759185791016,104.5199966430664,106.5,103.54000091552734,106.41999816894531,8783300
2023-10-04,104.36262512207031,107.08000183105469,107.30000305175781,104.5,104.95999908447266,8842700
2023-10-05,105.60039520263672,108.3499984741211,108.44000244140625,106.19000244140625,106.97000122070312,7651500
2023-10-06,107.16954040527344,109.95999908447266,110.52999877929688,107.58000183105469,107.93000030517578,8247000
2023-10-09,107.5204086303711,110.31999969482422,110.97000122070312,109.47000122070312,110.75,6012400
2023-10-10,106.9258804321289,109.70999908447266,111.05999755859375,109.62000274658203,110.20999908447266,6910400
2023-10-11,107.24869537353516,109.63999938964844,110.05999755859375,108.83000183105469,109.51000213623047,5641700
2023-10-12,106.73025512695312,109.11000061035156,110.91999816894531,108.87999725341797,109.94999694824219,6598500
2023-10-13,105.88899993896484,108.25,109.51000213623047,107.79000091552734,109.19000244140625,5879400
2023-10-16,106.33895874023438,108.70999908447266,109.58999633789062,108.30999755859375,108.94999694824219,5488000
2023-10-17,106.66178131103516,109.04000091552734,109.79000091552734,106.9000015258789,107.58000183105469,5261800
2023-10-18,105.88899993896484,108.25,109.7300033569336,107.86000061035156,108.4000015258789,5123900
2023-10-19,105.9770278930664,108.33999633789062,110.22000122070312,108.19000244140625,108.62999725341797,7989200
2023-10-20,99.62859344482422,101.8499984741211,107.04000091552734,100.66000366210938,106.98999786376953,21831400
2023-10-23,101.39912414550781,103.66000366210938,104.69000244140625,102.01000213623047,102.04000091552734,10722600
2023-10-24,100.94914245605469,103.19999694824219,104.45999908447266,102.5,103.94999694824219,6174000
2023-10-25,99.21775817871094,101.43000030517578,103.66999816894531,101.01000213623047,102.69999694824219,7081700
2023-10-26,98.21022033691406,100.4000015258789,102.38999938964844,99.87000274658203,101.69000244140625,7565600
2023-10-27,98.78734588623047,100.98999786376953,102.08999633789062,100.58999633789062,101.0,5207900
2023-10-30,99.43295288085938,101.6500015258789,102.41000366210938,100.81999969482422,101.13999938964844,5433700
2023-10-31,101.14479064941406,103.4000015258789,103.5199966430664,101.0999984741211,102.01000213623047,6258400
2023-11-01,103.44354248046875,105.75,106.19999694824219,103.80000305175781,103.80000305175781,8602400
2023-11-02,104.53909301757812,106.87000274658203,107.22000122070312,105.56999969482422,106.44999694824219,5918300
2023-11-03,105.69336700439453,108.05000305175781,109.06999969482422,106.62000274658203,107.16999816894531,7280000
2023-11-06,106.73025512695312,109.11000061035156,109.20999908447266,107.44000244140625,108.05999755859375,6062800
2023-11-07,106.61285400390625,108.98999786376953,110.37999725341797,108.58000183105469,109.98999786376953,7412600
2023-11-08,109.88002014160156,112.33000183105469,112.55999755859375,109.19000244140625,109.2300033569336,10994900
2023-11-09,109.73329162597656,112.18000030517578,113.30999755859375,111.61000061035156,112.4000015258789,6853900
2023-11-10,110.60387420654297,113.06999969482422,113.18000030517578,111.13999938964844,112.08999633789062,5233900
2023-11-13,111.66032409667969,114.1500015258789,114.48999786376953,112.77999877929688,113.06999969482422,5740500
2023-11-14,113.56778717041016,116.0999984741211,116.45999908447266,114.44999694824219,114.86000061035156,6733700
2023-11-15,111.5722885131836,114.05999755859375,116.30999755859375,113.93000030517578,116.1500015258789,7386200
2023-11-16,112.16897583007812,114.66999816894531,115.87000274658203,113.47000122070312,113.76000213623047,7476100
2023-11-17,112.84394073486328,115.36000061035156,115.63999938964844,114.16000366210938,114.61000061035156,4791300
2023-11-20,114.36988830566406,116.91999816894531,117.1500015258789,115.51000213623047,115.6500015258789,5728300
2023-11-21,113.54822540283203,116.08000183105469,117.66999816894531,115.68000030517578,117.20999908447266,5995300
2023-11-22,113.70472717285156,116.23999786376953,117.29000091552734,115.51000213623047,116.69999694824219,4343700
2023-11-24,113.71452331542969,116.25,116.58999633789062,115.33999633789062,116.48999786376953,2168200
2023-11-27,113.92972564697266,116.47000122070312,116.7699966430664,115.44999694824219,116.01000213623047,5165300
2023-11-28,113.70472717285156,116.23999786376953,116.80000305175781,115.87000274658203,116.0,4892600
2023-11-29,113.6753921508789,116.20999908447266,117.58000183105469,115.95999908447266,117.33999633789062,6127200
2023-11-30,113.6753921508789,116.20999908447266,117.2300033569336,115.18000030517578,116.86000061035156,11075600
2023-12-01,114.60468292236328,117.16000366210938,117.3499984741211,115.26000213623047,116.06999969482422,5739800
2023-12-04,113.2547607421875,115.77999877929688,116.68000030517578,114.55000305175781,116.2699966430664,5587500
2023-12-05,112.03202819824219,114.52999877929688,115.2699966430664,113.80999755859375,114.56999969482422,5913600
2023-12-06,109.58655548095703,112.02999877929688,114.98999786376953,111.93000030517578,114.94000244140625,7815700
2023-12-07,110.40824127197266,112.87000274658203,113.02999877929688,111.80999755859375,112.41000366210938,6772800
2023-12-08,111.13208770751953,113.61000061035156,113.63999938964844,111.58999633789062,112.01000213623047,7766000
2023-12-11,112.61894226074219,115.12999725341797,115.3499984741211,113.61000061035156,113.7699966430664,19544200
2023-12-12,98.61126708984375,100.80999755859375,104.94999694824219,100.69000244140625,102.69999694824219,57666500
2023-12-13,100.74372863769531,102.98999786376953,103.0999984741211,99.26000213623047,101.08000183105469,29392200
2023-12-14,98.12218475341797,100.30999755859375,102.25,99.87000274658203,101.87000274658203,22865200
2023-12-15,101.0665283203125,103.31999969482422,103.98999786376953,99.36000061035156,99.69000244140625,30212300
2023-12-18,102.70988464355469,105.0,106.16000366210938,102.91000366210938,103.41000366210938,13473100
2023-12-19,103.93262481689453,106.25,106.33999633789062,104.80000305175781,104.9800033569336,10108500
2023-12-20,101.87842559814453,104.1500015258789,106.08999633789062,104.05000305175781,105.94999694824219,9242000
2023-12-21,103.5511245727539,105.86000061035156,105.93000030517578,104.5199966430664,104.69999694824219,8168000
2023-12-22,103.88370513916016,106.19999694824219,106.48999786376953,105.45999908447266,105.69999694824219,5680000
2023-12-26,103.8739242553711,106.19000244140625,106.6500015258789,105.33999633789062,106.5199966430664,5767400
2023-12-27,103.62938690185547,105.94000244140625,106.33000183105469,105.55999755859375,106.31999969482422,5627400
2023-12-28,103.93262481689453,106.25,106.61000061035156,105.58000183105469,106.01000213623047,5689100
2023-12-29,103.1305160522461,105.43000030517578,106.91999816894531,104.77999877929688,106.5999984741211,6899700
2024-01-02,101.79039001464844,104.05999755859375,104.68000030517578,102.44000244140625,104.5199966430664,9597500
2024-01-03,100.22528839111328,102.45999908447266,103.37999725341797,101.73999786376953,103.30000305175781,9455600
2024-01-04,100.35245513916016,102.58999633789062,103.36000061035156,102.4000015258789,102.7699966430664,6822300
2024-01-05,100.48939514160156,102.7300033569336,103.72000122070312,102.29000091552734,102.52999877929688,6133800
2024-01-08,102.37731170654297,104.66000366210938,104.7699966430664,102.12999725341797,102.94000244140625,7038700
2024-01-09,101.36976623535156,103.62999725341797,104.4800033569336,103.29000091552734,103.8499984741211,6725200
2024-01-10,102.04732513427734,103.91999816894531,104.06999969482422,102.72000122070312,103.08999633789062,7270500
2024-01-11,102.88200378417969,104.7699966430664,104.83999633789062,103.54000091552734,104.3499984741211,6119000
2024-01-12,104.67903137207031,106.5999984741211,106.69999694824219,104.97000122070312,105.0999984741211,9703800
2024-01-16,104.64957427978516,106.56999969482422,106.66000366210938,105.41999816894531,106.41000366210938,7547200
2024-01-17,104.5121078491211,106.43000030517578,107.5,105.68000030517578,106.45999908447266,7771500
2024-01-18,106.74119567871094,108.69999694824219,108.87999725341797,106.62000274658203,106.98999786376953,10362300
2024-01-19,107.69371795654297,109.66999816894531,110.22000122070312,109.0199966430664,109.31999969482422,11163800
2024-01-22,108.115966796875,110.0999984741211,110.69000244140625,109.2699966430664,110.05999755859375,7485300
2024-01-23,109.81478881835938,111.83000183105469,112.68000030517578,109.55999755859375,110.29000091552734,9185900
2024-01-24,112.25010681152344,114.30999755859375,115.41999816894531,113.33000183105469,113.41999816894531,11702700
2024-01-25,112.92767333984375,115.0,116.18000030517578,114.3499984741211,114.88999938964844,8877200
2024-01-26,112.57416534423828,114.63999938964844,115.4800033569336,114.2699966430664,114.63999938964844,5541800
2024-01-29,111.70018768310547,113.75,114.58999633789062,113.01000213623047,114.19000244140625,7014400
2024-01-30,112.1028060913086,114.16000366210938,114.4000015258789,112.62999725341797,113.36000061035156,8231900
2024-01-31,109.68714141845703,111.69999694824219,114.2699966430664,111.66999816894531,113.80999755859375,7386700
2024-02-01,113.4481201171875,115.52999877929688,115.77999877929688,112.55000305175781,112.91000366210938,7882200
2024-02-02,113.70343017578125,115.79000091552734,116.48999786376953,115.16000366210938,115.81999969482422,6499400
2024-02-05,114.2926254272461,116.38999938964844,116.72000122070312,114.7699966430664,115.52999877929688,8084500
2024-02-06,113.2222671508789,115.30000305175781,116.94999694824219,114.9800033569336,116.73999786376953,4637500
2024-02-07,115.1567611694336,117.2699966430664,117.58999633789062,115.30000305175781,115.80000305175781,7672900
2024-02-08,114.57740020751953,116.68000030517578,117.79000091552734,115.97000122070312,117.08999633789062,4472800
2024-02-09,114.53811645507812,116.63999938964844,117.33999633789062,115.7300033569336,117.05999755859375,5787100
2024-02-12,113.75252532958984,115.83999633789062,117.0999984741211,115.37999725341797,116.26000213623047,5439600
2024-02-13,111.63145446777344,113.68000030517578,114.20999908447266,113.0,113.79000091552734,8171700
2024-02-14,112.20101165771484,114.26000213623047,114.72000122070312,113.52999877929688,114.31999969482422,5946100
2024-02-15,110.74766540527344,112.77999877929688,114.30999755859375,112.56999969482422,114.25,8455600
2024-02-16,109.30416107177734,111.30999755859375,113.11000061035156,111.25,113.0199966430664,8936000
2024-02-20,106.49569702148438,108.44999694824219,110.7699966430664,107.68000030517578,110.54000091552734,10975600
2024-02-21,106.21092224121094,108.16000366210938,108.37999725341797,106.51000213623047,106.76000213623047,7865300
2024-02-22,109.00957489013672,111.01000213623047,111.88999938964844,109.66000366210938,111.48999786376953,8957800
2024-02-23,109.93263244628906,111.94999694824219,113.37000274658203,111.70999908447266,112.0,7504500
2024-02-26,108.97028350830078,110.97000122070312,112.54000091552734,110.93000030517578,112.0,6342900
2024-02-27,109.3729019165039,111.37999725341797,111.51000213623047,109.79000091552734,110.62000274658203,6593100
2024-02-28,109.66749572753906,111.68000030517578,112.0199966430664,111.0999984741211,111.26000213623047,5278300
2024-02-29,109.66749572753906,111.68000030517578,112.44000244140625,110.63999938964844,111.68000030517578,12193900
2024-03-01,111.72965240478516,113.77999877929688,113.94000244140625,111.5199966430664,111.68000030517578,7605100
2024-03-04,112.00460815429688,114.05999755859375,114.5999984741211,113.38999938964844,113.58000183105469,6588100
2024-03-05,108.94083404541016,110.94000244140625,113.19999694824219,110.37000274658203,112.81999969482422,8242000
2024-03-06,110.24687194824219,112.2699966430664,113.05000305175781,110.66999816894531,111.5,6706400
2024-03-07,112.47595977783203,114.54000091552734,114.80000305175781,112.29000091552734,113.94000244140625,7670100
2024-03-08,110.39415740966797,112.41999816894531,114.33000183105469,111.54000091552734,114.06999969482422,8312900
2024-03-11,112.0733413696289,114.12999725341797,114.75,111.18000030517578,111.61000061035156,20438300
2024-03-12,125.24170684814453,127.54000091552734,129.3699951171875,124.5999984741211,126.26000213623047,48536100
2024-03-13,123.25809478759766,125.5199966430664,128.8000030517578,124.83000183105469,128.0,15870300
2024-03-14,123.26791381835938,125.52999877929688,127.80000305175781,124.94000244140625,127.2300033569336,10965900
2024-03-15,123.27774047851562,125.54000091552734,126.01000213623047,123.55999755859375,124.04000091552734,17844900
2024-03-18,125.49702453613281,127.80000305175781,128.9499969482422,126.87999725341797,127.19999694824219,12231400
2024-03-19,126.86195373535156,129.19000244140625,129.2100067138672,126.48999786376953,127.75,10221000
2024-03-20,126.91106414794922,129.24000549316406,130.69000244140625,128.27000427246094,129.97999572753906,8373300
2024-03-21,126.68521118164062,129.00999450683594,132.77000427246094,128.9499969482422,130.52000427246094,17842400
2024-03-22,125.48719024658203,127.79000091552734,129.2100067138672,127.55000305175781,129.00999450683594,6660000
2024-03-25,123.8080062866211,126.08000183105469,127.66999816894531,126.05000305175781,127.66999816894531,7446100
2024-03-26,124.19097137451172,126.47000122070312,126.94000244140625,125.83999633789062,126.75,7063900
2024-03-27,123.0125961303711,125.2699966430664,127.81999969482422,124.47000122070312,127.33000183105469,8115900
2024-03-28,123.34646606445312,125.61000061035156,126.16999816894531,125.19999694824219,125.38999938964844,6587400
2024-04-01,123.21881866455078,125.4800033569336,126.2699966430664,124.55999755859375,125.54000091552734,4133600
2024-04-02,122.09935760498047,124.33999633789062,124.93000030517578,123.43000030517578,124.51000213623047,4862400
2024-04-03,123.96511840820312,126.23999786376953,126.41000366210938,124.05999755859375,124.26000213623047,7430000
2024-04-04,121.95206451416016,124.19000244140625,127.98999786376953,124.02999877929688,127.5999984741211,7588300
2024-04-05,122.6492691040039,124.9000015258789,126.0,124.13999938964844,124.41999816894531,4899500
2024-04-08,122.10917663574219,124.3499984741211,125.12000274658203,123.76000213623047,125.0,6119200
2024-04-09,121.3998794555664,123.2300033569336,124.75,121.23999786376953,124.3499984741211,5564100
2024-04-10,119.94185638427734,121.75,123.08000183105469,121.31999969482422,121.3499984741211,4509900
2024-04-11,121.40972900390625,123.23999786376953,123.81999969482422,121.36000061035156,121.72000122070312,7315200
2024-04-12,119.31136322021484,121.11000061035156,121.83999633789062,120.41999816894531,121.73999786376953,6196900
2024-04-15,118.09961700439453,119.87999725341797,122.47000122070312,119.44000244140625,122.18000030517578,5101500
2024-04-16,118.82864379882812,120.62000274658203,121.44000244140625,119.75,120.08999633789062,7000000
2024-04-17,116.90760040283203,118.66999816894531,121.04000091552734,118.61000061035156,120.9800033569336,5366600
2024-04-18,114.27725219726562,116.0,118.76000213623047,115.69999694824219,118.76000213623047,6662400
2024-04-19,113.17387390136719,114.87999725341797,116.7699966430664,114.45999908447266,116.12000274658203,8251500
2024-04-22,112.82908630371094,114.52999877929688,116.33999633789062,114.33999633789062,116.02999877929688,7125500
2024-04-23,113.38076782226562,115.08999633789062,115.86000061035156,114.75,115.16999816894531,5494800
2024-04-24,113.62704467773438,115.33999633789062,115.7300033569336,113.87999725341797,115.37999725341797,5791800
2024-04-25,113.1837387084961,114.88999938964844,114.98999786376953,112.77999877929688,113.62999725341797,6796600
2024-04-26,115.46927642822266,117.20999908447266,119.20999908447266,116.1500015258789,117.04000091552734,8355100
2024-04-29,114.75997161865234,116.48999786376953,117.30999755859375,115.29000091552734,116.98999786376953,4994100
2024-04-30,112.06066131591797,113.75,115.5199966430664,113.69000244140625,115.08999633789062,6234700
2024-05-01,112.92760467529297,114.62999725341797,116.76000213623047,113.6500015258789,113.91000366210938,5583600
2024-05-02,113.25269317626953,114.95999908447266,115.80999755859375,114.26000213623047,115.2300033569336,5001000
2024-05-03,114.08023071289062,115.80000305175781,116.20999908447266,115.06999969482422,115.9800033569336,4485000
2024-05-06,116.58248901367188,118.33999633789062,118.36000061035156,116.18000030517578,116.33000183105469,6052400
2024-05-07,116.17858123779297,117.93000030517578,119.12999725341797,117.29000091552734,118.0,6437700
2024-05-08,115.64661407470703,117.38999938964844,117.9800033569336,117.11000061035156,117.70999908447266,4636000
2024-05-09,114.90774536132812,116.63999938964844,117.7300033569336,116.5,117.38999938964844,3236200
2024-05-10,114.93730163574219,116.66999816894531,117.62999725341797,115.91000366210938,117.1500015258789,4122500
2024-05-13,114.64175415039062,116.37000274658203,117.19000244140625,116.19999694824219,117.12999725341797,4140000
2024-05-14,119.0749282836914,120.87000274658203,122.55000305175781,116.12999725341797,116.5,17811200
2024-05-15,119.82362365722656,121.62999725341797,122.08999633789062,119.66999816894531,120.16999816894531,6604600
2024-05-16,120.34576416015625,122.16000366210938,122.44999694824219,121.20999908447266,121.94000244140625,5159300
2024-05-17,121.66586303710938,123.5,123.58000183105469,122.08000183105469,123.18000030517578,6179400
2024-05-20,122.67071533203125,124.5199966430664,124.68000030517578,123.23999786376953,123.80000305175781,5989000
2024-05-21,122.77908325195312,124.62999725341797,125.36000061035156,123.91999816894531,124.45999908447266,5549500
2024-05-22,122.7495346069336,124.5999984741211,125.16000366210938,123.30000305175781,124.62999725341797,5705000
2024-05-23,122.24710083007812,124.08999633789062,126.69999694824219,123.16000366210938,126.55000305175781,6108600
2024-05-24,121.08464050292969,122.91000366210938,123.51000213623047,121.41999816894531,123.41999816894531,7173400
2024-05-28,122.64117431640625,124.48999786376953,124.81999969482422,123.01000213623047,123.23999786376953,6911400
2024-05-29,121.90229797363281,123.73999786376953,123.91999816894531,122.7699966430664,122.98999786376953,4735100
2024-05-30,115.35105895996094,117.08999633789062,121.44000244140625,117.02999877929688,120.16999816894531,10839600
2024-05-31,115.44956970214844,117.19000244140625,117.41999816894531,114.55000305175781,116.58999633789062,12755600
2024-06-03,117.50852966308594,119.27999877929688,119.33000183105469,117.33999633789062,117.52999877929688,7256300
2024-06-04,118.28680419921875,120.06999969482422,120.37000274658203,118.72000122070312,119.0199966430664,7368000
2024-06-05,120.80877685546875,122.62999725341797,122.79000091552734,120.51000213623047,121.6500015258789,5973700
2024-06-06,121.66586303710938,123.5,124.2699966430664,122.25,122.87999725341797,7347200
2024-06-07,124.04991912841797,125.91999816894531,126.22000122070312,123.2699966430664,124.20999908447266,11545000
2024-06-10,122.65101623535156,124.5,126.94999694824219,124.05000305175781,125.7300033569336,10164700
2024-06-11,122.04021453857422,123.87999725341797,124.83000183105469,122.29000091552734,124.05000305175781,18373900
2024-06-12,138.29518127441406,140.3800048828125,140.9600067138672,133.9600067138672,134.69000244140625,40871300
2024-06-13,137.77304077148438,139.85000610351562,142.39999389648438,138.77000427246094,140.42999267578125,13733200
2024-06-14,136.07858276367188,138.1300048828125,139.97000122070312,137.3800048828125,139.25999450683594,11330800
2024-06-17,139.21136474609375,141.30999755859375,141.44000244140625,138.25,138.8000030517578,11232800
2024-06-18,142.49191284179688,144.63999938964844,145.05999755859375,141.22000122070312,141.22000122070312,11629400
2024-06-20,140.78759765625,142.91000366210938,145.32000732421875,141.9499969482422,145.32000732421875,8940000
2024-06-21,139.39852905273438,141.5,143.72000122070312,140.44000244140625,143.72000122070312,14844100
2024-06-24,137.8124542236328,139.88999938964844,141.52999877929688,139.1199951171875,140.0,7793300
2024-06-25,137.10313415527344,139.1699981689453,139.5500030517578,137.55999755859375,139.0,8205500
2024-06-26,136.17709350585938,138.22999572753906,140.75,138.0800018310547,139.49000549316406,8036300
2024-06-27,138.09812927246094,140.17999267578125,141.4199981689453,138.80999755859375,139.25,7518200
2024-06-28,139.10299682617188,141.1999969482422,142.82000732421875,139.27000427246094,139.44000244140625,25814800
2024-07-01,140.96490478515625,143.08999633789062,144.05999755859375,141.07000732421875,141.69000244140625,6552400
2024-07-02,141.15211486816406,143.27999877929688,144.22000122070312,142.5500030517578,142.6300048828125,5920500
2024-07-03,142.23577880859375,144.3800048828125,144.64999389648438,143.5,143.75,3560800
2024-07-05,142.6790771484375,144.8300018310547,145.7899932861328,144.02000427246094,144.9499969482422,5365500
2024-07-08,142.8760986328125,145.02999877929688,145.22999572753906,143.42999267578125,144.75999450683594,8622600
2024-07-09,138.59071350097656,140.67999267578125,145.6999969482422,138.0,145.1300048828125,14334200
2024-07-10,139.9600830078125,142.07000732421875,142.3800048828125,139.74000549316406,141.1199951171875,6350300
2024-07-11,141.03692626953125,142.75999450683594,143.47999572753906,141.67999267578125,142.36000061035156,5245100
2024-07-12,143.02267456054688,144.77000427246094,145.1300048828125,141.25999450683594,142.7100067138672,7361800
2024-07-15,141.3431854248047,143.07000732421875,146.58999633789062,141.9199981689453,145.72999572753906,8687800
2024-07-16,140.88873291015625,142.61000061035156,143.5,142.0500030517578,143.07000732421875,7181500
2024-07-17,137.5791473388672,139.25999450683594,141.7899932861328,138.67999267578125,140.47999572753906,9157000
2024-07-18,136.364013671875,138.02999877929688,140.05999755859375,137.1999969482422,139.36000061035156,5998700
2024-07-19,136.88760375976562,138.55999755859375,140.44000244140625,138.0800018310547,138.35000610351562,6111900
2024-07-22,138.47817993164062,140.1699981689453,140.67999267578125,139.1199951171875,139.74000549316406,5387200
2024-07-23,141.38270568847656,143.11000061035156,143.22000122070312,141.2100067138672,141.3000030517578,6697400
2024-07-24,137.09507751464844,138.77000427246094,142.66000366210938,138.39999389648438,141.6999969482422,8018800
2024-07-25,136.1565399169922,137.82000732421875,141.07000732421875,137.6999969482422,140.14999389648438,7654600
2024-07-26,137.3321533203125,139.00999450683594,139.9600067138672,138.3800048828125,138.8699951171875,5139400
2024-07-29,136.64060974121094,138.30999755859375,139.77999877929688,137.82000732421875,139.27000427246094,4054600
2024-07-30,134.03248596191406,135.6699981689453,139.57000732421875,134.9600067138672,139.07000732421875,6505700
2024-07-31,137.76686096191406,139.4499969482422,141.5500030517578,138.66000366210938,139.69000244140625,7188000
2024-08-01,135.8502655029297,137.50999450683594,140.38999938964844,135.77000427246094,139.2899932861328,5906800
2024-08-02,131.6713409423828,133.27999877929688,134.3000030517578,131.8000030517578,132.77000427246094,8251600
2024-08-05,126.31675720214844,127.86000061035156,129.97000122070312,126.66000366210938,127.88999938964844,10355000
2024-08-06,126.66254425048828,128.2100067138672,131.0399932861328,128.0800018310547,130.5399932861328,8373900
2024-08-07,124.38041687011719,125.9000015258789,130.3000030517578,125.75,128.9199981689453,8617700
2024-08-08,127.40348815917969,128.9600067138672,129.82000732421875,127.6500015258789,128.0,6243200
2024-08-09,130.466064453125,132.05999755859375,132.3699951171875,128.33999633789062,128.39999389648438,5597300
2024-08-12,130.97979736328125,132.5800018310547,132.7100067138672,131.2100067138672,132.25,5600800
2024-08-13,132.63951110839844,134.25999450683594,134.5399932861328,132.80999755859375,132.97000122070312,4324000
2024-08-14,133.96334838867188,135.60000610351562,135.97000122070312,134.00999450683594,134.0399932861328,4044600
2024-08-15,135.2772674560547,136.92999267578125,137.25,135.72000122070312,136.92999267578125,4698100
2024-08-16,135.81077575683594,137.47000122070312,137.82000732421875,136.38999938964844,136.7899932861328,4893800
2024-08-19,136.25534057617188,137.9199981689453,137.9499969482422,136.4600067138672,137.52999877929688,3641600
2024-08-20,137.490234375,139.1699981689453,139.7899932861328,137.82000732421875,137.82000732421875,3738300
2024-08-21,138.50782775878906,140.1999969482422,140.3000030517578,138.5500030517578,138.8000030517578,3776800
2024-08-22,136.4134063720703,138.0800018310547,141.0800018310547,137.64999389648438,140.6999969482422,5162200
2024-08-23,137.510009765625,139.19000244140625,139.7899932861328,137.25999450683594,138.72999572753906,4544600
2024-08-26,137.22349548339844,138.89999389648438,139.39999389648438,138.19000244140625,139.38999938964844,2729600
2024-08-27,136.80859375,138.47999572753906,139.5,137.74000549316406,137.85000610351562,3872200
2024-08-28,136.21583557128906,137.8800048828125,138.9499969482422,136.91000366210938,138.8300018310547,3022600
2024-08-29,137.7372283935547,139.4199981689453,141.16000366210938,138.85000610351562,139.13999938964844,4588400
2024-08-30,139.58465576171875,141.2899932861328,141.72000122070312,140.10000610351562,140.3300018310547,7980700
2024-09-03,137.81625366210938,139.5,142.1999969482422,138.8300018310547,140.4499969482422,6831200
2024-09-04,139.05116271972656,140.75,141.10000610351562,137.9499969482422,138.44000244140625,6243300
2024-09-05,140.88873291015625,142.61000061035156,143.27999877929688,140.30999755859375,141.39999389648438,8733200
2024-09-06,140.098388671875,141.80999755859375,143.94000244140625,139.39999389648438,143.7899932861328,11154800
2024-09-09,138.20155334472656,139.88999938964844,143.3000030517578,139.50999450683594,142.49000549316406,20233400
2024-09-10,154.0084228515625,155.88999938964844,160.52000427246094,153.1199951171875,154.22999572753906,37374200
2024-09-11,155.28285217285156,157.17999267578125,159.44000244140625,154.83999633789062,156.77999877929688,12630100
2024-09-12,159.4321746826172,161.3800048828125,162.33999633789062,157.89999389648438,159.0399932861328,16161300
2024-09-13,160.0743408203125,162.02999877929688,173.94000244140625,161.0,173.6999969482422,25727800
2024-09-16,168.27415466308594,170.3300018310547,173.99000549316406,164.50999450683594,164.99000549316406,27384400
2024-09-17,165.4486541748047,167.47000122070312,170.63999938964844,166.77000427246094,170.27999877929688,12580100
2024-09-18,162.5441436767578,164.52999877929688,167.6199951171875,163.72999572753906,167.6199951171875,12274400
2024-09-19,165.56723022460938,167.58999633789062,168.16000366210938,164.50999450683594,167.25,10075900
2024-09-20,165.9722900390625,168.0,168.8300018310547,166.60000610351562,167.1300048828125,12187700
2024-09-23,163.94700622558594,165.9499969482422,167.3300018310547,164.25999450683594,167.22999572753906,7916100
2024-09-24,163.798828125,165.8000030517578,166.10000610351562,163.9199981689453,165.74000549316406,6155100
2024-09-25,164.2730255126953,166.27999877929688,168.75,165.66000366210938,167.69000244140625,7142400
2024-09-26,166.07107543945312,168.10000610351562,168.36000061035156,166.47999572753906,167.64999389648438,7096800
2024-09-27,166.70335388183594,168.74000549316406,169.11000061035156,166.50999450683594,168.08999633789062,8974400
2024-09-30,168.3433074951172,170.39999389648438,170.52000427246094,166.4499969482422,169.5,10210300
2024-10-01,165.1424102783203,167.16000366210938,170.50999450683594,165.97000122070312,170.22000122070312,7595100
2024-10-02,165.68577575683594,167.7100067138672,169.17999267578125,167.27000427246094,167.60000610351562,7073000
2024-10-03,164.8460235595703,166.86000061035156,167.86000061035156,166.24000549316406,166.88999938964844,4735700
2024-10-04,168.79776000976562,170.86000061035156,170.89999389648438,168.1699981689453,168.7100067138672,6386900
2024-10-07,167.91848754882812,169.97000122070312,172.3300018310547,169.5500030517578,170.4199981689453,6791000
2024-10-08,172.26539611816406,174.3699951171875,174.63999938964844,170.44000244140625,170.60000610351562,7845400
2024-10-09,176.1380615234375,178.2899932861328,178.61000061035156,173.80999755859375,174.55999755859375,8120900
2024-10-10,173.68251037597656,175.41000366210938,178.3000030517578,174.17999267578125,177.64999389648438,7115900
2024-10-11,174.03895568847656,175.77000427246094,177.0,174.39999389648438,175.5,5869400
2024-10-14,174.385498046875,176.1199951171875,177.22000122070312,175.5,176.5500030517578,4688700
2024-10-15,172.37547302246094,174.08999633789062,178.22000122070312,173.75,176.94000244140625,5848600
2024-10-16,173.04881286621094,174.77000427246094,174.91000366210938,171.63999938964844,173.5,6383000
2024-10-17,173.9498291015625,175.67999267578125,177.75,175.13999938964844,177.5,5474000
2024-10-18,172.96958923339844,174.69000244140625,176.97000122070312,174.5800018310547,176.8000030517578,5001300
2024-10-21,172.0487518310547,173.75999450683594,175.14999389648438,173.16000366210938,174.4499969482422,4198400
2024-10-22,173.58348083496094,175.30999755859375,175.85000610351562,174.27999877929688,175.4499969482422,5510100
2024-10-23,171.39524841308594,173.10000610351562,176.07000732421875,173.00999450683594,174.5,4830400
2024-10-24,172.6626434326172,174.3800048828125,174.9499969482422,172.91000366210938,173.32000732421875,3488000
2024-10-25,171.8111114501953,173.52000427246094,176.2899932861328,173.10000610351562,174.77999877929688,3674700
2024-10-28,170.72193908691406,172.4199981689453,174.1699981689453,172.13999938964844,174.0500030517578,4330000
2024-10-29,171.7220001220703,173.42999267578125,174.02000427246094,172.2899932861328,172.2899932861328,4122900
2024-10-30,172.8408660888672,174.55999755859375,176.16000366210938,172.7899932861328,173.97999572753906,5822500
2024-10-31,166.18704223632812,167.83999633789062,170.8800048828125,167.39999389648438,170.52000427246094,9477500
2024-11-01,168.3455810546875,170.02000427246094,172.27000427246094,169.10000610351562,170.14999389648438,5680600
2024-11-04,167.91981506347656,169.58999633789062,170.47999572753906,168.72999572753906,170.30999755859375,4804400
2024-11-05,170.08824157714844,171.77999877929688,171.88999938964844,170.32000732421875,170.47000122070312,5456800
2024-11-06,179.45509338378906,181.24000549316406,182.10000610351562,177.4199981689453,178.52000427246094,11085000
2024-11-07,184.53456115722656,186.3699951171875,186.6699981689453,180.5399932861328,181.0800018310547,7759400
2024-11-08,187.38619995117188,189.25,190.16000366210938,186.25999450683594,186.25999450683594,8520400
2024-11-11,187.2673797607422,189.1300048828125,191.5,187.83999633789062,191.0500030517578,5973600
2024-11-12,187.71295166015625,189.5800018310547,190.61000061035156,187.1999969482422,188.5399932861328,6629900
2024-11-13,187.76246643066406,189.6300048828125,191.77000427246094,188.7899932861328,189.0,5695400
2024-11-14,185.20785522460938,187.0500030517578,189.58999633789062,186.7100067138672,188.66000366210938,7804300
2024-11-15,181.9304656982422,183.74000549316406,185.8000030517578,182.3300018310547,184.52000427246094,8986300
2024-11-18,183.90086364746094,185.72999572753906,186.17999267578125,182.8800048828125,184.3000030517578,6289400
2024-11-19,187.0396270751953,188.89999389648438,189.32000732421875,184.32000732421875,184.88999938964844,8117000
2024-11-20,188.8714141845703,190.75,190.97000122070312,187.82000732421875,190.89999389648438,4860200
2024-11-21,190.53488159179688,192.42999267578125,196.0399932861328,191.63999938964844,191.94000244140625,11394300
2024-11-22,190.39625549316406,192.2899932861328,194.1999969482422,191.05999755859375,193.0,6879400
2024-11-25,186.13861083984375,187.99000549316406,194.75,187.99000549316406,194.5,15138500
2024-11-26,188.4951629638672,190.3699951171875,192.39999389648438,188.32000732421875,188.32000732421875,6427200
2024-11-27,180.9007110595703,182.6999969482422,188.9600067138672,182.22000122070312,188.9600067138672,8368800
2024-11-29,183.0196075439453,184.83999633789062,185.92999267578125,184.0,184.00999450683594,4628000
2024-12-02,179.6234130859375,181.41000366210938,185.2899932861328,181.0,185.2899932861328,8859700
2024-12-03,181.0888214111328,182.88999938964844,183.0399932861328,179.11000061035156,181.17999267578125,8917100
2024-12-04,186.33663940429688,188.19000244140625,189.7899932861328,185.89999389648438,188.0,8906300
2024-12-05,184.4058380126953,186.24000549316406,189.02000427246094,185.85000610351562,189.02000427246094,6398100
2024-12-06,189.8021697998047,191.69000244140625,192.6300048828125,186.3800048828125,187.0,10503400
2024-12-09,188.5743865966797,190.4499969482422,198.30999755859375,188.92999267578125,196.3000030517578,20158000
2024-12-10,175.98956298828125,177.74000549316406,177.8000030517578,171.05999755859375,173.4600067138672,26502000
2024-12-11,176.82127380371094,178.5800018310547,181.3800048828125,174.8300018310547,178.0,13188700
2024-12-12,173.5933837890625,175.32000732421875,178.1699981689453,174.80999755859375,178.0,8154200
2024-12-13,171.68240356445312,173.38999938964844,176.13999938964844,171.63999938964844,175.0,8351100
2024-12-16,169.5436553955078,171.22999572753906,174.27000427246094,170.92999267578125,173.83999633789062,9572000
2024-12-17,168.03863525390625,169.7100067138672,172.99000549316406,169.27000427246094,170.75,8940200
2024-12-18,163.78099060058594,165.41000366210938,171.22999572753906,165.36000061035156,169.41000366210938,8817900
2024-12-19,167.12770080566406,168.7899932861328,171.0,167.39999389648438,167.5500030517578,8386400
2024-12-20,167.9891357421875,169.66000366210938,171.25999450683594,165.6300048828125,167.72999572753906,13810500
2024-12-23,167.4742431640625,169.13999938964844,169.6199951171875,167.1699981689453,169.58999633789062,6518200
2024-12-24,169.72190856933594,171.41000366210938,171.77000427246094,169.02999877929688,169.6999969482422,2451500
2024-12-26,169.98922729492188,171.67999267578125,172.5500030517578,170.5,170.5,4100100
2024-12-27,167.2960205078125,168.9600067138672,171.14999389648438,167.1999969482422,170.3800048828125,4344300
2024-12-30,165.26622009277344,166.91000366210938,167.91000366210938,164.5500030517578,166.50999450683594,5254800
2024-12-31,164.99887084960938,166.63999938964844,167.3000030517578,165.83999633789062,167.1999969482422,4307500
2025-01-02,164.39486694335938,166.02999877929688,168.69000244140625,164.89999389648438,168.52000427246094,5360800
2025-01-03,164.68203735351562,166.32000732421875,167.1999969482422,165.27000427246094,166.6999969482422,5876000
2025-01-06,164.0582275390625,165.69000244140625,168.0500030517578,165.19000244140625,167.30999755859375,6845400
2025-01-07,160.4342803955078,162.02999877929688,166.16000366210938,161.32000732421875,165.5800018310547,7712200
2025-01-08,161.53334045410156,163.13999938964844,163.97999572753906,161.42999267578125,162.17999267578125,7596200
2025-01-10,153.3544464111328,154.5,159.1999969482422,153.9199981689453,159.1999969482422,13593900
2025-01-13,152.7787322998047,153.9199981689453,154.14999389648438,152.4199981689453,153.74000549316406,8828500
2025-01-14,155.15101623535156,156.30999755859375,157.25,154.35000610351562,156.4199981689453,7410200
2025-01-15,157.1361846923828,158.30999755859375,159.14999389648438,157.25999450683594,158.6699981689453,10701200
2025-01-16,158.3570556640625,159.5399932861328,161.5,158.41000366210938,160.14999389648438,9210600
2025-01-17,159.8360137939453,161.02999877929688,163.16000366210938,160.5399932861328,161.77000427246094,11618300
2025-01-21,171.29046630859375,172.57000732421875,173.3699951171875,162.75,163.8699951171875,30232000
2025-01-22,182.8540802001953,184.22000122070312,191.99000549316406,180.57000732421875,191.50999450683594,48028500
2025-01-23,185.08740234375,186.47000122070312,186.57000732421875,181.5,181.63999938964844,17314600
2025-01-24,182.23867797851562,183.60000610351562,189.10000610351562,181.8699951171875,188.63999938964844,12147200
2025-01-27,157.1063995361328,158.27999877929688,172.52000427246094,152.66000366210938,168.89999389648438,42201600
2025-01-28,162.7839813232422,164.0,165.8300018310547,156.75,162.99000549316406,20319300
2025-01-29,160.81869506835938,162.02000427246094,164.02999877929688,160.00999450683594,164.02999877929688,9866600
2025-01-30,169.11669921875,170.3800048828125,171.49000549316406,164.10000610351562,164.77999877929688,14981700
2025-01-31,168.79905700683594,170.05999755859375,173.0,169.1300048828125,170.41000366210938,8704600
2025-02-03,167.34988403320312,168.60000610351562,169.89999389648438,163.1999969482422,163.1999969482422,8250600
2025-02-04,166.64515686035156,167.88999938964844,170.39999389648438,166.35000610351562,170.39999389648438,6777000
2025-02-05,170.38720703125,171.66000366210938,171.88999938964844,168.52000427246094,168.99000549316406,7866700
2025-02-06,171.07208251953125,172.35000610351562,175.64999389648438,171.57000732421875,173.0,7036900
2025-02-07,173.16644287109375,174.4600067138672,177.38999938964844,173.17999267578125,175.0,9991300
2025-02-10,177.59336853027344,178.9199981689453,179.99000549316406,174.9199981689453,176.0,7625900
2025-02-11,175.87620544433594,177.19000244140625,179.1199951171875,176.4499969482422,177.6199951171875,6528800
2025-02-12,170.9430389404297,172.22000122070312,174.88999938964844,170.7100067138672,174.88999938964844,7454800
2025-02-13,172.5708770751953,173.86000061035156,174.3800048828125,172.10000610351562,173.0,6421700
2025-02-14,172.86866760253906,174.16000366210938,175.02999877929688,172.80999755859375,174.25,7260900
2025-02-18,178.4668426513672,179.8000030517578,182.24000549316406,176.08999633789062,176.75,11430500
2025-02-19,180.17410278320312,181.52000427246094,181.67999267578125,175.6999969482422,178.5800018310547,8688500
2025-02-20,174.6950225830078,176.0,180.27000427246094,174.42999267578125,179.80999755859375,8737000
2025-02-21,166.5657501220703,167.80999755859375,176.8800048828125,167.5500030517578,176.1199951171875,9713900
2025-02-24,168.69981384277344,169.9600067138672,174.1699981689453,164.66000366210938,173.57000732421875,10639100
2025-02-25,167.2903289794922,168.5399932861328,170.60000610351562,164.44000244140625,169.2899932861328,8316100
2025-02-26,171.19119262695312,172.47000122070312,173.8699951171875,169.1300048828125,170.97999572753906,6915100
2025-02-27,163.53836059570312,164.75999450683594,174.86000061035156,164.5800018310547,173.0,7436800
2025-02-28,164.82872009277344,166.05999755859375,166.14999389648438,160.80999755859375,163.11000061035156,12843300
2025-03-03,160.81869506835938,162.02000427246094,167.1199951171875,161.1300048828125,166.9499969482422,8081800
2025-03-04,156.3024139404297,157.47000122070312,159.75999450683594,153.52000427246094,159.22000122070312,13171900
2025-03-05,160.36207580566406,161.55999755859375,162.49000549316406,157.0500030517578,158.05999755859375,7141000
2025-03-06,149.82083129882812,150.94000244140625,157.16000366210938,149.72999572753906,157.16000366210938,12321200
2025-03-07,154.00955200195312,155.16000366210938,156.47999572753906,148.5,150.6199951171875,12646500
2025-03-10,147.686767578125,148.7899932861328,152.52000427246094,146.8000030517578,150.52999877929688,21486100
2025-03-11,143.1109619140625,144.17999267578125,145.77999877929688,137.6999969482422,143.4199981689453,27200200
2025-03-12,149.77120971679688,150.88999938964844,152.22999572753906,145.00999450683594,146.22999572753906,15373900
2025-03-13,146.56517028808594,147.66000366210938,150.1699981689453,145.47999572753906,149.7899932861328,14187700
2025-03-14,148.1632080078125,149.27000427246094,150.8800048828125,147.8800048828125,148.9199981689453,9330000
2025-03-17,152.86807250976562,154.00999450683594,155.75,150.39999389648438,150.39999389648438,9885000
2025-03-18,148.3418731689453,149.4499969482422,152.4199981689453,148.6300048828125,152.3699951171875,9402500
2025-03-19,151.3196258544922,152.4499969482422,154.07000732421875,150.0,150.05999755859375,6909500
2025-03-20,151.58763122558594,152.72000122070312,154.49000549316406,150.82000732421875,151.5800018310547,7051600
2025-03-21,151.1012725830078,152.22999572753906,153.83999633789062,150.11000061035156,151.64999389648438,17620200
2025-03-24,153.72169494628906,154.8699951171875,156.60000610351562,154.02999877929688,156.33999633789062,7848300
2025-03-25,152.7886505126953,153.92999267578125,155.60000610351562,153.0500030517578,154.50999450683594,8521200
2025-03-26,146.70413208007812,147.8000030517578,153.02999877929688,146.55999755859375,152.88999938964844,13210000
2025-03-27,144.6990966796875,145.77999877929688,147.0399932861328,144.9199981689453,145.85000610351562,9148300
2025-03-28,139.82550048828125,140.8699951171875,145.64999389648438,139.11000061035156,143.77999877929688,13144500
2025-03-31,138.7733612060547,139.80999755859375,140.58999633789062,136.75999450683594,138.63999938964844,15509900
2025-04-01,140.8875732421875,141.94000244140625,143.25,138.75999450683594,139.75999450683594,9518500
2025-04-02,144.7784881591797,145.86000061035156,147.88999938964844,139.86000061035156,139.86000061035156,11594400
2025-04-03,136.2124786376953,137.22999572753906,141.39999389648438,136.63999938964844,139.25,14433800
2025-04-04,127.31892395019531,128.27000427246094,133.82000732421875,126.94999694824219,132.91000366210938,14986900
2025-04-07,126.21715545654297,127.16000366210938,134.11000061035156,118.86000061035156,118.86000061035156,19482700
2025-04-08,123.5768814086914,124.5,132.99000549316406,121.69999694824219,132.5399932861328,11950300
2025-04-09,138.6542510986328,139.69000244140625,140.58999633789062,123.4000015258789,123.4000015258789,17762000
2025-04-10,132.8367462158203,133.35000610351562,136.64999389648438,129.25999450683594,136.64999389648438,12401600
2025-04-11,131.84059143066406,132.35000610351562,133.0,128.83999633789062,132.11000061035156,10190200
2025-04-14,134.12176513671875,134.63999938964844,136.8000030517578,132.8699951171875,136.8000030517578,8217700
2025-04-15,133.42446899414062,133.94000244140625,136.47999572753906,133.72000122070312,134.75999450683594,8630000
2025-04-16,129.26052856445312,129.75999450683594,132.5399932861328,127.8499984741211,132.27999877929688,8295200
2025-04-17,128.12493896484375,128.6199951171875,131.3000030517578,128.44000244140625,130.89999389648438,8925500
2025-04-21,122.34725952148438,122.81999969482422,127.19999694824219,121.23999786376953,126.88999938964844,12201200
2025-04-22,126.750244140625,127.23999786376953,127.98999786376953,123.38999938964844,124.5,11233700
2025-04-23,130.8942413330078,131.39999389648438,135.8699951171875,130.99000549316406,134.91000366210938,9528900
2025-04-24,136.98069763183594,137.50999450683594,137.86000061035156,132.0,132.50999450683594,7305900
2025-04-25,137.95693969726562,138.49000549316406,139.0,136.75999450683594,137.49000549316406,5476400
2025-04-28,139.6005859375,140.13999938964844,140.6699981689453,138.0800018310547,139.64999389648438,6985100
2025-04-29,140.2480926513672,140.7899932861328,141.16000366210938,139.5500030517578,139.80999755859375,4851500
2025-04-30,140.17835998535156,140.72000122070312,141.3000030517578,135.57000732421875,138.47999572753906,9443500
2025-05-01,144.9300079345703,145.49000549316406,148.63999938964844,145.33999633789062,146.55999755859375,11525800
2025-05-02,150.1498260498047,150.72999572753906,153.05999755859375,148.3300018310547,148.3300018310547,11346000
2025-05-05,148.7153778076172,149.2899932861328,150.82000732421875,148.52000427246094,149.44000244140625,5187400
2025-05-06,147.13148498535156,147.6999969482422,148.94000244140625,145.72000122070312,146.97999572753906,5108600
2025-05-07,148.79505920410156,149.3699951171875,149.89999389648438,147.24000549316406,147.5,6049600
2025-05-08,149.7214813232422,150.3000030517578,151.80999755859375,148.61000061035156,149.0500030517578,6113600
2025-05-09,149.76133728027344,150.33999633789062,151.8000030517578,149.7899932861328,150.0399932861328,4707100
2025-05-12,156.61485290527344,157.22000122070312,157.42999267578125,154.4199981689453,156.30999755859375,7875500
2025-05-13,161.64541625976562,162.27000427246094,163.22000122070312,157.57000732421875,158.22000122070312,11955200
2025-05-14,162.32278442382812,162.9499969482422,163.41000366210938,161.05999755859375,162.36000061035156,7499400
2025-05-15,158.7864532470703,159.39999389648438,161.74000549316406,158.91000366210938,161.36000061035156,10169200
2025-05-16,159.8722686767578,160.49000549316406,160.83999633789062,158.52000427246094,160.0,8515500
2025-05-19,159.02552795410156,159.63999938964844,161.97000122070312,157.8300018310547,158.3000030517578,10268900
2025-05-20,159.6929473876953,160.30999755859375,160.36000061035156,157.52999877929688,158.6300048828125,7576400
2025-05-21,156.5749969482422,157.17999267578125,160.89999389648438,156.4600067138672,158.35000610351562,6011000
2025-05-22,156.70449829101562,157.30999755859375,159.19000244140625,156.82000732421875,156.97999572753906,7603300
2025-05-23,155.36965942382812,155.97000122070312,157.3800048828125,154.25999450683594,154.99000549316406,6527500
2025-05-27,161.28680419921875,161.91000366210938,162.39999389648438,158.9199981689453,159.32000732421875,6976800
2025-05-28,163.21932983398438,163.85000610351562,164.32000732421875,161.27999877929688,161.8699951171875,8090700
2025-05-29,162.27297973632812,162.89999389648438,165.32000732421875,161.49000549316406,165.0,6994700
2025-05-30,164.8928680419922,165.52999877929688,165.75,161.5500030517578,163.42999267578125,17547900
2025-06-02,165.92886352539062,166.57000732421875,167.0,162.60000610351562,164.1699981689453,7166000
2025-06-03,168.4889678955078,169.13999938964844,169.3300018310547,166.58999633789062,166.8000030517578,7155300
2025-06-04,167.45298767089844,168.10000610351562,170.47999572753906,167.57000732421875,169.7100067138672,6375800
2025-06-05,170.48126220703125,171.13999938964844,172.25999450683594,168.75999450683594,169.0,7707800
2025-06-06,173.35018920898438,174.02000427246094,174.7899932861328,172.66000366210938,174.0,6833700
2025-06-09,176.4681396484375,177.14999389648438,178.72000122070312,173.7899932861328,174.86000061035156,9668900
2025-06-10,176.79685974121094,177.47999572753906,177.85000610351562,174.27999877929688,177.7100067138672,11056700
2025-06-11,175.70111083984375,176.3800048828125,179.5500030517578,176.1999969482422,177.5500030517578,18002900
2025-06-12,199.09072875976562,199.86000061035156,202.49000549316406,188.8800048828125,189.9600067138672,54610000
2025-06-13,214.39161682128906,215.22000122070312,216.60000610351562,201.1999969482422,201.5800018310547,53707400
2025-06-16,210.28746032714844,211.10000610351562,215.1699981689453,209.97999572753906,213.1999969482422,22665300
2025-06-17,207.37869262695312,208.17999267578125,215.8800048828125,207.47999572753906,210.66000366210938,17819200
2025-06-18,210.05833435058594,210.8699951171875,214.72000122070312,209.57000732421875,211.08999633789062,15055400
2025-06-20,204.38027954101562,205.1699981689453,213.8000030517578,204.63999938964844,213.35000610351562,20879100
2025-06-23,206.2430877685547,207.0399932861328,207.27000427246094,202.5399932861328,205.50999450683594,13418400
2025-06-24,214.44142150878906,215.27000427246094,216.3699951171875,208.5500030517578,209.99000549316406,19030600
2025-06-25,209.90892028808594,210.72000122070312,216.92999267578125,210.22999572753906,214.94000244140625,11804600
2025-06-26,212.0008544921875,212.82000732421875,214.4199981689453,210.36000061035156,212.0,10531100
2025-06-27,209.4307861328125,210.24000549316406,214.64999389648438,209.9600067138672,213.69000244140625,14127500
2025-06-30,217.78848266601562,218.6300048828125,228.22000122070312,218.3800048828125,226.5,31844200
2025-07-01,218.11721801757812,218.9600067138672,223.1699981689453,216.30999755859375,219.3000030517578,16962200
2025-07-02,229.09478759765625,229.97999572753906,231.89999389648438,216.72000122070312,217.67999267578125,22326900
2025-07-03,236.40655517578125,237.32000732421875,237.99000549316406,231.1999969482422,233.22000122070312,18441400
2025-07-07,231.3660125732422,232.25999450683594,235.25,229.5,235.11000061035156,16584300
2025-07-08,233.59739685058594,234.5,241.44000244140625,233.19000244140625,237.1300048828125,20401800
2025-07-09,234.90235900878906,235.80999755859375,236.50999450683594,232.0,235.50999450683594,10871600
2025-07-10,234.5928955078125,235.0,240.05999755859375,233.5,239.94000244140625,11486300
2025-07-11,230.16058349609375,230.55999755859375,234.0,229.8699951171875,231.3699951171875,10208200
2025-07-14,228.8828125,229.27999877929688,230.63999938964844,225.1199951171875,229.4499969482422,11337000
2025-07-15,234.552978515625,234.9600067138672,235.60000610351562,229.1999969482422,232.41000366210938,10728800
2025-07-16,240.88198852539062,241.3000030517578,241.3300018310547,233.19000244140625,235.5,12597500
2025-07-17,248.31907653808594,248.75,251.60000610351562,242.00999450683594,243.33999633789062,17631300
2025-07-18,245.02479553222656,245.4499969482422,249.67999267578125,245.0,248.5,9678100
2025-07-21,243.11810302734375,243.5399932861328,246.8000030517578,243.24000549316406,245.30999755859375,7348400
2025-07-22,237.697509765625,238.11000061035156,242.2899932861328,235.41000366210938,241.97999572753906,11380900
2025-07-23,241.48094177246094,241.89999389648438,243.4199981689453,238.66000366210938,239.9499969482422,7255800
2025-07-24,242.40933227539062,242.8300018310547,244.0800018310547,240.55999755859375,242.41000366210938,8237900
2025-07-25,244.6953582763672,245.1199951171875,245.47000122070312,241.42999267578125,242.33999633789062,7149600
2025-07-28,247.2808837890625,247.7100067138672,247.77999877929688,243.4199981689453,246.0,6756800
2025-07-29,249.54693603515625,249.97999572753906,253.07000732421875,246.58999633789062,248.6999969482422,8415300
2025-07-30,250.16587829589844,250.60000610351562,251.0500030517578,245.60000610351562,248.63999938964844,8441400
2025-07-31,253.33038330078125,253.77000427246094,260.8699951171875,253.32000732421875,255.77000427246094,15548700
2025-08-01,243.99658203125,244.4199981689453,248.41000366210938,242.0,247.8300018310547,12718200
2025-08-04,252.092529296875,252.52999877929688,252.91000366210938,245.89999389648438,245.89999389648438,8614800
2025-08-05,255.22708129882812,255.6699981689453,258.489990234375,251.3699951171875,255.41000366210938,11197300
2025-08-06,255.9857635498047,256.42999267578125,256.8399963378906,251.72000122070312,256.8399963378906,9930200
2025-08-07,248.9579620361328,249.38999938964844,257.760009765625,246.52000427246094,257.7099914550781,11954200
2025-08-08,249.61683654785156,250.0500030517578,250.88999938964844,247.86000061035156,250.02999877929688,8313300
2025-08-11,252.2422637939453,252.67999267578125,254.69000244140625,245.55999755859375,248.39999389648438,9012100
2025-08-12,253.42022705078125,253.86000061035156,257.8699951171875,251.0800018310547,252.5800018310547,9998400
2025-08-13,243.75698852539062,244.17999267578125,257.6700134277344,242.63999938964844,257.1700134277344,14182100
2025-08-14,244.53564453125,244.9600067138672,248.9199981689453,242.57000732421875,244.9499969482422,10285600
2025-08-15,247.84988403320312,248.27999877929688,250.6300048828125,242.92999267578125,246.9199981689453,11554000
2025-08-18,248.63853454589844,249.07000732421875,249.16000366210938,243.6199951171875,246.1999969482422,6759900
2025-08-19,234.2135467529297,234.6199951171875,249.25,232.22999572753906,249.25,16819300
2025-08-20,234.6527862548828,235.05999755859375,235.8800048828125,228.25,232.17999267578125,11256400
2025-08-21,232.75608825683594,233.16000366210938,235.9199981689453,232.42999267578125,233.0500030517578,7403100
2025-08-22,235.9605255126953,236.3699951171875,238.5,231.4600067138672,234.05999755859375,9343600
2025-08-25,235.002197265625,235.41000366210938,239.02999877929688,235.27000427246094,237.35000610351562,6308600
2025-08-26,233.8042755126953,234.2100067138672,236.91000366210938,232.7100067138672,235.0,11805200
2025-08-27,235.4014892578125,235.80999755859375,236.52999877929688,232.67999267578125,235.0,5637600
2025-08-28,239.9036865234375,240.32000732421875,241.9499969482422,235.1199951171875,235.5399932861328,8691500
2025-08-29,225.73826599121094,226.1300048828125,238.22000122070312,223.11000061035156,237.61000061035156,16618600
2025-09-02,224.90969848632812,225.3000030517578,225.4499969482422,218.7899932861328,222.0,10461900
2025-09-03,223.06289672851562,223.4499969482422,225.89999389648438,221.75,225.89999389648438,8900800
2025-09-04,222.6136932373047,223.0,223.57000732421875,219.55999755859375,222.0,10303100
2025-09-05,232.39671325683594,232.8000030517578,234.6199951171875,225.88999938964844,232.5500030517578,15386100
2025-09-08,238.06686401367188,238.47999572753906,242.4199981689453,235.30999755859375,239.88999938964844,18803000
2025-09-09,241.09161376953125,241.50999450683594,243.49000549316406,234.55999755859375,239.94000244140625,41178700
2025-09-10,327.7611999511719,328.3299865722656,345.7200012207031,312.0899963378906,319.19000244140625,131618100
2025-09-11,307.32666015625,307.8599853515625,331.0,304.6000061035156,330.3399963378906,69986000
2025-09-12,291.673828125,292.17999267578125,307.9700012207031,291.75,305.7900085449219,51781900
2025-09-15,301.6166076660156,302.1400146484375,307.0299987792969,297.2900085449219,306.45001220703125,40004000
2025-09-16,306.1187744140625,306.6499938964844,319.9700012207031,302.2699890136719,314.05999755859375,51923300
2025-09-17,300.8878479003906,301.4100036621094,308.6600036621094,295.0299987792969,307.69000244140625,27707900
2025-09-18,296.10614013671875,296.6199951171875,303.82000732421875,292.0,303.0400085449219,24673100
2025-09-19,308.12530517578125,308.6600036621094,311.1099853515625,297.32000732421875,299.0,40776200
2025-09-22,327.5815124511719,328.1499938964844,329.5,306.9200134277344,309.6300048828125,44437500
2025-09-23,313.28631591796875,313.8299865722656,325.0,310.04998779296875,324.0,35280200
2025-09-24,307.9256286621094,308.4599914550781,312.4700012207031,300.0299987792969,311.8599853515625,33765300
2025-09-25,290.8252868652344,291.3299865722656,298.75,288.54998779296875,295.2699890136719,39274900
2025-09-26,282.96893310546875,283.4599914550781,294.0,283.0,293.0,25990700
2025-09-29,282.2701721191406,282.760009765625,285.9800109863281,279.6099853515625,284.6000061035156,25778500
2025-09-30,280.7527770996094,281.239990234375,284.0,275.8999938964844,283.69000244140625,23880800
2025-10-01,288.50933837890625,289.010009765625,289.989990234375,277.8800048828125,278.79998779296875,23378300
2025-10-02,288.27972412109375,288.7799987792969,294.9700012207031,286.04998779296875,291.79998779296875,16215500
2025-10-03,285.6443176269531,286.1400146484375,294.6400146484375,284.0,289.6000061035156,13688400
2025-10-06,291.0848693847656,291.5899963378906,296.67999267578125,290.79998779296875,292.3800048828125,14076800
2025-10-07,283.7475891113281,284.239990234375,293.2200012207031,271.0,293.2200012207031,31723400
2025-10-08,288.1300048828125,288.6300048828125,291.5299987792969,283.6000061035156,285.4200134277344,18982100
2025-10-09,296.9599914550781,296.9599914550781,300.9700012207031,287.260009765625,291.54998779296875,26479800
2025-10-10,292.9599914550781,292.9599914550781,307.7200012207031,292.010009765625,300.2799987792969,28895300
2025-10-13,308.010009765625,308.010009765625,310.70001220703125,297.739990234375,298.70001220703125,21703700
2025-10-14,299.0,299.0,304.4200134277344,291.9800109863281,303.57000732421875,17346200
2025-10-15,303.6199951171875,303.6199951171875,311.010009765625,298.9200134277344,304.8999938964844,13698900
2025-10-16,313.0,313.0,322.5400085449219,303.07000732421875,305.6000061035156,32500900
2025-10-17,291.30999755859375,291.30999755859375,304.2799987792969,287.5,303.75,37653000
2025-10-20,277.17999267578125,277.17999267578125,289.239990234375,275.30999755859375,288.95001220703125,32810700
2025-10-21,275.1499938964844,275.1499938964844,280.29998779296875,272.260009765625,278.1099853515625,18370800
2025-10-22,272.6600036621094,272.6600036621094,277.20001220703125,269.25,274.82000732421875,16474000
2025-10-23,280.07000732421875,280.07000732421875,283.1000061035156,272.3900146484375,272.9599914550781,16872200
2025-10-24,283.3299865722656,283.3299865722656,287.19000244140625,282.25,285.9200134277344,13194900
2025-10-27,281.3999938964844,281.3999938964844,287.0,279.80999755859375,286.57000732421875,13855800
2025-10-28,280.8299865722656,280.8299865722656,285.4599914550781,280.5400085449219,283.0,12448500
2025-10-29,275.29998779296875,275.29998779296875,281.6199951171875,271.3500061035156,281.4599914550781,18007100
2025-10-30,256.8900146484375,256.8900146484375,269.760009765625,256.2799987792969,268.739990234375,27954200
2025-10-31,262.6099853515625,262.6099853515625,265.80999755859375,256.7099914550781,259.510009765625,16898700
2025-11-03,257.8500061035156,257.8500061035156,265.6199951171875,255.22999572753906,265.239990234375,15709200
2025-11-05,252.3105010986328,252.3105010986328,252.36000061035156,247.02999877929688,247.91000366210938,7388058
